variant.id;id;sku;title;price;product_id;title.1;totalInventory;totalVariants;mediaCount;sku_2
gid://shopify/ProductVariant/46330657636647;gid://shopify/ProductVariant/46330657636647;BR04014T;P;17000.0;gid://shopify/Product/8572968665383;Brinco 15 Anos De Ouro Branco 18K E Diamante - P;5;1;2;BR04014T
gid://shopify/ProductVariant/46331458519335;gid://shopify/ProductVariant/46331458519335;BR04027T;P;10900.0;gid://shopify/Product/8573060383015;Brinco 15 Anos De Ouro Branco 18K Com Ródio Negro E Diamante Negro - P;5;1;1;BR04027T
gid://shopify/ProductVariant/46331464122663;gid://shopify/ProductVariant/46331464122663;BR05117T;P;12600.0;gid://shopify/Product/8573061038375;Brinco 15 Anos De Ouro Branco 18K Com Ródio Negro E Diamante - P;5;1;1;BR05117T
gid://shopify/ProductVariant/46332840935719;gid://shopify/ProductVariant/46332840935719;BR05813T;G;12500.0;gid://shopify/Product/8573252272423;Brinco Avantgarde De Ouro Branco 18K Com Ródio Negro E Diamante;5;1;2;BR05813T
gid://shopify/ProductVariant/46332847554855;gid://shopify/ProductVariant/46332847554855;BR05812T;G;15200.0;gid://shopify/Product/8573252960551;Brinco Avantgarde De Ouro Branco 18K E Diamante;5;1;2;BR05812T
gid://shopify/ProductVariant/46334669095207;gid://shopify/ProductVariant/46334669095207;BR06283T;M;4300.0;gid://shopify/Product/8573441868071;Brinco Black Leopardo De Prata Com Ródio Negro - M;0;1;3;BR06283T
gid://shopify/ProductVariant/46334858985767;gid://shopify/ProductVariant/46334858985767;BR05938T;Default Title;3700.0;gid://shopify/Product/8573469491495;Brinco Blossom De Prata Com Ouro Amarelo E Safira;5;1;2;BR05938T
gid://shopify/ProductVariant/46334867767591;gid://shopify/ProductVariant/46334867767591;BR05937T;Default Title;3500.0;gid://shopify/Product/8573470703911;Brinco Blossom De Prata Com Ródio Negro E Safira;5;1;2;BR05937T
gid://shopify/ProductVariant/46335058542887;gid://shopify/ProductVariant/46335058542887;BR06373T;Default Title;78000.0;gid://shopify/Product/8573490659623;Brinco Celebrate De Ouro Amarelo 18K E Diamante;5;1;2;BR06373T
gid://shopify/ProductVariant/46335063916839;gid://shopify/ProductVariant/46335063916839;BR06375T;Default Title;59000.0;gid://shopify/Product/8573491052839;Brinco Celebrate De Ouro Amarelo 18K E Diamante;5;1;3;BR06375T
gid://shopify/ProductVariant/46335077777703;gid://shopify/ProductVariant/46335077777703;BR06380T;Default Title;14000.0;gid://shopify/Product/8573492298023;Brinco Celebrate De Ouro Amarelo 18K E Diamante;5;1;2;BR06380T
gid://shopify/ProductVariant/46335086264615;gid://shopify/ProductVariant/46335086264615;BR06387T;Default Title;9100.0;gid://shopify/Product/8573492986151;Brinco Celebrate De Ouro Amarelo 18K E Diamante;5;1;2;BR06387T
gid://shopify/ProductVariant/46335104123175;gid://shopify/ProductVariant/46335104123175;BR06372T;Default Title;89000.0;gid://shopify/Product/8573494559015;Brinco Celebrate De Ouro Branco 18K E Diamante;5;1;3;BR06372T
gid://shopify/ProductVariant/46335110545703;gid://shopify/ProductVariant/46335110545703;BR06376T;Default Title;38000.0;gid://shopify/Product/8573495181607;Brinco Celebrate De Ouro Branco 18K E Diamante;5;1;2;BR06376T
gid://shopify/ProductVariant/46335125422375;gid://shopify/ProductVariant/46335125422375;PI01465;Default Title;78000.0;gid://shopify/Product/8573496361255;Pingente Celebrate De Ouro Amarelo 18K E Esmeralda;0;1;1;PI01465
gid://shopify/ProductVariant/46336093389095;gid://shopify/ProductVariant/46336093389095;BR05604T;Default Title;6200.0;gid://shopify/Product/8573577593127;Brinco Chain Lovers De Ouro Branco 18K E Diamante;5;1;3;BR05604T
gid://shopify/ProductVariant/46336096796967;gid://shopify/ProductVariant/46336096796967;BR05777T;Default Title;12000.0;gid://shopify/Product/8573577920807;Piercing Chain Lovers De Ouro Branco 18K Com Ródio Negro E Diamante;5;1;3;BR05777T
gid://shopify/ProductVariant/46336104169767;gid://shopify/ProductVariant/46336104169767;BR05779T;Default Title;6500.0;gid://shopify/Product/8573578608935;Piercing Chain Lovers De Ouro Branco 18K Com Ródio Negro E Esmeralda;5;1;3;BR05779T
gid://shopify/ProductVariant/46336121569575;gid://shopify/ProductVariant/46336121569575;CL01443;Default Title;20900.0;gid://shopify/Product/8573579919655;Colar Choker De Ouro Amarelo 18K;5;1;2;CL01443
gid://shopify/ProductVariant/46336133431591;gid://shopify/ProductVariant/46336133431591;CL01447;Default Title;33000.0;gid://shopify/Product/8573581000999;Colar Choker De Ouro Branco 18K Com Ródio Negro E Diamante;0;1;2;CL01447
gid://shopify/ProductVariant/46336139165991;gid://shopify/ProductVariant/46336139165991;CL01451;Default Title;5200.0;gid://shopify/Product/8573581656359;Colar Choker De Ouro Branco 18K Com Ródio Negro E Diamante;5;1;2;CL01451
gid://shopify/ProductVariant/46336139264295;gid://shopify/ProductVariant/46336139264295;CL03641;Default Title;5200.0;gid://shopify/Product/8573581787431;Colar Choker De Ouro Branco 18K Com Ródio Negro E Rubi;5;1;2;CL03641
gid://shopify/ProductVariant/46336139559207;gid://shopify/ProductVariant/46336139559207;CL03643;Default Title;5200.0;gid://shopify/Product/8573581918503;Colar Choker De Ouro Branco 18K Com Ródio Negro E Safira;5;1;2;CL03643
gid://shopify/ProductVariant/46336139657511;gid://shopify/ProductVariant/46336139657511;CL03645;Default Title;5500.0;gid://shopify/Product/8573582016807;Colar Choker De Ouro Branco 18K Com Ródio Negro E Diamante Negro;5;1;2;CL03645
gid://shopify/ProductVariant/46336140837159;gid://shopify/ProductVariant/46336140837159;CL01438;Default Title;32000.0;gid://shopify/Product/8573582213415;Colar Choker De Ouro Branco 18K E Diamante;5;1;2;CL01438
gid://shopify/ProductVariant/46336178258215;gid://shopify/ProductVariant/46336178258215;BR05649T;Default Title;14500.0;gid://shopify/Product/8573585326375;Brinco Ear Cuff Deco 2019 De Ouro Amarelo 18K E Diamante;5;1;2;BR05649T
gid://shopify/ProductVariant/46336182747431;gid://shopify/ProductVariant/46336182747431;BR05642T;Default Title;14900.0;gid://shopify/Product/8573585621287;Brinco Ear Cuff Deco 2019 De Ouro Branco 18K E Diamante;5;1;2;BR05642T
gid://shopify/ProductVariant/46336185958695;gid://shopify/ProductVariant/46336185958695;BR05650T;Default Title;23000.0;gid://shopify/Product/8573585883431;Brinco Ear Cuff Deco 2019 De Ouro Branco 18K E Diamante;5;1;2;BR05650T
gid://shopify/ProductVariant/46336250675495;gid://shopify/ProductVariant/46336250675495;CL01000;Default Title;3400.0;gid://shopify/Product/8573592142119;Colar Clássico De Ouro Branco 18K Com Ródio Negro E Diamante Negro;5;1;2;CL01000
gid://shopify/ProductVariant/46336255263015;gid://shopify/ProductVariant/46336255263015;CL00016;Default Title;1800.0;gid://shopify/Product/8573592699175;Corrente Clássico De Ouro Amarelo 18K;5;1;3;CL00016
gid://shopify/ProductVariant/46336256606503;gid://shopify/ProductVariant/46336256606503;CO01314;Default Title;2300.0;gid://shopify/Product/8573592895783;Corrente Clássico De Ouro Amarelo 18K;5;1;3;CO01314
gid://shopify/ProductVariant/46336259391783;gid://shopify/ProductVariant/46336259391783;CO01312;Default Title;2300.0;gid://shopify/Product/8573593190695;Corrente Clássico De Ouro Branco 18K Com Ródio Negro;5;1;0;CO01312
gid://shopify/ProductVariant/46336266240295;gid://shopify/ProductVariant/46336266240295;BR02212T;Default Title;2300.0;gid://shopify/Product/8573594140967;Piercing Clássico De Ouro Amarelo 18K E Diamante;5;1;3;BR02212T
gid://shopify/ProductVariant/46336269386023;gid://shopify/ProductVariant/46336269386023;PU01293T;Default Title;21800.0;gid://shopify/Product/8573594796327;Pulseira Clássico De Ouro Branco 18K Com Ródio Negro E Rubi;5;1;2;PU01293T
gid://shopify/ProductVariant/46336276201767;gid://shopify/ProductVariant/46336276201767;PU01552T;Default Title;1500.0;gid://shopify/Product/8573595549991;Pulseira Clássico De Ouro Rosa 18K E Safira;5;1;2;PU01552T
gid://shopify/ProductVariant/46336296485159;gid://shopify/ProductVariant/46336296485159;BR04857T;Default Title;1600.0;gid://shopify/Product/8573597647143;Brinco Especial De Ouro Amarelo 18K E Esmeralda;5;1;2;BR04857T
gid://shopify/ProductVariant/46336303038759;gid://shopify/ProductVariant/46336303038759;BR06513T;Default Title;18900.0;gid://shopify/Product/8573598368039;Brinco Especial De Ouro Branco 18K Com Ródio Negro E Esmeralda;0;1;1;BR06513T
gid://shopify/ProductVariant/46336308347175;gid://shopify/ProductVariant/46336308347175;BR04223T;Default Title;12400.0;gid://shopify/Product/8573598957863;Brinco Especial De Ouro Branco 18K E Diamante Negro;5;1;0;BR04223T
gid://shopify/ProductVariant/46336312607015;gid://shopify/ProductVariant/46336312607015;PU02059T;Default Title;140000.0;gid://shopify/Product/8573599711527;Pulseira Especial De Ouro Branco 18K E Diamante;0;1;1;PU02059T
gid://shopify/ProductVariant/46336406257959;gid://shopify/ProductVariant/46336406257959;BR06041T;Default Title;10500.0;gid://shopify/Product/8573608886567;Brinco Especial De Ouro Branco 18K E Diamante Solitário;5;1;3;BR06041T
gid://shopify/ProductVariant/46336406847783;gid://shopify/ProductVariant/46336406847783;BR06042T;Default Title;16800.0;gid://shopify/Product/8573609017639;Brinco Especial De Ouro Branco 18K E Diamante Solitário;5;1;3;BR06042T
gid://shopify/ProductVariant/46336409796903;gid://shopify/ProductVariant/46336409796903;CL04441;Default Title;5950.0;gid://shopify/Product/8573609476391;Colar Especial De Ouro Branco 18K E Diamante Solitário;5;1;2;CL04441
gid://shopify/ProductVariant/46336411205927;gid://shopify/ProductVariant/46336411205927;CL04443;Default Title;11000.0;gid://shopify/Product/8573609705767;Colar Especial De Ouro Branco 18K E Diamante Solitário;5;1;2;CL04443
gid://shopify/ProductVariant/46336427295015;gid://shopify/ProductVariant/46336427295015;CL04328;Default Title;39000.0;gid://shopify/Product/8573611573543;Colar Especial De Ouro Amarelo E Branco 18K E Diamante Fancy;0;1;1;CL04328
gid://shopify/ProductVariant/46336489095463;gid://shopify/ProductVariant/46336489095463;BR06473T;Default Title;57000.0;gid://shopify/Product/8573617799463;Brinco Ear Cuff Eterna Rock De Ouro Branco 18K Com Ródio Negro E Safira;0;1;1;BR06473T
gid://shopify/ProductVariant/46336525238567;gid://shopify/ProductVariant/46336525238567;BR03582T;Default Title;44000.0;gid://shopify/Product/8573625237799;Brinco Gala De Ouro Branco 18K Com Ródio Negro E Diamante;0;1;1;BR03582T
gid://shopify/ProductVariant/46336529334567;gid://shopify/ProductVariant/46336529334567;BR02064T;Default Title;8400.0;gid://shopify/Product/8573626286375;Brinco Galeria De Ouro Amarelo 18K;5;1;2;BR02064T
gid://shopify/ProductVariant/46336537592103;gid://shopify/ProductVariant/46336537592103;CO0866;M;5700.0;gid://shopify/Product/8573628252455;Colar Algema De Ouro Amarelo 18K E Diamante - M;5;1;4;CO0866
gid://shopify/ProductVariant/46336537854247;gid://shopify/ProductVariant/46336537854247;CL00098;M;4800.0;gid://shopify/Product/8573628481831;Colar Algema De Ouro Branco 18K Com Ródio Negro E Diamante - M;4;1;2;CL00098
gid://shopify/ProductVariant/46336653000999;gid://shopify/ProductVariant/46336653000999;BR04822T;Default Title;17800.0;gid://shopify/Product/8573650043175;Brinco Love Ny De Ouro Amarelo 18K E Diamante;5;1;2;BR04822T
gid://shopify/ProductVariant/46336654967079;gid://shopify/ProductVariant/46336654967079;BR04824T;Default Title;10500.0;gid://shopify/Product/8573650239783;Brinco Ear Cuff Love Ny De Ouro Amarelo 18K;5;1;2;BR04824T
gid://shopify/ProductVariant/46336656113959;gid://shopify/ProductVariant/46336656113959;BR04833T;Default Title;21000.0;gid://shopify/Product/8573650436391;Brinco Ear Cuff Love Ny De Ouro Amarelo 18K;5;1;2;BR04833T
gid://shopify/ProductVariant/46336657981735;gid://shopify/ProductVariant/46336657981735;BR04845T;Default Title;14500.0;gid://shopify/Product/8573650796839;Brinco Love Ny De Ouro Amarelo 18K E Diamante;5;1;2;BR04845T
gid://shopify/ProductVariant/46336660963623;gid://shopify/ProductVariant/46336660963623;BR04820T;Default Title;16000.0;gid://shopify/Product/8573651681575;Brinco Love Ny De Ouro Branco 18K E Diamante;5;1;2;BR04820T
gid://shopify/ProductVariant/46336666075431;gid://shopify/ProductVariant/46336666075431;BR04852T;Default Title;23000.0;gid://shopify/Product/8573652861223;Brinco Ear Cuff Love Ny De Ouro Branco 18K E Diamante;5;1;2;BR04852T
gid://shopify/ProductVariant/46336667812135;gid://shopify/ProductVariant/46336667812135;CL03693;Default Title;35000.0;gid://shopify/Product/8573653123367;Colar Love Ny De Ouro Amarelo 18K;5;1;2;CL03693
gid://shopify/ProductVariant/46336673612071;gid://shopify/ProductVariant/46336673612071;CL03712;Default Title;51000.0;gid://shopify/Product/8573654499623;Colar Love NY De Ouro Branco 18K E Diamante;5;1;2;CL03712
gid://shopify/ProductVariant/46336675283239;gid://shopify/ProductVariant/46336675283239;CL03716;M;22000.0;gid://shopify/Product/8573654860071;Colar Love NY De Ouro Branco 18K E Diamante;5;3;2;CL03716
gid://shopify/ProductVariant/46355364610343;gid://shopify/ProductVariant/46355364610343;BR05260T;Default Title;6900.0;gid://shopify/Product/8577717993767;Brinco Lifestyle De Ouro Amarelo 18K;5;1;2;BR05260T
gid://shopify/ProductVariant/46355364806951;gid://shopify/ProductVariant/46355364806951;BR05271T;Default Title;9500.0;gid://shopify/Product/8577718190375;Brinco Lifestyle De Ouro Amarelo 18K;5;1;2;BR05271T
gid://shopify/ProductVariant/46355365265703;gid://shopify/ProductVariant/46355365265703;BR05257T;Default Title;10200.0;gid://shopify/Product/8577718583591;Brinco Ear Cuff Lifestyle De Ouro Branco 18K Com Ródio Negro E Diamante;0;1;2;BR05257T
gid://shopify/ProductVariant/46355365364007;gid://shopify/ProductVariant/46355365364007;BR05258T;Default Title;10500.0;gid://shopify/Product/8577718681895;Brinco Lifestyle De Ouro Branco 18K Com Ródio Negro E Diamante E Esmeralda;5;1;2;BR05258T
gid://shopify/ProductVariant/46355366117671;gid://shopify/ProductVariant/46355366117671;BR05262T;Default Title;8700.0;gid://shopify/Product/8577719206183;Brinco Lifestyle De Ouro Branco 18K Com Ródio Negro E Diamante;5;1;2;BR05262T
gid://shopify/ProductVariant/46355366543655;gid://shopify/ProductVariant/46355366543655;BR05268T;G;25800.0;gid://shopify/Product/8577719370023;Brinco Lifestyle De Ouro Branco 18K Com Ródio Negro E Diamante - G;0;1;2;BR05268T
gid://shopify/ProductVariant/46355367067943;gid://shopify/ProductVariant/46355367067943;BR05392T;Default Title;9250.0;gid://shopify/Product/8577719632167;Brinco Lifestyle De Ouro Branco 18K Com Ródio Negro E Diamante Negro;5;1;2;BR05392T
gid://shopify/ProductVariant/46355367231783;gid://shopify/ProductVariant/46355367231783;BR05256T;Default Title;14500.0;gid://shopify/Product/8577719828775;Brinco Ear Cuff Lifestyle De Ouro Branco 18K E Diamante;0;1;2;BR05256T
gid://shopify/ProductVariant/46355367297319;gid://shopify/ProductVariant/46355367297319;BR05259T;P;24000.0;gid://shopify/Product/8577719861543;Brinco Lifestyle De Ouro Branco 18K E Diamante - P;5;1;2;BR05259T
gid://shopify/ProductVariant/46355367330087;gid://shopify/ProductVariant/46355367330087;BR05261T;Default Title;9900.0;gid://shopify/Product/8577719894311;Brinco Lifestyle De Ouro Branco 18K E Diamante;5;1;2;BR05261T
gid://shopify/ProductVariant/46355367624999;gid://shopify/ProductVariant/46355367624999;BR05264T;P;22200.0;gid://shopify/Product/8577719992615;Brinco Lifestyle De Ouro Branco 18K E Diamante - P;0;1;2;BR05264T
gid://shopify/ProductVariant/46355368182055;gid://shopify/ProductVariant/46355368182055;BR05267T;G;31000.0;gid://shopify/Product/8577720156455;Brinco Lifestyle De Ouro Branco 18K E Diamante - G;0;1;2;BR05267T
gid://shopify/ProductVariant/46355369165095;gid://shopify/ProductVariant/46355369165095;BR05282T;Default Title;3200.0;gid://shopify/Product/8577720746279;Piercing Lifestyle De Ouro Branco 18K E Diamante;0;1;2;BR05282T
gid://shopify/ProductVariant/46355371950375;gid://shopify/ProductVariant/46355371950375;BR04381T;Default Title;1950.0;gid://shopify/Product/8577722679591;Brinco Orquidea De Prata Com Ródio Negro E Diamante;5;1;2;BR04381T
gid://shopify/ProductVariant/46355372081447;gid://shopify/ProductVariant/46355372081447;BR04384T;Default Title;3800.0;gid://shopify/Product/8577722777895;Brinco Orquidea De Prata Com Ródio Negro E Diamante;5;1;2;BR04384T
gid://shopify/ProductVariant/46355372966183;gid://shopify/ProductVariant/46355372966183;CL01318;Default Title;6900.0;gid://shopify/Product/8577723007271;Colar Orquidea De Prata Com Ouro Rosa E Diamante;5;1;2;CL01318
gid://shopify/ProductVariant/46355373031719;gid://shopify/ProductVariant/46355373031719;PU01661T;M;4850.0;gid://shopify/Product/8577723072807;Pulseira Orquidea De Prata Com Ouro Rosa E Diamante;5;3;2;PU01661T
gid://shopify/ProductVariant/46355374276903;gid://shopify/ProductVariant/46355374276903;PU01655T;M;4400.0;gid://shopify/Product/8577723334951;Pulseira Orquidea De Prata Com Ródio Negro E Diamante;5;2;2;PU01655T
gid://shopify/ProductVariant/46355394625831;gid://shopify/ProductVariant/46355394625831;CL04199;Default Title;6300.0;gid://shopify/Product/8577729855783;Colar Piscine De Ouro Branco 18K Com Ródio Negro E Diamante;0;1;2;CL04199
gid://shopify/ProductVariant/46355394920743;gid://shopify/ProductVariant/46355394920743;PU01808T;Default Title;1700.0;gid://shopify/Product/8577730150695;Pulseira Piscine De Ouro Amarelo 18K;5;1;3;PU01808T
gid://shopify/ProductVariant/46355414450471;gid://shopify/ProductVariant/46355414450471;BR03453T;Default Title;3800.0;gid://shopify/Product/8577738015015;Brinco Tlj De Ouro Amarelo 18K E Diamante;5;1;1;BR03453T
gid://shopify/ProductVariant/46355414614311;gid://shopify/ProductVariant/46355414614311;BR02140T;Default Title;3800.0;gid://shopify/Product/8577738178855;Brinco Tlj De Ouro Branco 18K E Diamante;5;1;2;BR02140T
gid://shopify/ProductVariant/46355414712615;gid://shopify/ProductVariant/46355414712615;BR01992T;Default Title;3800.0;gid://shopify/Product/8577738277159;Brinco Tlj De Ouro Rosa 18K E Diamante;5;1;1;BR01992T
gid://shopify/ProductVariant/46355414941991;gid://shopify/ProductVariant/46355414941991;CL01040;Default Title;4200.0;gid://shopify/Product/8577738506535;Colar Tlj De Ouro Amarelo 18K E Diamante;5;1;3;CL01040
gid://shopify/ProductVariant/46355448955175;gid://shopify/ProductVariant/46355448955175;BR06452T;P;8200.0;gid://shopify/Product/8577750237479;Piercing Savage De Ouro Branco 18K E Diamante - P;5;1;1;BR06452T
gid://shopify/ProductVariant/46355449151783;gid://shopify/ProductVariant/46355449151783;BR06454T;M;10800.0;gid://shopify/Product/8577750368551;Piercing Savage De Ouro Branco 18K E Diamante - M;5;1;1;BR06454T
gid://shopify/ProductVariant/46355451805991;gid://shopify/ProductVariant/46355451805991;BR04915T;Default Title;17000.0;gid://shopify/Product/8577751384359;Brinco Ear Cuff Voyeur De Ouro Branco 18K Com Ródio Negro E Diamante Negro;5;1;3;BR04915T
gid://shopify/ProductVariant/46355451937063;gid://shopify/ProductVariant/46355451937063;BR04917T;Default Title;76000.0;gid://shopify/Product/8577751515431;Brinco Voyeur De Ouro Branco 18K Com Ródio Negro E Diamante;5;1;2;BR04917T
gid://shopify/ProductVariant/46355452002599;gid://shopify/ProductVariant/46355452002599;BR04918T;Default Title;37000.0;gid://shopify/Product/8577751580967;Brinco Voyeur De Ouro Branco 18K Com Ródio Negro E Diamante Negro;5;1;2;BR04918T
gid://shopify/ProductVariant/46355452166439;gid://shopify/ProductVariant/46355452166439;BR04924T;Default Title;28000.0;gid://shopify/Product/8577751744807;Brinco Voyeur De Ouro Branco 18K Com Ródio Negro E Diamante E Safira;5;1;3;BR04924T
gid://shopify/ProductVariant/46355452264743;gid://shopify/ProductVariant/46355452264743;BR04925T;Default Title;28000.0;gid://shopify/Product/8577751843111;Brinco Voyeur De Ouro Branco 18K Com Ródio Negro E Diamante E Esmeralda;5;1;2;BR04925T
gid://shopify/ProductVariant/46355452625191;gid://shopify/ProductVariant/46355452625191;BR04916T;Default Title;99000.0;gid://shopify/Product/8577752105255;Brinco Voyeur De Ouro Branco 18K E Diamante;5;1;2;BR04916T
gid://shopify/ProductVariant/46355452690727;gid://shopify/ProductVariant/46355452690727;BR04922T;Default Title;33000.0;gid://shopify/Product/8577752170791;Brinco Ear Cuff Voyeur De Ouro Branco 18K E Diamante E Safira;5;1;3;BR04922T
gid://shopify/ProductVariant/46355452821799;gid://shopify/ProductVariant/46355452821799;BR04923T;Default Title;33000.0;gid://shopify/Product/8577752301863;Brinco Ear Cuff Voyeur De Ouro Branco 18K E Diamante E Esmeralda;5;1;3;BR04923T
gid://shopify/ProductVariant/46355453640999;gid://shopify/ProductVariant/46355453640999;CL03837;Default Title;57000.0;gid://shopify/Product/8577752400167;Colar Voyeur De Ouro Branco 18K Com Ródio Negro E Diamante;5;1;2;CL03837
gid://shopify/ProductVariant/46355453772071;gid://shopify/ProductVariant/46355453772071;CL03838;Default Title;31000.0;gid://shopify/Product/8577752531239;Colar Voyeur De Ouro Branco 18K Com Ródio Negro E Diamante Negro;5;1;2;CL03838
gid://shopify/ProductVariant/46355454099751;gid://shopify/ProductVariant/46355454099751;CL03832;Default Title;67000.0;gid://shopify/Product/8577752695079;Colar Voyeur De Ouro Branco 18K E Diamante;5;1;2;CL03832
gid://shopify/ProductVariant/46355454394663;gid://shopify/ProductVariant/46355454394663;PU01704T;M;29000.0;gid://shopify/Product/8577752891687;Pulseira Voyeur De Ouro Branco 18K Com Ródio Negro E Diamante - M;5;1;2;PU01704T
gid://shopify/ProductVariant/46355455148327;gid://shopify/ProductVariant/46355455148327;PU01705T;M;19000.0;gid://shopify/Product/8577752989991;Pulseira Voyeur De Ouro Branco 18K Com Ródio Negro E Diamante Negro - M;5;1;2;PU01705T
gid://shopify/ProductVariant/46355473727783;gid://shopify/ProductVariant/46355473727783;BR03065T;Default Title;10400.0;gid://shopify/Product/8577761902887;Brinco Ear Cuff Universo De Ouro Branco 18K Com Ródio Negro E Safira;5;1;2;BR03065T
gid://shopify/ProductVariant/46355477201191;gid://shopify/ProductVariant/46355477201191;BR03067T;Default Title;10400.0;gid://shopify/Product/8577762099495;Brinco Ear Cuff Universo De Ouro Branco 18K Com Ródio Negro E Rubi;5;1;2;BR03067T
gid://shopify/ProductVariant/46355478184231;gid://shopify/ProductVariant/46355478184231;BR04906T;Default Title;28000.0;gid://shopify/Product/8577763016999;Brinco Ear Cuff Universo De Ouro Branco 18K E Diamante;5;1;2;BR04906T
gid://shopify/ProductVariant/46355491062055;gid://shopify/ProductVariant/46355491062055;CL04260;G;8500.0;gid://shopify/Product/8577767571751;Colar Whitechain De Prata Com Ouro Branco - G;0;1;2;CL04260
gid://shopify/ProductVariant/46355492077863;gid://shopify/ProductVariant/46355492077863;BR06050T;G;14500.0;gid://shopify/Product/8577768390951;Brinco We Love Sapphire De Ouro Amarelo 18K E Safira - G;0;1;3;BR06050T
gid://shopify/ProductVariant/46355492471079;gid://shopify/ProductVariant/46355492471079;BR06051T;P;14800.0;gid://shopify/Product/8577768489255;Brinco Ear Cuff We Love Sapphire De Ouro Amarelo 18K E Diamante - P;5;1;2;BR06051T
gid://shopify/ProductVariant/46355494633767;gid://shopify/ProductVariant/46355494633767;BR06063T;P;8500.0;gid://shopify/Product/8577769079079;Brinco Ear Cuff We Love Sapphire De Ouro Branco 18K Com Ródio Negro E Safira - P;5;1;2;BR06063T
gid://shopify/ProductVariant/46355494764839;gid://shopify/ProductVariant/46355494764839;BR06064T;P;13800.0;gid://shopify/Product/8577769177383;Brinco Ear Cuff We Love Sapphire De Ouro Branco 18K Com Ródio Negro E Diamante - P;5;1;2;BR06064T
gid://shopify/ProductVariant/46355494961447;gid://shopify/ProductVariant/46355494961447;BR06069T;P;7200.0;gid://shopify/Product/8577769373991;Brinco We Love Sapphire De Ouro Branco 18K Com Ródio Negro E Safira - P;5;1;2;BR06069T
gid://shopify/ProductVariant/46355498303783;gid://shopify/ProductVariant/46355498303783;BR06070T;P;9500.0;gid://shopify/Product/8577769537831;Brinco We Love Sapphire De Ouro Branco 18K Com Ródio Negro E Diamante - P;5;1;3;BR06070T
gid://shopify/ProductVariant/46355498696999;gid://shopify/ProductVariant/46355498696999;BR06072T;G;14500.0;gid://shopify/Product/8577769734439;Brinco We Love Sapphire De Ouro Branco 18K Com Ródio Negro E Safira - G;5;1;3;BR06072T
gid://shopify/ProductVariant/46355502170407;gid://shopify/ProductVariant/46355502170407;BR06073T;G;14500.0;gid://shopify/Product/8577769898279;Brinco We Love Sapphire De Ouro Branco 18K Com Ródio Negro E Safira - G;5;1;3;BR06073T
gid://shopify/ProductVariant/46355502530855;gid://shopify/ProductVariant/46355502530855;BR06074T;G;21500.0;gid://shopify/Product/8577770094887;Brinco We Love Sapphire De Ouro Branco 18K Com Ródio Negro E Diamante - G;5;1;3;BR06074T
gid://shopify/ProductVariant/46355502694695;gid://shopify/ProductVariant/46355502694695;BR06105T;G;9500.0;gid://shopify/Product/8577770258727;Brinco Ear Cuff We Love Sapphire De Ouro Branco 18K Com Ródio Negro E Safira - G;5;1;1;BR06105T
gid://shopify/ProductVariant/46355502891303;gid://shopify/ProductVariant/46355502891303;BR06056T;G;9500.0;gid://shopify/Product/8577770455335;Brinco Ear Cuff We Love Sapphire De Ouro Rosa 18K E Safira - G;5;1;2;BR06056T
gid://shopify/ProductVariant/46355503382823;gid://shopify/ProductVariant/46355503382823;BR06058T;G;14500.0;gid://shopify/Product/8577770848551;Brinco We Love Sapphire De Ouro Rosa 18K E Safira - G;5;1;3;BR06058T
gid://shopify/ProductVariant/46355503513895;gid://shopify/ProductVariant/46355503513895;BR06059T;Default Title;13800.0;gid://shopify/Product/8577770979623;Brinco Ear Cuff We Love Sapphire De Ouro Rosa 18K E Diamante;5;1;2;BR06059T
gid://shopify/ProductVariant/46355505643815;gid://shopify/ProductVariant/46355505643815;BR06071T;G;21500.0;gid://shopify/Product/8577771307303;Brinco We Love Sapphire De Ouro Rosa 18K E Diamante - G;5;1;3;BR06071T
gid://shopify/ProductVariant/46355505807655;gid://shopify/ProductVariant/46355505807655;PI01364;Default Title;6000.0;gid://shopify/Product/8577771438375;Piercing We Love Sapphire De Ouro Amarelo 18K E Diamante;5;1;2;PI01364
gid://shopify/ProductVariant/46355505873191;gid://shopify/ProductVariant/46355505873191;PI01457;Default Title;7600.0;gid://shopify/Product/8577771503911;Piercing We Love Sapphire De Ouro Branco 18K E Diamante;5;1;1;PI01457
gid://shopify/ProductVariant/46355508625703;gid://shopify/ProductVariant/46355508625703;BR05984T;G;1900.0;gid://shopify/Product/8577773076775;Brinco Pop Chain De Prata Com Ródio Negro - G;0;1;2;BR05984T
gid://shopify/ProductVariant/46355510559015;gid://shopify/ProductVariant/46355510559015;BR05988T;P;1600.0;gid://shopify/Product/8577773306151;Brinco Pop Chain De Prata Com Ródio Negro - P;0;1;2;BR05988T
gid://shopify/ProductVariant/46355510821159;gid://shopify/ProductVariant/46355510821159;BR05992T;Default Title;1500.0;gid://shopify/Product/8577773404455;Brinco Pop Chain De Prata Com Ródio Negro;0;1;2;BR05992T
gid://shopify/ProductVariant/46355510952231;gid://shopify/ProductVariant/46355510952231;BR05996T;Default Title;1250.0;gid://shopify/Product/8577773502759;Brinco Pop Chain De Prata Com Ródio Negro;0;1;2;BR05996T
gid://shopify/ProductVariant/46355511312679;gid://shopify/ProductVariant/46355511312679;CL04430;Default Title;3500.0;gid://shopify/Product/8577773797671;Colar Pop Chain De Prata Com Ródio Negro;0;1;2;CL04430
gid://shopify/ProductVariant/46355517767975;gid://shopify/ProductVariant/46355517767975;BR05849T;GG;3900.0;gid://shopify/Product/8577776419111;Brinco Rock&Hot De Prata Com Ouro Amarelo - GG;5;1;2;BR05849T
gid://shopify/ProductVariant/46355517931815;gid://shopify/ProductVariant/46355517931815;PU01915T;M;3100.0;gid://shopify/Product/8577776582951;Pulseira Rock&Hot De Prata Com Ouro Amarelo - M;5;1;3;PU01915T
gid://shopify/ProductVariant/46355519308071;gid://shopify/ProductVariant/46355519308071;BR06155T;M;7800.0;gid://shopify/Product/8577777893671;Brinco Ear Cuff Rock Star De Ouro Branco 18K Com Ródio Negro E Rubi - M;5;1;2;BR06155T
gid://shopify/ProductVariant/46355519373607;gid://shopify/ProductVariant/46355519373607;BR06159T;P;5900.0;gid://shopify/Product/8577777959207;Brinco Ear Cuff Rock Star De Ouro Branco 18K Com Ródio Negro E Diamante Negro - P;5;1;2;BR06159T
gid://shopify/ProductVariant/46355519439143;gid://shopify/ProductVariant/46355519439143;BR06168T;Default Title;11000.0;gid://shopify/Product/8577778024743;Brinco Rock Star De Ouro Branco 18K Com Ródio Negro E Diamante E Safira;5;1;2;BR06168T
gid://shopify/ProductVariant/46355520454951;gid://shopify/ProductVariant/46355520454951;BR06174T;Default Title;11000.0;gid://shopify/Product/8577778680103;Brinco Rock Star De Ouro Branco 18K Com Ródio Negro E Diamante E Safira;5;1;2;BR06174T
gid://shopify/ProductVariant/46355520815399;gid://shopify/ProductVariant/46355520815399;BR06176T;G;12500.0;gid://shopify/Product/8577778843943;Brinco Ear Cuff Rock Star De Ouro Branco 18K Com Ródio Negro E Safira - G;5;1;2;BR06176T
gid://shopify/ProductVariant/46355521044775;gid://shopify/ProductVariant/46355521044775;BR06177T;Default Title;12500.0;gid://shopify/Product/8577779007783;Brinco Rock Star De Ouro Branco 18K Com Ródio Negro E Diamante E Safira;5;1;2;BR06177T
gid://shopify/ProductVariant/46355523174695;gid://shopify/ProductVariant/46355523174695;PU01999T;P;19500.0;gid://shopify/Product/8577780908327;Pulseira Rock Star De Ouro Branco 18K Com Ródio Negro E Diamante Negro;15;3;2;PU01999T
gid://shopify/ProductVariant/46355523895591;gid://shopify/ProductVariant/46355523895591;PU02001T;P;18500.0;gid://shopify/Product/8577781530919;Pulseira Rock Star De Ouro Branco 18K Com Ródio Negro E Safira;15;3;2;PU02001T
gid://shopify/ProductVariant/46355524452647;gid://shopify/ProductVariant/46355524452647;PU02003T;P;19500.0;gid://shopify/Product/8577782022439;Pulseira Rock Star De Ouro Branco 18K Com Ródio Negro E Esmeralda;15;3;2;PU02003T
gid://shopify/ProductVariant/46355525271847;gid://shopify/ProductVariant/46355525271847;PU02006T;P;25000.0;gid://shopify/Product/8577782710567;Pulseira Rock Star De Ouro Branco 18K Com Ródio Negro E Diamante;15;3;2;PU02006T
gid://shopify/ProductVariant/46355525501223;gid://shopify/ProductVariant/46355525501223;PU03422T;P;18500.0;gid://shopify/Product/8577782972711;Pulseira Rock Star De Ouro Branco 18K Com Ródio Negro E Rubi;15;3;2;PU03422T
gid://shopify/ProductVariant/46355527827751;gid://shopify/ProductVariant/46355527827751;PU01997T;P;29500.0;gid://shopify/Product/8577784316199;Pulseira Rock Star De Ouro Branco 18K E Diamante;15;3;2;PU01997T
gid://shopify/ProductVariant/46355606831399;gid://shopify/ProductVariant/46355606831399;BR05352T;G;2900.0;gid://shopify/Product/8577838088487;Brinco Pop De Prata Com Ouro Amarelo - G;5;1;2;BR05352T
gid://shopify/ProductVariant/46355630096679;gid://shopify/ProductVariant/46355630096679;BR06544T;Default Title;3400.0;gid://shopify/Product/8577852866855;Brinco Mare De Prata Com Ouro Amarelo e Pérola;5;1;3;BR06544T
gid://shopify/ProductVariant/46355630719271;gid://shopify/ProductVariant/46355630719271;BR06545T;Default Title;2600.0;gid://shopify/Product/8577852965159;Brinco Mare De Prata Com Ouro Amarelo;5;1;3;BR06545T
gid://shopify/ProductVariant/46355633602855;gid://shopify/ProductVariant/46355633602855;BR06547T;Default Title;3900.0;gid://shopify/Product/8577853358375;Brinco Mare Maxi De Prata Com Ouro Amarelo;5;1;3;BR06547T
gid://shopify/ProductVariant/46355636224295;gid://shopify/ProductVariant/46355636224295;CL04621;M;2700.0;gid://shopify/Product/8577853980967;Colar Mare De Prata Com Ouro Amarelo - M;5;1;4;CL04621
gid://shopify/ProductVariant/46355669713191;gid://shopify/ProductVariant/46355669713191;PI01496;Default Title;1300.0;gid://shopify/Product/8577858339111;Piercing Mare De Prata Com Ouro Amarelo e Pérola;5;1;3;PI01496
gid://shopify/ProductVariant/46355678658855;gid://shopify/ProductVariant/46355678658855;BR06486T;Default Title;9800.0;gid://shopify/Product/8577859551527;Brinco Dolce Vita De Ouro Amarelo 18K E Lápis Lazuli;5;1;2;BR06486T
gid://shopify/ProductVariant/46355681640743;gid://shopify/ProductVariant/46355681640743;BR06490T;Default Title;9800.0;gid://shopify/Product/8577860010279;Brinco Dolce Vita De Ouro Amarelo 18K E Malaquita;5;1;2;BR06490T
gid://shopify/ProductVariant/46355682885927;gid://shopify/ProductVariant/46355682885927;BR06491T;Default Title;14500.0;gid://shopify/Product/8577860174119;Brinco Dolce Vita De Ouro Amarelo 18K E Ágata E Diamante;5;1;2;BR06491T
gid://shopify/ProductVariant/46355684819239;gid://shopify/ProductVariant/46355684819239;BR06495T;Default Title;14500.0;gid://shopify/Product/8577860469031;Brinco Dolce Vita De Ouro Amarelo 18K E Coral E Diamante;5;1;2;BR06495T
gid://shopify/ProductVariant/46355686621479;gid://shopify/ProductVariant/46355686621479;BR06497T;Default Title;15900.0;gid://shopify/Product/8577860796711;Brinco Dolce Vita De Ouro Amarelo 18K E Turquesa E Diamante;5;1;2;BR06497T
gid://shopify/ProductVariant/46355687801127;gid://shopify/ProductVariant/46355687801127;BR06500T;Default Title;32000.0;gid://shopify/Product/8577860960551;Brinco Dolce Vita De Ouro Amarelo 18K E Malaquita E Diamante;0;1;2;BR06500T
gid://shopify/ProductVariant/46355689046311;gid://shopify/ProductVariant/46355689046311;BR06501T;Default Title;32000.0;gid://shopify/Product/8577861157159;Brinco Dolce Vita De Ouro Amarelo 18K E Ágata E Diamante;5;1;2;BR06501T
gid://shopify/ProductVariant/46355690291495;gid://shopify/ProductVariant/46355690291495;BR06506T;Default Title;20500.0;gid://shopify/Product/8577861419303;Brinco Dolce Vita De Ouro Amarelo 18K E Ágata;5;1;2;BR06506T
gid://shopify/ProductVariant/46355690422567;gid://shopify/ProductVariant/46355690422567;BR06508T;Default Title;20500.0;gid://shopify/Product/8577861484839;Brinco Dolce Vita De Ouro Amarelo 18K E Ágata;5;1;2;BR06508T
gid://shopify/ProductVariant/46355751239975;gid://shopify/ProductVariant/46355751239975;PI01481;Default Title;10500.0;gid://shopify/Product/8577870135591;Pingente Dolce Vita De Ouro Amarelo 18K E Crioprásio;5;1;2;PI01481
gid://shopify/ProductVariant/46355752517927;gid://shopify/ProductVariant/46355752517927;PI01484;Default Title;10500.0;gid://shopify/Product/8577870299431;Pingente Dolce Vita De Ouro Amarelo 18K E Olho De Tigre;5;1;2;PI01484
gid://shopify/ProductVariant/46356159562023;gid://shopify/ProductVariant/46356159562023;PI01315;Default Title;950.0;gid://shopify/Product/8577923219751;Pingente JV MAN II De Prata Com Ródio Negro E Ágata;5;1;2;PI01315
gid://shopify/ProductVariant/46356163035431;gid://shopify/ProductVariant/46356163035431;PI01319;Default Title;950.0;gid://shopify/Product/8577923678503;Pingente JV MAN II De Prata Com Ródio Negro E Malaquita;0;1;2;PI01319
gid://shopify/ProductVariant/46356165984551;gid://shopify/ProductVariant/46356165984551;PI01333;Default Title;950.0;gid://shopify/Product/8577924071719;Pingente JV MAN II De Prata Com Ouro Branco;5;1;6;PI01333
gid://shopify/ProductVariant/46356170703143;gid://shopify/ProductVariant/46356170703143;PU01852T;P;6500.0;gid://shopify/Product/8577925054759;Pulseira JV MAN II De Prata Com Ródio Negro;13;2;1;PU01852T
gid://shopify/ProductVariant/46356210614567;gid://shopify/ProductVariant/46356210614567;PU01855T;P;1590.0;gid://shopify/Product/8577930985767;Pulseira JV MAN II De Prata Com Ródio Negro;30;4;2;PU01855T
gid://shopify/ProductVariant/46356311638311;gid://shopify/ProductVariant/46356311638311;PU01909T;M;5900.0;gid://shopify/Product/8577944781095;Pulseira JV MAN II De Prata Com Ródio Negro Fosco E Diamante Negro;20;4;1;PU01909T
gid://shopify/ProductVariant/46356741456167;gid://shopify/ProductVariant/46356741456167;BR06209T;Default Title;2100.0;gid://shopify/Product/8577997734183;Brinco Rock Chain De Prata Com Ouro Amarelo;5;1;5;BR06209T
gid://shopify/ProductVariant/46356783464743;gid://shopify/ProductVariant/46356783464743;PI01383;Default Title;1100.0;gid://shopify/Product/8578001797415;Piercing Rock Chain De Prata Com Ouro Amarelo;5;1;3;PI01383
gid://shopify/ProductVariant/46356789297447;gid://shopify/ProductVariant/46356789297447;PI01394;G;1300.0;gid://shopify/Product/8578002780455;Pingente Rock Chain De Prata Com Ouro Amarelo E Ametista - G;5;1;3;PI01394
gid://shopify/ProductVariant/46356797718823;gid://shopify/ProductVariant/46356797718823;PI01461;P;700.0;gid://shopify/Product/8578003730727;Pingente Rock Chain De Prata Com Ouro Amarelo E Ametista - P;5;1;0;PI01461
gid://shopify/ProductVariant/46356800930087;gid://shopify/ProductVariant/46356800930087;PI01463;Default Title;2900.0;gid://shopify/Product/8578004353319;Pingente Rock Chain De Prata Com Ouro Amarelo E Quartzo;5;1;3;PI01463
gid://shopify/ProductVariant/46356803649831;gid://shopify/ProductVariant/46356803649831;PI01467;Default Title;2900.0;gid://shopify/Product/8578004975911;Pingente Rock Chain De Prata Com Ouro Amarelo E Quartzo;5;1;2;PI01467
gid://shopify/ProductVariant/46356876001575;gid://shopify/ProductVariant/46356876001575;PI01464;Default Title;2900.0;gid://shopify/Product/8578012283175;Pingente Rock Chain De Prata Com Ouro Amarelo E Quartzo Negro;5;1;2;PI01464
gid://shopify/ProductVariant/46356878721319;gid://shopify/ProductVariant/46356878721319;AB01009;Default Title;1100.0;gid://shopify/Product/8578012905767;Abotoadura JV MAN De Prata Com Ródio Negro;5;1;1;AB01009
gid://shopify/ProductVariant/46356881801511;gid://shopify/ProductVariant/46356881801511;AB01011;Default Title;1100.0;gid://shopify/Product/8578013233447;Abotoadura JV MAN De Prata Com Ouro Branco;5;1;1;AB01011
gid://shopify/ProductVariant/46356883669287;gid://shopify/ProductVariant/46356883669287;CL01134;P;8400.0;gid://shopify/Product/8578013364519;Colar JV MAN De Ouro Branco 18K Com Ródio Negro E Diamante Negro - P;5;1;2;CL01134
gid://shopify/ProductVariant/46356885307687;gid://shopify/ProductVariant/46356885307687;CL01133;P;8400.0;gid://shopify/Product/8578013528359;Colar JV MAN De Ouro Branco 18K E Diamante Negro - P;5;1;3;CL01133
gid://shopify/ProductVariant/46357420736807;gid://shopify/ProductVariant/46357420736807;CO0934B;A;1900.0;gid://shopify/Product/8578165244199;Pingente Letra De Ouro Branco 18K E Diamante;142;23;0;CO0934B
gid://shopify/ProductVariant/46357420769575;gid://shopify/ProductVariant/46357420769575;CO0935B;B;2100.0;gid://shopify/Product/8578165244199;Pingente Letra De Ouro Branco 18K E Diamante;142;23;0;CO0935B
gid://shopify/ProductVariant/46357420802343;gid://shopify/ProductVariant/46357420802343;CO0936B;C;1900.0;gid://shopify/Product/8578165244199;Pingente Letra De Ouro Branco 18K E Diamante;142;23;0;CO0936B
gid://shopify/ProductVariant/46357420966183;gid://shopify/ProductVariant/46357420966183;CO0941B;H;1900.0;gid://shopify/Product/8578165244199;Pingente Letra De Ouro Branco 18K E Diamante;142;23;0;CO0941B
gid://shopify/ProductVariant/46357420998951;gid://shopify/ProductVariant/46357420998951;CO0942B;I;1900.0;gid://shopify/Product/8578165244199;Pingente Letra De Ouro Branco 18K E Diamante;142;23;0;CO0942B
gid://shopify/ProductVariant/46357421064487;gid://shopify/ProductVariant/46357421064487;CO0943B;J;1800.0;gid://shopify/Product/8578165244199;Pingente Letra De Ouro Branco 18K E Diamante;142;23;0;CO0943B
gid://shopify/ProductVariant/46357421097255;gid://shopify/ProductVariant/46357421097255;CO0944B;K;1900.0;gid://shopify/Product/8578165244199;Pingente Letra De Ouro Branco 18K E Diamante;142;23;0;CO0944B
gid://shopify/ProductVariant/46357421130023;gid://shopify/ProductVariant/46357421130023;CO0945B;L;1900.0;gid://shopify/Product/8578165244199;Pingente Letra De Ouro Branco 18K E Diamante;142;23;0;CO0945B
gid://shopify/ProductVariant/46357421162791;gid://shopify/ProductVariant/46357421162791;CO0946B;M;1900.0;gid://shopify/Product/8578165244199;Pingente Letra De Ouro Branco 18K E Diamante;142;23;0;CO0946B
gid://shopify/ProductVariant/46357421261095;gid://shopify/ProductVariant/46357421261095;CO0949B;P;1900.0;gid://shopify/Product/8578165244199;Pingente Letra De Ouro Branco 18K E Diamante;142;23;0;CO0949B
gid://shopify/ProductVariant/46357421326631;gid://shopify/ProductVariant/46357421326631;CO0951B;R;1900.0;gid://shopify/Product/8578165244199;Pingente Letra De Ouro Branco 18K E Diamante;142;23;0;CO0951B
gid://shopify/ProductVariant/46357421457703;gid://shopify/ProductVariant/46357421457703;CO0958B;Y;1900.0;gid://shopify/Product/8578165244199;Pingente Letra De Ouro Branco 18K E Diamante;142;23;0;CO0958B
gid://shopify/ProductVariant/46358265463079;gid://shopify/ProductVariant/46358265463079;PI01428;A;1400.0;gid://shopify/Product/8578290483495;Pingente Letra Rock Chain De Prata Com Ouro Amarelo e Diamantes;145;26;27;PI01428
gid://shopify/ProductVariant/46358265561383;gid://shopify/ProductVariant/46358265561383;PI01431;D;1400.0;gid://shopify/Product/8578290483495;Pingente Letra Rock Chain De Prata Com Ouro Amarelo e Diamantes;145;26;27;PI01431
gid://shopify/ProductVariant/46358265594151;gid://shopify/ProductVariant/46358265594151;PI01432;E;1400.0;gid://shopify/Product/8578290483495;Pingente Letra Rock Chain De Prata Com Ouro Amarelo e Diamantes;145;26;27;PI01432
gid://shopify/ProductVariant/46358265626919;gid://shopify/ProductVariant/46358265626919;PI01433;F;1400.0;gid://shopify/Product/8578290483495;Pingente Letra Rock Chain De Prata Com Ouro Amarelo e Diamantes;145;26;27;PI01433
gid://shopify/ProductVariant/46358265659687;gid://shopify/ProductVariant/46358265659687;PI01434;G;1400.0;gid://shopify/Product/8578290483495;Pingente Letra Rock Chain De Prata Com Ouro Amarelo e Diamantes;145;26;27;PI01434
gid://shopify/ProductVariant/46358265692455;gid://shopify/ProductVariant/46358265692455;PI01435;H;1400.0;gid://shopify/Product/8578290483495;Pingente Letra Rock Chain De Prata Com Ouro Amarelo e Diamantes;145;26;27;PI01435
gid://shopify/ProductVariant/46358265725223;gid://shopify/ProductVariant/46358265725223;PI01436;I;1400.0;gid://shopify/Product/8578290483495;Pingente Letra Rock Chain De Prata Com Ouro Amarelo e Diamantes;145;26;27;PI01436
gid://shopify/ProductVariant/46358265790759;gid://shopify/ProductVariant/46358265790759;PI01438;K;1400.0;gid://shopify/Product/8578290483495;Pingente Letra Rock Chain De Prata Com Ouro Amarelo e Diamantes;145;26;27;PI01438
gid://shopify/ProductVariant/46358265856295;gid://shopify/ProductVariant/46358265856295;PI01440;M;1400.0;gid://shopify/Product/8578290483495;Pingente Letra Rock Chain De Prata Com Ouro Amarelo e Diamantes;145;26;27;PI01440
gid://shopify/ProductVariant/46358265954599;gid://shopify/ProductVariant/46358265954599;PI01443;P;1400.0;gid://shopify/Product/8578290483495;Pingente Letra Rock Chain De Prata Com Ouro Amarelo e Diamantes;145;26;27;PI01443
gid://shopify/ProductVariant/46358265987367;gid://shopify/ProductVariant/46358265987367;PI01444;Q;1400.0;gid://shopify/Product/8578290483495;Pingente Letra Rock Chain De Prata Com Ouro Amarelo e Diamantes;145;26;27;PI01444
gid://shopify/ProductVariant/46358266052903;gid://shopify/ProductVariant/46358266052903;PI01446;S;1400.0;gid://shopify/Product/8578290483495;Pingente Letra Rock Chain De Prata Com Ouro Amarelo e Diamantes;145;26;27;PI01446
gid://shopify/ProductVariant/46358266085671;gid://shopify/ProductVariant/46358266085671;PI01447;T;1400.0;gid://shopify/Product/8578290483495;Pingente Letra Rock Chain De Prata Com Ouro Amarelo e Diamantes;145;26;27;PI01447
gid://shopify/ProductVariant/46358266118439;gid://shopify/ProductVariant/46358266118439;PI01448;U;1400.0;gid://shopify/Product/8578290483495;Pingente Letra Rock Chain De Prata Com Ouro Amarelo e Diamantes;145;26;27;PI01448
gid://shopify/ProductVariant/46358266151207;gid://shopify/ProductVariant/46358266151207;PI01449;V;1400.0;gid://shopify/Product/8578290483495;Pingente Letra Rock Chain De Prata Com Ouro Amarelo e Diamantes;145;26;27;PI01449
gid://shopify/ProductVariant/46358266183975;gid://shopify/ProductVariant/46358266183975;PI01450;W;1400.0;gid://shopify/Product/8578290483495;Pingente Letra Rock Chain De Prata Com Ouro Amarelo e Diamantes;145;26;27;PI01450
gid://shopify/ProductVariant/46358266216743;gid://shopify/ProductVariant/46358266216743;PI01451;X;1400.0;gid://shopify/Product/8578290483495;Pingente Letra Rock Chain De Prata Com Ouro Amarelo e Diamantes;145;26;27;PI01451
gid://shopify/ProductVariant/46358266249511;gid://shopify/ProductVariant/46358266249511;PI01452;Y;1400.0;gid://shopify/Product/8578290483495;Pingente Letra Rock Chain De Prata Com Ouro Amarelo e Diamantes;145;26;27;PI01452
gid://shopify/ProductVariant/46358388015399;gid://shopify/ProductVariant/46358388015399;PI01151;C;750.0;gid://shopify/Product/8578318860583;Pingente Pop De Prata Com Ouro Amarelo - M;233;26;0;PI01151
gid://shopify/ProductVariant/46358389424423;gid://shopify/ProductVariant/46358389424423;PI01104;G;750.0;gid://shopify/Product/8578319089959;Pingente Pop De Prata Com Ouro Amarelo - M;444;26;28;PI01104
gid://shopify/ProductVariant/46358394077479;gid://shopify/ProductVariant/46358394077479;PI01097;Z;900.0;gid://shopify/Product/8578319286567;Pingente Pop De Prata Com Ouro Amarelo - G;321;26;28;PI01097
gid://shopify/ProductVariant/46358760882471;gid://shopify/ProductVariant/46358760882471;PU02075T;M;4900.0;gid://shopify/Product/8578429944103;Pulseira Mare Maxi De Prata Com Ouro Amarelo;17;3;4;PU02075T
gid://shopify/ProductVariant/46358771466535;gid://shopify/ProductVariant/46358771466535;PU01729T;P;3900.0;gid://shopify/Product/8578434957607;Pulseira Riviera De Prata Com Ouro Amarelo;16;3;2;PU01729T
gid://shopify/ProductVariant/46358771532071;gid://shopify/ProductVariant/46358771532071;PU01731T;G;3900.0;gid://shopify/Product/8578434957607;Pulseira Riviera De Prata Com Ouro Amarelo;16;3;2;PU01731T
gid://shopify/ProductVariant/46358773268775;gid://shopify/ProductVariant/46358773268775;PU01736T;M;2150.0;gid://shopify/Product/8578435481895;Pulseira Riviera De Prata Com Ouro Amarelo;19;3;2;PU01736T
gid://shopify/ProductVariant/46358779986215;gid://shopify/ProductVariant/46358779986215;PU01946T;G;1950.0;gid://shopify/Product/8578438824231;Pulseira Pop Chain De Prata Com Ródio Negro;9;2;2;PU01946T
gid://shopify/ProductVariant/46358796632359;gid://shopify/ProductVariant/46358796632359;PU01714T;P;27000.0;gid://shopify/Product/8578447868199;Pulseira Voyeur De Ouro Branco 18K Com Ródio Negro E Diamante;10;2;2;PU01714T
gid://shopify/ProductVariant/46358796665127;gid://shopify/ProductVariant/46358796665127;PU01715T;G;31000.0;gid://shopify/Product/8578447868199;Pulseira Voyeur De Ouro Branco 18K Com Ródio Negro E Diamante;10;2;2;PU01715T
gid://shopify/ProductVariant/46358797156647;gid://shopify/ProductVariant/46358797156647;PU01716T;P;18000.0;gid://shopify/Product/8578448359719;Pulseira Voyeur De Ouro Branco 18K Com Ródio Negro E Diamante Negro;10;2;2;PU01716T
gid://shopify/ProductVariant/46358797189415;gid://shopify/ProductVariant/46358797189415;PU01717T;G;20000.0;gid://shopify/Product/8578448359719;Pulseira Voyeur De Ouro Branco 18K Com Ródio Negro E Diamante Negro;10;2;2;PU01717T
gid://shopify/ProductVariant/46358798074151;gid://shopify/ProductVariant/46358798074151;PU01712T;P;32000.0;gid://shopify/Product/8578448916775;Pulseira Voyeur De Ouro Branco 18K E Diamante;15;3;2;PU01712T
gid://shopify/ProductVariant/46358798106919;gid://shopify/ProductVariant/46358798106919;PU01703T;M;34000.0;gid://shopify/Product/8578448916775;Pulseira Voyeur De Ouro Branco 18K E Diamante;15;3;2;PU01703T
gid://shopify/ProductVariant/46358798139687;gid://shopify/ProductVariant/46358798139687;PU01713T;G;36000.0;gid://shopify/Product/8578448916775;Pulseira Voyeur De Ouro Branco 18K E Diamante;15;3;2;PU01713T
gid://shopify/ProductVariant/46390876602663;gid://shopify/ProductVariant/46390876602663;PI01296;Default Title;750.0;gid://shopify/Product/8582014894375;Pingente Pop De Prata Com Ouro Amarelo;5;1;0;PI01296
gid://shopify/ProductVariant/46393436569895;gid://shopify/ProductVariant/46393436569895;AN02482-10;10;13000.0;gid://shopify/Product/8582654230823;Anel 15 Anos De Ouro Branco 18K Com Ródio Negro E Diamante Negro;65;13;2;AN02482
gid://shopify/ProductVariant/46393436602663;gid://shopify/ProductVariant/46393436602663;AN02482-11;11;13000.0;gid://shopify/Product/8582654230823;Anel 15 Anos De Ouro Branco 18K Com Ródio Negro E Diamante Negro;65;13;2;AN02482
gid://shopify/ProductVariant/46393436635431;gid://shopify/ProductVariant/46393436635431;AN02482-12;12;13000.0;gid://shopify/Product/8582654230823;Anel 15 Anos De Ouro Branco 18K Com Ródio Negro E Diamante Negro;65;13;2;AN02482
gid://shopify/ProductVariant/46393436668199;gid://shopify/ProductVariant/46393436668199;AN02482-13;13;13000.0;gid://shopify/Product/8582654230823;Anel 15 Anos De Ouro Branco 18K Com Ródio Negro E Diamante Negro;65;13;2;AN02482
gid://shopify/ProductVariant/46393436700967;gid://shopify/ProductVariant/46393436700967;AN02482-14;14;13000.0;gid://shopify/Product/8582654230823;Anel 15 Anos De Ouro Branco 18K Com Ródio Negro E Diamante Negro;65;13;2;AN02482
gid://shopify/ProductVariant/46393436733735;gid://shopify/ProductVariant/46393436733735;AN02482-15;15;13000.0;gid://shopify/Product/8582654230823;Anel 15 Anos De Ouro Branco 18K Com Ródio Negro E Diamante Negro;65;13;2;AN02482
gid://shopify/ProductVariant/46393436766503;gid://shopify/ProductVariant/46393436766503;AN02482-16;16;13000.0;gid://shopify/Product/8582654230823;Anel 15 Anos De Ouro Branco 18K Com Ródio Negro E Diamante Negro;65;13;2;AN02482
gid://shopify/ProductVariant/46393436799271;gid://shopify/ProductVariant/46393436799271;AN02482-17;17;13000.0;gid://shopify/Product/8582654230823;Anel 15 Anos De Ouro Branco 18K Com Ródio Negro E Diamante Negro;65;13;2;AN02482
gid://shopify/ProductVariant/46393436832039;gid://shopify/ProductVariant/46393436832039;AN02482-18;18;13000.0;gid://shopify/Product/8582654230823;Anel 15 Anos De Ouro Branco 18K Com Ródio Negro E Diamante Negro;65;13;2;AN02482
gid://shopify/ProductVariant/46393436864807;gid://shopify/ProductVariant/46393436864807;AN02482-19;19;13000.0;gid://shopify/Product/8582654230823;Anel 15 Anos De Ouro Branco 18K Com Ródio Negro E Diamante Negro;65;13;2;AN02482
gid://shopify/ProductVariant/46393436897575;gid://shopify/ProductVariant/46393436897575;AN02482-20;20;13000.0;gid://shopify/Product/8582654230823;Anel 15 Anos De Ouro Branco 18K Com Ródio Negro E Diamante Negro;65;13;2;AN02482
gid://shopify/ProductVariant/46393436930343;gid://shopify/ProductVariant/46393436930343;AN02482-21;21;13000.0;gid://shopify/Product/8582654230823;Anel 15 Anos De Ouro Branco 18K Com Ródio Negro E Diamante Negro;65;13;2;AN02482
gid://shopify/ProductVariant/46393436963111;gid://shopify/ProductVariant/46393436963111;AN02482-22;22;13000.0;gid://shopify/Product/8582654230823;Anel 15 Anos De Ouro Branco 18K Com Ródio Negro E Diamante Negro;65;13;2;AN02482
gid://shopify/ProductVariant/46393437094183;gid://shopify/ProductVariant/46393437094183;AN02949-10;10;17000.0;gid://shopify/Product/8582654296359;Anel 15 Anos De Ouro Branco 18K Com Ródio Negro E Diamante;69;13;2;AN02949
gid://shopify/ProductVariant/46393437126951;gid://shopify/ProductVariant/46393437126951;AN02949-11;11;17000.0;gid://shopify/Product/8582654296359;Anel 15 Anos De Ouro Branco 18K Com Ródio Negro E Diamante;69;13;2;AN02949
gid://shopify/ProductVariant/46393437159719;gid://shopify/ProductVariant/46393437159719;AN02949-12;12;17000.0;gid://shopify/Product/8582654296359;Anel 15 Anos De Ouro Branco 18K Com Ródio Negro E Diamante;69;13;2;AN02949
gid://shopify/ProductVariant/46393437192487;gid://shopify/ProductVariant/46393437192487;AN02949-13;13;17000.0;gid://shopify/Product/8582654296359;Anel 15 Anos De Ouro Branco 18K Com Ródio Negro E Diamante;69;13;2;AN02949
gid://shopify/ProductVariant/46393437258023;gid://shopify/ProductVariant/46393437258023;AN02949-15;15;17000.0;gid://shopify/Product/8582654296359;Anel 15 Anos De Ouro Branco 18K Com Ródio Negro E Diamante;69;13;2;AN02949
gid://shopify/ProductVariant/46393437356327;gid://shopify/ProductVariant/46393437356327;AN02949-18;18;17000.0;gid://shopify/Product/8582654296359;Anel 15 Anos De Ouro Branco 18K Com Ródio Negro E Diamante;69;13;2;AN02949
gid://shopify/ProductVariant/46393437389095;gid://shopify/ProductVariant/46393437389095;AN02949-19;19;17000.0;gid://shopify/Product/8582654296359;Anel 15 Anos De Ouro Branco 18K Com Ródio Negro E Diamante;69;13;2;AN02949
gid://shopify/ProductVariant/46393437421863;gid://shopify/ProductVariant/46393437421863;AN02949-20;20;17000.0;gid://shopify/Product/8582654296359;Anel 15 Anos De Ouro Branco 18K Com Ródio Negro E Diamante;69;13;2;AN02949
gid://shopify/ProductVariant/46393437454631;gid://shopify/ProductVariant/46393437454631;AN02949-21;21;17000.0;gid://shopify/Product/8582654296359;Anel 15 Anos De Ouro Branco 18K Com Ródio Negro E Diamante;69;13;2;AN02949
gid://shopify/ProductVariant/46393437487399;gid://shopify/ProductVariant/46393437487399;AN02949-22;22;17000.0;gid://shopify/Product/8582654296359;Anel 15 Anos De Ouro Branco 18K Com Ródio Negro E Diamante;69;13;2;AN02949
gid://shopify/ProductVariant/46393437749543;gid://shopify/ProductVariant/46393437749543;AN02483-10;10;21000.0;gid://shopify/Product/8582654427431;Anel 15 Anos De Ouro Branco 18K E Diamante;66;13;2;AN02483
gid://shopify/ProductVariant/46393437782311;gid://shopify/ProductVariant/46393437782311;AN02483-11;11;21000.0;gid://shopify/Product/8582654427431;Anel 15 Anos De Ouro Branco 18K E Diamante;66;13;2;AN02483
gid://shopify/ProductVariant/46393437815079;gid://shopify/ProductVariant/46393437815079;AN02483-12;12;21000.0;gid://shopify/Product/8582654427431;Anel 15 Anos De Ouro Branco 18K E Diamante;66;13;2;AN02483
gid://shopify/ProductVariant/46393437847847;gid://shopify/ProductVariant/46393437847847;AN02483-13;13;21000.0;gid://shopify/Product/8582654427431;Anel 15 Anos De Ouro Branco 18K E Diamante;66;13;2;AN02483
gid://shopify/ProductVariant/46393437880615;gid://shopify/ProductVariant/46393437880615;AN02483-14;14;21000.0;gid://shopify/Product/8582654427431;Anel 15 Anos De Ouro Branco 18K E Diamante;66;13;2;AN02483
gid://shopify/ProductVariant/46393437946151;gid://shopify/ProductVariant/46393437946151;AN02483-16;16;21000.0;gid://shopify/Product/8582654427431;Anel 15 Anos De Ouro Branco 18K E Diamante;66;13;2;AN02483
gid://shopify/ProductVariant/46393437978919;gid://shopify/ProductVariant/46393437978919;AN02483-17;17;21000.0;gid://shopify/Product/8582654427431;Anel 15 Anos De Ouro Branco 18K E Diamante;66;13;2;AN02483
gid://shopify/ProductVariant/46393438011687;gid://shopify/ProductVariant/46393438011687;AN02483-18;18;21000.0;gid://shopify/Product/8582654427431;Anel 15 Anos De Ouro Branco 18K E Diamante;66;13;2;AN02483
gid://shopify/ProductVariant/46393438044455;gid://shopify/ProductVariant/46393438044455;AN02483-19;19;21000.0;gid://shopify/Product/8582654427431;Anel 15 Anos De Ouro Branco 18K E Diamante;66;13;2;AN02483
gid://shopify/ProductVariant/46393438077223;gid://shopify/ProductVariant/46393438077223;AN02483-20;20;21000.0;gid://shopify/Product/8582654427431;Anel 15 Anos De Ouro Branco 18K E Diamante;66;13;2;AN02483
gid://shopify/ProductVariant/46393438109991;gid://shopify/ProductVariant/46393438109991;AN02483-21;21;21000.0;gid://shopify/Product/8582654427431;Anel 15 Anos De Ouro Branco 18K E Diamante;66;13;2;AN02483
gid://shopify/ProductVariant/46393438142759;gid://shopify/ProductVariant/46393438142759;AN02483-22;22;21000.0;gid://shopify/Product/8582654427431;Anel 15 Anos De Ouro Branco 18K E Diamante;66;13;2;AN02483
gid://shopify/ProductVariant/46393438306599;gid://shopify/ProductVariant/46393438306599;AN03268-10;10;8700.0;gid://shopify/Product/8582654525735;Anel Avantgarde De Ouro Branco 18K Com Ródio Negro E Diamante;0;13;3;AN03268
gid://shopify/ProductVariant/46393438339367;gid://shopify/ProductVariant/46393438339367;AN03268-11;11;8700.0;gid://shopify/Product/8582654525735;Anel Avantgarde De Ouro Branco 18K Com Ródio Negro E Diamante;0;13;3;AN03268
gid://shopify/ProductVariant/46393438372135;gid://shopify/ProductVariant/46393438372135;AN03268-12;12;8700.0;gid://shopify/Product/8582654525735;Anel Avantgarde De Ouro Branco 18K Com Ródio Negro E Diamante;0;13;3;AN03268
gid://shopify/ProductVariant/46393438404903;gid://shopify/ProductVariant/46393438404903;AN03268-13;13;8700.0;gid://shopify/Product/8582654525735;Anel Avantgarde De Ouro Branco 18K Com Ródio Negro E Diamante;0;13;3;AN03268
gid://shopify/ProductVariant/46393438437671;gid://shopify/ProductVariant/46393438437671;AN03268-14;14;8700.0;gid://shopify/Product/8582654525735;Anel Avantgarde De Ouro Branco 18K Com Ródio Negro E Diamante;0;13;3;AN03268
gid://shopify/ProductVariant/46393438470439;gid://shopify/ProductVariant/46393438470439;AN03268-15;15;8700.0;gid://shopify/Product/8582654525735;Anel Avantgarde De Ouro Branco 18K Com Ródio Negro E Diamante;0;13;3;AN03268
gid://shopify/ProductVariant/46393438503207;gid://shopify/ProductVariant/46393438503207;AN03268-16;16;8700.0;gid://shopify/Product/8582654525735;Anel Avantgarde De Ouro Branco 18K Com Ródio Negro E Diamante;0;13;3;AN03268
gid://shopify/ProductVariant/46393438535975;gid://shopify/ProductVariant/46393438535975;AN03268-17;17;8700.0;gid://shopify/Product/8582654525735;Anel Avantgarde De Ouro Branco 18K Com Ródio Negro E Diamante;0;13;3;AN03268
gid://shopify/ProductVariant/46393438568743;gid://shopify/ProductVariant/46393438568743;AN03268-18;18;8700.0;gid://shopify/Product/8582654525735;Anel Avantgarde De Ouro Branco 18K Com Ródio Negro E Diamante;0;13;3;AN03268
gid://shopify/ProductVariant/46393438601511;gid://shopify/ProductVariant/46393438601511;AN03268-19;19;8700.0;gid://shopify/Product/8582654525735;Anel Avantgarde De Ouro Branco 18K Com Ródio Negro E Diamante;0;13;3;AN03268
gid://shopify/ProductVariant/46393438634279;gid://shopify/ProductVariant/46393438634279;AN03268-20;20;8700.0;gid://shopify/Product/8582654525735;Anel Avantgarde De Ouro Branco 18K Com Ródio Negro E Diamante;0;13;3;AN03268
gid://shopify/ProductVariant/46393438667047;gid://shopify/ProductVariant/46393438667047;AN03268-21;21;8700.0;gid://shopify/Product/8582654525735;Anel Avantgarde De Ouro Branco 18K Com Ródio Negro E Diamante;0;13;3;AN03268
gid://shopify/ProductVariant/46393438699815;gid://shopify/ProductVariant/46393438699815;AN03268-22;22;8700.0;gid://shopify/Product/8582654525735;Anel Avantgarde De Ouro Branco 18K Com Ródio Negro E Diamante;0;13;3;AN03268
gid://shopify/ProductVariant/46393439289639;gid://shopify/ProductVariant/46393439289639;AN03255-10;10;10200.0;gid://shopify/Product/8582654656807;Anel Avantgarde De Ouro Branco 18K E Diamante;0;13;3;AN03255
gid://shopify/ProductVariant/46393439322407;gid://shopify/ProductVariant/46393439322407;AN03255-11;11;10200.0;gid://shopify/Product/8582654656807;Anel Avantgarde De Ouro Branco 18K E Diamante;0;13;3;AN03255
gid://shopify/ProductVariant/46393439355175;gid://shopify/ProductVariant/46393439355175;AN03255-12;12;10200.0;gid://shopify/Product/8582654656807;Anel Avantgarde De Ouro Branco 18K E Diamante;0;13;3;AN03255
gid://shopify/ProductVariant/46393439387943;gid://shopify/ProductVariant/46393439387943;AN03255-13;13;10200.0;gid://shopify/Product/8582654656807;Anel Avantgarde De Ouro Branco 18K E Diamante;0;13;3;AN03255
gid://shopify/ProductVariant/46393439420711;gid://shopify/ProductVariant/46393439420711;AN03255-14;14;10200.0;gid://shopify/Product/8582654656807;Anel Avantgarde De Ouro Branco 18K E Diamante;0;13;3;AN03255
gid://shopify/ProductVariant/46393439453479;gid://shopify/ProductVariant/46393439453479;AN03255-15;15;10200.0;gid://shopify/Product/8582654656807;Anel Avantgarde De Ouro Branco 18K E Diamante;0;13;3;AN03255
gid://shopify/ProductVariant/46393439486247;gid://shopify/ProductVariant/46393439486247;AN03255-16;16;10200.0;gid://shopify/Product/8582654656807;Anel Avantgarde De Ouro Branco 18K E Diamante;0;13;3;AN03255
gid://shopify/ProductVariant/46393439519015;gid://shopify/ProductVariant/46393439519015;AN03255-17;17;10200.0;gid://shopify/Product/8582654656807;Anel Avantgarde De Ouro Branco 18K E Diamante;0;13;3;AN03255
gid://shopify/ProductVariant/46393439551783;gid://shopify/ProductVariant/46393439551783;AN03255-18;18;10200.0;gid://shopify/Product/8582654656807;Anel Avantgarde De Ouro Branco 18K E Diamante;0;13;3;AN03255
gid://shopify/ProductVariant/46393439584551;gid://shopify/ProductVariant/46393439584551;AN03255-19;19;10200.0;gid://shopify/Product/8582654656807;Anel Avantgarde De Ouro Branco 18K E Diamante;0;13;3;AN03255
gid://shopify/ProductVariant/46393439617319;gid://shopify/ProductVariant/46393439617319;AN03255-20;20;10200.0;gid://shopify/Product/8582654656807;Anel Avantgarde De Ouro Branco 18K E Diamante;0;13;3;AN03255
gid://shopify/ProductVariant/46393439650087;gid://shopify/ProductVariant/46393439650087;AN03255-21;21;10200.0;gid://shopify/Product/8582654656807;Anel Avantgarde De Ouro Branco 18K E Diamante;0;13;3;AN03255
gid://shopify/ProductVariant/46393439682855;gid://shopify/ProductVariant/46393439682855;AN03255-22;22;10200.0;gid://shopify/Product/8582654656807;Anel Avantgarde De Ouro Branco 18K E Diamante;0;13;3;AN03255
gid://shopify/ProductVariant/46393440043303;gid://shopify/ProductVariant/46393440043303;AN03337-10;10;3200.0;gid://shopify/Product/8582654787879;Anel Blossom De Prata Com Ouro Amarelo E Safira;1;13;3;AN03337
gid://shopify/ProductVariant/46393440076071;gid://shopify/ProductVariant/46393440076071;AN03337-11;11;3200.0;gid://shopify/Product/8582654787879;Anel Blossom De Prata Com Ouro Amarelo E Safira;1;13;3;AN03337
gid://shopify/ProductVariant/46393440108839;gid://shopify/ProductVariant/46393440108839;AN03337-12;12;3200.0;gid://shopify/Product/8582654787879;Anel Blossom De Prata Com Ouro Amarelo E Safira;1;13;3;AN03337
gid://shopify/ProductVariant/46393440141607;gid://shopify/ProductVariant/46393440141607;AN03337-13;13;3200.0;gid://shopify/Product/8582654787879;Anel Blossom De Prata Com Ouro Amarelo E Safira;1;13;3;AN03337
gid://shopify/ProductVariant/46393440174375;gid://shopify/ProductVariant/46393440174375;AN03337-14;14;3200.0;gid://shopify/Product/8582654787879;Anel Blossom De Prata Com Ouro Amarelo E Safira;1;13;3;AN03337
gid://shopify/ProductVariant/46393440239911;gid://shopify/ProductVariant/46393440239911;AN03337-16;16;3200.0;gid://shopify/Product/8582654787879;Anel Blossom De Prata Com Ouro Amarelo E Safira;1;13;3;AN03337
gid://shopify/ProductVariant/46393440272679;gid://shopify/ProductVariant/46393440272679;AN03337-17;17;3200.0;gid://shopify/Product/8582654787879;Anel Blossom De Prata Com Ouro Amarelo E Safira;1;13;3;AN03337
gid://shopify/ProductVariant/46393440305447;gid://shopify/ProductVariant/46393440305447;AN03337-18;18;3200.0;gid://shopify/Product/8582654787879;Anel Blossom De Prata Com Ouro Amarelo E Safira;1;13;3;AN03337
gid://shopify/ProductVariant/46393440338215;gid://shopify/ProductVariant/46393440338215;AN03337-19;19;3200.0;gid://shopify/Product/8582654787879;Anel Blossom De Prata Com Ouro Amarelo E Safira;1;13;3;AN03337
gid://shopify/ProductVariant/46393440370983;gid://shopify/ProductVariant/46393440370983;AN03337-20;20;3200.0;gid://shopify/Product/8582654787879;Anel Blossom De Prata Com Ouro Amarelo E Safira;1;13;3;AN03337
gid://shopify/ProductVariant/46393440403751;gid://shopify/ProductVariant/46393440403751;AN03337-21;21;3200.0;gid://shopify/Product/8582654787879;Anel Blossom De Prata Com Ouro Amarelo E Safira;1;13;3;AN03337
gid://shopify/ProductVariant/46393440436519;gid://shopify/ProductVariant/46393440436519;AN03337-22;22;3200.0;gid://shopify/Product/8582654787879;Anel Blossom De Prata Com Ouro Amarelo E Safira;1;13;3;AN03337
gid://shopify/ProductVariant/46393440469287;gid://shopify/ProductVariant/46393440469287;AN03338-10;10;3100.0;gid://shopify/Product/8582654820647;Anel Blossom De Prata Com Ródio Negro E Safira;1;13;3;AN03338
gid://shopify/ProductVariant/46393440502055;gid://shopify/ProductVariant/46393440502055;AN03338-11;11;3100.0;gid://shopify/Product/8582654820647;Anel Blossom De Prata Com Ródio Negro E Safira;1;13;3;AN03338
gid://shopify/ProductVariant/46393440534823;gid://shopify/ProductVariant/46393440534823;AN03338-12;12;3100.0;gid://shopify/Product/8582654820647;Anel Blossom De Prata Com Ródio Negro E Safira;1;13;3;AN03338
gid://shopify/ProductVariant/46393440567591;gid://shopify/ProductVariant/46393440567591;AN03338-13;13;3100.0;gid://shopify/Product/8582654820647;Anel Blossom De Prata Com Ródio Negro E Safira;1;13;3;AN03338
gid://shopify/ProductVariant/46393440600359;gid://shopify/ProductVariant/46393440600359;AN03338-14;14;3100.0;gid://shopify/Product/8582654820647;Anel Blossom De Prata Com Ródio Negro E Safira;1;13;3;AN03338
gid://shopify/ProductVariant/46393440665895;gid://shopify/ProductVariant/46393440665895;AN03338-16;16;3100.0;gid://shopify/Product/8582654820647;Anel Blossom De Prata Com Ródio Negro E Safira;1;13;3;AN03338
gid://shopify/ProductVariant/46393440698663;gid://shopify/ProductVariant/46393440698663;AN03338-17;17;3100.0;gid://shopify/Product/8582654820647;Anel Blossom De Prata Com Ródio Negro E Safira;1;13;3;AN03338
gid://shopify/ProductVariant/46393440731431;gid://shopify/ProductVariant/46393440731431;AN03338-18;18;3100.0;gid://shopify/Product/8582654820647;Anel Blossom De Prata Com Ródio Negro E Safira;1;13;3;AN03338
gid://shopify/ProductVariant/46393440764199;gid://shopify/ProductVariant/46393440764199;AN03338-19;19;3100.0;gid://shopify/Product/8582654820647;Anel Blossom De Prata Com Ródio Negro E Safira;1;13;3;AN03338
gid://shopify/ProductVariant/46393440796967;gid://shopify/ProductVariant/46393440796967;AN03338-20;20;3100.0;gid://shopify/Product/8582654820647;Anel Blossom De Prata Com Ródio Negro E Safira;1;13;3;AN03338
gid://shopify/ProductVariant/46393440829735;gid://shopify/ProductVariant/46393440829735;AN03338-21;21;3100.0;gid://shopify/Product/8582654820647;Anel Blossom De Prata Com Ródio Negro E Safira;1;13;3;AN03338
gid://shopify/ProductVariant/46393440862503;gid://shopify/ProductVariant/46393440862503;AN03338-22;22;3100.0;gid://shopify/Product/8582654820647;Anel Blossom De Prata Com Ródio Negro E Safira;1;13;3;AN03338
gid://shopify/ProductVariant/46393441812775;gid://shopify/ProductVariant/46393441812775;AN03342-10;10;1400.0;gid://shopify/Product/8582654984487;Anel Blossom De Prata Com Ródio Negro E Safira;68;13;3;AN03342
gid://shopify/ProductVariant/46393441845543;gid://shopify/ProductVariant/46393441845543;AN03342-11;11;1400.0;gid://shopify/Product/8582654984487;Anel Blossom De Prata Com Ródio Negro E Safira;68;13;3;AN03342
gid://shopify/ProductVariant/46393441878311;gid://shopify/ProductVariant/46393441878311;AN03342-12;12;1400.0;gid://shopify/Product/8582654984487;Anel Blossom De Prata Com Ródio Negro E Safira;68;13;3;AN03342
gid://shopify/ProductVariant/46393441943847;gid://shopify/ProductVariant/46393441943847;AN03342-14;14;1400.0;gid://shopify/Product/8582654984487;Anel Blossom De Prata Com Ródio Negro E Safira;68;13;3;AN03342
gid://shopify/ProductVariant/46393441976615;gid://shopify/ProductVariant/46393441976615;AN03342-15;15;1400.0;gid://shopify/Product/8582654984487;Anel Blossom De Prata Com Ródio Negro E Safira;68;13;3;AN03342
gid://shopify/ProductVariant/46393442042151;gid://shopify/ProductVariant/46393442042151;AN03342-17;17;1400.0;gid://shopify/Product/8582654984487;Anel Blossom De Prata Com Ródio Negro E Safira;68;13;3;AN03342
gid://shopify/ProductVariant/46393442074919;gid://shopify/ProductVariant/46393442074919;AN03342-18;18;1400.0;gid://shopify/Product/8582654984487;Anel Blossom De Prata Com Ródio Negro E Safira;68;13;3;AN03342
gid://shopify/ProductVariant/46393442107687;gid://shopify/ProductVariant/46393442107687;AN03342-19;19;1400.0;gid://shopify/Product/8582654984487;Anel Blossom De Prata Com Ródio Negro E Safira;68;13;3;AN03342
gid://shopify/ProductVariant/46393442140455;gid://shopify/ProductVariant/46393442140455;AN03342-20;20;1400.0;gid://shopify/Product/8582654984487;Anel Blossom De Prata Com Ródio Negro E Safira;68;13;3;AN03342
gid://shopify/ProductVariant/46393442173223;gid://shopify/ProductVariant/46393442173223;AN03342-21;21;1400.0;gid://shopify/Product/8582654984487;Anel Blossom De Prata Com Ródio Negro E Safira;68;13;3;AN03342
gid://shopify/ProductVariant/46393442205991;gid://shopify/ProductVariant/46393442205991;AN03342-22;22;1400.0;gid://shopify/Product/8582654984487;Anel Blossom De Prata Com Ródio Negro E Safira;68;13;3;AN03342
gid://shopify/ProductVariant/46393443156263;gid://shopify/ProductVariant/46393443156263;AN03518-10;10;68000.0;gid://shopify/Product/8582655082791;Anel Celebrate De Ouro Amarelo 18K E Diamante E Esmeralda;1;13;0;AN03518
gid://shopify/ProductVariant/46393443189031;gid://shopify/ProductVariant/46393443189031;AN03518-11;11;68000.0;gid://shopify/Product/8582655082791;Anel Celebrate De Ouro Amarelo 18K E Diamante E Esmeralda;1;13;0;AN03518
gid://shopify/ProductVariant/46393443221799;gid://shopify/ProductVariant/46393443221799;AN03518-12;12;68000.0;gid://shopify/Product/8582655082791;Anel Celebrate De Ouro Amarelo 18K E Diamante E Esmeralda;1;13;0;AN03518
gid://shopify/ProductVariant/46393443254567;gid://shopify/ProductVariant/46393443254567;AN03518-13;13;68000.0;gid://shopify/Product/8582655082791;Anel Celebrate De Ouro Amarelo 18K E Diamante E Esmeralda;1;13;0;AN03518
gid://shopify/ProductVariant/46393443287335;gid://shopify/ProductVariant/46393443287335;AN03518-14;14;68000.0;gid://shopify/Product/8582655082791;Anel Celebrate De Ouro Amarelo 18K E Diamante E Esmeralda;1;13;0;AN03518
gid://shopify/ProductVariant/46393443352871;gid://shopify/ProductVariant/46393443352871;AN03518-16;16;68000.0;gid://shopify/Product/8582655082791;Anel Celebrate De Ouro Amarelo 18K E Diamante E Esmeralda;1;13;0;AN03518
gid://shopify/ProductVariant/46393443385639;gid://shopify/ProductVariant/46393443385639;AN03518-17;17;68000.0;gid://shopify/Product/8582655082791;Anel Celebrate De Ouro Amarelo 18K E Diamante E Esmeralda;1;13;0;AN03518
gid://shopify/ProductVariant/46393443418407;gid://shopify/ProductVariant/46393443418407;AN03518-18;18;68000.0;gid://shopify/Product/8582655082791;Anel Celebrate De Ouro Amarelo 18K E Diamante E Esmeralda;1;13;0;AN03518
gid://shopify/ProductVariant/46393443451175;gid://shopify/ProductVariant/46393443451175;AN03518-19;19;68000.0;gid://shopify/Product/8582655082791;Anel Celebrate De Ouro Amarelo 18K E Diamante E Esmeralda;1;13;0;AN03518
gid://shopify/ProductVariant/46393443483943;gid://shopify/ProductVariant/46393443483943;AN03518-20;20;68000.0;gid://shopify/Product/8582655082791;Anel Celebrate De Ouro Amarelo 18K E Diamante E Esmeralda;1;13;0;AN03518
gid://shopify/ProductVariant/46393443516711;gid://shopify/ProductVariant/46393443516711;AN03518-21;21;68000.0;gid://shopify/Product/8582655082791;Anel Celebrate De Ouro Amarelo 18K E Diamante E Esmeralda;1;13;0;AN03518
gid://shopify/ProductVariant/46393443549479;gid://shopify/ProductVariant/46393443549479;AN03518-22;22;68000.0;gid://shopify/Product/8582655082791;Anel Celebrate De Ouro Amarelo 18K E Diamante E Esmeralda;1;13;0;AN03518
gid://shopify/ProductVariant/46393444335911;gid://shopify/ProductVariant/46393444335911;AN03530-10;10;53000.0;gid://shopify/Product/8582655213863;Anel Celebrate De Ouro Amarelo 18K E Diamante E Esmeralda;1;13;1;AN03530
gid://shopify/ProductVariant/46393444368679;gid://shopify/ProductVariant/46393444368679;AN03530-11;11;53000.0;gid://shopify/Product/8582655213863;Anel Celebrate De Ouro Amarelo 18K E Diamante E Esmeralda;1;13;1;AN03530
gid://shopify/ProductVariant/46393444401447;gid://shopify/ProductVariant/46393444401447;AN03530-12;12;53000.0;gid://shopify/Product/8582655213863;Anel Celebrate De Ouro Amarelo 18K E Diamante E Esmeralda;1;13;1;AN03530
gid://shopify/ProductVariant/46393444434215;gid://shopify/ProductVariant/46393444434215;AN03530-13;13;53000.0;gid://shopify/Product/8582655213863;Anel Celebrate De Ouro Amarelo 18K E Diamante E Esmeralda;1;13;1;AN03530
gid://shopify/ProductVariant/46393444466983;gid://shopify/ProductVariant/46393444466983;AN03530-14;14;53000.0;gid://shopify/Product/8582655213863;Anel Celebrate De Ouro Amarelo 18K E Diamante E Esmeralda;1;13;1;AN03530
gid://shopify/ProductVariant/46393444499751;gid://shopify/ProductVariant/46393444499751;AN03530-15;15;53000.0;gid://shopify/Product/8582655213863;Anel Celebrate De Ouro Amarelo 18K E Diamante E Esmeralda;1;13;1;AN03530
gid://shopify/ProductVariant/46393444565287;gid://shopify/ProductVariant/46393444565287;AN03530-17;17;53000.0;gid://shopify/Product/8582655213863;Anel Celebrate De Ouro Amarelo 18K E Diamante E Esmeralda;1;13;1;AN03530
gid://shopify/ProductVariant/46393444598055;gid://shopify/ProductVariant/46393444598055;AN03530-18;18;53000.0;gid://shopify/Product/8582655213863;Anel Celebrate De Ouro Amarelo 18K E Diamante E Esmeralda;1;13;1;AN03530
gid://shopify/ProductVariant/46393444630823;gid://shopify/ProductVariant/46393444630823;AN03530-19;19;53000.0;gid://shopify/Product/8582655213863;Anel Celebrate De Ouro Amarelo 18K E Diamante E Esmeralda;1;13;1;AN03530
gid://shopify/ProductVariant/46393444663591;gid://shopify/ProductVariant/46393444663591;AN03530-20;20;53000.0;gid://shopify/Product/8582655213863;Anel Celebrate De Ouro Amarelo 18K E Diamante E Esmeralda;1;13;1;AN03530
gid://shopify/ProductVariant/46393444696359;gid://shopify/ProductVariant/46393444696359;AN03530-21;21;53000.0;gid://shopify/Product/8582655213863;Anel Celebrate De Ouro Amarelo 18K E Diamante E Esmeralda;1;13;1;AN03530
gid://shopify/ProductVariant/46393444729127;gid://shopify/ProductVariant/46393444729127;AN03530-22;22;53000.0;gid://shopify/Product/8582655213863;Anel Celebrate De Ouro Amarelo 18K E Diamante E Esmeralda;1;13;1;AN03530
gid://shopify/ProductVariant/46393444860199;gid://shopify/ProductVariant/46393444860199;AN03531-10;10;45000.0;gid://shopify/Product/8582655312167;Anel Celebrate De Ouro Amarelo 18K E Diamante E Esmeralda;1;13;1;AN03531
gid://shopify/ProductVariant/46393444892967;gid://shopify/ProductVariant/46393444892967;AN03531-11;11;45000.0;gid://shopify/Product/8582655312167;Anel Celebrate De Ouro Amarelo 18K E Diamante E Esmeralda;1;13;1;AN03531
gid://shopify/ProductVariant/46393444925735;gid://shopify/ProductVariant/46393444925735;AN03531-12;12;45000.0;gid://shopify/Product/8582655312167;Anel Celebrate De Ouro Amarelo 18K E Diamante E Esmeralda;1;13;1;AN03531
gid://shopify/ProductVariant/46393444958503;gid://shopify/ProductVariant/46393444958503;AN03531-13;13;45000.0;gid://shopify/Product/8582655312167;Anel Celebrate De Ouro Amarelo 18K E Diamante E Esmeralda;1;13;1;AN03531
gid://shopify/ProductVariant/46393444991271;gid://shopify/ProductVariant/46393444991271;AN03531-14;14;45000.0;gid://shopify/Product/8582655312167;Anel Celebrate De Ouro Amarelo 18K E Diamante E Esmeralda;1;13;1;AN03531
gid://shopify/ProductVariant/46393445024039;gid://shopify/ProductVariant/46393445024039;AN03531-15;15;45000.0;gid://shopify/Product/8582655312167;Anel Celebrate De Ouro Amarelo 18K E Diamante E Esmeralda;1;13;1;AN03531
gid://shopify/ProductVariant/46393445089575;gid://shopify/ProductVariant/46393445089575;AN03531-17;17;45000.0;gid://shopify/Product/8582655312167;Anel Celebrate De Ouro Amarelo 18K E Diamante E Esmeralda;1;13;1;AN03531
gid://shopify/ProductVariant/46393445122343;gid://shopify/ProductVariant/46393445122343;AN03531-18;18;45000.0;gid://shopify/Product/8582655312167;Anel Celebrate De Ouro Amarelo 18K E Diamante E Esmeralda;1;13;1;AN03531
gid://shopify/ProductVariant/46393445155111;gid://shopify/ProductVariant/46393445155111;AN03531-19;19;45000.0;gid://shopify/Product/8582655312167;Anel Celebrate De Ouro Amarelo 18K E Diamante E Esmeralda;1;13;1;AN03531
gid://shopify/ProductVariant/46393445187879;gid://shopify/ProductVariant/46393445187879;AN03531-20;20;45000.0;gid://shopify/Product/8582655312167;Anel Celebrate De Ouro Amarelo 18K E Diamante E Esmeralda;1;13;1;AN03531
gid://shopify/ProductVariant/46393445220647;gid://shopify/ProductVariant/46393445220647;AN03531-21;21;45000.0;gid://shopify/Product/8582655312167;Anel Celebrate De Ouro Amarelo 18K E Diamante E Esmeralda;1;13;1;AN03531
gid://shopify/ProductVariant/46393445286183;gid://shopify/ProductVariant/46393445286183;AN03531-22;22;45000.0;gid://shopify/Product/8582655312167;Anel Celebrate De Ouro Amarelo 18K E Diamante E Esmeralda;1;13;1;AN03531
gid://shopify/ProductVariant/46393445548327;gid://shopify/ProductVariant/46393445548327;AN03532-10;10;41000.0;gid://shopify/Product/8582655443239;Anel Celebrate De Ouro Amarelo 18K E Diamante E Esmeralda;0;13;1;AN03532
gid://shopify/ProductVariant/46393445581095;gid://shopify/ProductVariant/46393445581095;AN03532-11;11;41000.0;gid://shopify/Product/8582655443239;Anel Celebrate De Ouro Amarelo 18K E Diamante E Esmeralda;0;13;1;AN03532
gid://shopify/ProductVariant/46393445613863;gid://shopify/ProductVariant/46393445613863;AN03532-12;12;41000.0;gid://shopify/Product/8582655443239;Anel Celebrate De Ouro Amarelo 18K E Diamante E Esmeralda;0;13;1;AN03532
gid://shopify/ProductVariant/46393445646631;gid://shopify/ProductVariant/46393445646631;AN03532-13;13;41000.0;gid://shopify/Product/8582655443239;Anel Celebrate De Ouro Amarelo 18K E Diamante E Esmeralda;0;13;1;AN03532
gid://shopify/ProductVariant/46393445679399;gid://shopify/ProductVariant/46393445679399;AN03532-14;14;41000.0;gid://shopify/Product/8582655443239;Anel Celebrate De Ouro Amarelo 18K E Diamante E Esmeralda;0;13;1;AN03532
gid://shopify/ProductVariant/46393445712167;gid://shopify/ProductVariant/46393445712167;AN03532-15;15;41000.0;gid://shopify/Product/8582655443239;Anel Celebrate De Ouro Amarelo 18K E Diamante E Esmeralda;0;13;1;AN03532
gid://shopify/ProductVariant/46393445744935;gid://shopify/ProductVariant/46393445744935;AN03532-16;16;41000.0;gid://shopify/Product/8582655443239;Anel Celebrate De Ouro Amarelo 18K E Diamante E Esmeralda;0;13;1;AN03532
gid://shopify/ProductVariant/46393445777703;gid://shopify/ProductVariant/46393445777703;AN03532-17;17;41000.0;gid://shopify/Product/8582655443239;Anel Celebrate De Ouro Amarelo 18K E Diamante E Esmeralda;0;13;1;AN03532
gid://shopify/ProductVariant/46393445810471;gid://shopify/ProductVariant/46393445810471;AN03532-18;18;41000.0;gid://shopify/Product/8582655443239;Anel Celebrate De Ouro Amarelo 18K E Diamante E Esmeralda;0;13;1;AN03532
gid://shopify/ProductVariant/46393445843239;gid://shopify/ProductVariant/46393445843239;AN03532-19;19;41000.0;gid://shopify/Product/8582655443239;Anel Celebrate De Ouro Amarelo 18K E Diamante E Esmeralda;0;13;1;AN03532
gid://shopify/ProductVariant/46393445876007;gid://shopify/ProductVariant/46393445876007;AN03532-20;20;41000.0;gid://shopify/Product/8582655443239;Anel Celebrate De Ouro Amarelo 18K E Diamante E Esmeralda;0;13;1;AN03532
gid://shopify/ProductVariant/46393445908775;gid://shopify/ProductVariant/46393445908775;AN03532-21;21;41000.0;gid://shopify/Product/8582655443239;Anel Celebrate De Ouro Amarelo 18K E Diamante E Esmeralda;0;13;1;AN03532
gid://shopify/ProductVariant/46393445941543;gid://shopify/ProductVariant/46393445941543;AN03532-22;22;41000.0;gid://shopify/Product/8582655443239;Anel Celebrate De Ouro Amarelo 18K E Diamante E Esmeralda;0;13;1;AN03532
gid://shopify/ProductVariant/46393446695207;gid://shopify/ProductVariant/46393446695207;AN03506-10;10;7900.0;gid://shopify/Product/8582655705383;Anel Celebrate De Ouro Amarelo 18K E Diamante;68;13;3;AN03506
gid://shopify/ProductVariant/46393446727975;gid://shopify/ProductVariant/46393446727975;AN03506-11;11;7900.0;gid://shopify/Product/8582655705383;Anel Celebrate De Ouro Amarelo 18K E Diamante;68;13;3;AN03506
gid://shopify/ProductVariant/46393446760743;gid://shopify/ProductVariant/46393446760743;AN03506-12;12;7900.0;gid://shopify/Product/8582655705383;Anel Celebrate De Ouro Amarelo 18K E Diamante;68;13;3;AN03506
gid://shopify/ProductVariant/46393446793511;gid://shopify/ProductVariant/46393446793511;AN03506-13;13;7900.0;gid://shopify/Product/8582655705383;Anel Celebrate De Ouro Amarelo 18K E Diamante;68;13;3;AN03506
gid://shopify/ProductVariant/46393446826279;gid://shopify/ProductVariant/46393446826279;AN03506-14;14;7900.0;gid://shopify/Product/8582655705383;Anel Celebrate De Ouro Amarelo 18K E Diamante;68;13;3;AN03506
gid://shopify/ProductVariant/46393446859047;gid://shopify/ProductVariant/46393446859047;AN03506-15;15;7900.0;gid://shopify/Product/8582655705383;Anel Celebrate De Ouro Amarelo 18K E Diamante;68;13;3;AN03506
gid://shopify/ProductVariant/46393446990119;gid://shopify/ProductVariant/46393446990119;AN03506-19;19;7900.0;gid://shopify/Product/8582655705383;Anel Celebrate De Ouro Amarelo 18K E Diamante;68;13;3;AN03506
gid://shopify/ProductVariant/46393447022887;gid://shopify/ProductVariant/46393447022887;AN03506-20;20;7900.0;gid://shopify/Product/8582655705383;Anel Celebrate De Ouro Amarelo 18K E Diamante;68;13;3;AN03506
gid://shopify/ProductVariant/46393447055655;gid://shopify/ProductVariant/46393447055655;AN03506-21;21;7900.0;gid://shopify/Product/8582655705383;Anel Celebrate De Ouro Amarelo 18K E Diamante;68;13;3;AN03506
gid://shopify/ProductVariant/46393447088423;gid://shopify/ProductVariant/46393447088423;AN03506-22;22;7900.0;gid://shopify/Product/8582655705383;Anel Celebrate De Ouro Amarelo 18K E Diamante;68;13;3;AN03506
gid://shopify/ProductVariant/46393447383335;gid://shopify/ProductVariant/46393447383335;AN03513-10;10;5900.0;gid://shopify/Product/8582655901991;Anel Celebrate De Ouro Amarelo 18K E Esmeralda;66;13;3;AN03513
gid://shopify/ProductVariant/46393447416103;gid://shopify/ProductVariant/46393447416103;AN03513-11;11;5900.0;gid://shopify/Product/8582655901991;Anel Celebrate De Ouro Amarelo 18K E Esmeralda;66;13;3;AN03513
gid://shopify/ProductVariant/46393447448871;gid://shopify/ProductVariant/46393447448871;AN03513-12;12;5900.0;gid://shopify/Product/8582655901991;Anel Celebrate De Ouro Amarelo 18K E Esmeralda;66;13;3;AN03513
gid://shopify/ProductVariant/46393447481639;gid://shopify/ProductVariant/46393447481639;AN03513-13;13;5900.0;gid://shopify/Product/8582655901991;Anel Celebrate De Ouro Amarelo 18K E Esmeralda;66;13;3;AN03513
gid://shopify/ProductVariant/46393447514407;gid://shopify/ProductVariant/46393447514407;AN03513-14;14;5900.0;gid://shopify/Product/8582655901991;Anel Celebrate De Ouro Amarelo 18K E Esmeralda;66;13;3;AN03513
gid://shopify/ProductVariant/46393447547175;gid://shopify/ProductVariant/46393447547175;AN03513-15;15;5900.0;gid://shopify/Product/8582655901991;Anel Celebrate De Ouro Amarelo 18K E Esmeralda;66;13;3;AN03513
gid://shopify/ProductVariant/46393447579943;gid://shopify/ProductVariant/46393447579943;AN03513-16;16;5900.0;gid://shopify/Product/8582655901991;Anel Celebrate De Ouro Amarelo 18K E Esmeralda;66;13;3;AN03513
gid://shopify/ProductVariant/46393447612711;gid://shopify/ProductVariant/46393447612711;AN03513-17;17;5900.0;gid://shopify/Product/8582655901991;Anel Celebrate De Ouro Amarelo 18K E Esmeralda;66;13;3;AN03513
gid://shopify/ProductVariant/46393447645479;gid://shopify/ProductVariant/46393447645479;AN03513-18;18;5900.0;gid://shopify/Product/8582655901991;Anel Celebrate De Ouro Amarelo 18K E Esmeralda;66;13;3;AN03513
gid://shopify/ProductVariant/46393447711015;gid://shopify/ProductVariant/46393447711015;AN03513-20;20;5900.0;gid://shopify/Product/8582655901991;Anel Celebrate De Ouro Amarelo 18K E Esmeralda;66;13;3;AN03513
gid://shopify/ProductVariant/46393447743783;gid://shopify/ProductVariant/46393447743783;AN03513-21;21;5900.0;gid://shopify/Product/8582655901991;Anel Celebrate De Ouro Amarelo 18K E Esmeralda;66;13;3;AN03513
gid://shopify/ProductVariant/46393447776551;gid://shopify/ProductVariant/46393447776551;AN03513-22;22;5900.0;gid://shopify/Product/8582655901991;Anel Celebrate De Ouro Amarelo 18K E Esmeralda;66;13;3;AN03513
gid://shopify/ProductVariant/46393447973159;gid://shopify/ProductVariant/46393447973159;AN03505-10;10;11900.0;gid://shopify/Product/8582656098599;Anel Celebrate De Ouro Branco 18K E Diamante;68;13;2;AN03505
gid://shopify/ProductVariant/46393448005927;gid://shopify/ProductVariant/46393448005927;AN03505-11;11;11900.0;gid://shopify/Product/8582656098599;Anel Celebrate De Ouro Branco 18K E Diamante;68;13;2;AN03505
gid://shopify/ProductVariant/46393448038695;gid://shopify/ProductVariant/46393448038695;AN03505-12;12;11900.0;gid://shopify/Product/8582656098599;Anel Celebrate De Ouro Branco 18K E Diamante;68;13;2;AN03505
gid://shopify/ProductVariant/46393448071463;gid://shopify/ProductVariant/46393448071463;AN03505-13;13;11900.0;gid://shopify/Product/8582656098599;Anel Celebrate De Ouro Branco 18K E Diamante;68;13;2;AN03505
gid://shopify/ProductVariant/46393448104231;gid://shopify/ProductVariant/46393448104231;AN03505-14;14;11900.0;gid://shopify/Product/8582656098599;Anel Celebrate De Ouro Branco 18K E Diamante;68;13;2;AN03505
gid://shopify/ProductVariant/46393448169767;gid://shopify/ProductVariant/46393448169767;AN03505-16;16;11900.0;gid://shopify/Product/8582656098599;Anel Celebrate De Ouro Branco 18K E Diamante;68;13;2;AN03505
gid://shopify/ProductVariant/46393448202535;gid://shopify/ProductVariant/46393448202535;AN03505-17;17;11900.0;gid://shopify/Product/8582656098599;Anel Celebrate De Ouro Branco 18K E Diamante;68;13;2;AN03505
gid://shopify/ProductVariant/46393448268071;gid://shopify/ProductVariant/46393448268071;AN03505-19;19;11900.0;gid://shopify/Product/8582656098599;Anel Celebrate De Ouro Branco 18K E Diamante;68;13;2;AN03505
gid://shopify/ProductVariant/46393448300839;gid://shopify/ProductVariant/46393448300839;AN03505-20;20;11900.0;gid://shopify/Product/8582656098599;Anel Celebrate De Ouro Branco 18K E Diamante;68;13;2;AN03505
gid://shopify/ProductVariant/46393448333607;gid://shopify/ProductVariant/46393448333607;AN03505-21;21;11900.0;gid://shopify/Product/8582656098599;Anel Celebrate De Ouro Branco 18K E Diamante;68;13;2;AN03505
gid://shopify/ProductVariant/46393448366375;gid://shopify/ProductVariant/46393448366375;AN03505-22;22;11900.0;gid://shopify/Product/8582656098599;Anel Celebrate De Ouro Branco 18K E Diamante;68;13;2;AN03505
gid://shopify/ProductVariant/46393448628519;gid://shopify/ProductVariant/46393448628519;AN03512-10;10;5900.0;gid://shopify/Product/8582656327975;Anel Celebrate De Ouro Branco 18K E Esmeralda;69;13;3;AN03512
gid://shopify/ProductVariant/46393448661287;gid://shopify/ProductVariant/46393448661287;AN03512-11;11;5900.0;gid://shopify/Product/8582656327975;Anel Celebrate De Ouro Branco 18K E Esmeralda;69;13;3;AN03512
gid://shopify/ProductVariant/46393448694055;gid://shopify/ProductVariant/46393448694055;AN03512-12;12;5900.0;gid://shopify/Product/8582656327975;Anel Celebrate De Ouro Branco 18K E Esmeralda;69;13;3;AN03512
gid://shopify/ProductVariant/46393448726823;gid://shopify/ProductVariant/46393448726823;AN03512-13;13;5900.0;gid://shopify/Product/8582656327975;Anel Celebrate De Ouro Branco 18K E Esmeralda;69;13;3;AN03512
gid://shopify/ProductVariant/46393448759591;gid://shopify/ProductVariant/46393448759591;AN03512-14;14;5900.0;gid://shopify/Product/8582656327975;Anel Celebrate De Ouro Branco 18K E Esmeralda;69;13;3;AN03512
gid://shopify/ProductVariant/46393448792359;gid://shopify/ProductVariant/46393448792359;AN03512-15;15;5900.0;gid://shopify/Product/8582656327975;Anel Celebrate De Ouro Branco 18K E Esmeralda;69;13;3;AN03512
gid://shopify/ProductVariant/46393448825127;gid://shopify/ProductVariant/46393448825127;AN03512-16;16;5900.0;gid://shopify/Product/8582656327975;Anel Celebrate De Ouro Branco 18K E Esmeralda;69;13;3;AN03512
gid://shopify/ProductVariant/46393448923431;gid://shopify/ProductVariant/46393448923431;AN03512-19;19;5900.0;gid://shopify/Product/8582656327975;Anel Celebrate De Ouro Branco 18K E Esmeralda;69;13;3;AN03512
gid://shopify/ProductVariant/46393448988967;gid://shopify/ProductVariant/46393448988967;AN03512-21;21;5900.0;gid://shopify/Product/8582656327975;Anel Celebrate De Ouro Branco 18K E Esmeralda;69;13;3;AN03512
gid://shopify/ProductVariant/46393449021735;gid://shopify/ProductVariant/46393449021735;AN03512-22;22;5900.0;gid://shopify/Product/8582656327975;Anel Celebrate De Ouro Branco 18K E Esmeralda;69;13;3;AN03512
gid://shopify/ProductVariant/46393449120039;gid://shopify/ProductVariant/46393449120039;AN03073-10;10;1100.0;gid://shopify/Product/8582656426279;Anel Chain De Prata Com Ouro Amarelo;72;13;3;AN03073
gid://shopify/ProductVariant/46393449152807;gid://shopify/ProductVariant/46393449152807;AN03073-11;11;1100.0;gid://shopify/Product/8582656426279;Anel Chain De Prata Com Ouro Amarelo;72;13;3;AN03073
gid://shopify/ProductVariant/46393449185575;gid://shopify/ProductVariant/46393449185575;AN03073-12;12;1100.0;gid://shopify/Product/8582656426279;Anel Chain De Prata Com Ouro Amarelo;72;13;3;AN03073
gid://shopify/ProductVariant/46393449218343;gid://shopify/ProductVariant/46393449218343;AN03073-13;13;1100.0;gid://shopify/Product/8582656426279;Anel Chain De Prata Com Ouro Amarelo;72;13;3;AN03073
gid://shopify/ProductVariant/46393449251111;gid://shopify/ProductVariant/46393449251111;AN03073-14;14;1100.0;gid://shopify/Product/8582656426279;Anel Chain De Prata Com Ouro Amarelo;72;13;3;AN03073
gid://shopify/ProductVariant/46393449283879;gid://shopify/ProductVariant/46393449283879;AN03073-15;15;1100.0;gid://shopify/Product/8582656426279;Anel Chain De Prata Com Ouro Amarelo;72;13;3;AN03073
gid://shopify/ProductVariant/46393449382183;gid://shopify/ProductVariant/46393449382183;AN03073-18;18;1100.0;gid://shopify/Product/8582656426279;Anel Chain De Prata Com Ouro Amarelo;72;13;3;AN03073
gid://shopify/ProductVariant/46393449414951;gid://shopify/ProductVariant/46393449414951;AN03073-19;19;1100.0;gid://shopify/Product/8582656426279;Anel Chain De Prata Com Ouro Amarelo;72;13;3;AN03073
gid://shopify/ProductVariant/46393449513255;gid://shopify/ProductVariant/46393449513255;AN03073-22;22;1100.0;gid://shopify/Product/8582656426279;Anel Chain De Prata Com Ouro Amarelo;72;13;3;AN03073
gid://shopify/ProductVariant/46393449939239;gid://shopify/ProductVariant/46393449939239;AN03074-10;10;1100.0;gid://shopify/Product/8582656590119;Anel Chain De Prata Com Ródio Negro;6;13;3;AN03074
gid://shopify/ProductVariant/46393449972007;gid://shopify/ProductVariant/46393449972007;AN03074-11;11;1100.0;gid://shopify/Product/8582656590119;Anel Chain De Prata Com Ródio Negro;6;13;3;AN03074
gid://shopify/ProductVariant/46393450004775;gid://shopify/ProductVariant/46393450004775;AN03074-12;12;1100.0;gid://shopify/Product/8582656590119;Anel Chain De Prata Com Ródio Negro;6;13;3;AN03074
gid://shopify/ProductVariant/46393450135847;gid://shopify/ProductVariant/46393450135847;AN03074-14;14;1100.0;gid://shopify/Product/8582656590119;Anel Chain De Prata Com Ródio Negro;6;13;3;AN03074
gid://shopify/ProductVariant/46393450168615;gid://shopify/ProductVariant/46393450168615;AN03074-15;15;1100.0;gid://shopify/Product/8582656590119;Anel Chain De Prata Com Ródio Negro;6;13;3;AN03074
gid://shopify/ProductVariant/46393450234151;gid://shopify/ProductVariant/46393450234151;AN03074-16;16;1100.0;gid://shopify/Product/8582656590119;Anel Chain De Prata Com Ródio Negro;6;13;3;AN03074
gid://shopify/ProductVariant/46393450266919;gid://shopify/ProductVariant/46393450266919;AN03074-17;17;1100.0;gid://shopify/Product/8582656590119;Anel Chain De Prata Com Ródio Negro;6;13;3;AN03074
gid://shopify/ProductVariant/46393450365223;gid://shopify/ProductVariant/46393450365223;AN03074-19;19;1100.0;gid://shopify/Product/8582656590119;Anel Chain De Prata Com Ródio Negro;6;13;3;AN03074
gid://shopify/ProductVariant/46393450496295;gid://shopify/ProductVariant/46393450496295;AN03074-22;22;1100.0;gid://shopify/Product/8582656590119;Anel Chain De Prata Com Ródio Negro;6;13;3;AN03074
gid://shopify/ProductVariant/46393450594599;gid://shopify/ProductVariant/46393450594599;AL00031-10;10;3100.0;gid://shopify/Product/8582656655655;Alianca Clássico De Ouro Amarelo 18K;68;13;2;AL00031
gid://shopify/ProductVariant/46393450627367;gid://shopify/ProductVariant/46393450627367;AL00031-11;11;3100.0;gid://shopify/Product/8582656655655;Alianca Clássico De Ouro Amarelo 18K;68;13;2;AL00031
gid://shopify/ProductVariant/46393450692903;gid://shopify/ProductVariant/46393450692903;AL00031-13;13;3100.0;gid://shopify/Product/8582656655655;Alianca Clássico De Ouro Amarelo 18K;68;13;2;AL00031
gid://shopify/ProductVariant/46393450725671;gid://shopify/ProductVariant/46393450725671;AL00031-14;14;3100.0;gid://shopify/Product/8582656655655;Alianca Clássico De Ouro Amarelo 18K;68;13;2;AL00031
gid://shopify/ProductVariant/46393450791207;gid://shopify/ProductVariant/46393450791207;AL00031-16;16;3100.0;gid://shopify/Product/8582656655655;Alianca Clássico De Ouro Amarelo 18K;68;13;2;AL00031
gid://shopify/ProductVariant/46393450823975;gid://shopify/ProductVariant/46393450823975;AL00031-17;17;3100.0;gid://shopify/Product/8582656655655;Alianca Clássico De Ouro Amarelo 18K;68;13;2;AL00031
gid://shopify/ProductVariant/46393450856743;gid://shopify/ProductVariant/46393450856743;AL00031-18;18;3100.0;gid://shopify/Product/8582656655655;Alianca Clássico De Ouro Amarelo 18K;68;13;2;AL00031
gid://shopify/ProductVariant/46393450889511;gid://shopify/ProductVariant/46393450889511;AL00031-19;19;3100.0;gid://shopify/Product/8582656655655;Alianca Clássico De Ouro Amarelo 18K;68;13;2;AL00031
gid://shopify/ProductVariant/46393450955047;gid://shopify/ProductVariant/46393450955047;AL00031-21;21;3100.0;gid://shopify/Product/8582656655655;Alianca Clássico De Ouro Amarelo 18K;68;13;2;AL00031
gid://shopify/ProductVariant/46393450987815;gid://shopify/ProductVariant/46393450987815;AL00031-22;22;3100.0;gid://shopify/Product/8582656655655;Alianca Clássico De Ouro Amarelo 18K;68;13;2;AL00031
gid://shopify/ProductVariant/46393451315495;gid://shopify/ProductVariant/46393451315495;AL00037-10;10;4500.0;gid://shopify/Product/8582656786727;Alianca Clássico De Ouro Amarelo 18K;67;13;3;AL00037
gid://shopify/ProductVariant/46393451348263;gid://shopify/ProductVariant/46393451348263;AL00037-11;11;4500.0;gid://shopify/Product/8582656786727;Alianca Clássico De Ouro Amarelo 18K;67;13;3;AL00037
gid://shopify/ProductVariant/46393451381031;gid://shopify/ProductVariant/46393451381031;AL00037-12;12;4500.0;gid://shopify/Product/8582656786727;Alianca Clássico De Ouro Amarelo 18K;67;13;3;AL00037
gid://shopify/ProductVariant/46393451413799;gid://shopify/ProductVariant/46393451413799;AL00037-13;13;4500.0;gid://shopify/Product/8582656786727;Alianca Clássico De Ouro Amarelo 18K;67;13;3;AL00037
gid://shopify/ProductVariant/46393451446567;gid://shopify/ProductVariant/46393451446567;AL00037-14;14;4500.0;gid://shopify/Product/8582656786727;Alianca Clássico De Ouro Amarelo 18K;67;13;3;AL00037
gid://shopify/ProductVariant/46393451479335;gid://shopify/ProductVariant/46393451479335;AL00037-15;15;4500.0;gid://shopify/Product/8582656786727;Alianca Clássico De Ouro Amarelo 18K;67;13;3;AL00037
gid://shopify/ProductVariant/46393451544871;gid://shopify/ProductVariant/46393451544871;AL00037-17;17;4500.0;gid://shopify/Product/8582656786727;Alianca Clássico De Ouro Amarelo 18K;67;13;3;AL00037
gid://shopify/ProductVariant/46393451577639;gid://shopify/ProductVariant/46393451577639;AL00037-18;18;4500.0;gid://shopify/Product/8582656786727;Alianca Clássico De Ouro Amarelo 18K;67;13;3;AL00037
gid://shopify/ProductVariant/46393451610407;gid://shopify/ProductVariant/46393451610407;AL00037-19;19;4500.0;gid://shopify/Product/8582656786727;Alianca Clássico De Ouro Amarelo 18K;67;13;3;AL00037
gid://shopify/ProductVariant/46393451643175;gid://shopify/ProductVariant/46393451643175;AL00037-20;20;4500.0;gid://shopify/Product/8582656786727;Alianca Clássico De Ouro Amarelo 18K;67;13;3;AL00037
gid://shopify/ProductVariant/46393451708711;gid://shopify/ProductVariant/46393451708711;AL00037-22;22;4500.0;gid://shopify/Product/8582656786727;Alianca Clássico De Ouro Amarelo 18K;67;13;3;AL00037
gid://shopify/ProductVariant/46393451741479;gid://shopify/ProductVariant/46393451741479;AL0127-10;10;2600.0;gid://shopify/Product/8582656819495;Alianca Clássico De Ouro Amarelo 18K;67;13;2;AL0127
gid://shopify/ProductVariant/46393451774247;gid://shopify/ProductVariant/46393451774247;AL0127-11;11;2600.0;gid://shopify/Product/8582656819495;Alianca Clássico De Ouro Amarelo 18K;67;13;2;AL0127
gid://shopify/ProductVariant/46393451807015;gid://shopify/ProductVariant/46393451807015;AL0127-12;12;2600.0;gid://shopify/Product/8582656819495;Alianca Clássico De Ouro Amarelo 18K;67;13;2;AL0127
gid://shopify/ProductVariant/46393451839783;gid://shopify/ProductVariant/46393451839783;AL0127-13;13;2600.0;gid://shopify/Product/8582656819495;Alianca Clássico De Ouro Amarelo 18K;67;13;2;AL0127
gid://shopify/ProductVariant/46393451905319;gid://shopify/ProductVariant/46393451905319;AL0127-15;15;2600.0;gid://shopify/Product/8582656819495;Alianca Clássico De Ouro Amarelo 18K;67;13;2;AL0127
gid://shopify/ProductVariant/46393451938087;gid://shopify/ProductVariant/46393451938087;AL0127-16;16;2600.0;gid://shopify/Product/8582656819495;Alianca Clássico De Ouro Amarelo 18K;67;13;2;AL0127
gid://shopify/ProductVariant/46393451970855;gid://shopify/ProductVariant/46393451970855;AL0127-17;17;2600.0;gid://shopify/Product/8582656819495;Alianca Clássico De Ouro Amarelo 18K;67;13;2;AL0127
gid://shopify/ProductVariant/46393452036391;gid://shopify/ProductVariant/46393452036391;AL0127-19;19;2600.0;gid://shopify/Product/8582656819495;Alianca Clássico De Ouro Amarelo 18K;67;13;2;AL0127
gid://shopify/ProductVariant/46393452069159;gid://shopify/ProductVariant/46393452069159;AL0127-20;20;2600.0;gid://shopify/Product/8582656819495;Alianca Clássico De Ouro Amarelo 18K;67;13;2;AL0127
gid://shopify/ProductVariant/46393452101927;gid://shopify/ProductVariant/46393452101927;AL0127-21;21;2600.0;gid://shopify/Product/8582656819495;Alianca Clássico De Ouro Amarelo 18K;67;13;2;AL0127
gid://shopify/ProductVariant/46393452134695;gid://shopify/ProductVariant/46393452134695;AL0127-22;22;2600.0;gid://shopify/Product/8582656819495;Alianca Clássico De Ouro Amarelo 18K;67;13;2;AL0127
gid://shopify/ProductVariant/46393452626215;gid://shopify/ProductVariant/46393452626215;AL0129-10;10;3800.0;gid://shopify/Product/8582657016103;Alianca Clássico De Ouro Amarelo 18K;67;13;2;AL0129
gid://shopify/ProductVariant/46393452658983;gid://shopify/ProductVariant/46393452658983;AL0129-11;11;3800.0;gid://shopify/Product/8582657016103;Alianca Clássico De Ouro Amarelo 18K;67;13;2;AL0129
gid://shopify/ProductVariant/46393452691751;gid://shopify/ProductVariant/46393452691751;AL0129-12;12;3800.0;gid://shopify/Product/8582657016103;Alianca Clássico De Ouro Amarelo 18K;67;13;2;AL0129
gid://shopify/ProductVariant/46393452724519;gid://shopify/ProductVariant/46393452724519;AL0129-13;13;3800.0;gid://shopify/Product/8582657016103;Alianca Clássico De Ouro Amarelo 18K;67;13;2;AL0129
gid://shopify/ProductVariant/46393452757287;gid://shopify/ProductVariant/46393452757287;AL0129-14;14;3800.0;gid://shopify/Product/8582657016103;Alianca Clássico De Ouro Amarelo 18K;67;13;2;AL0129
gid://shopify/ProductVariant/46393452822823;gid://shopify/ProductVariant/46393452822823;AL0129-16;16;3800.0;gid://shopify/Product/8582657016103;Alianca Clássico De Ouro Amarelo 18K;67;13;2;AL0129
gid://shopify/ProductVariant/46393452855591;gid://shopify/ProductVariant/46393452855591;AL0129-17;17;3800.0;gid://shopify/Product/8582657016103;Alianca Clássico De Ouro Amarelo 18K;67;13;2;AL0129
gid://shopify/ProductVariant/46393452888359;gid://shopify/ProductVariant/46393452888359;AL0129-18;18;3800.0;gid://shopify/Product/8582657016103;Alianca Clássico De Ouro Amarelo 18K;67;13;2;AL0129
gid://shopify/ProductVariant/46393452921127;gid://shopify/ProductVariant/46393452921127;AL0129-19;19;3800.0;gid://shopify/Product/8582657016103;Alianca Clássico De Ouro Amarelo 18K;67;13;2;AL0129
gid://shopify/ProductVariant/46393452953895;gid://shopify/ProductVariant/46393452953895;AL0129-20;20;3800.0;gid://shopify/Product/8582657016103;Alianca Clássico De Ouro Amarelo 18K;67;13;2;AL0129
gid://shopify/ProductVariant/46393453019431;gid://shopify/ProductVariant/46393453019431;AL0129-22;22;3800.0;gid://shopify/Product/8582657016103;Alianca Clássico De Ouro Amarelo 18K;67;13;2;AL0129
gid://shopify/ProductVariant/46393453248807;gid://shopify/ProductVariant/46393453248807;AL0131-10;10;5300.0;gid://shopify/Product/8582657147175;Alianca Clássico De Ouro Amarelo 18K;69;13;3;AL0131
gid://shopify/ProductVariant/46393453281575;gid://shopify/ProductVariant/46393453281575;AL0131-11;11;5300.0;gid://shopify/Product/8582657147175;Alianca Clássico De Ouro Amarelo 18K;69;13;3;AL0131
gid://shopify/ProductVariant/46393453314343;gid://shopify/ProductVariant/46393453314343;AL0131-12;12;5300.0;gid://shopify/Product/8582657147175;Alianca Clássico De Ouro Amarelo 18K;69;13;3;AL0131
gid://shopify/ProductVariant/46393453347111;gid://shopify/ProductVariant/46393453347111;AL0131-13;13;5300.0;gid://shopify/Product/8582657147175;Alianca Clássico De Ouro Amarelo 18K;69;13;3;AL0131
gid://shopify/ProductVariant/46393453412647;gid://shopify/ProductVariant/46393453412647;AL0131-15;15;5300.0;gid://shopify/Product/8582657147175;Alianca Clássico De Ouro Amarelo 18K;69;13;3;AL0131
gid://shopify/ProductVariant/46393453445415;gid://shopify/ProductVariant/46393453445415;AL0131-16;16;5300.0;gid://shopify/Product/8582657147175;Alianca Clássico De Ouro Amarelo 18K;69;13;3;AL0131
gid://shopify/ProductVariant/46393453478183;gid://shopify/ProductVariant/46393453478183;AL0131-17;17;5300.0;gid://shopify/Product/8582657147175;Alianca Clássico De Ouro Amarelo 18K;69;13;3;AL0131
gid://shopify/ProductVariant/46393453543719;gid://shopify/ProductVariant/46393453543719;AL0131-19;19;5300.0;gid://shopify/Product/8582657147175;Alianca Clássico De Ouro Amarelo 18K;69;13;3;AL0131
gid://shopify/ProductVariant/46393453576487;gid://shopify/ProductVariant/46393453576487;AL0131-20;20;5300.0;gid://shopify/Product/8582657147175;Alianca Clássico De Ouro Amarelo 18K;69;13;3;AL0131
gid://shopify/ProductVariant/46393453609255;gid://shopify/ProductVariant/46393453609255;AL0131-21;21;5300.0;gid://shopify/Product/8582657147175;Alianca Clássico De Ouro Amarelo 18K;69;13;3;AL0131
gid://shopify/ProductVariant/46393454068007;gid://shopify/ProductVariant/46393454068007;AL00033-10;10;3100.0;gid://shopify/Product/8582657311015;Alianca Clássico De Ouro Branco 18K;70;13;2;AL00033
gid://shopify/ProductVariant/46393454100775;gid://shopify/ProductVariant/46393454100775;AL00033-11;11;3100.0;gid://shopify/Product/8582657311015;Alianca Clássico De Ouro Branco 18K;70;13;2;AL00033
gid://shopify/ProductVariant/46393454133543;gid://shopify/ProductVariant/46393454133543;AL00033-12;12;3100.0;gid://shopify/Product/8582657311015;Alianca Clássico De Ouro Branco 18K;70;13;2;AL00033
gid://shopify/ProductVariant/46393454166311;gid://shopify/ProductVariant/46393454166311;AL00033-13;13;3100.0;gid://shopify/Product/8582657311015;Alianca Clássico De Ouro Branco 18K;70;13;2;AL00033
gid://shopify/ProductVariant/46393454297383;gid://shopify/ProductVariant/46393454297383;AL00033-17;17;3100.0;gid://shopify/Product/8582657311015;Alianca Clássico De Ouro Branco 18K;70;13;2;AL00033
gid://shopify/ProductVariant/46393454330151;gid://shopify/ProductVariant/46393454330151;AL00033-18;18;3100.0;gid://shopify/Product/8582657311015;Alianca Clássico De Ouro Branco 18K;70;13;2;AL00033
gid://shopify/ProductVariant/46393454362919;gid://shopify/ProductVariant/46393454362919;AL00033-19;19;3100.0;gid://shopify/Product/8582657311015;Alianca Clássico De Ouro Branco 18K;70;13;2;AL00033
gid://shopify/ProductVariant/46393454395687;gid://shopify/ProductVariant/46393454395687;AL00033-20;20;3100.0;gid://shopify/Product/8582657311015;Alianca Clássico De Ouro Branco 18K;70;13;2;AL00033
gid://shopify/ProductVariant/46393454428455;gid://shopify/ProductVariant/46393454428455;AL00033-21;21;3100.0;gid://shopify/Product/8582657311015;Alianca Clássico De Ouro Branco 18K;70;13;2;AL00033
gid://shopify/ProductVariant/46393454461223;gid://shopify/ProductVariant/46393454461223;AL00033-22;22;3100.0;gid://shopify/Product/8582657311015;Alianca Clássico De Ouro Branco 18K;70;13;2;AL00033
gid://shopify/ProductVariant/46393454723367;gid://shopify/ProductVariant/46393454723367;AL0119-10;10;2600.0;gid://shopify/Product/8582657442087;Alianca Clássico De Ouro Branco 18K;69;13;1;AL0119
gid://shopify/ProductVariant/46393454756135;gid://shopify/ProductVariant/46393454756135;AL0119-11;11;2600.0;gid://shopify/Product/8582657442087;Alianca Clássico De Ouro Branco 18K;69;13;1;AL0119
gid://shopify/ProductVariant/46393454788903;gid://shopify/ProductVariant/46393454788903;AL0119-12;12;2600.0;gid://shopify/Product/8582657442087;Alianca Clássico De Ouro Branco 18K;69;13;1;AL0119
gid://shopify/ProductVariant/46393454821671;gid://shopify/ProductVariant/46393454821671;AL0119-13;13;2600.0;gid://shopify/Product/8582657442087;Alianca Clássico De Ouro Branco 18K;69;13;1;AL0119
gid://shopify/ProductVariant/46393454919975;gid://shopify/ProductVariant/46393454919975;AL0119-16;16;2600.0;gid://shopify/Product/8582657442087;Alianca Clássico De Ouro Branco 18K;69;13;1;AL0119
gid://shopify/ProductVariant/46393454952743;gid://shopify/ProductVariant/46393454952743;AL0119-17;17;2600.0;gid://shopify/Product/8582657442087;Alianca Clássico De Ouro Branco 18K;69;13;1;AL0119
gid://shopify/ProductVariant/46393455018279;gid://shopify/ProductVariant/46393455018279;AL0119-19;19;2600.0;gid://shopify/Product/8582657442087;Alianca Clássico De Ouro Branco 18K;69;13;1;AL0119
gid://shopify/ProductVariant/46393455051047;gid://shopify/ProductVariant/46393455051047;AL0119-20;20;2600.0;gid://shopify/Product/8582657442087;Alianca Clássico De Ouro Branco 18K;69;13;1;AL0119
gid://shopify/ProductVariant/46393455083815;gid://shopify/ProductVariant/46393455083815;AL0119-21;21;2600.0;gid://shopify/Product/8582657442087;Alianca Clássico De Ouro Branco 18K;69;13;1;AL0119
gid://shopify/ProductVariant/46393455771943;gid://shopify/ProductVariant/46393455771943;AL0121-10;10;3800.0;gid://shopify/Product/8582657573159;Alianca Clássico De Ouro Branco 18K;71;13;3;AL0121
gid://shopify/ProductVariant/46393455804711;gid://shopify/ProductVariant/46393455804711;AL0121-11;11;3800.0;gid://shopify/Product/8582657573159;Alianca Clássico De Ouro Branco 18K;71;13;3;AL0121
gid://shopify/ProductVariant/46393455837479;gid://shopify/ProductVariant/46393455837479;AL0121-12;12;3800.0;gid://shopify/Product/8582657573159;Alianca Clássico De Ouro Branco 18K;71;13;3;AL0121
gid://shopify/ProductVariant/46393455870247;gid://shopify/ProductVariant/46393455870247;AL0121-13;13;3800.0;gid://shopify/Product/8582657573159;Alianca Clássico De Ouro Branco 18K;71;13;3;AL0121
gid://shopify/ProductVariant/46393455968551;gid://shopify/ProductVariant/46393455968551;AL0121-16;16;3800.0;gid://shopify/Product/8582657573159;Alianca Clássico De Ouro Branco 18K;71;13;3;AL0121
gid://shopify/ProductVariant/46393456001319;gid://shopify/ProductVariant/46393456001319;AL0121-17;17;3800.0;gid://shopify/Product/8582657573159;Alianca Clássico De Ouro Branco 18K;71;13;3;AL0121
gid://shopify/ProductVariant/46393456034087;gid://shopify/ProductVariant/46393456034087;AL0121-18;18;3800.0;gid://shopify/Product/8582657573159;Alianca Clássico De Ouro Branco 18K;71;13;3;AL0121
gid://shopify/ProductVariant/46393456066855;gid://shopify/ProductVariant/46393456066855;AL0121-19;19;3800.0;gid://shopify/Product/8582657573159;Alianca Clássico De Ouro Branco 18K;71;13;3;AL0121
gid://shopify/ProductVariant/46393456099623;gid://shopify/ProductVariant/46393456099623;AL0121-20;20;3800.0;gid://shopify/Product/8582657573159;Alianca Clássico De Ouro Branco 18K;71;13;3;AL0121
gid://shopify/ProductVariant/46393456623911;gid://shopify/ProductVariant/46393456623911;AL0123-10;10;5300.0;gid://shopify/Product/8582657736999;Alianca Clássico De Ouro Branco 18K;68;13;2;AL0123
gid://shopify/ProductVariant/46393456656679;gid://shopify/ProductVariant/46393456656679;AL0123-11;11;5300.0;gid://shopify/Product/8582657736999;Alianca Clássico De Ouro Branco 18K;68;13;2;AL0123
gid://shopify/ProductVariant/46393456689447;gid://shopify/ProductVariant/46393456689447;AL0123-12;12;5300.0;gid://shopify/Product/8582657736999;Alianca Clássico De Ouro Branco 18K;68;13;2;AL0123
gid://shopify/ProductVariant/46393456722215;gid://shopify/ProductVariant/46393456722215;AL0123-13;13;5300.0;gid://shopify/Product/8582657736999;Alianca Clássico De Ouro Branco 18K;68;13;2;AL0123
gid://shopify/ProductVariant/46393456754983;gid://shopify/ProductVariant/46393456754983;AL0123-14;14;5300.0;gid://shopify/Product/8582657736999;Alianca Clássico De Ouro Branco 18K;68;13;2;AL0123
gid://shopify/ProductVariant/46393456787751;gid://shopify/ProductVariant/46393456787751;AL0123-15;15;5300.0;gid://shopify/Product/8582657736999;Alianca Clássico De Ouro Branco 18K;68;13;2;AL0123
gid://shopify/ProductVariant/46393456853287;gid://shopify/ProductVariant/46393456853287;AL0123-17;17;5300.0;gid://shopify/Product/8582657736999;Alianca Clássico De Ouro Branco 18K;68;13;2;AL0123
gid://shopify/ProductVariant/46393456918823;gid://shopify/ProductVariant/46393456918823;AL0123-19;19;5300.0;gid://shopify/Product/8582657736999;Alianca Clássico De Ouro Branco 18K;68;13;2;AL0123
gid://shopify/ProductVariant/46393456951591;gid://shopify/ProductVariant/46393456951591;AL0123-20;20;5300.0;gid://shopify/Product/8582657736999;Alianca Clássico De Ouro Branco 18K;68;13;2;AL0123
gid://shopify/ProductVariant/46393456984359;gid://shopify/ProductVariant/46393456984359;AL0123-21;21;5300.0;gid://shopify/Product/8582657736999;Alianca Clássico De Ouro Branco 18K;68;13;2;AL0123
gid://shopify/ProductVariant/46393457213735;gid://shopify/ProductVariant/46393457213735;AL0143-10;10;4500.0;gid://shopify/Product/8582657835303;Alianca Clássico De Ouro Branco 18K;70;13;1;AL0143
gid://shopify/ProductVariant/46393457246503;gid://shopify/ProductVariant/46393457246503;AL0143-11;11;4500.0;gid://shopify/Product/8582657835303;Alianca Clássico De Ouro Branco 18K;70;13;1;AL0143
gid://shopify/ProductVariant/46393457279271;gid://shopify/ProductVariant/46393457279271;AL0143-12;12;4500.0;gid://shopify/Product/8582657835303;Alianca Clássico De Ouro Branco 18K;70;13;1;AL0143
gid://shopify/ProductVariant/46393457312039;gid://shopify/ProductVariant/46393457312039;AL0143-13;13;4500.0;gid://shopify/Product/8582657835303;Alianca Clássico De Ouro Branco 18K;70;13;1;AL0143
gid://shopify/ProductVariant/46393457377575;gid://shopify/ProductVariant/46393457377575;AL0143-15;15;4500.0;gid://shopify/Product/8582657835303;Alianca Clássico De Ouro Branco 18K;70;13;1;AL0143
gid://shopify/ProductVariant/46393457475879;gid://shopify/ProductVariant/46393457475879;AL0143-18;18;4500.0;gid://shopify/Product/8582657835303;Alianca Clássico De Ouro Branco 18K;70;13;1;AL0143
gid://shopify/ProductVariant/46393457508647;gid://shopify/ProductVariant/46393457508647;AL0143-19;19;4500.0;gid://shopify/Product/8582657835303;Alianca Clássico De Ouro Branco 18K;70;13;1;AL0143
gid://shopify/ProductVariant/46393457541415;gid://shopify/ProductVariant/46393457541415;AL0143-20;20;4500.0;gid://shopify/Product/8582657835303;Alianca Clássico De Ouro Branco 18K;70;13;1;AL0143
gid://shopify/ProductVariant/46393457574183;gid://shopify/ProductVariant/46393457574183;AL0143-21;21;4500.0;gid://shopify/Product/8582657835303;Alianca Clássico De Ouro Branco 18K;70;13;1;AL0143
gid://shopify/ProductVariant/46393457606951;gid://shopify/ProductVariant/46393457606951;AL0143-22;22;4500.0;gid://shopify/Product/8582657835303;Alianca Clássico De Ouro Branco 18K;70;13;1;AL0143
gid://shopify/ProductVariant/46393457836327;gid://shopify/ProductVariant/46393457836327;AL00042-10;10;4500.0;gid://shopify/Product/8582657900839;Alianca Clássico De Ouro Rosa 18K;66;13;2;AL00042
gid://shopify/ProductVariant/46393457869095;gid://shopify/ProductVariant/46393457869095;AL00042-11;11;4500.0;gid://shopify/Product/8582657900839;Alianca Clássico De Ouro Rosa 18K;66;13;2;AL00042
gid://shopify/ProductVariant/46393457901863;gid://shopify/ProductVariant/46393457901863;AL00042-12;12;4500.0;gid://shopify/Product/8582657900839;Alianca Clássico De Ouro Rosa 18K;66;13;2;AL00042
gid://shopify/ProductVariant/46393457934631;gid://shopify/ProductVariant/46393457934631;AL00042-13;13;4500.0;gid://shopify/Product/8582657900839;Alianca Clássico De Ouro Rosa 18K;66;13;2;AL00042
gid://shopify/ProductVariant/46393457967399;gid://shopify/ProductVariant/46393457967399;AL00042-14;14;4500.0;gid://shopify/Product/8582657900839;Alianca Clássico De Ouro Rosa 18K;66;13;2;AL00042
gid://shopify/ProductVariant/46393458032935;gid://shopify/ProductVariant/46393458032935;AL00042-16;16;4500.0;gid://shopify/Product/8582657900839;Alianca Clássico De Ouro Rosa 18K;66;13;2;AL00042
gid://shopify/ProductVariant/46393458065703;gid://shopify/ProductVariant/46393458065703;AL00042-17;17;4500.0;gid://shopify/Product/8582657900839;Alianca Clássico De Ouro Rosa 18K;66;13;2;AL00042
gid://shopify/ProductVariant/46393458098471;gid://shopify/ProductVariant/46393458098471;AL00042-18;18;4500.0;gid://shopify/Product/8582657900839;Alianca Clássico De Ouro Rosa 18K;66;13;2;AL00042
gid://shopify/ProductVariant/46393458131239;gid://shopify/ProductVariant/46393458131239;AL00042-19;19;4500.0;gid://shopify/Product/8582657900839;Alianca Clássico De Ouro Rosa 18K;66;13;2;AL00042
gid://shopify/ProductVariant/46393458164007;gid://shopify/ProductVariant/46393458164007;AL00042-20;20;4500.0;gid://shopify/Product/8582657900839;Alianca Clássico De Ouro Rosa 18K;66;13;2;AL00042
gid://shopify/ProductVariant/46393458196775;gid://shopify/ProductVariant/46393458196775;AL00042-21;21;4500.0;gid://shopify/Product/8582657900839;Alianca Clássico De Ouro Rosa 18K;66;13;2;AL00042
gid://shopify/ProductVariant/46393458229543;gid://shopify/ProductVariant/46393458229543;AL00042-22;22;4500.0;gid://shopify/Product/8582657900839;Alianca Clássico De Ouro Rosa 18K;66;13;2;AL00042
gid://shopify/ProductVariant/46393458458919;gid://shopify/ProductVariant/46393458458919;AL00049-10;10;3100.0;gid://shopify/Product/8582657966375;Alianca Clássico De Ouro Rosa 18K;69;13;2;AL00049
gid://shopify/ProductVariant/46393458491687;gid://shopify/ProductVariant/46393458491687;AL00049-11;11;3100.0;gid://shopify/Product/8582657966375;Alianca Clássico De Ouro Rosa 18K;69;13;2;AL00049
gid://shopify/ProductVariant/46393458524455;gid://shopify/ProductVariant/46393458524455;AL00049-12;12;3100.0;gid://shopify/Product/8582657966375;Alianca Clássico De Ouro Rosa 18K;69;13;2;AL00049
gid://shopify/ProductVariant/46393458557223;gid://shopify/ProductVariant/46393458557223;AL00049-13;13;3100.0;gid://shopify/Product/8582657966375;Alianca Clássico De Ouro Rosa 18K;69;13;2;AL00049
gid://shopify/ProductVariant/46393458589991;gid://shopify/ProductVariant/46393458589991;AL00049-14;14;3100.0;gid://shopify/Product/8582657966375;Alianca Clássico De Ouro Rosa 18K;69;13;2;AL00049
gid://shopify/ProductVariant/46393458622759;gid://shopify/ProductVariant/46393458622759;AL00049-15;15;3100.0;gid://shopify/Product/8582657966375;Alianca Clássico De Ouro Rosa 18K;69;13;2;AL00049
gid://shopify/ProductVariant/46393458688295;gid://shopify/ProductVariant/46393458688295;AL00049-17;17;3100.0;gid://shopify/Product/8582657966375;Alianca Clássico De Ouro Rosa 18K;69;13;2;AL00049
gid://shopify/ProductVariant/46393458721063;gid://shopify/ProductVariant/46393458721063;AL00049-18;18;3100.0;gid://shopify/Product/8582657966375;Alianca Clássico De Ouro Rosa 18K;69;13;2;AL00049
gid://shopify/ProductVariant/46393458753831;gid://shopify/ProductVariant/46393458753831;AL00049-19;19;3100.0;gid://shopify/Product/8582657966375;Alianca Clássico De Ouro Rosa 18K;69;13;2;AL00049
gid://shopify/ProductVariant/46393458819367;gid://shopify/ProductVariant/46393458819367;AL00049-21;21;3100.0;gid://shopify/Product/8582657966375;Alianca Clássico De Ouro Rosa 18K;69;13;2;AL00049
gid://shopify/ProductVariant/46393458852135;gid://shopify/ProductVariant/46393458852135;AL00049-22;22;3100.0;gid://shopify/Product/8582657966375;Alianca Clássico De Ouro Rosa 18K;69;13;2;AL00049
gid://shopify/ProductVariant/46393459015975;gid://shopify/ProductVariant/46393459015975;AL00069-10;10;2600.0;gid://shopify/Product/8582658031911;Alianca Clássico De Ouro Rosa 18K;69;13;3;AL00069
gid://shopify/ProductVariant/46393459048743;gid://shopify/ProductVariant/46393459048743;AL00069-11;11;2600.0;gid://shopify/Product/8582658031911;Alianca Clássico De Ouro Rosa 18K;69;13;3;AL00069
gid://shopify/ProductVariant/46393459081511;gid://shopify/ProductVariant/46393459081511;AL00069-12;12;2600.0;gid://shopify/Product/8582658031911;Alianca Clássico De Ouro Rosa 18K;69;13;3;AL00069
gid://shopify/ProductVariant/46393459114279;gid://shopify/ProductVariant/46393459114279;AL00069-13;13;2600.0;gid://shopify/Product/8582658031911;Alianca Clássico De Ouro Rosa 18K;69;13;3;AL00069
gid://shopify/ProductVariant/46393459147047;gid://shopify/ProductVariant/46393459147047;AL00069-14;14;2600.0;gid://shopify/Product/8582658031911;Alianca Clássico De Ouro Rosa 18K;69;13;3;AL00069
gid://shopify/ProductVariant/46393459212583;gid://shopify/ProductVariant/46393459212583;AL00069-16;16;2600.0;gid://shopify/Product/8582658031911;Alianca Clássico De Ouro Rosa 18K;69;13;3;AL00069
gid://shopify/ProductVariant/46393459245351;gid://shopify/ProductVariant/46393459245351;AL00069-17;17;2600.0;gid://shopify/Product/8582658031911;Alianca Clássico De Ouro Rosa 18K;69;13;3;AL00069
gid://shopify/ProductVariant/46393459278119;gid://shopify/ProductVariant/46393459278119;AL00069-18;18;2600.0;gid://shopify/Product/8582658031911;Alianca Clássico De Ouro Rosa 18K;69;13;3;AL00069
gid://shopify/ProductVariant/46393459310887;gid://shopify/ProductVariant/46393459310887;AL00069-19;19;2600.0;gid://shopify/Product/8582658031911;Alianca Clássico De Ouro Rosa 18K;69;13;3;AL00069
gid://shopify/ProductVariant/46393459376423;gid://shopify/ProductVariant/46393459376423;AL00069-21;21;2600.0;gid://shopify/Product/8582658031911;Alianca Clássico De Ouro Rosa 18K;69;13;3;AL00069
gid://shopify/ProductVariant/46393459409191;gid://shopify/ProductVariant/46393459409191;AL00069-22;22;2600.0;gid://shopify/Product/8582658031911;Alianca Clássico De Ouro Rosa 18K;69;13;3;AL00069
gid://shopify/ProductVariant/46393459704103;gid://shopify/ProductVariant/46393459704103;AL02775-10;10;3800.0;gid://shopify/Product/8582658162983;Alianca Clássico De Ouro Rosa 18K;65;13;1;AL02775
gid://shopify/ProductVariant/46393459736871;gid://shopify/ProductVariant/46393459736871;AL02775-11;11;3800.0;gid://shopify/Product/8582658162983;Alianca Clássico De Ouro Rosa 18K;65;13;1;AL02775
gid://shopify/ProductVariant/46393459769639;gid://shopify/ProductVariant/46393459769639;AL02775-12;12;3800.0;gid://shopify/Product/8582658162983;Alianca Clássico De Ouro Rosa 18K;65;13;1;AL02775
gid://shopify/ProductVariant/46393459802407;gid://shopify/ProductVariant/46393459802407;AL02775-13;13;3800.0;gid://shopify/Product/8582658162983;Alianca Clássico De Ouro Rosa 18K;65;13;1;AL02775
gid://shopify/ProductVariant/46393459835175;gid://shopify/ProductVariant/46393459835175;AL02775-14;14;3800.0;gid://shopify/Product/8582658162983;Alianca Clássico De Ouro Rosa 18K;65;13;1;AL02775
gid://shopify/ProductVariant/46393459867943;gid://shopify/ProductVariant/46393459867943;AL02775-15;15;3800.0;gid://shopify/Product/8582658162983;Alianca Clássico De Ouro Rosa 18K;65;13;1;AL02775
gid://shopify/ProductVariant/46393459900711;gid://shopify/ProductVariant/46393459900711;AL02775-16;16;3800.0;gid://shopify/Product/8582658162983;Alianca Clássico De Ouro Rosa 18K;65;13;1;AL02775
gid://shopify/ProductVariant/46393459933479;gid://shopify/ProductVariant/46393459933479;AL02775-17;17;3800.0;gid://shopify/Product/8582658162983;Alianca Clássico De Ouro Rosa 18K;65;13;1;AL02775
gid://shopify/ProductVariant/46393459966247;gid://shopify/ProductVariant/46393459966247;AL02775-18;18;3800.0;gid://shopify/Product/8582658162983;Alianca Clássico De Ouro Rosa 18K;65;13;1;AL02775
gid://shopify/ProductVariant/46393459999015;gid://shopify/ProductVariant/46393459999015;AL02775-19;19;3800.0;gid://shopify/Product/8582658162983;Alianca Clássico De Ouro Rosa 18K;65;13;1;AL02775
gid://shopify/ProductVariant/46393460031783;gid://shopify/ProductVariant/46393460031783;AL02775-20;20;3800.0;gid://shopify/Product/8582658162983;Alianca Clássico De Ouro Rosa 18K;65;13;1;AL02775
gid://shopify/ProductVariant/46393460064551;gid://shopify/ProductVariant/46393460064551;AL02775-21;21;3800.0;gid://shopify/Product/8582658162983;Alianca Clássico De Ouro Rosa 18K;65;13;1;AL02775
gid://shopify/ProductVariant/46393460097319;gid://shopify/ProductVariant/46393460097319;AL02775-22;22;3800.0;gid://shopify/Product/8582658162983;Alianca Clássico De Ouro Rosa 18K;65;13;1;AL02775
gid://shopify/ProductVariant/46393460621607;gid://shopify/ProductVariant/46393460621607;AN03191-10;10;7700.0;gid://shopify/Product/8582658294055;Anel Deco 2019 De Ouro Amarelo 18K E Diamante;66;13;2;AN03191
gid://shopify/ProductVariant/46393460654375;gid://shopify/ProductVariant/46393460654375;AN03191-11;11;7700.0;gid://shopify/Product/8582658294055;Anel Deco 2019 De Ouro Amarelo 18K E Diamante;66;13;2;AN03191
gid://shopify/ProductVariant/46393460687143;gid://shopify/ProductVariant/46393460687143;AN03191-12;12;7700.0;gid://shopify/Product/8582658294055;Anel Deco 2019 De Ouro Amarelo 18K E Diamante;66;13;2;AN03191
gid://shopify/ProductVariant/46393460719911;gid://shopify/ProductVariant/46393460719911;AN03191-13;13;7700.0;gid://shopify/Product/8582658294055;Anel Deco 2019 De Ouro Amarelo 18K E Diamante;66;13;2;AN03191
gid://shopify/ProductVariant/46393460752679;gid://shopify/ProductVariant/46393460752679;AN03191-14;14;7700.0;gid://shopify/Product/8582658294055;Anel Deco 2019 De Ouro Amarelo 18K E Diamante;66;13;2;AN03191
gid://shopify/ProductVariant/46393460785447;gid://shopify/ProductVariant/46393460785447;AN03191-15;15;7700.0;gid://shopify/Product/8582658294055;Anel Deco 2019 De Ouro Amarelo 18K E Diamante;66;13;2;AN03191
gid://shopify/ProductVariant/46393460850983;gid://shopify/ProductVariant/46393460850983;AN03191-17;17;7700.0;gid://shopify/Product/8582658294055;Anel Deco 2019 De Ouro Amarelo 18K E Diamante;66;13;2;AN03191
gid://shopify/ProductVariant/46393460883751;gid://shopify/ProductVariant/46393460883751;AN03191-18;18;7700.0;gid://shopify/Product/8582658294055;Anel Deco 2019 De Ouro Amarelo 18K E Diamante;66;13;2;AN03191
gid://shopify/ProductVariant/46393460916519;gid://shopify/ProductVariant/46393460916519;AN03191-19;19;7700.0;gid://shopify/Product/8582658294055;Anel Deco 2019 De Ouro Amarelo 18K E Diamante;66;13;2;AN03191
gid://shopify/ProductVariant/46393460949287;gid://shopify/ProductVariant/46393460949287;AN03191-20;20;7700.0;gid://shopify/Product/8582658294055;Anel Deco 2019 De Ouro Amarelo 18K E Diamante;66;13;2;AN03191
gid://shopify/ProductVariant/46393460982055;gid://shopify/ProductVariant/46393460982055;AN03191-21;21;7700.0;gid://shopify/Product/8582658294055;Anel Deco 2019 De Ouro Amarelo 18K E Diamante;66;13;2;AN03191
gid://shopify/ProductVariant/46393461014823;gid://shopify/ProductVariant/46393461014823;AN03191-22;22;7700.0;gid://shopify/Product/8582658294055;Anel Deco 2019 De Ouro Amarelo 18K E Diamante;66;13;2;AN03191
gid://shopify/ProductVariant/46393461080359;gid://shopify/ProductVariant/46393461080359;AN03190-10;10;8300.0;gid://shopify/Product/8582658359591;Anel Deco 2019 De Ouro Branco 18K Com Ródio Negro E Diamante;67;13;2;AN03190
gid://shopify/ProductVariant/46393461113127;gid://shopify/ProductVariant/46393461113127;AN03190-11;11;8300.0;gid://shopify/Product/8582658359591;Anel Deco 2019 De Ouro Branco 18K Com Ródio Negro E Diamante;67;13;2;AN03190
gid://shopify/ProductVariant/46393461145895;gid://shopify/ProductVariant/46393461145895;AN03190-12;12;8300.0;gid://shopify/Product/8582658359591;Anel Deco 2019 De Ouro Branco 18K Com Ródio Negro E Diamante;67;13;2;AN03190
gid://shopify/ProductVariant/46393461178663;gid://shopify/ProductVariant/46393461178663;AN03190-13;13;8300.0;gid://shopify/Product/8582658359591;Anel Deco 2019 De Ouro Branco 18K Com Ródio Negro E Diamante;67;13;2;AN03190
gid://shopify/ProductVariant/46393461211431;gid://shopify/ProductVariant/46393461211431;AN03190-14;14;8300.0;gid://shopify/Product/8582658359591;Anel Deco 2019 De Ouro Branco 18K Com Ródio Negro E Diamante;67;13;2;AN03190
gid://shopify/ProductVariant/46393461244199;gid://shopify/ProductVariant/46393461244199;AN03190-15;15;8300.0;gid://shopify/Product/8582658359591;Anel Deco 2019 De Ouro Branco 18K Com Ródio Negro E Diamante;67;13;2;AN03190
gid://shopify/ProductVariant/46393461342503;gid://shopify/ProductVariant/46393461342503;AN03190-18;18;8300.0;gid://shopify/Product/8582658359591;Anel Deco 2019 De Ouro Branco 18K Com Ródio Negro E Diamante;67;13;2;AN03190
gid://shopify/ProductVariant/46393461375271;gid://shopify/ProductVariant/46393461375271;AN03190-19;19;8300.0;gid://shopify/Product/8582658359591;Anel Deco 2019 De Ouro Branco 18K Com Ródio Negro E Diamante;67;13;2;AN03190
gid://shopify/ProductVariant/46393461408039;gid://shopify/ProductVariant/46393461408039;AN03190-20;20;8300.0;gid://shopify/Product/8582658359591;Anel Deco 2019 De Ouro Branco 18K Com Ródio Negro E Diamante;67;13;2;AN03190
gid://shopify/ProductVariant/46393461440807;gid://shopify/ProductVariant/46393461440807;AN03190-21;21;8300.0;gid://shopify/Product/8582658359591;Anel Deco 2019 De Ouro Branco 18K Com Ródio Negro E Diamante;67;13;2;AN03190
gid://shopify/ProductVariant/46393461473575;gid://shopify/ProductVariant/46393461473575;AN03190-22;22;8300.0;gid://shopify/Product/8582658359591;Anel Deco 2019 De Ouro Branco 18K Com Ródio Negro E Diamante;67;13;2;AN03190
gid://shopify/ProductVariant/46393461604647;gid://shopify/ProductVariant/46393461604647;AN03189-10;10;9800.0;gid://shopify/Product/8582658457895;Anel Deco 2019 De Ouro Branco 18K E Diamante;65;13;2;AN03189
gid://shopify/ProductVariant/46393461637415;gid://shopify/ProductVariant/46393461637415;AN03189-11;11;9800.0;gid://shopify/Product/8582658457895;Anel Deco 2019 De Ouro Branco 18K E Diamante;65;13;2;AN03189
gid://shopify/ProductVariant/46393461670183;gid://shopify/ProductVariant/46393461670183;AN03189-12;12;9800.0;gid://shopify/Product/8582658457895;Anel Deco 2019 De Ouro Branco 18K E Diamante;65;13;2;AN03189
gid://shopify/ProductVariant/46393461702951;gid://shopify/ProductVariant/46393461702951;AN03189-13;13;9800.0;gid://shopify/Product/8582658457895;Anel Deco 2019 De Ouro Branco 18K E Diamante;65;13;2;AN03189
gid://shopify/ProductVariant/46393461735719;gid://shopify/ProductVariant/46393461735719;AN03189-14;14;9800.0;gid://shopify/Product/8582658457895;Anel Deco 2019 De Ouro Branco 18K E Diamante;65;13;2;AN03189
gid://shopify/ProductVariant/46393461768487;gid://shopify/ProductVariant/46393461768487;AN03189-15;15;9800.0;gid://shopify/Product/8582658457895;Anel Deco 2019 De Ouro Branco 18K E Diamante;65;13;2;AN03189
gid://shopify/ProductVariant/46393461801255;gid://shopify/ProductVariant/46393461801255;AN03189-16;16;9800.0;gid://shopify/Product/8582658457895;Anel Deco 2019 De Ouro Branco 18K E Diamante;65;13;2;AN03189
gid://shopify/ProductVariant/46393461834023;gid://shopify/ProductVariant/46393461834023;AN03189-17;17;9800.0;gid://shopify/Product/8582658457895;Anel Deco 2019 De Ouro Branco 18K E Diamante;65;13;2;AN03189
gid://shopify/ProductVariant/46393461866791;gid://shopify/ProductVariant/46393461866791;AN03189-18;18;9800.0;gid://shopify/Product/8582658457895;Anel Deco 2019 De Ouro Branco 18K E Diamante;65;13;2;AN03189
gid://shopify/ProductVariant/46393461899559;gid://shopify/ProductVariant/46393461899559;AN03189-19;19;9800.0;gid://shopify/Product/8582658457895;Anel Deco 2019 De Ouro Branco 18K E Diamante;65;13;2;AN03189
gid://shopify/ProductVariant/46393461932327;gid://shopify/ProductVariant/46393461932327;AN03189-20;20;9800.0;gid://shopify/Product/8582658457895;Anel Deco 2019 De Ouro Branco 18K E Diamante;65;13;2;AN03189
gid://shopify/ProductVariant/46393461965095;gid://shopify/ProductVariant/46393461965095;AN03189-21;21;9800.0;gid://shopify/Product/8582658457895;Anel Deco 2019 De Ouro Branco 18K E Diamante;65;13;2;AN03189
gid://shopify/ProductVariant/46393461997863;gid://shopify/ProductVariant/46393461997863;AN03189-22;22;9800.0;gid://shopify/Product/8582658457895;Anel Deco 2019 De Ouro Branco 18K E Diamante;65;13;2;AN03189
gid://shopify/ProductVariant/46393462030631;gid://shopify/ProductVariant/46393462030631;AN03556-10;10;11500.0;gid://shopify/Product/8582658490663;Anel Dolce Vita De Ouro Amarelo 18K E Ágata E Diamante;65;13;2;AN03556
gid://shopify/ProductVariant/46393462063399;gid://shopify/ProductVariant/46393462063399;AN03556-11;11;11500.0;gid://shopify/Product/8582658490663;Anel Dolce Vita De Ouro Amarelo 18K E Ágata E Diamante;65;13;2;AN03556
gid://shopify/ProductVariant/46393462096167;gid://shopify/ProductVariant/46393462096167;AN03556-12;12;11500.0;gid://shopify/Product/8582658490663;Anel Dolce Vita De Ouro Amarelo 18K E Ágata E Diamante;65;13;2;AN03556
gid://shopify/ProductVariant/46393462128935;gid://shopify/ProductVariant/46393462128935;AN03556-13;13;11500.0;gid://shopify/Product/8582658490663;Anel Dolce Vita De Ouro Amarelo 18K E Ágata E Diamante;65;13;2;AN03556
gid://shopify/ProductVariant/46393462161703;gid://shopify/ProductVariant/46393462161703;AN03556-14;14;11500.0;gid://shopify/Product/8582658490663;Anel Dolce Vita De Ouro Amarelo 18K E Ágata E Diamante;65;13;2;AN03556
gid://shopify/ProductVariant/46393462194471;gid://shopify/ProductVariant/46393462194471;AN03556-15;15;11500.0;gid://shopify/Product/8582658490663;Anel Dolce Vita De Ouro Amarelo 18K E Ágata E Diamante;65;13;2;AN03556
gid://shopify/ProductVariant/46393462227239;gid://shopify/ProductVariant/46393462227239;AN03556-16;16;11500.0;gid://shopify/Product/8582658490663;Anel Dolce Vita De Ouro Amarelo 18K E Ágata E Diamante;65;13;2;AN03556
gid://shopify/ProductVariant/46393462260007;gid://shopify/ProductVariant/46393462260007;AN03556-17;17;11500.0;gid://shopify/Product/8582658490663;Anel Dolce Vita De Ouro Amarelo 18K E Ágata E Diamante;65;13;2;AN03556
gid://shopify/ProductVariant/46393462292775;gid://shopify/ProductVariant/46393462292775;AN03556-18;18;11500.0;gid://shopify/Product/8582658490663;Anel Dolce Vita De Ouro Amarelo 18K E Ágata E Diamante;65;13;2;AN03556
gid://shopify/ProductVariant/46393462325543;gid://shopify/ProductVariant/46393462325543;AN03556-19;19;11500.0;gid://shopify/Product/8582658490663;Anel Dolce Vita De Ouro Amarelo 18K E Ágata E Diamante;65;13;2;AN03556
gid://shopify/ProductVariant/46393462358311;gid://shopify/ProductVariant/46393462358311;AN03556-20;20;11500.0;gid://shopify/Product/8582658490663;Anel Dolce Vita De Ouro Amarelo 18K E Ágata E Diamante;65;13;2;AN03556
gid://shopify/ProductVariant/46393462391079;gid://shopify/ProductVariant/46393462391079;AN03556-21;21;11500.0;gid://shopify/Product/8582658490663;Anel Dolce Vita De Ouro Amarelo 18K E Ágata E Diamante;65;13;2;AN03556
gid://shopify/ProductVariant/46393462423847;gid://shopify/ProductVariant/46393462423847;AN03556-22;22;11500.0;gid://shopify/Product/8582658490663;Anel Dolce Vita De Ouro Amarelo 18K E Ágata E Diamante;65;13;2;AN03556
gid://shopify/ProductVariant/46393462751527;gid://shopify/ProductVariant/46393462751527;AN03557-10;10;11500.0;gid://shopify/Product/8582658588967;Anel Dolce Vita De Ouro Amarelo 18K E Safira E Quartzo;66;13;2;AN03557
gid://shopify/ProductVariant/46393462784295;gid://shopify/ProductVariant/46393462784295;AN03557-11;11;11500.0;gid://shopify/Product/8582658588967;Anel Dolce Vita De Ouro Amarelo 18K E Safira E Quartzo;66;13;2;AN03557
gid://shopify/ProductVariant/46393462817063;gid://shopify/ProductVariant/46393462817063;AN03557-12;12;11500.0;gid://shopify/Product/8582658588967;Anel Dolce Vita De Ouro Amarelo 18K E Safira E Quartzo;66;13;2;AN03557
gid://shopify/ProductVariant/46393462849831;gid://shopify/ProductVariant/46393462849831;AN03557-13;13;11500.0;gid://shopify/Product/8582658588967;Anel Dolce Vita De Ouro Amarelo 18K E Safira E Quartzo;66;13;2;AN03557
gid://shopify/ProductVariant/46393462882599;gid://shopify/ProductVariant/46393462882599;AN03557-14;14;11500.0;gid://shopify/Product/8582658588967;Anel Dolce Vita De Ouro Amarelo 18K E Safira E Quartzo;66;13;2;AN03557
gid://shopify/ProductVariant/46393462915367;gid://shopify/ProductVariant/46393462915367;AN03557-15;15;11500.0;gid://shopify/Product/8582658588967;Anel Dolce Vita De Ouro Amarelo 18K E Safira E Quartzo;66;13;2;AN03557
gid://shopify/ProductVariant/46393462948135;gid://shopify/ProductVariant/46393462948135;AN03557-16;16;11500.0;gid://shopify/Product/8582658588967;Anel Dolce Vita De Ouro Amarelo 18K E Safira E Quartzo;66;13;2;AN03557
gid://shopify/ProductVariant/46393462980903;gid://shopify/ProductVariant/46393462980903;AN03557-17;17;11500.0;gid://shopify/Product/8582658588967;Anel Dolce Vita De Ouro Amarelo 18K E Safira E Quartzo;66;13;2;AN03557
gid://shopify/ProductVariant/46393463046439;gid://shopify/ProductVariant/46393463046439;AN03557-19;19;11500.0;gid://shopify/Product/8582658588967;Anel Dolce Vita De Ouro Amarelo 18K E Safira E Quartzo;66;13;2;AN03557
gid://shopify/ProductVariant/46393463079207;gid://shopify/ProductVariant/46393463079207;AN03557-20;20;11500.0;gid://shopify/Product/8582658588967;Anel Dolce Vita De Ouro Amarelo 18K E Safira E Quartzo;66;13;2;AN03557
gid://shopify/ProductVariant/46393463111975;gid://shopify/ProductVariant/46393463111975;AN03557-21;21;11500.0;gid://shopify/Product/8582658588967;Anel Dolce Vita De Ouro Amarelo 18K E Safira E Quartzo;66;13;2;AN03557
gid://shopify/ProductVariant/46393463144743;gid://shopify/ProductVariant/46393463144743;AN03557-22;22;11500.0;gid://shopify/Product/8582658588967;Anel Dolce Vita De Ouro Amarelo 18K E Safira E Quartzo;66;13;2;AN03557
gid://shopify/ProductVariant/46393463701799;gid://shopify/ProductVariant/46393463701799;AN03558-10;10;15200.0;gid://shopify/Product/8582658654503;Anel Dolce Vita De Ouro Amarelo 18K E Turquesa E Diamante;65;13;2;AN03558
gid://shopify/ProductVariant/46393463734567;gid://shopify/ProductVariant/46393463734567;AN03558-11;11;15200.0;gid://shopify/Product/8582658654503;Anel Dolce Vita De Ouro Amarelo 18K E Turquesa E Diamante;65;13;2;AN03558
gid://shopify/ProductVariant/46393463767335;gid://shopify/ProductVariant/46393463767335;AN03558-12;12;15200.0;gid://shopify/Product/8582658654503;Anel Dolce Vita De Ouro Amarelo 18K E Turquesa E Diamante;65;13;2;AN03558
gid://shopify/ProductVariant/46393463800103;gid://shopify/ProductVariant/46393463800103;AN03558-13;13;15200.0;gid://shopify/Product/8582658654503;Anel Dolce Vita De Ouro Amarelo 18K E Turquesa E Diamante;65;13;2;AN03558
gid://shopify/ProductVariant/46393463832871;gid://shopify/ProductVariant/46393463832871;AN03558-14;14;15200.0;gid://shopify/Product/8582658654503;Anel Dolce Vita De Ouro Amarelo 18K E Turquesa E Diamante;65;13;2;AN03558
gid://shopify/ProductVariant/46393463865639;gid://shopify/ProductVariant/46393463865639;AN03558-15;15;15200.0;gid://shopify/Product/8582658654503;Anel Dolce Vita De Ouro Amarelo 18K E Turquesa E Diamante;65;13;2;AN03558
gid://shopify/ProductVariant/46393463898407;gid://shopify/ProductVariant/46393463898407;AN03558-16;16;15200.0;gid://shopify/Product/8582658654503;Anel Dolce Vita De Ouro Amarelo 18K E Turquesa E Diamante;65;13;2;AN03558
gid://shopify/ProductVariant/46393463931175;gid://shopify/ProductVariant/46393463931175;AN03558-17;17;15200.0;gid://shopify/Product/8582658654503;Anel Dolce Vita De Ouro Amarelo 18K E Turquesa E Diamante;65;13;2;AN03558
gid://shopify/ProductVariant/46393463963943;gid://shopify/ProductVariant/46393463963943;AN03558-18;18;15200.0;gid://shopify/Product/8582658654503;Anel Dolce Vita De Ouro Amarelo 18K E Turquesa E Diamante;65;13;2;AN03558
gid://shopify/ProductVariant/46393463996711;gid://shopify/ProductVariant/46393463996711;AN03558-19;19;15200.0;gid://shopify/Product/8582658654503;Anel Dolce Vita De Ouro Amarelo 18K E Turquesa E Diamante;65;13;2;AN03558
gid://shopify/ProductVariant/46393464029479;gid://shopify/ProductVariant/46393464029479;AN03558-20;20;15200.0;gid://shopify/Product/8582658654503;Anel Dolce Vita De Ouro Amarelo 18K E Turquesa E Diamante;65;13;2;AN03558
gid://shopify/ProductVariant/46393464062247;gid://shopify/ProductVariant/46393464062247;AN03558-21;21;15200.0;gid://shopify/Product/8582658654503;Anel Dolce Vita De Ouro Amarelo 18K E Turquesa E Diamante;65;13;2;AN03558
gid://shopify/ProductVariant/46393464095015;gid://shopify/ProductVariant/46393464095015;AN03558-22;22;15200.0;gid://shopify/Product/8582658654503;Anel Dolce Vita De Ouro Amarelo 18K E Turquesa E Diamante;65;13;2;AN03558
gid://shopify/ProductVariant/46393464258855;gid://shopify/ProductVariant/46393464258855;AN03559-10;10;11500.0;gid://shopify/Product/8582658720039;Anel Dolce Vita De Ouro Amarelo 18K E Ágata E Diamante;65;13;2;AN03559
gid://shopify/ProductVariant/46393464291623;gid://shopify/ProductVariant/46393464291623;AN03559-11;11;11500.0;gid://shopify/Product/8582658720039;Anel Dolce Vita De Ouro Amarelo 18K E Ágata E Diamante;65;13;2;AN03559
gid://shopify/ProductVariant/46393464324391;gid://shopify/ProductVariant/46393464324391;AN03559-12;12;11500.0;gid://shopify/Product/8582658720039;Anel Dolce Vita De Ouro Amarelo 18K E Ágata E Diamante;65;13;2;AN03559
gid://shopify/ProductVariant/46393464357159;gid://shopify/ProductVariant/46393464357159;AN03559-13;13;11500.0;gid://shopify/Product/8582658720039;Anel Dolce Vita De Ouro Amarelo 18K E Ágata E Diamante;65;13;2;AN03559
gid://shopify/ProductVariant/46393464389927;gid://shopify/ProductVariant/46393464389927;AN03559-14;14;11500.0;gid://shopify/Product/8582658720039;Anel Dolce Vita De Ouro Amarelo 18K E Ágata E Diamante;65;13;2;AN03559
gid://shopify/ProductVariant/46393464422695;gid://shopify/ProductVariant/46393464422695;AN03559-15;15;11500.0;gid://shopify/Product/8582658720039;Anel Dolce Vita De Ouro Amarelo 18K E Ágata E Diamante;65;13;2;AN03559
gid://shopify/ProductVariant/46393464455463;gid://shopify/ProductVariant/46393464455463;AN03559-16;16;11500.0;gid://shopify/Product/8582658720039;Anel Dolce Vita De Ouro Amarelo 18K E Ágata E Diamante;65;13;2;AN03559
gid://shopify/ProductVariant/46393464488231;gid://shopify/ProductVariant/46393464488231;AN03559-17;17;11500.0;gid://shopify/Product/8582658720039;Anel Dolce Vita De Ouro Amarelo 18K E Ágata E Diamante;65;13;2;AN03559
gid://shopify/ProductVariant/46393464520999;gid://shopify/ProductVariant/46393464520999;AN03559-18;18;11500.0;gid://shopify/Product/8582658720039;Anel Dolce Vita De Ouro Amarelo 18K E Ágata E Diamante;65;13;2;AN03559
gid://shopify/ProductVariant/46393464553767;gid://shopify/ProductVariant/46393464553767;AN03559-19;19;11500.0;gid://shopify/Product/8582658720039;Anel Dolce Vita De Ouro Amarelo 18K E Ágata E Diamante;65;13;2;AN03559
gid://shopify/ProductVariant/46393464586535;gid://shopify/ProductVariant/46393464586535;AN03559-20;20;11500.0;gid://shopify/Product/8582658720039;Anel Dolce Vita De Ouro Amarelo 18K E Ágata E Diamante;65;13;2;AN03559
gid://shopify/ProductVariant/46393464619303;gid://shopify/ProductVariant/46393464619303;AN03559-21;21;11500.0;gid://shopify/Product/8582658720039;Anel Dolce Vita De Ouro Amarelo 18K E Ágata E Diamante;65;13;2;AN03559
gid://shopify/ProductVariant/46393464652071;gid://shopify/ProductVariant/46393464652071;AN03559-22;22;11500.0;gid://shopify/Product/8582658720039;Anel Dolce Vita De Ouro Amarelo 18K E Ágata E Diamante;65;13;2;AN03559
gid://shopify/ProductVariant/46393465143591;gid://shopify/ProductVariant/46393465143591;AN03560-10;10;11500.0;gid://shopify/Product/8582658851111;Anel Dolce Vita De Ouro Amarelo 18K E Malaquita E Diamante;65;13;2;AN03560
gid://shopify/ProductVariant/46393465176359;gid://shopify/ProductVariant/46393465176359;AN03560-11;11;11500.0;gid://shopify/Product/8582658851111;Anel Dolce Vita De Ouro Amarelo 18K E Malaquita E Diamante;65;13;2;AN03560
gid://shopify/ProductVariant/46393465209127;gid://shopify/ProductVariant/46393465209127;AN03560-12;12;11500.0;gid://shopify/Product/8582658851111;Anel Dolce Vita De Ouro Amarelo 18K E Malaquita E Diamante;65;13;2;AN03560
gid://shopify/ProductVariant/46393465241895;gid://shopify/ProductVariant/46393465241895;AN03560-13;13;11500.0;gid://shopify/Product/8582658851111;Anel Dolce Vita De Ouro Amarelo 18K E Malaquita E Diamante;65;13;2;AN03560
gid://shopify/ProductVariant/46393465274663;gid://shopify/ProductVariant/46393465274663;AN03560-14;14;11500.0;gid://shopify/Product/8582658851111;Anel Dolce Vita De Ouro Amarelo 18K E Malaquita E Diamante;65;13;2;AN03560
gid://shopify/ProductVariant/46393465307431;gid://shopify/ProductVariant/46393465307431;AN03560-15;15;11500.0;gid://shopify/Product/8582658851111;Anel Dolce Vita De Ouro Amarelo 18K E Malaquita E Diamante;65;13;2;AN03560
gid://shopify/ProductVariant/46393465340199;gid://shopify/ProductVariant/46393465340199;AN03560-16;16;11500.0;gid://shopify/Product/8582658851111;Anel Dolce Vita De Ouro Amarelo 18K E Malaquita E Diamante;65;13;2;AN03560
gid://shopify/ProductVariant/46393465372967;gid://shopify/ProductVariant/46393465372967;AN03560-17;17;11500.0;gid://shopify/Product/8582658851111;Anel Dolce Vita De Ouro Amarelo 18K E Malaquita E Diamante;65;13;2;AN03560
gid://shopify/ProductVariant/46393465405735;gid://shopify/ProductVariant/46393465405735;AN03560-18;18;11500.0;gid://shopify/Product/8582658851111;Anel Dolce Vita De Ouro Amarelo 18K E Malaquita E Diamante;65;13;2;AN03560
gid://shopify/ProductVariant/46393465438503;gid://shopify/ProductVariant/46393465438503;AN03560-19;19;11500.0;gid://shopify/Product/8582658851111;Anel Dolce Vita De Ouro Amarelo 18K E Malaquita E Diamante;65;13;2;AN03560
gid://shopify/ProductVariant/46393465471271;gid://shopify/ProductVariant/46393465471271;AN03560-20;20;11500.0;gid://shopify/Product/8582658851111;Anel Dolce Vita De Ouro Amarelo 18K E Malaquita E Diamante;65;13;2;AN03560
gid://shopify/ProductVariant/46393465504039;gid://shopify/ProductVariant/46393465504039;AN03560-21;21;11500.0;gid://shopify/Product/8582658851111;Anel Dolce Vita De Ouro Amarelo 18K E Malaquita E Diamante;65;13;2;AN03560
gid://shopify/ProductVariant/46393465536807;gid://shopify/ProductVariant/46393465536807;AN03560-22;22;11500.0;gid://shopify/Product/8582658851111;Anel Dolce Vita De Ouro Amarelo 18K E Malaquita E Diamante;65;13;2;AN03560
gid://shopify/ProductVariant/46393465962791;gid://shopify/ProductVariant/46393465962791;AN03562-10;10;9200.0;gid://shopify/Product/8582659014951;Anel Dolce Vita De Ouro Amarelo 18K E Lápis Lazuli;1;13;2;AN03562
gid://shopify/ProductVariant/46393465995559;gid://shopify/ProductVariant/46393465995559;AN03562-11;11;9200.0;gid://shopify/Product/8582659014951;Anel Dolce Vita De Ouro Amarelo 18K E Lápis Lazuli;1;13;2;AN03562
gid://shopify/ProductVariant/46393466028327;gid://shopify/ProductVariant/46393466028327;AN03562-12;12;9200.0;gid://shopify/Product/8582659014951;Anel Dolce Vita De Ouro Amarelo 18K E Lápis Lazuli;1;13;2;AN03562
gid://shopify/ProductVariant/46393466061095;gid://shopify/ProductVariant/46393466061095;AN03562-13;13;9200.0;gid://shopify/Product/8582659014951;Anel Dolce Vita De Ouro Amarelo 18K E Lápis Lazuli;1;13;2;AN03562
gid://shopify/ProductVariant/46393466093863;gid://shopify/ProductVariant/46393466093863;AN03562-14;14;9200.0;gid://shopify/Product/8582659014951;Anel Dolce Vita De Ouro Amarelo 18K E Lápis Lazuli;1;13;2;AN03562
gid://shopify/ProductVariant/46393466126631;gid://shopify/ProductVariant/46393466126631;AN03562-15;15;9200.0;gid://shopify/Product/8582659014951;Anel Dolce Vita De Ouro Amarelo 18K E Lápis Lazuli;1;13;2;AN03562
gid://shopify/ProductVariant/46393466159399;gid://shopify/ProductVariant/46393466159399;AN03562-16;16;9200.0;gid://shopify/Product/8582659014951;Anel Dolce Vita De Ouro Amarelo 18K E Lápis Lazuli;1;13;2;AN03562
gid://shopify/ProductVariant/46393466224935;gid://shopify/ProductVariant/46393466224935;AN03562-18;18;9200.0;gid://shopify/Product/8582659014951;Anel Dolce Vita De Ouro Amarelo 18K E Lápis Lazuli;1;13;2;AN03562
gid://shopify/ProductVariant/46393466257703;gid://shopify/ProductVariant/46393466257703;AN03562-19;19;9200.0;gid://shopify/Product/8582659014951;Anel Dolce Vita De Ouro Amarelo 18K E Lápis Lazuli;1;13;2;AN03562
gid://shopify/ProductVariant/46393466290471;gid://shopify/ProductVariant/46393466290471;AN03562-20;20;9200.0;gid://shopify/Product/8582659014951;Anel Dolce Vita De Ouro Amarelo 18K E Lápis Lazuli;1;13;2;AN03562
gid://shopify/ProductVariant/46393466323239;gid://shopify/ProductVariant/46393466323239;AN03562-21;21;9200.0;gid://shopify/Product/8582659014951;Anel Dolce Vita De Ouro Amarelo 18K E Lápis Lazuli;1;13;2;AN03562
gid://shopify/ProductVariant/46393466356007;gid://shopify/ProductVariant/46393466356007;AN03562-22;22;9200.0;gid://shopify/Product/8582659014951;Anel Dolce Vita De Ouro Amarelo 18K E Lápis Lazuli;1;13;2;AN03562
gid://shopify/ProductVariant/46393466552615;gid://shopify/ProductVariant/46393466552615;AN03563-10;10;9200.0;gid://shopify/Product/8582659080487;Anel Dolce Vita De Ouro Amarelo 18K E Ágata;65;13;2;AN03563
gid://shopify/ProductVariant/46393466585383;gid://shopify/ProductVariant/46393466585383;AN03563-11;11;9200.0;gid://shopify/Product/8582659080487;Anel Dolce Vita De Ouro Amarelo 18K E Ágata;65;13;2;AN03563
gid://shopify/ProductVariant/46393466618151;gid://shopify/ProductVariant/46393466618151;AN03563-12;12;9200.0;gid://shopify/Product/8582659080487;Anel Dolce Vita De Ouro Amarelo 18K E Ágata;65;13;2;AN03563
gid://shopify/ProductVariant/46393466650919;gid://shopify/ProductVariant/46393466650919;AN03563-13;13;9200.0;gid://shopify/Product/8582659080487;Anel Dolce Vita De Ouro Amarelo 18K E Ágata;65;13;2;AN03563
gid://shopify/ProductVariant/46393466683687;gid://shopify/ProductVariant/46393466683687;AN03563-14;14;9200.0;gid://shopify/Product/8582659080487;Anel Dolce Vita De Ouro Amarelo 18K E Ágata;65;13;2;AN03563
gid://shopify/ProductVariant/46393466716455;gid://shopify/ProductVariant/46393466716455;AN03563-15;15;9200.0;gid://shopify/Product/8582659080487;Anel Dolce Vita De Ouro Amarelo 18K E Ágata;65;13;2;AN03563
gid://shopify/ProductVariant/46393466749223;gid://shopify/ProductVariant/46393466749223;AN03563-16;16;9200.0;gid://shopify/Product/8582659080487;Anel Dolce Vita De Ouro Amarelo 18K E Ágata;65;13;2;AN03563
gid://shopify/ProductVariant/46393466781991;gid://shopify/ProductVariant/46393466781991;AN03563-17;17;9200.0;gid://shopify/Product/8582659080487;Anel Dolce Vita De Ouro Amarelo 18K E Ágata;65;13;2;AN03563
gid://shopify/ProductVariant/46393466814759;gid://shopify/ProductVariant/46393466814759;AN03563-18;18;9200.0;gid://shopify/Product/8582659080487;Anel Dolce Vita De Ouro Amarelo 18K E Ágata;65;13;2;AN03563
gid://shopify/ProductVariant/46393466847527;gid://shopify/ProductVariant/46393466847527;AN03563-19;19;9200.0;gid://shopify/Product/8582659080487;Anel Dolce Vita De Ouro Amarelo 18K E Ágata;65;13;2;AN03563
gid://shopify/ProductVariant/46393466880295;gid://shopify/ProductVariant/46393466880295;AN03563-20;20;9200.0;gid://shopify/Product/8582659080487;Anel Dolce Vita De Ouro Amarelo 18K E Ágata;65;13;2;AN03563
gid://shopify/ProductVariant/46393466913063;gid://shopify/ProductVariant/46393466913063;AN03563-21;21;9200.0;gid://shopify/Product/8582659080487;Anel Dolce Vita De Ouro Amarelo 18K E Ágata;65;13;2;AN03563
gid://shopify/ProductVariant/46393466945831;gid://shopify/ProductVariant/46393466945831;AN03563-22;22;9200.0;gid://shopify/Product/8582659080487;Anel Dolce Vita De Ouro Amarelo 18K E Ágata;65;13;2;AN03563
gid://shopify/ProductVariant/46393467044135;gid://shopify/ProductVariant/46393467044135;AN03564-10;10;9200.0;gid://shopify/Product/8582659178791;Anel Dolce Vita De Ouro Amarelo 18K E Quartzo;65;13;2;AN03564
gid://shopify/ProductVariant/46393467076903;gid://shopify/ProductVariant/46393467076903;AN03564-11;11;9200.0;gid://shopify/Product/8582659178791;Anel Dolce Vita De Ouro Amarelo 18K E Quartzo;65;13;2;AN03564
gid://shopify/ProductVariant/46393467109671;gid://shopify/ProductVariant/46393467109671;AN03564-12;12;9200.0;gid://shopify/Product/8582659178791;Anel Dolce Vita De Ouro Amarelo 18K E Quartzo;65;13;2;AN03564
gid://shopify/ProductVariant/46393467142439;gid://shopify/ProductVariant/46393467142439;AN03564-13;13;9200.0;gid://shopify/Product/8582659178791;Anel Dolce Vita De Ouro Amarelo 18K E Quartzo;65;13;2;AN03564
gid://shopify/ProductVariant/46393467175207;gid://shopify/ProductVariant/46393467175207;AN03564-14;14;9200.0;gid://shopify/Product/8582659178791;Anel Dolce Vita De Ouro Amarelo 18K E Quartzo;65;13;2;AN03564
gid://shopify/ProductVariant/46393467207975;gid://shopify/ProductVariant/46393467207975;AN03564-15;15;9200.0;gid://shopify/Product/8582659178791;Anel Dolce Vita De Ouro Amarelo 18K E Quartzo;65;13;2;AN03564
gid://shopify/ProductVariant/46393467240743;gid://shopify/ProductVariant/46393467240743;AN03564-16;16;9200.0;gid://shopify/Product/8582659178791;Anel Dolce Vita De Ouro Amarelo 18K E Quartzo;65;13;2;AN03564
gid://shopify/ProductVariant/46393467273511;gid://shopify/ProductVariant/46393467273511;AN03564-17;17;9200.0;gid://shopify/Product/8582659178791;Anel Dolce Vita De Ouro Amarelo 18K E Quartzo;65;13;2;AN03564
gid://shopify/ProductVariant/46393467306279;gid://shopify/ProductVariant/46393467306279;AN03564-18;18;9200.0;gid://shopify/Product/8582659178791;Anel Dolce Vita De Ouro Amarelo 18K E Quartzo;65;13;2;AN03564
gid://shopify/ProductVariant/46393467339047;gid://shopify/ProductVariant/46393467339047;AN03564-19;19;9200.0;gid://shopify/Product/8582659178791;Anel Dolce Vita De Ouro Amarelo 18K E Quartzo;65;13;2;AN03564
gid://shopify/ProductVariant/46393467371815;gid://shopify/ProductVariant/46393467371815;AN03564-20;20;9200.0;gid://shopify/Product/8582659178791;Anel Dolce Vita De Ouro Amarelo 18K E Quartzo;65;13;2;AN03564
gid://shopify/ProductVariant/46393467404583;gid://shopify/ProductVariant/46393467404583;AN03564-21;21;9200.0;gid://shopify/Product/8582659178791;Anel Dolce Vita De Ouro Amarelo 18K E Quartzo;65;13;2;AN03564
gid://shopify/ProductVariant/46393467437351;gid://shopify/ProductVariant/46393467437351;AN03564-22;22;9200.0;gid://shopify/Product/8582659178791;Anel Dolce Vita De Ouro Amarelo 18K E Quartzo;65;13;2;AN03564
gid://shopify/ProductVariant/46393469305127;gid://shopify/ProductVariant/46393469305127;AN03565-10;10;10200.0;gid://shopify/Product/8582659309863;Anel Dolce Vita De Ouro Amarelo 18K E Turquesa;67;13;2;AN03565
gid://shopify/ProductVariant/46393469337895;gid://shopify/ProductVariant/46393469337895;AN03565-11;11;10200.0;gid://shopify/Product/8582659309863;Anel Dolce Vita De Ouro Amarelo 18K E Turquesa;67;13;2;AN03565
gid://shopify/ProductVariant/46393469370663;gid://shopify/ProductVariant/46393469370663;AN03565-12;12;10200.0;gid://shopify/Product/8582659309863;Anel Dolce Vita De Ouro Amarelo 18K E Turquesa;67;13;2;AN03565
gid://shopify/ProductVariant/46393469403431;gid://shopify/ProductVariant/46393469403431;AN03565-13;13;10200.0;gid://shopify/Product/8582659309863;Anel Dolce Vita De Ouro Amarelo 18K E Turquesa;67;13;2;AN03565
gid://shopify/ProductVariant/46393469436199;gid://shopify/ProductVariant/46393469436199;AN03565-14;14;10200.0;gid://shopify/Product/8582659309863;Anel Dolce Vita De Ouro Amarelo 18K E Turquesa;67;13;2;AN03565
gid://shopify/ProductVariant/46393469468967;gid://shopify/ProductVariant/46393469468967;AN03565-15;15;10200.0;gid://shopify/Product/8582659309863;Anel Dolce Vita De Ouro Amarelo 18K E Turquesa;67;13;2;AN03565
gid://shopify/ProductVariant/46393469567271;gid://shopify/ProductVariant/46393469567271;AN03565-18;18;10200.0;gid://shopify/Product/8582659309863;Anel Dolce Vita De Ouro Amarelo 18K E Turquesa;67;13;2;AN03565
gid://shopify/ProductVariant/46393469600039;gid://shopify/ProductVariant/46393469600039;AN03565-19;19;10200.0;gid://shopify/Product/8582659309863;Anel Dolce Vita De Ouro Amarelo 18K E Turquesa;67;13;2;AN03565
gid://shopify/ProductVariant/46393469632807;gid://shopify/ProductVariant/46393469632807;AN03565-20;20;10200.0;gid://shopify/Product/8582659309863;Anel Dolce Vita De Ouro Amarelo 18K E Turquesa;67;13;2;AN03565
gid://shopify/ProductVariant/46393469665575;gid://shopify/ProductVariant/46393469665575;AN03565-21;21;10200.0;gid://shopify/Product/8582659309863;Anel Dolce Vita De Ouro Amarelo 18K E Turquesa;67;13;2;AN03565
gid://shopify/ProductVariant/46393469698343;gid://shopify/ProductVariant/46393469698343;AN03565-22;22;10200.0;gid://shopify/Product/8582659309863;Anel Dolce Vita De Ouro Amarelo 18K E Turquesa;67;13;2;AN03565
gid://shopify/ProductVariant/46393469993255;gid://shopify/ProductVariant/46393469993255;AN03566-10;10;9200.0;gid://shopify/Product/8582659506471;Anel Dolce Vita De Ouro Amarelo 18K E Ágata;66;13;2;AN03566
gid://shopify/ProductVariant/46393470026023;gid://shopify/ProductVariant/46393470026023;AN03566-11;11;9200.0;gid://shopify/Product/8582659506471;Anel Dolce Vita De Ouro Amarelo 18K E Ágata;66;13;2;AN03566
gid://shopify/ProductVariant/46393470058791;gid://shopify/ProductVariant/46393470058791;AN03566-12;12;9200.0;gid://shopify/Product/8582659506471;Anel Dolce Vita De Ouro Amarelo 18K E Ágata;66;13;2;AN03566
gid://shopify/ProductVariant/46393470091559;gid://shopify/ProductVariant/46393470091559;AN03566-13;13;9200.0;gid://shopify/Product/8582659506471;Anel Dolce Vita De Ouro Amarelo 18K E Ágata;66;13;2;AN03566
gid://shopify/ProductVariant/46393470124327;gid://shopify/ProductVariant/46393470124327;AN03566-14;14;9200.0;gid://shopify/Product/8582659506471;Anel Dolce Vita De Ouro Amarelo 18K E Ágata;66;13;2;AN03566
gid://shopify/ProductVariant/46393470157095;gid://shopify/ProductVariant/46393470157095;AN03566-15;15;9200.0;gid://shopify/Product/8582659506471;Anel Dolce Vita De Ouro Amarelo 18K E Ágata;66;13;2;AN03566
gid://shopify/ProductVariant/46393470189863;gid://shopify/ProductVariant/46393470189863;AN03566-16;16;9200.0;gid://shopify/Product/8582659506471;Anel Dolce Vita De Ouro Amarelo 18K E Ágata;66;13;2;AN03566
gid://shopify/ProductVariant/46393470222631;gid://shopify/ProductVariant/46393470222631;AN03566-17;17;9200.0;gid://shopify/Product/8582659506471;Anel Dolce Vita De Ouro Amarelo 18K E Ágata;66;13;2;AN03566
gid://shopify/ProductVariant/46393470288167;gid://shopify/ProductVariant/46393470288167;AN03566-19;19;9200.0;gid://shopify/Product/8582659506471;Anel Dolce Vita De Ouro Amarelo 18K E Ágata;66;13;2;AN03566
gid://shopify/ProductVariant/46393470320935;gid://shopify/ProductVariant/46393470320935;AN03566-20;20;9200.0;gid://shopify/Product/8582659506471;Anel Dolce Vita De Ouro Amarelo 18K E Ágata;66;13;2;AN03566
gid://shopify/ProductVariant/46393470386471;gid://shopify/ProductVariant/46393470386471;AN03566-21;21;9200.0;gid://shopify/Product/8582659506471;Anel Dolce Vita De Ouro Amarelo 18K E Ágata;66;13;2;AN03566
gid://shopify/ProductVariant/46393470419239;gid://shopify/ProductVariant/46393470419239;AN03566-22;22;9200.0;gid://shopify/Product/8582659506471;Anel Dolce Vita De Ouro Amarelo 18K E Ágata;66;13;2;AN03566
gid://shopify/ProductVariant/46393470615847;gid://shopify/ProductVariant/46393470615847;AN03567-10;10;9200.0;gid://shopify/Product/8582659703079;Anel Dolce Vita De Ouro Amarelo 18K E Malaquita;65;13;2;AN03567
gid://shopify/ProductVariant/46393470648615;gid://shopify/ProductVariant/46393470648615;AN03567-11;11;9200.0;gid://shopify/Product/8582659703079;Anel Dolce Vita De Ouro Amarelo 18K E Malaquita;65;13;2;AN03567
gid://shopify/ProductVariant/46393470681383;gid://shopify/ProductVariant/46393470681383;AN03567-12;12;9200.0;gid://shopify/Product/8582659703079;Anel Dolce Vita De Ouro Amarelo 18K E Malaquita;65;13;2;AN03567
gid://shopify/ProductVariant/46393470714151;gid://shopify/ProductVariant/46393470714151;AN03567-13;13;9200.0;gid://shopify/Product/8582659703079;Anel Dolce Vita De Ouro Amarelo 18K E Malaquita;65;13;2;AN03567
gid://shopify/ProductVariant/46393470746919;gid://shopify/ProductVariant/46393470746919;AN03567-14;14;9200.0;gid://shopify/Product/8582659703079;Anel Dolce Vita De Ouro Amarelo 18K E Malaquita;65;13;2;AN03567
gid://shopify/ProductVariant/46393470779687;gid://shopify/ProductVariant/46393470779687;AN03567-15;15;9200.0;gid://shopify/Product/8582659703079;Anel Dolce Vita De Ouro Amarelo 18K E Malaquita;65;13;2;AN03567
gid://shopify/ProductVariant/46393470812455;gid://shopify/ProductVariant/46393470812455;AN03567-16;16;9200.0;gid://shopify/Product/8582659703079;Anel Dolce Vita De Ouro Amarelo 18K E Malaquita;65;13;2;AN03567
gid://shopify/ProductVariant/46393470845223;gid://shopify/ProductVariant/46393470845223;AN03567-17;17;9200.0;gid://shopify/Product/8582659703079;Anel Dolce Vita De Ouro Amarelo 18K E Malaquita;65;13;2;AN03567
gid://shopify/ProductVariant/46393470877991;gid://shopify/ProductVariant/46393470877991;AN03567-18;18;9200.0;gid://shopify/Product/8582659703079;Anel Dolce Vita De Ouro Amarelo 18K E Malaquita;65;13;2;AN03567
gid://shopify/ProductVariant/46393470910759;gid://shopify/ProductVariant/46393470910759;AN03567-19;19;9200.0;gid://shopify/Product/8582659703079;Anel Dolce Vita De Ouro Amarelo 18K E Malaquita;65;13;2;AN03567
gid://shopify/ProductVariant/46393470943527;gid://shopify/ProductVariant/46393470943527;AN03567-20;20;9200.0;gid://shopify/Product/8582659703079;Anel Dolce Vita De Ouro Amarelo 18K E Malaquita;65;13;2;AN03567
gid://shopify/ProductVariant/46393470976295;gid://shopify/ProductVariant/46393470976295;AN03567-21;21;9200.0;gid://shopify/Product/8582659703079;Anel Dolce Vita De Ouro Amarelo 18K E Malaquita;65;13;2;AN03567
gid://shopify/ProductVariant/46393471009063;gid://shopify/ProductVariant/46393471009063;AN03567-22;22;9200.0;gid://shopify/Product/8582659703079;Anel Dolce Vita De Ouro Amarelo 18K E Malaquita;65;13;2;AN03567
gid://shopify/ProductVariant/46393471205671;gid://shopify/ProductVariant/46393471205671;AN03574-10;10;9200.0;gid://shopify/Product/8582659866919;Anel Dolce Vita De Ouro Amarelo 18K E Olho De Tigre;65;13;1;AN03574
gid://shopify/ProductVariant/46393471238439;gid://shopify/ProductVariant/46393471238439;AN03574-11;11;9200.0;gid://shopify/Product/8582659866919;Anel Dolce Vita De Ouro Amarelo 18K E Olho De Tigre;65;13;1;AN03574
gid://shopify/ProductVariant/46393471271207;gid://shopify/ProductVariant/46393471271207;AN03574-12;12;9200.0;gid://shopify/Product/8582659866919;Anel Dolce Vita De Ouro Amarelo 18K E Olho De Tigre;65;13;1;AN03574
gid://shopify/ProductVariant/46393471303975;gid://shopify/ProductVariant/46393471303975;AN03574-13;13;9200.0;gid://shopify/Product/8582659866919;Anel Dolce Vita De Ouro Amarelo 18K E Olho De Tigre;65;13;1;AN03574
gid://shopify/ProductVariant/46393471336743;gid://shopify/ProductVariant/46393471336743;AN03574-14;14;9200.0;gid://shopify/Product/8582659866919;Anel Dolce Vita De Ouro Amarelo 18K E Olho De Tigre;65;13;1;AN03574
gid://shopify/ProductVariant/46393471369511;gid://shopify/ProductVariant/46393471369511;AN03574-15;15;9200.0;gid://shopify/Product/8582659866919;Anel Dolce Vita De Ouro Amarelo 18K E Olho De Tigre;65;13;1;AN03574
gid://shopify/ProductVariant/46393471402279;gid://shopify/ProductVariant/46393471402279;AN03574-16;16;9200.0;gid://shopify/Product/8582659866919;Anel Dolce Vita De Ouro Amarelo 18K E Olho De Tigre;65;13;1;AN03574
gid://shopify/ProductVariant/46393471435047;gid://shopify/ProductVariant/46393471435047;AN03574-17;17;9200.0;gid://shopify/Product/8582659866919;Anel Dolce Vita De Ouro Amarelo 18K E Olho De Tigre;65;13;1;AN03574
gid://shopify/ProductVariant/46393471467815;gid://shopify/ProductVariant/46393471467815;AN03574-18;18;9200.0;gid://shopify/Product/8582659866919;Anel Dolce Vita De Ouro Amarelo 18K E Olho De Tigre;65;13;1;AN03574
gid://shopify/ProductVariant/46393471500583;gid://shopify/ProductVariant/46393471500583;AN03574-19;19;9200.0;gid://shopify/Product/8582659866919;Anel Dolce Vita De Ouro Amarelo 18K E Olho De Tigre;65;13;1;AN03574
gid://shopify/ProductVariant/46393471533351;gid://shopify/ProductVariant/46393471533351;AN03574-20;20;9200.0;gid://shopify/Product/8582659866919;Anel Dolce Vita De Ouro Amarelo 18K E Olho De Tigre;65;13;1;AN03574
gid://shopify/ProductVariant/46393471566119;gid://shopify/ProductVariant/46393471566119;AN03574-21;21;9200.0;gid://shopify/Product/8582659866919;Anel Dolce Vita De Ouro Amarelo 18K E Olho De Tigre;65;13;1;AN03574
gid://shopify/ProductVariant/46393471598887;gid://shopify/ProductVariant/46393471598887;AN03574-22;22;9200.0;gid://shopify/Product/8582659866919;Anel Dolce Vita De Ouro Amarelo 18K E Olho De Tigre;65;13;1;AN03574
gid://shopify/ProductVariant/46393471828263;gid://shopify/ProductVariant/46393471828263;AN03575-10;10;11500.0;gid://shopify/Product/8582659965223;Anel Dolce Vita De Ouro Amarelo 18K E Safira E Olho De Tigre;66;13;1;AN03575
gid://shopify/ProductVariant/46393471861031;gid://shopify/ProductVariant/46393471861031;AN03575-11;11;11500.0;gid://shopify/Product/8582659965223;Anel Dolce Vita De Ouro Amarelo 18K E Safira E Olho De Tigre;66;13;1;AN03575
gid://shopify/ProductVariant/46393471893799;gid://shopify/ProductVariant/46393471893799;AN03575-12;12;11500.0;gid://shopify/Product/8582659965223;Anel Dolce Vita De Ouro Amarelo 18K E Safira E Olho De Tigre;66;13;1;AN03575
gid://shopify/ProductVariant/46393471926567;gid://shopify/ProductVariant/46393471926567;AN03575-13;13;11500.0;gid://shopify/Product/8582659965223;Anel Dolce Vita De Ouro Amarelo 18K E Safira E Olho De Tigre;66;13;1;AN03575
gid://shopify/ProductVariant/46393471992103;gid://shopify/ProductVariant/46393471992103;AN03575-15;15;11500.0;gid://shopify/Product/8582659965223;Anel Dolce Vita De Ouro Amarelo 18K E Safira E Olho De Tigre;66;13;1;AN03575
gid://shopify/ProductVariant/46393472024871;gid://shopify/ProductVariant/46393472024871;AN03575-16;16;11500.0;gid://shopify/Product/8582659965223;Anel Dolce Vita De Ouro Amarelo 18K E Safira E Olho De Tigre;66;13;1;AN03575
gid://shopify/ProductVariant/46393472057639;gid://shopify/ProductVariant/46393472057639;AN03575-17;17;11500.0;gid://shopify/Product/8582659965223;Anel Dolce Vita De Ouro Amarelo 18K E Safira E Olho De Tigre;66;13;1;AN03575
gid://shopify/ProductVariant/46393472090407;gid://shopify/ProductVariant/46393472090407;AN03575-18;18;11500.0;gid://shopify/Product/8582659965223;Anel Dolce Vita De Ouro Amarelo 18K E Safira E Olho De Tigre;66;13;1;AN03575
gid://shopify/ProductVariant/46393472123175;gid://shopify/ProductVariant/46393472123175;AN03575-19;19;11500.0;gid://shopify/Product/8582659965223;Anel Dolce Vita De Ouro Amarelo 18K E Safira E Olho De Tigre;66;13;1;AN03575
gid://shopify/ProductVariant/46393472155943;gid://shopify/ProductVariant/46393472155943;AN03575-20;20;11500.0;gid://shopify/Product/8582659965223;Anel Dolce Vita De Ouro Amarelo 18K E Safira E Olho De Tigre;66;13;1;AN03575
gid://shopify/ProductVariant/46393472188711;gid://shopify/ProductVariant/46393472188711;AN03575-21;21;11500.0;gid://shopify/Product/8582659965223;Anel Dolce Vita De Ouro Amarelo 18K E Safira E Olho De Tigre;66;13;1;AN03575
gid://shopify/ProductVariant/46393472221479;gid://shopify/ProductVariant/46393472221479;AN03575-22;22;11500.0;gid://shopify/Product/8582659965223;Anel Dolce Vita De Ouro Amarelo 18K E Safira E Olho De Tigre;66;13;1;AN03575
gid://shopify/ProductVariant/46393472516391;gid://shopify/ProductVariant/46393472516391;AN03554-10;10;11500.0;gid://shopify/Product/8582660063527;Anel Dolce Vita De Ouro Rosa 18K E Safira;1;13;2;AN03554
gid://shopify/ProductVariant/46393472549159;gid://shopify/ProductVariant/46393472549159;AN03554-11;11;11500.0;gid://shopify/Product/8582660063527;Anel Dolce Vita De Ouro Rosa 18K E Safira;1;13;2;AN03554
gid://shopify/ProductVariant/46393472581927;gid://shopify/ProductVariant/46393472581927;AN03554-12;12;11500.0;gid://shopify/Product/8582660063527;Anel Dolce Vita De Ouro Rosa 18K E Safira;1;13;2;AN03554
gid://shopify/ProductVariant/46393472614695;gid://shopify/ProductVariant/46393472614695;AN03554-13;13;11500.0;gid://shopify/Product/8582660063527;Anel Dolce Vita De Ouro Rosa 18K E Safira;1;13;2;AN03554
gid://shopify/ProductVariant/46393472647463;gid://shopify/ProductVariant/46393472647463;AN03554-14;14;11500.0;gid://shopify/Product/8582660063527;Anel Dolce Vita De Ouro Rosa 18K E Safira;1;13;2;AN03554
gid://shopify/ProductVariant/46393472680231;gid://shopify/ProductVariant/46393472680231;AN03554-15;15;11500.0;gid://shopify/Product/8582660063527;Anel Dolce Vita De Ouro Rosa 18K E Safira;1;13;2;AN03554
gid://shopify/ProductVariant/46393472712999;gid://shopify/ProductVariant/46393472712999;AN03554-16;16;11500.0;gid://shopify/Product/8582660063527;Anel Dolce Vita De Ouro Rosa 18K E Safira;1;13;2;AN03554
gid://shopify/ProductVariant/46393472745767;gid://shopify/ProductVariant/46393472745767;AN03554-17;17;11500.0;gid://shopify/Product/8582660063527;Anel Dolce Vita De Ouro Rosa 18K E Safira;1;13;2;AN03554
gid://shopify/ProductVariant/46393472811303;gid://shopify/ProductVariant/46393472811303;AN03554-19;19;11500.0;gid://shopify/Product/8582660063527;Anel Dolce Vita De Ouro Rosa 18K E Safira;1;13;2;AN03554
gid://shopify/ProductVariant/46393472844071;gid://shopify/ProductVariant/46393472844071;AN03554-20;20;11500.0;gid://shopify/Product/8582660063527;Anel Dolce Vita De Ouro Rosa 18K E Safira;1;13;2;AN03554
gid://shopify/ProductVariant/46393472876839;gid://shopify/ProductVariant/46393472876839;AN03554-21;21;11500.0;gid://shopify/Product/8582660063527;Anel Dolce Vita De Ouro Rosa 18K E Safira;1;13;2;AN03554
gid://shopify/ProductVariant/46393472909607;gid://shopify/ProductVariant/46393472909607;AN03554-22;22;11500.0;gid://shopify/Product/8582660063527;Anel Dolce Vita De Ouro Rosa 18K E Safira;1;13;2;AN03554
gid://shopify/ProductVariant/46393473073447;gid://shopify/ProductVariant/46393473073447;AN03561-10;10;9200.0;gid://shopify/Product/8582660129063;Anel Dolce Vita De Ouro Rosa 18K E Opala;2;13;2;AN03561
gid://shopify/ProductVariant/46393473106215;gid://shopify/ProductVariant/46393473106215;AN03561-11;11;9200.0;gid://shopify/Product/8582660129063;Anel Dolce Vita De Ouro Rosa 18K E Opala;2;13;2;AN03561
gid://shopify/ProductVariant/46393473138983;gid://shopify/ProductVariant/46393473138983;AN03561-12;12;9200.0;gid://shopify/Product/8582660129063;Anel Dolce Vita De Ouro Rosa 18K E Opala;2;13;2;AN03561
gid://shopify/ProductVariant/46393473171751;gid://shopify/ProductVariant/46393473171751;AN03561-13;13;9200.0;gid://shopify/Product/8582660129063;Anel Dolce Vita De Ouro Rosa 18K E Opala;2;13;2;AN03561
gid://shopify/ProductVariant/46393473237287;gid://shopify/ProductVariant/46393473237287;AN03561-15;15;9200.0;gid://shopify/Product/8582660129063;Anel Dolce Vita De Ouro Rosa 18K E Opala;2;13;2;AN03561
gid://shopify/ProductVariant/46393473270055;gid://shopify/ProductVariant/46393473270055;AN03561-16;16;9200.0;gid://shopify/Product/8582660129063;Anel Dolce Vita De Ouro Rosa 18K E Opala;2;13;2;AN03561
gid://shopify/ProductVariant/46393473302823;gid://shopify/ProductVariant/46393473302823;AN03561-17;17;9200.0;gid://shopify/Product/8582660129063;Anel Dolce Vita De Ouro Rosa 18K E Opala;2;13;2;AN03561
gid://shopify/ProductVariant/46393473368359;gid://shopify/ProductVariant/46393473368359;AN03561-19;19;9200.0;gid://shopify/Product/8582660129063;Anel Dolce Vita De Ouro Rosa 18K E Opala;2;13;2;AN03561
gid://shopify/ProductVariant/46393473401127;gid://shopify/ProductVariant/46393473401127;AN03561-20;20;9200.0;gid://shopify/Product/8582660129063;Anel Dolce Vita De Ouro Rosa 18K E Opala;2;13;2;AN03561
gid://shopify/ProductVariant/46393473433895;gid://shopify/ProductVariant/46393473433895;AN03561-21;21;9200.0;gid://shopify/Product/8582660129063;Anel Dolce Vita De Ouro Rosa 18K E Opala;2;13;2;AN03561
gid://shopify/ProductVariant/46393473466663;gid://shopify/ProductVariant/46393473466663;AN03561-22;22;9200.0;gid://shopify/Product/8582660129063;Anel Dolce Vita De Ouro Rosa 18K E Opala;2;13;2;AN03561
gid://shopify/ProductVariant/46393473892647;gid://shopify/ProductVariant/46393473892647;AN03544-10;10;184000.0;gid://shopify/Product/8582660194599;Anel Especial De Ouro Branco 18K E Diamante Solitário;1;13;1;AN03544
gid://shopify/ProductVariant/46393473925415;gid://shopify/ProductVariant/46393473925415;AN03544-11;11;184000.0;gid://shopify/Product/8582660194599;Anel Especial De Ouro Branco 18K E Diamante Solitário;1;13;1;AN03544
gid://shopify/ProductVariant/46393473958183;gid://shopify/ProductVariant/46393473958183;AN03544-12;12;184000.0;gid://shopify/Product/8582660194599;Anel Especial De Ouro Branco 18K E Diamante Solitário;1;13;1;AN03544
gid://shopify/ProductVariant/46393473990951;gid://shopify/ProductVariant/46393473990951;AN03544-13;13;184000.0;gid://shopify/Product/8582660194599;Anel Especial De Ouro Branco 18K E Diamante Solitário;1;13;1;AN03544
gid://shopify/ProductVariant/46393474023719;gid://shopify/ProductVariant/46393474023719;AN03544-14;14;184000.0;gid://shopify/Product/8582660194599;Anel Especial De Ouro Branco 18K E Diamante Solitário;1;13;1;AN03544
gid://shopify/ProductVariant/46393474056487;gid://shopify/ProductVariant/46393474056487;AN03544-15;15;184000.0;gid://shopify/Product/8582660194599;Anel Especial De Ouro Branco 18K E Diamante Solitário;1;13;1;AN03544
gid://shopify/ProductVariant/46393474122023;gid://shopify/ProductVariant/46393474122023;AN03544-17;17;184000.0;gid://shopify/Product/8582660194599;Anel Especial De Ouro Branco 18K E Diamante Solitário;1;13;1;AN03544
gid://shopify/ProductVariant/46393474154791;gid://shopify/ProductVariant/46393474154791;AN03544-18;18;184000.0;gid://shopify/Product/8582660194599;Anel Especial De Ouro Branco 18K E Diamante Solitário;1;13;1;AN03544
gid://shopify/ProductVariant/46393474187559;gid://shopify/ProductVariant/46393474187559;AN03544-19;19;184000.0;gid://shopify/Product/8582660194599;Anel Especial De Ouro Branco 18K E Diamante Solitário;1;13;1;AN03544
gid://shopify/ProductVariant/46393474220327;gid://shopify/ProductVariant/46393474220327;AN03544-20;20;184000.0;gid://shopify/Product/8582660194599;Anel Especial De Ouro Branco 18K E Diamante Solitário;1;13;1;AN03544
gid://shopify/ProductVariant/46393474253095;gid://shopify/ProductVariant/46393474253095;AN03544-21;21;184000.0;gid://shopify/Product/8582660194599;Anel Especial De Ouro Branco 18K E Diamante Solitário;1;13;1;AN03544
gid://shopify/ProductVariant/46393474285863;gid://shopify/ProductVariant/46393474285863;AN03544-22;22;184000.0;gid://shopify/Product/8582660194599;Anel Especial De Ouro Branco 18K E Diamante Solitário;1;13;1;AN03544
gid://shopify/ProductVariant/46393474810151;gid://shopify/ProductVariant/46393474810151;AN0793-10;10;5500.0;gid://shopify/Product/8582660292903;Anel Fetiche De Ouro Amarelo 18K;69;13;2;AN0793
gid://shopify/ProductVariant/46393474842919;gid://shopify/ProductVariant/46393474842919;AN0793-11;11;5500.0;gid://shopify/Product/8582660292903;Anel Fetiche De Ouro Amarelo 18K;69;13;2;AN0793
gid://shopify/ProductVariant/46393474875687;gid://shopify/ProductVariant/46393474875687;AN0793-12;12;5500.0;gid://shopify/Product/8582660292903;Anel Fetiche De Ouro Amarelo 18K;69;13;2;AN0793
gid://shopify/ProductVariant/46393474973991;gid://shopify/ProductVariant/46393474973991;AN0793-15;15;5500.0;gid://shopify/Product/8582660292903;Anel Fetiche De Ouro Amarelo 18K;69;13;2;AN0793
gid://shopify/ProductVariant/46393475006759;gid://shopify/ProductVariant/46393475006759;AN0793-16;16;5500.0;gid://shopify/Product/8582660292903;Anel Fetiche De Ouro Amarelo 18K;69;13;2;AN0793
gid://shopify/ProductVariant/46393475039527;gid://shopify/ProductVariant/46393475039527;AN0793-17;17;5500.0;gid://shopify/Product/8582660292903;Anel Fetiche De Ouro Amarelo 18K;69;13;2;AN0793
gid://shopify/ProductVariant/46393475105063;gid://shopify/ProductVariant/46393475105063;AN0793-19;19;5500.0;gid://shopify/Product/8582660292903;Anel Fetiche De Ouro Amarelo 18K;69;13;2;AN0793
gid://shopify/ProductVariant/46393475137831;gid://shopify/ProductVariant/46393475137831;AN0793-20;20;5500.0;gid://shopify/Product/8582660292903;Anel Fetiche De Ouro Amarelo 18K;69;13;2;AN0793
gid://shopify/ProductVariant/46393475170599;gid://shopify/ProductVariant/46393475170599;AN0793-21;21;5500.0;gid://shopify/Product/8582660292903;Anel Fetiche De Ouro Amarelo 18K;69;13;2;AN0793
gid://shopify/ProductVariant/46393475203367;gid://shopify/ProductVariant/46393475203367;AN0793-22;22;5500.0;gid://shopify/Product/8582660292903;Anel Fetiche De Ouro Amarelo 18K;69;13;2;AN0793
gid://shopify/ProductVariant/46393475334439;gid://shopify/ProductVariant/46393475334439;AN01150-10;10;5500.0;gid://shopify/Product/8582660358439;Anel Fetiche De Ouro Branco 18K Com Ródio Negro;66;13;2;AN01150
gid://shopify/ProductVariant/46393475367207;gid://shopify/ProductVariant/46393475367207;AN01150-11;11;5500.0;gid://shopify/Product/8582660358439;Anel Fetiche De Ouro Branco 18K Com Ródio Negro;66;13;2;AN01150
gid://shopify/ProductVariant/46393475399975;gid://shopify/ProductVariant/46393475399975;AN01150-12;12;5500.0;gid://shopify/Product/8582660358439;Anel Fetiche De Ouro Branco 18K Com Ródio Negro;66;13;2;AN01150
gid://shopify/ProductVariant/46393475465511;gid://shopify/ProductVariant/46393475465511;AN01150-14;14;5500.0;gid://shopify/Product/8582660358439;Anel Fetiche De Ouro Branco 18K Com Ródio Negro;66;13;2;AN01150
gid://shopify/ProductVariant/46393475498279;gid://shopify/ProductVariant/46393475498279;AN01150-15;15;5500.0;gid://shopify/Product/8582660358439;Anel Fetiche De Ouro Branco 18K Com Ródio Negro;66;13;2;AN01150
gid://shopify/ProductVariant/46393475531047;gid://shopify/ProductVariant/46393475531047;AN01150-16;16;5500.0;gid://shopify/Product/8582660358439;Anel Fetiche De Ouro Branco 18K Com Ródio Negro;66;13;2;AN01150
gid://shopify/ProductVariant/46393475563815;gid://shopify/ProductVariant/46393475563815;AN01150-17;17;5500.0;gid://shopify/Product/8582660358439;Anel Fetiche De Ouro Branco 18K Com Ródio Negro;66;13;2;AN01150
gid://shopify/ProductVariant/46393475596583;gid://shopify/ProductVariant/46393475596583;AN01150-18;18;5500.0;gid://shopify/Product/8582660358439;Anel Fetiche De Ouro Branco 18K Com Ródio Negro;66;13;2;AN01150
gid://shopify/ProductVariant/46393475629351;gid://shopify/ProductVariant/46393475629351;AN01150-19;19;5500.0;gid://shopify/Product/8582660358439;Anel Fetiche De Ouro Branco 18K Com Ródio Negro;66;13;2;AN01150
gid://shopify/ProductVariant/46393475694887;gid://shopify/ProductVariant/46393475694887;AN01150-20;20;5500.0;gid://shopify/Product/8582660358439;Anel Fetiche De Ouro Branco 18K Com Ródio Negro;66;13;2;AN01150
gid://shopify/ProductVariant/46393475727655;gid://shopify/ProductVariant/46393475727655;AN01150-21;21;5500.0;gid://shopify/Product/8582660358439;Anel Fetiche De Ouro Branco 18K Com Ródio Negro;66;13;2;AN01150
gid://shopify/ProductVariant/46393475760423;gid://shopify/ProductVariant/46393475760423;AN01150-22;22;5500.0;gid://shopify/Product/8582660358439;Anel Fetiche De Ouro Branco 18K Com Ródio Negro;66;13;2;AN01150
gid://shopify/ProductVariant/46393475825959;gid://shopify/ProductVariant/46393475825959;AN0792-10;10;5500.0;gid://shopify/Product/8582660456743;Anel Fetiche De Ouro Branco 18K;68;13;2;AN0792
gid://shopify/ProductVariant/46393475858727;gid://shopify/ProductVariant/46393475858727;AN0792-11;11;5500.0;gid://shopify/Product/8582660456743;Anel Fetiche De Ouro Branco 18K;68;13;2;AN0792
gid://shopify/ProductVariant/46393475891495;gid://shopify/ProductVariant/46393475891495;AN0792-12;12;5500.0;gid://shopify/Product/8582660456743;Anel Fetiche De Ouro Branco 18K;68;13;2;AN0792
gid://shopify/ProductVariant/46393475924263;gid://shopify/ProductVariant/46393475924263;AN0792-13;13;5500.0;gid://shopify/Product/8582660456743;Anel Fetiche De Ouro Branco 18K;68;13;2;AN0792
gid://shopify/ProductVariant/46393475989799;gid://shopify/ProductVariant/46393475989799;AN0792-15;15;5500.0;gid://shopify/Product/8582660456743;Anel Fetiche De Ouro Branco 18K;68;13;2;AN0792
gid://shopify/ProductVariant/46393476055335;gid://shopify/ProductVariant/46393476055335;AN0792-17;17;5500.0;gid://shopify/Product/8582660456743;Anel Fetiche De Ouro Branco 18K;68;13;2;AN0792
gid://shopify/ProductVariant/46393476088103;gid://shopify/ProductVariant/46393476088103;AN0792-18;18;5500.0;gid://shopify/Product/8582660456743;Anel Fetiche De Ouro Branco 18K;68;13;2;AN0792
gid://shopify/ProductVariant/46393476120871;gid://shopify/ProductVariant/46393476120871;AN0792-19;19;5500.0;gid://shopify/Product/8582660456743;Anel Fetiche De Ouro Branco 18K;68;13;2;AN0792
gid://shopify/ProductVariant/46393476153639;gid://shopify/ProductVariant/46393476153639;AN0792-20;20;5500.0;gid://shopify/Product/8582660456743;Anel Fetiche De Ouro Branco 18K;68;13;2;AN0792
gid://shopify/ProductVariant/46393476186407;gid://shopify/ProductVariant/46393476186407;AN0792-21;21;5500.0;gid://shopify/Product/8582660456743;Anel Fetiche De Ouro Branco 18K;68;13;2;AN0792
gid://shopify/ProductVariant/46393476219175;gid://shopify/ProductVariant/46393476219175;AN0792-22;22;5500.0;gid://shopify/Product/8582660456743;Anel Fetiche De Ouro Branco 18K;68;13;2;AN0792
gid://shopify/ProductVariant/46393476874535;gid://shopify/ProductVariant/46393476874535;AN0791-10;10;5500.0;gid://shopify/Product/8582660587815;Anel Fetiche De Ouro Rosa 18K;68;13;2;AN0791
gid://shopify/ProductVariant/46393476907303;gid://shopify/ProductVariant/46393476907303;AN0791-11;11;5500.0;gid://shopify/Product/8582660587815;Anel Fetiche De Ouro Rosa 18K;68;13;2;AN0791
gid://shopify/ProductVariant/46393476972839;gid://shopify/ProductVariant/46393476972839;AN0791-12;12;5500.0;gid://shopify/Product/8582660587815;Anel Fetiche De Ouro Rosa 18K;68;13;2;AN0791
gid://shopify/ProductVariant/46393477038375;gid://shopify/ProductVariant/46393477038375;AN0791-13;13;5500.0;gid://shopify/Product/8582660587815;Anel Fetiche De Ouro Rosa 18K;68;13;2;AN0791
gid://shopify/ProductVariant/46393477202215;gid://shopify/ProductVariant/46393477202215;AN0791-16;16;5500.0;gid://shopify/Product/8582660587815;Anel Fetiche De Ouro Rosa 18K;68;13;2;AN0791
gid://shopify/ProductVariant/46393477267751;gid://shopify/ProductVariant/46393477267751;AN0791-17;17;5500.0;gid://shopify/Product/8582660587815;Anel Fetiche De Ouro Rosa 18K;68;13;2;AN0791
gid://shopify/ProductVariant/46393477333287;gid://shopify/ProductVariant/46393477333287;AN0791-18;18;5500.0;gid://shopify/Product/8582660587815;Anel Fetiche De Ouro Rosa 18K;68;13;2;AN0791
gid://shopify/ProductVariant/46393477398823;gid://shopify/ProductVariant/46393477398823;AN0791-19;19;5500.0;gid://shopify/Product/8582660587815;Anel Fetiche De Ouro Rosa 18K;68;13;2;AN0791
gid://shopify/ProductVariant/46393477431591;gid://shopify/ProductVariant/46393477431591;AN0791-20;20;5500.0;gid://shopify/Product/8582660587815;Anel Fetiche De Ouro Rosa 18K;68;13;2;AN0791
gid://shopify/ProductVariant/46393477497127;gid://shopify/ProductVariant/46393477497127;AN0791-21;21;5500.0;gid://shopify/Product/8582660587815;Anel Fetiche De Ouro Rosa 18K;68;13;2;AN0791
gid://shopify/ProductVariant/46393477562663;gid://shopify/ProductVariant/46393477562663;AN0791-22;22;5500.0;gid://shopify/Product/8582660587815;Anel Fetiche De Ouro Rosa 18K;68;13;2;AN0791
gid://shopify/ProductVariant/46393480151335;gid://shopify/ProductVariant/46393480151335;AN02445-10;10;3200.0;gid://shopify/Product/8582660653351;Anel First Diamond De Ouro Branco 18K Com Ródio Negro E Diamante;65;13;2;AN02445
gid://shopify/ProductVariant/46393480184103;gid://shopify/ProductVariant/46393480184103;AN02445-11;11;3200.0;gid://shopify/Product/8582660653351;Anel First Diamond De Ouro Branco 18K Com Ródio Negro E Diamante;65;13;2;AN02445
gid://shopify/ProductVariant/46393480216871;gid://shopify/ProductVariant/46393480216871;AN02445-12;12;3200.0;gid://shopify/Product/8582660653351;Anel First Diamond De Ouro Branco 18K Com Ródio Negro E Diamante;65;13;2;AN02445
gid://shopify/ProductVariant/46393480249639;gid://shopify/ProductVariant/46393480249639;AN02445-13;13;3200.0;gid://shopify/Product/8582660653351;Anel First Diamond De Ouro Branco 18K Com Ródio Negro E Diamante;65;13;2;AN02445
gid://shopify/ProductVariant/46393480282407;gid://shopify/ProductVariant/46393480282407;AN02445-14;14;3200.0;gid://shopify/Product/8582660653351;Anel First Diamond De Ouro Branco 18K Com Ródio Negro E Diamante;65;13;2;AN02445
gid://shopify/ProductVariant/46393480315175;gid://shopify/ProductVariant/46393480315175;AN02445-15;15;3200.0;gid://shopify/Product/8582660653351;Anel First Diamond De Ouro Branco 18K Com Ródio Negro E Diamante;65;13;2;AN02445
gid://shopify/ProductVariant/46393480347943;gid://shopify/ProductVariant/46393480347943;AN02445-16;16;3200.0;gid://shopify/Product/8582660653351;Anel First Diamond De Ouro Branco 18K Com Ródio Negro E Diamante;65;13;2;AN02445
gid://shopify/ProductVariant/46393480380711;gid://shopify/ProductVariant/46393480380711;AN02445-17;17;3200.0;gid://shopify/Product/8582660653351;Anel First Diamond De Ouro Branco 18K Com Ródio Negro E Diamante;65;13;2;AN02445
gid://shopify/ProductVariant/46393480413479;gid://shopify/ProductVariant/46393480413479;AN02445-18;18;3200.0;gid://shopify/Product/8582660653351;Anel First Diamond De Ouro Branco 18K Com Ródio Negro E Diamante;65;13;2;AN02445
gid://shopify/ProductVariant/46393480446247;gid://shopify/ProductVariant/46393480446247;AN02445-19;19;3200.0;gid://shopify/Product/8582660653351;Anel First Diamond De Ouro Branco 18K Com Ródio Negro E Diamante;65;13;2;AN02445
gid://shopify/ProductVariant/46393480479015;gid://shopify/ProductVariant/46393480479015;AN02445-20;20;3200.0;gid://shopify/Product/8582660653351;Anel First Diamond De Ouro Branco 18K Com Ródio Negro E Diamante;65;13;2;AN02445
gid://shopify/ProductVariant/46393480511783;gid://shopify/ProductVariant/46393480511783;AN02445-21;21;3200.0;gid://shopify/Product/8582660653351;Anel First Diamond De Ouro Branco 18K Com Ródio Negro E Diamante;65;13;2;AN02445
gid://shopify/ProductVariant/46393480544551;gid://shopify/ProductVariant/46393480544551;AN02445-22;22;3200.0;gid://shopify/Product/8582660653351;Anel First Diamond De Ouro Branco 18K Com Ródio Negro E Diamante;65;13;2;AN02445
gid://shopify/ProductVariant/46393480806695;gid://shopify/ProductVariant/46393480806695;AN03305-10;10;3200.0;gid://shopify/Product/8582660751655;Anel First Diamond De Ouro Branco 18K E Diamante;70;13;2;AN03305
gid://shopify/ProductVariant/46393480839463;gid://shopify/ProductVariant/46393480839463;AN03305-11;11;3200.0;gid://shopify/Product/8582660751655;Anel First Diamond De Ouro Branco 18K E Diamante;70;13;2;AN03305
gid://shopify/ProductVariant/46393480872231;gid://shopify/ProductVariant/46393480872231;AN03305-12;12;3200.0;gid://shopify/Product/8582660751655;Anel First Diamond De Ouro Branco 18K E Diamante;70;13;2;AN03305
gid://shopify/ProductVariant/46393480904999;gid://shopify/ProductVariant/46393480904999;AN03305-13;13;3200.0;gid://shopify/Product/8582660751655;Anel First Diamond De Ouro Branco 18K E Diamante;70;13;2;AN03305
gid://shopify/ProductVariant/46393481036071;gid://shopify/ProductVariant/46393481036071;AN03305-17;17;3200.0;gid://shopify/Product/8582660751655;Anel First Diamond De Ouro Branco 18K E Diamante;70;13;2;AN03305
gid://shopify/ProductVariant/46393481068839;gid://shopify/ProductVariant/46393481068839;AN03305-18;18;3200.0;gid://shopify/Product/8582660751655;Anel First Diamond De Ouro Branco 18K E Diamante;70;13;2;AN03305
gid://shopify/ProductVariant/46393481101607;gid://shopify/ProductVariant/46393481101607;AN03305-19;19;3200.0;gid://shopify/Product/8582660751655;Anel First Diamond De Ouro Branco 18K E Diamante;70;13;2;AN03305
gid://shopify/ProductVariant/46393481134375;gid://shopify/ProductVariant/46393481134375;AN03305-20;20;3200.0;gid://shopify/Product/8582660751655;Anel First Diamond De Ouro Branco 18K E Diamante;70;13;2;AN03305
gid://shopify/ProductVariant/46393481167143;gid://shopify/ProductVariant/46393481167143;AN03305-21;21;3200.0;gid://shopify/Product/8582660751655;Anel First Diamond De Ouro Branco 18K E Diamante;70;13;2;AN03305
gid://shopify/ProductVariant/46393481199911;gid://shopify/ProductVariant/46393481199911;AN03305-22;22;3200.0;gid://shopify/Product/8582660751655;Anel First Diamond De Ouro Branco 18K E Diamante;70;13;2;AN03305
gid://shopify/ProductVariant/46393481330983;gid://shopify/ProductVariant/46393481330983;AN02446-10;10;3200.0;gid://shopify/Product/8582660817191;Anel First Diamond De Ouro Rosa 18K E Diamante;65;13;2;AN02446
gid://shopify/ProductVariant/46393481363751;gid://shopify/ProductVariant/46393481363751;AN02446-11;11;3200.0;gid://shopify/Product/8582660817191;Anel First Diamond De Ouro Rosa 18K E Diamante;65;13;2;AN02446
gid://shopify/ProductVariant/46393481396519;gid://shopify/ProductVariant/46393481396519;AN02446-12;12;3200.0;gid://shopify/Product/8582660817191;Anel First Diamond De Ouro Rosa 18K E Diamante;65;13;2;AN02446
gid://shopify/ProductVariant/46393481429287;gid://shopify/ProductVariant/46393481429287;AN02446-13;13;3200.0;gid://shopify/Product/8582660817191;Anel First Diamond De Ouro Rosa 18K E Diamante;65;13;2;AN02446
gid://shopify/ProductVariant/46393481462055;gid://shopify/ProductVariant/46393481462055;AN02446-14;14;3200.0;gid://shopify/Product/8582660817191;Anel First Diamond De Ouro Rosa 18K E Diamante;65;13;2;AN02446
gid://shopify/ProductVariant/46393481494823;gid://shopify/ProductVariant/46393481494823;AN02446-15;15;3200.0;gid://shopify/Product/8582660817191;Anel First Diamond De Ouro Rosa 18K E Diamante;65;13;2;AN02446
gid://shopify/ProductVariant/46393481527591;gid://shopify/ProductVariant/46393481527591;AN02446-16;16;3200.0;gid://shopify/Product/8582660817191;Anel First Diamond De Ouro Rosa 18K E Diamante;65;13;2;AN02446
gid://shopify/ProductVariant/46393481560359;gid://shopify/ProductVariant/46393481560359;AN02446-17;17;3200.0;gid://shopify/Product/8582660817191;Anel First Diamond De Ouro Rosa 18K E Diamante;65;13;2;AN02446
gid://shopify/ProductVariant/46393481593127;gid://shopify/ProductVariant/46393481593127;AN02446-18;18;3200.0;gid://shopify/Product/8582660817191;Anel First Diamond De Ouro Rosa 18K E Diamante;65;13;2;AN02446
gid://shopify/ProductVariant/46393481625895;gid://shopify/ProductVariant/46393481625895;AN02446-19;19;3200.0;gid://shopify/Product/8582660817191;Anel First Diamond De Ouro Rosa 18K E Diamante;65;13;2;AN02446
gid://shopify/ProductVariant/46393481658663;gid://shopify/ProductVariant/46393481658663;AN02446-20;20;3200.0;gid://shopify/Product/8582660817191;Anel First Diamond De Ouro Rosa 18K E Diamante;65;13;2;AN02446
gid://shopify/ProductVariant/46393481691431;gid://shopify/ProductVariant/46393481691431;AN02446-21;21;3200.0;gid://shopify/Product/8582660817191;Anel First Diamond De Ouro Rosa 18K E Diamante;65;13;2;AN02446
gid://shopify/ProductVariant/46393481724199;gid://shopify/ProductVariant/46393481724199;AN02446-22;22;3200.0;gid://shopify/Product/8582660817191;Anel First Diamond De Ouro Rosa 18K E Diamante;65;13;2;AN02446
gid://shopify/ProductVariant/46393482543399;gid://shopify/ProductVariant/46393482543399;AN03026-10;10;6500.0;gid://shopify/Product/8582660882727;Anel Lifestyle De Ouro Branco 18K Com Ródio Negro E Diamante E Esmeralda;68;13;2;AN03026
gid://shopify/ProductVariant/46393482576167;gid://shopify/ProductVariant/46393482576167;AN03026-11;11;6500.0;gid://shopify/Product/8582660882727;Anel Lifestyle De Ouro Branco 18K Com Ródio Negro E Diamante E Esmeralda;68;13;2;AN03026
gid://shopify/ProductVariant/46393482608935;gid://shopify/ProductVariant/46393482608935;AN03026-12;12;6500.0;gid://shopify/Product/8582660882727;Anel Lifestyle De Ouro Branco 18K Com Ródio Negro E Diamante E Esmeralda;68;13;2;AN03026
gid://shopify/ProductVariant/46393482641703;gid://shopify/ProductVariant/46393482641703;AN03026-13;13;6500.0;gid://shopify/Product/8582660882727;Anel Lifestyle De Ouro Branco 18K Com Ródio Negro E Diamante E Esmeralda;68;13;2;AN03026
gid://shopify/ProductVariant/46393482674471;gid://shopify/ProductVariant/46393482674471;AN03026-14;14;6500.0;gid://shopify/Product/8582660882727;Anel Lifestyle De Ouro Branco 18K Com Ródio Negro E Diamante E Esmeralda;68;13;2;AN03026
gid://shopify/ProductVariant/46393482740007;gid://shopify/ProductVariant/46393482740007;AN03026-16;16;6500.0;gid://shopify/Product/8582660882727;Anel Lifestyle De Ouro Branco 18K Com Ródio Negro E Diamante E Esmeralda;68;13;2;AN03026
gid://shopify/ProductVariant/46393482805543;gid://shopify/ProductVariant/46393482805543;AN03026-18;18;6500.0;gid://shopify/Product/8582660882727;Anel Lifestyle De Ouro Branco 18K Com Ródio Negro E Diamante E Esmeralda;68;13;2;AN03026
gid://shopify/ProductVariant/46393482838311;gid://shopify/ProductVariant/46393482838311;AN03026-19;19;6500.0;gid://shopify/Product/8582660882727;Anel Lifestyle De Ouro Branco 18K Com Ródio Negro E Diamante E Esmeralda;68;13;2;AN03026
gid://shopify/ProductVariant/46393482871079;gid://shopify/ProductVariant/46393482871079;AN03026-20;20;6500.0;gid://shopify/Product/8582660882727;Anel Lifestyle De Ouro Branco 18K Com Ródio Negro E Diamante E Esmeralda;68;13;2;AN03026
gid://shopify/ProductVariant/46393482903847;gid://shopify/ProductVariant/46393482903847;AN03026-21;21;6500.0;gid://shopify/Product/8582660882727;Anel Lifestyle De Ouro Branco 18K Com Ródio Negro E Diamante E Esmeralda;68;13;2;AN03026
gid://shopify/ProductVariant/46393482936615;gid://shopify/ProductVariant/46393482936615;AN03026-22;22;6500.0;gid://shopify/Product/8582660882727;Anel Lifestyle De Ouro Branco 18K Com Ródio Negro E Diamante E Esmeralda;68;13;2;AN03026
gid://shopify/ProductVariant/46393483297063;gid://shopify/ProductVariant/46393483297063;AN03030-10;10;7800.0;gid://shopify/Product/8582660981031;Anel Lifestyle De Ouro Branco 18K Com Ródio Negro E Diamante;66;13;2;AN03030
gid://shopify/ProductVariant/46393483329831;gid://shopify/ProductVariant/46393483329831;AN03030-11;11;7800.0;gid://shopify/Product/8582660981031;Anel Lifestyle De Ouro Branco 18K Com Ródio Negro E Diamante;66;13;2;AN03030
gid://shopify/ProductVariant/46393483362599;gid://shopify/ProductVariant/46393483362599;AN03030-12;12;7800.0;gid://shopify/Product/8582660981031;Anel Lifestyle De Ouro Branco 18K Com Ródio Negro E Diamante;66;13;2;AN03030
gid://shopify/ProductVariant/46393483395367;gid://shopify/ProductVariant/46393483395367;AN03030-13;13;7800.0;gid://shopify/Product/8582660981031;Anel Lifestyle De Ouro Branco 18K Com Ródio Negro E Diamante;66;13;2;AN03030
gid://shopify/ProductVariant/46393483428135;gid://shopify/ProductVariant/46393483428135;AN03030-14;14;7800.0;gid://shopify/Product/8582660981031;Anel Lifestyle De Ouro Branco 18K Com Ródio Negro E Diamante;66;13;2;AN03030
gid://shopify/ProductVariant/46393483460903;gid://shopify/ProductVariant/46393483460903;AN03030-15;15;7800.0;gid://shopify/Product/8582660981031;Anel Lifestyle De Ouro Branco 18K Com Ródio Negro E Diamante;66;13;2;AN03030
gid://shopify/ProductVariant/46393483526439;gid://shopify/ProductVariant/46393483526439;AN03030-17;17;7800.0;gid://shopify/Product/8582660981031;Anel Lifestyle De Ouro Branco 18K Com Ródio Negro E Diamante;66;13;2;AN03030
gid://shopify/ProductVariant/46393483559207;gid://shopify/ProductVariant/46393483559207;AN03030-18;18;7800.0;gid://shopify/Product/8582660981031;Anel Lifestyle De Ouro Branco 18K Com Ródio Negro E Diamante;66;13;2;AN03030
gid://shopify/ProductVariant/46393483591975;gid://shopify/ProductVariant/46393483591975;AN03030-19;19;7800.0;gid://shopify/Product/8582660981031;Anel Lifestyle De Ouro Branco 18K Com Ródio Negro E Diamante;66;13;2;AN03030
gid://shopify/ProductVariant/46393483624743;gid://shopify/ProductVariant/46393483624743;AN03030-20;20;7800.0;gid://shopify/Product/8582660981031;Anel Lifestyle De Ouro Branco 18K Com Ródio Negro E Diamante;66;13;2;AN03030
gid://shopify/ProductVariant/46393483657511;gid://shopify/ProductVariant/46393483657511;AN03030-21;21;7800.0;gid://shopify/Product/8582660981031;Anel Lifestyle De Ouro Branco 18K Com Ródio Negro E Diamante;66;13;2;AN03030
gid://shopify/ProductVariant/46393483690279;gid://shopify/ProductVariant/46393483690279;AN03030-22;22;7800.0;gid://shopify/Product/8582660981031;Anel Lifestyle De Ouro Branco 18K Com Ródio Negro E Diamante;66;13;2;AN03030
gid://shopify/ProductVariant/46393483821351;gid://shopify/ProductVariant/46393483821351;AN03032-10;10;7900.0;gid://shopify/Product/8582661046567;Anel Lifestyle De Ouro Branco 18K Com Ródio Negro E Diamante;0;13;2;AN03032
gid://shopify/ProductVariant/46393483854119;gid://shopify/ProductVariant/46393483854119;AN03032-11;11;7900.0;gid://shopify/Product/8582661046567;Anel Lifestyle De Ouro Branco 18K Com Ródio Negro E Diamante;0;13;2;AN03032
gid://shopify/ProductVariant/46393483886887;gid://shopify/ProductVariant/46393483886887;AN03032-12;12;7900.0;gid://shopify/Product/8582661046567;Anel Lifestyle De Ouro Branco 18K Com Ródio Negro E Diamante;0;13;2;AN03032
gid://shopify/ProductVariant/46393483919655;gid://shopify/ProductVariant/46393483919655;AN03032-13;13;7900.0;gid://shopify/Product/8582661046567;Anel Lifestyle De Ouro Branco 18K Com Ródio Negro E Diamante;0;13;2;AN03032
gid://shopify/ProductVariant/46393483952423;gid://shopify/ProductVariant/46393483952423;AN03032-14;14;7900.0;gid://shopify/Product/8582661046567;Anel Lifestyle De Ouro Branco 18K Com Ródio Negro E Diamante;0;13;2;AN03032
gid://shopify/ProductVariant/46393483985191;gid://shopify/ProductVariant/46393483985191;AN03032-15;15;7900.0;gid://shopify/Product/8582661046567;Anel Lifestyle De Ouro Branco 18K Com Ródio Negro E Diamante;0;13;2;AN03032
gid://shopify/ProductVariant/46393484017959;gid://shopify/ProductVariant/46393484017959;AN03032-16;16;7900.0;gid://shopify/Product/8582661046567;Anel Lifestyle De Ouro Branco 18K Com Ródio Negro E Diamante;0;13;2;AN03032
gid://shopify/ProductVariant/46393484050727;gid://shopify/ProductVariant/46393484050727;AN03032-17;17;7900.0;gid://shopify/Product/8582661046567;Anel Lifestyle De Ouro Branco 18K Com Ródio Negro E Diamante;0;13;2;AN03032
gid://shopify/ProductVariant/46393484083495;gid://shopify/ProductVariant/46393484083495;AN03032-18;18;7900.0;gid://shopify/Product/8582661046567;Anel Lifestyle De Ouro Branco 18K Com Ródio Negro E Diamante;0;13;2;AN03032
gid://shopify/ProductVariant/46393484116263;gid://shopify/ProductVariant/46393484116263;AN03032-19;19;7900.0;gid://shopify/Product/8582661046567;Anel Lifestyle De Ouro Branco 18K Com Ródio Negro E Diamante;0;13;2;AN03032
gid://shopify/ProductVariant/46393484149031;gid://shopify/ProductVariant/46393484149031;AN03032-20;20;7900.0;gid://shopify/Product/8582661046567;Anel Lifestyle De Ouro Branco 18K Com Ródio Negro E Diamante;0;13;2;AN03032
gid://shopify/ProductVariant/46393484181799;gid://shopify/ProductVariant/46393484181799;AN03032-21;21;7900.0;gid://shopify/Product/8582661046567;Anel Lifestyle De Ouro Branco 18K Com Ródio Negro E Diamante;0;13;2;AN03032
gid://shopify/ProductVariant/46393484214567;gid://shopify/ProductVariant/46393484214567;AN03032-22;22;7900.0;gid://shopify/Product/8582661046567;Anel Lifestyle De Ouro Branco 18K Com Ródio Negro E Diamante;0;13;2;AN03032
gid://shopify/ProductVariant/46393484247335;gid://shopify/ProductVariant/46393484247335;AN03033-10;10;7100.0;gid://shopify/Product/8582661079335;Anel Lifestyle De Ouro Branco 18K Com Ródio Negro E Diamante Negro;66;13;2;AN03033
gid://shopify/ProductVariant/46393484280103;gid://shopify/ProductVariant/46393484280103;AN03033-11;11;7100.0;gid://shopify/Product/8582661079335;Anel Lifestyle De Ouro Branco 18K Com Ródio Negro E Diamante Negro;66;13;2;AN03033
gid://shopify/ProductVariant/46393484312871;gid://shopify/ProductVariant/46393484312871;AN03033-12;12;7100.0;gid://shopify/Product/8582661079335;Anel Lifestyle De Ouro Branco 18K Com Ródio Negro E Diamante Negro;66;13;2;AN03033
gid://shopify/ProductVariant/46393484345639;gid://shopify/ProductVariant/46393484345639;AN03033-13;13;7100.0;gid://shopify/Product/8582661079335;Anel Lifestyle De Ouro Branco 18K Com Ródio Negro E Diamante Negro;66;13;2;AN03033
gid://shopify/ProductVariant/46393484378407;gid://shopify/ProductVariant/46393484378407;AN03033-14;14;7100.0;gid://shopify/Product/8582661079335;Anel Lifestyle De Ouro Branco 18K Com Ródio Negro E Diamante Negro;66;13;2;AN03033
gid://shopify/ProductVariant/46393484443943;gid://shopify/ProductVariant/46393484443943;AN03033-16;16;7100.0;gid://shopify/Product/8582661079335;Anel Lifestyle De Ouro Branco 18K Com Ródio Negro E Diamante Negro;66;13;2;AN03033
gid://shopify/ProductVariant/46393484476711;gid://shopify/ProductVariant/46393484476711;AN03033-17;17;7100.0;gid://shopify/Product/8582661079335;Anel Lifestyle De Ouro Branco 18K Com Ródio Negro E Diamante Negro;66;13;2;AN03033
gid://shopify/ProductVariant/46393484509479;gid://shopify/ProductVariant/46393484509479;AN03033-18;18;7100.0;gid://shopify/Product/8582661079335;Anel Lifestyle De Ouro Branco 18K Com Ródio Negro E Diamante Negro;66;13;2;AN03033
gid://shopify/ProductVariant/46393484542247;gid://shopify/ProductVariant/46393484542247;AN03033-19;19;7100.0;gid://shopify/Product/8582661079335;Anel Lifestyle De Ouro Branco 18K Com Ródio Negro E Diamante Negro;66;13;2;AN03033
gid://shopify/ProductVariant/46393484575015;gid://shopify/ProductVariant/46393484575015;AN03033-20;20;7100.0;gid://shopify/Product/8582661079335;Anel Lifestyle De Ouro Branco 18K Com Ródio Negro E Diamante Negro;66;13;2;AN03033
gid://shopify/ProductVariant/46393484607783;gid://shopify/ProductVariant/46393484607783;AN03033-21;21;7100.0;gid://shopify/Product/8582661079335;Anel Lifestyle De Ouro Branco 18K Com Ródio Negro E Diamante Negro;66;13;2;AN03033
gid://shopify/ProductVariant/46393484640551;gid://shopify/ProductVariant/46393484640551;AN03033-22;22;7100.0;gid://shopify/Product/8582661079335;Anel Lifestyle De Ouro Branco 18K Com Ródio Negro E Diamante Negro;66;13;2;AN03033
gid://shopify/ProductVariant/46393484706087;gid://shopify/ProductVariant/46393484706087;AN03027-10;10;17500.0;gid://shopify/Product/8582661144871;Anel Lifestyle De Ouro Branco 18K E Diamante - G;1;13;2;AN03027
gid://shopify/ProductVariant/46393484738855;gid://shopify/ProductVariant/46393484738855;AN03027-11;11;17500.0;gid://shopify/Product/8582661144871;Anel Lifestyle De Ouro Branco 18K E Diamante - G;1;13;2;AN03027
gid://shopify/ProductVariant/46393484771623;gid://shopify/ProductVariant/46393484771623;AN03027-12;12;17500.0;gid://shopify/Product/8582661144871;Anel Lifestyle De Ouro Branco 18K E Diamante - G;1;13;2;AN03027
gid://shopify/ProductVariant/46393484804391;gid://shopify/ProductVariant/46393484804391;AN03027-13;13;17500.0;gid://shopify/Product/8582661144871;Anel Lifestyle De Ouro Branco 18K E Diamante - G;1;13;2;AN03027
gid://shopify/ProductVariant/46393484837159;gid://shopify/ProductVariant/46393484837159;AN03027-14;14;17500.0;gid://shopify/Product/8582661144871;Anel Lifestyle De Ouro Branco 18K E Diamante - G;1;13;2;AN03027
gid://shopify/ProductVariant/46393484869927;gid://shopify/ProductVariant/46393484869927;AN03027-15;15;17500.0;gid://shopify/Product/8582661144871;Anel Lifestyle De Ouro Branco 18K E Diamante - G;1;13;2;AN03027
gid://shopify/ProductVariant/46393484902695;gid://shopify/ProductVariant/46393484902695;AN03027-16;16;17500.0;gid://shopify/Product/8582661144871;Anel Lifestyle De Ouro Branco 18K E Diamante - G;1;13;2;AN03027
gid://shopify/ProductVariant/46393484968231;gid://shopify/ProductVariant/46393484968231;AN03027-18;18;17500.0;gid://shopify/Product/8582661144871;Anel Lifestyle De Ouro Branco 18K E Diamante - G;1;13;2;AN03027
gid://shopify/ProductVariant/46393485000999;gid://shopify/ProductVariant/46393485000999;AN03027-19;19;17500.0;gid://shopify/Product/8582661144871;Anel Lifestyle De Ouro Branco 18K E Diamante - G;1;13;2;AN03027
gid://shopify/ProductVariant/46393485033767;gid://shopify/ProductVariant/46393485033767;AN03027-20;20;17500.0;gid://shopify/Product/8582661144871;Anel Lifestyle De Ouro Branco 18K E Diamante - G;1;13;2;AN03027
gid://shopify/ProductVariant/46393485066535;gid://shopify/ProductVariant/46393485066535;AN03027-21;21;17500.0;gid://shopify/Product/8582661144871;Anel Lifestyle De Ouro Branco 18K E Diamante - G;1;13;2;AN03027
gid://shopify/ProductVariant/46393485099303;gid://shopify/ProductVariant/46393485099303;AN03027-22;22;17500.0;gid://shopify/Product/8582661144871;Anel Lifestyle De Ouro Branco 18K E Diamante - G;1;13;2;AN03027
gid://shopify/ProductVariant/46393485230375;gid://shopify/ProductVariant/46393485230375;AN03029-10;10;8500.0;gid://shopify/Product/8582661210407;Anel Lifestyle De Ouro Branco 18K E Diamante;65;13;2;AN03029
gid://shopify/ProductVariant/46393485263143;gid://shopify/ProductVariant/46393485263143;AN03029-11;11;8500.0;gid://shopify/Product/8582661210407;Anel Lifestyle De Ouro Branco 18K E Diamante;65;13;2;AN03029
gid://shopify/ProductVariant/46393485295911;gid://shopify/ProductVariant/46393485295911;AN03029-12;12;8500.0;gid://shopify/Product/8582661210407;Anel Lifestyle De Ouro Branco 18K E Diamante;65;13;2;AN03029
gid://shopify/ProductVariant/46393485328679;gid://shopify/ProductVariant/46393485328679;AN03029-13;13;8500.0;gid://shopify/Product/8582661210407;Anel Lifestyle De Ouro Branco 18K E Diamante;65;13;2;AN03029
gid://shopify/ProductVariant/46393485361447;gid://shopify/ProductVariant/46393485361447;AN03029-14;14;8500.0;gid://shopify/Product/8582661210407;Anel Lifestyle De Ouro Branco 18K E Diamante;65;13;2;AN03029
gid://shopify/ProductVariant/46393485394215;gid://shopify/ProductVariant/46393485394215;AN03029-15;15;8500.0;gid://shopify/Product/8582661210407;Anel Lifestyle De Ouro Branco 18K E Diamante;65;13;2;AN03029
gid://shopify/ProductVariant/46393485426983;gid://shopify/ProductVariant/46393485426983;AN03029-16;16;8500.0;gid://shopify/Product/8582661210407;Anel Lifestyle De Ouro Branco 18K E Diamante;65;13;2;AN03029
gid://shopify/ProductVariant/46393485459751;gid://shopify/ProductVariant/46393485459751;AN03029-17;17;8500.0;gid://shopify/Product/8582661210407;Anel Lifestyle De Ouro Branco 18K E Diamante;65;13;2;AN03029
gid://shopify/ProductVariant/46393485492519;gid://shopify/ProductVariant/46393485492519;AN03029-18;18;8500.0;gid://shopify/Product/8582661210407;Anel Lifestyle De Ouro Branco 18K E Diamante;65;13;2;AN03029
gid://shopify/ProductVariant/46393485525287;gid://shopify/ProductVariant/46393485525287;AN03029-19;19;8500.0;gid://shopify/Product/8582661210407;Anel Lifestyle De Ouro Branco 18K E Diamante;65;13;2;AN03029
gid://shopify/ProductVariant/46393485558055;gid://shopify/ProductVariant/46393485558055;AN03029-20;20;8500.0;gid://shopify/Product/8582661210407;Anel Lifestyle De Ouro Branco 18K E Diamante;65;13;2;AN03029
gid://shopify/ProductVariant/46393485590823;gid://shopify/ProductVariant/46393485590823;AN03029-21;21;8500.0;gid://shopify/Product/8582661210407;Anel Lifestyle De Ouro Branco 18K E Diamante;65;13;2;AN03029
gid://shopify/ProductVariant/46393485623591;gid://shopify/ProductVariant/46393485623591;AN03029-22;22;8500.0;gid://shopify/Product/8582661210407;Anel Lifestyle De Ouro Branco 18K E Diamante;65;13;2;AN03029
gid://shopify/ProductVariant/46393486115111;gid://shopify/ProductVariant/46393486115111;AN03031-10;10;14900.0;gid://shopify/Product/8582661308711;Anel Lifestyle De Ouro Branco 18K E Diamante;65;13;2;AN03031
gid://shopify/ProductVariant/46393486147879;gid://shopify/ProductVariant/46393486147879;AN03031-11;11;14900.0;gid://shopify/Product/8582661308711;Anel Lifestyle De Ouro Branco 18K E Diamante;65;13;2;AN03031
gid://shopify/ProductVariant/46393486180647;gid://shopify/ProductVariant/46393486180647;AN03031-12;12;14900.0;gid://shopify/Product/8582661308711;Anel Lifestyle De Ouro Branco 18K E Diamante;65;13;2;AN03031
gid://shopify/ProductVariant/46393486213415;gid://shopify/ProductVariant/46393486213415;AN03031-13;13;14900.0;gid://shopify/Product/8582661308711;Anel Lifestyle De Ouro Branco 18K E Diamante;65;13;2;AN03031
gid://shopify/ProductVariant/46393486246183;gid://shopify/ProductVariant/46393486246183;AN03031-14;14;14900.0;gid://shopify/Product/8582661308711;Anel Lifestyle De Ouro Branco 18K E Diamante;65;13;2;AN03031
gid://shopify/ProductVariant/46393486278951;gid://shopify/ProductVariant/46393486278951;AN03031-15;15;14900.0;gid://shopify/Product/8582661308711;Anel Lifestyle De Ouro Branco 18K E Diamante;65;13;2;AN03031
gid://shopify/ProductVariant/46393486311719;gid://shopify/ProductVariant/46393486311719;AN03031-16;16;14900.0;gid://shopify/Product/8582661308711;Anel Lifestyle De Ouro Branco 18K E Diamante;65;13;2;AN03031
gid://shopify/ProductVariant/46393486344487;gid://shopify/ProductVariant/46393486344487;AN03031-17;17;14900.0;gid://shopify/Product/8582661308711;Anel Lifestyle De Ouro Branco 18K E Diamante;65;13;2;AN03031
gid://shopify/ProductVariant/46393486377255;gid://shopify/ProductVariant/46393486377255;AN03031-18;18;14900.0;gid://shopify/Product/8582661308711;Anel Lifestyle De Ouro Branco 18K E Diamante;65;13;2;AN03031
gid://shopify/ProductVariant/46393486410023;gid://shopify/ProductVariant/46393486410023;AN03031-19;19;14900.0;gid://shopify/Product/8582661308711;Anel Lifestyle De Ouro Branco 18K E Diamante;65;13;2;AN03031
gid://shopify/ProductVariant/46393486442791;gid://shopify/ProductVariant/46393486442791;AN03031-20;20;14900.0;gid://shopify/Product/8582661308711;Anel Lifestyle De Ouro Branco 18K E Diamante;65;13;2;AN03031
gid://shopify/ProductVariant/46393486475559;gid://shopify/ProductVariant/46393486475559;AN03031-21;21;14900.0;gid://shopify/Product/8582661308711;Anel Lifestyle De Ouro Branco 18K E Diamante;65;13;2;AN03031
gid://shopify/ProductVariant/46393486508327;gid://shopify/ProductVariant/46393486508327;AN03031-22;22;14900.0;gid://shopify/Product/8582661308711;Anel Lifestyle De Ouro Branco 18K E Diamante;65;13;2;AN03031
gid://shopify/ProductVariant/46393486541095;gid://shopify/ProductVariant/46393486541095;AN03028-10;10;5900.0;gid://shopify/Product/8582661341479;Anel Lifestyle De Ouro Amarelo 18K;67;13;2;AN03028
gid://shopify/ProductVariant/46393486573863;gid://shopify/ProductVariant/46393486573863;AN03028-11;11;5900.0;gid://shopify/Product/8582661341479;Anel Lifestyle De Ouro Amarelo 18K;67;13;2;AN03028
gid://shopify/ProductVariant/46393486606631;gid://shopify/ProductVariant/46393486606631;AN03028-12;12;5900.0;gid://shopify/Product/8582661341479;Anel Lifestyle De Ouro Amarelo 18K;67;13;2;AN03028
gid://shopify/ProductVariant/46393486639399;gid://shopify/ProductVariant/46393486639399;AN03028-13;13;5900.0;gid://shopify/Product/8582661341479;Anel Lifestyle De Ouro Amarelo 18K;67;13;2;AN03028
gid://shopify/ProductVariant/46393486704935;gid://shopify/ProductVariant/46393486704935;AN03028-15;15;5900.0;gid://shopify/Product/8582661341479;Anel Lifestyle De Ouro Amarelo 18K;67;13;2;AN03028
gid://shopify/ProductVariant/46393486737703;gid://shopify/ProductVariant/46393486737703;AN03028-16;16;5900.0;gid://shopify/Product/8582661341479;Anel Lifestyle De Ouro Amarelo 18K;67;13;2;AN03028
gid://shopify/ProductVariant/46393486803239;gid://shopify/ProductVariant/46393486803239;AN03028-18;18;5900.0;gid://shopify/Product/8582661341479;Anel Lifestyle De Ouro Amarelo 18K;67;13;2;AN03028
gid://shopify/ProductVariant/46393486836007;gid://shopify/ProductVariant/46393486836007;AN03028-19;19;5900.0;gid://shopify/Product/8582661341479;Anel Lifestyle De Ouro Amarelo 18K;67;13;2;AN03028
gid://shopify/ProductVariant/46393486868775;gid://shopify/ProductVariant/46393486868775;AN03028-20;20;5900.0;gid://shopify/Product/8582661341479;Anel Lifestyle De Ouro Amarelo 18K;67;13;2;AN03028
gid://shopify/ProductVariant/46393486901543;gid://shopify/ProductVariant/46393486901543;AN03028-21;21;5900.0;gid://shopify/Product/8582661341479;Anel Lifestyle De Ouro Amarelo 18K;67;13;2;AN03028
gid://shopify/ProductVariant/46393486934311;gid://shopify/ProductVariant/46393486934311;AN03028-22;22;5900.0;gid://shopify/Product/8582661341479;Anel Lifestyle De Ouro Amarelo 18K;67;13;2;AN03028
gid://shopify/ProductVariant/46393487130919;gid://shopify/ProductVariant/46393487130919;AN02823-10;10;8500.0;gid://shopify/Product/8582661407015;Anel Love NY De Ouro Branco 18K Com Ródio Negro E Diamante;1;13;2;AN02823
gid://shopify/ProductVariant/46393487163687;gid://shopify/ProductVariant/46393487163687;AN02823-11;11;8500.0;gid://shopify/Product/8582661407015;Anel Love NY De Ouro Branco 18K Com Ródio Negro E Diamante;1;13;2;AN02823
gid://shopify/ProductVariant/46393487196455;gid://shopify/ProductVariant/46393487196455;AN02823-12;12;8500.0;gid://shopify/Product/8582661407015;Anel Love NY De Ouro Branco 18K Com Ródio Negro E Diamante;1;13;2;AN02823
gid://shopify/ProductVariant/46393487229223;gid://shopify/ProductVariant/46393487229223;AN02823-13;13;8500.0;gid://shopify/Product/8582661407015;Anel Love NY De Ouro Branco 18K Com Ródio Negro E Diamante;1;13;2;AN02823
gid://shopify/ProductVariant/46393487261991;gid://shopify/ProductVariant/46393487261991;AN02823-14;14;8500.0;gid://shopify/Product/8582661407015;Anel Love NY De Ouro Branco 18K Com Ródio Negro E Diamante;1;13;2;AN02823
gid://shopify/ProductVariant/46393487294759;gid://shopify/ProductVariant/46393487294759;AN02823-15;15;8500.0;gid://shopify/Product/8582661407015;Anel Love NY De Ouro Branco 18K Com Ródio Negro E Diamante;1;13;2;AN02823
gid://shopify/ProductVariant/46393487327527;gid://shopify/ProductVariant/46393487327527;AN02823-16;16;8500.0;gid://shopify/Product/8582661407015;Anel Love NY De Ouro Branco 18K Com Ródio Negro E Diamante;1;13;2;AN02823
gid://shopify/ProductVariant/46393487360295;gid://shopify/ProductVariant/46393487360295;AN02823-17;17;8500.0;gid://shopify/Product/8582661407015;Anel Love NY De Ouro Branco 18K Com Ródio Negro E Diamante;1;13;2;AN02823
gid://shopify/ProductVariant/46393487393063;gid://shopify/ProductVariant/46393487393063;AN02823-18;18;8500.0;gid://shopify/Product/8582661407015;Anel Love NY De Ouro Branco 18K Com Ródio Negro E Diamante;1;13;2;AN02823
gid://shopify/ProductVariant/46393487458599;gid://shopify/ProductVariant/46393487458599;AN02823-20;20;8500.0;gid://shopify/Product/8582661407015;Anel Love NY De Ouro Branco 18K Com Ródio Negro E Diamante;1;13;2;AN02823
gid://shopify/ProductVariant/46393487491367;gid://shopify/ProductVariant/46393487491367;AN02823-21;21;8500.0;gid://shopify/Product/8582661407015;Anel Love NY De Ouro Branco 18K Com Ródio Negro E Diamante;1;13;2;AN02823
gid://shopify/ProductVariant/46393487524135;gid://shopify/ProductVariant/46393487524135;AN02823-22;22;8500.0;gid://shopify/Product/8582661407015;Anel Love NY De Ouro Branco 18K Com Ródio Negro E Diamante;1;13;2;AN02823
gid://shopify/ProductVariant/46393487687975;gid://shopify/ProductVariant/46393487687975;AN02824-10;10;9800.0;gid://shopify/Product/8582661472551;Anel Love Ny De Ouro Branco 18K E Diamante;67;13;2;AN02824
gid://shopify/ProductVariant/46393487720743;gid://shopify/ProductVariant/46393487720743;AN02824-11;11;9800.0;gid://shopify/Product/8582661472551;Anel Love Ny De Ouro Branco 18K E Diamante;67;13;2;AN02824
gid://shopify/ProductVariant/46393487753511;gid://shopify/ProductVariant/46393487753511;AN02824-12;12;9800.0;gid://shopify/Product/8582661472551;Anel Love Ny De Ouro Branco 18K E Diamante;67;13;2;AN02824
gid://shopify/ProductVariant/46393487786279;gid://shopify/ProductVariant/46393487786279;AN02824-13;13;9800.0;gid://shopify/Product/8582661472551;Anel Love Ny De Ouro Branco 18K E Diamante;67;13;2;AN02824
gid://shopify/ProductVariant/46393487851815;gid://shopify/ProductVariant/46393487851815;AN02824-15;15;9800.0;gid://shopify/Product/8582661472551;Anel Love Ny De Ouro Branco 18K E Diamante;67;13;2;AN02824
gid://shopify/ProductVariant/46393487917351;gid://shopify/ProductVariant/46393487917351;AN02824-17;17;9800.0;gid://shopify/Product/8582661472551;Anel Love Ny De Ouro Branco 18K E Diamante;67;13;2;AN02824
gid://shopify/ProductVariant/46393487950119;gid://shopify/ProductVariant/46393487950119;AN02824-18;18;9800.0;gid://shopify/Product/8582661472551;Anel Love Ny De Ouro Branco 18K E Diamante;67;13;2;AN02824
gid://shopify/ProductVariant/46393487982887;gid://shopify/ProductVariant/46393487982887;AN02824-19;19;9800.0;gid://shopify/Product/8582661472551;Anel Love Ny De Ouro Branco 18K E Diamante;67;13;2;AN02824
gid://shopify/ProductVariant/46393488015655;gid://shopify/ProductVariant/46393488015655;AN02824-20;20;9800.0;gid://shopify/Product/8582661472551;Anel Love Ny De Ouro Branco 18K E Diamante;67;13;2;AN02824
gid://shopify/ProductVariant/46393488048423;gid://shopify/ProductVariant/46393488048423;AN02824-21;21;9800.0;gid://shopify/Product/8582661472551;Anel Love Ny De Ouro Branco 18K E Diamante;67;13;2;AN02824
gid://shopify/ProductVariant/46393488081191;gid://shopify/ProductVariant/46393488081191;AN02824-22;22;9800.0;gid://shopify/Product/8582661472551;Anel Love Ny De Ouro Branco 18K E Diamante;67;13;2;AN02824
gid://shopify/ProductVariant/46393488146727;gid://shopify/ProductVariant/46393488146727;AN02815-10;10;6800.0;gid://shopify/Product/8582661538087;Anel Love Ny De Ouro Amarelo 18K;67;13;2;AN02815
gid://shopify/ProductVariant/46393488179495;gid://shopify/ProductVariant/46393488179495;AN02815-11;11;6800.0;gid://shopify/Product/8582661538087;Anel Love Ny De Ouro Amarelo 18K;67;13;2;AN02815
gid://shopify/ProductVariant/46393488212263;gid://shopify/ProductVariant/46393488212263;AN02815-12;12;6800.0;gid://shopify/Product/8582661538087;Anel Love Ny De Ouro Amarelo 18K;67;13;2;AN02815
gid://shopify/ProductVariant/46393488277799;gid://shopify/ProductVariant/46393488277799;AN02815-14;14;6800.0;gid://shopify/Product/8582661538087;Anel Love Ny De Ouro Amarelo 18K;67;13;2;AN02815
gid://shopify/ProductVariant/46393488343335;gid://shopify/ProductVariant/46393488343335;AN02815-16;16;6800.0;gid://shopify/Product/8582661538087;Anel Love Ny De Ouro Amarelo 18K;67;13;2;AN02815
gid://shopify/ProductVariant/46393488376103;gid://shopify/ProductVariant/46393488376103;AN02815-17;17;6800.0;gid://shopify/Product/8582661538087;Anel Love Ny De Ouro Amarelo 18K;67;13;2;AN02815
gid://shopify/ProductVariant/46393488408871;gid://shopify/ProductVariant/46393488408871;AN02815-18;18;6800.0;gid://shopify/Product/8582661538087;Anel Love Ny De Ouro Amarelo 18K;67;13;2;AN02815
gid://shopify/ProductVariant/46393488441639;gid://shopify/ProductVariant/46393488441639;AN02815-19;19;6800.0;gid://shopify/Product/8582661538087;Anel Love Ny De Ouro Amarelo 18K;67;13;2;AN02815
gid://shopify/ProductVariant/46393488474407;gid://shopify/ProductVariant/46393488474407;AN02815-20;20;6800.0;gid://shopify/Product/8582661538087;Anel Love Ny De Ouro Amarelo 18K;67;13;2;AN02815
gid://shopify/ProductVariant/46393488507175;gid://shopify/ProductVariant/46393488507175;AN02815-21;21;6800.0;gid://shopify/Product/8582661538087;Anel Love Ny De Ouro Amarelo 18K;67;13;2;AN02815
gid://shopify/ProductVariant/46393488539943;gid://shopify/ProductVariant/46393488539943;AN02815-22;22;6800.0;gid://shopify/Product/8582661538087;Anel Love Ny De Ouro Amarelo 18K;67;13;2;AN02815
gid://shopify/ProductVariant/46393488769319;gid://shopify/ProductVariant/46393488769319;AN02935-10;10;41000.0;gid://shopify/Product/8582661636391;Anel Maes 2013 De Ouro Branco 18K E Diamante Solitário;0;13;1;AN02935
gid://shopify/ProductVariant/46393488802087;gid://shopify/ProductVariant/46393488802087;AN02935-11;11;41000.0;gid://shopify/Product/8582661636391;Anel Maes 2013 De Ouro Branco 18K E Diamante Solitário;0;13;1;AN02935
gid://shopify/ProductVariant/46393488834855;gid://shopify/ProductVariant/46393488834855;AN02935-12;12;41000.0;gid://shopify/Product/8582661636391;Anel Maes 2013 De Ouro Branco 18K E Diamante Solitário;0;13;1;AN02935
gid://shopify/ProductVariant/46393488867623;gid://shopify/ProductVariant/46393488867623;AN02935-13;13;41000.0;gid://shopify/Product/8582661636391;Anel Maes 2013 De Ouro Branco 18K E Diamante Solitário;0;13;1;AN02935
gid://shopify/ProductVariant/46393488900391;gid://shopify/ProductVariant/46393488900391;AN02935-14;14;41000.0;gid://shopify/Product/8582661636391;Anel Maes 2013 De Ouro Branco 18K E Diamante Solitário;0;13;1;AN02935
gid://shopify/ProductVariant/46393488933159;gid://shopify/ProductVariant/46393488933159;AN02935-15;15;41000.0;gid://shopify/Product/8582661636391;Anel Maes 2013 De Ouro Branco 18K E Diamante Solitário;0;13;1;AN02935
gid://shopify/ProductVariant/46393488965927;gid://shopify/ProductVariant/46393488965927;AN02935-16;16;41000.0;gid://shopify/Product/8582661636391;Anel Maes 2013 De Ouro Branco 18K E Diamante Solitário;0;13;1;AN02935
gid://shopify/ProductVariant/46393488998695;gid://shopify/ProductVariant/46393488998695;AN02935-17;17;41000.0;gid://shopify/Product/8582661636391;Anel Maes 2013 De Ouro Branco 18K E Diamante Solitário;0;13;1;AN02935
gid://shopify/ProductVariant/46393489031463;gid://shopify/ProductVariant/46393489031463;AN02935-18;18;41000.0;gid://shopify/Product/8582661636391;Anel Maes 2013 De Ouro Branco 18K E Diamante Solitário;0;13;1;AN02935
gid://shopify/ProductVariant/46393489064231;gid://shopify/ProductVariant/46393489064231;AN02935-19;19;41000.0;gid://shopify/Product/8582661636391;Anel Maes 2013 De Ouro Branco 18K E Diamante Solitário;0;13;1;AN02935
gid://shopify/ProductVariant/46393489096999;gid://shopify/ProductVariant/46393489096999;AN02935-20;20;41000.0;gid://shopify/Product/8582661636391;Anel Maes 2013 De Ouro Branco 18K E Diamante Solitário;0;13;1;AN02935
gid://shopify/ProductVariant/46393489129767;gid://shopify/ProductVariant/46393489129767;AN02935-21;21;41000.0;gid://shopify/Product/8582661636391;Anel Maes 2013 De Ouro Branco 18K E Diamante Solitário;0;13;1;AN02935
gid://shopify/ProductVariant/46393489162535;gid://shopify/ProductVariant/46393489162535;AN02935-22;22;41000.0;gid://shopify/Product/8582661636391;Anel Maes 2013 De Ouro Branco 18K E Diamante Solitário;0;13;1;AN02935
gid://shopify/ProductVariant/46393489260839;gid://shopify/ProductVariant/46393489260839;AN03585-10;10;1500.0;gid://shopify/Product/8582661734695;Anel Mare De Prata Com Ouro Amarelo e Pérola;68;13;2;AN03585
gid://shopify/ProductVariant/46393489293607;gid://shopify/ProductVariant/46393489293607;AN03585-11;11;1500.0;gid://shopify/Product/8582661734695;Anel Mare De Prata Com Ouro Amarelo e Pérola;68;13;2;AN03585
gid://shopify/ProductVariant/46393489326375;gid://shopify/ProductVariant/46393489326375;AN03585-12;12;1500.0;gid://shopify/Product/8582661734695;Anel Mare De Prata Com Ouro Amarelo e Pérola;68;13;2;AN03585
gid://shopify/ProductVariant/46393489359143;gid://shopify/ProductVariant/46393489359143;AN03585-13;13;1500.0;gid://shopify/Product/8582661734695;Anel Mare De Prata Com Ouro Amarelo e Pérola;68;13;2;AN03585
gid://shopify/ProductVariant/46393489391911;gid://shopify/ProductVariant/46393489391911;AN03585-14;14;1500.0;gid://shopify/Product/8582661734695;Anel Mare De Prata Com Ouro Amarelo e Pérola;68;13;2;AN03585
gid://shopify/ProductVariant/46393489424679;gid://shopify/ProductVariant/46393489424679;AN03585-15;15;1500.0;gid://shopify/Product/8582661734695;Anel Mare De Prata Com Ouro Amarelo e Pérola;68;13;2;AN03585
gid://shopify/ProductVariant/46393489457447;gid://shopify/ProductVariant/46393489457447;AN03585-16;16;1500.0;gid://shopify/Product/8582661734695;Anel Mare De Prata Com Ouro Amarelo e Pérola;68;13;2;AN03585
gid://shopify/ProductVariant/46393489522983;gid://shopify/ProductVariant/46393489522983;AN03585-18;18;1500.0;gid://shopify/Product/8582661734695;Anel Mare De Prata Com Ouro Amarelo e Pérola;68;13;2;AN03585
gid://shopify/ProductVariant/46393489555751;gid://shopify/ProductVariant/46393489555751;AN03585-19;19;1500.0;gid://shopify/Product/8582661734695;Anel Mare De Prata Com Ouro Amarelo e Pérola;68;13;2;AN03585
gid://shopify/ProductVariant/46393489588519;gid://shopify/ProductVariant/46393489588519;AN03585-20;20;1500.0;gid://shopify/Product/8582661734695;Anel Mare De Prata Com Ouro Amarelo e Pérola;68;13;2;AN03585
gid://shopify/ProductVariant/46393489621287;gid://shopify/ProductVariant/46393489621287;AN03585-21;21;1500.0;gid://shopify/Product/8582661734695;Anel Mare De Prata Com Ouro Amarelo e Pérola;68;13;2;AN03585
gid://shopify/ProductVariant/46393489654055;gid://shopify/ProductVariant/46393489654055;AN03585-22;22;1500.0;gid://shopify/Product/8582661734695;Anel Mare De Prata Com Ouro Amarelo e Pérola;68;13;2;AN03585
gid://shopify/ProductVariant/46393489785127;gid://shopify/ProductVariant/46393489785127;AN03586-10;10;2100.0;gid://shopify/Product/8582661865767;Anel Mare De Prata Com Ouro Amarelo;74;13;3;AN03586
gid://shopify/ProductVariant/46393489817895;gid://shopify/ProductVariant/46393489817895;AN03586-11;11;2100.0;gid://shopify/Product/8582661865767;Anel Mare De Prata Com Ouro Amarelo;74;13;3;AN03586
gid://shopify/ProductVariant/46393489850663;gid://shopify/ProductVariant/46393489850663;AN03586-12;12;2100.0;gid://shopify/Product/8582661865767;Anel Mare De Prata Com Ouro Amarelo;74;13;3;AN03586
gid://shopify/ProductVariant/46393489916199;gid://shopify/ProductVariant/46393489916199;AN03586-14;14;2100.0;gid://shopify/Product/8582661865767;Anel Mare De Prata Com Ouro Amarelo;74;13;3;AN03586
gid://shopify/ProductVariant/46393490014503;gid://shopify/ProductVariant/46393490014503;AN03586-17;17;2100.0;gid://shopify/Product/8582661865767;Anel Mare De Prata Com Ouro Amarelo;74;13;3;AN03586
gid://shopify/ProductVariant/46393490047271;gid://shopify/ProductVariant/46393490047271;AN03586-18;18;2100.0;gid://shopify/Product/8582661865767;Anel Mare De Prata Com Ouro Amarelo;74;13;3;AN03586
gid://shopify/ProductVariant/46393490080039;gid://shopify/ProductVariant/46393490080039;AN03586-19;19;2100.0;gid://shopify/Product/8582661865767;Anel Mare De Prata Com Ouro Amarelo;74;13;3;AN03586
gid://shopify/ProductVariant/46393490112807;gid://shopify/ProductVariant/46393490112807;AN03586-20;20;2100.0;gid://shopify/Product/8582661865767;Anel Mare De Prata Com Ouro Amarelo;74;13;3;AN03586
gid://shopify/ProductVariant/46393490145575;gid://shopify/ProductVariant/46393490145575;AN03586-21;21;2100.0;gid://shopify/Product/8582661865767;Anel Mare De Prata Com Ouro Amarelo;74;13;3;AN03586
gid://shopify/ProductVariant/46393490407719;gid://shopify/ProductVariant/46393490407719;AN01604-10;10;3500.0;gid://shopify/Product/8582661996839;Anel Namo 2012 De Ouro Branco 18K Com Ródio Negro E Diamante;66;13;2;AN01604
gid://shopify/ProductVariant/46393490440487;gid://shopify/ProductVariant/46393490440487;AN01604-11;11;3500.0;gid://shopify/Product/8582661996839;Anel Namo 2012 De Ouro Branco 18K Com Ródio Negro E Diamante;66;13;2;AN01604
gid://shopify/ProductVariant/46393490506023;gid://shopify/ProductVariant/46393490506023;AN01604-13;13;3500.0;gid://shopify/Product/8582661996839;Anel Namo 2012 De Ouro Branco 18K Com Ródio Negro E Diamante;66;13;2;AN01604
gid://shopify/ProductVariant/46393490538791;gid://shopify/ProductVariant/46393490538791;AN01604-14;14;3500.0;gid://shopify/Product/8582661996839;Anel Namo 2012 De Ouro Branco 18K Com Ródio Negro E Diamante;66;13;2;AN01604
gid://shopify/ProductVariant/46393490571559;gid://shopify/ProductVariant/46393490571559;AN01604-15;15;3500.0;gid://shopify/Product/8582661996839;Anel Namo 2012 De Ouro Branco 18K Com Ródio Negro E Diamante;66;13;2;AN01604
gid://shopify/ProductVariant/46393490604327;gid://shopify/ProductVariant/46393490604327;AN01604-16;16;3500.0;gid://shopify/Product/8582661996839;Anel Namo 2012 De Ouro Branco 18K Com Ródio Negro E Diamante;66;13;2;AN01604
gid://shopify/ProductVariant/46393490637095;gid://shopify/ProductVariant/46393490637095;AN01604-17;17;3500.0;gid://shopify/Product/8582661996839;Anel Namo 2012 De Ouro Branco 18K Com Ródio Negro E Diamante;66;13;2;AN01604
gid://shopify/ProductVariant/46393490669863;gid://shopify/ProductVariant/46393490669863;AN01604-18;18;3500.0;gid://shopify/Product/8582661996839;Anel Namo 2012 De Ouro Branco 18K Com Ródio Negro E Diamante;66;13;2;AN01604
gid://shopify/ProductVariant/46393490702631;gid://shopify/ProductVariant/46393490702631;AN01604-19;19;3500.0;gid://shopify/Product/8582661996839;Anel Namo 2012 De Ouro Branco 18K Com Ródio Negro E Diamante;66;13;2;AN01604
gid://shopify/ProductVariant/46393490735399;gid://shopify/ProductVariant/46393490735399;AN01604-20;20;3500.0;gid://shopify/Product/8582661996839;Anel Namo 2012 De Ouro Branco 18K Com Ródio Negro E Diamante;66;13;2;AN01604
gid://shopify/ProductVariant/46393490768167;gid://shopify/ProductVariant/46393490768167;AN01604-21;21;3500.0;gid://shopify/Product/8582661996839;Anel Namo 2012 De Ouro Branco 18K Com Ródio Negro E Diamante;66;13;2;AN01604
gid://shopify/ProductVariant/46393490800935;gid://shopify/ProductVariant/46393490800935;AN01604-22;22;3500.0;gid://shopify/Product/8582661996839;Anel Namo 2012 De Ouro Branco 18K Com Ródio Negro E Diamante;66;13;2;AN01604
gid://shopify/ProductVariant/46393491030311;gid://shopify/ProductVariant/46393491030311;AN01605-11;11;3500.0;gid://shopify/Product/8582662095143;Anel Namo 2012 De Ouro Branco 18K E Diamante;66;13;2;AN01605
gid://shopify/ProductVariant/46393491063079;gid://shopify/ProductVariant/46393491063079;AN01605-12;12;3500.0;gid://shopify/Product/8582662095143;Anel Namo 2012 De Ouro Branco 18K E Diamante;66;13;2;AN01605
gid://shopify/ProductVariant/46393491095847;gid://shopify/ProductVariant/46393491095847;AN01605-13;13;3500.0;gid://shopify/Product/8582662095143;Anel Namo 2012 De Ouro Branco 18K E Diamante;66;13;2;AN01605
gid://shopify/ProductVariant/46393491128615;gid://shopify/ProductVariant/46393491128615;AN01605-14;14;3500.0;gid://shopify/Product/8582662095143;Anel Namo 2012 De Ouro Branco 18K E Diamante;66;13;2;AN01605
gid://shopify/ProductVariant/46393491161383;gid://shopify/ProductVariant/46393491161383;AN01605-15;15;3500.0;gid://shopify/Product/8582662095143;Anel Namo 2012 De Ouro Branco 18K E Diamante;66;13;2;AN01605
gid://shopify/ProductVariant/46393491194151;gid://shopify/ProductVariant/46393491194151;AN01605-16;16;3500.0;gid://shopify/Product/8582662095143;Anel Namo 2012 De Ouro Branco 18K E Diamante;66;13;2;AN01605
gid://shopify/ProductVariant/46393491226919;gid://shopify/ProductVariant/46393491226919;AN01605-17;17;3500.0;gid://shopify/Product/8582662095143;Anel Namo 2012 De Ouro Branco 18K E Diamante;66;13;2;AN01605
gid://shopify/ProductVariant/46393491259687;gid://shopify/ProductVariant/46393491259687;AN01605-18;18;3500.0;gid://shopify/Product/8582662095143;Anel Namo 2012 De Ouro Branco 18K E Diamante;66;13;2;AN01605
gid://shopify/ProductVariant/46393491292455;gid://shopify/ProductVariant/46393491292455;AN01605-19;19;3500.0;gid://shopify/Product/8582662095143;Anel Namo 2012 De Ouro Branco 18K E Diamante;66;13;2;AN01605
gid://shopify/ProductVariant/46393491325223;gid://shopify/ProductVariant/46393491325223;AN01605-20;20;3500.0;gid://shopify/Product/8582662095143;Anel Namo 2012 De Ouro Branco 18K E Diamante;66;13;2;AN01605
gid://shopify/ProductVariant/46393491357991;gid://shopify/ProductVariant/46393491357991;AN01605-21;21;3500.0;gid://shopify/Product/8582662095143;Anel Namo 2012 De Ouro Branco 18K E Diamante;66;13;2;AN01605
gid://shopify/ProductVariant/46393491390759;gid://shopify/ProductVariant/46393491390759;AN01605-22;22;3500.0;gid://shopify/Product/8582662095143;Anel Namo 2012 De Ouro Branco 18K E Diamante;66;13;2;AN01605
gid://shopify/ProductVariant/46393491620135;gid://shopify/ProductVariant/46393491620135;AN01606-10;10;3500.0;gid://shopify/Product/8582662226215;Anel Namo 2012 De Ouro Rosa 18K E Diamante;66;13;2;AN01606
gid://shopify/ProductVariant/46393491652903;gid://shopify/ProductVariant/46393491652903;AN01606-11;11;3500.0;gid://shopify/Product/8582662226215;Anel Namo 2012 De Ouro Rosa 18K E Diamante;66;13;2;AN01606
gid://shopify/ProductVariant/46393491685671;gid://shopify/ProductVariant/46393491685671;AN01606-12;12;3500.0;gid://shopify/Product/8582662226215;Anel Namo 2012 De Ouro Rosa 18K E Diamante;66;13;2;AN01606
gid://shopify/ProductVariant/46393491718439;gid://shopify/ProductVariant/46393491718439;AN01606-13;13;3500.0;gid://shopify/Product/8582662226215;Anel Namo 2012 De Ouro Rosa 18K E Diamante;66;13;2;AN01606
gid://shopify/ProductVariant/46393491783975;gid://shopify/ProductVariant/46393491783975;AN01606-15;15;3500.0;gid://shopify/Product/8582662226215;Anel Namo 2012 De Ouro Rosa 18K E Diamante;66;13;2;AN01606
gid://shopify/ProductVariant/46393491816743;gid://shopify/ProductVariant/46393491816743;AN01606-16;16;3500.0;gid://shopify/Product/8582662226215;Anel Namo 2012 De Ouro Rosa 18K E Diamante;66;13;2;AN01606
gid://shopify/ProductVariant/46393491849511;gid://shopify/ProductVariant/46393491849511;AN01606-17;17;3500.0;gid://shopify/Product/8582662226215;Anel Namo 2012 De Ouro Rosa 18K E Diamante;66;13;2;AN01606
gid://shopify/ProductVariant/46393491882279;gid://shopify/ProductVariant/46393491882279;AN01606-18;18;3500.0;gid://shopify/Product/8582662226215;Anel Namo 2012 De Ouro Rosa 18K E Diamante;66;13;2;AN01606
gid://shopify/ProductVariant/46393491915047;gid://shopify/ProductVariant/46393491915047;AN01606-19;19;3500.0;gid://shopify/Product/8582662226215;Anel Namo 2012 De Ouro Rosa 18K E Diamante;66;13;2;AN01606
gid://shopify/ProductVariant/46393491947815;gid://shopify/ProductVariant/46393491947815;AN01606-20;20;3500.0;gid://shopify/Product/8582662226215;Anel Namo 2012 De Ouro Rosa 18K E Diamante;66;13;2;AN01606
gid://shopify/ProductVariant/46393491980583;gid://shopify/ProductVariant/46393491980583;AN01606-21;21;3500.0;gid://shopify/Product/8582662226215;Anel Namo 2012 De Ouro Rosa 18K E Diamante;66;13;2;AN01606
gid://shopify/ProductVariant/46393492013351;gid://shopify/ProductVariant/46393492013351;AN01606-22;22;3500.0;gid://shopify/Product/8582662226215;Anel Namo 2012 De Ouro Rosa 18K E Diamante;66;13;2;AN01606
gid://shopify/ProductVariant/46393492177191;gid://shopify/ProductVariant/46393492177191;AN01607-10;10;3500.0;gid://shopify/Product/8582662324519;Anel Namo 2012 De Ouro Amarelo 18K E Diamante;67;13;2;AN01607
gid://shopify/ProductVariant/46393492209959;gid://shopify/ProductVariant/46393492209959;AN01607-11;11;3500.0;gid://shopify/Product/8582662324519;Anel Namo 2012 De Ouro Amarelo 18K E Diamante;67;13;2;AN01607
gid://shopify/ProductVariant/46393492242727;gid://shopify/ProductVariant/46393492242727;AN01607-12;12;3500.0;gid://shopify/Product/8582662324519;Anel Namo 2012 De Ouro Amarelo 18K E Diamante;67;13;2;AN01607
gid://shopify/ProductVariant/46393492275495;gid://shopify/ProductVariant/46393492275495;AN01607-13;13;3500.0;gid://shopify/Product/8582662324519;Anel Namo 2012 De Ouro Amarelo 18K E Diamante;67;13;2;AN01607
gid://shopify/ProductVariant/46393492341031;gid://shopify/ProductVariant/46393492341031;AN01607-15;15;3500.0;gid://shopify/Product/8582662324519;Anel Namo 2012 De Ouro Amarelo 18K E Diamante;67;13;2;AN01607
gid://shopify/ProductVariant/46393492373799;gid://shopify/ProductVariant/46393492373799;AN01607-16;16;3500.0;gid://shopify/Product/8582662324519;Anel Namo 2012 De Ouro Amarelo 18K E Diamante;67;13;2;AN01607
gid://shopify/ProductVariant/46393492406567;gid://shopify/ProductVariant/46393492406567;AN01607-17;17;3500.0;gid://shopify/Product/8582662324519;Anel Namo 2012 De Ouro Amarelo 18K E Diamante;67;13;2;AN01607
gid://shopify/ProductVariant/46393492439335;gid://shopify/ProductVariant/46393492439335;AN01607-18;18;3500.0;gid://shopify/Product/8582662324519;Anel Namo 2012 De Ouro Amarelo 18K E Diamante;67;13;2;AN01607
gid://shopify/ProductVariant/46393492504871;gid://shopify/ProductVariant/46393492504871;AN01607-20;20;3500.0;gid://shopify/Product/8582662324519;Anel Namo 2012 De Ouro Amarelo 18K E Diamante;67;13;2;AN01607
gid://shopify/ProductVariant/46393492537639;gid://shopify/ProductVariant/46393492537639;AN01607-21;21;3500.0;gid://shopify/Product/8582662324519;Anel Namo 2012 De Ouro Amarelo 18K E Diamante;67;13;2;AN01607
gid://shopify/ProductVariant/46393492570407;gid://shopify/ProductVariant/46393492570407;AN01607-22;22;3500.0;gid://shopify/Product/8582662324519;Anel Namo 2012 De Ouro Amarelo 18K E Diamante;67;13;2;AN01607
gid://shopify/ProductVariant/46393492635943;gid://shopify/ProductVariant/46393492635943;AN01611-10;10;2500.0;gid://shopify/Product/8582662390055;Anel Namo 2012 De Ouro Amarelo 18K;68;13;2;AN01611
gid://shopify/ProductVariant/46393492668711;gid://shopify/ProductVariant/46393492668711;AN01611-11;11;2500.0;gid://shopify/Product/8582662390055;Anel Namo 2012 De Ouro Amarelo 18K;68;13;2;AN01611
gid://shopify/ProductVariant/46393492701479;gid://shopify/ProductVariant/46393492701479;AN01611-12;12;2500.0;gid://shopify/Product/8582662390055;Anel Namo 2012 De Ouro Amarelo 18K;68;13;2;AN01611
gid://shopify/ProductVariant/46393492734247;gid://shopify/ProductVariant/46393492734247;AN01611-13;13;2500.0;gid://shopify/Product/8582662390055;Anel Namo 2012 De Ouro Amarelo 18K;68;13;2;AN01611
gid://shopify/ProductVariant/46393492865319;gid://shopify/ProductVariant/46393492865319;AN01611-17;17;2500.0;gid://shopify/Product/8582662390055;Anel Namo 2012 De Ouro Amarelo 18K;68;13;2;AN01611
gid://shopify/ProductVariant/46393492898087;gid://shopify/ProductVariant/46393492898087;AN01611-18;18;2500.0;gid://shopify/Product/8582662390055;Anel Namo 2012 De Ouro Amarelo 18K;68;13;2;AN01611
gid://shopify/ProductVariant/46393492930855;gid://shopify/ProductVariant/46393492930855;AN01611-19;19;2500.0;gid://shopify/Product/8582662390055;Anel Namo 2012 De Ouro Amarelo 18K;68;13;2;AN01611
gid://shopify/ProductVariant/46393492963623;gid://shopify/ProductVariant/46393492963623;AN01611-20;20;2500.0;gid://shopify/Product/8582662390055;Anel Namo 2012 De Ouro Amarelo 18K;68;13;2;AN01611
gid://shopify/ProductVariant/46393492996391;gid://shopify/ProductVariant/46393492996391;AN01611-21;21;2500.0;gid://shopify/Product/8582662390055;Anel Namo 2012 De Ouro Amarelo 18K;68;13;2;AN01611
gid://shopify/ProductVariant/46393493029159;gid://shopify/ProductVariant/46393493029159;AN01611-22;22;2500.0;gid://shopify/Product/8582662390055;Anel Namo 2012 De Ouro Amarelo 18K;68;13;2;AN01611
gid://shopify/ProductVariant/46393493094695;gid://shopify/ProductVariant/46393493094695;AN01608-10;10;2500.0;gid://shopify/Product/8582662455591;Anel Namo 2012 De Ouro Branco 18K Com Ródio Negro;68;13;2;AN01608
gid://shopify/ProductVariant/46393493127463;gid://shopify/ProductVariant/46393493127463;AN01608-11;11;2500.0;gid://shopify/Product/8582662455591;Anel Namo 2012 De Ouro Branco 18K Com Ródio Negro;68;13;2;AN01608
gid://shopify/ProductVariant/46393493225767;gid://shopify/ProductVariant/46393493225767;AN01608-14;14;2500.0;gid://shopify/Product/8582662455591;Anel Namo 2012 De Ouro Branco 18K Com Ródio Negro;68;13;2;AN01608
gid://shopify/ProductVariant/46393493291303;gid://shopify/ProductVariant/46393493291303;AN01608-16;16;2500.0;gid://shopify/Product/8582662455591;Anel Namo 2012 De Ouro Branco 18K Com Ródio Negro;68;13;2;AN01608
gid://shopify/ProductVariant/46393493324071;gid://shopify/ProductVariant/46393493324071;AN01608-17;17;2500.0;gid://shopify/Product/8582662455591;Anel Namo 2012 De Ouro Branco 18K Com Ródio Negro;68;13;2;AN01608
gid://shopify/ProductVariant/46393493356839;gid://shopify/ProductVariant/46393493356839;AN01608-18;18;2500.0;gid://shopify/Product/8582662455591;Anel Namo 2012 De Ouro Branco 18K Com Ródio Negro;68;13;2;AN01608
gid://shopify/ProductVariant/46393493389607;gid://shopify/ProductVariant/46393493389607;AN01608-19;19;2500.0;gid://shopify/Product/8582662455591;Anel Namo 2012 De Ouro Branco 18K Com Ródio Negro;68;13;2;AN01608
gid://shopify/ProductVariant/46393493422375;gid://shopify/ProductVariant/46393493422375;AN01608-20;20;2500.0;gid://shopify/Product/8582662455591;Anel Namo 2012 De Ouro Branco 18K Com Ródio Negro;68;13;2;AN01608
gid://shopify/ProductVariant/46393493455143;gid://shopify/ProductVariant/46393493455143;AN01608-21;21;2500.0;gid://shopify/Product/8582662455591;Anel Namo 2012 De Ouro Branco 18K Com Ródio Negro;68;13;2;AN01608
gid://shopify/ProductVariant/46393493487911;gid://shopify/ProductVariant/46393493487911;AN01608-22;22;2500.0;gid://shopify/Product/8582662455591;Anel Namo 2012 De Ouro Branco 18K Com Ródio Negro;68;13;2;AN01608
gid://shopify/ProductVariant/46393493717287;gid://shopify/ProductVariant/46393493717287;AN01609-10;10;2500.0;gid://shopify/Product/8582662521127;Anel Namo 2012 De Ouro Branco 18K;67;13;2;AN01609
gid://shopify/ProductVariant/46393493750055;gid://shopify/ProductVariant/46393493750055;AN01609-11;11;2500.0;gid://shopify/Product/8582662521127;Anel Namo 2012 De Ouro Branco 18K;67;13;2;AN01609
gid://shopify/ProductVariant/46393493815591;gid://shopify/ProductVariant/46393493815591;AN01609-13;13;2500.0;gid://shopify/Product/8582662521127;Anel Namo 2012 De Ouro Branco 18K;67;13;2;AN01609
gid://shopify/ProductVariant/46393493848359;gid://shopify/ProductVariant/46393493848359;AN01609-14;14;2500.0;gid://shopify/Product/8582662521127;Anel Namo 2012 De Ouro Branco 18K;67;13;2;AN01609
gid://shopify/ProductVariant/46393493881127;gid://shopify/ProductVariant/46393493881127;AN01609-15;15;2500.0;gid://shopify/Product/8582662521127;Anel Namo 2012 De Ouro Branco 18K;67;13;2;AN01609
gid://shopify/ProductVariant/46393493913895;gid://shopify/ProductVariant/46393493913895;AN01609-16;16;2500.0;gid://shopify/Product/8582662521127;Anel Namo 2012 De Ouro Branco 18K;67;13;2;AN01609
gid://shopify/ProductVariant/46393493946663;gid://shopify/ProductVariant/46393493946663;AN01609-17;17;2500.0;gid://shopify/Product/8582662521127;Anel Namo 2012 De Ouro Branco 18K;67;13;2;AN01609
gid://shopify/ProductVariant/46393494012199;gid://shopify/ProductVariant/46393494012199;AN01609-19;19;2500.0;gid://shopify/Product/8582662521127;Anel Namo 2012 De Ouro Branco 18K;67;13;2;AN01609
gid://shopify/ProductVariant/46393494044967;gid://shopify/ProductVariant/46393494044967;AN01609-20;20;2500.0;gid://shopify/Product/8582662521127;Anel Namo 2012 De Ouro Branco 18K;67;13;2;AN01609
gid://shopify/ProductVariant/46393494077735;gid://shopify/ProductVariant/46393494077735;AN01609-21;21;2500.0;gid://shopify/Product/8582662521127;Anel Namo 2012 De Ouro Branco 18K;67;13;2;AN01609
gid://shopify/ProductVariant/46393494110503;gid://shopify/ProductVariant/46393494110503;AN01609-22;22;2500.0;gid://shopify/Product/8582662521127;Anel Namo 2012 De Ouro Branco 18K;67;13;2;AN01609
gid://shopify/ProductVariant/46393494339879;gid://shopify/ProductVariant/46393494339879;AN01610-10;10;2500.0;gid://shopify/Product/8582662619431;Anel Namo 2012 De Ouro Rosa 18K;67;13;2;AN01610
gid://shopify/ProductVariant/46393494372647;gid://shopify/ProductVariant/46393494372647;AN01610-11;11;2500.0;gid://shopify/Product/8582662619431;Anel Namo 2012 De Ouro Rosa 18K;67;13;2;AN01610
gid://shopify/ProductVariant/46393494405415;gid://shopify/ProductVariant/46393494405415;AN01610-12;12;2500.0;gid://shopify/Product/8582662619431;Anel Namo 2012 De Ouro Rosa 18K;67;13;2;AN01610
gid://shopify/ProductVariant/46393494438183;gid://shopify/ProductVariant/46393494438183;AN01610-13;13;2500.0;gid://shopify/Product/8582662619431;Anel Namo 2012 De Ouro Rosa 18K;67;13;2;AN01610
gid://shopify/ProductVariant/46393494470951;gid://shopify/ProductVariant/46393494470951;AN01610-14;14;2500.0;gid://shopify/Product/8582662619431;Anel Namo 2012 De Ouro Rosa 18K;67;13;2;AN01610
gid://shopify/ProductVariant/46393494503719;gid://shopify/ProductVariant/46393494503719;AN01610-15;15;2500.0;gid://shopify/Product/8582662619431;Anel Namo 2012 De Ouro Rosa 18K;67;13;2;AN01610
gid://shopify/ProductVariant/46393494536487;gid://shopify/ProductVariant/46393494536487;AN01610-16;16;2500.0;gid://shopify/Product/8582662619431;Anel Namo 2012 De Ouro Rosa 18K;67;13;2;AN01610
gid://shopify/ProductVariant/46393494634791;gid://shopify/ProductVariant/46393494634791;AN01610-19;19;2500.0;gid://shopify/Product/8582662619431;Anel Namo 2012 De Ouro Rosa 18K;67;13;2;AN01610
gid://shopify/ProductVariant/46393494667559;gid://shopify/ProductVariant/46393494667559;AN01610-20;20;2500.0;gid://shopify/Product/8582662619431;Anel Namo 2012 De Ouro Rosa 18K;67;13;2;AN01610
gid://shopify/ProductVariant/46393494700327;gid://shopify/ProductVariant/46393494700327;AN01610-21;21;2500.0;gid://shopify/Product/8582662619431;Anel Namo 2012 De Ouro Rosa 18K;67;13;2;AN01610
gid://shopify/ProductVariant/46393494733095;gid://shopify/ProductVariant/46393494733095;AN01610-22;22;2500.0;gid://shopify/Product/8582662619431;Anel Namo 2012 De Ouro Rosa 18K;67;13;2;AN01610
gid://shopify/ProductVariant/46393495159079;gid://shopify/ProductVariant/46393495159079;AN02506-10;10;3200.0;gid://shopify/Product/8582662816039;Anel Orquidea De Prata Com Ouro Rosa E Diamante;65;13;3;AN02506
gid://shopify/ProductVariant/46393495191847;gid://shopify/ProductVariant/46393495191847;AN02506-11;11;3200.0;gid://shopify/Product/8582662816039;Anel Orquidea De Prata Com Ouro Rosa E Diamante;65;13;3;AN02506
gid://shopify/ProductVariant/46393495224615;gid://shopify/ProductVariant/46393495224615;AN02506-12;12;3200.0;gid://shopify/Product/8582662816039;Anel Orquidea De Prata Com Ouro Rosa E Diamante;65;13;3;AN02506
gid://shopify/ProductVariant/46393495257383;gid://shopify/ProductVariant/46393495257383;AN02506-13;13;3200.0;gid://shopify/Product/8582662816039;Anel Orquidea De Prata Com Ouro Rosa E Diamante;65;13;3;AN02506
gid://shopify/ProductVariant/46393495290151;gid://shopify/ProductVariant/46393495290151;AN02506-14;14;3200.0;gid://shopify/Product/8582662816039;Anel Orquidea De Prata Com Ouro Rosa E Diamante;65;13;3;AN02506
gid://shopify/ProductVariant/46393495322919;gid://shopify/ProductVariant/46393495322919;AN02506-15;15;3200.0;gid://shopify/Product/8582662816039;Anel Orquidea De Prata Com Ouro Rosa E Diamante;65;13;3;AN02506
gid://shopify/ProductVariant/46393495355687;gid://shopify/ProductVariant/46393495355687;AN02506-16;16;3200.0;gid://shopify/Product/8582662816039;Anel Orquidea De Prata Com Ouro Rosa E Diamante;65;13;3;AN02506
gid://shopify/ProductVariant/46393495388455;gid://shopify/ProductVariant/46393495388455;AN02506-17;17;3200.0;gid://shopify/Product/8582662816039;Anel Orquidea De Prata Com Ouro Rosa E Diamante;65;13;3;AN02506
gid://shopify/ProductVariant/46393495421223;gid://shopify/ProductVariant/46393495421223;AN02506-18;18;3200.0;gid://shopify/Product/8582662816039;Anel Orquidea De Prata Com Ouro Rosa E Diamante;65;13;3;AN02506
gid://shopify/ProductVariant/46393495453991;gid://shopify/ProductVariant/46393495453991;AN02506-19;19;3200.0;gid://shopify/Product/8582662816039;Anel Orquidea De Prata Com Ouro Rosa E Diamante;65;13;3;AN02506
gid://shopify/ProductVariant/46393495486759;gid://shopify/ProductVariant/46393495486759;AN02506-20;20;3200.0;gid://shopify/Product/8582662816039;Anel Orquidea De Prata Com Ouro Rosa E Diamante;65;13;3;AN02506
gid://shopify/ProductVariant/46393495519527;gid://shopify/ProductVariant/46393495519527;AN02506-21;21;3200.0;gid://shopify/Product/8582662816039;Anel Orquidea De Prata Com Ouro Rosa E Diamante;65;13;3;AN02506
gid://shopify/ProductVariant/46393495552295;gid://shopify/ProductVariant/46393495552295;AN02506-22;22;3200.0;gid://shopify/Product/8582662816039;Anel Orquidea De Prata Com Ouro Rosa E Diamante;65;13;3;AN02506
gid://shopify/ProductVariant/46393495879975;gid://shopify/ProductVariant/46393495879975;AN02505-10;10;2850.0;gid://shopify/Product/8582663078183;Anel Orquidea De Prata Com Ródio Negro E Diamante;65;13;2;AN02505
gid://shopify/ProductVariant/46393495912743;gid://shopify/ProductVariant/46393495912743;AN02505-11;11;2850.0;gid://shopify/Product/8582663078183;Anel Orquidea De Prata Com Ródio Negro E Diamante;65;13;2;AN02505
gid://shopify/ProductVariant/46393495945511;gid://shopify/ProductVariant/46393495945511;AN02505-12;12;2850.0;gid://shopify/Product/8582663078183;Anel Orquidea De Prata Com Ródio Negro E Diamante;65;13;2;AN02505
gid://shopify/ProductVariant/46393495978279;gid://shopify/ProductVariant/46393495978279;AN02505-13;13;2850.0;gid://shopify/Product/8582663078183;Anel Orquidea De Prata Com Ródio Negro E Diamante;65;13;2;AN02505
gid://shopify/ProductVariant/46393496011047;gid://shopify/ProductVariant/46393496011047;AN02505-14;14;2850.0;gid://shopify/Product/8582663078183;Anel Orquidea De Prata Com Ródio Negro E Diamante;65;13;2;AN02505
gid://shopify/ProductVariant/46393496043815;gid://shopify/ProductVariant/46393496043815;AN02505-15;15;2850.0;gid://shopify/Product/8582663078183;Anel Orquidea De Prata Com Ródio Negro E Diamante;65;13;2;AN02505
gid://shopify/ProductVariant/46393496076583;gid://shopify/ProductVariant/46393496076583;AN02505-16;16;2850.0;gid://shopify/Product/8582663078183;Anel Orquidea De Prata Com Ródio Negro E Diamante;65;13;2;AN02505
gid://shopify/ProductVariant/46393496109351;gid://shopify/ProductVariant/46393496109351;AN02505-17;17;2850.0;gid://shopify/Product/8582663078183;Anel Orquidea De Prata Com Ródio Negro E Diamante;65;13;2;AN02505
gid://shopify/ProductVariant/46393496142119;gid://shopify/ProductVariant/46393496142119;AN02505-18;18;2850.0;gid://shopify/Product/8582663078183;Anel Orquidea De Prata Com Ródio Negro E Diamante;65;13;2;AN02505
gid://shopify/ProductVariant/46393496174887;gid://shopify/ProductVariant/46393496174887;AN02505-19;19;2850.0;gid://shopify/Product/8582663078183;Anel Orquidea De Prata Com Ródio Negro E Diamante;65;13;2;AN02505
gid://shopify/ProductVariant/46393496207655;gid://shopify/ProductVariant/46393496207655;AN02505-20;20;2850.0;gid://shopify/Product/8582663078183;Anel Orquidea De Prata Com Ródio Negro E Diamante;65;13;2;AN02505
gid://shopify/ProductVariant/46393496240423;gid://shopify/ProductVariant/46393496240423;AN02505-21;21;2850.0;gid://shopify/Product/8582663078183;Anel Orquidea De Prata Com Ródio Negro E Diamante;65;13;2;AN02505
gid://shopify/ProductVariant/46393496273191;gid://shopify/ProductVariant/46393496273191;AN02505-22;22;2850.0;gid://shopify/Product/8582663078183;Anel Orquidea De Prata Com Ródio Negro E Diamante;65;13;2;AN02505
gid://shopify/ProductVariant/46393496928551;gid://shopify/ProductVariant/46393496928551;AN03360-10;10;1100.0;gid://shopify/Product/8582663176487;Anel Pop Chain De Prata Com Ouro Amarelo;79;13;2;AN03360
gid://shopify/ProductVariant/46393496994087;gid://shopify/ProductVariant/46393496994087;AN03360-11;11;1100.0;gid://shopify/Product/8582663176487;Anel Pop Chain De Prata Com Ouro Amarelo;79;13;2;AN03360
gid://shopify/ProductVariant/46393497256231;gid://shopify/ProductVariant/46393497256231;AN03360-12;12;1100.0;gid://shopify/Product/8582663176487;Anel Pop Chain De Prata Com Ouro Amarelo;79;13;2;AN03360
gid://shopify/ProductVariant/46393497354535;gid://shopify/ProductVariant/46393497354535;AN03360-15;15;1100.0;gid://shopify/Product/8582663176487;Anel Pop Chain De Prata Com Ouro Amarelo;79;13;2;AN03360
gid://shopify/ProductVariant/46393497485607;gid://shopify/ProductVariant/46393497485607;AN03360-19;19;1100.0;gid://shopify/Product/8582663176487;Anel Pop Chain De Prata Com Ouro Amarelo;79;13;2;AN03360
gid://shopify/ProductVariant/46393497518375;gid://shopify/ProductVariant/46393497518375;AN03360-20;20;1100.0;gid://shopify/Product/8582663176487;Anel Pop Chain De Prata Com Ouro Amarelo;79;13;2;AN03360
gid://shopify/ProductVariant/46393497551143;gid://shopify/ProductVariant/46393497551143;AN03360-21;21;1100.0;gid://shopify/Product/8582663176487;Anel Pop Chain De Prata Com Ouro Amarelo;79;13;2;AN03360
gid://shopify/ProductVariant/46393497583911;gid://shopify/ProductVariant/46393497583911;AN03360-22;22;1100.0;gid://shopify/Product/8582663176487;Anel Pop Chain De Prata Com Ouro Amarelo;79;13;2;AN03360
gid://shopify/ProductVariant/46393498042663;gid://shopify/ProductVariant/46393498042663;AN03361-10;10;950.0;gid://shopify/Product/8582663340327;Anel Pop Chain De Prata Com Ródio Negro;16;13;2;AN03361
gid://shopify/ProductVariant/46393498075431;gid://shopify/ProductVariant/46393498075431;AN03361-11;11;950.0;gid://shopify/Product/8582663340327;Anel Pop Chain De Prata Com Ródio Negro;16;13;2;AN03361
gid://shopify/ProductVariant/46393498140967;gid://shopify/ProductVariant/46393498140967;AN03361-13;13;950.0;gid://shopify/Product/8582663340327;Anel Pop Chain De Prata Com Ródio Negro;16;13;2;AN03361
gid://shopify/ProductVariant/46393498173735;gid://shopify/ProductVariant/46393498173735;AN03361-14;14;950.0;gid://shopify/Product/8582663340327;Anel Pop Chain De Prata Com Ródio Negro;16;13;2;AN03361
gid://shopify/ProductVariant/46393498370343;gid://shopify/ProductVariant/46393498370343;AN03361-20;20;950.0;gid://shopify/Product/8582663340327;Anel Pop Chain De Prata Com Ródio Negro;16;13;2;AN03361
gid://shopify/ProductVariant/46393498403111;gid://shopify/ProductVariant/46393498403111;AN03361-21;21;950.0;gid://shopify/Product/8582663340327;Anel Pop Chain De Prata Com Ródio Negro;16;13;2;AN03361
gid://shopify/ProductVariant/46393498435879;gid://shopify/ProductVariant/46393498435879;AN03361-22;22;950.0;gid://shopify/Product/8582663340327;Anel Pop Chain De Prata Com Ródio Negro;16;13;2;AN03361
gid://shopify/ProductVariant/46393498730791;gid://shopify/ProductVariant/46393498730791;AN03444-10;10;40800.0;gid://shopify/Product/8582663471399;Anel Rock Star De Ouro Rosa E Branco 18K E Morganita E Diamante;1;13;1;AN03444
gid://shopify/ProductVariant/46393498763559;gid://shopify/ProductVariant/46393498763559;AN03444-11;11;40800.0;gid://shopify/Product/8582663471399;Anel Rock Star De Ouro Rosa E Branco 18K E Morganita E Diamante;1;13;1;AN03444
gid://shopify/ProductVariant/46393498796327;gid://shopify/ProductVariant/46393498796327;AN03444-12;12;40800.0;gid://shopify/Product/8582663471399;Anel Rock Star De Ouro Rosa E Branco 18K E Morganita E Diamante;1;13;1;AN03444
gid://shopify/ProductVariant/46393498829095;gid://shopify/ProductVariant/46393498829095;AN03444-13;13;40800.0;gid://shopify/Product/8582663471399;Anel Rock Star De Ouro Rosa E Branco 18K E Morganita E Diamante;1;13;1;AN03444
gid://shopify/ProductVariant/46393498861863;gid://shopify/ProductVariant/46393498861863;AN03444-14;14;40800.0;gid://shopify/Product/8582663471399;Anel Rock Star De Ouro Rosa E Branco 18K E Morganita E Diamante;1;13;1;AN03444
gid://shopify/ProductVariant/46393498894631;gid://shopify/ProductVariant/46393498894631;AN03444-15;15;40800.0;gid://shopify/Product/8582663471399;Anel Rock Star De Ouro Rosa E Branco 18K E Morganita E Diamante;1;13;1;AN03444
gid://shopify/ProductVariant/46393498927399;gid://shopify/ProductVariant/46393498927399;AN03444-16;16;40800.0;gid://shopify/Product/8582663471399;Anel Rock Star De Ouro Rosa E Branco 18K E Morganita E Diamante;1;13;1;AN03444
gid://shopify/ProductVariant/46393498992935;gid://shopify/ProductVariant/46393498992935;AN03444-18;18;40800.0;gid://shopify/Product/8582663471399;Anel Rock Star De Ouro Rosa E Branco 18K E Morganita E Diamante;1;13;1;AN03444
gid://shopify/ProductVariant/46393499025703;gid://shopify/ProductVariant/46393499025703;AN03444-19;19;40800.0;gid://shopify/Product/8582663471399;Anel Rock Star De Ouro Rosa E Branco 18K E Morganita E Diamante;1;13;1;AN03444
gid://shopify/ProductVariant/46393499058471;gid://shopify/ProductVariant/46393499058471;AN03444-20;20;40800.0;gid://shopify/Product/8582663471399;Anel Rock Star De Ouro Rosa E Branco 18K E Morganita E Diamante;1;13;1;AN03444
gid://shopify/ProductVariant/46393499091239;gid://shopify/ProductVariant/46393499091239;AN03444-21;21;40800.0;gid://shopify/Product/8582663471399;Anel Rock Star De Ouro Rosa E Branco 18K E Morganita E Diamante;1;13;1;AN03444
gid://shopify/ProductVariant/46393499124007;gid://shopify/ProductVariant/46393499124007;AN03444-22;22;40800.0;gid://shopify/Product/8582663471399;Anel Rock Star De Ouro Rosa E Branco 18K E Morganita E Diamante;1;13;1;AN03444
gid://shopify/ProductVariant/46393499156775;gid://shopify/ProductVariant/46393499156775;AN03541-10;10;15000.0;gid://shopify/Product/8582663504167;Anel Rock Star De Ouro Amarelo 18K E Citrino E Diamante;1;13;1;AN03541
gid://shopify/ProductVariant/46393499189543;gid://shopify/ProductVariant/46393499189543;AN03541-11;11;15000.0;gid://shopify/Product/8582663504167;Anel Rock Star De Ouro Amarelo 18K E Citrino E Diamante;1;13;1;AN03541
gid://shopify/ProductVariant/46393499222311;gid://shopify/ProductVariant/46393499222311;AN03541-12;12;15000.0;gid://shopify/Product/8582663504167;Anel Rock Star De Ouro Amarelo 18K E Citrino E Diamante;1;13;1;AN03541
gid://shopify/ProductVariant/46393499255079;gid://shopify/ProductVariant/46393499255079;AN03541-13;13;15000.0;gid://shopify/Product/8582663504167;Anel Rock Star De Ouro Amarelo 18K E Citrino E Diamante;1;13;1;AN03541
gid://shopify/ProductVariant/46393499287847;gid://shopify/ProductVariant/46393499287847;AN03541-14;14;15000.0;gid://shopify/Product/8582663504167;Anel Rock Star De Ouro Amarelo 18K E Citrino E Diamante;1;13;1;AN03541
gid://shopify/ProductVariant/46393499320615;gid://shopify/ProductVariant/46393499320615;AN03541-15;15;15000.0;gid://shopify/Product/8582663504167;Anel Rock Star De Ouro Amarelo 18K E Citrino E Diamante;1;13;1;AN03541
gid://shopify/ProductVariant/46393499353383;gid://shopify/ProductVariant/46393499353383;AN03541-16;16;15000.0;gid://shopify/Product/8582663504167;Anel Rock Star De Ouro Amarelo 18K E Citrino E Diamante;1;13;1;AN03541
gid://shopify/ProductVariant/46393499418919;gid://shopify/ProductVariant/46393499418919;AN03541-18;18;15000.0;gid://shopify/Product/8582663504167;Anel Rock Star De Ouro Amarelo 18K E Citrino E Diamante;1;13;1;AN03541
gid://shopify/ProductVariant/46393499451687;gid://shopify/ProductVariant/46393499451687;AN03541-19;19;15000.0;gid://shopify/Product/8582663504167;Anel Rock Star De Ouro Amarelo 18K E Citrino E Diamante;1;13;1;AN03541
gid://shopify/ProductVariant/46393499484455;gid://shopify/ProductVariant/46393499484455;AN03541-20;20;15000.0;gid://shopify/Product/8582663504167;Anel Rock Star De Ouro Amarelo 18K E Citrino E Diamante;1;13;1;AN03541
gid://shopify/ProductVariant/46393499517223;gid://shopify/ProductVariant/46393499517223;AN03541-21;21;15000.0;gid://shopify/Product/8582663504167;Anel Rock Star De Ouro Amarelo 18K E Citrino E Diamante;1;13;1;AN03541
gid://shopify/ProductVariant/46393499549991;gid://shopify/ProductVariant/46393499549991;AN03541-22;22;15000.0;gid://shopify/Product/8582663504167;Anel Rock Star De Ouro Amarelo 18K E Citrino E Diamante;1;13;1;AN03541
gid://shopify/ProductVariant/46393500631335;gid://shopify/ProductVariant/46393500631335;AN03404-10;10;8500.0;gid://shopify/Product/8582663569703;Anel Rock Star De Ouro Branco 18K Com Ródio Negro E Diamante E Esmeralda - M;68;13;2;AN03404
gid://shopify/ProductVariant/46393500664103;gid://shopify/ProductVariant/46393500664103;AN03404-11;11;8500.0;gid://shopify/Product/8582663569703;Anel Rock Star De Ouro Branco 18K Com Ródio Negro E Diamante E Esmeralda - M;68;13;2;AN03404
gid://shopify/ProductVariant/46393500696871;gid://shopify/ProductVariant/46393500696871;AN03404-12;12;8500.0;gid://shopify/Product/8582663569703;Anel Rock Star De Ouro Branco 18K Com Ródio Negro E Diamante E Esmeralda - M;68;13;2;AN03404
gid://shopify/ProductVariant/46393500729639;gid://shopify/ProductVariant/46393500729639;AN03404-13;13;8500.0;gid://shopify/Product/8582663569703;Anel Rock Star De Ouro Branco 18K Com Ródio Negro E Diamante E Esmeralda - M;68;13;2;AN03404
gid://shopify/ProductVariant/46393500795175;gid://shopify/ProductVariant/46393500795175;AN03404-15;15;8500.0;gid://shopify/Product/8582663569703;Anel Rock Star De Ouro Branco 18K Com Ródio Negro E Diamante E Esmeralda - M;68;13;2;AN03404
gid://shopify/ProductVariant/46393500893479;gid://shopify/ProductVariant/46393500893479;AN03404-18;18;8500.0;gid://shopify/Product/8582663569703;Anel Rock Star De Ouro Branco 18K Com Ródio Negro E Diamante E Esmeralda - M;68;13;2;AN03404
gid://shopify/ProductVariant/46393500926247;gid://shopify/ProductVariant/46393500926247;AN03404-19;19;8500.0;gid://shopify/Product/8582663569703;Anel Rock Star De Ouro Branco 18K Com Ródio Negro E Diamante E Esmeralda - M;68;13;2;AN03404
gid://shopify/ProductVariant/46393500959015;gid://shopify/ProductVariant/46393500959015;AN03404-20;20;8500.0;gid://shopify/Product/8582663569703;Anel Rock Star De Ouro Branco 18K Com Ródio Negro E Diamante E Esmeralda - M;68;13;2;AN03404
gid://shopify/ProductVariant/46393500991783;gid://shopify/ProductVariant/46393500991783;AN03404-21;21;8500.0;gid://shopify/Product/8582663569703;Anel Rock Star De Ouro Branco 18K Com Ródio Negro E Diamante E Esmeralda - M;68;13;2;AN03404
gid://shopify/ProductVariant/46393501024551;gid://shopify/ProductVariant/46393501024551;AN03404-22;22;8500.0;gid://shopify/Product/8582663569703;Anel Rock Star De Ouro Branco 18K Com Ródio Negro E Diamante E Esmeralda - M;68;13;2;AN03404
gid://shopify/ProductVariant/46393501450535;gid://shopify/ProductVariant/46393501450535;AN03405-10;10;7500.0;gid://shopify/Product/8582663700775;Anel Rock Star De Ouro Branco 18K Com Ródio Negro E Diamante E Rubi - M;67;13;2;AN03405
gid://shopify/ProductVariant/46393501483303;gid://shopify/ProductVariant/46393501483303;AN03405-11;11;7500.0;gid://shopify/Product/8582663700775;Anel Rock Star De Ouro Branco 18K Com Ródio Negro E Diamante E Rubi - M;67;13;2;AN03405
gid://shopify/ProductVariant/46393501516071;gid://shopify/ProductVariant/46393501516071;AN03405-12;12;7500.0;gid://shopify/Product/8582663700775;Anel Rock Star De Ouro Branco 18K Com Ródio Negro E Diamante E Rubi - M;67;13;2;AN03405
gid://shopify/ProductVariant/46393501548839;gid://shopify/ProductVariant/46393501548839;AN03405-13;13;7500.0;gid://shopify/Product/8582663700775;Anel Rock Star De Ouro Branco 18K Com Ródio Negro E Diamante E Rubi - M;67;13;2;AN03405
gid://shopify/ProductVariant/46393501581607;gid://shopify/ProductVariant/46393501581607;AN03405-14;14;7500.0;gid://shopify/Product/8582663700775;Anel Rock Star De Ouro Branco 18K Com Ródio Negro E Diamante E Rubi - M;67;13;2;AN03405
gid://shopify/ProductVariant/46393501647143;gid://shopify/ProductVariant/46393501647143;AN03405-16;16;7500.0;gid://shopify/Product/8582663700775;Anel Rock Star De Ouro Branco 18K Com Ródio Negro E Diamante E Rubi - M;67;13;2;AN03405
gid://shopify/ProductVariant/46393501679911;gid://shopify/ProductVariant/46393501679911;AN03405-17;17;7500.0;gid://shopify/Product/8582663700775;Anel Rock Star De Ouro Branco 18K Com Ródio Negro E Diamante E Rubi - M;67;13;2;AN03405
gid://shopify/ProductVariant/46393501712679;gid://shopify/ProductVariant/46393501712679;AN03405-18;18;7500.0;gid://shopify/Product/8582663700775;Anel Rock Star De Ouro Branco 18K Com Ródio Negro E Diamante E Rubi - M;67;13;2;AN03405
gid://shopify/ProductVariant/46393501778215;gid://shopify/ProductVariant/46393501778215;AN03405-20;20;7500.0;gid://shopify/Product/8582663700775;Anel Rock Star De Ouro Branco 18K Com Ródio Negro E Diamante E Rubi - M;67;13;2;AN03405
gid://shopify/ProductVariant/46393501810983;gid://shopify/ProductVariant/46393501810983;AN03405-21;21;7500.0;gid://shopify/Product/8582663700775;Anel Rock Star De Ouro Branco 18K Com Ródio Negro E Diamante E Rubi - M;67;13;2;AN03405
gid://shopify/ProductVariant/46393501843751;gid://shopify/ProductVariant/46393501843751;AN03405-22;22;7500.0;gid://shopify/Product/8582663700775;Anel Rock Star De Ouro Branco 18K Com Ródio Negro E Diamante E Rubi - M;67;13;2;AN03405
gid://shopify/ProductVariant/46393501974823;gid://shopify/ProductVariant/46393501974823;AN03406-10;10;7500.0;gid://shopify/Product/8582663799079;Anel Rock Star De Ouro Branco 18K Com Ródio Negro E Diamante E Safira - M;66;13;2;AN03406
gid://shopify/ProductVariant/46393502007591;gid://shopify/ProductVariant/46393502007591;AN03406-11;11;7500.0;gid://shopify/Product/8582663799079;Anel Rock Star De Ouro Branco 18K Com Ródio Negro E Diamante E Safira - M;66;13;2;AN03406
gid://shopify/ProductVariant/46393502040359;gid://shopify/ProductVariant/46393502040359;AN03406-12;12;7500.0;gid://shopify/Product/8582663799079;Anel Rock Star De Ouro Branco 18K Com Ródio Negro E Diamante E Safira - M;66;13;2;AN03406
gid://shopify/ProductVariant/46393502073127;gid://shopify/ProductVariant/46393502073127;AN03406-13;13;7500.0;gid://shopify/Product/8582663799079;Anel Rock Star De Ouro Branco 18K Com Ródio Negro E Diamante E Safira - M;66;13;2;AN03406
gid://shopify/ProductVariant/46393502105895;gid://shopify/ProductVariant/46393502105895;AN03406-14;14;7500.0;gid://shopify/Product/8582663799079;Anel Rock Star De Ouro Branco 18K Com Ródio Negro E Diamante E Safira - M;66;13;2;AN03406
gid://shopify/ProductVariant/46393502138663;gid://shopify/ProductVariant/46393502138663;AN03406-15;15;7500.0;gid://shopify/Product/8582663799079;Anel Rock Star De Ouro Branco 18K Com Ródio Negro E Diamante E Safira - M;66;13;2;AN03406
gid://shopify/ProductVariant/46393502171431;gid://shopify/ProductVariant/46393502171431;AN03406-16;16;7500.0;gid://shopify/Product/8582663799079;Anel Rock Star De Ouro Branco 18K Com Ródio Negro E Diamante E Safira - M;66;13;2;AN03406
gid://shopify/ProductVariant/46393502236967;gid://shopify/ProductVariant/46393502236967;AN03406-18;18;7500.0;gid://shopify/Product/8582663799079;Anel Rock Star De Ouro Branco 18K Com Ródio Negro E Diamante E Safira - M;66;13;2;AN03406
gid://shopify/ProductVariant/46393502269735;gid://shopify/ProductVariant/46393502269735;AN03406-19;19;7500.0;gid://shopify/Product/8582663799079;Anel Rock Star De Ouro Branco 18K Com Ródio Negro E Diamante E Safira - M;66;13;2;AN03406
gid://shopify/ProductVariant/46393502302503;gid://shopify/ProductVariant/46393502302503;AN03406-20;20;7500.0;gid://shopify/Product/8582663799079;Anel Rock Star De Ouro Branco 18K Com Ródio Negro E Diamante E Safira - M;66;13;2;AN03406
gid://shopify/ProductVariant/46393502335271;gid://shopify/ProductVariant/46393502335271;AN03406-21;21;7500.0;gid://shopify/Product/8582663799079;Anel Rock Star De Ouro Branco 18K Com Ródio Negro E Diamante E Safira - M;66;13;2;AN03406
gid://shopify/ProductVariant/46393502368039;gid://shopify/ProductVariant/46393502368039;AN03406-22;22;7500.0;gid://shopify/Product/8582663799079;Anel Rock Star De Ouro Branco 18K Com Ródio Negro E Diamante E Safira - M;66;13;2;AN03406
gid://shopify/ProductVariant/46393502761255;gid://shopify/ProductVariant/46393502761255;AN03407-10;10;6500.0;gid://shopify/Product/8582663930151;Anel Rock Star De Ouro Branco 18K Com Ródio Negro E Diamante E Safira - M;65;13;2;AN03407
gid://shopify/ProductVariant/46393502794023;gid://shopify/ProductVariant/46393502794023;AN03407-11;11;6500.0;gid://shopify/Product/8582663930151;Anel Rock Star De Ouro Branco 18K Com Ródio Negro E Diamante E Safira - M;65;13;2;AN03407
gid://shopify/ProductVariant/46393502826791;gid://shopify/ProductVariant/46393502826791;AN03407-12;12;6500.0;gid://shopify/Product/8582663930151;Anel Rock Star De Ouro Branco 18K Com Ródio Negro E Diamante E Safira - M;65;13;2;AN03407
gid://shopify/ProductVariant/46393502859559;gid://shopify/ProductVariant/46393502859559;AN03407-13;13;6500.0;gid://shopify/Product/8582663930151;Anel Rock Star De Ouro Branco 18K Com Ródio Negro E Diamante E Safira - M;65;13;2;AN03407
gid://shopify/ProductVariant/46393502892327;gid://shopify/ProductVariant/46393502892327;AN03407-14;14;6500.0;gid://shopify/Product/8582663930151;Anel Rock Star De Ouro Branco 18K Com Ródio Negro E Diamante E Safira - M;65;13;2;AN03407
gid://shopify/ProductVariant/46393502925095;gid://shopify/ProductVariant/46393502925095;AN03407-15;15;6500.0;gid://shopify/Product/8582663930151;Anel Rock Star De Ouro Branco 18K Com Ródio Negro E Diamante E Safira - M;65;13;2;AN03407
gid://shopify/ProductVariant/46393502957863;gid://shopify/ProductVariant/46393502957863;AN03407-16;16;6500.0;gid://shopify/Product/8582663930151;Anel Rock Star De Ouro Branco 18K Com Ródio Negro E Diamante E Safira - M;65;13;2;AN03407
gid://shopify/ProductVariant/46393502990631;gid://shopify/ProductVariant/46393502990631;AN03407-17;17;6500.0;gid://shopify/Product/8582663930151;Anel Rock Star De Ouro Branco 18K Com Ródio Negro E Diamante E Safira - M;65;13;2;AN03407
gid://shopify/ProductVariant/46393503023399;gid://shopify/ProductVariant/46393503023399;AN03407-18;18;6500.0;gid://shopify/Product/8582663930151;Anel Rock Star De Ouro Branco 18K Com Ródio Negro E Diamante E Safira - M;65;13;2;AN03407
gid://shopify/ProductVariant/46393503056167;gid://shopify/ProductVariant/46393503056167;AN03407-19;19;6500.0;gid://shopify/Product/8582663930151;Anel Rock Star De Ouro Branco 18K Com Ródio Negro E Diamante E Safira - M;65;13;2;AN03407
gid://shopify/ProductVariant/46393503088935;gid://shopify/ProductVariant/46393503088935;AN03407-20;20;6500.0;gid://shopify/Product/8582663930151;Anel Rock Star De Ouro Branco 18K Com Ródio Negro E Diamante E Safira - M;65;13;2;AN03407
gid://shopify/ProductVariant/46393503121703;gid://shopify/ProductVariant/46393503121703;AN03407-21;21;6500.0;gid://shopify/Product/8582663930151;Anel Rock Star De Ouro Branco 18K Com Ródio Negro E Diamante E Safira - M;65;13;2;AN03407
gid://shopify/ProductVariant/46393503154471;gid://shopify/ProductVariant/46393503154471;AN03407-22;22;6500.0;gid://shopify/Product/8582663930151;Anel Rock Star De Ouro Branco 18K Com Ródio Negro E Diamante E Safira - M;65;13;2;AN03407
gid://shopify/ProductVariant/46393503285543;gid://shopify/ProductVariant/46393503285543;AN03408-10;10;21000.0;gid://shopify/Product/8582664028455;Anel Rock Star De Ouro Branco 18K Com Ródio Negro E Diamante E Esmeralda - G;66;13;2;AN03408
gid://shopify/ProductVariant/46393503318311;gid://shopify/ProductVariant/46393503318311;AN03408-11;11;21000.0;gid://shopify/Product/8582664028455;Anel Rock Star De Ouro Branco 18K Com Ródio Negro E Diamante E Esmeralda - G;66;13;2;AN03408
gid://shopify/ProductVariant/46393503351079;gid://shopify/ProductVariant/46393503351079;AN03408-12;12;21000.0;gid://shopify/Product/8582664028455;Anel Rock Star De Ouro Branco 18K Com Ródio Negro E Diamante E Esmeralda - G;66;13;2;AN03408
gid://shopify/ProductVariant/46393503383847;gid://shopify/ProductVariant/46393503383847;AN03408-13;13;21000.0;gid://shopify/Product/8582664028455;Anel Rock Star De Ouro Branco 18K Com Ródio Negro E Diamante E Esmeralda - G;66;13;2;AN03408
gid://shopify/ProductVariant/46393503416615;gid://shopify/ProductVariant/46393503416615;AN03408-14;14;21000.0;gid://shopify/Product/8582664028455;Anel Rock Star De Ouro Branco 18K Com Ródio Negro E Diamante E Esmeralda - G;66;13;2;AN03408
gid://shopify/ProductVariant/46393503449383;gid://shopify/ProductVariant/46393503449383;AN03408-15;15;21000.0;gid://shopify/Product/8582664028455;Anel Rock Star De Ouro Branco 18K Com Ródio Negro E Diamante E Esmeralda - G;66;13;2;AN03408
gid://shopify/ProductVariant/46393503482151;gid://shopify/ProductVariant/46393503482151;AN03408-16;16;21000.0;gid://shopify/Product/8582664028455;Anel Rock Star De Ouro Branco 18K Com Ródio Negro E Diamante E Esmeralda - G;66;13;2;AN03408
gid://shopify/ProductVariant/46393503514919;gid://shopify/ProductVariant/46393503514919;AN03408-17;17;21000.0;gid://shopify/Product/8582664028455;Anel Rock Star De Ouro Branco 18K Com Ródio Negro E Diamante E Esmeralda - G;66;13;2;AN03408
gid://shopify/ProductVariant/46393503580455;gid://shopify/ProductVariant/46393503580455;AN03408-19;19;21000.0;gid://shopify/Product/8582664028455;Anel Rock Star De Ouro Branco 18K Com Ródio Negro E Diamante E Esmeralda - G;66;13;2;AN03408
gid://shopify/ProductVariant/46393503613223;gid://shopify/ProductVariant/46393503613223;AN03408-20;20;21000.0;gid://shopify/Product/8582664028455;Anel Rock Star De Ouro Branco 18K Com Ródio Negro E Diamante E Esmeralda - G;66;13;2;AN03408
gid://shopify/ProductVariant/46393503645991;gid://shopify/ProductVariant/46393503645991;AN03408-21;21;21000.0;gid://shopify/Product/8582664028455;Anel Rock Star De Ouro Branco 18K Com Ródio Negro E Diamante E Esmeralda - G;66;13;2;AN03408
gid://shopify/ProductVariant/46393503678759;gid://shopify/ProductVariant/46393503678759;AN03408-22;22;21000.0;gid://shopify/Product/8582664028455;Anel Rock Star De Ouro Branco 18K Com Ródio Negro E Diamante E Esmeralda - G;66;13;2;AN03408
gid://shopify/ProductVariant/46393503711527;gid://shopify/ProductVariant/46393503711527;AN03409-10;10;19000.0;gid://shopify/Product/8582664093991;Anel Rock Star De Ouro Branco 18K Com Ródio Negro E Diamante E Rubi - G;66;13;2;AN03409
gid://shopify/ProductVariant/46393503744295;gid://shopify/ProductVariant/46393503744295;AN03409-11;11;19000.0;gid://shopify/Product/8582664093991;Anel Rock Star De Ouro Branco 18K Com Ródio Negro E Diamante E Rubi - G;66;13;2;AN03409
gid://shopify/ProductVariant/46393503777063;gid://shopify/ProductVariant/46393503777063;AN03409-12;12;19000.0;gid://shopify/Product/8582664093991;Anel Rock Star De Ouro Branco 18K Com Ródio Negro E Diamante E Rubi - G;66;13;2;AN03409
gid://shopify/ProductVariant/46393503908135;gid://shopify/ProductVariant/46393503908135;AN03409-14;14;19000.0;gid://shopify/Product/8582664093991;Anel Rock Star De Ouro Branco 18K Com Ródio Negro E Diamante E Rubi - G;66;13;2;AN03409
gid://shopify/ProductVariant/46393503940903;gid://shopify/ProductVariant/46393503940903;AN03409-15;15;19000.0;gid://shopify/Product/8582664093991;Anel Rock Star De Ouro Branco 18K Com Ródio Negro E Diamante E Rubi - G;66;13;2;AN03409
gid://shopify/ProductVariant/46393504006439;gid://shopify/ProductVariant/46393504006439;AN03409-16;16;19000.0;gid://shopify/Product/8582664093991;Anel Rock Star De Ouro Branco 18K Com Ródio Negro E Diamante E Rubi - G;66;13;2;AN03409
gid://shopify/ProductVariant/46393504071975;gid://shopify/ProductVariant/46393504071975;AN03409-17;17;19000.0;gid://shopify/Product/8582664093991;Anel Rock Star De Ouro Branco 18K Com Ródio Negro E Diamante E Rubi - G;66;13;2;AN03409
gid://shopify/ProductVariant/46393504104743;gid://shopify/ProductVariant/46393504104743;AN03409-18;18;19000.0;gid://shopify/Product/8582664093991;Anel Rock Star De Ouro Branco 18K Com Ródio Negro E Diamante E Rubi - G;66;13;2;AN03409
gid://shopify/ProductVariant/46393504137511;gid://shopify/ProductVariant/46393504137511;AN03409-19;19;19000.0;gid://shopify/Product/8582664093991;Anel Rock Star De Ouro Branco 18K Com Ródio Negro E Diamante E Rubi - G;66;13;2;AN03409
gid://shopify/ProductVariant/46393504170279;gid://shopify/ProductVariant/46393504170279;AN03409-20;20;19000.0;gid://shopify/Product/8582664093991;Anel Rock Star De Ouro Branco 18K Com Ródio Negro E Diamante E Rubi - G;66;13;2;AN03409
gid://shopify/ProductVariant/46393504203047;gid://shopify/ProductVariant/46393504203047;AN03409-21;21;19000.0;gid://shopify/Product/8582664093991;Anel Rock Star De Ouro Branco 18K Com Ródio Negro E Diamante E Rubi - G;66;13;2;AN03409
gid://shopify/ProductVariant/46393504235815;gid://shopify/ProductVariant/46393504235815;AN03409-22;22;19000.0;gid://shopify/Product/8582664093991;Anel Rock Star De Ouro Branco 18K Com Ródio Negro E Diamante E Rubi - G;66;13;2;AN03409
gid://shopify/ProductVariant/46393504366887;gid://shopify/ProductVariant/46393504366887;AN03410-10;10;19000.0;gid://shopify/Product/8582664126759;Anel Rock Star De Ouro Branco 18K Com Ródio Negro E Diamante E Safira - G;67;13;2;AN03410
gid://shopify/ProductVariant/46393504399655;gid://shopify/ProductVariant/46393504399655;AN03410-11;11;19000.0;gid://shopify/Product/8582664126759;Anel Rock Star De Ouro Branco 18K Com Ródio Negro E Diamante E Safira - G;67;13;2;AN03410
gid://shopify/ProductVariant/46393504432423;gid://shopify/ProductVariant/46393504432423;AN03410-12;12;19000.0;gid://shopify/Product/8582664126759;Anel Rock Star De Ouro Branco 18K Com Ródio Negro E Diamante E Safira - G;67;13;2;AN03410
gid://shopify/ProductVariant/46393504465191;gid://shopify/ProductVariant/46393504465191;AN03410-13;13;19000.0;gid://shopify/Product/8582664126759;Anel Rock Star De Ouro Branco 18K Com Ródio Negro E Diamante E Safira - G;67;13;2;AN03410
gid://shopify/ProductVariant/46393504497959;gid://shopify/ProductVariant/46393504497959;AN03410-14;14;19000.0;gid://shopify/Product/8582664126759;Anel Rock Star De Ouro Branco 18K Com Ródio Negro E Diamante E Safira - G;67;13;2;AN03410
gid://shopify/ProductVariant/46393504563495;gid://shopify/ProductVariant/46393504563495;AN03410-16;16;19000.0;gid://shopify/Product/8582664126759;Anel Rock Star De Ouro Branco 18K Com Ródio Negro E Diamante E Safira - G;67;13;2;AN03410
gid://shopify/ProductVariant/46393504629031;gid://shopify/ProductVariant/46393504629031;AN03410-18;18;19000.0;gid://shopify/Product/8582664126759;Anel Rock Star De Ouro Branco 18K Com Ródio Negro E Diamante E Safira - G;67;13;2;AN03410
gid://shopify/ProductVariant/46393504661799;gid://shopify/ProductVariant/46393504661799;AN03410-19;19;19000.0;gid://shopify/Product/8582664126759;Anel Rock Star De Ouro Branco 18K Com Ródio Negro E Diamante E Safira - G;67;13;2;AN03410
gid://shopify/ProductVariant/46393504694567;gid://shopify/ProductVariant/46393504694567;AN03410-20;20;19000.0;gid://shopify/Product/8582664126759;Anel Rock Star De Ouro Branco 18K Com Ródio Negro E Diamante E Safira - G;67;13;2;AN03410
gid://shopify/ProductVariant/46393504727335;gid://shopify/ProductVariant/46393504727335;AN03410-21;21;19000.0;gid://shopify/Product/8582664126759;Anel Rock Star De Ouro Branco 18K Com Ródio Negro E Diamante E Safira - G;67;13;2;AN03410
gid://shopify/ProductVariant/46393504760103;gid://shopify/ProductVariant/46393504760103;AN03410-22;22;19000.0;gid://shopify/Product/8582664126759;Anel Rock Star De Ouro Branco 18K Com Ródio Negro E Diamante E Safira - G;67;13;2;AN03410
gid://shopify/ProductVariant/46393505055015;gid://shopify/ProductVariant/46393505055015;AN03456-10;10;18000.0;gid://shopify/Product/8582664290599;Anel Rock Star De Ouro Branco 18K Com Ródio Negro E Quartzo E Diamante;1;13;1;AN03456
gid://shopify/ProductVariant/46393505087783;gid://shopify/ProductVariant/46393505087783;AN03456-11;11;18000.0;gid://shopify/Product/8582664290599;Anel Rock Star De Ouro Branco 18K Com Ródio Negro E Quartzo E Diamante;1;13;1;AN03456
gid://shopify/ProductVariant/46393505120551;gid://shopify/ProductVariant/46393505120551;AN03456-12;12;18000.0;gid://shopify/Product/8582664290599;Anel Rock Star De Ouro Branco 18K Com Ródio Negro E Quartzo E Diamante;1;13;1;AN03456
gid://shopify/ProductVariant/46393505153319;gid://shopify/ProductVariant/46393505153319;AN03456-13;13;18000.0;gid://shopify/Product/8582664290599;Anel Rock Star De Ouro Branco 18K Com Ródio Negro E Quartzo E Diamante;1;13;1;AN03456
gid://shopify/ProductVariant/46393505186087;gid://shopify/ProductVariant/46393505186087;AN03456-14;14;18000.0;gid://shopify/Product/8582664290599;Anel Rock Star De Ouro Branco 18K Com Ródio Negro E Quartzo E Diamante;1;13;1;AN03456
gid://shopify/ProductVariant/46393505218855;gid://shopify/ProductVariant/46393505218855;AN03456-15;15;18000.0;gid://shopify/Product/8582664290599;Anel Rock Star De Ouro Branco 18K Com Ródio Negro E Quartzo E Diamante;1;13;1;AN03456
gid://shopify/ProductVariant/46393505251623;gid://shopify/ProductVariant/46393505251623;AN03456-16;16;18000.0;gid://shopify/Product/8582664290599;Anel Rock Star De Ouro Branco 18K Com Ródio Negro E Quartzo E Diamante;1;13;1;AN03456
gid://shopify/ProductVariant/46393505284391;gid://shopify/ProductVariant/46393505284391;AN03456-17;17;18000.0;gid://shopify/Product/8582664290599;Anel Rock Star De Ouro Branco 18K Com Ródio Negro E Quartzo E Diamante;1;13;1;AN03456
gid://shopify/ProductVariant/46393505317159;gid://shopify/ProductVariant/46393505317159;AN03456-18;18;18000.0;gid://shopify/Product/8582664290599;Anel Rock Star De Ouro Branco 18K Com Ródio Negro E Quartzo E Diamante;1;13;1;AN03456
gid://shopify/ProductVariant/46393505349927;gid://shopify/ProductVariant/46393505349927;AN03456-19;19;18000.0;gid://shopify/Product/8582664290599;Anel Rock Star De Ouro Branco 18K Com Ródio Negro E Quartzo E Diamante;1;13;1;AN03456
gid://shopify/ProductVariant/46393505415463;gid://shopify/ProductVariant/46393505415463;AN03456-21;21;18000.0;gid://shopify/Product/8582664290599;Anel Rock Star De Ouro Branco 18K Com Ródio Negro E Quartzo E Diamante;1;13;1;AN03456
gid://shopify/ProductVariant/46393505448231;gid://shopify/ProductVariant/46393505448231;AN03456-22;22;18000.0;gid://shopify/Product/8582664290599;Anel Rock Star De Ouro Branco 18K Com Ródio Negro E Quartzo E Diamante;1;13;1;AN03456
gid://shopify/ProductVariant/46393505480999;gid://shopify/ProductVariant/46393505480999;AN03542-10;10;24000.0;gid://shopify/Product/8582664323367;Anel Rock Star De Ouro Branco 18K Com Ródio Negro E Diamante E Rubi;1;13;1;AN03542
gid://shopify/ProductVariant/46393505513767;gid://shopify/ProductVariant/46393505513767;AN03542-11;11;24000.0;gid://shopify/Product/8582664323367;Anel Rock Star De Ouro Branco 18K Com Ródio Negro E Diamante E Rubi;1;13;1;AN03542
gid://shopify/ProductVariant/46393505546535;gid://shopify/ProductVariant/46393505546535;AN03542-12;12;24000.0;gid://shopify/Product/8582664323367;Anel Rock Star De Ouro Branco 18K Com Ródio Negro E Diamante E Rubi;1;13;1;AN03542
gid://shopify/ProductVariant/46393505579303;gid://shopify/ProductVariant/46393505579303;AN03542-13;13;24000.0;gid://shopify/Product/8582664323367;Anel Rock Star De Ouro Branco 18K Com Ródio Negro E Diamante E Rubi;1;13;1;AN03542
gid://shopify/ProductVariant/46393505644839;gid://shopify/ProductVariant/46393505644839;AN03542-15;15;24000.0;gid://shopify/Product/8582664323367;Anel Rock Star De Ouro Branco 18K Com Ródio Negro E Diamante E Rubi;1;13;1;AN03542
gid://shopify/ProductVariant/46393505677607;gid://shopify/ProductVariant/46393505677607;AN03542-16;16;24000.0;gid://shopify/Product/8582664323367;Anel Rock Star De Ouro Branco 18K Com Ródio Negro E Diamante E Rubi;1;13;1;AN03542
gid://shopify/ProductVariant/46393505710375;gid://shopify/ProductVariant/46393505710375;AN03542-17;17;24000.0;gid://shopify/Product/8582664323367;Anel Rock Star De Ouro Branco 18K Com Ródio Negro E Diamante E Rubi;1;13;1;AN03542
gid://shopify/ProductVariant/46393505743143;gid://shopify/ProductVariant/46393505743143;AN03542-18;18;24000.0;gid://shopify/Product/8582664323367;Anel Rock Star De Ouro Branco 18K Com Ródio Negro E Diamante E Rubi;1;13;1;AN03542
gid://shopify/ProductVariant/46393505775911;gid://shopify/ProductVariant/46393505775911;AN03542-19;19;24000.0;gid://shopify/Product/8582664323367;Anel Rock Star De Ouro Branco 18K Com Ródio Negro E Diamante E Rubi;1;13;1;AN03542
gid://shopify/ProductVariant/46393505808679;gid://shopify/ProductVariant/46393505808679;AN03542-20;20;24000.0;gid://shopify/Product/8582664323367;Anel Rock Star De Ouro Branco 18K Com Ródio Negro E Diamante E Rubi;1;13;1;AN03542
gid://shopify/ProductVariant/46393505841447;gid://shopify/ProductVariant/46393505841447;AN03542-21;21;24000.0;gid://shopify/Product/8582664323367;Anel Rock Star De Ouro Branco 18K Com Ródio Negro E Diamante E Rubi;1;13;1;AN03542
gid://shopify/ProductVariant/46393505874215;gid://shopify/ProductVariant/46393505874215;AN03542-22;22;24000.0;gid://shopify/Product/8582664323367;Anel Rock Star De Ouro Branco 18K Com Ródio Negro E Diamante E Rubi;1;13;1;AN03542
gid://shopify/ProductVariant/46393506038055;gid://shopify/ProductVariant/46393506038055;AN03397-10;10;16500.0;gid://shopify/Product/8582664388903;Anel Rock Star De Ouro Branco 18K E Ametista E Diamante;66;13;1;AN03397
gid://shopify/ProductVariant/46393506070823;gid://shopify/ProductVariant/46393506070823;AN03397-11;11;16500.0;gid://shopify/Product/8582664388903;Anel Rock Star De Ouro Branco 18K E Ametista E Diamante;66;13;1;AN03397
gid://shopify/ProductVariant/46393506136359;gid://shopify/ProductVariant/46393506136359;AN03397-12;12;16500.0;gid://shopify/Product/8582664388903;Anel Rock Star De Ouro Branco 18K E Ametista E Diamante;66;13;1;AN03397
gid://shopify/ProductVariant/46393506234663;gid://shopify/ProductVariant/46393506234663;AN03397-13;13;16500.0;gid://shopify/Product/8582664388903;Anel Rock Star De Ouro Branco 18K E Ametista E Diamante;66;13;1;AN03397
gid://shopify/ProductVariant/46393506267431;gid://shopify/ProductVariant/46393506267431;AN03397-14;14;16500.0;gid://shopify/Product/8582664388903;Anel Rock Star De Ouro Branco 18K E Ametista E Diamante;66;13;1;AN03397
gid://shopify/ProductVariant/46393506332967;gid://shopify/ProductVariant/46393506332967;AN03397-16;16;16500.0;gid://shopify/Product/8582664388903;Anel Rock Star De Ouro Branco 18K E Ametista E Diamante;66;13;1;AN03397
gid://shopify/ProductVariant/46393506365735;gid://shopify/ProductVariant/46393506365735;AN03397-17;17;16500.0;gid://shopify/Product/8582664388903;Anel Rock Star De Ouro Branco 18K E Ametista E Diamante;66;13;1;AN03397
gid://shopify/ProductVariant/46393506398503;gid://shopify/ProductVariant/46393506398503;AN03397-18;18;16500.0;gid://shopify/Product/8582664388903;Anel Rock Star De Ouro Branco 18K E Ametista E Diamante;66;13;1;AN03397
gid://shopify/ProductVariant/46393506431271;gid://shopify/ProductVariant/46393506431271;AN03397-19;19;16500.0;gid://shopify/Product/8582664388903;Anel Rock Star De Ouro Branco 18K E Ametista E Diamante;66;13;1;AN03397
gid://shopify/ProductVariant/46393506464039;gid://shopify/ProductVariant/46393506464039;AN03397-20;20;16500.0;gid://shopify/Product/8582664388903;Anel Rock Star De Ouro Branco 18K E Ametista E Diamante;66;13;1;AN03397
gid://shopify/ProductVariant/46393506496807;gid://shopify/ProductVariant/46393506496807;AN03397-21;21;16500.0;gid://shopify/Product/8582664388903;Anel Rock Star De Ouro Branco 18K E Ametista E Diamante;66;13;1;AN03397
gid://shopify/ProductVariant/46393506529575;gid://shopify/ProductVariant/46393506529575;AN03397-22;22;16500.0;gid://shopify/Product/8582664388903;Anel Rock Star De Ouro Branco 18K E Ametista E Diamante;66;13;1;AN03397
gid://shopify/ProductVariant/46393507021095;gid://shopify/ProductVariant/46393507021095;AN03398-10;10;8000.0;gid://shopify/Product/8582664585511;Anel Rock Star De Ouro Branco 18K Com Ródio Negro E Diamante E Safira;66;13;2;AN03398
gid://shopify/ProductVariant/46393507053863;gid://shopify/ProductVariant/46393507053863;AN03398-11;11;8000.0;gid://shopify/Product/8582664585511;Anel Rock Star De Ouro Branco 18K Com Ródio Negro E Diamante E Safira;66;13;2;AN03398
gid://shopify/ProductVariant/46393507086631;gid://shopify/ProductVariant/46393507086631;AN03398-12;12;8000.0;gid://shopify/Product/8582664585511;Anel Rock Star De Ouro Branco 18K Com Ródio Negro E Diamante E Safira;66;13;2;AN03398
gid://shopify/ProductVariant/46393507119399;gid://shopify/ProductVariant/46393507119399;AN03398-13;13;8000.0;gid://shopify/Product/8582664585511;Anel Rock Star De Ouro Branco 18K Com Ródio Negro E Diamante E Safira;66;13;2;AN03398
gid://shopify/ProductVariant/46393507152167;gid://shopify/ProductVariant/46393507152167;AN03398-14;14;8000.0;gid://shopify/Product/8582664585511;Anel Rock Star De Ouro Branco 18K Com Ródio Negro E Diamante E Safira;66;13;2;AN03398
gid://shopify/ProductVariant/46393507184935;gid://shopify/ProductVariant/46393507184935;AN03398-15;15;8000.0;gid://shopify/Product/8582664585511;Anel Rock Star De Ouro Branco 18K Com Ródio Negro E Diamante E Safira;66;13;2;AN03398
gid://shopify/ProductVariant/46393507250471;gid://shopify/ProductVariant/46393507250471;AN03398-17;17;8000.0;gid://shopify/Product/8582664585511;Anel Rock Star De Ouro Branco 18K Com Ródio Negro E Diamante E Safira;66;13;2;AN03398
gid://shopify/ProductVariant/46393507283239;gid://shopify/ProductVariant/46393507283239;AN03398-18;18;8000.0;gid://shopify/Product/8582664585511;Anel Rock Star De Ouro Branco 18K Com Ródio Negro E Diamante E Safira;66;13;2;AN03398
gid://shopify/ProductVariant/46393507316007;gid://shopify/ProductVariant/46393507316007;AN03398-19;19;8000.0;gid://shopify/Product/8582664585511;Anel Rock Star De Ouro Branco 18K Com Ródio Negro E Diamante E Safira;66;13;2;AN03398
gid://shopify/ProductVariant/46393507348775;gid://shopify/ProductVariant/46393507348775;AN03398-20;20;8000.0;gid://shopify/Product/8582664585511;Anel Rock Star De Ouro Branco 18K Com Ródio Negro E Diamante E Safira;66;13;2;AN03398
gid://shopify/ProductVariant/46393507381543;gid://shopify/ProductVariant/46393507381543;AN03398-21;21;8000.0;gid://shopify/Product/8582664585511;Anel Rock Star De Ouro Branco 18K Com Ródio Negro E Diamante E Safira;66;13;2;AN03398
gid://shopify/ProductVariant/46393507414311;gid://shopify/ProductVariant/46393507414311;AN03398-22;22;8000.0;gid://shopify/Product/8582664585511;Anel Rock Star De Ouro Branco 18K Com Ródio Negro E Diamante E Safira;66;13;2;AN03398
gid://shopify/ProductVariant/46393507709223;gid://shopify/ProductVariant/46393507709223;AN03399-10;10;7500.0;gid://shopify/Product/8582664782119;Anel Rock Star De Ouro Branco 18K Com Ródio Negro E Diamante E Safira;65;13;2;AN03399
gid://shopify/ProductVariant/46393507741991;gid://shopify/ProductVariant/46393507741991;AN03399-11;11;7500.0;gid://shopify/Product/8582664782119;Anel Rock Star De Ouro Branco 18K Com Ródio Negro E Diamante E Safira;65;13;2;AN03399
gid://shopify/ProductVariant/46393507774759;gid://shopify/ProductVariant/46393507774759;AN03399-12;12;7500.0;gid://shopify/Product/8582664782119;Anel Rock Star De Ouro Branco 18K Com Ródio Negro E Diamante E Safira;65;13;2;AN03399
gid://shopify/ProductVariant/46393507807527;gid://shopify/ProductVariant/46393507807527;AN03399-13;13;7500.0;gid://shopify/Product/8582664782119;Anel Rock Star De Ouro Branco 18K Com Ródio Negro E Diamante E Safira;65;13;2;AN03399
gid://shopify/ProductVariant/46393507840295;gid://shopify/ProductVariant/46393507840295;AN03399-14;14;7500.0;gid://shopify/Product/8582664782119;Anel Rock Star De Ouro Branco 18K Com Ródio Negro E Diamante E Safira;65;13;2;AN03399
gid://shopify/ProductVariant/46393507873063;gid://shopify/ProductVariant/46393507873063;AN03399-15;15;7500.0;gid://shopify/Product/8582664782119;Anel Rock Star De Ouro Branco 18K Com Ródio Negro E Diamante E Safira;65;13;2;AN03399
gid://shopify/ProductVariant/46393507905831;gid://shopify/ProductVariant/46393507905831;AN03399-16;16;7500.0;gid://shopify/Product/8582664782119;Anel Rock Star De Ouro Branco 18K Com Ródio Negro E Diamante E Safira;65;13;2;AN03399
gid://shopify/ProductVariant/46393507938599;gid://shopify/ProductVariant/46393507938599;AN03399-17;17;7500.0;gid://shopify/Product/8582664782119;Anel Rock Star De Ouro Branco 18K Com Ródio Negro E Diamante E Safira;65;13;2;AN03399
gid://shopify/ProductVariant/46393507971367;gid://shopify/ProductVariant/46393507971367;AN03399-18;18;7500.0;gid://shopify/Product/8582664782119;Anel Rock Star De Ouro Branco 18K Com Ródio Negro E Diamante E Safira;65;13;2;AN03399
gid://shopify/ProductVariant/46393508004135;gid://shopify/ProductVariant/46393508004135;AN03399-19;19;7500.0;gid://shopify/Product/8582664782119;Anel Rock Star De Ouro Branco 18K Com Ródio Negro E Diamante E Safira;65;13;2;AN03399
gid://shopify/ProductVariant/46393508036903;gid://shopify/ProductVariant/46393508036903;AN03399-20;20;7500.0;gid://shopify/Product/8582664782119;Anel Rock Star De Ouro Branco 18K Com Ródio Negro E Diamante E Safira;65;13;2;AN03399
gid://shopify/ProductVariant/46393508069671;gid://shopify/ProductVariant/46393508069671;AN03399-21;21;7500.0;gid://shopify/Product/8582664782119;Anel Rock Star De Ouro Branco 18K Com Ródio Negro E Diamante E Safira;65;13;2;AN03399
gid://shopify/ProductVariant/46393508102439;gid://shopify/ProductVariant/46393508102439;AN03399-22;22;7500.0;gid://shopify/Product/8582664782119;Anel Rock Star De Ouro Branco 18K Com Ródio Negro E Diamante E Safira;65;13;2;AN03399
gid://shopify/ProductVariant/46393508299047;gid://shopify/ProductVariant/46393508299047;AN03400-10;10;4600.0;gid://shopify/Product/8582664913191;Anel Rock Star De Ouro Branco 18K Com Ródio Negro E Diamante Negro - P;65;13;2;AN03400
gid://shopify/ProductVariant/46393508331815;gid://shopify/ProductVariant/46393508331815;AN03400-11;11;4600.0;gid://shopify/Product/8582664913191;Anel Rock Star De Ouro Branco 18K Com Ródio Negro E Diamante Negro - P;65;13;2;AN03400
gid://shopify/ProductVariant/46393508364583;gid://shopify/ProductVariant/46393508364583;AN03400-12;12;4600.0;gid://shopify/Product/8582664913191;Anel Rock Star De Ouro Branco 18K Com Ródio Negro E Diamante Negro - P;65;13;2;AN03400
gid://shopify/ProductVariant/46393508397351;gid://shopify/ProductVariant/46393508397351;AN03400-13;13;4600.0;gid://shopify/Product/8582664913191;Anel Rock Star De Ouro Branco 18K Com Ródio Negro E Diamante Negro - P;65;13;2;AN03400
gid://shopify/ProductVariant/46393508430119;gid://shopify/ProductVariant/46393508430119;AN03400-14;14;4600.0;gid://shopify/Product/8582664913191;Anel Rock Star De Ouro Branco 18K Com Ródio Negro E Diamante Negro - P;65;13;2;AN03400
gid://shopify/ProductVariant/46393508462887;gid://shopify/ProductVariant/46393508462887;AN03400-15;15;4600.0;gid://shopify/Product/8582664913191;Anel Rock Star De Ouro Branco 18K Com Ródio Negro E Diamante Negro - P;65;13;2;AN03400
gid://shopify/ProductVariant/46393508495655;gid://shopify/ProductVariant/46393508495655;AN03400-16;16;4600.0;gid://shopify/Product/8582664913191;Anel Rock Star De Ouro Branco 18K Com Ródio Negro E Diamante Negro - P;65;13;2;AN03400
gid://shopify/ProductVariant/46393508528423;gid://shopify/ProductVariant/46393508528423;AN03400-17;17;4600.0;gid://shopify/Product/8582664913191;Anel Rock Star De Ouro Branco 18K Com Ródio Negro E Diamante Negro - P;65;13;2;AN03400
gid://shopify/ProductVariant/46393508561191;gid://shopify/ProductVariant/46393508561191;AN03400-18;18;4600.0;gid://shopify/Product/8582664913191;Anel Rock Star De Ouro Branco 18K Com Ródio Negro E Diamante Negro - P;65;13;2;AN03400
gid://shopify/ProductVariant/46393508593959;gid://shopify/ProductVariant/46393508593959;AN03400-19;19;4600.0;gid://shopify/Product/8582664913191;Anel Rock Star De Ouro Branco 18K Com Ródio Negro E Diamante Negro - P;65;13;2;AN03400
gid://shopify/ProductVariant/46393508626727;gid://shopify/ProductVariant/46393508626727;AN03400-20;20;4600.0;gid://shopify/Product/8582664913191;Anel Rock Star De Ouro Branco 18K Com Ródio Negro E Diamante Negro - P;65;13;2;AN03400
gid://shopify/ProductVariant/46393508659495;gid://shopify/ProductVariant/46393508659495;AN03400-21;21;4600.0;gid://shopify/Product/8582664913191;Anel Rock Star De Ouro Branco 18K Com Ródio Negro E Diamante Negro - P;65;13;2;AN03400
gid://shopify/ProductVariant/46393508692263;gid://shopify/ProductVariant/46393508692263;AN03400-22;22;4600.0;gid://shopify/Product/8582664913191;Anel Rock Star De Ouro Branco 18K Com Ródio Negro E Diamante Negro - P;65;13;2;AN03400
gid://shopify/ProductVariant/46393509282087;gid://shopify/ProductVariant/46393509282087;AN03401-10;10;8100.0;gid://shopify/Product/8582665077031;Anel Rock Star De Ouro Branco 18K Com Ródio Negro E Esmeralda - P;69;13;2;AN03401
gid://shopify/ProductVariant/46393509314855;gid://shopify/ProductVariant/46393509314855;AN03401-11;11;8100.0;gid://shopify/Product/8582665077031;Anel Rock Star De Ouro Branco 18K Com Ródio Negro E Esmeralda - P;69;13;2;AN03401
gid://shopify/ProductVariant/46393509347623;gid://shopify/ProductVariant/46393509347623;AN03401-12;12;8100.0;gid://shopify/Product/8582665077031;Anel Rock Star De Ouro Branco 18K Com Ródio Negro E Esmeralda - P;69;13;2;AN03401
gid://shopify/ProductVariant/46393509380391;gid://shopify/ProductVariant/46393509380391;AN03401-13;13;8100.0;gid://shopify/Product/8582665077031;Anel Rock Star De Ouro Branco 18K Com Ródio Negro E Esmeralda - P;69;13;2;AN03401
gid://shopify/ProductVariant/46393509413159;gid://shopify/ProductVariant/46393509413159;AN03401-14;14;8100.0;gid://shopify/Product/8582665077031;Anel Rock Star De Ouro Branco 18K Com Ródio Negro E Esmeralda - P;69;13;2;AN03401
gid://shopify/ProductVariant/46393509511463;gid://shopify/ProductVariant/46393509511463;AN03401-17;17;8100.0;gid://shopify/Product/8582665077031;Anel Rock Star De Ouro Branco 18K Com Ródio Negro E Esmeralda - P;69;13;2;AN03401
gid://shopify/ProductVariant/46393509544231;gid://shopify/ProductVariant/46393509544231;AN03401-18;18;8100.0;gid://shopify/Product/8582665077031;Anel Rock Star De Ouro Branco 18K Com Ródio Negro E Esmeralda - P;69;13;2;AN03401
gid://shopify/ProductVariant/46393509576999;gid://shopify/ProductVariant/46393509576999;AN03401-19;19;8100.0;gid://shopify/Product/8582665077031;Anel Rock Star De Ouro Branco 18K Com Ródio Negro E Esmeralda - P;69;13;2;AN03401
gid://shopify/ProductVariant/46393509609767;gid://shopify/ProductVariant/46393509609767;AN03401-20;20;8100.0;gid://shopify/Product/8582665077031;Anel Rock Star De Ouro Branco 18K Com Ródio Negro E Esmeralda - P;69;13;2;AN03401
gid://shopify/ProductVariant/46393509642535;gid://shopify/ProductVariant/46393509642535;AN03401-21;21;8100.0;gid://shopify/Product/8582665077031;Anel Rock Star De Ouro Branco 18K Com Ródio Negro E Esmeralda - P;69;13;2;AN03401
gid://shopify/ProductVariant/46393509675303;gid://shopify/ProductVariant/46393509675303;AN03401-22;22;8100.0;gid://shopify/Product/8582665077031;Anel Rock Star De Ouro Branco 18K Com Ródio Negro E Esmeralda - P;69;13;2;AN03401
gid://shopify/ProductVariant/46393509904679;gid://shopify/ProductVariant/46393509904679;AN03402-10;10;6500.0;gid://shopify/Product/8582665273639;Anel Rock Star De Ouro Branco 18K Com Ródio Negro E Rubi - P;67;13;2;AN03402
gid://shopify/ProductVariant/46393509937447;gid://shopify/ProductVariant/46393509937447;AN03402-11;11;6500.0;gid://shopify/Product/8582665273639;Anel Rock Star De Ouro Branco 18K Com Ródio Negro E Rubi - P;67;13;2;AN03402
gid://shopify/ProductVariant/46393509970215;gid://shopify/ProductVariant/46393509970215;AN03402-12;12;6500.0;gid://shopify/Product/8582665273639;Anel Rock Star De Ouro Branco 18K Com Ródio Negro E Rubi - P;67;13;2;AN03402
gid://shopify/ProductVariant/46393510002983;gid://shopify/ProductVariant/46393510002983;AN03402-13;13;6500.0;gid://shopify/Product/8582665273639;Anel Rock Star De Ouro Branco 18K Com Ródio Negro E Rubi - P;67;13;2;AN03402
gid://shopify/ProductVariant/46393510035751;gid://shopify/ProductVariant/46393510035751;AN03402-14;14;6500.0;gid://shopify/Product/8582665273639;Anel Rock Star De Ouro Branco 18K Com Ródio Negro E Rubi - P;67;13;2;AN03402
gid://shopify/ProductVariant/46393510101287;gid://shopify/ProductVariant/46393510101287;AN03402-16;16;6500.0;gid://shopify/Product/8582665273639;Anel Rock Star De Ouro Branco 18K Com Ródio Negro E Rubi - P;67;13;2;AN03402
gid://shopify/ProductVariant/46393510134055;gid://shopify/ProductVariant/46393510134055;AN03402-17;17;6500.0;gid://shopify/Product/8582665273639;Anel Rock Star De Ouro Branco 18K Com Ródio Negro E Rubi - P;67;13;2;AN03402
gid://shopify/ProductVariant/46393510199591;gid://shopify/ProductVariant/46393510199591;AN03402-19;19;6500.0;gid://shopify/Product/8582665273639;Anel Rock Star De Ouro Branco 18K Com Ródio Negro E Rubi - P;67;13;2;AN03402
gid://shopify/ProductVariant/46393510232359;gid://shopify/ProductVariant/46393510232359;AN03402-20;20;6500.0;gid://shopify/Product/8582665273639;Anel Rock Star De Ouro Branco 18K Com Ródio Negro E Rubi - P;67;13;2;AN03402
gid://shopify/ProductVariant/46393510265127;gid://shopify/ProductVariant/46393510265127;AN03402-21;21;6500.0;gid://shopify/Product/8582665273639;Anel Rock Star De Ouro Branco 18K Com Ródio Negro E Rubi - P;67;13;2;AN03402
gid://shopify/ProductVariant/46393510297895;gid://shopify/ProductVariant/46393510297895;AN03402-22;22;6500.0;gid://shopify/Product/8582665273639;Anel Rock Star De Ouro Branco 18K Com Ródio Negro E Rubi - P;67;13;2;AN03402
gid://shopify/ProductVariant/46393510396199;gid://shopify/ProductVariant/46393510396199;AN03403-10;10;6500.0;gid://shopify/Product/8582665371943;Anel Rock Star De Ouro Branco 18K Com Ródio Negro E Safira - P;69;13;2;AN03403
gid://shopify/ProductVariant/46393510428967;gid://shopify/ProductVariant/46393510428967;AN03403-11;11;6500.0;gid://shopify/Product/8582665371943;Anel Rock Star De Ouro Branco 18K Com Ródio Negro E Safira - P;69;13;2;AN03403
gid://shopify/ProductVariant/46393510461735;gid://shopify/ProductVariant/46393510461735;AN03403-12;12;6500.0;gid://shopify/Product/8582665371943;Anel Rock Star De Ouro Branco 18K Com Ródio Negro E Safira - P;69;13;2;AN03403
gid://shopify/ProductVariant/46393510527271;gid://shopify/ProductVariant/46393510527271;AN03403-14;14;6500.0;gid://shopify/Product/8582665371943;Anel Rock Star De Ouro Branco 18K Com Ródio Negro E Safira - P;69;13;2;AN03403
gid://shopify/ProductVariant/46393510625575;gid://shopify/ProductVariant/46393510625575;AN03403-17;17;6500.0;gid://shopify/Product/8582665371943;Anel Rock Star De Ouro Branco 18K Com Ródio Negro E Safira - P;69;13;2;AN03403
gid://shopify/ProductVariant/46393510658343;gid://shopify/ProductVariant/46393510658343;AN03403-18;18;6500.0;gid://shopify/Product/8582665371943;Anel Rock Star De Ouro Branco 18K Com Ródio Negro E Safira - P;69;13;2;AN03403
gid://shopify/ProductVariant/46393510691111;gid://shopify/ProductVariant/46393510691111;AN03403-19;19;6500.0;gid://shopify/Product/8582665371943;Anel Rock Star De Ouro Branco 18K Com Ródio Negro E Safira - P;69;13;2;AN03403
gid://shopify/ProductVariant/46393510723879;gid://shopify/ProductVariant/46393510723879;AN03403-20;20;6500.0;gid://shopify/Product/8582665371943;Anel Rock Star De Ouro Branco 18K Com Ródio Negro E Safira - P;69;13;2;AN03403
gid://shopify/ProductVariant/46393510756647;gid://shopify/ProductVariant/46393510756647;AN03403-21;21;6500.0;gid://shopify/Product/8582665371943;Anel Rock Star De Ouro Branco 18K Com Ródio Negro E Safira - P;69;13;2;AN03403
gid://shopify/ProductVariant/46393510789415;gid://shopify/ProductVariant/46393510789415;AN03403-22;22;6500.0;gid://shopify/Product/8582665371943;Anel Rock Star De Ouro Branco 18K Com Ródio Negro E Safira - P;69;13;2;AN03403
gid://shopify/ProductVariant/46393510822183;gid://shopify/ProductVariant/46393510822183;AN06169-10;10;7500.0;gid://shopify/Product/8582665404711;Anel Rock Star De Ouro Branco 18K Com Ródio Negro E Diamante E Safira;65;13;2;AN06169
gid://shopify/ProductVariant/46393510854951;gid://shopify/ProductVariant/46393510854951;AN06169-11;11;7500.0;gid://shopify/Product/8582665404711;Anel Rock Star De Ouro Branco 18K Com Ródio Negro E Diamante E Safira;65;13;2;AN06169
gid://shopify/ProductVariant/46393510887719;gid://shopify/ProductVariant/46393510887719;AN06169-12;12;7500.0;gid://shopify/Product/8582665404711;Anel Rock Star De Ouro Branco 18K Com Ródio Negro E Diamante E Safira;65;13;2;AN06169
gid://shopify/ProductVariant/46393510920487;gid://shopify/ProductVariant/46393510920487;AN06169-13;13;7500.0;gid://shopify/Product/8582665404711;Anel Rock Star De Ouro Branco 18K Com Ródio Negro E Diamante E Safira;65;13;2;AN06169
gid://shopify/ProductVariant/46393510953255;gid://shopify/ProductVariant/46393510953255;AN06169-14;14;7500.0;gid://shopify/Product/8582665404711;Anel Rock Star De Ouro Branco 18K Com Ródio Negro E Diamante E Safira;65;13;2;AN06169
gid://shopify/ProductVariant/46393510986023;gid://shopify/ProductVariant/46393510986023;AN06169-15;15;7500.0;gid://shopify/Product/8582665404711;Anel Rock Star De Ouro Branco 18K Com Ródio Negro E Diamante E Safira;65;13;2;AN06169
gid://shopify/ProductVariant/46393511018791;gid://shopify/ProductVariant/46393511018791;AN06169-16;16;7500.0;gid://shopify/Product/8582665404711;Anel Rock Star De Ouro Branco 18K Com Ródio Negro E Diamante E Safira;65;13;2;AN06169
gid://shopify/ProductVariant/46393511051559;gid://shopify/ProductVariant/46393511051559;AN06169-17;17;7500.0;gid://shopify/Product/8582665404711;Anel Rock Star De Ouro Branco 18K Com Ródio Negro E Diamante E Safira;65;13;2;AN06169
gid://shopify/ProductVariant/46393511084327;gid://shopify/ProductVariant/46393511084327;AN06169-18;18;7500.0;gid://shopify/Product/8582665404711;Anel Rock Star De Ouro Branco 18K Com Ródio Negro E Diamante E Safira;65;13;2;AN06169
gid://shopify/ProductVariant/46393511117095;gid://shopify/ProductVariant/46393511117095;AN06169-19;19;7500.0;gid://shopify/Product/8582665404711;Anel Rock Star De Ouro Branco 18K Com Ródio Negro E Diamante E Safira;65;13;2;AN06169
gid://shopify/ProductVariant/46393511149863;gid://shopify/ProductVariant/46393511149863;AN06169-20;20;7500.0;gid://shopify/Product/8582665404711;Anel Rock Star De Ouro Branco 18K Com Ródio Negro E Diamante E Safira;65;13;2;AN06169
gid://shopify/ProductVariant/46393511182631;gid://shopify/ProductVariant/46393511182631;AN06169-21;21;7500.0;gid://shopify/Product/8582665404711;Anel Rock Star De Ouro Branco 18K Com Ródio Negro E Diamante E Safira;65;13;2;AN06169
gid://shopify/ProductVariant/46393511215399;gid://shopify/ProductVariant/46393511215399;AN06169-22;22;7500.0;gid://shopify/Product/8582665404711;Anel Rock Star De Ouro Branco 18K Com Ródio Negro E Diamante E Safira;65;13;2;AN06169
gid://shopify/ProductVariant/46393511248167;gid://shopify/ProductVariant/46393511248167;AN06195-10;10;6500.0;gid://shopify/Product/8582665437479;Anel Rock Star De Ouro Branco 18K Com Ródio Negro E Diamante;68;13;2;AN06195
gid://shopify/ProductVariant/46393511280935;gid://shopify/ProductVariant/46393511280935;AN06195-11;11;6500.0;gid://shopify/Product/8582665437479;Anel Rock Star De Ouro Branco 18K Com Ródio Negro E Diamante;68;13;2;AN06195
gid://shopify/ProductVariant/46393511313703;gid://shopify/ProductVariant/46393511313703;AN06195-12;12;6500.0;gid://shopify/Product/8582665437479;Anel Rock Star De Ouro Branco 18K Com Ródio Negro E Diamante;68;13;2;AN06195
gid://shopify/ProductVariant/46393511346471;gid://shopify/ProductVariant/46393511346471;AN06195-13;13;6500.0;gid://shopify/Product/8582665437479;Anel Rock Star De Ouro Branco 18K Com Ródio Negro E Diamante;68;13;2;AN06195
gid://shopify/ProductVariant/46393511412007;gid://shopify/ProductVariant/46393511412007;AN06195-15;15;6500.0;gid://shopify/Product/8582665437479;Anel Rock Star De Ouro Branco 18K Com Ródio Negro E Diamante;68;13;2;AN06195
gid://shopify/ProductVariant/46393511444775;gid://shopify/ProductVariant/46393511444775;AN06195-16;16;6500.0;gid://shopify/Product/8582665437479;Anel Rock Star De Ouro Branco 18K Com Ródio Negro E Diamante;68;13;2;AN06195
gid://shopify/ProductVariant/46393511477543;gid://shopify/ProductVariant/46393511477543;AN06195-17;17;6500.0;gid://shopify/Product/8582665437479;Anel Rock Star De Ouro Branco 18K Com Ródio Negro E Diamante;68;13;2;AN06195
gid://shopify/ProductVariant/46393511510311;gid://shopify/ProductVariant/46393511510311;AN06195-18;18;6500.0;gid://shopify/Product/8582665437479;Anel Rock Star De Ouro Branco 18K Com Ródio Negro E Diamante;68;13;2;AN06195
gid://shopify/ProductVariant/46393511543079;gid://shopify/ProductVariant/46393511543079;AN06195-19;19;6500.0;gid://shopify/Product/8582665437479;Anel Rock Star De Ouro Branco 18K Com Ródio Negro E Diamante;68;13;2;AN06195
gid://shopify/ProductVariant/46393511575847;gid://shopify/ProductVariant/46393511575847;AN06195-20;20;6500.0;gid://shopify/Product/8582665437479;Anel Rock Star De Ouro Branco 18K Com Ródio Negro E Diamante;68;13;2;AN06195
gid://shopify/ProductVariant/46393511608615;gid://shopify/ProductVariant/46393511608615;AN06195-21;21;6500.0;gid://shopify/Product/8582665437479;Anel Rock Star De Ouro Branco 18K Com Ródio Negro E Diamante;68;13;2;AN06195
gid://shopify/ProductVariant/46393511641383;gid://shopify/ProductVariant/46393511641383;AN06195-22;22;6500.0;gid://shopify/Product/8582665437479;Anel Rock Star De Ouro Branco 18K Com Ródio Negro E Diamante;68;13;2;AN06195
gid://shopify/ProductVariant/46393512657191;gid://shopify/ProductVariant/46393512657191;AN03395-10;10;7500.0;gid://shopify/Product/8582665503015;Anel Rock Star De Ouro Branco 18K E Diamante;68;13;2;AN03395
gid://shopify/ProductVariant/46393512689959;gid://shopify/ProductVariant/46393512689959;AN03395-11;11;7500.0;gid://shopify/Product/8582665503015;Anel Rock Star De Ouro Branco 18K E Diamante;68;13;2;AN03395
gid://shopify/ProductVariant/46393512722727;gid://shopify/ProductVariant/46393512722727;AN03395-12;12;7500.0;gid://shopify/Product/8582665503015;Anel Rock Star De Ouro Branco 18K E Diamante;68;13;2;AN03395
gid://shopify/ProductVariant/46393512755495;gid://shopify/ProductVariant/46393512755495;AN03395-13;13;7500.0;gid://shopify/Product/8582665503015;Anel Rock Star De Ouro Branco 18K E Diamante;68;13;2;AN03395
gid://shopify/ProductVariant/46393512788263;gid://shopify/ProductVariant/46393512788263;AN03395-14;14;7500.0;gid://shopify/Product/8582665503015;Anel Rock Star De Ouro Branco 18K E Diamante;68;13;2;AN03395
gid://shopify/ProductVariant/46393512821031;gid://shopify/ProductVariant/46393512821031;AN03395-15;15;7500.0;gid://shopify/Product/8582665503015;Anel Rock Star De Ouro Branco 18K E Diamante;68;13;2;AN03395
gid://shopify/ProductVariant/46393512952103;gid://shopify/ProductVariant/46393512952103;AN03395-19;19;7500.0;gid://shopify/Product/8582665503015;Anel Rock Star De Ouro Branco 18K E Diamante;68;13;2;AN03395
gid://shopify/ProductVariant/46393512984871;gid://shopify/ProductVariant/46393512984871;AN03395-20;20;7500.0;gid://shopify/Product/8582665503015;Anel Rock Star De Ouro Branco 18K E Diamante;68;13;2;AN03395
gid://shopify/ProductVariant/46393513017639;gid://shopify/ProductVariant/46393513017639;AN03395-21;21;7500.0;gid://shopify/Product/8582665503015;Anel Rock Star De Ouro Branco 18K E Diamante;68;13;2;AN03395
gid://shopify/ProductVariant/46393513050407;gid://shopify/ProductVariant/46393513050407;AN03395-22;22;7500.0;gid://shopify/Product/8582665503015;Anel Rock Star De Ouro Branco 18K E Diamante;68;13;2;AN03395
gid://shopify/ProductVariant/46393513181479;gid://shopify/ProductVariant/46393513181479;AN03245-10;10;2400.0;gid://shopify/Product/8582665568551;Anel Rock&Hot De Prata Com Ouro Amarelo E Ágata;66;13;3;AN03245
gid://shopify/ProductVariant/46393513214247;gid://shopify/ProductVariant/46393513214247;AN03245-11;11;2400.0;gid://shopify/Product/8582665568551;Anel Rock&Hot De Prata Com Ouro Amarelo E Ágata;66;13;3;AN03245
gid://shopify/ProductVariant/46393513247015;gid://shopify/ProductVariant/46393513247015;AN03245-12;12;2400.0;gid://shopify/Product/8582665568551;Anel Rock&Hot De Prata Com Ouro Amarelo E Ágata;66;13;3;AN03245
gid://shopify/ProductVariant/46393513279783;gid://shopify/ProductVariant/46393513279783;AN03245-13;13;2400.0;gid://shopify/Product/8582665568551;Anel Rock&Hot De Prata Com Ouro Amarelo E Ágata;66;13;3;AN03245
gid://shopify/ProductVariant/46393513345319;gid://shopify/ProductVariant/46393513345319;AN03245-15;15;2400.0;gid://shopify/Product/8582665568551;Anel Rock&Hot De Prata Com Ouro Amarelo E Ágata;66;13;3;AN03245
gid://shopify/ProductVariant/46393513378087;gid://shopify/ProductVariant/46393513378087;AN03245-16;16;2400.0;gid://shopify/Product/8582665568551;Anel Rock&Hot De Prata Com Ouro Amarelo E Ágata;66;13;3;AN03245
gid://shopify/ProductVariant/46393513410855;gid://shopify/ProductVariant/46393513410855;AN03245-17;17;2400.0;gid://shopify/Product/8582665568551;Anel Rock&Hot De Prata Com Ouro Amarelo E Ágata;66;13;3;AN03245
gid://shopify/ProductVariant/46393513443623;gid://shopify/ProductVariant/46393513443623;AN03245-18;18;2400.0;gid://shopify/Product/8582665568551;Anel Rock&Hot De Prata Com Ouro Amarelo E Ágata;66;13;3;AN03245
gid://shopify/ProductVariant/46393513476391;gid://shopify/ProductVariant/46393513476391;AN03245-19;19;2400.0;gid://shopify/Product/8582665568551;Anel Rock&Hot De Prata Com Ouro Amarelo E Ágata;66;13;3;AN03245
gid://shopify/ProductVariant/46393513509159;gid://shopify/ProductVariant/46393513509159;AN03245-20;20;2400.0;gid://shopify/Product/8582665568551;Anel Rock&Hot De Prata Com Ouro Amarelo E Ágata;66;13;3;AN03245
gid://shopify/ProductVariant/46393513541927;gid://shopify/ProductVariant/46393513541927;AN03245-21;21;2400.0;gid://shopify/Product/8582665568551;Anel Rock&Hot De Prata Com Ouro Amarelo E Ágata;66;13;3;AN03245
gid://shopify/ProductVariant/46393513574695;gid://shopify/ProductVariant/46393513574695;AN03245-22;22;2400.0;gid://shopify/Product/8582665568551;Anel Rock&Hot De Prata Com Ouro Amarelo E Ágata;66;13;3;AN03245
gid://shopify/ProductVariant/46393513738535;gid://shopify/ProductVariant/46393513738535;AN02276-10;10;4500.0;gid://shopify/Product/8582665634087;Anel Savage De Ouro Amarelo 18K E Diamante Solitário;2;13;2;AN02276
gid://shopify/ProductVariant/46393513771303;gid://shopify/ProductVariant/46393513771303;AN02276-11;11;4500.0;gid://shopify/Product/8582665634087;Anel Savage De Ouro Amarelo 18K E Diamante Solitário;2;13;2;AN02276
gid://shopify/ProductVariant/46393513804071;gid://shopify/ProductVariant/46393513804071;AN02276-12;12;4500.0;gid://shopify/Product/8582665634087;Anel Savage De Ouro Amarelo 18K E Diamante Solitário;2;13;2;AN02276
gid://shopify/ProductVariant/46393513836839;gid://shopify/ProductVariant/46393513836839;AN02276-13;13;4500.0;gid://shopify/Product/8582665634087;Anel Savage De Ouro Amarelo 18K E Diamante Solitário;2;13;2;AN02276
gid://shopify/ProductVariant/46393513869607;gid://shopify/ProductVariant/46393513869607;AN02276-14;14;4500.0;gid://shopify/Product/8582665634087;Anel Savage De Ouro Amarelo 18K E Diamante Solitário;2;13;2;AN02276
gid://shopify/ProductVariant/46393513935143;gid://shopify/ProductVariant/46393513935143;AN02276-16;16;4500.0;gid://shopify/Product/8582665634087;Anel Savage De Ouro Amarelo 18K E Diamante Solitário;2;13;2;AN02276
gid://shopify/ProductVariant/46393513967911;gid://shopify/ProductVariant/46393513967911;AN02276-17;17;4500.0;gid://shopify/Product/8582665634087;Anel Savage De Ouro Amarelo 18K E Diamante Solitário;2;13;2;AN02276
gid://shopify/ProductVariant/46393514000679;gid://shopify/ProductVariant/46393514000679;AN02276-18;18;4500.0;gid://shopify/Product/8582665634087;Anel Savage De Ouro Amarelo 18K E Diamante Solitário;2;13;2;AN02276
gid://shopify/ProductVariant/46393514033447;gid://shopify/ProductVariant/46393514033447;AN02276-19;19;4500.0;gid://shopify/Product/8582665634087;Anel Savage De Ouro Amarelo 18K E Diamante Solitário;2;13;2;AN02276
gid://shopify/ProductVariant/46393514066215;gid://shopify/ProductVariant/46393514066215;AN02276-20;20;4500.0;gid://shopify/Product/8582665634087;Anel Savage De Ouro Amarelo 18K E Diamante Solitário;2;13;2;AN02276
gid://shopify/ProductVariant/46393514098983;gid://shopify/ProductVariant/46393514098983;AN02276-21;21;4500.0;gid://shopify/Product/8582665634087;Anel Savage De Ouro Amarelo 18K E Diamante Solitário;2;13;2;AN02276
gid://shopify/ProductVariant/46393514197287;gid://shopify/ProductVariant/46393514197287;AN01867-10;10;3200.0;gid://shopify/Product/8582665699623;Anel Savage De Ouro Branco 18K Com Ródio Negro E Safira;68;13;2;AN01867
gid://shopify/ProductVariant/46393514230055;gid://shopify/ProductVariant/46393514230055;AN01867-11;11;3200.0;gid://shopify/Product/8582665699623;Anel Savage De Ouro Branco 18K Com Ródio Negro E Safira;68;13;2;AN01867
gid://shopify/ProductVariant/46393514295591;gid://shopify/ProductVariant/46393514295591;AN01867-13;13;3200.0;gid://shopify/Product/8582665699623;Anel Savage De Ouro Branco 18K Com Ródio Negro E Safira;68;13;2;AN01867
gid://shopify/ProductVariant/46393514328359;gid://shopify/ProductVariant/46393514328359;AN01867-14;14;3200.0;gid://shopify/Product/8582665699623;Anel Savage De Ouro Branco 18K Com Ródio Negro E Safira;68;13;2;AN01867
gid://shopify/ProductVariant/46393514393895;gid://shopify/ProductVariant/46393514393895;AN01867-16;16;3200.0;gid://shopify/Product/8582665699623;Anel Savage De Ouro Branco 18K Com Ródio Negro E Safira;68;13;2;AN01867
gid://shopify/ProductVariant/46393514426663;gid://shopify/ProductVariant/46393514426663;AN01867-17;17;3200.0;gid://shopify/Product/8582665699623;Anel Savage De Ouro Branco 18K Com Ródio Negro E Safira;68;13;2;AN01867
gid://shopify/ProductVariant/46393514459431;gid://shopify/ProductVariant/46393514459431;AN01867-18;18;3200.0;gid://shopify/Product/8582665699623;Anel Savage De Ouro Branco 18K Com Ródio Negro E Safira;68;13;2;AN01867
gid://shopify/ProductVariant/46393514492199;gid://shopify/ProductVariant/46393514492199;AN01867-19;19;3200.0;gid://shopify/Product/8582665699623;Anel Savage De Ouro Branco 18K Com Ródio Negro E Safira;68;13;2;AN01867
gid://shopify/ProductVariant/46393514524967;gid://shopify/ProductVariant/46393514524967;AN01867-20;20;3200.0;gid://shopify/Product/8582665699623;Anel Savage De Ouro Branco 18K Com Ródio Negro E Safira;68;13;2;AN01867
gid://shopify/ProductVariant/46393514557735;gid://shopify/ProductVariant/46393514557735;AN01867-21;21;3200.0;gid://shopify/Product/8582665699623;Anel Savage De Ouro Branco 18K Com Ródio Negro E Safira;68;13;2;AN01867
gid://shopify/ProductVariant/46393514590503;gid://shopify/ProductVariant/46393514590503;AN01867-22;22;3200.0;gid://shopify/Product/8582665699623;Anel Savage De Ouro Branco 18K Com Ródio Negro E Safira;68;13;2;AN01867
gid://shopify/ProductVariant/46393514721575;gid://shopify/ProductVariant/46393514721575;AN01868-10;10;3200.0;gid://shopify/Product/8582665830695;Anel Savage De Ouro Branco 18K Com Ródio Negro E Esmeralda;65;13;2;AN01868
gid://shopify/ProductVariant/46393514754343;gid://shopify/ProductVariant/46393514754343;AN01868-11;11;3200.0;gid://shopify/Product/8582665830695;Anel Savage De Ouro Branco 18K Com Ródio Negro E Esmeralda;65;13;2;AN01868
gid://shopify/ProductVariant/46393514787111;gid://shopify/ProductVariant/46393514787111;AN01868-12;12;3200.0;gid://shopify/Product/8582665830695;Anel Savage De Ouro Branco 18K Com Ródio Negro E Esmeralda;65;13;2;AN01868
gid://shopify/ProductVariant/46393514819879;gid://shopify/ProductVariant/46393514819879;AN01868-13;13;3200.0;gid://shopify/Product/8582665830695;Anel Savage De Ouro Branco 18K Com Ródio Negro E Esmeralda;65;13;2;AN01868
gid://shopify/ProductVariant/46393514852647;gid://shopify/ProductVariant/46393514852647;AN01868-14;14;3200.0;gid://shopify/Product/8582665830695;Anel Savage De Ouro Branco 18K Com Ródio Negro E Esmeralda;65;13;2;AN01868
gid://shopify/ProductVariant/46393514885415;gid://shopify/ProductVariant/46393514885415;AN01868-15;15;3200.0;gid://shopify/Product/8582665830695;Anel Savage De Ouro Branco 18K Com Ródio Negro E Esmeralda;65;13;2;AN01868
gid://shopify/ProductVariant/46393514918183;gid://shopify/ProductVariant/46393514918183;AN01868-16;16;3200.0;gid://shopify/Product/8582665830695;Anel Savage De Ouro Branco 18K Com Ródio Negro E Esmeralda;65;13;2;AN01868
gid://shopify/ProductVariant/46393514950951;gid://shopify/ProductVariant/46393514950951;AN01868-17;17;3200.0;gid://shopify/Product/8582665830695;Anel Savage De Ouro Branco 18K Com Ródio Negro E Esmeralda;65;13;2;AN01868
gid://shopify/ProductVariant/46393514983719;gid://shopify/ProductVariant/46393514983719;AN01868-18;18;3200.0;gid://shopify/Product/8582665830695;Anel Savage De Ouro Branco 18K Com Ródio Negro E Esmeralda;65;13;2;AN01868
gid://shopify/ProductVariant/46393515016487;gid://shopify/ProductVariant/46393515016487;AN01868-19;19;3200.0;gid://shopify/Product/8582665830695;Anel Savage De Ouro Branco 18K Com Ródio Negro E Esmeralda;65;13;2;AN01868
gid://shopify/ProductVariant/46393515049255;gid://shopify/ProductVariant/46393515049255;AN01868-20;20;3200.0;gid://shopify/Product/8582665830695;Anel Savage De Ouro Branco 18K Com Ródio Negro E Esmeralda;65;13;2;AN01868
gid://shopify/ProductVariant/46393515082023;gid://shopify/ProductVariant/46393515082023;AN01868-21;21;3200.0;gid://shopify/Product/8582665830695;Anel Savage De Ouro Branco 18K Com Ródio Negro E Esmeralda;65;13;2;AN01868
gid://shopify/ProductVariant/46393515114791;gid://shopify/ProductVariant/46393515114791;AN01868-22;22;3200.0;gid://shopify/Product/8582665830695;Anel Savage De Ouro Branco 18K Com Ródio Negro E Esmeralda;65;13;2;AN01868
gid://shopify/ProductVariant/46393515180327;gid://shopify/ProductVariant/46393515180327;AN01869-10;10;4500.0;gid://shopify/Product/8582665896231;Anel Savage De Ouro Branco 18K Com Ródio Negro E Diamante Solitário;67;13;2;AN01869
gid://shopify/ProductVariant/46393515213095;gid://shopify/ProductVariant/46393515213095;AN01869-11;11;4500.0;gid://shopify/Product/8582665896231;Anel Savage De Ouro Branco 18K Com Ródio Negro E Diamante Solitário;67;13;2;AN01869
gid://shopify/ProductVariant/46393515245863;gid://shopify/ProductVariant/46393515245863;AN01869-12;12;4500.0;gid://shopify/Product/8582665896231;Anel Savage De Ouro Branco 18K Com Ródio Negro E Diamante Solitário;67;13;2;AN01869
gid://shopify/ProductVariant/46393515278631;gid://shopify/ProductVariant/46393515278631;AN01869-13;13;4500.0;gid://shopify/Product/8582665896231;Anel Savage De Ouro Branco 18K Com Ródio Negro E Diamante Solitário;67;13;2;AN01869
gid://shopify/ProductVariant/46393515311399;gid://shopify/ProductVariant/46393515311399;AN01869-14;14;4500.0;gid://shopify/Product/8582665896231;Anel Savage De Ouro Branco 18K Com Ródio Negro E Diamante Solitário;67;13;2;AN01869
gid://shopify/ProductVariant/46393515376935;gid://shopify/ProductVariant/46393515376935;AN01869-16;16;4500.0;gid://shopify/Product/8582665896231;Anel Savage De Ouro Branco 18K Com Ródio Negro E Diamante Solitário;67;13;2;AN01869
gid://shopify/ProductVariant/46393515409703;gid://shopify/ProductVariant/46393515409703;AN01869-17;17;4500.0;gid://shopify/Product/8582665896231;Anel Savage De Ouro Branco 18K Com Ródio Negro E Diamante Solitário;67;13;2;AN01869
gid://shopify/ProductVariant/46393515442471;gid://shopify/ProductVariant/46393515442471;AN01869-18;18;4500.0;gid://shopify/Product/8582665896231;Anel Savage De Ouro Branco 18K Com Ródio Negro E Diamante Solitário;67;13;2;AN01869
gid://shopify/ProductVariant/46393515475239;gid://shopify/ProductVariant/46393515475239;AN01869-19;19;4500.0;gid://shopify/Product/8582665896231;Anel Savage De Ouro Branco 18K Com Ródio Negro E Diamante Solitário;67;13;2;AN01869
gid://shopify/ProductVariant/46393515508007;gid://shopify/ProductVariant/46393515508007;AN01869-20;20;4500.0;gid://shopify/Product/8582665896231;Anel Savage De Ouro Branco 18K Com Ródio Negro E Diamante Solitário;67;13;2;AN01869
gid://shopify/ProductVariant/46393515540775;gid://shopify/ProductVariant/46393515540775;AN01869-21;21;4500.0;gid://shopify/Product/8582665896231;Anel Savage De Ouro Branco 18K Com Ródio Negro E Diamante Solitário;67;13;2;AN01869
gid://shopify/ProductVariant/46393515573543;gid://shopify/ProductVariant/46393515573543;AN01869-22;22;4500.0;gid://shopify/Product/8582665896231;Anel Savage De Ouro Branco 18K Com Ródio Negro E Diamante Solitário;67;13;2;AN01869
gid://shopify/ProductVariant/46393515639079;gid://shopify/ProductVariant/46393515639079;AN01890-10;10;3200.0;gid://shopify/Product/8582665928999;Anel Savage De Ouro Branco 18K Com Ródio Negro E Safira;65;13;1;AN01890
gid://shopify/ProductVariant/46393515671847;gid://shopify/ProductVariant/46393515671847;AN01890-11;11;3200.0;gid://shopify/Product/8582665928999;Anel Savage De Ouro Branco 18K Com Ródio Negro E Safira;65;13;1;AN01890
gid://shopify/ProductVariant/46393515704615;gid://shopify/ProductVariant/46393515704615;AN01890-12;12;3200.0;gid://shopify/Product/8582665928999;Anel Savage De Ouro Branco 18K Com Ródio Negro E Safira;65;13;1;AN01890
gid://shopify/ProductVariant/46393515737383;gid://shopify/ProductVariant/46393515737383;AN01890-13;13;3200.0;gid://shopify/Product/8582665928999;Anel Savage De Ouro Branco 18K Com Ródio Negro E Safira;65;13;1;AN01890
gid://shopify/ProductVariant/46393515770151;gid://shopify/ProductVariant/46393515770151;AN01890-14;14;3200.0;gid://shopify/Product/8582665928999;Anel Savage De Ouro Branco 18K Com Ródio Negro E Safira;65;13;1;AN01890
gid://shopify/ProductVariant/46393515802919;gid://shopify/ProductVariant/46393515802919;AN01890-15;15;3200.0;gid://shopify/Product/8582665928999;Anel Savage De Ouro Branco 18K Com Ródio Negro E Safira;65;13;1;AN01890
gid://shopify/ProductVariant/46393515835687;gid://shopify/ProductVariant/46393515835687;AN01890-16;16;3200.0;gid://shopify/Product/8582665928999;Anel Savage De Ouro Branco 18K Com Ródio Negro E Safira;65;13;1;AN01890
gid://shopify/ProductVariant/46393515868455;gid://shopify/ProductVariant/46393515868455;AN01890-17;17;3200.0;gid://shopify/Product/8582665928999;Anel Savage De Ouro Branco 18K Com Ródio Negro E Safira;65;13;1;AN01890
gid://shopify/ProductVariant/46393515901223;gid://shopify/ProductVariant/46393515901223;AN01890-18;18;3200.0;gid://shopify/Product/8582665928999;Anel Savage De Ouro Branco 18K Com Ródio Negro E Safira;65;13;1;AN01890
gid://shopify/ProductVariant/46393515933991;gid://shopify/ProductVariant/46393515933991;AN01890-19;19;3200.0;gid://shopify/Product/8582665928999;Anel Savage De Ouro Branco 18K Com Ródio Negro E Safira;65;13;1;AN01890
gid://shopify/ProductVariant/46393515966759;gid://shopify/ProductVariant/46393515966759;AN01890-20;20;3200.0;gid://shopify/Product/8582665928999;Anel Savage De Ouro Branco 18K Com Ródio Negro E Safira;65;13;1;AN01890
gid://shopify/ProductVariant/46393515999527;gid://shopify/ProductVariant/46393515999527;AN01890-21;21;3200.0;gid://shopify/Product/8582665928999;Anel Savage De Ouro Branco 18K Com Ródio Negro E Safira;65;13;1;AN01890
gid://shopify/ProductVariant/46393516032295;gid://shopify/ProductVariant/46393516032295;AN01890-22;22;3200.0;gid://shopify/Product/8582665928999;Anel Savage De Ouro Branco 18K Com Ródio Negro E Safira;65;13;1;AN01890
gid://shopify/ProductVariant/46393516065063;gid://shopify/ProductVariant/46393516065063;AN01864-10;10;4900.0;gid://shopify/Product/8582665961767;Anel Savage De Ouro Branco 18K E Diamante Solitário;68;13;2;AN01864
gid://shopify/ProductVariant/46393516097831;gid://shopify/ProductVariant/46393516097831;AN01864-11;11;4900.0;gid://shopify/Product/8582665961767;Anel Savage De Ouro Branco 18K E Diamante Solitário;68;13;2;AN01864
gid://shopify/ProductVariant/46393516163367;gid://shopify/ProductVariant/46393516163367;AN01864-13;13;4900.0;gid://shopify/Product/8582665961767;Anel Savage De Ouro Branco 18K E Diamante Solitário;68;13;2;AN01864
gid://shopify/ProductVariant/46393516196135;gid://shopify/ProductVariant/46393516196135;AN01864-14;14;4900.0;gid://shopify/Product/8582665961767;Anel Savage De Ouro Branco 18K E Diamante Solitário;68;13;2;AN01864
gid://shopify/ProductVariant/46393516261671;gid://shopify/ProductVariant/46393516261671;AN01864-16;16;4900.0;gid://shopify/Product/8582665961767;Anel Savage De Ouro Branco 18K E Diamante Solitário;68;13;2;AN01864
gid://shopify/ProductVariant/46393516327207;gid://shopify/ProductVariant/46393516327207;AN01864-18;18;4900.0;gid://shopify/Product/8582665961767;Anel Savage De Ouro Branco 18K E Diamante Solitário;68;13;2;AN01864
gid://shopify/ProductVariant/46393516359975;gid://shopify/ProductVariant/46393516359975;AN01864-19;19;4900.0;gid://shopify/Product/8582665961767;Anel Savage De Ouro Branco 18K E Diamante Solitário;68;13;2;AN01864
gid://shopify/ProductVariant/46393516392743;gid://shopify/ProductVariant/46393516392743;AN01864-20;20;4900.0;gid://shopify/Product/8582665961767;Anel Savage De Ouro Branco 18K E Diamante Solitário;68;13;2;AN01864
gid://shopify/ProductVariant/46393516425511;gid://shopify/ProductVariant/46393516425511;AN01864-21;21;4900.0;gid://shopify/Product/8582665961767;Anel Savage De Ouro Branco 18K E Diamante Solitário;68;13;2;AN01864
gid://shopify/ProductVariant/46393516458279;gid://shopify/ProductVariant/46393516458279;AN01864-22;22;4900.0;gid://shopify/Product/8582665961767;Anel Savage De Ouro Branco 18K E Diamante Solitário;68;13;2;AN01864
gid://shopify/ProductVariant/46393516523815;gid://shopify/ProductVariant/46393516523815;AN03307-10;10;9500.0;gid://shopify/Product/8582665994535;Anel Savage De Ouro Branco 18K E Diamante Solitário;65;13;2;AN03307
gid://shopify/ProductVariant/46393516556583;gid://shopify/ProductVariant/46393516556583;AN03307-11;11;9500.0;gid://shopify/Product/8582665994535;Anel Savage De Ouro Branco 18K E Diamante Solitário;65;13;2;AN03307
gid://shopify/ProductVariant/46393516589351;gid://shopify/ProductVariant/46393516589351;AN03307-12;12;9500.0;gid://shopify/Product/8582665994535;Anel Savage De Ouro Branco 18K E Diamante Solitário;65;13;2;AN03307
gid://shopify/ProductVariant/46393516622119;gid://shopify/ProductVariant/46393516622119;AN03307-13;13;9500.0;gid://shopify/Product/8582665994535;Anel Savage De Ouro Branco 18K E Diamante Solitário;65;13;2;AN03307
gid://shopify/ProductVariant/46393516654887;gid://shopify/ProductVariant/46393516654887;AN03307-14;14;9500.0;gid://shopify/Product/8582665994535;Anel Savage De Ouro Branco 18K E Diamante Solitário;65;13;2;AN03307
gid://shopify/ProductVariant/46393516687655;gid://shopify/ProductVariant/46393516687655;AN03307-15;15;9500.0;gid://shopify/Product/8582665994535;Anel Savage De Ouro Branco 18K E Diamante Solitário;65;13;2;AN03307
gid://shopify/ProductVariant/46393516720423;gid://shopify/ProductVariant/46393516720423;AN03307-16;16;9500.0;gid://shopify/Product/8582665994535;Anel Savage De Ouro Branco 18K E Diamante Solitário;65;13;2;AN03307
gid://shopify/ProductVariant/46393516753191;gid://shopify/ProductVariant/46393516753191;AN03307-17;17;9500.0;gid://shopify/Product/8582665994535;Anel Savage De Ouro Branco 18K E Diamante Solitário;65;13;2;AN03307
gid://shopify/ProductVariant/46393516785959;gid://shopify/ProductVariant/46393516785959;AN03307-18;18;9500.0;gid://shopify/Product/8582665994535;Anel Savage De Ouro Branco 18K E Diamante Solitário;65;13;2;AN03307
gid://shopify/ProductVariant/46393516818727;gid://shopify/ProductVariant/46393516818727;AN03307-19;19;9500.0;gid://shopify/Product/8582665994535;Anel Savage De Ouro Branco 18K E Diamante Solitário;65;13;2;AN03307
gid://shopify/ProductVariant/46393516851495;gid://shopify/ProductVariant/46393516851495;AN03307-20;20;9500.0;gid://shopify/Product/8582665994535;Anel Savage De Ouro Branco 18K E Diamante Solitário;65;13;2;AN03307
gid://shopify/ProductVariant/46393516884263;gid://shopify/ProductVariant/46393516884263;AN03307-21;21;9500.0;gid://shopify/Product/8582665994535;Anel Savage De Ouro Branco 18K E Diamante Solitário;65;13;2;AN03307
gid://shopify/ProductVariant/46393516917031;gid://shopify/ProductVariant/46393516917031;AN03307-22;22;9500.0;gid://shopify/Product/8582665994535;Anel Savage De Ouro Branco 18K E Diamante Solitário;65;13;2;AN03307
gid://shopify/ProductVariant/46393517015335;gid://shopify/ProductVariant/46393517015335;AN03368-10;10;5700.0;gid://shopify/Product/8582666092839;Anel Savage De Ouro Branco 18K E Diamante Solitário;66;13;2;AN03368
gid://shopify/ProductVariant/46393517048103;gid://shopify/ProductVariant/46393517048103;AN03368-11;11;5700.0;gid://shopify/Product/8582666092839;Anel Savage De Ouro Branco 18K E Diamante Solitário;66;13;2;AN03368
gid://shopify/ProductVariant/46393517080871;gid://shopify/ProductVariant/46393517080871;AN03368-12;12;5700.0;gid://shopify/Product/8582666092839;Anel Savage De Ouro Branco 18K E Diamante Solitário;66;13;2;AN03368
gid://shopify/ProductVariant/46393517113639;gid://shopify/ProductVariant/46393517113639;AN03368-13;13;5700.0;gid://shopify/Product/8582666092839;Anel Savage De Ouro Branco 18K E Diamante Solitário;66;13;2;AN03368
gid://shopify/ProductVariant/46393517146407;gid://shopify/ProductVariant/46393517146407;AN03368-14;14;5700.0;gid://shopify/Product/8582666092839;Anel Savage De Ouro Branco 18K E Diamante Solitário;66;13;2;AN03368
gid://shopify/ProductVariant/46393517179175;gid://shopify/ProductVariant/46393517179175;AN03368-15;15;5700.0;gid://shopify/Product/8582666092839;Anel Savage De Ouro Branco 18K E Diamante Solitário;66;13;2;AN03368
gid://shopify/ProductVariant/46393517211943;gid://shopify/ProductVariant/46393517211943;AN03368-16;16;5700.0;gid://shopify/Product/8582666092839;Anel Savage De Ouro Branco 18K E Diamante Solitário;66;13;2;AN03368
gid://shopify/ProductVariant/46393517277479;gid://shopify/ProductVariant/46393517277479;AN03368-18;18;5700.0;gid://shopify/Product/8582666092839;Anel Savage De Ouro Branco 18K E Diamante Solitário;66;13;2;AN03368
gid://shopify/ProductVariant/46393517310247;gid://shopify/ProductVariant/46393517310247;AN03368-19;19;5700.0;gid://shopify/Product/8582666092839;Anel Savage De Ouro Branco 18K E Diamante Solitário;66;13;2;AN03368
gid://shopify/ProductVariant/46393517343015;gid://shopify/ProductVariant/46393517343015;AN03368-20;20;5700.0;gid://shopify/Product/8582666092839;Anel Savage De Ouro Branco 18K E Diamante Solitário;66;13;2;AN03368
gid://shopify/ProductVariant/46393517375783;gid://shopify/ProductVariant/46393517375783;AN03368-21;21;5700.0;gid://shopify/Product/8582666092839;Anel Savage De Ouro Branco 18K E Diamante Solitário;66;13;2;AN03368
gid://shopify/ProductVariant/46393517408551;gid://shopify/ProductVariant/46393517408551;AN03368-22;22;5700.0;gid://shopify/Product/8582666092839;Anel Savage De Ouro Branco 18K E Diamante Solitário;66;13;2;AN03368
gid://shopify/ProductVariant/46393517441319;gid://shopify/ProductVariant/46393517441319;AN01870-10;10;4500.0;gid://shopify/Product/8582666125607;Anel Savage De Ouro Rosa 18K E Diamante Solitário;70;13;1;AN01870
gid://shopify/ProductVariant/46393517506855;gid://shopify/ProductVariant/46393517506855;AN01870-12;12;4500.0;gid://shopify/Product/8582666125607;Anel Savage De Ouro Rosa 18K E Diamante Solitário;70;13;1;AN01870
gid://shopify/ProductVariant/46393517539623;gid://shopify/ProductVariant/46393517539623;AN01870-13;13;4500.0;gid://shopify/Product/8582666125607;Anel Savage De Ouro Rosa 18K E Diamante Solitário;70;13;1;AN01870
gid://shopify/ProductVariant/46393517572391;gid://shopify/ProductVariant/46393517572391;AN01870-14;14;4500.0;gid://shopify/Product/8582666125607;Anel Savage De Ouro Rosa 18K E Diamante Solitário;70;13;1;AN01870
gid://shopify/ProductVariant/46393517637927;gid://shopify/ProductVariant/46393517637927;AN01870-16;16;4500.0;gid://shopify/Product/8582666125607;Anel Savage De Ouro Rosa 18K E Diamante Solitário;70;13;1;AN01870
gid://shopify/ProductVariant/46393517670695;gid://shopify/ProductVariant/46393517670695;AN01870-17;17;4500.0;gid://shopify/Product/8582666125607;Anel Savage De Ouro Rosa 18K E Diamante Solitário;70;13;1;AN01870
gid://shopify/ProductVariant/46393517703463;gid://shopify/ProductVariant/46393517703463;AN01870-18;18;4500.0;gid://shopify/Product/8582666125607;Anel Savage De Ouro Rosa 18K E Diamante Solitário;70;13;1;AN01870
gid://shopify/ProductVariant/46393517736231;gid://shopify/ProductVariant/46393517736231;AN01870-19;19;4500.0;gid://shopify/Product/8582666125607;Anel Savage De Ouro Rosa 18K E Diamante Solitário;70;13;1;AN01870
gid://shopify/ProductVariant/46393517768999;gid://shopify/ProductVariant/46393517768999;AN01870-20;20;4500.0;gid://shopify/Product/8582666125607;Anel Savage De Ouro Rosa 18K E Diamante Solitário;70;13;1;AN01870
gid://shopify/ProductVariant/46393517801767;gid://shopify/ProductVariant/46393517801767;AN01870-21;21;4500.0;gid://shopify/Product/8582666125607;Anel Savage De Ouro Rosa 18K E Diamante Solitário;70;13;1;AN01870
gid://shopify/ProductVariant/46393517867303;gid://shopify/ProductVariant/46393517867303;AN02299-10;10;1400.0;gid://shopify/Product/8582666158375;Anel Tropical De Prata Com Ouro Amarelo;65;13;2;AN02299
gid://shopify/ProductVariant/46393517900071;gid://shopify/ProductVariant/46393517900071;AN02299-11;11;1400.0;gid://shopify/Product/8582666158375;Anel Tropical De Prata Com Ouro Amarelo;65;13;2;AN02299
gid://shopify/ProductVariant/46393517932839;gid://shopify/ProductVariant/46393517932839;AN02299-12;12;1400.0;gid://shopify/Product/8582666158375;Anel Tropical De Prata Com Ouro Amarelo;65;13;2;AN02299
gid://shopify/ProductVariant/46393517965607;gid://shopify/ProductVariant/46393517965607;AN02299-13;13;1400.0;gid://shopify/Product/8582666158375;Anel Tropical De Prata Com Ouro Amarelo;65;13;2;AN02299
gid://shopify/ProductVariant/46393517998375;gid://shopify/ProductVariant/46393517998375;AN02299-14;14;1400.0;gid://shopify/Product/8582666158375;Anel Tropical De Prata Com Ouro Amarelo;65;13;2;AN02299
gid://shopify/ProductVariant/46393518031143;gid://shopify/ProductVariant/46393518031143;AN02299-15;15;1400.0;gid://shopify/Product/8582666158375;Anel Tropical De Prata Com Ouro Amarelo;65;13;2;AN02299
gid://shopify/ProductVariant/46393518063911;gid://shopify/ProductVariant/46393518063911;AN02299-16;16;1400.0;gid://shopify/Product/8582666158375;Anel Tropical De Prata Com Ouro Amarelo;65;13;2;AN02299
gid://shopify/ProductVariant/46393518096679;gid://shopify/ProductVariant/46393518096679;AN02299-17;17;1400.0;gid://shopify/Product/8582666158375;Anel Tropical De Prata Com Ouro Amarelo;65;13;2;AN02299
gid://shopify/ProductVariant/46393518129447;gid://shopify/ProductVariant/46393518129447;AN02299-18;18;1400.0;gid://shopify/Product/8582666158375;Anel Tropical De Prata Com Ouro Amarelo;65;13;2;AN02299
gid://shopify/ProductVariant/46393518162215;gid://shopify/ProductVariant/46393518162215;AN02299-19;19;1400.0;gid://shopify/Product/8582666158375;Anel Tropical De Prata Com Ouro Amarelo;65;13;2;AN02299
gid://shopify/ProductVariant/46393518194983;gid://shopify/ProductVariant/46393518194983;AN02299-20;20;1400.0;gid://shopify/Product/8582666158375;Anel Tropical De Prata Com Ouro Amarelo;65;13;2;AN02299
gid://shopify/ProductVariant/46393518227751;gid://shopify/ProductVariant/46393518227751;AN02299-21;21;1400.0;gid://shopify/Product/8582666158375;Anel Tropical De Prata Com Ouro Amarelo;65;13;2;AN02299
gid://shopify/ProductVariant/46393518260519;gid://shopify/ProductVariant/46393518260519;AN02299-22;22;1400.0;gid://shopify/Product/8582666158375;Anel Tropical De Prata Com Ouro Amarelo;65;13;2;AN02299
gid://shopify/ProductVariant/46393518293287;gid://shopify/ProductVariant/46393518293287;AN02300-10;10;1400.0;gid://shopify/Product/8582666191143;Anel Tropical De Prata Com Ródio Negro;1;13;2;AN02300
gid://shopify/ProductVariant/46393518326055;gid://shopify/ProductVariant/46393518326055;AN02300-11;11;1400.0;gid://shopify/Product/8582666191143;Anel Tropical De Prata Com Ródio Negro;1;13;2;AN02300
gid://shopify/ProductVariant/46393518391591;gid://shopify/ProductVariant/46393518391591;AN02300-13;13;1400.0;gid://shopify/Product/8582666191143;Anel Tropical De Prata Com Ródio Negro;1;13;2;AN02300
gid://shopify/ProductVariant/46393518424359;gid://shopify/ProductVariant/46393518424359;AN02300-14;14;1400.0;gid://shopify/Product/8582666191143;Anel Tropical De Prata Com Ródio Negro;1;13;2;AN02300
gid://shopify/ProductVariant/46393518457127;gid://shopify/ProductVariant/46393518457127;AN02300-15;15;1400.0;gid://shopify/Product/8582666191143;Anel Tropical De Prata Com Ródio Negro;1;13;2;AN02300
gid://shopify/ProductVariant/46393518489895;gid://shopify/ProductVariant/46393518489895;AN02300-16;16;1400.0;gid://shopify/Product/8582666191143;Anel Tropical De Prata Com Ródio Negro;1;13;2;AN02300
gid://shopify/ProductVariant/46393518522663;gid://shopify/ProductVariant/46393518522663;AN02300-17;17;1400.0;gid://shopify/Product/8582666191143;Anel Tropical De Prata Com Ródio Negro;1;13;2;AN02300
gid://shopify/ProductVariant/46393518555431;gid://shopify/ProductVariant/46393518555431;AN02300-18;18;1400.0;gid://shopify/Product/8582666191143;Anel Tropical De Prata Com Ródio Negro;1;13;2;AN02300
gid://shopify/ProductVariant/46393518588199;gid://shopify/ProductVariant/46393518588199;AN02300-19;19;1400.0;gid://shopify/Product/8582666191143;Anel Tropical De Prata Com Ródio Negro;1;13;2;AN02300
gid://shopify/ProductVariant/46393518620967;gid://shopify/ProductVariant/46393518620967;AN02300-20;20;1400.0;gid://shopify/Product/8582666191143;Anel Tropical De Prata Com Ródio Negro;1;13;2;AN02300
gid://shopify/ProductVariant/46393518653735;gid://shopify/ProductVariant/46393518653735;AN02300-21;21;1400.0;gid://shopify/Product/8582666191143;Anel Tropical De Prata Com Ródio Negro;1;13;2;AN02300
gid://shopify/ProductVariant/46393518686503;gid://shopify/ProductVariant/46393518686503;AN02300-22;22;1400.0;gid://shopify/Product/8582666191143;Anel Tropical De Prata Com Ródio Negro;1;13;2;AN02300
gid://shopify/ProductVariant/46393518719271;gid://shopify/ProductVariant/46393518719271;AN01724-10;10;7200.0;gid://shopify/Product/8582666223911;Anel Universo De Ouro Branco 18K Com Ródio Negro E Esmeralda;69;13;2;AN01724
gid://shopify/ProductVariant/46393518752039;gid://shopify/ProductVariant/46393518752039;AN01724-11;11;7200.0;gid://shopify/Product/8582666223911;Anel Universo De Ouro Branco 18K Com Ródio Negro E Esmeralda;69;13;2;AN01724
gid://shopify/ProductVariant/46393518784807;gid://shopify/ProductVariant/46393518784807;AN01724-12;12;7200.0;gid://shopify/Product/8582666223911;Anel Universo De Ouro Branco 18K Com Ródio Negro E Esmeralda;69;13;2;AN01724
gid://shopify/ProductVariant/46393518817575;gid://shopify/ProductVariant/46393518817575;AN01724-13;13;7200.0;gid://shopify/Product/8582666223911;Anel Universo De Ouro Branco 18K Com Ródio Negro E Esmeralda;69;13;2;AN01724
gid://shopify/ProductVariant/46393518850343;gid://shopify/ProductVariant/46393518850343;AN01724-14;14;7200.0;gid://shopify/Product/8582666223911;Anel Universo De Ouro Branco 18K Com Ródio Negro E Esmeralda;69;13;2;AN01724
gid://shopify/ProductVariant/46393518883111;gid://shopify/ProductVariant/46393518883111;AN01724-15;15;7200.0;gid://shopify/Product/8582666223911;Anel Universo De Ouro Branco 18K Com Ródio Negro E Esmeralda;69;13;2;AN01724
gid://shopify/ProductVariant/46393518915879;gid://shopify/ProductVariant/46393518915879;AN01724-16;16;7200.0;gid://shopify/Product/8582666223911;Anel Universo De Ouro Branco 18K Com Ródio Negro E Esmeralda;69;13;2;AN01724
gid://shopify/ProductVariant/46393519014183;gid://shopify/ProductVariant/46393519014183;AN01724-19;19;7200.0;gid://shopify/Product/8582666223911;Anel Universo De Ouro Branco 18K Com Ródio Negro E Esmeralda;69;13;2;AN01724
gid://shopify/ProductVariant/46393519046951;gid://shopify/ProductVariant/46393519046951;AN01724-20;20;7200.0;gid://shopify/Product/8582666223911;Anel Universo De Ouro Branco 18K Com Ródio Negro E Esmeralda;69;13;2;AN01724
gid://shopify/ProductVariant/46393519079719;gid://shopify/ProductVariant/46393519079719;AN01724-21;21;7200.0;gid://shopify/Product/8582666223911;Anel Universo De Ouro Branco 18K Com Ródio Negro E Esmeralda;69;13;2;AN01724
gid://shopify/ProductVariant/46393519112487;gid://shopify/ProductVariant/46393519112487;AN01724-22;22;7200.0;gid://shopify/Product/8582666223911;Anel Universo De Ouro Branco 18K Com Ródio Negro E Esmeralda;69;13;2;AN01724
gid://shopify/ProductVariant/46393519178023;gid://shopify/ProductVariant/46393519178023;AN01748-10;10;6200.0;gid://shopify/Product/8582666322215;Anel Universo De Ouro Branco 18K Com Ródio Negro E Rubi;66;13;2;AN01748
gid://shopify/ProductVariant/46393519210791;gid://shopify/ProductVariant/46393519210791;AN01748-11;11;6200.0;gid://shopify/Product/8582666322215;Anel Universo De Ouro Branco 18K Com Ródio Negro E Rubi;66;13;2;AN01748
gid://shopify/ProductVariant/46393519243559;gid://shopify/ProductVariant/46393519243559;AN01748-12;12;6200.0;gid://shopify/Product/8582666322215;Anel Universo De Ouro Branco 18K Com Ródio Negro E Rubi;66;13;2;AN01748
gid://shopify/ProductVariant/46393519276327;gid://shopify/ProductVariant/46393519276327;AN01748-13;13;6200.0;gid://shopify/Product/8582666322215;Anel Universo De Ouro Branco 18K Com Ródio Negro E Rubi;66;13;2;AN01748
gid://shopify/ProductVariant/46393519309095;gid://shopify/ProductVariant/46393519309095;AN01748-14;14;6200.0;gid://shopify/Product/8582666322215;Anel Universo De Ouro Branco 18K Com Ródio Negro E Rubi;66;13;2;AN01748
gid://shopify/ProductVariant/46393519341863;gid://shopify/ProductVariant/46393519341863;AN01748-15;15;6200.0;gid://shopify/Product/8582666322215;Anel Universo De Ouro Branco 18K Com Ródio Negro E Rubi;66;13;2;AN01748
gid://shopify/ProductVariant/46393519374631;gid://shopify/ProductVariant/46393519374631;AN01748-16;16;6200.0;gid://shopify/Product/8582666322215;Anel Universo De Ouro Branco 18K Com Ródio Negro E Rubi;66;13;2;AN01748
gid://shopify/ProductVariant/46393519440167;gid://shopify/ProductVariant/46393519440167;AN01748-17;17;6200.0;gid://shopify/Product/8582666322215;Anel Universo De Ouro Branco 18K Com Ródio Negro E Rubi;66;13;2;AN01748
gid://shopify/ProductVariant/46393519505703;gid://shopify/ProductVariant/46393519505703;AN01748-19;19;6200.0;gid://shopify/Product/8582666322215;Anel Universo De Ouro Branco 18K Com Ródio Negro E Rubi;66;13;2;AN01748
gid://shopify/ProductVariant/46393519538471;gid://shopify/ProductVariant/46393519538471;AN01748-20;20;6200.0;gid://shopify/Product/8582666322215;Anel Universo De Ouro Branco 18K Com Ródio Negro E Rubi;66;13;2;AN01748
gid://shopify/ProductVariant/46393519571239;gid://shopify/ProductVariant/46393519571239;AN01748-21;21;6200.0;gid://shopify/Product/8582666322215;Anel Universo De Ouro Branco 18K Com Ródio Negro E Rubi;66;13;2;AN01748
gid://shopify/ProductVariant/46393519604007;gid://shopify/ProductVariant/46393519604007;AN01748-22;22;6200.0;gid://shopify/Product/8582666322215;Anel Universo De Ouro Branco 18K Com Ródio Negro E Rubi;66;13;2;AN01748
gid://shopify/ProductVariant/46393519800615;gid://shopify/ProductVariant/46393519800615;AN01749-10;10;6200.0;gid://shopify/Product/8582666453287;Anel Universo De Ouro Branco 18K Com Ródio Negro E Safira;68;13;2;AN01749
gid://shopify/ProductVariant/46393519833383;gid://shopify/ProductVariant/46393519833383;AN01749-11;11;6200.0;gid://shopify/Product/8582666453287;Anel Universo De Ouro Branco 18K Com Ródio Negro E Safira;68;13;2;AN01749
gid://shopify/ProductVariant/46393519866151;gid://shopify/ProductVariant/46393519866151;AN01749-12;12;6200.0;gid://shopify/Product/8582666453287;Anel Universo De Ouro Branco 18K Com Ródio Negro E Safira;68;13;2;AN01749
gid://shopify/ProductVariant/46393519931687;gid://shopify/ProductVariant/46393519931687;AN01749-14;14;6200.0;gid://shopify/Product/8582666453287;Anel Universo De Ouro Branco 18K Com Ródio Negro E Safira;68;13;2;AN01749
gid://shopify/ProductVariant/46393519964455;gid://shopify/ProductVariant/46393519964455;AN01749-15;15;6200.0;gid://shopify/Product/8582666453287;Anel Universo De Ouro Branco 18K Com Ródio Negro E Safira;68;13;2;AN01749
gid://shopify/ProductVariant/46393519997223;gid://shopify/ProductVariant/46393519997223;AN01749-16;16;6200.0;gid://shopify/Product/8582666453287;Anel Universo De Ouro Branco 18K Com Ródio Negro E Safira;68;13;2;AN01749
gid://shopify/ProductVariant/46393520095527;gid://shopify/ProductVariant/46393520095527;AN01749-19;19;6200.0;gid://shopify/Product/8582666453287;Anel Universo De Ouro Branco 18K Com Ródio Negro E Safira;68;13;2;AN01749
gid://shopify/ProductVariant/46393520128295;gid://shopify/ProductVariant/46393520128295;AN01749-20;20;6200.0;gid://shopify/Product/8582666453287;Anel Universo De Ouro Branco 18K Com Ródio Negro E Safira;68;13;2;AN01749
gid://shopify/ProductVariant/46393520161063;gid://shopify/ProductVariant/46393520161063;AN01749-21;21;6200.0;gid://shopify/Product/8582666453287;Anel Universo De Ouro Branco 18K Com Ródio Negro E Safira;68;13;2;AN01749
gid://shopify/ProductVariant/46393520193831;gid://shopify/ProductVariant/46393520193831;AN01749-22;22;6200.0;gid://shopify/Product/8582666453287;Anel Universo De Ouro Branco 18K Com Ródio Negro E Safira;68;13;2;AN01749
gid://shopify/ProductVariant/46393520423207;gid://shopify/ProductVariant/46393520423207;AN01865-10;10;7500.0;gid://shopify/Product/8582666649895;Anel Universo De Ouro Branco 18K Com Ródio Negro E Diamante Negro;67;13;2;AN01865
gid://shopify/ProductVariant/46393520455975;gid://shopify/ProductVariant/46393520455975;AN01865-11;11;7500.0;gid://shopify/Product/8582666649895;Anel Universo De Ouro Branco 18K Com Ródio Negro E Diamante Negro;67;13;2;AN01865
gid://shopify/ProductVariant/46393520488743;gid://shopify/ProductVariant/46393520488743;AN01865-12;12;7500.0;gid://shopify/Product/8582666649895;Anel Universo De Ouro Branco 18K Com Ródio Negro E Diamante Negro;67;13;2;AN01865
gid://shopify/ProductVariant/46393520521511;gid://shopify/ProductVariant/46393520521511;AN01865-13;13;7500.0;gid://shopify/Product/8582666649895;Anel Universo De Ouro Branco 18K Com Ródio Negro E Diamante Negro;67;13;2;AN01865
gid://shopify/ProductVariant/46393520587047;gid://shopify/ProductVariant/46393520587047;AN01865-15;15;7500.0;gid://shopify/Product/8582666649895;Anel Universo De Ouro Branco 18K Com Ródio Negro E Diamante Negro;67;13;2;AN01865
gid://shopify/ProductVariant/46393520652583;gid://shopify/ProductVariant/46393520652583;AN01865-17;17;7500.0;gid://shopify/Product/8582666649895;Anel Universo De Ouro Branco 18K Com Ródio Negro E Diamante Negro;67;13;2;AN01865
gid://shopify/ProductVariant/46393520685351;gid://shopify/ProductVariant/46393520685351;AN01865-18;18;7500.0;gid://shopify/Product/8582666649895;Anel Universo De Ouro Branco 18K Com Ródio Negro E Diamante Negro;67;13;2;AN01865
gid://shopify/ProductVariant/46393520718119;gid://shopify/ProductVariant/46393520718119;AN01865-19;19;7500.0;gid://shopify/Product/8582666649895;Anel Universo De Ouro Branco 18K Com Ródio Negro E Diamante Negro;67;13;2;AN01865
gid://shopify/ProductVariant/46393520750887;gid://shopify/ProductVariant/46393520750887;AN01865-20;20;7500.0;gid://shopify/Product/8582666649895;Anel Universo De Ouro Branco 18K Com Ródio Negro E Diamante Negro;67;13;2;AN01865
gid://shopify/ProductVariant/46393520783655;gid://shopify/ProductVariant/46393520783655;AN01865-21;21;7500.0;gid://shopify/Product/8582666649895;Anel Universo De Ouro Branco 18K Com Ródio Negro E Diamante Negro;67;13;2;AN01865
gid://shopify/ProductVariant/46393520816423;gid://shopify/ProductVariant/46393520816423;AN01865-22;22;7500.0;gid://shopify/Product/8582666649895;Anel Universo De Ouro Branco 18K Com Ródio Negro E Diamante Negro;67;13;2;AN01865
gid://shopify/ProductVariant/46393521013031;gid://shopify/ProductVariant/46393521013031;AN02038-10;10;13500.0;gid://shopify/Product/8582666846503;Anel Universo De Ouro Branco 18K Com Ródio Negro E Diamante;67;13;2;AN02038
gid://shopify/ProductVariant/46393521045799;gid://shopify/ProductVariant/46393521045799;AN02038-11;11;13500.0;gid://shopify/Product/8582666846503;Anel Universo De Ouro Branco 18K Com Ródio Negro E Diamante;67;13;2;AN02038
gid://shopify/ProductVariant/46393521078567;gid://shopify/ProductVariant/46393521078567;AN02038-12;12;13500.0;gid://shopify/Product/8582666846503;Anel Universo De Ouro Branco 18K Com Ródio Negro E Diamante;67;13;2;AN02038
gid://shopify/ProductVariant/46393521144103;gid://shopify/ProductVariant/46393521144103;AN02038-13;13;13500.0;gid://shopify/Product/8582666846503;Anel Universo De Ouro Branco 18K Com Ródio Negro E Diamante;67;13;2;AN02038
gid://shopify/ProductVariant/46393521176871;gid://shopify/ProductVariant/46393521176871;AN02038-14;14;13500.0;gid://shopify/Product/8582666846503;Anel Universo De Ouro Branco 18K Com Ródio Negro E Diamante;67;13;2;AN02038
gid://shopify/ProductVariant/46393521242407;gid://shopify/ProductVariant/46393521242407;AN02038-16;16;13500.0;gid://shopify/Product/8582666846503;Anel Universo De Ouro Branco 18K Com Ródio Negro E Diamante;67;13;2;AN02038
gid://shopify/ProductVariant/46393521275175;gid://shopify/ProductVariant/46393521275175;AN02038-17;17;13500.0;gid://shopify/Product/8582666846503;Anel Universo De Ouro Branco 18K Com Ródio Negro E Diamante;67;13;2;AN02038
gid://shopify/ProductVariant/46393521307943;gid://shopify/ProductVariant/46393521307943;AN02038-18;18;13500.0;gid://shopify/Product/8582666846503;Anel Universo De Ouro Branco 18K Com Ródio Negro E Diamante;67;13;2;AN02038
gid://shopify/ProductVariant/46393521340711;gid://shopify/ProductVariant/46393521340711;AN02038-19;19;13500.0;gid://shopify/Product/8582666846503;Anel Universo De Ouro Branco 18K Com Ródio Negro E Diamante;67;13;2;AN02038
gid://shopify/ProductVariant/46393521373479;gid://shopify/ProductVariant/46393521373479;AN02038-20;20;13500.0;gid://shopify/Product/8582666846503;Anel Universo De Ouro Branco 18K Com Ródio Negro E Diamante;67;13;2;AN02038
gid://shopify/ProductVariant/46393521406247;gid://shopify/ProductVariant/46393521406247;AN02038-21;21;13500.0;gid://shopify/Product/8582666846503;Anel Universo De Ouro Branco 18K Com Ródio Negro E Diamante;67;13;2;AN02038
gid://shopify/ProductVariant/46393521439015;gid://shopify/ProductVariant/46393521439015;AN02038-22;22;13500.0;gid://shopify/Product/8582666846503;Anel Universo De Ouro Branco 18K Com Ródio Negro E Diamante;67;13;2;AN02038
gid://shopify/ProductVariant/46393521537319;gid://shopify/ProductVariant/46393521537319;AN03573-10;10;89000.0;gid://shopify/Product/8582666977575;Anel Vita Eterna De Ouro Amarelo E Branco 18K E Diamante E Esmeralda;1;13;2;AN03573
gid://shopify/ProductVariant/46393521570087;gid://shopify/ProductVariant/46393521570087;AN03573-11;11;89000.0;gid://shopify/Product/8582666977575;Anel Vita Eterna De Ouro Amarelo E Branco 18K E Diamante E Esmeralda;1;13;2;AN03573
gid://shopify/ProductVariant/46393521602855;gid://shopify/ProductVariant/46393521602855;AN03573-12;12;89000.0;gid://shopify/Product/8582666977575;Anel Vita Eterna De Ouro Amarelo E Branco 18K E Diamante E Esmeralda;1;13;2;AN03573
gid://shopify/ProductVariant/46393521635623;gid://shopify/ProductVariant/46393521635623;AN03573-13;13;89000.0;gid://shopify/Product/8582666977575;Anel Vita Eterna De Ouro Amarelo E Branco 18K E Diamante E Esmeralda;1;13;2;AN03573
gid://shopify/ProductVariant/46393521668391;gid://shopify/ProductVariant/46393521668391;AN03573-14;14;89000.0;gid://shopify/Product/8582666977575;Anel Vita Eterna De Ouro Amarelo E Branco 18K E Diamante E Esmeralda;1;13;2;AN03573
gid://shopify/ProductVariant/46393521701159;gid://shopify/ProductVariant/46393521701159;AN03573-15;15;89000.0;gid://shopify/Product/8582666977575;Anel Vita Eterna De Ouro Amarelo E Branco 18K E Diamante E Esmeralda;1;13;2;AN03573
gid://shopify/ProductVariant/46393521733927;gid://shopify/ProductVariant/46393521733927;AN03573-16;16;89000.0;gid://shopify/Product/8582666977575;Anel Vita Eterna De Ouro Amarelo E Branco 18K E Diamante E Esmeralda;1;13;2;AN03573
gid://shopify/ProductVariant/46393521799463;gid://shopify/ProductVariant/46393521799463;AN03573-18;18;89000.0;gid://shopify/Product/8582666977575;Anel Vita Eterna De Ouro Amarelo E Branco 18K E Diamante E Esmeralda;1;13;2;AN03573
gid://shopify/ProductVariant/46393521832231;gid://shopify/ProductVariant/46393521832231;AN03573-19;19;89000.0;gid://shopify/Product/8582666977575;Anel Vita Eterna De Ouro Amarelo E Branco 18K E Diamante E Esmeralda;1;13;2;AN03573
gid://shopify/ProductVariant/46393521864999;gid://shopify/ProductVariant/46393521864999;AN03573-20;20;89000.0;gid://shopify/Product/8582666977575;Anel Vita Eterna De Ouro Amarelo E Branco 18K E Diamante E Esmeralda;1;13;2;AN03573
gid://shopify/ProductVariant/46393521897767;gid://shopify/ProductVariant/46393521897767;AN03573-21;21;89000.0;gid://shopify/Product/8582666977575;Anel Vita Eterna De Ouro Amarelo E Branco 18K E Diamante E Esmeralda;1;13;2;AN03573
gid://shopify/ProductVariant/46393521930535;gid://shopify/ProductVariant/46393521930535;AN03573-22;22;89000.0;gid://shopify/Product/8582666977575;Anel Vita Eterna De Ouro Amarelo E Branco 18K E Diamante E Esmeralda;1;13;2;AN03573
gid://shopify/ProductVariant/46393521963303;gid://shopify/ProductVariant/46393521963303;AN03175-10;10;1100.0;gid://shopify/Product/8582667010343;Anel Whitechain De Prata Com Ouro Branco;7;13;2;AN03175
gid://shopify/ProductVariant/46393521996071;gid://shopify/ProductVariant/46393521996071;AN03175-11;11;1100.0;gid://shopify/Product/8582667010343;Anel Whitechain De Prata Com Ouro Branco;7;13;2;AN03175
gid://shopify/ProductVariant/46393522028839;gid://shopify/ProductVariant/46393522028839;AN03175-12;12;1100.0;gid://shopify/Product/8582667010343;Anel Whitechain De Prata Com Ouro Branco;7;13;2;AN03175
gid://shopify/ProductVariant/46393522061607;gid://shopify/ProductVariant/46393522061607;AN03175-13;13;1100.0;gid://shopify/Product/8582667010343;Anel Whitechain De Prata Com Ouro Branco;7;13;2;AN03175
gid://shopify/ProductVariant/46393522094375;gid://shopify/ProductVariant/46393522094375;AN03175-14;14;1100.0;gid://shopify/Product/8582667010343;Anel Whitechain De Prata Com Ouro Branco;7;13;2;AN03175
gid://shopify/ProductVariant/46393522127143;gid://shopify/ProductVariant/46393522127143;AN03175-15;15;1100.0;gid://shopify/Product/8582667010343;Anel Whitechain De Prata Com Ouro Branco;7;13;2;AN03175
gid://shopify/ProductVariant/46393522159911;gid://shopify/ProductVariant/46393522159911;AN03175-16;16;1100.0;gid://shopify/Product/8582667010343;Anel Whitechain De Prata Com Ouro Branco;7;13;2;AN03175
gid://shopify/ProductVariant/46393522225447;gid://shopify/ProductVariant/46393522225447;AN03175-18;18;1100.0;gid://shopify/Product/8582667010343;Anel Whitechain De Prata Com Ouro Branco;7;13;2;AN03175
gid://shopify/ProductVariant/46393522258215;gid://shopify/ProductVariant/46393522258215;AN03175-19;19;1100.0;gid://shopify/Product/8582667010343;Anel Whitechain De Prata Com Ouro Branco;7;13;2;AN03175
gid://shopify/ProductVariant/46393522290983;gid://shopify/ProductVariant/46393522290983;AN03175-20;20;1100.0;gid://shopify/Product/8582667010343;Anel Whitechain De Prata Com Ouro Branco;7;13;2;AN03175
gid://shopify/ProductVariant/46393523274023;gid://shopify/ProductVariant/46393523274023;AN03537-10;10;20000.0;gid://shopify/Product/8582667108647;Anel Celebrate De Ouro Branco 18K E Diamante E Safira;1;13;0;AN03537
gid://shopify/ProductVariant/46393523306791;gid://shopify/ProductVariant/46393523306791;AN03537-11;11;20000.0;gid://shopify/Product/8582667108647;Anel Celebrate De Ouro Branco 18K E Diamante E Safira;1;13;0;AN03537
gid://shopify/ProductVariant/46393523372327;gid://shopify/ProductVariant/46393523372327;AN03537-13;13;20000.0;gid://shopify/Product/8582667108647;Anel Celebrate De Ouro Branco 18K E Diamante E Safira;1;13;0;AN03537
gid://shopify/ProductVariant/46393523405095;gid://shopify/ProductVariant/46393523405095;AN03537-14;14;20000.0;gid://shopify/Product/8582667108647;Anel Celebrate De Ouro Branco 18K E Diamante E Safira;1;13;0;AN03537
gid://shopify/ProductVariant/46393523437863;gid://shopify/ProductVariant/46393523437863;AN03537-15;15;20000.0;gid://shopify/Product/8582667108647;Anel Celebrate De Ouro Branco 18K E Diamante E Safira;1;13;0;AN03537
gid://shopify/ProductVariant/46393523470631;gid://shopify/ProductVariant/46393523470631;AN03537-16;16;20000.0;gid://shopify/Product/8582667108647;Anel Celebrate De Ouro Branco 18K E Diamante E Safira;1;13;0;AN03537
gid://shopify/ProductVariant/46393523503399;gid://shopify/ProductVariant/46393523503399;AN03537-17;17;20000.0;gid://shopify/Product/8582667108647;Anel Celebrate De Ouro Branco 18K E Diamante E Safira;1;13;0;AN03537
gid://shopify/ProductVariant/46393523536167;gid://shopify/ProductVariant/46393523536167;AN03537-18;18;20000.0;gid://shopify/Product/8582667108647;Anel Celebrate De Ouro Branco 18K E Diamante E Safira;1;13;0;AN03537
gid://shopify/ProductVariant/46393523568935;gid://shopify/ProductVariant/46393523568935;AN03537-19;19;20000.0;gid://shopify/Product/8582667108647;Anel Celebrate De Ouro Branco 18K E Diamante E Safira;1;13;0;AN03537
gid://shopify/ProductVariant/46393523601703;gid://shopify/ProductVariant/46393523601703;AN03537-20;20;20000.0;gid://shopify/Product/8582667108647;Anel Celebrate De Ouro Branco 18K E Diamante E Safira;1;13;0;AN03537
gid://shopify/ProductVariant/46393523634471;gid://shopify/ProductVariant/46393523634471;AN03537-21;21;20000.0;gid://shopify/Product/8582667108647;Anel Celebrate De Ouro Branco 18K E Diamante E Safira;1;13;0;AN03537
gid://shopify/ProductVariant/46393523667239;gid://shopify/ProductVariant/46393523667239;AN03537-22;22;20000.0;gid://shopify/Product/8582667108647;Anel Celebrate De Ouro Branco 18K E Diamante E Safira;1;13;0;AN03537
gid://shopify/ProductVariant/46393523798311;gid://shopify/ProductVariant/46393523798311;AN03215-10;10;220900.0;gid://shopify/Product/8582667174183;Anel Deco 2019 De Ouro Branco 18K E Diamante E Esmeralda;1;13;0;AN03215
gid://shopify/ProductVariant/46393523831079;gid://shopify/ProductVariant/46393523831079;AN03215-11;11;220900.0;gid://shopify/Product/8582667174183;Anel Deco 2019 De Ouro Branco 18K E Diamante E Esmeralda;1;13;0;AN03215
gid://shopify/ProductVariant/46393523863847;gid://shopify/ProductVariant/46393523863847;AN03215-12;12;220900.0;gid://shopify/Product/8582667174183;Anel Deco 2019 De Ouro Branco 18K E Diamante E Esmeralda;1;13;0;AN03215
gid://shopify/ProductVariant/46393523896615;gid://shopify/ProductVariant/46393523896615;AN03215-13;13;220900.0;gid://shopify/Product/8582667174183;Anel Deco 2019 De Ouro Branco 18K E Diamante E Esmeralda;1;13;0;AN03215
gid://shopify/ProductVariant/46393523929383;gid://shopify/ProductVariant/46393523929383;AN03215-14;14;220900.0;gid://shopify/Product/8582667174183;Anel Deco 2019 De Ouro Branco 18K E Diamante E Esmeralda;1;13;0;AN03215
gid://shopify/ProductVariant/46393523962151;gid://shopify/ProductVariant/46393523962151;AN03215-15;15;220900.0;gid://shopify/Product/8582667174183;Anel Deco 2019 De Ouro Branco 18K E Diamante E Esmeralda;1;13;0;AN03215
gid://shopify/ProductVariant/46393524027687;gid://shopify/ProductVariant/46393524027687;AN03215-17;17;220900.0;gid://shopify/Product/8582667174183;Anel Deco 2019 De Ouro Branco 18K E Diamante E Esmeralda;1;13;0;AN03215
gid://shopify/ProductVariant/46393524060455;gid://shopify/ProductVariant/46393524060455;AN03215-18;18;220900.0;gid://shopify/Product/8582667174183;Anel Deco 2019 De Ouro Branco 18K E Diamante E Esmeralda;1;13;0;AN03215
gid://shopify/ProductVariant/46393524093223;gid://shopify/ProductVariant/46393524093223;AN03215-19;19;220900.0;gid://shopify/Product/8582667174183;Anel Deco 2019 De Ouro Branco 18K E Diamante E Esmeralda;1;13;0;AN03215
gid://shopify/ProductVariant/46393524125991;gid://shopify/ProductVariant/46393524125991;AN03215-20;20;220900.0;gid://shopify/Product/8582667174183;Anel Deco 2019 De Ouro Branco 18K E Diamante E Esmeralda;1;13;0;AN03215
gid://shopify/ProductVariant/46393524158759;gid://shopify/ProductVariant/46393524158759;AN03215-21;21;220900.0;gid://shopify/Product/8582667174183;Anel Deco 2019 De Ouro Branco 18K E Diamante E Esmeralda;1;13;0;AN03215
gid://shopify/ProductVariant/46393524191527;gid://shopify/ProductVariant/46393524191527;AN03215-22;22;220900.0;gid://shopify/Product/8582667174183;Anel Deco 2019 De Ouro Branco 18K E Diamante E Esmeralda;1;13;0;AN03215
gid://shopify/ProductVariant/46393527206183;gid://shopify/ProductVariant/46393527206183;AN02785-10;10;12500.0;gid://shopify/Product/8582667436327;Anel Especial De Ouro Branco 18K E Diamante Negro;1;13;1;AN02785
gid://shopify/ProductVariant/46393527238951;gid://shopify/ProductVariant/46393527238951;AN02785-11;11;12500.0;gid://shopify/Product/8582667436327;Anel Especial De Ouro Branco 18K E Diamante Negro;1;13;1;AN02785
gid://shopify/ProductVariant/46393527271719;gid://shopify/ProductVariant/46393527271719;AN02785-12;12;12500.0;gid://shopify/Product/8582667436327;Anel Especial De Ouro Branco 18K E Diamante Negro;1;13;1;AN02785
gid://shopify/ProductVariant/46393527304487;gid://shopify/ProductVariant/46393527304487;AN02785-13;13;12500.0;gid://shopify/Product/8582667436327;Anel Especial De Ouro Branco 18K E Diamante Negro;1;13;1;AN02785
gid://shopify/ProductVariant/46393527337255;gid://shopify/ProductVariant/46393527337255;AN02785-14;14;12500.0;gid://shopify/Product/8582667436327;Anel Especial De Ouro Branco 18K E Diamante Negro;1;13;1;AN02785
gid://shopify/ProductVariant/46393527370023;gid://shopify/ProductVariant/46393527370023;AN02785-15;15;12500.0;gid://shopify/Product/8582667436327;Anel Especial De Ouro Branco 18K E Diamante Negro;1;13;1;AN02785
gid://shopify/ProductVariant/46393527402791;gid://shopify/ProductVariant/46393527402791;AN02785-16;16;12500.0;gid://shopify/Product/8582667436327;Anel Especial De Ouro Branco 18K E Diamante Negro;1;13;1;AN02785
gid://shopify/ProductVariant/46393527435559;gid://shopify/ProductVariant/46393527435559;AN02785-17;17;12500.0;gid://shopify/Product/8582667436327;Anel Especial De Ouro Branco 18K E Diamante Negro;1;13;1;AN02785
gid://shopify/ProductVariant/46393527501095;gid://shopify/ProductVariant/46393527501095;AN02785-19;19;12500.0;gid://shopify/Product/8582667436327;Anel Especial De Ouro Branco 18K E Diamante Negro;1;13;1;AN02785
gid://shopify/ProductVariant/46393527533863;gid://shopify/ProductVariant/46393527533863;AN02785-20;20;12500.0;gid://shopify/Product/8582667436327;Anel Especial De Ouro Branco 18K E Diamante Negro;1;13;1;AN02785
gid://shopify/ProductVariant/46393527566631;gid://shopify/ProductVariant/46393527566631;AN02785-21;21;12500.0;gid://shopify/Product/8582667436327;Anel Especial De Ouro Branco 18K E Diamante Negro;1;13;1;AN02785
gid://shopify/ProductVariant/46393527599399;gid://shopify/ProductVariant/46393527599399;AN02785-22;22;12500.0;gid://shopify/Product/8582667436327;Anel Especial De Ouro Branco 18K E Diamante Negro;1;13;1;AN02785
gid://shopify/ProductVariant/46393528615207;gid://shopify/ProductVariant/46393528615207;AN02948-10;10;17500.0;gid://shopify/Product/8582667567399;Anel Especial De Ouro Branco 18K E Diamante Negro;0;13;1;AN02948
gid://shopify/ProductVariant/46393528647975;gid://shopify/ProductVariant/46393528647975;AN02948-11;11;17500.0;gid://shopify/Product/8582667567399;Anel Especial De Ouro Branco 18K E Diamante Negro;0;13;1;AN02948
gid://shopify/ProductVariant/46393528680743;gid://shopify/ProductVariant/46393528680743;AN02948-12;12;17500.0;gid://shopify/Product/8582667567399;Anel Especial De Ouro Branco 18K E Diamante Negro;0;13;1;AN02948
gid://shopify/ProductVariant/46393528713511;gid://shopify/ProductVariant/46393528713511;AN02948-13;13;17500.0;gid://shopify/Product/8582667567399;Anel Especial De Ouro Branco 18K E Diamante Negro;0;13;1;AN02948
gid://shopify/ProductVariant/46393528746279;gid://shopify/ProductVariant/46393528746279;AN02948-14;14;17500.0;gid://shopify/Product/8582667567399;Anel Especial De Ouro Branco 18K E Diamante Negro;0;13;1;AN02948
gid://shopify/ProductVariant/46393528779047;gid://shopify/ProductVariant/46393528779047;AN02948-15;15;17500.0;gid://shopify/Product/8582667567399;Anel Especial De Ouro Branco 18K E Diamante Negro;0;13;1;AN02948
gid://shopify/ProductVariant/46393528811815;gid://shopify/ProductVariant/46393528811815;AN02948-16;16;17500.0;gid://shopify/Product/8582667567399;Anel Especial De Ouro Branco 18K E Diamante Negro;0;13;1;AN02948
gid://shopify/ProductVariant/46393528844583;gid://shopify/ProductVariant/46393528844583;AN02948-17;17;17500.0;gid://shopify/Product/8582667567399;Anel Especial De Ouro Branco 18K E Diamante Negro;0;13;1;AN02948
gid://shopify/ProductVariant/46393528877351;gid://shopify/ProductVariant/46393528877351;AN02948-18;18;17500.0;gid://shopify/Product/8582667567399;Anel Especial De Ouro Branco 18K E Diamante Negro;0;13;1;AN02948
gid://shopify/ProductVariant/46393528910119;gid://shopify/ProductVariant/46393528910119;AN02948-19;19;17500.0;gid://shopify/Product/8582667567399;Anel Especial De Ouro Branco 18K E Diamante Negro;0;13;1;AN02948
gid://shopify/ProductVariant/46393528942887;gid://shopify/ProductVariant/46393528942887;AN02948-20;20;17500.0;gid://shopify/Product/8582667567399;Anel Especial De Ouro Branco 18K E Diamante Negro;0;13;1;AN02948
gid://shopify/ProductVariant/46393528975655;gid://shopify/ProductVariant/46393528975655;AN02948-21;21;17500.0;gid://shopify/Product/8582667567399;Anel Especial De Ouro Branco 18K E Diamante Negro;0;13;1;AN02948
gid://shopify/ProductVariant/46393529008423;gid://shopify/ProductVariant/46393529008423;AN02948-22;22;17500.0;gid://shopify/Product/8582667567399;Anel Especial De Ouro Branco 18K E Diamante Negro;0;13;1;AN02948
gid://shopify/ProductVariant/46393529106727;gid://shopify/ProductVariant/46393529106727;AN03090-10;10;12500.0;gid://shopify/Product/8582667632935;Anel Especial De Ouro Branco 18K E Diamante Negro;1;13;1;AN03090
gid://shopify/ProductVariant/46393529139495;gid://shopify/ProductVariant/46393529139495;AN03090-11;11;12500.0;gid://shopify/Product/8582667632935;Anel Especial De Ouro Branco 18K E Diamante Negro;1;13;1;AN03090
gid://shopify/ProductVariant/46393529172263;gid://shopify/ProductVariant/46393529172263;AN03090-12;12;12500.0;gid://shopify/Product/8582667632935;Anel Especial De Ouro Branco 18K E Diamante Negro;1;13;1;AN03090
gid://shopify/ProductVariant/46393529205031;gid://shopify/ProductVariant/46393529205031;AN03090-13;13;12500.0;gid://shopify/Product/8582667632935;Anel Especial De Ouro Branco 18K E Diamante Negro;1;13;1;AN03090
gid://shopify/ProductVariant/46393529237799;gid://shopify/ProductVariant/46393529237799;AN03090-14;14;12500.0;gid://shopify/Product/8582667632935;Anel Especial De Ouro Branco 18K E Diamante Negro;1;13;1;AN03090
gid://shopify/ProductVariant/46393529270567;gid://shopify/ProductVariant/46393529270567;AN03090-15;15;12500.0;gid://shopify/Product/8582667632935;Anel Especial De Ouro Branco 18K E Diamante Negro;1;13;1;AN03090
gid://shopify/ProductVariant/46393529303335;gid://shopify/ProductVariant/46393529303335;AN03090-16;16;12500.0;gid://shopify/Product/8582667632935;Anel Especial De Ouro Branco 18K E Diamante Negro;1;13;1;AN03090
gid://shopify/ProductVariant/46393529336103;gid://shopify/ProductVariant/46393529336103;AN03090-17;17;12500.0;gid://shopify/Product/8582667632935;Anel Especial De Ouro Branco 18K E Diamante Negro;1;13;1;AN03090
gid://shopify/ProductVariant/46393529401639;gid://shopify/ProductVariant/46393529401639;AN03090-19;19;12500.0;gid://shopify/Product/8582667632935;Anel Especial De Ouro Branco 18K E Diamante Negro;1;13;1;AN03090
gid://shopify/ProductVariant/46393529434407;gid://shopify/ProductVariant/46393529434407;AN03090-20;20;12500.0;gid://shopify/Product/8582667632935;Anel Especial De Ouro Branco 18K E Diamante Negro;1;13;1;AN03090
gid://shopify/ProductVariant/46393529467175;gid://shopify/ProductVariant/46393529467175;AN03090-21;21;12500.0;gid://shopify/Product/8582667632935;Anel Especial De Ouro Branco 18K E Diamante Negro;1;13;1;AN03090
gid://shopify/ProductVariant/46393529499943;gid://shopify/ProductVariant/46393529499943;AN03090-22;22;12500.0;gid://shopify/Product/8582667632935;Anel Especial De Ouro Branco 18K E Diamante Negro;1;13;1;AN03090
gid://shopify/ProductVariant/46393537691943;gid://shopify/ProductVariant/46393537691943;AN02817-10;10;17000.0;gid://shopify/Product/8582668353831;Anel Maes 2013 De Ouro Branco 18K E Diamante Negro;1;13;1;AN02817
gid://shopify/ProductVariant/46393537724711;gid://shopify/ProductVariant/46393537724711;AN02817-11;11;17000.0;gid://shopify/Product/8582668353831;Anel Maes 2013 De Ouro Branco 18K E Diamante Negro;1;13;1;AN02817
gid://shopify/ProductVariant/46393537757479;gid://shopify/ProductVariant/46393537757479;AN02817-12;12;17000.0;gid://shopify/Product/8582668353831;Anel Maes 2013 De Ouro Branco 18K E Diamante Negro;1;13;1;AN02817
gid://shopify/ProductVariant/46393537790247;gid://shopify/ProductVariant/46393537790247;AN02817-13;13;17000.0;gid://shopify/Product/8582668353831;Anel Maes 2013 De Ouro Branco 18K E Diamante Negro;1;13;1;AN02817
gid://shopify/ProductVariant/46393537823015;gid://shopify/ProductVariant/46393537823015;AN02817-14;14;17000.0;gid://shopify/Product/8582668353831;Anel Maes 2013 De Ouro Branco 18K E Diamante Negro;1;13;1;AN02817
gid://shopify/ProductVariant/46393537888551;gid://shopify/ProductVariant/46393537888551;AN02817-16;16;17000.0;gid://shopify/Product/8582668353831;Anel Maes 2013 De Ouro Branco 18K E Diamante Negro;1;13;1;AN02817
gid://shopify/ProductVariant/46393537921319;gid://shopify/ProductVariant/46393537921319;AN02817-17;17;17000.0;gid://shopify/Product/8582668353831;Anel Maes 2013 De Ouro Branco 18K E Diamante Negro;1;13;1;AN02817
gid://shopify/ProductVariant/46393537954087;gid://shopify/ProductVariant/46393537954087;AN02817-18;18;17000.0;gid://shopify/Product/8582668353831;Anel Maes 2013 De Ouro Branco 18K E Diamante Negro;1;13;1;AN02817
gid://shopify/ProductVariant/46393537986855;gid://shopify/ProductVariant/46393537986855;AN02817-19;19;17000.0;gid://shopify/Product/8582668353831;Anel Maes 2013 De Ouro Branco 18K E Diamante Negro;1;13;1;AN02817
gid://shopify/ProductVariant/46393538019623;gid://shopify/ProductVariant/46393538019623;AN02817-20;20;17000.0;gid://shopify/Product/8582668353831;Anel Maes 2013 De Ouro Branco 18K E Diamante Negro;1;13;1;AN02817
gid://shopify/ProductVariant/46393538052391;gid://shopify/ProductVariant/46393538052391;AN02817-21;21;17000.0;gid://shopify/Product/8582668353831;Anel Maes 2013 De Ouro Branco 18K E Diamante Negro;1;13;1;AN02817
gid://shopify/ProductVariant/46393538085159;gid://shopify/ProductVariant/46393538085159;AN02817-22;22;17000.0;gid://shopify/Product/8582668353831;Anel Maes 2013 De Ouro Branco 18K E Diamante Negro;1;13;1;AN02817
gid://shopify/ProductVariant/46393538117927;gid://shopify/ProductVariant/46393538117927;AN02859-10;10;72000.0;gid://shopify/Product/8582668386599;Anel Maes 2013 De Ouro Amarelo 18K E Diamante Fancy;1;13;0;AN02859
gid://shopify/ProductVariant/46393538150695;gid://shopify/ProductVariant/46393538150695;AN02859-11;11;72000.0;gid://shopify/Product/8582668386599;Anel Maes 2013 De Ouro Amarelo 18K E Diamante Fancy;1;13;0;AN02859
gid://shopify/ProductVariant/46393538183463;gid://shopify/ProductVariant/46393538183463;AN02859-12;12;72000.0;gid://shopify/Product/8582668386599;Anel Maes 2013 De Ouro Amarelo 18K E Diamante Fancy;1;13;0;AN02859
gid://shopify/ProductVariant/46393538216231;gid://shopify/ProductVariant/46393538216231;AN02859-13;13;72000.0;gid://shopify/Product/8582668386599;Anel Maes 2013 De Ouro Amarelo 18K E Diamante Fancy;1;13;0;AN02859
gid://shopify/ProductVariant/46393538248999;gid://shopify/ProductVariant/46393538248999;AN02859-14;14;72000.0;gid://shopify/Product/8582668386599;Anel Maes 2013 De Ouro Amarelo 18K E Diamante Fancy;1;13;0;AN02859
gid://shopify/ProductVariant/46393538281767;gid://shopify/ProductVariant/46393538281767;AN02859-15;15;72000.0;gid://shopify/Product/8582668386599;Anel Maes 2013 De Ouro Amarelo 18K E Diamante Fancy;1;13;0;AN02859
gid://shopify/ProductVariant/46393538347303;gid://shopify/ProductVariant/46393538347303;AN02859-17;17;72000.0;gid://shopify/Product/8582668386599;Anel Maes 2013 De Ouro Amarelo 18K E Diamante Fancy;1;13;0;AN02859
gid://shopify/ProductVariant/46393538380071;gid://shopify/ProductVariant/46393538380071;AN02859-18;18;72000.0;gid://shopify/Product/8582668386599;Anel Maes 2013 De Ouro Amarelo 18K E Diamante Fancy;1;13;0;AN02859
gid://shopify/ProductVariant/46393538412839;gid://shopify/ProductVariant/46393538412839;AN02859-19;19;72000.0;gid://shopify/Product/8582668386599;Anel Maes 2013 De Ouro Amarelo 18K E Diamante Fancy;1;13;0;AN02859
gid://shopify/ProductVariant/46393538445607;gid://shopify/ProductVariant/46393538445607;AN02859-20;20;72000.0;gid://shopify/Product/8582668386599;Anel Maes 2013 De Ouro Amarelo 18K E Diamante Fancy;1;13;0;AN02859
gid://shopify/ProductVariant/46393538478375;gid://shopify/ProductVariant/46393538478375;AN02859-21;21;72000.0;gid://shopify/Product/8582668386599;Anel Maes 2013 De Ouro Amarelo 18K E Diamante Fancy;1;13;0;AN02859
gid://shopify/ProductVariant/46393538511143;gid://shopify/ProductVariant/46393538511143;AN02859-22;22;72000.0;gid://shopify/Product/8582668386599;Anel Maes 2013 De Ouro Amarelo 18K E Diamante Fancy;1;13;0;AN02859
gid://shopify/ProductVariant/46393541263655;gid://shopify/ProductVariant/46393541263655;AN03318-10;10;11200.0;gid://shopify/Product/8582668714279;Anel Maes 2013 De Ouro Branco 18K E Diamante E Rubi;1;13;0;AN03318
gid://shopify/ProductVariant/46393541296423;gid://shopify/ProductVariant/46393541296423;AN03318-11;11;11200.0;gid://shopify/Product/8582668714279;Anel Maes 2013 De Ouro Branco 18K E Diamante E Rubi;1;13;0;AN03318
gid://shopify/ProductVariant/46393541329191;gid://shopify/ProductVariant/46393541329191;AN03318-12;12;11200.0;gid://shopify/Product/8582668714279;Anel Maes 2013 De Ouro Branco 18K E Diamante E Rubi;1;13;0;AN03318
gid://shopify/ProductVariant/46393541361959;gid://shopify/ProductVariant/46393541361959;AN03318-13;13;11200.0;gid://shopify/Product/8582668714279;Anel Maes 2013 De Ouro Branco 18K E Diamante E Rubi;1;13;0;AN03318
gid://shopify/ProductVariant/46393541394727;gid://shopify/ProductVariant/46393541394727;AN03318-14;14;11200.0;gid://shopify/Product/8582668714279;Anel Maes 2013 De Ouro Branco 18K E Diamante E Rubi;1;13;0;AN03318
gid://shopify/ProductVariant/46393541460263;gid://shopify/ProductVariant/46393541460263;AN03318-16;16;11200.0;gid://shopify/Product/8582668714279;Anel Maes 2013 De Ouro Branco 18K E Diamante E Rubi;1;13;0;AN03318
gid://shopify/ProductVariant/46393541493031;gid://shopify/ProductVariant/46393541493031;AN03318-17;17;11200.0;gid://shopify/Product/8582668714279;Anel Maes 2013 De Ouro Branco 18K E Diamante E Rubi;1;13;0;AN03318
gid://shopify/ProductVariant/46393541525799;gid://shopify/ProductVariant/46393541525799;AN03318-18;18;11200.0;gid://shopify/Product/8582668714279;Anel Maes 2013 De Ouro Branco 18K E Diamante E Rubi;1;13;0;AN03318
gid://shopify/ProductVariant/46393541558567;gid://shopify/ProductVariant/46393541558567;AN03318-19;19;11200.0;gid://shopify/Product/8582668714279;Anel Maes 2013 De Ouro Branco 18K E Diamante E Rubi;1;13;0;AN03318
gid://shopify/ProductVariant/46393541591335;gid://shopify/ProductVariant/46393541591335;AN03318-20;20;11200.0;gid://shopify/Product/8582668714279;Anel Maes 2013 De Ouro Branco 18K E Diamante E Rubi;1;13;0;AN03318
gid://shopify/ProductVariant/46393541624103;gid://shopify/ProductVariant/46393541624103;AN03318-21;21;11200.0;gid://shopify/Product/8582668714279;Anel Maes 2013 De Ouro Branco 18K E Diamante E Rubi;1;13;0;AN03318
gid://shopify/ProductVariant/46393541656871;gid://shopify/ProductVariant/46393541656871;AN03318-22;22;11200.0;gid://shopify/Product/8582668714279;Anel Maes 2013 De Ouro Branco 18K E Diamante E Rubi;1;13;0;AN03318
gid://shopify/ProductVariant/46393542213927;gid://shopify/ProductVariant/46393542213927;AN03321-10;10;11200.0;gid://shopify/Product/8582668812583;Anel Maes 2013 De Ouro Branco 18K E Diamante E Rubi;1;13;0;AN03321
gid://shopify/ProductVariant/46393542246695;gid://shopify/ProductVariant/46393542246695;AN03321-11;11;11200.0;gid://shopify/Product/8582668812583;Anel Maes 2013 De Ouro Branco 18K E Diamante E Rubi;1;13;0;AN03321
gid://shopify/ProductVariant/46393542279463;gid://shopify/ProductVariant/46393542279463;AN03321-12;12;11200.0;gid://shopify/Product/8582668812583;Anel Maes 2013 De Ouro Branco 18K E Diamante E Rubi;1;13;0;AN03321
gid://shopify/ProductVariant/46393542312231;gid://shopify/ProductVariant/46393542312231;AN03321-13;13;11200.0;gid://shopify/Product/8582668812583;Anel Maes 2013 De Ouro Branco 18K E Diamante E Rubi;1;13;0;AN03321
gid://shopify/ProductVariant/46393542344999;gid://shopify/ProductVariant/46393542344999;AN03321-14;14;11200.0;gid://shopify/Product/8582668812583;Anel Maes 2013 De Ouro Branco 18K E Diamante E Rubi;1;13;0;AN03321
gid://shopify/ProductVariant/46393542410535;gid://shopify/ProductVariant/46393542410535;AN03321-16;16;11200.0;gid://shopify/Product/8582668812583;Anel Maes 2013 De Ouro Branco 18K E Diamante E Rubi;1;13;0;AN03321
gid://shopify/ProductVariant/46393542443303;gid://shopify/ProductVariant/46393542443303;AN03321-17;17;11200.0;gid://shopify/Product/8582668812583;Anel Maes 2013 De Ouro Branco 18K E Diamante E Rubi;1;13;0;AN03321
gid://shopify/ProductVariant/46393542476071;gid://shopify/ProductVariant/46393542476071;AN03321-18;18;11200.0;gid://shopify/Product/8582668812583;Anel Maes 2013 De Ouro Branco 18K E Diamante E Rubi;1;13;0;AN03321
gid://shopify/ProductVariant/46393542508839;gid://shopify/ProductVariant/46393542508839;AN03321-19;19;11200.0;gid://shopify/Product/8582668812583;Anel Maes 2013 De Ouro Branco 18K E Diamante E Rubi;1;13;0;AN03321
gid://shopify/ProductVariant/46393542541607;gid://shopify/ProductVariant/46393542541607;AN03321-20;20;11200.0;gid://shopify/Product/8582668812583;Anel Maes 2013 De Ouro Branco 18K E Diamante E Rubi;1;13;0;AN03321
gid://shopify/ProductVariant/46393542574375;gid://shopify/ProductVariant/46393542574375;AN03321-21;21;11200.0;gid://shopify/Product/8582668812583;Anel Maes 2013 De Ouro Branco 18K E Diamante E Rubi;1;13;0;AN03321
gid://shopify/ProductVariant/46393542607143;gid://shopify/ProductVariant/46393542607143;AN03321-22;22;11200.0;gid://shopify/Product/8582668812583;Anel Maes 2013 De Ouro Branco 18K E Diamante E Rubi;1;13;0;AN03321
gid://shopify/ProductVariant/46393547522343;gid://shopify/ProductVariant/46393547522343;AN03430-10;10;20500.0;gid://shopify/Product/8582669140263;Anel Rock Star De Ouro Branco 18K E Kunzita E Diamante;1;13;0;AN03430
gid://shopify/ProductVariant/46393547555111;gid://shopify/ProductVariant/46393547555111;AN03430-11;11;20500.0;gid://shopify/Product/8582669140263;Anel Rock Star De Ouro Branco 18K E Kunzita E Diamante;1;13;0;AN03430
gid://shopify/ProductVariant/46393547587879;gid://shopify/ProductVariant/46393547587879;AN03430-12;12;20500.0;gid://shopify/Product/8582669140263;Anel Rock Star De Ouro Branco 18K E Kunzita E Diamante;1;13;0;AN03430
gid://shopify/ProductVariant/46393547620647;gid://shopify/ProductVariant/46393547620647;AN03430-13;13;20500.0;gid://shopify/Product/8582669140263;Anel Rock Star De Ouro Branco 18K E Kunzita E Diamante;1;13;0;AN03430
gid://shopify/ProductVariant/46393547653415;gid://shopify/ProductVariant/46393547653415;AN03430-14;14;20500.0;gid://shopify/Product/8582669140263;Anel Rock Star De Ouro Branco 18K E Kunzita E Diamante;1;13;0;AN03430
gid://shopify/ProductVariant/46393547686183;gid://shopify/ProductVariant/46393547686183;AN03430-15;15;20500.0;gid://shopify/Product/8582669140263;Anel Rock Star De Ouro Branco 18K E Kunzita E Diamante;1;13;0;AN03430
gid://shopify/ProductVariant/46393547751719;gid://shopify/ProductVariant/46393547751719;AN03430-17;17;20500.0;gid://shopify/Product/8582669140263;Anel Rock Star De Ouro Branco 18K E Kunzita E Diamante;1;13;0;AN03430
gid://shopify/ProductVariant/46393547784487;gid://shopify/ProductVariant/46393547784487;AN03430-18;18;20500.0;gid://shopify/Product/8582669140263;Anel Rock Star De Ouro Branco 18K E Kunzita E Diamante;1;13;0;AN03430
gid://shopify/ProductVariant/46393547817255;gid://shopify/ProductVariant/46393547817255;AN03430-19;19;20500.0;gid://shopify/Product/8582669140263;Anel Rock Star De Ouro Branco 18K E Kunzita E Diamante;1;13;0;AN03430
gid://shopify/ProductVariant/46393547850023;gid://shopify/ProductVariant/46393547850023;AN03430-20;20;20500.0;gid://shopify/Product/8582669140263;Anel Rock Star De Ouro Branco 18K E Kunzita E Diamante;1;13;0;AN03430
gid://shopify/ProductVariant/46393547882791;gid://shopify/ProductVariant/46393547882791;AN03430-21;21;20500.0;gid://shopify/Product/8582669140263;Anel Rock Star De Ouro Branco 18K E Kunzita E Diamante;1;13;0;AN03430
gid://shopify/ProductVariant/46393547915559;gid://shopify/ProductVariant/46393547915559;AN03430-22;22;20500.0;gid://shopify/Product/8582669140263;Anel Rock Star De Ouro Branco 18K E Kunzita E Diamante;1;13;0;AN03430
gid://shopify/ProductVariant/46393548407079;gid://shopify/ProductVariant/46393548407079;AN03453-10;10;19400.0;gid://shopify/Product/8582669238567;Anel Rock Star De Ouro Branco 18K E Ametista E Diamante;0;13;0;AN03453
gid://shopify/ProductVariant/46393548439847;gid://shopify/ProductVariant/46393548439847;AN03453-11;11;19400.0;gid://shopify/Product/8582669238567;Anel Rock Star De Ouro Branco 18K E Ametista E Diamante;0;13;0;AN03453
gid://shopify/ProductVariant/46393548472615;gid://shopify/ProductVariant/46393548472615;AN03453-12;12;19400.0;gid://shopify/Product/8582669238567;Anel Rock Star De Ouro Branco 18K E Ametista E Diamante;0;13;0;AN03453
gid://shopify/ProductVariant/46393548505383;gid://shopify/ProductVariant/46393548505383;AN03453-13;13;19400.0;gid://shopify/Product/8582669238567;Anel Rock Star De Ouro Branco 18K E Ametista E Diamante;0;13;0;AN03453
gid://shopify/ProductVariant/46393548538151;gid://shopify/ProductVariant/46393548538151;AN03453-14;14;19400.0;gid://shopify/Product/8582669238567;Anel Rock Star De Ouro Branco 18K E Ametista E Diamante;0;13;0;AN03453
gid://shopify/ProductVariant/46393548570919;gid://shopify/ProductVariant/46393548570919;AN03453-15;15;19400.0;gid://shopify/Product/8582669238567;Anel Rock Star De Ouro Branco 18K E Ametista E Diamante;0;13;0;AN03453
gid://shopify/ProductVariant/46393548603687;gid://shopify/ProductVariant/46393548603687;AN03453-16;16;19400.0;gid://shopify/Product/8582669238567;Anel Rock Star De Ouro Branco 18K E Ametista E Diamante;0;13;0;AN03453
gid://shopify/ProductVariant/46393548636455;gid://shopify/ProductVariant/46393548636455;AN03453-17;17;19400.0;gid://shopify/Product/8582669238567;Anel Rock Star De Ouro Branco 18K E Ametista E Diamante;0;13;0;AN03453
gid://shopify/ProductVariant/46393548669223;gid://shopify/ProductVariant/46393548669223;AN03453-18;18;19400.0;gid://shopify/Product/8582669238567;Anel Rock Star De Ouro Branco 18K E Ametista E Diamante;0;13;0;AN03453
gid://shopify/ProductVariant/46393548701991;gid://shopify/ProductVariant/46393548701991;AN03453-19;19;19400.0;gid://shopify/Product/8582669238567;Anel Rock Star De Ouro Branco 18K E Ametista E Diamante;0;13;0;AN03453
gid://shopify/ProductVariant/46393548734759;gid://shopify/ProductVariant/46393548734759;AN03453-20;20;19400.0;gid://shopify/Product/8582669238567;Anel Rock Star De Ouro Branco 18K E Ametista E Diamante;0;13;0;AN03453
gid://shopify/ProductVariant/46393548767527;gid://shopify/ProductVariant/46393548767527;AN03453-21;21;19400.0;gid://shopify/Product/8582669238567;Anel Rock Star De Ouro Branco 18K E Ametista E Diamante;0;13;0;AN03453
gid://shopify/ProductVariant/46393548800295;gid://shopify/ProductVariant/46393548800295;AN03453-22;22;19400.0;gid://shopify/Product/8582669238567;Anel Rock Star De Ouro Branco 18K E Ametista E Diamante;0;13;0;AN03453
gid://shopify/ProductVariant/46393549259047;gid://shopify/ProductVariant/46393549259047;AN03472-10;10;17500.0;gid://shopify/Product/8582669304103;Anel Rock Star De Ouro Branco 18K E Topázio E Diamante;1;13;0;AN03472
gid://shopify/ProductVariant/46393549291815;gid://shopify/ProductVariant/46393549291815;AN03472-11;11;17500.0;gid://shopify/Product/8582669304103;Anel Rock Star De Ouro Branco 18K E Topázio E Diamante;1;13;0;AN03472
gid://shopify/ProductVariant/46393549324583;gid://shopify/ProductVariant/46393549324583;AN03472-12;12;17500.0;gid://shopify/Product/8582669304103;Anel Rock Star De Ouro Branco 18K E Topázio E Diamante;1;13;0;AN03472
gid://shopify/ProductVariant/46393549357351;gid://shopify/ProductVariant/46393549357351;AN03472-13;13;17500.0;gid://shopify/Product/8582669304103;Anel Rock Star De Ouro Branco 18K E Topázio E Diamante;1;13;0;AN03472
gid://shopify/ProductVariant/46393549390119;gid://shopify/ProductVariant/46393549390119;AN03472-14;14;17500.0;gid://shopify/Product/8582669304103;Anel Rock Star De Ouro Branco 18K E Topázio E Diamante;1;13;0;AN03472
gid://shopify/ProductVariant/46393549422887;gid://shopify/ProductVariant/46393549422887;AN03472-15;15;17500.0;gid://shopify/Product/8582669304103;Anel Rock Star De Ouro Branco 18K E Topázio E Diamante;1;13;0;AN03472
gid://shopify/ProductVariant/46393549455655;gid://shopify/ProductVariant/46393549455655;AN03472-16;16;17500.0;gid://shopify/Product/8582669304103;Anel Rock Star De Ouro Branco 18K E Topázio E Diamante;1;13;0;AN03472
gid://shopify/ProductVariant/46393549488423;gid://shopify/ProductVariant/46393549488423;AN03472-17;17;17500.0;gid://shopify/Product/8582669304103;Anel Rock Star De Ouro Branco 18K E Topázio E Diamante;1;13;0;AN03472
gid://shopify/ProductVariant/46393549553959;gid://shopify/ProductVariant/46393549553959;AN03472-19;19;17500.0;gid://shopify/Product/8582669304103;Anel Rock Star De Ouro Branco 18K E Topázio E Diamante;1;13;0;AN03472
gid://shopify/ProductVariant/46393549586727;gid://shopify/ProductVariant/46393549586727;AN03472-20;20;17500.0;gid://shopify/Product/8582669304103;Anel Rock Star De Ouro Branco 18K E Topázio E Diamante;1;13;0;AN03472
gid://shopify/ProductVariant/46393549619495;gid://shopify/ProductVariant/46393549619495;AN03472-21;21;17500.0;gid://shopify/Product/8582669304103;Anel Rock Star De Ouro Branco 18K E Topázio E Diamante;1;13;0;AN03472
gid://shopify/ProductVariant/46393549652263;gid://shopify/ProductVariant/46393549652263;AN03472-22;22;17500.0;gid://shopify/Product/8582669304103;Anel Rock Star De Ouro Branco 18K E Topázio E Diamante;1;13;0;AN03472
gid://shopify/ProductVariant/46393550143783;gid://shopify/ProductVariant/46393550143783;AN03496-10;10;26000.0;gid://shopify/Product/8582669435175;Anel Rock Star De Ouro Branco 18K E Kunzita E Diamante;0;13;0;AN03496
gid://shopify/ProductVariant/46393550176551;gid://shopify/ProductVariant/46393550176551;AN03496-11;11;26000.0;gid://shopify/Product/8582669435175;Anel Rock Star De Ouro Branco 18K E Kunzita E Diamante;0;13;0;AN03496
gid://shopify/ProductVariant/46393550209319;gid://shopify/ProductVariant/46393550209319;AN03496-12;12;26000.0;gid://shopify/Product/8582669435175;Anel Rock Star De Ouro Branco 18K E Kunzita E Diamante;0;13;0;AN03496
gid://shopify/ProductVariant/46393550242087;gid://shopify/ProductVariant/46393550242087;AN03496-13;13;26000.0;gid://shopify/Product/8582669435175;Anel Rock Star De Ouro Branco 18K E Kunzita E Diamante;0;13;0;AN03496
gid://shopify/ProductVariant/46393550274855;gid://shopify/ProductVariant/46393550274855;AN03496-14;14;26000.0;gid://shopify/Product/8582669435175;Anel Rock Star De Ouro Branco 18K E Kunzita E Diamante;0;13;0;AN03496
gid://shopify/ProductVariant/46393550307623;gid://shopify/ProductVariant/46393550307623;AN03496-15;15;26000.0;gid://shopify/Product/8582669435175;Anel Rock Star De Ouro Branco 18K E Kunzita E Diamante;0;13;0;AN03496
gid://shopify/ProductVariant/46393550340391;gid://shopify/ProductVariant/46393550340391;AN03496-16;16;26000.0;gid://shopify/Product/8582669435175;Anel Rock Star De Ouro Branco 18K E Kunzita E Diamante;0;13;0;AN03496
gid://shopify/ProductVariant/46393550373159;gid://shopify/ProductVariant/46393550373159;AN03496-17;17;26000.0;gid://shopify/Product/8582669435175;Anel Rock Star De Ouro Branco 18K E Kunzita E Diamante;0;13;0;AN03496
gid://shopify/ProductVariant/46393550405927;gid://shopify/ProductVariant/46393550405927;AN03496-18;18;26000.0;gid://shopify/Product/8582669435175;Anel Rock Star De Ouro Branco 18K E Kunzita E Diamante;0;13;0;AN03496
gid://shopify/ProductVariant/46393550438695;gid://shopify/ProductVariant/46393550438695;AN03496-19;19;26000.0;gid://shopify/Product/8582669435175;Anel Rock Star De Ouro Branco 18K E Kunzita E Diamante;0;13;0;AN03496
gid://shopify/ProductVariant/46393550471463;gid://shopify/ProductVariant/46393550471463;AN03496-20;20;26000.0;gid://shopify/Product/8582669435175;Anel Rock Star De Ouro Branco 18K E Kunzita E Diamante;0;13;0;AN03496
gid://shopify/ProductVariant/46393550504231;gid://shopify/ProductVariant/46393550504231;AN03496-21;21;26000.0;gid://shopify/Product/8582669435175;Anel Rock Star De Ouro Branco 18K E Kunzita E Diamante;0;13;0;AN03496
gid://shopify/ProductVariant/46393550536999;gid://shopify/ProductVariant/46393550536999;AN03496-22;22;26000.0;gid://shopify/Product/8582669435175;Anel Rock Star De Ouro Branco 18K E Kunzita E Diamante;0;13;0;AN03496
gid://shopify/ProductVariant/46393550569767;gid://shopify/ProductVariant/46393550569767;AN03497-10;10;22900.0;gid://shopify/Product/8582669631783;Anel Rock Star De Ouro Branco 18K E Kunzita E Diamante;0;13;1;AN03497
gid://shopify/ProductVariant/46393550602535;gid://shopify/ProductVariant/46393550602535;AN03497-11;11;22900.0;gid://shopify/Product/8582669631783;Anel Rock Star De Ouro Branco 18K E Kunzita E Diamante;0;13;1;AN03497
gid://shopify/ProductVariant/46393550635303;gid://shopify/ProductVariant/46393550635303;AN03497-12;12;22900.0;gid://shopify/Product/8582669631783;Anel Rock Star De Ouro Branco 18K E Kunzita E Diamante;0;13;1;AN03497
gid://shopify/ProductVariant/46393550668071;gid://shopify/ProductVariant/46393550668071;AN03497-13;13;22900.0;gid://shopify/Product/8582669631783;Anel Rock Star De Ouro Branco 18K E Kunzita E Diamante;0;13;1;AN03497
gid://shopify/ProductVariant/46393550700839;gid://shopify/ProductVariant/46393550700839;AN03497-14;14;22900.0;gid://shopify/Product/8582669631783;Anel Rock Star De Ouro Branco 18K E Kunzita E Diamante;0;13;1;AN03497
gid://shopify/ProductVariant/46393550733607;gid://shopify/ProductVariant/46393550733607;AN03497-15;15;22900.0;gid://shopify/Product/8582669631783;Anel Rock Star De Ouro Branco 18K E Kunzita E Diamante;0;13;1;AN03497
gid://shopify/ProductVariant/46393550766375;gid://shopify/ProductVariant/46393550766375;AN03497-16;16;22900.0;gid://shopify/Product/8582669631783;Anel Rock Star De Ouro Branco 18K E Kunzita E Diamante;0;13;1;AN03497
gid://shopify/ProductVariant/46393550799143;gid://shopify/ProductVariant/46393550799143;AN03497-17;17;22900.0;gid://shopify/Product/8582669631783;Anel Rock Star De Ouro Branco 18K E Kunzita E Diamante;0;13;1;AN03497
gid://shopify/ProductVariant/46393550831911;gid://shopify/ProductVariant/46393550831911;AN03497-18;18;22900.0;gid://shopify/Product/8582669631783;Anel Rock Star De Ouro Branco 18K E Kunzita E Diamante;0;13;1;AN03497
gid://shopify/ProductVariant/46393550864679;gid://shopify/ProductVariant/46393550864679;AN03497-19;19;22900.0;gid://shopify/Product/8582669631783;Anel Rock Star De Ouro Branco 18K E Kunzita E Diamante;0;13;1;AN03497
gid://shopify/ProductVariant/46393550897447;gid://shopify/ProductVariant/46393550897447;AN03497-20;20;22900.0;gid://shopify/Product/8582669631783;Anel Rock Star De Ouro Branco 18K E Kunzita E Diamante;0;13;1;AN03497
gid://shopify/ProductVariant/46393550930215;gid://shopify/ProductVariant/46393550930215;AN03497-21;21;22900.0;gid://shopify/Product/8582669631783;Anel Rock Star De Ouro Branco 18K E Kunzita E Diamante;0;13;1;AN03497
gid://shopify/ProductVariant/46393550962983;gid://shopify/ProductVariant/46393550962983;AN03497-22;22;22900.0;gid://shopify/Product/8582669631783;Anel Rock Star De Ouro Branco 18K E Kunzita E Diamante;0;13;1;AN03497
gid://shopify/ProductVariant/46393551880487;gid://shopify/ProductVariant/46393551880487;AN03515-10;10;20000.0;gid://shopify/Product/8582669762855;Anel Rock Star De Ouro Branco 18K E Topázio E Diamante;1;13;0;AN03515
gid://shopify/ProductVariant/46393551913255;gid://shopify/ProductVariant/46393551913255;AN03515-11;11;20000.0;gid://shopify/Product/8582669762855;Anel Rock Star De Ouro Branco 18K E Topázio E Diamante;1;13;0;AN03515
gid://shopify/ProductVariant/46393551946023;gid://shopify/ProductVariant/46393551946023;AN03515-12;12;20000.0;gid://shopify/Product/8582669762855;Anel Rock Star De Ouro Branco 18K E Topázio E Diamante;1;13;0;AN03515
gid://shopify/ProductVariant/46393551978791;gid://shopify/ProductVariant/46393551978791;AN03515-13;13;20000.0;gid://shopify/Product/8582669762855;Anel Rock Star De Ouro Branco 18K E Topázio E Diamante;1;13;0;AN03515
gid://shopify/ProductVariant/46393552011559;gid://shopify/ProductVariant/46393552011559;AN03515-14;14;20000.0;gid://shopify/Product/8582669762855;Anel Rock Star De Ouro Branco 18K E Topázio E Diamante;1;13;0;AN03515
gid://shopify/ProductVariant/46393552044327;gid://shopify/ProductVariant/46393552044327;AN03515-15;15;20000.0;gid://shopify/Product/8582669762855;Anel Rock Star De Ouro Branco 18K E Topázio E Diamante;1;13;0;AN03515
gid://shopify/ProductVariant/46393552077095;gid://shopify/ProductVariant/46393552077095;AN03515-16;16;20000.0;gid://shopify/Product/8582669762855;Anel Rock Star De Ouro Branco 18K E Topázio E Diamante;1;13;0;AN03515
gid://shopify/ProductVariant/46393552142631;gid://shopify/ProductVariant/46393552142631;AN03515-18;18;20000.0;gid://shopify/Product/8582669762855;Anel Rock Star De Ouro Branco 18K E Topázio E Diamante;1;13;0;AN03515
gid://shopify/ProductVariant/46393552175399;gid://shopify/ProductVariant/46393552175399;AN03515-19;19;20000.0;gid://shopify/Product/8582669762855;Anel Rock Star De Ouro Branco 18K E Topázio E Diamante;1;13;0;AN03515
gid://shopify/ProductVariant/46393552208167;gid://shopify/ProductVariant/46393552208167;AN03515-20;20;20000.0;gid://shopify/Product/8582669762855;Anel Rock Star De Ouro Branco 18K E Topázio E Diamante;1;13;0;AN03515
gid://shopify/ProductVariant/46393552240935;gid://shopify/ProductVariant/46393552240935;AN03515-21;21;20000.0;gid://shopify/Product/8582669762855;Anel Rock Star De Ouro Branco 18K E Topázio E Diamante;1;13;0;AN03515
gid://shopify/ProductVariant/46393552273703;gid://shopify/ProductVariant/46393552273703;AN03515-22;22;20000.0;gid://shopify/Product/8582669762855;Anel Rock Star De Ouro Branco 18K E Topázio E Diamante;1;13;0;AN03515
gid://shopify/ProductVariant/46393555321127;gid://shopify/ProductVariant/46393555321127;AN03546-10;10;17200.0;gid://shopify/Product/8582669926695;Anel Rock Star De Ouro Branco 18K E Topázio E Diamante;0;13;0;AN03546
gid://shopify/ProductVariant/46393555353895;gid://shopify/ProductVariant/46393555353895;AN03546-11;11;17200.0;gid://shopify/Product/8582669926695;Anel Rock Star De Ouro Branco 18K E Topázio E Diamante;0;13;0;AN03546
gid://shopify/ProductVariant/46393555386663;gid://shopify/ProductVariant/46393555386663;AN03546-12;12;17200.0;gid://shopify/Product/8582669926695;Anel Rock Star De Ouro Branco 18K E Topázio E Diamante;0;13;0;AN03546
gid://shopify/ProductVariant/46393555419431;gid://shopify/ProductVariant/46393555419431;AN03546-13;13;17200.0;gid://shopify/Product/8582669926695;Anel Rock Star De Ouro Branco 18K E Topázio E Diamante;0;13;0;AN03546
gid://shopify/ProductVariant/46393555452199;gid://shopify/ProductVariant/46393555452199;AN03546-14;14;17200.0;gid://shopify/Product/8582669926695;Anel Rock Star De Ouro Branco 18K E Topázio E Diamante;0;13;0;AN03546
gid://shopify/ProductVariant/46393555484967;gid://shopify/ProductVariant/46393555484967;AN03546-15;15;17200.0;gid://shopify/Product/8582669926695;Anel Rock Star De Ouro Branco 18K E Topázio E Diamante;0;13;0;AN03546
gid://shopify/ProductVariant/46393555517735;gid://shopify/ProductVariant/46393555517735;AN03546-16;16;17200.0;gid://shopify/Product/8582669926695;Anel Rock Star De Ouro Branco 18K E Topázio E Diamante;0;13;0;AN03546
gid://shopify/ProductVariant/46393555550503;gid://shopify/ProductVariant/46393555550503;AN03546-17;17;17200.0;gid://shopify/Product/8582669926695;Anel Rock Star De Ouro Branco 18K E Topázio E Diamante;0;13;0;AN03546
gid://shopify/ProductVariant/46393555583271;gid://shopify/ProductVariant/46393555583271;AN03546-18;18;17200.0;gid://shopify/Product/8582669926695;Anel Rock Star De Ouro Branco 18K E Topázio E Diamante;0;13;0;AN03546
gid://shopify/ProductVariant/46393555616039;gid://shopify/ProductVariant/46393555616039;AN03546-19;19;17200.0;gid://shopify/Product/8582669926695;Anel Rock Star De Ouro Branco 18K E Topázio E Diamante;0;13;0;AN03546
gid://shopify/ProductVariant/46393555648807;gid://shopify/ProductVariant/46393555648807;AN03546-20;20;17200.0;gid://shopify/Product/8582669926695;Anel Rock Star De Ouro Branco 18K E Topázio E Diamante;0;13;0;AN03546
gid://shopify/ProductVariant/46393555681575;gid://shopify/ProductVariant/46393555681575;AN03546-21;21;17200.0;gid://shopify/Product/8582669926695;Anel Rock Star De Ouro Branco 18K E Topázio E Diamante;0;13;0;AN03546
gid://shopify/ProductVariant/46393555714343;gid://shopify/ProductVariant/46393555714343;AN03546-22;22;17200.0;gid://shopify/Product/8582669926695;Anel Rock Star De Ouro Branco 18K E Topázio E Diamante;0;13;0;AN03546
gid://shopify/ProductVariant/46445192118567;gid://shopify/ProductVariant/46445192118567;PU01988T;M;19500.0;gid://shopify/Product/8577782022439;Pulseira Rock Star De Ouro Branco 18K Com Ródio Negro E Esmeralda;15;3;2;PU01988T
gid://shopify/ProductVariant/46445192184103;gid://shopify/ProductVariant/46445192184103;PU02004T;G;19500.0;gid://shopify/Product/8577782022439;Pulseira Rock Star De Ouro Branco 18K Com Ródio Negro E Esmeralda;15;3;2;PU02004T
gid://shopify/ProductVariant/46445220823335;gid://shopify/ProductVariant/46445220823335;PU01990T;M;18500.0;gid://shopify/Product/8577782972711;Pulseira Rock Star De Ouro Branco 18K Com Ródio Negro E Rubi;15;3;2;PU01990T
gid://shopify/ProductVariant/46445220856103;gid://shopify/ProductVariant/46445220856103;PU03423T;G;18500.0;gid://shopify/Product/8577782972711;Pulseira Rock Star De Ouro Branco 18K Com Ródio Negro E Rubi;15;3;2;PU03423T
gid://shopify/ProductVariant/46445647659303;gid://shopify/ProductVariant/46445647659303;PU01993T;M;18500.0;gid://shopify/Product/8577781530919;Pulseira Rock Star De Ouro Branco 18K Com Ródio Negro E Safira;15;3;2;PU01993T
gid://shopify/ProductVariant/46445647692071;gid://shopify/ProductVariant/46445647692071;PU02002T;G;19500.0;gid://shopify/Product/8577781530919;Pulseira Rock Star De Ouro Branco 18K Com Ródio Negro E Safira;15;3;2;PU02002T
gid://shopify/ProductVariant/46445688946983;gid://shopify/ProductVariant/46445688946983;PU01989T;M;29500.0;gid://shopify/Product/8577784316199;Pulseira Rock Star De Ouro Branco 18K E Diamante;15;3;2;PU01989T
gid://shopify/ProductVariant/46445688979751;gid://shopify/ProductVariant/46445688979751;PU01998T;G;29500.0;gid://shopify/Product/8577784316199;Pulseira Rock Star De Ouro Branco 18K E Diamante;15;3;2;PU01998T
gid://shopify/ProductVariant/46445729546535;gid://shopify/ProductVariant/46445729546535;PU06193T;M;25000.0;gid://shopify/Product/8577782710567;Pulseira Rock Star De Ouro Branco 18K Com Ródio Negro E Diamante;15;3;2;PU06193T
gid://shopify/ProductVariant/46445729579303;gid://shopify/ProductVariant/46445729579303;PU06194T;G;25000.0;gid://shopify/Product/8577782710567;Pulseira Rock Star De Ouro Branco 18K Com Ródio Negro E Diamante;15;3;2;PU06194T
gid://shopify/ProductVariant/46445757923623;gid://shopify/ProductVariant/46445757923623;PU01994T;M;19500.0;gid://shopify/Product/8577780908327;Pulseira Rock Star De Ouro Branco 18K Com Ródio Negro E Diamante Negro;15;3;2;PU01994T
gid://shopify/ProductVariant/46445757956391;gid://shopify/ProductVariant/46445757956391;PU02000T;G;19500.0;gid://shopify/Product/8577780908327;Pulseira Rock Star De Ouro Branco 18K Com Ródio Negro E Diamante Negro;15;3;2;PU02000T
gid://shopify/ProductVariant/46496805060903;gid://shopify/ProductVariant/46496805060903;BR02815T;Default Title;12500.0;gid://shopify/Product/8608785498407;Brinco Especial De Ouro Branco 18K E Diamante Negro;5;1;0;BR02815T
gid://shopify/ProductVariant/46496805585191;gid://shopify/ProductVariant/46496805585191;BR06448T;Default Title;25000.0;gid://shopify/Product/8608786022695;Brinco Especial De Ouro Branco 18K E Diamante;0;1;0;BR06448T
gid://shopify/ProductVariant/46496805880103;gid://shopify/ProductVariant/46496805880103;BR05712T;Default Title;391000.0;gid://shopify/Product/8608786317607;Brinco Especial De Ouro Branco 18K Com Rodio Negro E Diamante E Rubi;0;1;0;BR05712T
gid://shopify/ProductVariant/46496807649575;gid://shopify/ProductVariant/46496807649575;BR06146T;Default Title;70700.0;gid://shopify/Product/8608787530023;Brinco Especial De Ouro Branco 18K Com Rodio Negro E Esmeralda;0;1;0;BR06146T
gid://shopify/ProductVariant/46496808468775;gid://shopify/ProductVariant/46496808468775;BR06220T;Default Title;7000.0;gid://shopify/Product/8608788119847;Brinco Especial De Ouro Branco 18K Com Rodio Negro E Safira;0;1;0;BR06220T
gid://shopify/ProductVariant/46496810729767;gid://shopify/ProductVariant/46496810729767;BR06288T;Default Title;11000.0;gid://shopify/Product/8608789594407;Brinco Rock Star De Ouro Branco 18K Com Rodio Negro E Diamante E Safira;5;1;0;BR06288T
gid://shopify/ProductVariant/46496810926375;gid://shopify/ProductVariant/46496810926375;BR05297T;Default Title;1950.0;gid://shopify/Product/8608789758247;Brinco Tlj De Ouro Branco 18K Com Rodio Negro E Diamante;5;1;0;BR05297T
gid://shopify/ProductVariant/46496811778343;gid://shopify/ProductVariant/46496811778343;CL04100;Default Title;8300.0;gid://shopify/Product/8608790348071;Colar Choker De Ouro Branco 18K Com Rodio Negro E Diamante;0;1;1;CL04100
gid://shopify/ProductVariant/46496811942183;gid://shopify/ProductVariant/46496811942183;CL04574;Default Title;82000.0;gid://shopify/Product/8608790479143;Colar Clássico De Ouro Branco 18K E Diamante;5;1;0;CL04574
gid://shopify/ProductVariant/46496812138791;gid://shopify/ProductVariant/46496812138791;CL04599;Default Title;55000.0;gid://shopify/Product/8608790642983;Colar Clássico De Ouro Branco 18K Com Rodio Negro E Diamante;5;1;0;CL04599
gid://shopify/ProductVariant/46496812695847;gid://shopify/ProductVariant/46496812695847;CL04612;Default Title;10200.0;gid://shopify/Product/8608791134503;Colar Especial De Ouro Branco 18K Com Rodio Negro E Turmalina Paraiba;5;1;0;CL04612
gid://shopify/ProductVariant/46496815612199;gid://shopify/ProductVariant/46496815612199;CL03749;P;16000.0;gid://shopify/Product/8608792969511;Colar Love Ny De Ouro Amarelo 18K E Diamante - P;5;3;2;CL03749
gid://shopify/ProductVariant/46496818135335;gid://shopify/ProductVariant/46496818135335;CL04438;Default Title;35000.0;gid://shopify/Product/8608793755943;Colar Pura De Ouro Branco 18K Com Rodio Negro E Turmalina Paraiba;0;1;0;CL04438
gid://shopify/ProductVariant/46496822853927;gid://shopify/ProductVariant/46496822853927;CO01297;Default Title;2500.0;gid://shopify/Product/8608794542375;Corrente Clássico De Ouro Amarelo 18K;5;1;0;CO01297
gid://shopify/ProductVariant/46496823017767;gid://shopify/ProductVariant/46496823017767;CO01322;Default Title;2500.0;gid://shopify/Product/8608794673447;Corrente Clássico De Ouro Branco 18K Com Rodio Negro;5;1;2;CO01322
gid://shopify/ProductVariant/46496824361255;gid://shopify/ProductVariant/46496824361255;BR06458T;P;3500.0;gid://shopify/Product/8608795590951;Piercing Savage De Ouro Branco 18K Com Rodio Negro E Esmeralda - P;5;1;1;BR06458T
gid://shopify/ProductVariant/46496824623399;gid://shopify/ProductVariant/46496824623399;BR06456T;P;3400.0;gid://shopify/Product/8608795820327;Piercing Savage De Ouro Branco 18K Com Ródio Negro E Diamante Negro - P;5;1;1;BR06456T
gid://shopify/ProductVariant/46496824754471;gid://shopify/ProductVariant/46496824754471;BR06462T;P;2500.0;gid://shopify/Product/8608795951399;Piercing Savage De Ouro Branco 18K Com Ródio Negro E Rubi - P;5;1;1;BR06462T
gid://shopify/ProductVariant/46496827506983;gid://shopify/ProductVariant/46496827506983;PI01405;G;1400.0;gid://shopify/Product/8608797688103;Pingente Rock Chain De Prata Com Ouro Amarelo - G;0;1;0;PI01405
gid://shopify/ProductVariant/46496833208615;gid://shopify/ProductVariant/46496833208615;PU01260T;Default Title;20500.0;gid://shopify/Product/8608800669991;Pulseira Clássico De Ouro Branco 18K E Diamante Negro;5;1;0;PU01260T
gid://shopify/ProductVariant/46496833405223;gid://shopify/ProductVariant/46496833405223;PU01212T;Default Title;27000.0;gid://shopify/Product/8608800866599;Pulseira Clássico De Ouro Branco 18K E Diamante Negro;5;1;0;PU01212T
gid://shopify/ProductVariant/46496833863975;gid://shopify/ProductVariant/46496833863975;PU02034T;Default Title;22700.0;gid://shopify/Product/8608801259815;Pulseira Clássico De Ouro Branco 18K Com Rodio Negro E Esmeralda;5;1;0;PU02034T
gid://shopify/ProductVariant/46496836682023;gid://shopify/ProductVariant/46496836682023;PU02047T;Default Title;43840.0;gid://shopify/Product/8608802341159;Pulseira Clássico De Ouro Branco 18K Com Rodio Negro E Diamante Negro;0;1;1;PU02047T
gid://shopify/ProductVariant/46496837271847;gid://shopify/ProductVariant/46496837271847;PU01986T;Default Title;60500.0;gid://shopify/Product/8608802865447;Pulseira Especial De Ouro Branco 18K E Diamante;0;1;0;PU01986T
gid://shopify/ProductVariant/46496837501223;gid://shopify/ProductVariant/46496837501223;PU02064T;Default Title;85000.0;gid://shopify/Product/8608803062055;Pulseira Especial De Ouro Branco 18K E Diamante;0;1;1;PU02064T
gid://shopify/ProductVariant/46496837599527;gid://shopify/ProductVariant/46496837599527;PU02071T;Default Title;77000.0;gid://shopify/Product/8608803160359;Pulseira Especial De Ouro Branco 18K Com Rodio Negro E Esmeralda;0;1;1;PU02071T
gid://shopify/ProductVariant/46496838549799;gid://shopify/ProductVariant/46496838549799;PU01654T;P;4400.0;gid://shopify/Product/8608803684647;Pulseira Orquidea De Prata Com Rodio Negro E Diamante - P;5;1;2;PU01654T
gid://shopify/ProductVariant/46497002684711;gid://shopify/ProductVariant/46497002684711;BR05968T;Default Title;9200.0;gid://shopify/Product/8608880656679;Brinco Especial De Ouro Branco 18K E Diamante Solitario;5;1;0;BR05968T
gid://shopify/ProductVariant/46497002815783;gid://shopify/ProductVariant/46497002815783;BR05975T;Default Title;13000.0;gid://shopify/Product/8608880754983;Brinco Especial De Ouro Branco 18K E Diamante Solitario;5;1;0;BR05975T
gid://shopify/ProductVariant/46497003274535;gid://shopify/ProductVariant/46497003274535;BR04407T;Default Title;23500.0;gid://shopify/Product/8608881115431;Brinco Especial De Ouro Branco 18K Com Rodio Negro E Diamante Solitario;0;1;0;BR04407T
gid://shopify/ProductVariant/46497003438375;gid://shopify/ProductVariant/46497003438375;BR04430T;Default Title;31000.0;gid://shopify/Product/8608881246503;Brinco Especial De Ouro Branco 18K Com Rodio Negro E Diamante Solitario;0;1;0;BR04430T
gid://shopify/ProductVariant/46497003897127;gid://shopify/ProductVariant/46497003897127;BR05672T;Default Title;45000.0;gid://shopify/Product/8608881574183;Brinco Especial De Ouro Branco 18K E Diamante Solitario;0;1;1;BR05672T
gid://shopify/ProductVariant/46497004060967;gid://shopify/ProductVariant/46497004060967;BR05748T;Default Title;206000.0;gid://shopify/Product/8608881705255;Brinco Especial De Ouro Branco 18K E Diamante Solitario;0;1;0;BR05748T
gid://shopify/ProductVariant/46497004224807;gid://shopify/ProductVariant/46497004224807;BR06199T;Default Title;139000.0;gid://shopify/Product/8608881869095;Brinco Especial De Ouro Branco 18K E Diamante Solitario;0;1;0;BR06199T
gid://shopify/ProductVariant/46497005764903;gid://shopify/ProductVariant/46497005764903;PU01753T;Default Title;55000.0;gid://shopify/Product/8608882688295;Pulseira Clássico De Ouro Branco 18K E Diamante Solitario;5;1;1;PU01753T
gid://shopify/ProductVariant/46497006420263;gid://shopify/ProductVariant/46497006420263;PU01769T;Default Title;43000.0;gid://shopify/Product/8608882852135;Pulseira Clássico De Ouro Branco 18K Com Rodio Negro E Diamante Solitario;5;1;0;PU01769T
gid://shopify/ProductVariant/46497007075623;gid://shopify/ProductVariant/46497007075623;PU02070T;Default Title;42000.0;gid://shopify/Product/8608883409191;Pulseira Clássico De Ouro Branco 18K E Diamante Solitario;0;1;1;PU02070T
gid://shopify/ProductVariant/46498360033575;gid://shopify/ProductVariant/46498360033575;AN03510-10;10;62000.0;gid://shopify/Product/8609680589095;Anel Celebrate De Ouro Amarelo E Branco 18K E Diamante E Esmeralda;1;13;1;AN03510
gid://shopify/ProductVariant/46498360066343;gid://shopify/ProductVariant/46498360066343;AN03510-11;11;62000.0;gid://shopify/Product/8609680589095;Anel Celebrate De Ouro Amarelo E Branco 18K E Diamante E Esmeralda;1;13;1;AN03510
gid://shopify/ProductVariant/46498360099111;gid://shopify/ProductVariant/46498360099111;AN03510-12;12;62000.0;gid://shopify/Product/8609680589095;Anel Celebrate De Ouro Amarelo E Branco 18K E Diamante E Esmeralda;1;13;1;AN03510
gid://shopify/ProductVariant/46498360131879;gid://shopify/ProductVariant/46498360131879;AN03510-13;13;62000.0;gid://shopify/Product/8609680589095;Anel Celebrate De Ouro Amarelo E Branco 18K E Diamante E Esmeralda;1;13;1;AN03510
gid://shopify/ProductVariant/46498360164647;gid://shopify/ProductVariant/46498360164647;AN03510-14;14;62000.0;gid://shopify/Product/8609680589095;Anel Celebrate De Ouro Amarelo E Branco 18K E Diamante E Esmeralda;1;13;1;AN03510
gid://shopify/ProductVariant/46498360230183;gid://shopify/ProductVariant/46498360230183;AN03510-16;16;62000.0;gid://shopify/Product/8609680589095;Anel Celebrate De Ouro Amarelo E Branco 18K E Diamante E Esmeralda;1;13;1;AN03510
gid://shopify/ProductVariant/46498360262951;gid://shopify/ProductVariant/46498360262951;AN03510-17;17;62000.0;gid://shopify/Product/8609680589095;Anel Celebrate De Ouro Amarelo E Branco 18K E Diamante E Esmeralda;1;13;1;AN03510
gid://shopify/ProductVariant/46498360295719;gid://shopify/ProductVariant/46498360295719;AN03510-18;18;62000.0;gid://shopify/Product/8609680589095;Anel Celebrate De Ouro Amarelo E Branco 18K E Diamante E Esmeralda;1;13;1;AN03510
gid://shopify/ProductVariant/46498360328487;gid://shopify/ProductVariant/46498360328487;AN03510-19;19;62000.0;gid://shopify/Product/8609680589095;Anel Celebrate De Ouro Amarelo E Branco 18K E Diamante E Esmeralda;1;13;1;AN03510
gid://shopify/ProductVariant/46498360361255;gid://shopify/ProductVariant/46498360361255;AN03510-20;20;62000.0;gid://shopify/Product/8609680589095;Anel Celebrate De Ouro Amarelo E Branco 18K E Diamante E Esmeralda;1;13;1;AN03510
gid://shopify/ProductVariant/46498360394023;gid://shopify/ProductVariant/46498360394023;AN03510-21;21;62000.0;gid://shopify/Product/8609680589095;Anel Celebrate De Ouro Amarelo E Branco 18K E Diamante E Esmeralda;1;13;1;AN03510
gid://shopify/ProductVariant/46498360426791;gid://shopify/ProductVariant/46498360426791;AN03510-22;22;62000.0;gid://shopify/Product/8609680589095;Anel Celebrate De Ouro Amarelo E Branco 18K E Diamante E Esmeralda;1;13;1;AN03510
gid://shopify/ProductVariant/46498360787239;gid://shopify/ProductVariant/46498360787239;AN03533-10;10;123000.0;gid://shopify/Product/8609680982311;Anel Celebrate De Ouro Amarelo E Branco 18K E Diamante E Esmeralda;1;13;1;AN03533
gid://shopify/ProductVariant/46498360820007;gid://shopify/ProductVariant/46498360820007;AN03533-11;11;123000.0;gid://shopify/Product/8609680982311;Anel Celebrate De Ouro Amarelo E Branco 18K E Diamante E Esmeralda;1;13;1;AN03533
gid://shopify/ProductVariant/46498360852775;gid://shopify/ProductVariant/46498360852775;AN03533-12;12;123000.0;gid://shopify/Product/8609680982311;Anel Celebrate De Ouro Amarelo E Branco 18K E Diamante E Esmeralda;1;13;1;AN03533
gid://shopify/ProductVariant/46498360885543;gid://shopify/ProductVariant/46498360885543;AN03533-13;13;123000.0;gid://shopify/Product/8609680982311;Anel Celebrate De Ouro Amarelo E Branco 18K E Diamante E Esmeralda;1;13;1;AN03533
gid://shopify/ProductVariant/46498360918311;gid://shopify/ProductVariant/46498360918311;AN03533-14;14;123000.0;gid://shopify/Product/8609680982311;Anel Celebrate De Ouro Amarelo E Branco 18K E Diamante E Esmeralda;1;13;1;AN03533
gid://shopify/ProductVariant/46498360951079;gid://shopify/ProductVariant/46498360951079;AN03533-15;15;123000.0;gid://shopify/Product/8609680982311;Anel Celebrate De Ouro Amarelo E Branco 18K E Diamante E Esmeralda;1;13;1;AN03533
gid://shopify/ProductVariant/46498361016615;gid://shopify/ProductVariant/46498361016615;AN03533-17;17;123000.0;gid://shopify/Product/8609680982311;Anel Celebrate De Ouro Amarelo E Branco 18K E Diamante E Esmeralda;1;13;1;AN03533
gid://shopify/ProductVariant/46498361049383;gid://shopify/ProductVariant/46498361049383;AN03533-18;18;123000.0;gid://shopify/Product/8609680982311;Anel Celebrate De Ouro Amarelo E Branco 18K E Diamante E Esmeralda;1;13;1;AN03533
gid://shopify/ProductVariant/46498361082151;gid://shopify/ProductVariant/46498361082151;AN03533-19;19;123000.0;gid://shopify/Product/8609680982311;Anel Celebrate De Ouro Amarelo E Branco 18K E Diamante E Esmeralda;1;13;1;AN03533
gid://shopify/ProductVariant/46498361114919;gid://shopify/ProductVariant/46498361114919;AN03533-20;20;123000.0;gid://shopify/Product/8609680982311;Anel Celebrate De Ouro Amarelo E Branco 18K E Diamante E Esmeralda;1;13;1;AN03533
gid://shopify/ProductVariant/46498361147687;gid://shopify/ProductVariant/46498361147687;AN03533-21;21;123000.0;gid://shopify/Product/8609680982311;Anel Celebrate De Ouro Amarelo E Branco 18K E Diamante E Esmeralda;1;13;1;AN03533
gid://shopify/ProductVariant/46498361180455;gid://shopify/ProductVariant/46498361180455;AN03533-22;22;123000.0;gid://shopify/Product/8609680982311;Anel Celebrate De Ouro Amarelo E Branco 18K E Diamante E Esmeralda;1;13;1;AN03533
gid://shopify/ProductVariant/46498366488871;gid://shopify/ProductVariant/46498366488871;AN03148-10;10;78000.0;gid://shopify/Product/8609682620711;Anel Especial De Ouro Amarelo E Branco 18K E Diamante E Esmeralda;1;13;0;AN03148
gid://shopify/ProductVariant/46498366521639;gid://shopify/ProductVariant/46498366521639;AN03148-11;11;78000.0;gid://shopify/Product/8609682620711;Anel Especial De Ouro Amarelo E Branco 18K E Diamante E Esmeralda;1;13;0;AN03148
gid://shopify/ProductVariant/46498366554407;gid://shopify/ProductVariant/46498366554407;AN03148-12;12;78000.0;gid://shopify/Product/8609682620711;Anel Especial De Ouro Amarelo E Branco 18K E Diamante E Esmeralda;1;13;0;AN03148
gid://shopify/ProductVariant/46498366587175;gid://shopify/ProductVariant/46498366587175;AN03148-13;13;78000.0;gid://shopify/Product/8609682620711;Anel Especial De Ouro Amarelo E Branco 18K E Diamante E Esmeralda;1;13;0;AN03148
gid://shopify/ProductVariant/46498366619943;gid://shopify/ProductVariant/46498366619943;AN03148-14;14;78000.0;gid://shopify/Product/8609682620711;Anel Especial De Ouro Amarelo E Branco 18K E Diamante E Esmeralda;1;13;0;AN03148
gid://shopify/ProductVariant/46498366652711;gid://shopify/ProductVariant/46498366652711;AN03148-15;15;78000.0;gid://shopify/Product/8609682620711;Anel Especial De Ouro Amarelo E Branco 18K E Diamante E Esmeralda;1;13;0;AN03148
gid://shopify/ProductVariant/46498366718247;gid://shopify/ProductVariant/46498366718247;AN03148-17;17;78000.0;gid://shopify/Product/8609682620711;Anel Especial De Ouro Amarelo E Branco 18K E Diamante E Esmeralda;1;13;0;AN03148
gid://shopify/ProductVariant/46498366751015;gid://shopify/ProductVariant/46498366751015;AN03148-18;18;78000.0;gid://shopify/Product/8609682620711;Anel Especial De Ouro Amarelo E Branco 18K E Diamante E Esmeralda;1;13;0;AN03148
gid://shopify/ProductVariant/46498366783783;gid://shopify/ProductVariant/46498366783783;AN03148-19;19;78000.0;gid://shopify/Product/8609682620711;Anel Especial De Ouro Amarelo E Branco 18K E Diamante E Esmeralda;1;13;0;AN03148
gid://shopify/ProductVariant/46498366816551;gid://shopify/ProductVariant/46498366816551;AN03148-20;20;78000.0;gid://shopify/Product/8609682620711;Anel Especial De Ouro Amarelo E Branco 18K E Diamante E Esmeralda;1;13;0;AN03148
gid://shopify/ProductVariant/46498366849319;gid://shopify/ProductVariant/46498366849319;AN03148-21;21;78000.0;gid://shopify/Product/8609682620711;Anel Especial De Ouro Amarelo E Branco 18K E Diamante E Esmeralda;1;13;0;AN03148
gid://shopify/ProductVariant/46498366882087;gid://shopify/ProductVariant/46498366882087;AN03148-22;22;78000.0;gid://shopify/Product/8609682620711;Anel Especial De Ouro Amarelo E Branco 18K E Diamante E Esmeralda;1;13;0;AN03148
gid://shopify/ProductVariant/46498369339687;gid://shopify/ProductVariant/46498369339687;AN03349-10;10;75000.0;gid://shopify/Product/8609683538215;Anel Especial De Ouro Amarelo E Branco 18K E Diamante E Esmeralda;1;13;0;AN03349
gid://shopify/ProductVariant/46498369372455;gid://shopify/ProductVariant/46498369372455;AN03349-11;11;75000.0;gid://shopify/Product/8609683538215;Anel Especial De Ouro Amarelo E Branco 18K E Diamante E Esmeralda;1;13;0;AN03349
gid://shopify/ProductVariant/46498369405223;gid://shopify/ProductVariant/46498369405223;AN03349-12;12;75000.0;gid://shopify/Product/8609683538215;Anel Especial De Ouro Amarelo E Branco 18K E Diamante E Esmeralda;1;13;0;AN03349
gid://shopify/ProductVariant/46498369437991;gid://shopify/ProductVariant/46498369437991;AN03349-13;13;75000.0;gid://shopify/Product/8609683538215;Anel Especial De Ouro Amarelo E Branco 18K E Diamante E Esmeralda;1;13;0;AN03349
gid://shopify/ProductVariant/46498369503527;gid://shopify/ProductVariant/46498369503527;AN03349-15;15;75000.0;gid://shopify/Product/8609683538215;Anel Especial De Ouro Amarelo E Branco 18K E Diamante E Esmeralda;1;13;0;AN03349
gid://shopify/ProductVariant/46498369536295;gid://shopify/ProductVariant/46498369536295;AN03349-16;16;75000.0;gid://shopify/Product/8609683538215;Anel Especial De Ouro Amarelo E Branco 18K E Diamante E Esmeralda;1;13;0;AN03349
gid://shopify/ProductVariant/46498369569063;gid://shopify/ProductVariant/46498369569063;AN03349-17;17;75000.0;gid://shopify/Product/8609683538215;Anel Especial De Ouro Amarelo E Branco 18K E Diamante E Esmeralda;1;13;0;AN03349
gid://shopify/ProductVariant/46498369601831;gid://shopify/ProductVariant/46498369601831;AN03349-18;18;75000.0;gid://shopify/Product/8609683538215;Anel Especial De Ouro Amarelo E Branco 18K E Diamante E Esmeralda;1;13;0;AN03349
gid://shopify/ProductVariant/46498369634599;gid://shopify/ProductVariant/46498369634599;AN03349-19;19;75000.0;gid://shopify/Product/8609683538215;Anel Especial De Ouro Amarelo E Branco 18K E Diamante E Esmeralda;1;13;0;AN03349
gid://shopify/ProductVariant/46498369667367;gid://shopify/ProductVariant/46498369667367;AN03349-20;20;75000.0;gid://shopify/Product/8609683538215;Anel Especial De Ouro Amarelo E Branco 18K E Diamante E Esmeralda;1;13;0;AN03349
gid://shopify/ProductVariant/46498369700135;gid://shopify/ProductVariant/46498369700135;AN03349-21;21;75000.0;gid://shopify/Product/8609683538215;Anel Especial De Ouro Amarelo E Branco 18K E Diamante E Esmeralda;1;13;0;AN03349
gid://shopify/ProductVariant/46498369732903;gid://shopify/ProductVariant/46498369732903;AN03349-22;22;75000.0;gid://shopify/Product/8609683538215;Anel Especial De Ouro Amarelo E Branco 18K E Diamante E Esmeralda;1;13;0;AN03349
gid://shopify/ProductVariant/46498370093351;gid://shopify/ProductVariant/46498370093351;AN03448-10;10;108000.0;gid://shopify/Product/8609683931431;Anel Especial De Ouro Amarelo E Branco 18K E Diamante E Esmeralda;1;13;0;AN03448
gid://shopify/ProductVariant/46498370126119;gid://shopify/ProductVariant/46498370126119;AN03448-11;11;108000.0;gid://shopify/Product/8609683931431;Anel Especial De Ouro Amarelo E Branco 18K E Diamante E Esmeralda;1;13;0;AN03448
gid://shopify/ProductVariant/46498370158887;gid://shopify/ProductVariant/46498370158887;AN03448-12;12;108000.0;gid://shopify/Product/8609683931431;Anel Especial De Ouro Amarelo E Branco 18K E Diamante E Esmeralda;1;13;0;AN03448
gid://shopify/ProductVariant/46498370191655;gid://shopify/ProductVariant/46498370191655;AN03448-13;13;108000.0;gid://shopify/Product/8609683931431;Anel Especial De Ouro Amarelo E Branco 18K E Diamante E Esmeralda;1;13;0;AN03448
gid://shopify/ProductVariant/46498370224423;gid://shopify/ProductVariant/46498370224423;AN03448-14;14;108000.0;gid://shopify/Product/8609683931431;Anel Especial De Ouro Amarelo E Branco 18K E Diamante E Esmeralda;1;13;0;AN03448
gid://shopify/ProductVariant/46498370257191;gid://shopify/ProductVariant/46498370257191;AN03448-15;15;108000.0;gid://shopify/Product/8609683931431;Anel Especial De Ouro Amarelo E Branco 18K E Diamante E Esmeralda;1;13;0;AN03448
gid://shopify/ProductVariant/46498370322727;gid://shopify/ProductVariant/46498370322727;AN03448-17;17;108000.0;gid://shopify/Product/8609683931431;Anel Especial De Ouro Amarelo E Branco 18K E Diamante E Esmeralda;1;13;0;AN03448
gid://shopify/ProductVariant/46498370388263;gid://shopify/ProductVariant/46498370388263;AN03448-18;18;108000.0;gid://shopify/Product/8609683931431;Anel Especial De Ouro Amarelo E Branco 18K E Diamante E Esmeralda;1;13;0;AN03448
gid://shopify/ProductVariant/46498370421031;gid://shopify/ProductVariant/46498370421031;AN03448-19;19;108000.0;gid://shopify/Product/8609683931431;Anel Especial De Ouro Amarelo E Branco 18K E Diamante E Esmeralda;1;13;0;AN03448
gid://shopify/ProductVariant/46498370453799;gid://shopify/ProductVariant/46498370453799;AN03448-20;20;108000.0;gid://shopify/Product/8609683931431;Anel Especial De Ouro Amarelo E Branco 18K E Diamante E Esmeralda;1;13;0;AN03448
gid://shopify/ProductVariant/46498370486567;gid://shopify/ProductVariant/46498370486567;AN03448-21;21;108000.0;gid://shopify/Product/8609683931431;Anel Especial De Ouro Amarelo E Branco 18K E Diamante E Esmeralda;1;13;0;AN03448
gid://shopify/ProductVariant/46498370519335;gid://shopify/ProductVariant/46498370519335;AN03448-22;22;108000.0;gid://shopify/Product/8609683931431;Anel Especial De Ouro Amarelo E Branco 18K E Diamante E Esmeralda;1;13;0;AN03448
gid://shopify/ProductVariant/46498370814247;gid://shopify/ProductVariant/46498370814247;AN03449-10;10;138000.0;gid://shopify/Product/8609684291879;Anel Especial De Ouro Amarelo E Branco 18K E Diamante E Esmeralda;1;13;0;AN03449
gid://shopify/ProductVariant/46498370847015;gid://shopify/ProductVariant/46498370847015;AN03449-11;11;138000.0;gid://shopify/Product/8609684291879;Anel Especial De Ouro Amarelo E Branco 18K E Diamante E Esmeralda;1;13;0;AN03449
gid://shopify/ProductVariant/46498370879783;gid://shopify/ProductVariant/46498370879783;AN03449-12;12;138000.0;gid://shopify/Product/8609684291879;Anel Especial De Ouro Amarelo E Branco 18K E Diamante E Esmeralda;1;13;0;AN03449
gid://shopify/ProductVariant/46498370912551;gid://shopify/ProductVariant/46498370912551;AN03449-13;13;138000.0;gid://shopify/Product/8609684291879;Anel Especial De Ouro Amarelo E Branco 18K E Diamante E Esmeralda;1;13;0;AN03449
gid://shopify/ProductVariant/46498370945319;gid://shopify/ProductVariant/46498370945319;AN03449-14;14;138000.0;gid://shopify/Product/8609684291879;Anel Especial De Ouro Amarelo E Branco 18K E Diamante E Esmeralda;1;13;0;AN03449
gid://shopify/ProductVariant/46498370978087;gid://shopify/ProductVariant/46498370978087;AN03449-15;15;138000.0;gid://shopify/Product/8609684291879;Anel Especial De Ouro Amarelo E Branco 18K E Diamante E Esmeralda;1;13;0;AN03449
gid://shopify/ProductVariant/46498371043623;gid://shopify/ProductVariant/46498371043623;AN03449-17;17;138000.0;gid://shopify/Product/8609684291879;Anel Especial De Ouro Amarelo E Branco 18K E Diamante E Esmeralda;1;13;0;AN03449
gid://shopify/ProductVariant/46498371076391;gid://shopify/ProductVariant/46498371076391;AN03449-18;18;138000.0;gid://shopify/Product/8609684291879;Anel Especial De Ouro Amarelo E Branco 18K E Diamante E Esmeralda;1;13;0;AN03449
gid://shopify/ProductVariant/46498371109159;gid://shopify/ProductVariant/46498371109159;AN03449-19;19;138000.0;gid://shopify/Product/8609684291879;Anel Especial De Ouro Amarelo E Branco 18K E Diamante E Esmeralda;1;13;0;AN03449
gid://shopify/ProductVariant/46498371141927;gid://shopify/ProductVariant/46498371141927;AN03449-20;20;138000.0;gid://shopify/Product/8609684291879;Anel Especial De Ouro Amarelo E Branco 18K E Diamante E Esmeralda;1;13;0;AN03449
gid://shopify/ProductVariant/46498371207463;gid://shopify/ProductVariant/46498371207463;AN03449-21;21;138000.0;gid://shopify/Product/8609684291879;Anel Especial De Ouro Amarelo E Branco 18K E Diamante E Esmeralda;1;13;0;AN03449
gid://shopify/ProductVariant/46498371240231;gid://shopify/ProductVariant/46498371240231;AN03449-22;22;138000.0;gid://shopify/Product/8609684291879;Anel Especial De Ouro Amarelo E Branco 18K E Diamante E Esmeralda;1;13;0;AN03449
gid://shopify/ProductVariant/46498372780327;gid://shopify/ProductVariant/46498372780327;AN03492-10;10;115000.0;gid://shopify/Product/8609684947239;Anel Especial De Ouro Amarelo E Branco 18K E Diamante E Esmeralda;1;13;0;AN03492
gid://shopify/ProductVariant/46498372813095;gid://shopify/ProductVariant/46498372813095;AN03492-11;11;115000.0;gid://shopify/Product/8609684947239;Anel Especial De Ouro Amarelo E Branco 18K E Diamante E Esmeralda;1;13;0;AN03492
gid://shopify/ProductVariant/46498372845863;gid://shopify/ProductVariant/46498372845863;AN03492-12;12;115000.0;gid://shopify/Product/8609684947239;Anel Especial De Ouro Amarelo E Branco 18K E Diamante E Esmeralda;1;13;0;AN03492
gid://shopify/ProductVariant/46498372878631;gid://shopify/ProductVariant/46498372878631;AN03492-13;13;115000.0;gid://shopify/Product/8609684947239;Anel Especial De Ouro Amarelo E Branco 18K E Diamante E Esmeralda;1;13;0;AN03492
gid://shopify/ProductVariant/46498372911399;gid://shopify/ProductVariant/46498372911399;AN03492-14;14;115000.0;gid://shopify/Product/8609684947239;Anel Especial De Ouro Amarelo E Branco 18K E Diamante E Esmeralda;1;13;0;AN03492
gid://shopify/ProductVariant/46498372944167;gid://shopify/ProductVariant/46498372944167;AN03492-15;15;115000.0;gid://shopify/Product/8609684947239;Anel Especial De Ouro Amarelo E Branco 18K E Diamante E Esmeralda;1;13;0;AN03492
gid://shopify/ProductVariant/46498372976935;gid://shopify/ProductVariant/46498372976935;AN03492-16;16;115000.0;gid://shopify/Product/8609684947239;Anel Especial De Ouro Amarelo E Branco 18K E Diamante E Esmeralda;1;13;0;AN03492
gid://shopify/ProductVariant/46498373042471;gid://shopify/ProductVariant/46498373042471;AN03492-18;18;115000.0;gid://shopify/Product/8609684947239;Anel Especial De Ouro Amarelo E Branco 18K E Diamante E Esmeralda;1;13;0;AN03492
gid://shopify/ProductVariant/46498373075239;gid://shopify/ProductVariant/46498373075239;AN03492-19;19;115000.0;gid://shopify/Product/8609684947239;Anel Especial De Ouro Amarelo E Branco 18K E Diamante E Esmeralda;1;13;0;AN03492
gid://shopify/ProductVariant/46498373108007;gid://shopify/ProductVariant/46498373108007;AN03492-20;20;115000.0;gid://shopify/Product/8609684947239;Anel Especial De Ouro Amarelo E Branco 18K E Diamante E Esmeralda;1;13;0;AN03492
gid://shopify/ProductVariant/46498373140775;gid://shopify/ProductVariant/46498373140775;AN03492-21;21;115000.0;gid://shopify/Product/8609684947239;Anel Especial De Ouro Amarelo E Branco 18K E Diamante E Esmeralda;1;13;0;AN03492
gid://shopify/ProductVariant/46498373173543;gid://shopify/ProductVariant/46498373173543;AN03492-22;22;115000.0;gid://shopify/Product/8609684947239;Anel Especial De Ouro Amarelo E Branco 18K E Diamante E Esmeralda;1;13;0;AN03492
gid://shopify/ProductVariant/46498374975783;gid://shopify/ProductVariant/46498374975783;AN03572-10;10;98000.0;gid://shopify/Product/8609685602599;Anel Galeria De Ouro Amarelo E Branco 18K E Diamante E Esmeralda;1;13;0;AN03572
gid://shopify/ProductVariant/46498375008551;gid://shopify/ProductVariant/46498375008551;AN03572-11;11;98000.0;gid://shopify/Product/8609685602599;Anel Galeria De Ouro Amarelo E Branco 18K E Diamante E Esmeralda;1;13;0;AN03572
gid://shopify/ProductVariant/46498375041319;gid://shopify/ProductVariant/46498375041319;AN03572-12;12;98000.0;gid://shopify/Product/8609685602599;Anel Galeria De Ouro Amarelo E Branco 18K E Diamante E Esmeralda;1;13;0;AN03572
gid://shopify/ProductVariant/46498375074087;gid://shopify/ProductVariant/46498375074087;AN03572-13;13;98000.0;gid://shopify/Product/8609685602599;Anel Galeria De Ouro Amarelo E Branco 18K E Diamante E Esmeralda;1;13;0;AN03572
gid://shopify/ProductVariant/46498375106855;gid://shopify/ProductVariant/46498375106855;AN03572-14;14;98000.0;gid://shopify/Product/8609685602599;Anel Galeria De Ouro Amarelo E Branco 18K E Diamante E Esmeralda;1;13;0;AN03572
gid://shopify/ProductVariant/46498375139623;gid://shopify/ProductVariant/46498375139623;AN03572-15;15;98000.0;gid://shopify/Product/8609685602599;Anel Galeria De Ouro Amarelo E Branco 18K E Diamante E Esmeralda;1;13;0;AN03572
gid://shopify/ProductVariant/46498375205159;gid://shopify/ProductVariant/46498375205159;AN03572-17;17;98000.0;gid://shopify/Product/8609685602599;Anel Galeria De Ouro Amarelo E Branco 18K E Diamante E Esmeralda;1;13;0;AN03572
gid://shopify/ProductVariant/46498375237927;gid://shopify/ProductVariant/46498375237927;AN03572-18;18;98000.0;gid://shopify/Product/8609685602599;Anel Galeria De Ouro Amarelo E Branco 18K E Diamante E Esmeralda;1;13;0;AN03572
gid://shopify/ProductVariant/46498375270695;gid://shopify/ProductVariant/46498375270695;AN03572-19;19;98000.0;gid://shopify/Product/8609685602599;Anel Galeria De Ouro Amarelo E Branco 18K E Diamante E Esmeralda;1;13;0;AN03572
gid://shopify/ProductVariant/46498375303463;gid://shopify/ProductVariant/46498375303463;AN03572-20;20;98000.0;gid://shopify/Product/8609685602599;Anel Galeria De Ouro Amarelo E Branco 18K E Diamante E Esmeralda;1;13;0;AN03572
gid://shopify/ProductVariant/46498375336231;gid://shopify/ProductVariant/46498375336231;AN03572-21;21;98000.0;gid://shopify/Product/8609685602599;Anel Galeria De Ouro Amarelo E Branco 18K E Diamante E Esmeralda;1;13;0;AN03572
gid://shopify/ProductVariant/46498375368999;gid://shopify/ProductVariant/46498375368999;AN03572-22;22;98000.0;gid://shopify/Product/8609685602599;Anel Galeria De Ouro Amarelo E Branco 18K E Diamante E Esmeralda;1;13;0;AN03572
gid://shopify/ProductVariant/46498387755303;gid://shopify/ProductVariant/46498387755303;AN03577-10;10;59000.0;gid://shopify/Product/8609688256807;Anel Vita Eterna De Ouro Amarelo E Branco 18K E Diamante E Esmeralda;1;13;0;AN03577
gid://shopify/ProductVariant/46498387788071;gid://shopify/ProductVariant/46498387788071;AN03577-11;11;59000.0;gid://shopify/Product/8609688256807;Anel Vita Eterna De Ouro Amarelo E Branco 18K E Diamante E Esmeralda;1;13;0;AN03577
gid://shopify/ProductVariant/46498387820839;gid://shopify/ProductVariant/46498387820839;AN03577-12;12;59000.0;gid://shopify/Product/8609688256807;Anel Vita Eterna De Ouro Amarelo E Branco 18K E Diamante E Esmeralda;1;13;0;AN03577
gid://shopify/ProductVariant/46498387853607;gid://shopify/ProductVariant/46498387853607;AN03577-13;13;59000.0;gid://shopify/Product/8609688256807;Anel Vita Eterna De Ouro Amarelo E Branco 18K E Diamante E Esmeralda;1;13;0;AN03577
gid://shopify/ProductVariant/46498387886375;gid://shopify/ProductVariant/46498387886375;AN03577-14;14;59000.0;gid://shopify/Product/8609688256807;Anel Vita Eterna De Ouro Amarelo E Branco 18K E Diamante E Esmeralda;1;13;0;AN03577
gid://shopify/ProductVariant/46498387919143;gid://shopify/ProductVariant/46498387919143;AN03577-15;15;59000.0;gid://shopify/Product/8609688256807;Anel Vita Eterna De Ouro Amarelo E Branco 18K E Diamante E Esmeralda;1;13;0;AN03577
gid://shopify/ProductVariant/46498387984679;gid://shopify/ProductVariant/46498387984679;AN03577-17;17;59000.0;gid://shopify/Product/8609688256807;Anel Vita Eterna De Ouro Amarelo E Branco 18K E Diamante E Esmeralda;1;13;0;AN03577
gid://shopify/ProductVariant/46498388017447;gid://shopify/ProductVariant/46498388017447;AN03577-18;18;59000.0;gid://shopify/Product/8609688256807;Anel Vita Eterna De Ouro Amarelo E Branco 18K E Diamante E Esmeralda;1;13;0;AN03577
gid://shopify/ProductVariant/46498388050215;gid://shopify/ProductVariant/46498388050215;AN03577-19;19;59000.0;gid://shopify/Product/8609688256807;Anel Vita Eterna De Ouro Amarelo E Branco 18K E Diamante E Esmeralda;1;13;0;AN03577
gid://shopify/ProductVariant/46498388082983;gid://shopify/ProductVariant/46498388082983;AN03577-20;20;59000.0;gid://shopify/Product/8609688256807;Anel Vita Eterna De Ouro Amarelo E Branco 18K E Diamante E Esmeralda;1;13;0;AN03577
gid://shopify/ProductVariant/46498388115751;gid://shopify/ProductVariant/46498388115751;AN03577-21;21;59000.0;gid://shopify/Product/8609688256807;Anel Vita Eterna De Ouro Amarelo E Branco 18K E Diamante E Esmeralda;1;13;0;AN03577
gid://shopify/ProductVariant/46498388148519;gid://shopify/ProductVariant/46498388148519;AN03577-22;22;59000.0;gid://shopify/Product/8609688256807;Anel Vita Eterna De Ouro Amarelo E Branco 18K E Diamante E Esmeralda;1;13;0;AN03577
gid://shopify/ProductVariant/46498388508967;gid://shopify/ProductVariant/46498388508967;AN03578-10;10;74800.0;gid://shopify/Product/8609688682791;Anel Vita Eterna De Ouro Amarelo E Branco 18K E Diamante E Esmeralda;0;13;0;AN03578
gid://shopify/ProductVariant/46498388541735;gid://shopify/ProductVariant/46498388541735;AN03578-11;11;74800.0;gid://shopify/Product/8609688682791;Anel Vita Eterna De Ouro Amarelo E Branco 18K E Diamante E Esmeralda;0;13;0;AN03578
gid://shopify/ProductVariant/46498388574503;gid://shopify/ProductVariant/46498388574503;AN03578-12;12;74800.0;gid://shopify/Product/8609688682791;Anel Vita Eterna De Ouro Amarelo E Branco 18K E Diamante E Esmeralda;0;13;0;AN03578
gid://shopify/ProductVariant/46498388607271;gid://shopify/ProductVariant/46498388607271;AN03578-13;13;74800.0;gid://shopify/Product/8609688682791;Anel Vita Eterna De Ouro Amarelo E Branco 18K E Diamante E Esmeralda;0;13;0;AN03578
gid://shopify/ProductVariant/46498388640039;gid://shopify/ProductVariant/46498388640039;AN03578-14;14;74800.0;gid://shopify/Product/8609688682791;Anel Vita Eterna De Ouro Amarelo E Branco 18K E Diamante E Esmeralda;0;13;0;AN03578
gid://shopify/ProductVariant/46498388672807;gid://shopify/ProductVariant/46498388672807;AN03578-15;15;74800.0;gid://shopify/Product/8609688682791;Anel Vita Eterna De Ouro Amarelo E Branco 18K E Diamante E Esmeralda;0;13;0;AN03578
gid://shopify/ProductVariant/46498388705575;gid://shopify/ProductVariant/46498388705575;AN03578-16;16;74800.0;gid://shopify/Product/8609688682791;Anel Vita Eterna De Ouro Amarelo E Branco 18K E Diamante E Esmeralda;0;13;0;AN03578
gid://shopify/ProductVariant/46498388738343;gid://shopify/ProductVariant/46498388738343;AN03578-17;17;74800.0;gid://shopify/Product/8609688682791;Anel Vita Eterna De Ouro Amarelo E Branco 18K E Diamante E Esmeralda;0;13;0;AN03578
gid://shopify/ProductVariant/46498388771111;gid://shopify/ProductVariant/46498388771111;AN03578-18;18;74800.0;gid://shopify/Product/8609688682791;Anel Vita Eterna De Ouro Amarelo E Branco 18K E Diamante E Esmeralda;0;13;0;AN03578
gid://shopify/ProductVariant/46498388803879;gid://shopify/ProductVariant/46498388803879;AN03578-19;19;74800.0;gid://shopify/Product/8609688682791;Anel Vita Eterna De Ouro Amarelo E Branco 18K E Diamante E Esmeralda;0;13;0;AN03578
gid://shopify/ProductVariant/46498388836647;gid://shopify/ProductVariant/46498388836647;AN03578-20;20;74800.0;gid://shopify/Product/8609688682791;Anel Vita Eterna De Ouro Amarelo E Branco 18K E Diamante E Esmeralda;0;13;0;AN03578
gid://shopify/ProductVariant/46498388869415;gid://shopify/ProductVariant/46498388869415;AN03578-21;21;74800.0;gid://shopify/Product/8609688682791;Anel Vita Eterna De Ouro Amarelo E Branco 18K E Diamante E Esmeralda;0;13;0;AN03578
gid://shopify/ProductVariant/46498388902183;gid://shopify/ProductVariant/46498388902183;AN03578-22;22;74800.0;gid://shopify/Product/8609688682791;Anel Vita Eterna De Ouro Amarelo E Branco 18K E Diamante E Esmeralda;0;13;0;AN03578
gid://shopify/ProductVariant/46506764697895;gid://shopify/ProductVariant/46506764697895;AN02702-10;10;23000.0;gid://shopify/Product/8612227383591;Anel Especial De Ouro Branco 18K E Diamante Solitario;67;13;0;AN02702
gid://shopify/ProductVariant/46506764730663;gid://shopify/ProductVariant/46506764730663;AN02702-11;11;23000.0;gid://shopify/Product/8612227383591;Anel Especial De Ouro Branco 18K E Diamante Solitario;67;13;0;AN02702
gid://shopify/ProductVariant/46506764763431;gid://shopify/ProductVariant/46506764763431;AN02702-12;12;23000.0;gid://shopify/Product/8612227383591;Anel Especial De Ouro Branco 18K E Diamante Solitario;67;13;0;AN02702
gid://shopify/ProductVariant/46506764796199;gid://shopify/ProductVariant/46506764796199;AN02702-13;13;23000.0;gid://shopify/Product/8612227383591;Anel Especial De Ouro Branco 18K E Diamante Solitario;67;13;0;AN02702
gid://shopify/ProductVariant/46506764828967;gid://shopify/ProductVariant/46506764828967;AN02702-14;14;23000.0;gid://shopify/Product/8612227383591;Anel Especial De Ouro Branco 18K E Diamante Solitario;67;13;0;AN02702
gid://shopify/ProductVariant/46506764861735;gid://shopify/ProductVariant/46506764861735;AN02702-15;15;23000.0;gid://shopify/Product/8612227383591;Anel Especial De Ouro Branco 18K E Diamante Solitario;67;13;0;AN02702
gid://shopify/ProductVariant/46506764927271;gid://shopify/ProductVariant/46506764927271;AN02702-17;17;23000.0;gid://shopify/Product/8612227383591;Anel Especial De Ouro Branco 18K E Diamante Solitario;67;13;0;AN02702
gid://shopify/ProductVariant/46506764992807;gid://shopify/ProductVariant/46506764992807;AN02702-19;19;23000.0;gid://shopify/Product/8612227383591;Anel Especial De Ouro Branco 18K E Diamante Solitario;67;13;0;AN02702
gid://shopify/ProductVariant/46506765025575;gid://shopify/ProductVariant/46506765025575;AN02702-20;20;23000.0;gid://shopify/Product/8612227383591;Anel Especial De Ouro Branco 18K E Diamante Solitario;67;13;0;AN02702
gid://shopify/ProductVariant/46506765058343;gid://shopify/ProductVariant/46506765058343;AN02702-21;21;23000.0;gid://shopify/Product/8612227383591;Anel Especial De Ouro Branco 18K E Diamante Solitario;67;13;0;AN02702
gid://shopify/ProductVariant/46506765091111;gid://shopify/ProductVariant/46506765091111;AN02702-22;22;23000.0;gid://shopify/Product/8612227383591;Anel Especial De Ouro Branco 18K E Diamante Solitario;67;13;0;AN02702
gid://shopify/ProductVariant/46506765123879;gid://shopify/ProductVariant/46506765123879;AN03588-10;10;12500.0;gid://shopify/Product/8612227416359;Anel Especial De Ouro Branco 18K E Diamante Solitario;0;13;0;AN03588
gid://shopify/ProductVariant/46506765156647;gid://shopify/ProductVariant/46506765156647;AN03588-11;11;12500.0;gid://shopify/Product/8612227416359;Anel Especial De Ouro Branco 18K E Diamante Solitario;0;13;0;AN03588
gid://shopify/ProductVariant/46506765189415;gid://shopify/ProductVariant/46506765189415;AN03588-12;12;12500.0;gid://shopify/Product/8612227416359;Anel Especial De Ouro Branco 18K E Diamante Solitario;0;13;0;AN03588
gid://shopify/ProductVariant/46506765222183;gid://shopify/ProductVariant/46506765222183;AN03588-13;13;12500.0;gid://shopify/Product/8612227416359;Anel Especial De Ouro Branco 18K E Diamante Solitario;0;13;0;AN03588
gid://shopify/ProductVariant/46506765254951;gid://shopify/ProductVariant/46506765254951;AN03588-14;14;12500.0;gid://shopify/Product/8612227416359;Anel Especial De Ouro Branco 18K E Diamante Solitario;0;13;0;AN03588
gid://shopify/ProductVariant/46506765287719;gid://shopify/ProductVariant/46506765287719;AN03588-15;15;12500.0;gid://shopify/Product/8612227416359;Anel Especial De Ouro Branco 18K E Diamante Solitario;0;13;0;AN03588
gid://shopify/ProductVariant/46506765320487;gid://shopify/ProductVariant/46506765320487;AN03588-16;16;12500.0;gid://shopify/Product/8612227416359;Anel Especial De Ouro Branco 18K E Diamante Solitario;0;13;0;AN03588
gid://shopify/ProductVariant/46506765353255;gid://shopify/ProductVariant/46506765353255;AN03588-17;17;12500.0;gid://shopify/Product/8612227416359;Anel Especial De Ouro Branco 18K E Diamante Solitario;0;13;0;AN03588
gid://shopify/ProductVariant/46506765386023;gid://shopify/ProductVariant/46506765386023;AN03588-18;18;12500.0;gid://shopify/Product/8612227416359;Anel Especial De Ouro Branco 18K E Diamante Solitario;0;13;0;AN03588
gid://shopify/ProductVariant/46506765418791;gid://shopify/ProductVariant/46506765418791;AN03588-19;19;12500.0;gid://shopify/Product/8612227416359;Anel Especial De Ouro Branco 18K E Diamante Solitario;0;13;0;AN03588
gid://shopify/ProductVariant/46506765451559;gid://shopify/ProductVariant/46506765451559;AN03588-20;20;12500.0;gid://shopify/Product/8612227416359;Anel Especial De Ouro Branco 18K E Diamante Solitario;0;13;0;AN03588
gid://shopify/ProductVariant/46506765484327;gid://shopify/ProductVariant/46506765484327;AN03588-21;21;12500.0;gid://shopify/Product/8612227416359;Anel Especial De Ouro Branco 18K E Diamante Solitario;0;13;0;AN03588
gid://shopify/ProductVariant/46506765517095;gid://shopify/ProductVariant/46506765517095;AN03588-22;22;12500.0;gid://shopify/Product/8612227416359;Anel Especial De Ouro Branco 18K E Diamante Solitario;0;13;0;AN03588
gid://shopify/ProductVariant/46506765549863;gid://shopify/ProductVariant/46506765549863;AN02055-10;10;340000.0;gid://shopify/Product/8612227449127;Anel Especial De Ouro Branco 18K E Diamante Solitario;0;13;0;AN02055
gid://shopify/ProductVariant/46506765582631;gid://shopify/ProductVariant/46506765582631;AN02055-11;11;340000.0;gid://shopify/Product/8612227449127;Anel Especial De Ouro Branco 18K E Diamante Solitario;0;13;0;AN02055
gid://shopify/ProductVariant/46506765615399;gid://shopify/ProductVariant/46506765615399;AN02055-12;12;340000.0;gid://shopify/Product/8612227449127;Anel Especial De Ouro Branco 18K E Diamante Solitario;0;13;0;AN02055
gid://shopify/ProductVariant/46506765648167;gid://shopify/ProductVariant/46506765648167;AN02055-13;13;340000.0;gid://shopify/Product/8612227449127;Anel Especial De Ouro Branco 18K E Diamante Solitario;0;13;0;AN02055
gid://shopify/ProductVariant/46506765680935;gid://shopify/ProductVariant/46506765680935;AN02055-14;14;340000.0;gid://shopify/Product/8612227449127;Anel Especial De Ouro Branco 18K E Diamante Solitario;0;13;0;AN02055
gid://shopify/ProductVariant/46506765713703;gid://shopify/ProductVariant/46506765713703;AN02055-15;15;340000.0;gid://shopify/Product/8612227449127;Anel Especial De Ouro Branco 18K E Diamante Solitario;0;13;0;AN02055
gid://shopify/ProductVariant/46506765746471;gid://shopify/ProductVariant/46506765746471;AN02055-16;16;340000.0;gid://shopify/Product/8612227449127;Anel Especial De Ouro Branco 18K E Diamante Solitario;0;13;0;AN02055
gid://shopify/ProductVariant/46506765779239;gid://shopify/ProductVariant/46506765779239;AN02055-17;17;340000.0;gid://shopify/Product/8612227449127;Anel Especial De Ouro Branco 18K E Diamante Solitario;0;13;0;AN02055
gid://shopify/ProductVariant/46506765812007;gid://shopify/ProductVariant/46506765812007;AN02055-18;18;340000.0;gid://shopify/Product/8612227449127;Anel Especial De Ouro Branco 18K E Diamante Solitario;0;13;0;AN02055
gid://shopify/ProductVariant/46506765844775;gid://shopify/ProductVariant/46506765844775;AN02055-19;19;340000.0;gid://shopify/Product/8612227449127;Anel Especial De Ouro Branco 18K E Diamante Solitario;0;13;0;AN02055
gid://shopify/ProductVariant/46506765877543;gid://shopify/ProductVariant/46506765877543;AN02055-20;20;340000.0;gid://shopify/Product/8612227449127;Anel Especial De Ouro Branco 18K E Diamante Solitario;0;13;0;AN02055
gid://shopify/ProductVariant/46506765910311;gid://shopify/ProductVariant/46506765910311;AN02055-21;21;340000.0;gid://shopify/Product/8612227449127;Anel Especial De Ouro Branco 18K E Diamante Solitario;0;13;0;AN02055
gid://shopify/ProductVariant/46506765943079;gid://shopify/ProductVariant/46506765943079;AN02055-22;22;340000.0;gid://shopify/Product/8612227449127;Anel Especial De Ouro Branco 18K E Diamante Solitario;0;13;0;AN02055
gid://shopify/ProductVariant/46506765975847;gid://shopify/ProductVariant/46506765975847;AN02242-10;10;35000.0;gid://shopify/Product/8612227481895;Anel Especial De Ouro Branco 18K E Diamante Solitario;1;13;0;AN02242
gid://shopify/ProductVariant/46506766008615;gid://shopify/ProductVariant/46506766008615;AN02242-11;11;35000.0;gid://shopify/Product/8612227481895;Anel Especial De Ouro Branco 18K E Diamante Solitario;1;13;0;AN02242
gid://shopify/ProductVariant/46506766041383;gid://shopify/ProductVariant/46506766041383;AN02242-12;12;35000.0;gid://shopify/Product/8612227481895;Anel Especial De Ouro Branco 18K E Diamante Solitario;1;13;0;AN02242
gid://shopify/ProductVariant/46506766074151;gid://shopify/ProductVariant/46506766074151;AN02242-13;13;35000.0;gid://shopify/Product/8612227481895;Anel Especial De Ouro Branco 18K E Diamante Solitario;1;13;0;AN02242
gid://shopify/ProductVariant/46506766106919;gid://shopify/ProductVariant/46506766106919;AN02242-14;14;35000.0;gid://shopify/Product/8612227481895;Anel Especial De Ouro Branco 18K E Diamante Solitario;1;13;0;AN02242
gid://shopify/ProductVariant/46506766139687;gid://shopify/ProductVariant/46506766139687;AN02242-15;15;35000.0;gid://shopify/Product/8612227481895;Anel Especial De Ouro Branco 18K E Diamante Solitario;1;13;0;AN02242
gid://shopify/ProductVariant/46506766205223;gid://shopify/ProductVariant/46506766205223;AN02242-17;17;35000.0;gid://shopify/Product/8612227481895;Anel Especial De Ouro Branco 18K E Diamante Solitario;1;13;0;AN02242
gid://shopify/ProductVariant/46506766237991;gid://shopify/ProductVariant/46506766237991;AN02242-18;18;35000.0;gid://shopify/Product/8612227481895;Anel Especial De Ouro Branco 18K E Diamante Solitario;1;13;0;AN02242
gid://shopify/ProductVariant/46506766270759;gid://shopify/ProductVariant/46506766270759;AN02242-19;19;35000.0;gid://shopify/Product/8612227481895;Anel Especial De Ouro Branco 18K E Diamante Solitario;1;13;0;AN02242
gid://shopify/ProductVariant/46506766303527;gid://shopify/ProductVariant/46506766303527;AN02242-20;20;35000.0;gid://shopify/Product/8612227481895;Anel Especial De Ouro Branco 18K E Diamante Solitario;1;13;0;AN02242
gid://shopify/ProductVariant/46506766336295;gid://shopify/ProductVariant/46506766336295;AN02242-21;21;35000.0;gid://shopify/Product/8612227481895;Anel Especial De Ouro Branco 18K E Diamante Solitario;1;13;0;AN02242
gid://shopify/ProductVariant/46506766369063;gid://shopify/ProductVariant/46506766369063;AN02242-22;22;35000.0;gid://shopify/Product/8612227481895;Anel Especial De Ouro Branco 18K E Diamante Solitario;1;13;0;AN02242
gid://shopify/ProductVariant/46509280264487;gid://shopify/ProductVariant/46509280264487;AN02473-10;10;64000.0;gid://shopify/Product/8612627841319;Anel Especial De Ouro Branco 18K E Diamante Solitario;1;13;0;AN02473
gid://shopify/ProductVariant/46509280297255;gid://shopify/ProductVariant/46509280297255;AN02473-11;11;64000.0;gid://shopify/Product/8612627841319;Anel Especial De Ouro Branco 18K E Diamante Solitario;1;13;0;AN02473
gid://shopify/ProductVariant/46509280330023;gid://shopify/ProductVariant/46509280330023;AN02473-12;12;64000.0;gid://shopify/Product/8612627841319;Anel Especial De Ouro Branco 18K E Diamante Solitario;1;13;0;AN02473
gid://shopify/ProductVariant/46509280362791;gid://shopify/ProductVariant/46509280362791;AN02473-13;13;64000.0;gid://shopify/Product/8612627841319;Anel Especial De Ouro Branco 18K E Diamante Solitario;1;13;0;AN02473
gid://shopify/ProductVariant/46509280395559;gid://shopify/ProductVariant/46509280395559;AN02473-14;14;64000.0;gid://shopify/Product/8612627841319;Anel Especial De Ouro Branco 18K E Diamante Solitario;1;13;0;AN02473
gid://shopify/ProductVariant/46509280428327;gid://shopify/ProductVariant/46509280428327;AN02473-15;15;64000.0;gid://shopify/Product/8612627841319;Anel Especial De Ouro Branco 18K E Diamante Solitario;1;13;0;AN02473
gid://shopify/ProductVariant/46509280493863;gid://shopify/ProductVariant/46509280493863;AN02473-17;17;64000.0;gid://shopify/Product/8612627841319;Anel Especial De Ouro Branco 18K E Diamante Solitario;1;13;0;AN02473
gid://shopify/ProductVariant/46509280526631;gid://shopify/ProductVariant/46509280526631;AN02473-18;18;64000.0;gid://shopify/Product/8612627841319;Anel Especial De Ouro Branco 18K E Diamante Solitario;1;13;0;AN02473
gid://shopify/ProductVariant/46509280559399;gid://shopify/ProductVariant/46509280559399;AN02473-19;19;64000.0;gid://shopify/Product/8612627841319;Anel Especial De Ouro Branco 18K E Diamante Solitario;1;13;0;AN02473
gid://shopify/ProductVariant/46509280592167;gid://shopify/ProductVariant/46509280592167;AN02473-20;20;64000.0;gid://shopify/Product/8612627841319;Anel Especial De Ouro Branco 18K E Diamante Solitario;1;13;0;AN02473
gid://shopify/ProductVariant/46509280624935;gid://shopify/ProductVariant/46509280624935;AN02473-21;21;64000.0;gid://shopify/Product/8612627841319;Anel Especial De Ouro Branco 18K E Diamante Solitario;1;13;0;AN02473
gid://shopify/ProductVariant/46509280657703;gid://shopify/ProductVariant/46509280657703;AN02473-22;22;64000.0;gid://shopify/Product/8612627841319;Anel Especial De Ouro Branco 18K E Diamante Solitario;1;13;0;AN02473
gid://shopify/ProductVariant/46509281280295;gid://shopify/ProductVariant/46509281280295;AN02524-10;10;84500.0;gid://shopify/Product/8612628037927;Anel Especial De Ouro Branco 18K E Diamante Solitario;0;13;0;AN02524
gid://shopify/ProductVariant/46509281313063;gid://shopify/ProductVariant/46509281313063;AN02524-11;11;84500.0;gid://shopify/Product/8612628037927;Anel Especial De Ouro Branco 18K E Diamante Solitario;0;13;0;AN02524
gid://shopify/ProductVariant/46509281345831;gid://shopify/ProductVariant/46509281345831;AN02524-12;12;84500.0;gid://shopify/Product/8612628037927;Anel Especial De Ouro Branco 18K E Diamante Solitario;0;13;0;AN02524
gid://shopify/ProductVariant/46509281378599;gid://shopify/ProductVariant/46509281378599;AN02524-13;13;84500.0;gid://shopify/Product/8612628037927;Anel Especial De Ouro Branco 18K E Diamante Solitario;0;13;0;AN02524
gid://shopify/ProductVariant/46509281411367;gid://shopify/ProductVariant/46509281411367;AN02524-14;14;84500.0;gid://shopify/Product/8612628037927;Anel Especial De Ouro Branco 18K E Diamante Solitario;0;13;0;AN02524
gid://shopify/ProductVariant/46509281444135;gid://shopify/ProductVariant/46509281444135;AN02524-15;15;84500.0;gid://shopify/Product/8612628037927;Anel Especial De Ouro Branco 18K E Diamante Solitario;0;13;0;AN02524
gid://shopify/ProductVariant/46509281476903;gid://shopify/ProductVariant/46509281476903;AN02524-16;16;84500.0;gid://shopify/Product/8612628037927;Anel Especial De Ouro Branco 18K E Diamante Solitario;0;13;0;AN02524
gid://shopify/ProductVariant/46509281509671;gid://shopify/ProductVariant/46509281509671;AN02524-17;17;84500.0;gid://shopify/Product/8612628037927;Anel Especial De Ouro Branco 18K E Diamante Solitario;0;13;0;AN02524
gid://shopify/ProductVariant/46509281542439;gid://shopify/ProductVariant/46509281542439;AN02524-18;18;84500.0;gid://shopify/Product/8612628037927;Anel Especial De Ouro Branco 18K E Diamante Solitario;0;13;0;AN02524
gid://shopify/ProductVariant/46509281575207;gid://shopify/ProductVariant/46509281575207;AN02524-19;19;84500.0;gid://shopify/Product/8612628037927;Anel Especial De Ouro Branco 18K E Diamante Solitario;0;13;0;AN02524
gid://shopify/ProductVariant/46509281607975;gid://shopify/ProductVariant/46509281607975;AN02524-20;20;84500.0;gid://shopify/Product/8612628037927;Anel Especial De Ouro Branco 18K E Diamante Solitario;0;13;0;AN02524
gid://shopify/ProductVariant/46509281640743;gid://shopify/ProductVariant/46509281640743;AN02524-21;21;84500.0;gid://shopify/Product/8612628037927;Anel Especial De Ouro Branco 18K E Diamante Solitario;0;13;0;AN02524
gid://shopify/ProductVariant/46509281673511;gid://shopify/ProductVariant/46509281673511;AN02524-22;22;84500.0;gid://shopify/Product/8612628037927;Anel Especial De Ouro Branco 18K E Diamante Solitario;0;13;0;AN02524
gid://shopify/ProductVariant/46509282033959;gid://shopify/ProductVariant/46509282033959;AN02752-10;10;47000.0;gid://shopify/Product/8612628201767;Anel Especial De Ouro Branco 18K E Diamante Solitario;1;13;0;AN02752
gid://shopify/ProductVariant/46509282066727;gid://shopify/ProductVariant/46509282066727;AN02752-11;11;47000.0;gid://shopify/Product/8612628201767;Anel Especial De Ouro Branco 18K E Diamante Solitario;1;13;0;AN02752
gid://shopify/ProductVariant/46509282099495;gid://shopify/ProductVariant/46509282099495;AN02752-12;12;47000.0;gid://shopify/Product/8612628201767;Anel Especial De Ouro Branco 18K E Diamante Solitario;1;13;0;AN02752
gid://shopify/ProductVariant/46509282132263;gid://shopify/ProductVariant/46509282132263;AN02752-13;13;47000.0;gid://shopify/Product/8612628201767;Anel Especial De Ouro Branco 18K E Diamante Solitario;1;13;0;AN02752
gid://shopify/ProductVariant/46509282165031;gid://shopify/ProductVariant/46509282165031;AN02752-14;14;47000.0;gid://shopify/Product/8612628201767;Anel Especial De Ouro Branco 18K E Diamante Solitario;1;13;0;AN02752
gid://shopify/ProductVariant/46509282230567;gid://shopify/ProductVariant/46509282230567;AN02752-16;16;47000.0;gid://shopify/Product/8612628201767;Anel Especial De Ouro Branco 18K E Diamante Solitario;1;13;0;AN02752
gid://shopify/ProductVariant/46509282263335;gid://shopify/ProductVariant/46509282263335;AN02752-17;17;47000.0;gid://shopify/Product/8612628201767;Anel Especial De Ouro Branco 18K E Diamante Solitario;1;13;0;AN02752
gid://shopify/ProductVariant/46509282296103;gid://shopify/ProductVariant/46509282296103;AN02752-18;18;47000.0;gid://shopify/Product/8612628201767;Anel Especial De Ouro Branco 18K E Diamante Solitario;1;13;0;AN02752
gid://shopify/ProductVariant/46509282328871;gid://shopify/ProductVariant/46509282328871;AN02752-19;19;47000.0;gid://shopify/Product/8612628201767;Anel Especial De Ouro Branco 18K E Diamante Solitario;1;13;0;AN02752
gid://shopify/ProductVariant/46509282361639;gid://shopify/ProductVariant/46509282361639;AN02752-20;20;47000.0;gid://shopify/Product/8612628201767;Anel Especial De Ouro Branco 18K E Diamante Solitario;1;13;0;AN02752
gid://shopify/ProductVariant/46509282394407;gid://shopify/ProductVariant/46509282394407;AN02752-21;21;47000.0;gid://shopify/Product/8612628201767;Anel Especial De Ouro Branco 18K E Diamante Solitario;1;13;0;AN02752
gid://shopify/ProductVariant/46509282427175;gid://shopify/ProductVariant/46509282427175;AN02752-22;22;47000.0;gid://shopify/Product/8612628201767;Anel Especial De Ouro Branco 18K E Diamante Solitario;1;13;0;AN02752
gid://shopify/ProductVariant/46509284426023;gid://shopify/ProductVariant/46509284426023;AN02943-10;10;55000.0;gid://shopify/Product/8612628267303;Anel Especial De Ouro Branco 18K Com Rodio Negro E Diamante Solitario;1;13;0;AN02943
gid://shopify/ProductVariant/46509284458791;gid://shopify/ProductVariant/46509284458791;AN02943-11;11;55000.0;gid://shopify/Product/8612628267303;Anel Especial De Ouro Branco 18K Com Rodio Negro E Diamante Solitario;1;13;0;AN02943
gid://shopify/ProductVariant/46509284491559;gid://shopify/ProductVariant/46509284491559;AN02943-12;12;55000.0;gid://shopify/Product/8612628267303;Anel Especial De Ouro Branco 18K Com Rodio Negro E Diamante Solitario;1;13;0;AN02943
gid://shopify/ProductVariant/46509284524327;gid://shopify/ProductVariant/46509284524327;AN02943-13;13;55000.0;gid://shopify/Product/8612628267303;Anel Especial De Ouro Branco 18K Com Rodio Negro E Diamante Solitario;1;13;0;AN02943
gid://shopify/ProductVariant/46509284557095;gid://shopify/ProductVariant/46509284557095;AN02943-14;14;55000.0;gid://shopify/Product/8612628267303;Anel Especial De Ouro Branco 18K Com Rodio Negro E Diamante Solitario;1;13;0;AN02943
gid://shopify/ProductVariant/46509284589863;gid://shopify/ProductVariant/46509284589863;AN02943-15;15;55000.0;gid://shopify/Product/8612628267303;Anel Especial De Ouro Branco 18K Com Rodio Negro E Diamante Solitario;1;13;0;AN02943
gid://shopify/ProductVariant/46509284655399;gid://shopify/ProductVariant/46509284655399;AN02943-17;17;55000.0;gid://shopify/Product/8612628267303;Anel Especial De Ouro Branco 18K Com Rodio Negro E Diamante Solitario;1;13;0;AN02943
gid://shopify/ProductVariant/46509284688167;gid://shopify/ProductVariant/46509284688167;AN02943-18;18;55000.0;gid://shopify/Product/8612628267303;Anel Especial De Ouro Branco 18K Com Rodio Negro E Diamante Solitario;1;13;0;AN02943
gid://shopify/ProductVariant/46509284720935;gid://shopify/ProductVariant/46509284720935;AN02943-19;19;55000.0;gid://shopify/Product/8612628267303;Anel Especial De Ouro Branco 18K Com Rodio Negro E Diamante Solitario;1;13;0;AN02943
gid://shopify/ProductVariant/46509284753703;gid://shopify/ProductVariant/46509284753703;AN02943-20;20;55000.0;gid://shopify/Product/8612628267303;Anel Especial De Ouro Branco 18K Com Rodio Negro E Diamante Solitario;1;13;0;AN02943
gid://shopify/ProductVariant/46509284786471;gid://shopify/ProductVariant/46509284786471;AN02943-21;21;55000.0;gid://shopify/Product/8612628267303;Anel Especial De Ouro Branco 18K Com Rodio Negro E Diamante Solitario;1;13;0;AN02943
gid://shopify/ProductVariant/46509284819239;gid://shopify/ProductVariant/46509284819239;AN02943-22;22;55000.0;gid://shopify/Product/8612628267303;Anel Especial De Ouro Branco 18K Com Rodio Negro E Diamante Solitario;1;13;0;AN02943
gid://shopify/ProductVariant/46509285310759;gid://shopify/ProductVariant/46509285310759;AN03188-10;10;30500.0;gid://shopify/Product/8612628398375;Anel Especial De Ouro Branco 18K E Diamante Solitario;65;13;0;AN03188
gid://shopify/ProductVariant/46509285343527;gid://shopify/ProductVariant/46509285343527;AN03188-11;11;30500.0;gid://shopify/Product/8612628398375;Anel Especial De Ouro Branco 18K E Diamante Solitario;65;13;0;AN03188
gid://shopify/ProductVariant/46509285376295;gid://shopify/ProductVariant/46509285376295;AN03188-12;12;30500.0;gid://shopify/Product/8612628398375;Anel Especial De Ouro Branco 18K E Diamante Solitario;65;13;0;AN03188
gid://shopify/ProductVariant/46509285409063;gid://shopify/ProductVariant/46509285409063;AN03188-13;13;30500.0;gid://shopify/Product/8612628398375;Anel Especial De Ouro Branco 18K E Diamante Solitario;65;13;0;AN03188
gid://shopify/ProductVariant/46509285441831;gid://shopify/ProductVariant/46509285441831;AN03188-14;14;30500.0;gid://shopify/Product/8612628398375;Anel Especial De Ouro Branco 18K E Diamante Solitario;65;13;0;AN03188
gid://shopify/ProductVariant/46509285474599;gid://shopify/ProductVariant/46509285474599;AN03188-15;15;30500.0;gid://shopify/Product/8612628398375;Anel Especial De Ouro Branco 18K E Diamante Solitario;65;13;0;AN03188
gid://shopify/ProductVariant/46509285507367;gid://shopify/ProductVariant/46509285507367;AN03188-16;16;30500.0;gid://shopify/Product/8612628398375;Anel Especial De Ouro Branco 18K E Diamante Solitario;65;13;0;AN03188
gid://shopify/ProductVariant/46509285540135;gid://shopify/ProductVariant/46509285540135;AN03188-17;17;30500.0;gid://shopify/Product/8612628398375;Anel Especial De Ouro Branco 18K E Diamante Solitario;65;13;0;AN03188
gid://shopify/ProductVariant/46509285572903;gid://shopify/ProductVariant/46509285572903;AN03188-18;18;30500.0;gid://shopify/Product/8612628398375;Anel Especial De Ouro Branco 18K E Diamante Solitario;65;13;0;AN03188
gid://shopify/ProductVariant/46509285605671;gid://shopify/ProductVariant/46509285605671;AN03188-19;19;30500.0;gid://shopify/Product/8612628398375;Anel Especial De Ouro Branco 18K E Diamante Solitario;65;13;0;AN03188
gid://shopify/ProductVariant/46509285638439;gid://shopify/ProductVariant/46509285638439;AN03188-20;20;30500.0;gid://shopify/Product/8612628398375;Anel Especial De Ouro Branco 18K E Diamante Solitario;65;13;0;AN03188
gid://shopify/ProductVariant/46509285671207;gid://shopify/ProductVariant/46509285671207;AN03188-21;21;30500.0;gid://shopify/Product/8612628398375;Anel Especial De Ouro Branco 18K E Diamante Solitario;65;13;0;AN03188
gid://shopify/ProductVariant/46509285703975;gid://shopify/ProductVariant/46509285703975;AN03188-22;22;30500.0;gid://shopify/Product/8612628398375;Anel Especial De Ouro Branco 18K E Diamante Solitario;65;13;0;AN03188
gid://shopify/ProductVariant/46509286064423;gid://shopify/ProductVariant/46509286064423;AN03227-10;10;71200.0;gid://shopify/Product/8612628529447;Anel Especial De Ouro Branco 18K E Diamante Solitario;1;13;0;AN03227
gid://shopify/ProductVariant/46509286097191;gid://shopify/ProductVariant/46509286097191;AN03227-11;11;71200.0;gid://shopify/Product/8612628529447;Anel Especial De Ouro Branco 18K E Diamante Solitario;1;13;0;AN03227
gid://shopify/ProductVariant/46509286129959;gid://shopify/ProductVariant/46509286129959;AN03227-12;12;71200.0;gid://shopify/Product/8612628529447;Anel Especial De Ouro Branco 18K E Diamante Solitario;1;13;0;AN03227
gid://shopify/ProductVariant/46509286195495;gid://shopify/ProductVariant/46509286195495;AN03227-14;14;71200.0;gid://shopify/Product/8612628529447;Anel Especial De Ouro Branco 18K E Diamante Solitario;1;13;0;AN03227
gid://shopify/ProductVariant/46509286228263;gid://shopify/ProductVariant/46509286228263;AN03227-15;15;71200.0;gid://shopify/Product/8612628529447;Anel Especial De Ouro Branco 18K E Diamante Solitario;1;13;0;AN03227
gid://shopify/ProductVariant/46509286261031;gid://shopify/ProductVariant/46509286261031;AN03227-16;16;71200.0;gid://shopify/Product/8612628529447;Anel Especial De Ouro Branco 18K E Diamante Solitario;1;13;0;AN03227
gid://shopify/ProductVariant/46509286293799;gid://shopify/ProductVariant/46509286293799;AN03227-17;17;71200.0;gid://shopify/Product/8612628529447;Anel Especial De Ouro Branco 18K E Diamante Solitario;1;13;0;AN03227
gid://shopify/ProductVariant/46509286326567;gid://shopify/ProductVariant/46509286326567;AN03227-18;18;71200.0;gid://shopify/Product/8612628529447;Anel Especial De Ouro Branco 18K E Diamante Solitario;1;13;0;AN03227
gid://shopify/ProductVariant/46509286359335;gid://shopify/ProductVariant/46509286359335;AN03227-19;19;71200.0;gid://shopify/Product/8612628529447;Anel Especial De Ouro Branco 18K E Diamante Solitario;1;13;0;AN03227
gid://shopify/ProductVariant/46509286392103;gid://shopify/ProductVariant/46509286392103;AN03227-20;20;71200.0;gid://shopify/Product/8612628529447;Anel Especial De Ouro Branco 18K E Diamante Solitario;1;13;0;AN03227
gid://shopify/ProductVariant/46509286424871;gid://shopify/ProductVariant/46509286424871;AN03227-21;21;71200.0;gid://shopify/Product/8612628529447;Anel Especial De Ouro Branco 18K E Diamante Solitario;1;13;0;AN03227
gid://shopify/ProductVariant/46509286457639;gid://shopify/ProductVariant/46509286457639;AN03227-22;22;71200.0;gid://shopify/Product/8612628529447;Anel Especial De Ouro Branco 18K E Diamante Solitario;1;13;0;AN03227
gid://shopify/ProductVariant/46509287473447;gid://shopify/ProductVariant/46509287473447;AN03240-10;10;73600.0;gid://shopify/Product/8612628693287;Anel Especial De Ouro Branco 18K E Diamante Solitario;1;13;0;AN03240
gid://shopify/ProductVariant/46509287506215;gid://shopify/ProductVariant/46509287506215;AN03240-11;11;73600.0;gid://shopify/Product/8612628693287;Anel Especial De Ouro Branco 18K E Diamante Solitario;1;13;0;AN03240
gid://shopify/ProductVariant/46509287538983;gid://shopify/ProductVariant/46509287538983;AN03240-12;12;73600.0;gid://shopify/Product/8612628693287;Anel Especial De Ouro Branco 18K E Diamante Solitario;1;13;0;AN03240
gid://shopify/ProductVariant/46509287571751;gid://shopify/ProductVariant/46509287571751;AN03240-13;13;73600.0;gid://shopify/Product/8612628693287;Anel Especial De Ouro Branco 18K E Diamante Solitario;1;13;0;AN03240
gid://shopify/ProductVariant/46509287604519;gid://shopify/ProductVariant/46509287604519;AN03240-14;14;73600.0;gid://shopify/Product/8612628693287;Anel Especial De Ouro Branco 18K E Diamante Solitario;1;13;0;AN03240
gid://shopify/ProductVariant/46509287637287;gid://shopify/ProductVariant/46509287637287;AN03240-15;15;73600.0;gid://shopify/Product/8612628693287;Anel Especial De Ouro Branco 18K E Diamante Solitario;1;13;0;AN03240
gid://shopify/ProductVariant/46509287670055;gid://shopify/ProductVariant/46509287670055;AN03240-16;16;73600.0;gid://shopify/Product/8612628693287;Anel Especial De Ouro Branco 18K E Diamante Solitario;1;13;0;AN03240
gid://shopify/ProductVariant/46509287735591;gid://shopify/ProductVariant/46509287735591;AN03240-18;18;73600.0;gid://shopify/Product/8612628693287;Anel Especial De Ouro Branco 18K E Diamante Solitario;1;13;0;AN03240
gid://shopify/ProductVariant/46509287768359;gid://shopify/ProductVariant/46509287768359;AN03240-19;19;73600.0;gid://shopify/Product/8612628693287;Anel Especial De Ouro Branco 18K E Diamante Solitario;1;13;0;AN03240
gid://shopify/ProductVariant/46509287801127;gid://shopify/ProductVariant/46509287801127;AN03240-20;20;73600.0;gid://shopify/Product/8612628693287;Anel Especial De Ouro Branco 18K E Diamante Solitario;1;13;0;AN03240
gid://shopify/ProductVariant/46509287833895;gid://shopify/ProductVariant/46509287833895;AN03240-21;21;73600.0;gid://shopify/Product/8612628693287;Anel Especial De Ouro Branco 18K E Diamante Solitario;1;13;0;AN03240
gid://shopify/ProductVariant/46509287866663;gid://shopify/ProductVariant/46509287866663;AN03240-22;22;73600.0;gid://shopify/Product/8612628693287;Anel Especial De Ouro Branco 18K E Diamante Solitario;1;13;0;AN03240
gid://shopify/ProductVariant/46509287997735;gid://shopify/ProductVariant/46509287997735;AN03290-10;10;30500.0;gid://shopify/Product/8612628857127;Anel Especial De Ouro Branco 18K E Diamante Solitario;0;13;0;AN03290
gid://shopify/ProductVariant/46509288030503;gid://shopify/ProductVariant/46509288030503;AN03290-11;11;30500.0;gid://shopify/Product/8612628857127;Anel Especial De Ouro Branco 18K E Diamante Solitario;0;13;0;AN03290
gid://shopify/ProductVariant/46509288063271;gid://shopify/ProductVariant/46509288063271;AN03290-12;12;30500.0;gid://shopify/Product/8612628857127;Anel Especial De Ouro Branco 18K E Diamante Solitario;0;13;0;AN03290
gid://shopify/ProductVariant/46509288096039;gid://shopify/ProductVariant/46509288096039;AN03290-13;13;30500.0;gid://shopify/Product/8612628857127;Anel Especial De Ouro Branco 18K E Diamante Solitario;0;13;0;AN03290
gid://shopify/ProductVariant/46509288128807;gid://shopify/ProductVariant/46509288128807;AN03290-14;14;30500.0;gid://shopify/Product/8612628857127;Anel Especial De Ouro Branco 18K E Diamante Solitario;0;13;0;AN03290
gid://shopify/ProductVariant/46509288161575;gid://shopify/ProductVariant/46509288161575;AN03290-15;15;30500.0;gid://shopify/Product/8612628857127;Anel Especial De Ouro Branco 18K E Diamante Solitario;0;13;0;AN03290
gid://shopify/ProductVariant/46509288194343;gid://shopify/ProductVariant/46509288194343;AN03290-16;16;30500.0;gid://shopify/Product/8612628857127;Anel Especial De Ouro Branco 18K E Diamante Solitario;0;13;0;AN03290
gid://shopify/ProductVariant/46509288227111;gid://shopify/ProductVariant/46509288227111;AN03290-17;17;30500.0;gid://shopify/Product/8612628857127;Anel Especial De Ouro Branco 18K E Diamante Solitario;0;13;0;AN03290
gid://shopify/ProductVariant/46509288259879;gid://shopify/ProductVariant/46509288259879;AN03290-18;18;30500.0;gid://shopify/Product/8612628857127;Anel Especial De Ouro Branco 18K E Diamante Solitario;0;13;0;AN03290
gid://shopify/ProductVariant/46509288292647;gid://shopify/ProductVariant/46509288292647;AN03290-19;19;30500.0;gid://shopify/Product/8612628857127;Anel Especial De Ouro Branco 18K E Diamante Solitario;0;13;0;AN03290
gid://shopify/ProductVariant/46509288325415;gid://shopify/ProductVariant/46509288325415;AN03290-20;20;30500.0;gid://shopify/Product/8612628857127;Anel Especial De Ouro Branco 18K E Diamante Solitario;0;13;0;AN03290
gid://shopify/ProductVariant/46509288358183;gid://shopify/ProductVariant/46509288358183;AN03290-21;21;30500.0;gid://shopify/Product/8612628857127;Anel Especial De Ouro Branco 18K E Diamante Solitario;0;13;0;AN03290
gid://shopify/ProductVariant/46509288390951;gid://shopify/ProductVariant/46509288390951;AN03290-22;22;30500.0;gid://shopify/Product/8612628857127;Anel Especial De Ouro Branco 18K E Diamante Solitario;0;13;0;AN03290
gid://shopify/ProductVariant/46509291831591;gid://shopify/ProductVariant/46509291831591;AN03523-10;10;63000.0;gid://shopify/Product/8612629086503;Anel Especial De Ouro Branco 18K E Diamante Solitario;1;13;0;AN03523
gid://shopify/ProductVariant/46509291864359;gid://shopify/ProductVariant/46509291864359;AN03523-11;11;63000.0;gid://shopify/Product/8612629086503;Anel Especial De Ouro Branco 18K E Diamante Solitario;1;13;0;AN03523
gid://shopify/ProductVariant/46509291897127;gid://shopify/ProductVariant/46509291897127;AN03523-12;12;63000.0;gid://shopify/Product/8612629086503;Anel Especial De Ouro Branco 18K E Diamante Solitario;1;13;0;AN03523
gid://shopify/ProductVariant/46509291929895;gid://shopify/ProductVariant/46509291929895;AN03523-13;13;63000.0;gid://shopify/Product/8612629086503;Anel Especial De Ouro Branco 18K E Diamante Solitario;1;13;0;AN03523
gid://shopify/ProductVariant/46509291995431;gid://shopify/ProductVariant/46509291995431;AN03523-15;15;63000.0;gid://shopify/Product/8612629086503;Anel Especial De Ouro Branco 18K E Diamante Solitario;1;13;0;AN03523
gid://shopify/ProductVariant/46509292028199;gid://shopify/ProductVariant/46509292028199;AN03523-16;16;63000.0;gid://shopify/Product/8612629086503;Anel Especial De Ouro Branco 18K E Diamante Solitario;1;13;0;AN03523
gid://shopify/ProductVariant/46509292060967;gid://shopify/ProductVariant/46509292060967;AN03523-17;17;63000.0;gid://shopify/Product/8612629086503;Anel Especial De Ouro Branco 18K E Diamante Solitario;1;13;0;AN03523
gid://shopify/ProductVariant/46509292093735;gid://shopify/ProductVariant/46509292093735;AN03523-18;18;63000.0;gid://shopify/Product/8612629086503;Anel Especial De Ouro Branco 18K E Diamante Solitario;1;13;0;AN03523
gid://shopify/ProductVariant/46509292126503;gid://shopify/ProductVariant/46509292126503;AN03523-19;19;63000.0;gid://shopify/Product/8612629086503;Anel Especial De Ouro Branco 18K E Diamante Solitario;1;13;0;AN03523
gid://shopify/ProductVariant/46509292159271;gid://shopify/ProductVariant/46509292159271;AN03523-20;20;63000.0;gid://shopify/Product/8612629086503;Anel Especial De Ouro Branco 18K E Diamante Solitario;1;13;0;AN03523
gid://shopify/ProductVariant/46509292192039;gid://shopify/ProductVariant/46509292192039;AN03523-21;21;63000.0;gid://shopify/Product/8612629086503;Anel Especial De Ouro Branco 18K E Diamante Solitario;1;13;0;AN03523
gid://shopify/ProductVariant/46509292224807;gid://shopify/ProductVariant/46509292224807;AN03523-22;22;63000.0;gid://shopify/Product/8612629086503;Anel Especial De Ouro Branco 18K E Diamante Solitario;1;13;0;AN03523
gid://shopify/ProductVariant/46509292716327;gid://shopify/ProductVariant/46509292716327;AN03046-10;10;19000.0;gid://shopify/Product/8612629217575;Anel Lifestyle De Ouro Branco 18K Com Rodio Negro E Diamante;67;13;0;AN03046
gid://shopify/ProductVariant/46509292749095;gid://shopify/ProductVariant/46509292749095;AN03046-11;11;19000.0;gid://shopify/Product/8612629217575;Anel Lifestyle De Ouro Branco 18K Com Rodio Negro E Diamante;67;13;0;AN03046
gid://shopify/ProductVariant/46509292781863;gid://shopify/ProductVariant/46509292781863;AN03046-12;12;19000.0;gid://shopify/Product/8612629217575;Anel Lifestyle De Ouro Branco 18K Com Rodio Negro E Diamante;67;13;0;AN03046
gid://shopify/ProductVariant/46509292814631;gid://shopify/ProductVariant/46509292814631;AN03046-13;13;19000.0;gid://shopify/Product/8612629217575;Anel Lifestyle De Ouro Branco 18K Com Rodio Negro E Diamante;67;13;0;AN03046
gid://shopify/ProductVariant/46509292847399;gid://shopify/ProductVariant/46509292847399;AN03046-14;14;19000.0;gid://shopify/Product/8612629217575;Anel Lifestyle De Ouro Branco 18K Com Rodio Negro E Diamante;67;13;0;AN03046
gid://shopify/ProductVariant/46509292880167;gid://shopify/ProductVariant/46509292880167;AN03046-15;15;19000.0;gid://shopify/Product/8612629217575;Anel Lifestyle De Ouro Branco 18K Com Rodio Negro E Diamante;67;13;0;AN03046
gid://shopify/ProductVariant/46509292978471;gid://shopify/ProductVariant/46509292978471;AN03046-18;18;19000.0;gid://shopify/Product/8612629217575;Anel Lifestyle De Ouro Branco 18K Com Rodio Negro E Diamante;67;13;0;AN03046
gid://shopify/ProductVariant/46509293011239;gid://shopify/ProductVariant/46509293011239;AN03046-19;19;19000.0;gid://shopify/Product/8612629217575;Anel Lifestyle De Ouro Branco 18K Com Rodio Negro E Diamante;67;13;0;AN03046
gid://shopify/ProductVariant/46509293044007;gid://shopify/ProductVariant/46509293044007;AN03046-20;20;19000.0;gid://shopify/Product/8612629217575;Anel Lifestyle De Ouro Branco 18K Com Rodio Negro E Diamante;67;13;0;AN03046
gid://shopify/ProductVariant/46509293076775;gid://shopify/ProductVariant/46509293076775;AN03046-21;21;19000.0;gid://shopify/Product/8612629217575;Anel Lifestyle De Ouro Branco 18K Com Rodio Negro E Diamante;67;13;0;AN03046
gid://shopify/ProductVariant/46509293109543;gid://shopify/ProductVariant/46509293109543;AN03046-22;22;19000.0;gid://shopify/Product/8612629217575;Anel Lifestyle De Ouro Branco 18K Com Rodio Negro E Diamante;67;13;0;AN03046
gid://shopify/ProductVariant/46509294846247;gid://shopify/ProductVariant/46509294846247;AN03043-10;10;18000.0;gid://shopify/Product/8612629381415;Anel Lifestyle De Ouro Branco 18K Com Rodio Negro E Diamante;66;13;0;AN03043
gid://shopify/ProductVariant/46509294879015;gid://shopify/ProductVariant/46509294879015;AN03043-11;11;18000.0;gid://shopify/Product/8612629381415;Anel Lifestyle De Ouro Branco 18K Com Rodio Negro E Diamante;66;13;0;AN03043
gid://shopify/ProductVariant/46509294911783;gid://shopify/ProductVariant/46509294911783;AN03043-12;12;18000.0;gid://shopify/Product/8612629381415;Anel Lifestyle De Ouro Branco 18K Com Rodio Negro E Diamante;66;13;0;AN03043
gid://shopify/ProductVariant/46509294944551;gid://shopify/ProductVariant/46509294944551;AN03043-13;13;18000.0;gid://shopify/Product/8612629381415;Anel Lifestyle De Ouro Branco 18K Com Rodio Negro E Diamante;66;13;0;AN03043
gid://shopify/ProductVariant/46509294977319;gid://shopify/ProductVariant/46509294977319;AN03043-14;14;18000.0;gid://shopify/Product/8612629381415;Anel Lifestyle De Ouro Branco 18K Com Rodio Negro E Diamante;66;13;0;AN03043
gid://shopify/ProductVariant/46509295010087;gid://shopify/ProductVariant/46509295010087;AN03043-15;15;18000.0;gid://shopify/Product/8612629381415;Anel Lifestyle De Ouro Branco 18K Com Rodio Negro E Diamante;66;13;0;AN03043
gid://shopify/ProductVariant/46509295075623;gid://shopify/ProductVariant/46509295075623;AN03043-17;17;18000.0;gid://shopify/Product/8612629381415;Anel Lifestyle De Ouro Branco 18K Com Rodio Negro E Diamante;66;13;0;AN03043
gid://shopify/ProductVariant/46509295108391;gid://shopify/ProductVariant/46509295108391;AN03043-18;18;18000.0;gid://shopify/Product/8612629381415;Anel Lifestyle De Ouro Branco 18K Com Rodio Negro E Diamante;66;13;0;AN03043
gid://shopify/ProductVariant/46509295141159;gid://shopify/ProductVariant/46509295141159;AN03043-19;19;18000.0;gid://shopify/Product/8612629381415;Anel Lifestyle De Ouro Branco 18K Com Rodio Negro E Diamante;66;13;0;AN03043
gid://shopify/ProductVariant/46509295173927;gid://shopify/ProductVariant/46509295173927;AN03043-20;20;18000.0;gid://shopify/Product/8612629381415;Anel Lifestyle De Ouro Branco 18K Com Rodio Negro E Diamante;66;13;0;AN03043
gid://shopify/ProductVariant/46509295206695;gid://shopify/ProductVariant/46509295206695;AN03043-21;21;18000.0;gid://shopify/Product/8612629381415;Anel Lifestyle De Ouro Branco 18K Com Rodio Negro E Diamante;66;13;0;AN03043
gid://shopify/ProductVariant/46509295239463;gid://shopify/ProductVariant/46509295239463;AN03043-22;22;18000.0;gid://shopify/Product/8612629381415;Anel Lifestyle De Ouro Branco 18K Com Rodio Negro E Diamante;66;13;0;AN03043
gid://shopify/ProductVariant/46509296615719;gid://shopify/ProductVariant/46509296615719;AN03289-10;10;36000.0;gid://shopify/Product/8612629512487;Anel Lifestyle De Ouro Branco 18K E Diamante Solitario;0;13;0;AN03289
gid://shopify/ProductVariant/46509296648487;gid://shopify/ProductVariant/46509296648487;AN03289-11;11;36000.0;gid://shopify/Product/8612629512487;Anel Lifestyle De Ouro Branco 18K E Diamante Solitario;0;13;0;AN03289
gid://shopify/ProductVariant/46509296681255;gid://shopify/ProductVariant/46509296681255;AN03289-12;12;36000.0;gid://shopify/Product/8612629512487;Anel Lifestyle De Ouro Branco 18K E Diamante Solitario;0;13;0;AN03289
gid://shopify/ProductVariant/46509296714023;gid://shopify/ProductVariant/46509296714023;AN03289-13;13;36000.0;gid://shopify/Product/8612629512487;Anel Lifestyle De Ouro Branco 18K E Diamante Solitario;0;13;0;AN03289
gid://shopify/ProductVariant/46509296746791;gid://shopify/ProductVariant/46509296746791;AN03289-14;14;36000.0;gid://shopify/Product/8612629512487;Anel Lifestyle De Ouro Branco 18K E Diamante Solitario;0;13;0;AN03289
gid://shopify/ProductVariant/46509296779559;gid://shopify/ProductVariant/46509296779559;AN03289-15;15;36000.0;gid://shopify/Product/8612629512487;Anel Lifestyle De Ouro Branco 18K E Diamante Solitario;0;13;0;AN03289
gid://shopify/ProductVariant/46509296812327;gid://shopify/ProductVariant/46509296812327;AN03289-16;16;36000.0;gid://shopify/Product/8612629512487;Anel Lifestyle De Ouro Branco 18K E Diamante Solitario;0;13;0;AN03289
gid://shopify/ProductVariant/46509296845095;gid://shopify/ProductVariant/46509296845095;AN03289-17;17;36000.0;gid://shopify/Product/8612629512487;Anel Lifestyle De Ouro Branco 18K E Diamante Solitario;0;13;0;AN03289
gid://shopify/ProductVariant/46509296877863;gid://shopify/ProductVariant/46509296877863;AN03289-18;18;36000.0;gid://shopify/Product/8612629512487;Anel Lifestyle De Ouro Branco 18K E Diamante Solitario;0;13;0;AN03289
gid://shopify/ProductVariant/46509296910631;gid://shopify/ProductVariant/46509296910631;AN03289-19;19;36000.0;gid://shopify/Product/8612629512487;Anel Lifestyle De Ouro Branco 18K E Diamante Solitario;0;13;0;AN03289
gid://shopify/ProductVariant/46509296943399;gid://shopify/ProductVariant/46509296943399;AN03289-20;20;36000.0;gid://shopify/Product/8612629512487;Anel Lifestyle De Ouro Branco 18K E Diamante Solitario;0;13;0;AN03289
gid://shopify/ProductVariant/46509296976167;gid://shopify/ProductVariant/46509296976167;AN03289-21;21;36000.0;gid://shopify/Product/8612629512487;Anel Lifestyle De Ouro Branco 18K E Diamante Solitario;0;13;0;AN03289
gid://shopify/ProductVariant/46509297008935;gid://shopify/ProductVariant/46509297008935;AN03289-22;22;36000.0;gid://shopify/Product/8612629512487;Anel Lifestyle De Ouro Branco 18K E Diamante Solitario;0;13;0;AN03289
gid://shopify/ProductVariant/46509297303847;gid://shopify/ProductVariant/46509297303847;AN02803-10;10;12000.0;gid://shopify/Product/8612629709095;Anel Maes 2013 De Ouro Branco 18K Com Rodio Negro E Diamante E Safira;1;13;0;AN02803
gid://shopify/ProductVariant/46509297336615;gid://shopify/ProductVariant/46509297336615;AN02803-11;11;12000.0;gid://shopify/Product/8612629709095;Anel Maes 2013 De Ouro Branco 18K Com Rodio Negro E Diamante E Safira;1;13;0;AN02803
gid://shopify/ProductVariant/46509297369383;gid://shopify/ProductVariant/46509297369383;AN02803-12;12;12000.0;gid://shopify/Product/8612629709095;Anel Maes 2013 De Ouro Branco 18K Com Rodio Negro E Diamante E Safira;1;13;0;AN02803
gid://shopify/ProductVariant/46509297402151;gid://shopify/ProductVariant/46509297402151;AN02803-13;13;12000.0;gid://shopify/Product/8612629709095;Anel Maes 2013 De Ouro Branco 18K Com Rodio Negro E Diamante E Safira;1;13;0;AN02803
gid://shopify/ProductVariant/46509297434919;gid://shopify/ProductVariant/46509297434919;AN02803-14;14;12000.0;gid://shopify/Product/8612629709095;Anel Maes 2013 De Ouro Branco 18K Com Rodio Negro E Diamante E Safira;1;13;0;AN02803
gid://shopify/ProductVariant/46509297467687;gid://shopify/ProductVariant/46509297467687;AN02803-15;15;12000.0;gid://shopify/Product/8612629709095;Anel Maes 2013 De Ouro Branco 18K Com Rodio Negro E Diamante E Safira;1;13;0;AN02803
gid://shopify/ProductVariant/46509297500455;gid://shopify/ProductVariant/46509297500455;AN02803-16;16;12000.0;gid://shopify/Product/8612629709095;Anel Maes 2013 De Ouro Branco 18K Com Rodio Negro E Diamante E Safira;1;13;0;AN02803
gid://shopify/ProductVariant/46509297533223;gid://shopify/ProductVariant/46509297533223;AN02803-17;17;12000.0;gid://shopify/Product/8612629709095;Anel Maes 2013 De Ouro Branco 18K Com Rodio Negro E Diamante E Safira;1;13;0;AN02803
gid://shopify/ProductVariant/46509297598759;gid://shopify/ProductVariant/46509297598759;AN02803-19;19;12000.0;gid://shopify/Product/8612629709095;Anel Maes 2013 De Ouro Branco 18K Com Rodio Negro E Diamante E Safira;1;13;0;AN02803
gid://shopify/ProductVariant/46509297631527;gid://shopify/ProductVariant/46509297631527;AN02803-20;20;12000.0;gid://shopify/Product/8612629709095;Anel Maes 2013 De Ouro Branco 18K Com Rodio Negro E Diamante E Safira;1;13;0;AN02803
gid://shopify/ProductVariant/46509297664295;gid://shopify/ProductVariant/46509297664295;AN02803-21;21;12000.0;gid://shopify/Product/8612629709095;Anel Maes 2013 De Ouro Branco 18K Com Rodio Negro E Diamante E Safira;1;13;0;AN02803
gid://shopify/ProductVariant/46509297697063;gid://shopify/ProductVariant/46509297697063;AN02803-22;22;12000.0;gid://shopify/Product/8612629709095;Anel Maes 2013 De Ouro Branco 18K Com Rodio Negro E Diamante E Safira;1;13;0;AN02803
gid://shopify/ProductVariant/46509300384039;gid://shopify/ProductVariant/46509300384039;AN02936-10;10;41000.0;gid://shopify/Product/8612629938471;Anel Maes 2013 De Ouro Branco 18K E Diamante Solitario;0;13;0;AN02936
gid://shopify/ProductVariant/46509300416807;gid://shopify/ProductVariant/46509300416807;AN02936-11;11;41000.0;gid://shopify/Product/8612629938471;Anel Maes 2013 De Ouro Branco 18K E Diamante Solitario;0;13;0;AN02936
gid://shopify/ProductVariant/46509300449575;gid://shopify/ProductVariant/46509300449575;AN02936-12;12;41000.0;gid://shopify/Product/8612629938471;Anel Maes 2013 De Ouro Branco 18K E Diamante Solitario;0;13;0;AN02936
gid://shopify/ProductVariant/46509300482343;gid://shopify/ProductVariant/46509300482343;AN02936-13;13;41000.0;gid://shopify/Product/8612629938471;Anel Maes 2013 De Ouro Branco 18K E Diamante Solitario;0;13;0;AN02936
gid://shopify/ProductVariant/46509300515111;gid://shopify/ProductVariant/46509300515111;AN02936-14;14;41000.0;gid://shopify/Product/8612629938471;Anel Maes 2013 De Ouro Branco 18K E Diamante Solitario;0;13;0;AN02936
gid://shopify/ProductVariant/46509300547879;gid://shopify/ProductVariant/46509300547879;AN02936-15;15;41000.0;gid://shopify/Product/8612629938471;Anel Maes 2013 De Ouro Branco 18K E Diamante Solitario;0;13;0;AN02936
gid://shopify/ProductVariant/46509300580647;gid://shopify/ProductVariant/46509300580647;AN02936-16;16;41000.0;gid://shopify/Product/8612629938471;Anel Maes 2013 De Ouro Branco 18K E Diamante Solitario;0;13;0;AN02936
gid://shopify/ProductVariant/46509300613415;gid://shopify/ProductVariant/46509300613415;AN02936-17;17;41000.0;gid://shopify/Product/8612629938471;Anel Maes 2013 De Ouro Branco 18K E Diamante Solitario;0;13;0;AN02936
gid://shopify/ProductVariant/46509300646183;gid://shopify/ProductVariant/46509300646183;AN02936-18;18;41000.0;gid://shopify/Product/8612629938471;Anel Maes 2013 De Ouro Branco 18K E Diamante Solitario;0;13;0;AN02936
gid://shopify/ProductVariant/46509300678951;gid://shopify/ProductVariant/46509300678951;AN02936-19;19;41000.0;gid://shopify/Product/8612629938471;Anel Maes 2013 De Ouro Branco 18K E Diamante Solitario;0;13;0;AN02936
gid://shopify/ProductVariant/46509300711719;gid://shopify/ProductVariant/46509300711719;AN02936-20;20;41000.0;gid://shopify/Product/8612629938471;Anel Maes 2013 De Ouro Branco 18K E Diamante Solitario;0;13;0;AN02936
gid://shopify/ProductVariant/46509300744487;gid://shopify/ProductVariant/46509300744487;AN02936-21;21;41000.0;gid://shopify/Product/8612629938471;Anel Maes 2013 De Ouro Branco 18K E Diamante Solitario;0;13;0;AN02936
gid://shopify/ProductVariant/46509300777255;gid://shopify/ProductVariant/46509300777255;AN02936-22;22;41000.0;gid://shopify/Product/8612629938471;Anel Maes 2013 De Ouro Branco 18K E Diamante Solitario;0;13;0;AN02936
gid://shopify/ProductVariant/46509301301543;gid://shopify/ProductVariant/46509301301543;AN03088-10;10;14000.0;gid://shopify/Product/8612630036775;Anel Maes 2013 De Ouro Branco 18K Com Rodio Negro E Diamante E Esmeralda;1;13;0;AN03088
gid://shopify/ProductVariant/46509301334311;gid://shopify/ProductVariant/46509301334311;AN03088-11;11;14000.0;gid://shopify/Product/8612630036775;Anel Maes 2013 De Ouro Branco 18K Com Rodio Negro E Diamante E Esmeralda;1;13;0;AN03088
gid://shopify/ProductVariant/46509301367079;gid://shopify/ProductVariant/46509301367079;AN03088-12;12;14000.0;gid://shopify/Product/8612630036775;Anel Maes 2013 De Ouro Branco 18K Com Rodio Negro E Diamante E Esmeralda;1;13;0;AN03088
gid://shopify/ProductVariant/46509301399847;gid://shopify/ProductVariant/46509301399847;AN03088-13;13;14000.0;gid://shopify/Product/8612630036775;Anel Maes 2013 De Ouro Branco 18K Com Rodio Negro E Diamante E Esmeralda;1;13;0;AN03088
gid://shopify/ProductVariant/46509301432615;gid://shopify/ProductVariant/46509301432615;AN03088-14;14;14000.0;gid://shopify/Product/8612630036775;Anel Maes 2013 De Ouro Branco 18K Com Rodio Negro E Diamante E Esmeralda;1;13;0;AN03088
gid://shopify/ProductVariant/46509301465383;gid://shopify/ProductVariant/46509301465383;AN03088-15;15;14000.0;gid://shopify/Product/8612630036775;Anel Maes 2013 De Ouro Branco 18K Com Rodio Negro E Diamante E Esmeralda;1;13;0;AN03088
gid://shopify/ProductVariant/46509301498151;gid://shopify/ProductVariant/46509301498151;AN03088-16;16;14000.0;gid://shopify/Product/8612630036775;Anel Maes 2013 De Ouro Branco 18K Com Rodio Negro E Diamante E Esmeralda;1;13;0;AN03088
gid://shopify/ProductVariant/46509301563687;gid://shopify/ProductVariant/46509301563687;AN03088-18;18;14000.0;gid://shopify/Product/8612630036775;Anel Maes 2013 De Ouro Branco 18K Com Rodio Negro E Diamante E Esmeralda;1;13;0;AN03088
gid://shopify/ProductVariant/46509301596455;gid://shopify/ProductVariant/46509301596455;AN03088-19;19;14000.0;gid://shopify/Product/8612630036775;Anel Maes 2013 De Ouro Branco 18K Com Rodio Negro E Diamante E Esmeralda;1;13;0;AN03088
gid://shopify/ProductVariant/46509301629223;gid://shopify/ProductVariant/46509301629223;AN03088-20;20;14000.0;gid://shopify/Product/8612630036775;Anel Maes 2013 De Ouro Branco 18K Com Rodio Negro E Diamante E Esmeralda;1;13;0;AN03088
gid://shopify/ProductVariant/46509301661991;gid://shopify/ProductVariant/46509301661991;AN03088-21;21;14000.0;gid://shopify/Product/8612630036775;Anel Maes 2013 De Ouro Branco 18K Com Rodio Negro E Diamante E Esmeralda;1;13;0;AN03088
gid://shopify/ProductVariant/46509301694759;gid://shopify/ProductVariant/46509301694759;AN03088-22;22;14000.0;gid://shopify/Product/8612630036775;Anel Maes 2013 De Ouro Branco 18K Com Rodio Negro E Diamante E Esmeralda;1;13;0;AN03088
gid://shopify/ProductVariant/46509301956903;gid://shopify/ProductVariant/46509301956903;AN03172-10;10;17000.0;gid://shopify/Product/8612630167847;Anel Maes 2013 De Ouro Branco 18K Com Rodio Negro E Diamante E Esmeralda;1;13;0;AN03172
gid://shopify/ProductVariant/46509301989671;gid://shopify/ProductVariant/46509301989671;AN03172-11;11;17000.0;gid://shopify/Product/8612630167847;Anel Maes 2013 De Ouro Branco 18K Com Rodio Negro E Diamante E Esmeralda;1;13;0;AN03172
gid://shopify/ProductVariant/46509302022439;gid://shopify/ProductVariant/46509302022439;AN03172-12;12;17000.0;gid://shopify/Product/8612630167847;Anel Maes 2013 De Ouro Branco 18K Com Rodio Negro E Diamante E Esmeralda;1;13;0;AN03172
gid://shopify/ProductVariant/46509302055207;gid://shopify/ProductVariant/46509302055207;AN03172-13;13;17000.0;gid://shopify/Product/8612630167847;Anel Maes 2013 De Ouro Branco 18K Com Rodio Negro E Diamante E Esmeralda;1;13;0;AN03172
gid://shopify/ProductVariant/46509302087975;gid://shopify/ProductVariant/46509302087975;AN03172-14;14;17000.0;gid://shopify/Product/8612630167847;Anel Maes 2013 De Ouro Branco 18K Com Rodio Negro E Diamante E Esmeralda;1;13;0;AN03172
gid://shopify/ProductVariant/46509302120743;gid://shopify/ProductVariant/46509302120743;AN03172-15;15;17000.0;gid://shopify/Product/8612630167847;Anel Maes 2013 De Ouro Branco 18K Com Rodio Negro E Diamante E Esmeralda;1;13;0;AN03172
gid://shopify/ProductVariant/46509302186279;gid://shopify/ProductVariant/46509302186279;AN03172-17;17;17000.0;gid://shopify/Product/8612630167847;Anel Maes 2013 De Ouro Branco 18K Com Rodio Negro E Diamante E Esmeralda;1;13;0;AN03172
gid://shopify/ProductVariant/46509302219047;gid://shopify/ProductVariant/46509302219047;AN03172-18;18;17000.0;gid://shopify/Product/8612630167847;Anel Maes 2013 De Ouro Branco 18K Com Rodio Negro E Diamante E Esmeralda;1;13;0;AN03172
gid://shopify/ProductVariant/46509302251815;gid://shopify/ProductVariant/46509302251815;AN03172-19;19;17000.0;gid://shopify/Product/8612630167847;Anel Maes 2013 De Ouro Branco 18K Com Rodio Negro E Diamante E Esmeralda;1;13;0;AN03172
gid://shopify/ProductVariant/46509302284583;gid://shopify/ProductVariant/46509302284583;AN03172-20;20;17000.0;gid://shopify/Product/8612630167847;Anel Maes 2013 De Ouro Branco 18K Com Rodio Negro E Diamante E Esmeralda;1;13;0;AN03172
gid://shopify/ProductVariant/46509302317351;gid://shopify/ProductVariant/46509302317351;AN03172-21;21;17000.0;gid://shopify/Product/8612630167847;Anel Maes 2013 De Ouro Branco 18K Com Rodio Negro E Diamante E Esmeralda;1;13;0;AN03172
gid://shopify/ProductVariant/46509302350119;gid://shopify/ProductVariant/46509302350119;AN03172-22;22;17000.0;gid://shopify/Product/8612630167847;Anel Maes 2013 De Ouro Branco 18K Com Rodio Negro E Diamante E Esmeralda;1;13;0;AN03172
gid://shopify/ProductVariant/46509307461927;gid://shopify/ProductVariant/46509307461927;AN03197-10;10;21000.0;gid://shopify/Product/8612630397223;Anel Maes 2013 De Ouro Branco 18K Com Rodio Negro E Diamante E Safira;1;13;0;AN03197
gid://shopify/ProductVariant/46509307494695;gid://shopify/ProductVariant/46509307494695;AN03197-11;11;21000.0;gid://shopify/Product/8612630397223;Anel Maes 2013 De Ouro Branco 18K Com Rodio Negro E Diamante E Safira;1;13;0;AN03197
gid://shopify/ProductVariant/46509307527463;gid://shopify/ProductVariant/46509307527463;AN03197-12;12;21000.0;gid://shopify/Product/8612630397223;Anel Maes 2013 De Ouro Branco 18K Com Rodio Negro E Diamante E Safira;1;13;0;AN03197
gid://shopify/ProductVariant/46509307560231;gid://shopify/ProductVariant/46509307560231;AN03197-13;13;21000.0;gid://shopify/Product/8612630397223;Anel Maes 2013 De Ouro Branco 18K Com Rodio Negro E Diamante E Safira;1;13;0;AN03197
gid://shopify/ProductVariant/46509307592999;gid://shopify/ProductVariant/46509307592999;AN03197-14;14;21000.0;gid://shopify/Product/8612630397223;Anel Maes 2013 De Ouro Branco 18K Com Rodio Negro E Diamante E Safira;1;13;0;AN03197
gid://shopify/ProductVariant/46509307658535;gid://shopify/ProductVariant/46509307658535;AN03197-16;16;21000.0;gid://shopify/Product/8612630397223;Anel Maes 2013 De Ouro Branco 18K Com Rodio Negro E Diamante E Safira;1;13;0;AN03197
gid://shopify/ProductVariant/46509307691303;gid://shopify/ProductVariant/46509307691303;AN03197-17;17;21000.0;gid://shopify/Product/8612630397223;Anel Maes 2013 De Ouro Branco 18K Com Rodio Negro E Diamante E Safira;1;13;0;AN03197
gid://shopify/ProductVariant/46509307724071;gid://shopify/ProductVariant/46509307724071;AN03197-18;18;21000.0;gid://shopify/Product/8612630397223;Anel Maes 2013 De Ouro Branco 18K Com Rodio Negro E Diamante E Safira;1;13;0;AN03197
gid://shopify/ProductVariant/46509307756839;gid://shopify/ProductVariant/46509307756839;AN03197-19;19;21000.0;gid://shopify/Product/8612630397223;Anel Maes 2013 De Ouro Branco 18K Com Rodio Negro E Diamante E Safira;1;13;0;AN03197
gid://shopify/ProductVariant/46509307789607;gid://shopify/ProductVariant/46509307789607;AN03197-20;20;21000.0;gid://shopify/Product/8612630397223;Anel Maes 2013 De Ouro Branco 18K Com Rodio Negro E Diamante E Safira;1;13;0;AN03197
gid://shopify/ProductVariant/46509307822375;gid://shopify/ProductVariant/46509307822375;AN03197-21;21;21000.0;gid://shopify/Product/8612630397223;Anel Maes 2013 De Ouro Branco 18K Com Rodio Negro E Diamante E Safira;1;13;0;AN03197
gid://shopify/ProductVariant/46509307855143;gid://shopify/ProductVariant/46509307855143;AN03197-22;22;21000.0;gid://shopify/Product/8612630397223;Anel Maes 2013 De Ouro Branco 18K Com Rodio Negro E Diamante E Safira;1;13;0;AN03197
gid://shopify/ProductVariant/46509308412199;gid://shopify/ProductVariant/46509308412199;AN03198-10;10;19000.0;gid://shopify/Product/8612630626599;Anel Maes 2013 De Ouro Branco 18K Com Rodio Negro E Diamante E Safira;1;13;0;AN03198
gid://shopify/ProductVariant/46509308444967;gid://shopify/ProductVariant/46509308444967;AN03198-11;11;19000.0;gid://shopify/Product/8612630626599;Anel Maes 2013 De Ouro Branco 18K Com Rodio Negro E Diamante E Safira;1;13;0;AN03198
gid://shopify/ProductVariant/46509308477735;gid://shopify/ProductVariant/46509308477735;AN03198-12;12;19000.0;gid://shopify/Product/8612630626599;Anel Maes 2013 De Ouro Branco 18K Com Rodio Negro E Diamante E Safira;1;13;0;AN03198
gid://shopify/ProductVariant/46509308510503;gid://shopify/ProductVariant/46509308510503;AN03198-13;13;19000.0;gid://shopify/Product/8612630626599;Anel Maes 2013 De Ouro Branco 18K Com Rodio Negro E Diamante E Safira;1;13;0;AN03198
gid://shopify/ProductVariant/46509308543271;gid://shopify/ProductVariant/46509308543271;AN03198-14;14;19000.0;gid://shopify/Product/8612630626599;Anel Maes 2013 De Ouro Branco 18K Com Rodio Negro E Diamante E Safira;1;13;0;AN03198
gid://shopify/ProductVariant/46509308576039;gid://shopify/ProductVariant/46509308576039;AN03198-15;15;19000.0;gid://shopify/Product/8612630626599;Anel Maes 2013 De Ouro Branco 18K Com Rodio Negro E Diamante E Safira;1;13;0;AN03198
gid://shopify/ProductVariant/46509308608807;gid://shopify/ProductVariant/46509308608807;AN03198-16;16;19000.0;gid://shopify/Product/8612630626599;Anel Maes 2013 De Ouro Branco 18K Com Rodio Negro E Diamante E Safira;1;13;0;AN03198
gid://shopify/ProductVariant/46509308674343;gid://shopify/ProductVariant/46509308674343;AN03198-18;18;19000.0;gid://shopify/Product/8612630626599;Anel Maes 2013 De Ouro Branco 18K Com Rodio Negro E Diamante E Safira;1;13;0;AN03198
gid://shopify/ProductVariant/46509308707111;gid://shopify/ProductVariant/46509308707111;AN03198-19;19;19000.0;gid://shopify/Product/8612630626599;Anel Maes 2013 De Ouro Branco 18K Com Rodio Negro E Diamante E Safira;1;13;0;AN03198
gid://shopify/ProductVariant/46509308739879;gid://shopify/ProductVariant/46509308739879;AN03198-20;20;19000.0;gid://shopify/Product/8612630626599;Anel Maes 2013 De Ouro Branco 18K Com Rodio Negro E Diamante E Safira;1;13;0;AN03198
gid://shopify/ProductVariant/46509308772647;gid://shopify/ProductVariant/46509308772647;AN03198-21;21;19000.0;gid://shopify/Product/8612630626599;Anel Maes 2013 De Ouro Branco 18K Com Rodio Negro E Diamante E Safira;1;13;0;AN03198
gid://shopify/ProductVariant/46509308805415;gid://shopify/ProductVariant/46509308805415;AN03198-22;22;19000.0;gid://shopify/Product/8612630626599;Anel Maes 2013 De Ouro Branco 18K Com Rodio Negro E Diamante E Safira;1;13;0;AN03198
gid://shopify/ProductVariant/46509308969255;gid://shopify/ProductVariant/46509308969255;AN03320-10;10;13700.0;gid://shopify/Product/8612630790439;Anel Maes 2013 De Ouro Branco 18K Com Rodio Negro E Diamante E Rubi;1;13;0;AN03320
gid://shopify/ProductVariant/46509309002023;gid://shopify/ProductVariant/46509309002023;AN03320-11;11;13700.0;gid://shopify/Product/8612630790439;Anel Maes 2013 De Ouro Branco 18K Com Rodio Negro E Diamante E Rubi;1;13;0;AN03320
gid://shopify/ProductVariant/46509309034791;gid://shopify/ProductVariant/46509309034791;AN03320-12;12;13700.0;gid://shopify/Product/8612630790439;Anel Maes 2013 De Ouro Branco 18K Com Rodio Negro E Diamante E Rubi;1;13;0;AN03320
gid://shopify/ProductVariant/46509309067559;gid://shopify/ProductVariant/46509309067559;AN03320-13;13;13700.0;gid://shopify/Product/8612630790439;Anel Maes 2013 De Ouro Branco 18K Com Rodio Negro E Diamante E Rubi;1;13;0;AN03320
gid://shopify/ProductVariant/46509309100327;gid://shopify/ProductVariant/46509309100327;AN03320-14;14;13700.0;gid://shopify/Product/8612630790439;Anel Maes 2013 De Ouro Branco 18K Com Rodio Negro E Diamante E Rubi;1;13;0;AN03320
gid://shopify/ProductVariant/46509309133095;gid://shopify/ProductVariant/46509309133095;AN03320-15;15;13700.0;gid://shopify/Product/8612630790439;Anel Maes 2013 De Ouro Branco 18K Com Rodio Negro E Diamante E Rubi;1;13;0;AN03320
gid://shopify/ProductVariant/46509309198631;gid://shopify/ProductVariant/46509309198631;AN03320-17;17;13700.0;gid://shopify/Product/8612630790439;Anel Maes 2013 De Ouro Branco 18K Com Rodio Negro E Diamante E Rubi;1;13;0;AN03320
gid://shopify/ProductVariant/46509309231399;gid://shopify/ProductVariant/46509309231399;AN03320-18;18;13700.0;gid://shopify/Product/8612630790439;Anel Maes 2013 De Ouro Branco 18K Com Rodio Negro E Diamante E Rubi;1;13;0;AN03320
gid://shopify/ProductVariant/46509309264167;gid://shopify/ProductVariant/46509309264167;AN03320-19;19;13700.0;gid://shopify/Product/8612630790439;Anel Maes 2013 De Ouro Branco 18K Com Rodio Negro E Diamante E Rubi;1;13;0;AN03320
gid://shopify/ProductVariant/46509309296935;gid://shopify/ProductVariant/46509309296935;AN03320-20;20;13700.0;gid://shopify/Product/8612630790439;Anel Maes 2013 De Ouro Branco 18K Com Rodio Negro E Diamante E Rubi;1;13;0;AN03320
gid://shopify/ProductVariant/46509309329703;gid://shopify/ProductVariant/46509309329703;AN03320-21;21;13700.0;gid://shopify/Product/8612630790439;Anel Maes 2013 De Ouro Branco 18K Com Rodio Negro E Diamante E Rubi;1;13;0;AN03320
gid://shopify/ProductVariant/46509309362471;gid://shopify/ProductVariant/46509309362471;AN03320-22;22;13700.0;gid://shopify/Product/8612630790439;Anel Maes 2013 De Ouro Branco 18K Com Rodio Negro E Diamante E Rubi;1;13;0;AN03320
gid://shopify/ProductVariant/46509309985063;gid://shopify/ProductVariant/46509309985063;AN03323-10;10;18500.0;gid://shopify/Product/8612630921511;Anel Maes 2013 De Ouro Branco 18K Com Rodio Negro E Diamante E Safira;1;13;0;AN03323
gid://shopify/ProductVariant/46509310017831;gid://shopify/ProductVariant/46509310017831;AN03323-11;11;18500.0;gid://shopify/Product/8612630921511;Anel Maes 2013 De Ouro Branco 18K Com Rodio Negro E Diamante E Safira;1;13;0;AN03323
gid://shopify/ProductVariant/46509310050599;gid://shopify/ProductVariant/46509310050599;AN03323-12;12;18500.0;gid://shopify/Product/8612630921511;Anel Maes 2013 De Ouro Branco 18K Com Rodio Negro E Diamante E Safira;1;13;0;AN03323
gid://shopify/ProductVariant/46509310083367;gid://shopify/ProductVariant/46509310083367;AN03323-13;13;18500.0;gid://shopify/Product/8612630921511;Anel Maes 2013 De Ouro Branco 18K Com Rodio Negro E Diamante E Safira;1;13;0;AN03323
gid://shopify/ProductVariant/46509310116135;gid://shopify/ProductVariant/46509310116135;AN03323-14;14;18500.0;gid://shopify/Product/8612630921511;Anel Maes 2013 De Ouro Branco 18K Com Rodio Negro E Diamante E Safira;1;13;0;AN03323
gid://shopify/ProductVariant/46509310148903;gid://shopify/ProductVariant/46509310148903;AN03323-15;15;18500.0;gid://shopify/Product/8612630921511;Anel Maes 2013 De Ouro Branco 18K Com Rodio Negro E Diamante E Safira;1;13;0;AN03323
gid://shopify/ProductVariant/46509310214439;gid://shopify/ProductVariant/46509310214439;AN03323-17;17;18500.0;gid://shopify/Product/8612630921511;Anel Maes 2013 De Ouro Branco 18K Com Rodio Negro E Diamante E Safira;1;13;0;AN03323
gid://shopify/ProductVariant/46509310247207;gid://shopify/ProductVariant/46509310247207;AN03323-18;18;18500.0;gid://shopify/Product/8612630921511;Anel Maes 2013 De Ouro Branco 18K Com Rodio Negro E Diamante E Safira;1;13;0;AN03323
gid://shopify/ProductVariant/46509310279975;gid://shopify/ProductVariant/46509310279975;AN03323-19;19;18500.0;gid://shopify/Product/8612630921511;Anel Maes 2013 De Ouro Branco 18K Com Rodio Negro E Diamante E Safira;1;13;0;AN03323
gid://shopify/ProductVariant/46509310312743;gid://shopify/ProductVariant/46509310312743;AN03323-20;20;18500.0;gid://shopify/Product/8612630921511;Anel Maes 2013 De Ouro Branco 18K Com Rodio Negro E Diamante E Safira;1;13;0;AN03323
gid://shopify/ProductVariant/46509310345511;gid://shopify/ProductVariant/46509310345511;AN03323-21;21;18500.0;gid://shopify/Product/8612630921511;Anel Maes 2013 De Ouro Branco 18K Com Rodio Negro E Diamante E Safira;1;13;0;AN03323
gid://shopify/ProductVariant/46509310378279;gid://shopify/ProductVariant/46509310378279;AN03323-22;22;18500.0;gid://shopify/Product/8612630921511;Anel Maes 2013 De Ouro Branco 18K Com Rodio Negro E Diamante E Safira;1;13;0;AN03323
gid://shopify/ProductVariant/46509313261863;gid://shopify/ProductVariant/46509313261863;AN03324-10;10;14800.0;gid://shopify/Product/8612631150887;Anel Maes 2013 De Ouro Branco 18K Com Rodio Negro E Diamante E Safira;1;13;0;AN03324
gid://shopify/ProductVariant/46509313360167;gid://shopify/ProductVariant/46509313360167;AN03324-11;11;14800.0;gid://shopify/Product/8612631150887;Anel Maes 2013 De Ouro Branco 18K Com Rodio Negro E Diamante E Safira;1;13;0;AN03324
gid://shopify/ProductVariant/46509313425703;gid://shopify/ProductVariant/46509313425703;AN03324-12;12;14800.0;gid://shopify/Product/8612631150887;Anel Maes 2013 De Ouro Branco 18K Com Rodio Negro E Diamante E Safira;1;13;0;AN03324
gid://shopify/ProductVariant/46509313524007;gid://shopify/ProductVariant/46509313524007;AN03324-13;13;14800.0;gid://shopify/Product/8612631150887;Anel Maes 2013 De Ouro Branco 18K Com Rodio Negro E Diamante E Safira;1;13;0;AN03324
gid://shopify/ProductVariant/46509313687847;gid://shopify/ProductVariant/46509313687847;AN03324-15;15;14800.0;gid://shopify/Product/8612631150887;Anel Maes 2013 De Ouro Branco 18K Com Rodio Negro E Diamante E Safira;1;13;0;AN03324
gid://shopify/ProductVariant/46509313786151;gid://shopify/ProductVariant/46509313786151;AN03324-16;16;14800.0;gid://shopify/Product/8612631150887;Anel Maes 2013 De Ouro Branco 18K Com Rodio Negro E Diamante E Safira;1;13;0;AN03324
gid://shopify/ProductVariant/46509313917223;gid://shopify/ProductVariant/46509313917223;AN03324-17;17;14800.0;gid://shopify/Product/8612631150887;Anel Maes 2013 De Ouro Branco 18K Com Rodio Negro E Diamante E Safira;1;13;0;AN03324
gid://shopify/ProductVariant/46509313949991;gid://shopify/ProductVariant/46509313949991;AN03324-18;18;14800.0;gid://shopify/Product/8612631150887;Anel Maes 2013 De Ouro Branco 18K Com Rodio Negro E Diamante E Safira;1;13;0;AN03324
gid://shopify/ProductVariant/46509314015527;gid://shopify/ProductVariant/46509314015527;AN03324-19;19;14800.0;gid://shopify/Product/8612631150887;Anel Maes 2013 De Ouro Branco 18K Com Rodio Negro E Diamante E Safira;1;13;0;AN03324
gid://shopify/ProductVariant/46509314113831;gid://shopify/ProductVariant/46509314113831;AN03324-20;20;14800.0;gid://shopify/Product/8612631150887;Anel Maes 2013 De Ouro Branco 18K Com Rodio Negro E Diamante E Safira;1;13;0;AN03324
gid://shopify/ProductVariant/46509314146599;gid://shopify/ProductVariant/46509314146599;AN03324-21;21;14800.0;gid://shopify/Product/8612631150887;Anel Maes 2013 De Ouro Branco 18K Com Rodio Negro E Diamante E Safira;1;13;0;AN03324
gid://shopify/ProductVariant/46509314212135;gid://shopify/ProductVariant/46509314212135;AN03324-22;22;14800.0;gid://shopify/Product/8612631150887;Anel Maes 2013 De Ouro Branco 18K Com Rodio Negro E Diamante E Safira;1;13;0;AN03324
gid://shopify/ProductVariant/46509314605351;gid://shopify/ProductVariant/46509314605351;AN03383-10;10;16200.0;gid://shopify/Product/8612631216423;Anel Maes 2013 De Ouro Branco 18K Com Rodio Negro E Diamante E Esmeralda;0;13;0;AN03383
gid://shopify/ProductVariant/46509314638119;gid://shopify/ProductVariant/46509314638119;AN03383-11;11;16200.0;gid://shopify/Product/8612631216423;Anel Maes 2013 De Ouro Branco 18K Com Rodio Negro E Diamante E Esmeralda;0;13;0;AN03383
gid://shopify/ProductVariant/46509314670887;gid://shopify/ProductVariant/46509314670887;AN03383-12;12;16200.0;gid://shopify/Product/8612631216423;Anel Maes 2013 De Ouro Branco 18K Com Rodio Negro E Diamante E Esmeralda;0;13;0;AN03383
gid://shopify/ProductVariant/46509314703655;gid://shopify/ProductVariant/46509314703655;AN03383-13;13;16200.0;gid://shopify/Product/8612631216423;Anel Maes 2013 De Ouro Branco 18K Com Rodio Negro E Diamante E Esmeralda;0;13;0;AN03383
gid://shopify/ProductVariant/46509314736423;gid://shopify/ProductVariant/46509314736423;AN03383-14;14;16200.0;gid://shopify/Product/8612631216423;Anel Maes 2013 De Ouro Branco 18K Com Rodio Negro E Diamante E Esmeralda;0;13;0;AN03383
gid://shopify/ProductVariant/46509314769191;gid://shopify/ProductVariant/46509314769191;AN03383-15;15;16200.0;gid://shopify/Product/8612631216423;Anel Maes 2013 De Ouro Branco 18K Com Rodio Negro E Diamante E Esmeralda;0;13;0;AN03383
gid://shopify/ProductVariant/46509314801959;gid://shopify/ProductVariant/46509314801959;AN03383-16;16;16200.0;gid://shopify/Product/8612631216423;Anel Maes 2013 De Ouro Branco 18K Com Rodio Negro E Diamante E Esmeralda;0;13;0;AN03383
gid://shopify/ProductVariant/46509314834727;gid://shopify/ProductVariant/46509314834727;AN03383-17;17;16200.0;gid://shopify/Product/8612631216423;Anel Maes 2013 De Ouro Branco 18K Com Rodio Negro E Diamante E Esmeralda;0;13;0;AN03383
gid://shopify/ProductVariant/46509314867495;gid://shopify/ProductVariant/46509314867495;AN03383-18;18;16200.0;gid://shopify/Product/8612631216423;Anel Maes 2013 De Ouro Branco 18K Com Rodio Negro E Diamante E Esmeralda;0;13;0;AN03383
gid://shopify/ProductVariant/46509314900263;gid://shopify/ProductVariant/46509314900263;AN03383-19;19;16200.0;gid://shopify/Product/8612631216423;Anel Maes 2013 De Ouro Branco 18K Com Rodio Negro E Diamante E Esmeralda;0;13;0;AN03383
gid://shopify/ProductVariant/46509314933031;gid://shopify/ProductVariant/46509314933031;AN03383-20;20;16200.0;gid://shopify/Product/8612631216423;Anel Maes 2013 De Ouro Branco 18K Com Rodio Negro E Diamante E Esmeralda;0;13;0;AN03383
gid://shopify/ProductVariant/46509314965799;gid://shopify/ProductVariant/46509314965799;AN03383-21;21;16200.0;gid://shopify/Product/8612631216423;Anel Maes 2013 De Ouro Branco 18K Com Rodio Negro E Diamante E Esmeralda;0;13;0;AN03383
gid://shopify/ProductVariant/46509314998567;gid://shopify/ProductVariant/46509314998567;AN03383-22;22;16200.0;gid://shopify/Product/8612631216423;Anel Maes 2013 De Ouro Branco 18K Com Rodio Negro E Diamante E Esmeralda;0;13;0;AN03383
gid://shopify/ProductVariant/46509315719463;gid://shopify/ProductVariant/46509315719463;AN03522-10;10;37000.0;gid://shopify/Product/8612631380263;Anel Pura De Ouro Branco 18K Com Rodio Negro E Rubi;1;13;0;AN03522
gid://shopify/ProductVariant/46509315752231;gid://shopify/ProductVariant/46509315752231;AN03522-11;11;37000.0;gid://shopify/Product/8612631380263;Anel Pura De Ouro Branco 18K Com Rodio Negro E Rubi;1;13;0;AN03522
gid://shopify/ProductVariant/46509315784999;gid://shopify/ProductVariant/46509315784999;AN03522-12;12;37000.0;gid://shopify/Product/8612631380263;Anel Pura De Ouro Branco 18K Com Rodio Negro E Rubi;1;13;0;AN03522
gid://shopify/ProductVariant/46509315817767;gid://shopify/ProductVariant/46509315817767;AN03522-13;13;37000.0;gid://shopify/Product/8612631380263;Anel Pura De Ouro Branco 18K Com Rodio Negro E Rubi;1;13;0;AN03522
gid://shopify/ProductVariant/46509315850535;gid://shopify/ProductVariant/46509315850535;AN03522-14;14;37000.0;gid://shopify/Product/8612631380263;Anel Pura De Ouro Branco 18K Com Rodio Negro E Rubi;1;13;0;AN03522
gid://shopify/ProductVariant/46509315883303;gid://shopify/ProductVariant/46509315883303;AN03522-15;15;37000.0;gid://shopify/Product/8612631380263;Anel Pura De Ouro Branco 18K Com Rodio Negro E Rubi;1;13;0;AN03522
gid://shopify/ProductVariant/46509315948839;gid://shopify/ProductVariant/46509315948839;AN03522-17;17;37000.0;gid://shopify/Product/8612631380263;Anel Pura De Ouro Branco 18K Com Rodio Negro E Rubi;1;13;0;AN03522
gid://shopify/ProductVariant/46509315981607;gid://shopify/ProductVariant/46509315981607;AN03522-18;18;37000.0;gid://shopify/Product/8612631380263;Anel Pura De Ouro Branco 18K Com Rodio Negro E Rubi;1;13;0;AN03522
gid://shopify/ProductVariant/46509316014375;gid://shopify/ProductVariant/46509316014375;AN03522-19;19;37000.0;gid://shopify/Product/8612631380263;Anel Pura De Ouro Branco 18K Com Rodio Negro E Rubi;1;13;0;AN03522
gid://shopify/ProductVariant/46509316047143;gid://shopify/ProductVariant/46509316047143;AN03522-20;20;37000.0;gid://shopify/Product/8612631380263;Anel Pura De Ouro Branco 18K Com Rodio Negro E Rubi;1;13;0;AN03522
gid://shopify/ProductVariant/46509316079911;gid://shopify/ProductVariant/46509316079911;AN03522-21;21;37000.0;gid://shopify/Product/8612631380263;Anel Pura De Ouro Branco 18K Com Rodio Negro E Rubi;1;13;0;AN03522
gid://shopify/ProductVariant/46509316112679;gid://shopify/ProductVariant/46509316112679;AN03522-22;22;37000.0;gid://shopify/Product/8612631380263;Anel Pura De Ouro Branco 18K Com Rodio Negro E Rubi;1;13;0;AN03522
gid://shopify/ProductVariant/46509316669735;gid://shopify/ProductVariant/46509316669735;AN03459-10;10;16000.0;gid://shopify/Product/8612631642407;Anel Rock Star De Ouro Branco 18K Com Rodio Negro E Diamante E Safira - G;67;13;0;AN03459
gid://shopify/ProductVariant/46509316702503;gid://shopify/ProductVariant/46509316702503;AN03459-11;11;16000.0;gid://shopify/Product/8612631642407;Anel Rock Star De Ouro Branco 18K Com Rodio Negro E Diamante E Safira - G;67;13;0;AN03459
gid://shopify/ProductVariant/46509316735271;gid://shopify/ProductVariant/46509316735271;AN03459-12;12;16000.0;gid://shopify/Product/8612631642407;Anel Rock Star De Ouro Branco 18K Com Rodio Negro E Diamante E Safira - G;67;13;0;AN03459
gid://shopify/ProductVariant/46509316768039;gid://shopify/ProductVariant/46509316768039;AN03459-13;13;16000.0;gid://shopify/Product/8612631642407;Anel Rock Star De Ouro Branco 18K Com Rodio Negro E Diamante E Safira - G;67;13;0;AN03459
gid://shopify/ProductVariant/46509316833575;gid://shopify/ProductVariant/46509316833575;AN03459-15;15;16000.0;gid://shopify/Product/8612631642407;Anel Rock Star De Ouro Branco 18K Com Rodio Negro E Diamante E Safira - G;67;13;0;AN03459
gid://shopify/ProductVariant/46509316866343;gid://shopify/ProductVariant/46509316866343;AN03459-16;16;16000.0;gid://shopify/Product/8612631642407;Anel Rock Star De Ouro Branco 18K Com Rodio Negro E Diamante E Safira - G;67;13;0;AN03459
gid://shopify/ProductVariant/46509316899111;gid://shopify/ProductVariant/46509316899111;AN03459-17;17;16000.0;gid://shopify/Product/8612631642407;Anel Rock Star De Ouro Branco 18K Com Rodio Negro E Diamante E Safira - G;67;13;0;AN03459
gid://shopify/ProductVariant/46509316964647;gid://shopify/ProductVariant/46509316964647;AN03459-19;19;16000.0;gid://shopify/Product/8612631642407;Anel Rock Star De Ouro Branco 18K Com Rodio Negro E Diamante E Safira - G;67;13;0;AN03459
gid://shopify/ProductVariant/46509316997415;gid://shopify/ProductVariant/46509316997415;AN03459-20;20;16000.0;gid://shopify/Product/8612631642407;Anel Rock Star De Ouro Branco 18K Com Rodio Negro E Diamante E Safira - G;67;13;0;AN03459
gid://shopify/ProductVariant/46509317030183;gid://shopify/ProductVariant/46509317030183;AN03459-21;21;16000.0;gid://shopify/Product/8612631642407;Anel Rock Star De Ouro Branco 18K Com Rodio Negro E Diamante E Safira - G;67;13;0;AN03459
gid://shopify/ProductVariant/46509317062951;gid://shopify/ProductVariant/46509317062951;AN03459-22;22;16000.0;gid://shopify/Product/8612631642407;Anel Rock Star De Ouro Branco 18K Com Rodio Negro E Diamante E Safira - G;67;13;0;AN03459
gid://shopify/ProductVariant/46509317259559;gid://shopify/ProductVariant/46509317259559;AN03460-10;10;16500.0;gid://shopify/Product/8612631806247;Anel Rock Star De Ouro Branco 18K Com Rodio Negro E Quartzo E Diamante;66;13;0;AN03460
gid://shopify/ProductVariant/46509317325095;gid://shopify/ProductVariant/46509317325095;AN03460-11;11;16500.0;gid://shopify/Product/8612631806247;Anel Rock Star De Ouro Branco 18K Com Rodio Negro E Quartzo E Diamante;66;13;0;AN03460
gid://shopify/ProductVariant/46509317390631;gid://shopify/ProductVariant/46509317390631;AN03460-12;12;16500.0;gid://shopify/Product/8612631806247;Anel Rock Star De Ouro Branco 18K Com Rodio Negro E Quartzo E Diamante;66;13;0;AN03460
gid://shopify/ProductVariant/46509317456167;gid://shopify/ProductVariant/46509317456167;AN03460-13;13;16500.0;gid://shopify/Product/8612631806247;Anel Rock Star De Ouro Branco 18K Com Rodio Negro E Quartzo E Diamante;66;13;0;AN03460
gid://shopify/ProductVariant/46509317521703;gid://shopify/ProductVariant/46509317521703;AN03460-14;14;16500.0;gid://shopify/Product/8612631806247;Anel Rock Star De Ouro Branco 18K Com Rodio Negro E Quartzo E Diamante;66;13;0;AN03460
gid://shopify/ProductVariant/46509317652775;gid://shopify/ProductVariant/46509317652775;AN03460-16;16;16500.0;gid://shopify/Product/8612631806247;Anel Rock Star De Ouro Branco 18K Com Rodio Negro E Quartzo E Diamante;66;13;0;AN03460
gid://shopify/ProductVariant/46509317718311;gid://shopify/ProductVariant/46509317718311;AN03460-17;17;16500.0;gid://shopify/Product/8612631806247;Anel Rock Star De Ouro Branco 18K Com Rodio Negro E Quartzo E Diamante;66;13;0;AN03460
gid://shopify/ProductVariant/46509317751079;gid://shopify/ProductVariant/46509317751079;AN03460-18;18;16500.0;gid://shopify/Product/8612631806247;Anel Rock Star De Ouro Branco 18K Com Rodio Negro E Quartzo E Diamante;66;13;0;AN03460
gid://shopify/ProductVariant/46509317816615;gid://shopify/ProductVariant/46509317816615;AN03460-19;19;16500.0;gid://shopify/Product/8612631806247;Anel Rock Star De Ouro Branco 18K Com Rodio Negro E Quartzo E Diamante;66;13;0;AN03460
gid://shopify/ProductVariant/46509317882151;gid://shopify/ProductVariant/46509317882151;AN03460-20;20;16500.0;gid://shopify/Product/8612631806247;Anel Rock Star De Ouro Branco 18K Com Rodio Negro E Quartzo E Diamante;66;13;0;AN03460
gid://shopify/ProductVariant/46509317947687;gid://shopify/ProductVariant/46509317947687;AN03460-21;21;16500.0;gid://shopify/Product/8612631806247;Anel Rock Star De Ouro Branco 18K Com Rodio Negro E Quartzo E Diamante;66;13;0;AN03460
gid://shopify/ProductVariant/46509318013223;gid://shopify/ProductVariant/46509318013223;AN03460-22;22;16500.0;gid://shopify/Product/8612631806247;Anel Rock Star De Ouro Branco 18K Com Rodio Negro E Quartzo E Diamante;66;13;0;AN03460
gid://shopify/ProductVariant/46509320241447;gid://shopify/ProductVariant/46509320241447;AN03454-10;10;14600.0;gid://shopify/Product/8612632002855;Anel Rock Star De Ouro Branco 18K Com Rodio Negro E Morganita E Diamante;1;13;0;AN03454
gid://shopify/ProductVariant/46509320274215;gid://shopify/ProductVariant/46509320274215;AN03454-11;11;14600.0;gid://shopify/Product/8612632002855;Anel Rock Star De Ouro Branco 18K Com Rodio Negro E Morganita E Diamante;1;13;0;AN03454
gid://shopify/ProductVariant/46509320306983;gid://shopify/ProductVariant/46509320306983;AN03454-12;12;14600.0;gid://shopify/Product/8612632002855;Anel Rock Star De Ouro Branco 18K Com Rodio Negro E Morganita E Diamante;1;13;0;AN03454
gid://shopify/ProductVariant/46509320339751;gid://shopify/ProductVariant/46509320339751;AN03454-13;13;14600.0;gid://shopify/Product/8612632002855;Anel Rock Star De Ouro Branco 18K Com Rodio Negro E Morganita E Diamante;1;13;0;AN03454
gid://shopify/ProductVariant/46509320372519;gid://shopify/ProductVariant/46509320372519;AN03454-14;14;14600.0;gid://shopify/Product/8612632002855;Anel Rock Star De Ouro Branco 18K Com Rodio Negro E Morganita E Diamante;1;13;0;AN03454
gid://shopify/ProductVariant/46509320405287;gid://shopify/ProductVariant/46509320405287;AN03454-15;15;14600.0;gid://shopify/Product/8612632002855;Anel Rock Star De Ouro Branco 18K Com Rodio Negro E Morganita E Diamante;1;13;0;AN03454
gid://shopify/ProductVariant/46509320438055;gid://shopify/ProductVariant/46509320438055;AN03454-16;16;14600.0;gid://shopify/Product/8612632002855;Anel Rock Star De Ouro Branco 18K Com Rodio Negro E Morganita E Diamante;1;13;0;AN03454
gid://shopify/ProductVariant/46509320503591;gid://shopify/ProductVariant/46509320503591;AN03454-18;18;14600.0;gid://shopify/Product/8612632002855;Anel Rock Star De Ouro Branco 18K Com Rodio Negro E Morganita E Diamante;1;13;0;AN03454
gid://shopify/ProductVariant/46509320536359;gid://shopify/ProductVariant/46509320536359;AN03454-19;19;14600.0;gid://shopify/Product/8612632002855;Anel Rock Star De Ouro Branco 18K Com Rodio Negro E Morganita E Diamante;1;13;0;AN03454
gid://shopify/ProductVariant/46509320569127;gid://shopify/ProductVariant/46509320569127;AN03454-20;20;14600.0;gid://shopify/Product/8612632002855;Anel Rock Star De Ouro Branco 18K Com Rodio Negro E Morganita E Diamante;1;13;0;AN03454
gid://shopify/ProductVariant/46509320601895;gid://shopify/ProductVariant/46509320601895;AN03454-21;21;14600.0;gid://shopify/Product/8612632002855;Anel Rock Star De Ouro Branco 18K Com Rodio Negro E Morganita E Diamante;1;13;0;AN03454
gid://shopify/ProductVariant/46509320634663;gid://shopify/ProductVariant/46509320634663;AN03454-22;22;14600.0;gid://shopify/Product/8612632002855;Anel Rock Star De Ouro Branco 18K Com Rodio Negro E Morganita E Diamante;1;13;0;AN03454
gid://shopify/ProductVariant/46509321552167;gid://shopify/ProductVariant/46509321552167;AN03442-10;10;93800.0;gid://shopify/Product/8612632133927;Anel Rock Star De Ouro Amarelo E Negro 18K E Diamante E Esmeralda;1;13;0;AN03442
gid://shopify/ProductVariant/46509321584935;gid://shopify/ProductVariant/46509321584935;AN03442-11;11;93800.0;gid://shopify/Product/8612632133927;Anel Rock Star De Ouro Amarelo E Negro 18K E Diamante E Esmeralda;1;13;0;AN03442
gid://shopify/ProductVariant/46509321617703;gid://shopify/ProductVariant/46509321617703;AN03442-12;12;93800.0;gid://shopify/Product/8612632133927;Anel Rock Star De Ouro Amarelo E Negro 18K E Diamante E Esmeralda;1;13;0;AN03442
gid://shopify/ProductVariant/46509321650471;gid://shopify/ProductVariant/46509321650471;AN03442-13;13;93800.0;gid://shopify/Product/8612632133927;Anel Rock Star De Ouro Amarelo E Negro 18K E Diamante E Esmeralda;1;13;0;AN03442
gid://shopify/ProductVariant/46509321683239;gid://shopify/ProductVariant/46509321683239;AN03442-14;14;93800.0;gid://shopify/Product/8612632133927;Anel Rock Star De Ouro Amarelo E Negro 18K E Diamante E Esmeralda;1;13;0;AN03442
gid://shopify/ProductVariant/46509321716007;gid://shopify/ProductVariant/46509321716007;AN03442-15;15;93800.0;gid://shopify/Product/8612632133927;Anel Rock Star De Ouro Amarelo E Negro 18K E Diamante E Esmeralda;1;13;0;AN03442
gid://shopify/ProductVariant/46509321748775;gid://shopify/ProductVariant/46509321748775;AN03442-16;16;93800.0;gid://shopify/Product/8612632133927;Anel Rock Star De Ouro Amarelo E Negro 18K E Diamante E Esmeralda;1;13;0;AN03442
gid://shopify/ProductVariant/46509321781543;gid://shopify/ProductVariant/46509321781543;AN03442-17;17;93800.0;gid://shopify/Product/8612632133927;Anel Rock Star De Ouro Amarelo E Negro 18K E Diamante E Esmeralda;1;13;0;AN03442
gid://shopify/ProductVariant/46509321847079;gid://shopify/ProductVariant/46509321847079;AN03442-19;19;93800.0;gid://shopify/Product/8612632133927;Anel Rock Star De Ouro Amarelo E Negro 18K E Diamante E Esmeralda;1;13;0;AN03442
gid://shopify/ProductVariant/46509321879847;gid://shopify/ProductVariant/46509321879847;AN03442-20;20;93800.0;gid://shopify/Product/8612632133927;Anel Rock Star De Ouro Amarelo E Negro 18K E Diamante E Esmeralda;1;13;0;AN03442
gid://shopify/ProductVariant/46509321912615;gid://shopify/ProductVariant/46509321912615;AN03442-21;21;93800.0;gid://shopify/Product/8612632133927;Anel Rock Star De Ouro Amarelo E Negro 18K E Diamante E Esmeralda;1;13;0;AN03442
gid://shopify/ProductVariant/46509321945383;gid://shopify/ProductVariant/46509321945383;AN03442-22;22;93800.0;gid://shopify/Product/8612632133927;Anel Rock Star De Ouro Amarelo E Negro 18K E Diamante E Esmeralda;1;13;0;AN03442
gid://shopify/ProductVariant/46509322207527;gid://shopify/ProductVariant/46509322207527;AN03462-10;10;16500.0;gid://shopify/Product/8612632199463;Anel Rock Star De Ouro Branco 18K Com Rodio Negro E Ametista E Diamante;65;13;0;AN03462
gid://shopify/ProductVariant/46509322240295;gid://shopify/ProductVariant/46509322240295;AN03462-11;11;16500.0;gid://shopify/Product/8612632199463;Anel Rock Star De Ouro Branco 18K Com Rodio Negro E Ametista E Diamante;65;13;0;AN03462
gid://shopify/ProductVariant/46509322273063;gid://shopify/ProductVariant/46509322273063;AN03462-12;12;16500.0;gid://shopify/Product/8612632199463;Anel Rock Star De Ouro Branco 18K Com Rodio Negro E Ametista E Diamante;65;13;0;AN03462
gid://shopify/ProductVariant/46509322305831;gid://shopify/ProductVariant/46509322305831;AN03462-13;13;16500.0;gid://shopify/Product/8612632199463;Anel Rock Star De Ouro Branco 18K Com Rodio Negro E Ametista E Diamante;65;13;0;AN03462
gid://shopify/ProductVariant/46509322338599;gid://shopify/ProductVariant/46509322338599;AN03462-14;14;16500.0;gid://shopify/Product/8612632199463;Anel Rock Star De Ouro Branco 18K Com Rodio Negro E Ametista E Diamante;65;13;0;AN03462
gid://shopify/ProductVariant/46509322371367;gid://shopify/ProductVariant/46509322371367;AN03462-15;15;16500.0;gid://shopify/Product/8612632199463;Anel Rock Star De Ouro Branco 18K Com Rodio Negro E Ametista E Diamante;65;13;0;AN03462
gid://shopify/ProductVariant/46509322404135;gid://shopify/ProductVariant/46509322404135;AN03462-16;16;16500.0;gid://shopify/Product/8612632199463;Anel Rock Star De Ouro Branco 18K Com Rodio Negro E Ametista E Diamante;65;13;0;AN03462
gid://shopify/ProductVariant/46509322436903;gid://shopify/ProductVariant/46509322436903;AN03462-17;17;16500.0;gid://shopify/Product/8612632199463;Anel Rock Star De Ouro Branco 18K Com Rodio Negro E Ametista E Diamante;65;13;0;AN03462
gid://shopify/ProductVariant/46509322469671;gid://shopify/ProductVariant/46509322469671;AN03462-18;18;16500.0;gid://shopify/Product/8612632199463;Anel Rock Star De Ouro Branco 18K Com Rodio Negro E Ametista E Diamante;65;13;0;AN03462
gid://shopify/ProductVariant/46509322502439;gid://shopify/ProductVariant/46509322502439;AN03462-19;19;16500.0;gid://shopify/Product/8612632199463;Anel Rock Star De Ouro Branco 18K Com Rodio Negro E Ametista E Diamante;65;13;0;AN03462
gid://shopify/ProductVariant/46509322535207;gid://shopify/ProductVariant/46509322535207;AN03462-20;20;16500.0;gid://shopify/Product/8612632199463;Anel Rock Star De Ouro Branco 18K Com Rodio Negro E Ametista E Diamante;65;13;0;AN03462
gid://shopify/ProductVariant/46509322567975;gid://shopify/ProductVariant/46509322567975;AN03462-21;21;16500.0;gid://shopify/Product/8612632199463;Anel Rock Star De Ouro Branco 18K Com Rodio Negro E Ametista E Diamante;65;13;0;AN03462
gid://shopify/ProductVariant/46509322600743;gid://shopify/ProductVariant/46509322600743;AN03462-22;22;16500.0;gid://shopify/Product/8612632199463;Anel Rock Star De Ouro Branco 18K Com Rodio Negro E Ametista E Diamante;65;13;0;AN03462
gid://shopify/ProductVariant/46509323157799;gid://shopify/ProductVariant/46509323157799;AN03473-10;10;14000.0;gid://shopify/Product/8612632461607;Anel Rock Star De Ouro 18K Com Rodio Negro E Diamante E Safira;1;13;0;AN03473
gid://shopify/ProductVariant/46509323190567;gid://shopify/ProductVariant/46509323190567;AN03473-11;11;14000.0;gid://shopify/Product/8612632461607;Anel Rock Star De Ouro 18K Com Rodio Negro E Diamante E Safira;1;13;0;AN03473
gid://shopify/ProductVariant/46509323223335;gid://shopify/ProductVariant/46509323223335;AN03473-12;12;14000.0;gid://shopify/Product/8612632461607;Anel Rock Star De Ouro 18K Com Rodio Negro E Diamante E Safira;1;13;0;AN03473
gid://shopify/ProductVariant/46509323256103;gid://shopify/ProductVariant/46509323256103;AN03473-13;13;14000.0;gid://shopify/Product/8612632461607;Anel Rock Star De Ouro 18K Com Rodio Negro E Diamante E Safira;1;13;0;AN03473
gid://shopify/ProductVariant/46509323321639;gid://shopify/ProductVariant/46509323321639;AN03473-15;15;14000.0;gid://shopify/Product/8612632461607;Anel Rock Star De Ouro 18K Com Rodio Negro E Diamante E Safira;1;13;0;AN03473
gid://shopify/ProductVariant/46509323354407;gid://shopify/ProductVariant/46509323354407;AN03473-16;16;14000.0;gid://shopify/Product/8612632461607;Anel Rock Star De Ouro 18K Com Rodio Negro E Diamante E Safira;1;13;0;AN03473
gid://shopify/ProductVariant/46509323387175;gid://shopify/ProductVariant/46509323387175;AN03473-17;17;14000.0;gid://shopify/Product/8612632461607;Anel Rock Star De Ouro 18K Com Rodio Negro E Diamante E Safira;1;13;0;AN03473
gid://shopify/ProductVariant/46509323419943;gid://shopify/ProductVariant/46509323419943;AN03473-18;18;14000.0;gid://shopify/Product/8612632461607;Anel Rock Star De Ouro 18K Com Rodio Negro E Diamante E Safira;1;13;0;AN03473
gid://shopify/ProductVariant/46509323452711;gid://shopify/ProductVariant/46509323452711;AN03473-19;19;14000.0;gid://shopify/Product/8612632461607;Anel Rock Star De Ouro 18K Com Rodio Negro E Diamante E Safira;1;13;0;AN03473
gid://shopify/ProductVariant/46509323485479;gid://shopify/ProductVariant/46509323485479;AN03473-20;20;14000.0;gid://shopify/Product/8612632461607;Anel Rock Star De Ouro 18K Com Rodio Negro E Diamante E Safira;1;13;0;AN03473
gid://shopify/ProductVariant/46509323518247;gid://shopify/ProductVariant/46509323518247;AN03473-21;21;14000.0;gid://shopify/Product/8612632461607;Anel Rock Star De Ouro 18K Com Rodio Negro E Diamante E Safira;1;13;0;AN03473
gid://shopify/ProductVariant/46509323551015;gid://shopify/ProductVariant/46509323551015;AN03473-22;22;14000.0;gid://shopify/Product/8612632461607;Anel Rock Star De Ouro 18K Com Rodio Negro E Diamante E Safira;1;13;0;AN03473
gid://shopify/ProductVariant/46509324828967;gid://shopify/ProductVariant/46509324828967;AN03498-10;10;20000.0;gid://shopify/Product/8612632658215;Anel Rock Star De Ouro 18K Com Rodio Negro E Kunzita E Diamante;0;13;0;AN03498
gid://shopify/ProductVariant/46509324894503;gid://shopify/ProductVariant/46509324894503;AN03498-11;11;20000.0;gid://shopify/Product/8612632658215;Anel Rock Star De Ouro 18K Com Rodio Negro E Kunzita E Diamante;0;13;0;AN03498
gid://shopify/ProductVariant/46509324960039;gid://shopify/ProductVariant/46509324960039;AN03498-12;12;20000.0;gid://shopify/Product/8612632658215;Anel Rock Star De Ouro 18K Com Rodio Negro E Kunzita E Diamante;0;13;0;AN03498
gid://shopify/ProductVariant/46509324992807;gid://shopify/ProductVariant/46509324992807;AN03498-13;13;20000.0;gid://shopify/Product/8612632658215;Anel Rock Star De Ouro 18K Com Rodio Negro E Kunzita E Diamante;0;13;0;AN03498
gid://shopify/ProductVariant/46509325058343;gid://shopify/ProductVariant/46509325058343;AN03498-14;14;20000.0;gid://shopify/Product/8612632658215;Anel Rock Star De Ouro 18K Com Rodio Negro E Kunzita E Diamante;0;13;0;AN03498
gid://shopify/ProductVariant/46509325123879;gid://shopify/ProductVariant/46509325123879;AN03498-15;15;20000.0;gid://shopify/Product/8612632658215;Anel Rock Star De Ouro 18K Com Rodio Negro E Kunzita E Diamante;0;13;0;AN03498
gid://shopify/ProductVariant/46509325189415;gid://shopify/ProductVariant/46509325189415;AN03498-16;16;20000.0;gid://shopify/Product/8612632658215;Anel Rock Star De Ouro 18K Com Rodio Negro E Kunzita E Diamante;0;13;0;AN03498
gid://shopify/ProductVariant/46509325254951;gid://shopify/ProductVariant/46509325254951;AN03498-17;17;20000.0;gid://shopify/Product/8612632658215;Anel Rock Star De Ouro 18K Com Rodio Negro E Kunzita E Diamante;0;13;0;AN03498
gid://shopify/ProductVariant/46509325353255;gid://shopify/ProductVariant/46509325353255;AN03498-18;18;20000.0;gid://shopify/Product/8612632658215;Anel Rock Star De Ouro 18K Com Rodio Negro E Kunzita E Diamante;0;13;0;AN03498
gid://shopify/ProductVariant/46509325418791;gid://shopify/ProductVariant/46509325418791;AN03498-19;19;20000.0;gid://shopify/Product/8612632658215;Anel Rock Star De Ouro 18K Com Rodio Negro E Kunzita E Diamante;0;13;0;AN03498
gid://shopify/ProductVariant/46509325451559;gid://shopify/ProductVariant/46509325451559;AN03498-20;20;20000.0;gid://shopify/Product/8612632658215;Anel Rock Star De Ouro 18K Com Rodio Negro E Kunzita E Diamante;0;13;0;AN03498
gid://shopify/ProductVariant/46509325517095;gid://shopify/ProductVariant/46509325517095;AN03498-21;21;20000.0;gid://shopify/Product/8612632658215;Anel Rock Star De Ouro 18K Com Rodio Negro E Kunzita E Diamante;0;13;0;AN03498
gid://shopify/ProductVariant/46509325582631;gid://shopify/ProductVariant/46509325582631;AN03498-22;22;20000.0;gid://shopify/Product/8612632658215;Anel Rock Star De Ouro 18K Com Rodio Negro E Kunzita E Diamante;0;13;0;AN03498
gid://shopify/ProductVariant/46509326303527;gid://shopify/ProductVariant/46509326303527;AN03514-10;10;15000.0;gid://shopify/Product/8612632822055;Anel Rock Star De Ouro Branco 18K Com Rodio Negro E Morganita E Diamante;1;13;0;AN03514
gid://shopify/ProductVariant/46509326336295;gid://shopify/ProductVariant/46509326336295;AN03514-11;11;15000.0;gid://shopify/Product/8612632822055;Anel Rock Star De Ouro Branco 18K Com Rodio Negro E Morganita E Diamante;1;13;0;AN03514
gid://shopify/ProductVariant/46509326369063;gid://shopify/ProductVariant/46509326369063;AN03514-12;12;15000.0;gid://shopify/Product/8612632822055;Anel Rock Star De Ouro Branco 18K Com Rodio Negro E Morganita E Diamante;1;13;0;AN03514
gid://shopify/ProductVariant/46509326401831;gid://shopify/ProductVariant/46509326401831;AN03514-13;13;15000.0;gid://shopify/Product/8612632822055;Anel Rock Star De Ouro Branco 18K Com Rodio Negro E Morganita E Diamante;1;13;0;AN03514
gid://shopify/ProductVariant/46509326434599;gid://shopify/ProductVariant/46509326434599;AN03514-14;14;15000.0;gid://shopify/Product/8612632822055;Anel Rock Star De Ouro Branco 18K Com Rodio Negro E Morganita E Diamante;1;13;0;AN03514
gid://shopify/ProductVariant/46509326467367;gid://shopify/ProductVariant/46509326467367;AN03514-15;15;15000.0;gid://shopify/Product/8612632822055;Anel Rock Star De Ouro Branco 18K Com Rodio Negro E Morganita E Diamante;1;13;0;AN03514
gid://shopify/ProductVariant/46509326500135;gid://shopify/ProductVariant/46509326500135;AN03514-16;16;15000.0;gid://shopify/Product/8612632822055;Anel Rock Star De Ouro Branco 18K Com Rodio Negro E Morganita E Diamante;1;13;0;AN03514
gid://shopify/ProductVariant/46509326565671;gid://shopify/ProductVariant/46509326565671;AN03514-18;18;15000.0;gid://shopify/Product/8612632822055;Anel Rock Star De Ouro Branco 18K Com Rodio Negro E Morganita E Diamante;1;13;0;AN03514
gid://shopify/ProductVariant/46509326598439;gid://shopify/ProductVariant/46509326598439;AN03514-19;19;15000.0;gid://shopify/Product/8612632822055;Anel Rock Star De Ouro Branco 18K Com Rodio Negro E Morganita E Diamante;1;13;0;AN03514
gid://shopify/ProductVariant/46509326631207;gid://shopify/ProductVariant/46509326631207;AN03514-20;20;15000.0;gid://shopify/Product/8612632822055;Anel Rock Star De Ouro Branco 18K Com Rodio Negro E Morganita E Diamante;1;13;0;AN03514
gid://shopify/ProductVariant/46509326663975;gid://shopify/ProductVariant/46509326663975;AN03514-21;21;15000.0;gid://shopify/Product/8612632822055;Anel Rock Star De Ouro Branco 18K Com Rodio Negro E Morganita E Diamante;1;13;0;AN03514
gid://shopify/ProductVariant/46509326696743;gid://shopify/ProductVariant/46509326696743;AN03514-22;22;15000.0;gid://shopify/Product/8612632822055;Anel Rock Star De Ouro Branco 18K Com Rodio Negro E Morganita E Diamante;1;13;0;AN03514
gid://shopify/ProductVariant/46509326926119;gid://shopify/ProductVariant/46509326926119;AN03536-10;10;21000.0;gid://shopify/Product/8612632920359;Anel Rock Star De Ouro Branco 18K Com Rodio Negro E Diamante E Rubi;1;13;0;AN03536
gid://shopify/ProductVariant/46509326958887;gid://shopify/ProductVariant/46509326958887;AN03536-11;11;21000.0;gid://shopify/Product/8612632920359;Anel Rock Star De Ouro Branco 18K Com Rodio Negro E Diamante E Rubi;1;13;0;AN03536
gid://shopify/ProductVariant/46509326991655;gid://shopify/ProductVariant/46509326991655;AN03536-12;12;21000.0;gid://shopify/Product/8612632920359;Anel Rock Star De Ouro Branco 18K Com Rodio Negro E Diamante E Rubi;1;13;0;AN03536
gid://shopify/ProductVariant/46509327024423;gid://shopify/ProductVariant/46509327024423;AN03536-13;13;21000.0;gid://shopify/Product/8612632920359;Anel Rock Star De Ouro Branco 18K Com Rodio Negro E Diamante E Rubi;1;13;0;AN03536
gid://shopify/ProductVariant/46509327057191;gid://shopify/ProductVariant/46509327057191;AN03536-14;14;21000.0;gid://shopify/Product/8612632920359;Anel Rock Star De Ouro Branco 18K Com Rodio Negro E Diamante E Rubi;1;13;0;AN03536
gid://shopify/ProductVariant/46509327122727;gid://shopify/ProductVariant/46509327122727;AN03536-16;16;21000.0;gid://shopify/Product/8612632920359;Anel Rock Star De Ouro Branco 18K Com Rodio Negro E Diamante E Rubi;1;13;0;AN03536
gid://shopify/ProductVariant/46509327155495;gid://shopify/ProductVariant/46509327155495;AN03536-17;17;21000.0;gid://shopify/Product/8612632920359;Anel Rock Star De Ouro Branco 18K Com Rodio Negro E Diamante E Rubi;1;13;0;AN03536
gid://shopify/ProductVariant/46509327188263;gid://shopify/ProductVariant/46509327188263;AN03536-18;18;21000.0;gid://shopify/Product/8612632920359;Anel Rock Star De Ouro Branco 18K Com Rodio Negro E Diamante E Rubi;1;13;0;AN03536
gid://shopify/ProductVariant/46509327221031;gid://shopify/ProductVariant/46509327221031;AN03536-19;19;21000.0;gid://shopify/Product/8612632920359;Anel Rock Star De Ouro Branco 18K Com Rodio Negro E Diamante E Rubi;1;13;0;AN03536
gid://shopify/ProductVariant/46509327253799;gid://shopify/ProductVariant/46509327253799;AN03536-20;20;21000.0;gid://shopify/Product/8612632920359;Anel Rock Star De Ouro Branco 18K Com Rodio Negro E Diamante E Rubi;1;13;0;AN03536
gid://shopify/ProductVariant/46509327286567;gid://shopify/ProductVariant/46509327286567;AN03536-21;21;21000.0;gid://shopify/Product/8612632920359;Anel Rock Star De Ouro Branco 18K Com Rodio Negro E Diamante E Rubi;1;13;0;AN03536
gid://shopify/ProductVariant/46509327319335;gid://shopify/ProductVariant/46509327319335;AN03536-22;22;21000.0;gid://shopify/Product/8612632920359;Anel Rock Star De Ouro Branco 18K Com Rodio Negro E Diamante E Rubi;1;13;0;AN03536
gid://shopify/ProductVariant/46509495320871;gid://shopify/ProductVariant/46509495320871;AN03482-10;10;860000.0;gid://shopify/Product/8612659036455;Anel Especial De Ouro Branco 18K E Diamante E Turmalina Paraiba;1;13;0;AN03482
gid://shopify/ProductVariant/46509495353639;gid://shopify/ProductVariant/46509495353639;AN03482-11;11;860000.0;gid://shopify/Product/8612659036455;Anel Especial De Ouro Branco 18K E Diamante E Turmalina Paraiba;1;13;0;AN03482
gid://shopify/ProductVariant/46509495386407;gid://shopify/ProductVariant/46509495386407;AN03482-12;12;860000.0;gid://shopify/Product/8612659036455;Anel Especial De Ouro Branco 18K E Diamante E Turmalina Paraiba;1;13;0;AN03482
gid://shopify/ProductVariant/46509495419175;gid://shopify/ProductVariant/46509495419175;AN03482-13;13;860000.0;gid://shopify/Product/8612659036455;Anel Especial De Ouro Branco 18K E Diamante E Turmalina Paraiba;1;13;0;AN03482
gid://shopify/ProductVariant/46509495451943;gid://shopify/ProductVariant/46509495451943;AN03482-14;14;860000.0;gid://shopify/Product/8612659036455;Anel Especial De Ouro Branco 18K E Diamante E Turmalina Paraiba;1;13;0;AN03482
gid://shopify/ProductVariant/46509495484711;gid://shopify/ProductVariant/46509495484711;AN03482-15;15;860000.0;gid://shopify/Product/8612659036455;Anel Especial De Ouro Branco 18K E Diamante E Turmalina Paraiba;1;13;0;AN03482
gid://shopify/ProductVariant/46509495550247;gid://shopify/ProductVariant/46509495550247;AN03482-17;17;860000.0;gid://shopify/Product/8612659036455;Anel Especial De Ouro Branco 18K E Diamante E Turmalina Paraiba;1;13;0;AN03482
gid://shopify/ProductVariant/46509495583015;gid://shopify/ProductVariant/46509495583015;AN03482-18;18;860000.0;gid://shopify/Product/8612659036455;Anel Especial De Ouro Branco 18K E Diamante E Turmalina Paraiba;1;13;0;AN03482
gid://shopify/ProductVariant/46509495615783;gid://shopify/ProductVariant/46509495615783;AN03482-19;19;860000.0;gid://shopify/Product/8612659036455;Anel Especial De Ouro Branco 18K E Diamante E Turmalina Paraiba;1;13;0;AN03482
gid://shopify/ProductVariant/46509495648551;gid://shopify/ProductVariant/46509495648551;AN03482-20;20;860000.0;gid://shopify/Product/8612659036455;Anel Especial De Ouro Branco 18K E Diamante E Turmalina Paraiba;1;13;0;AN03482
gid://shopify/ProductVariant/46509495681319;gid://shopify/ProductVariant/46509495681319;AN03482-21;21;860000.0;gid://shopify/Product/8612659036455;Anel Especial De Ouro Branco 18K E Diamante E Turmalina Paraiba;1;13;0;AN03482
gid://shopify/ProductVariant/46509495714087;gid://shopify/ProductVariant/46509495714087;AN03482-22;22;860000.0;gid://shopify/Product/8612659036455;Anel Especial De Ouro Branco 18K E Diamante E Turmalina Paraiba;1;13;0;AN03482
gid://shopify/ProductVariant/46509495910695;gid://shopify/ProductVariant/46509495910695;AN03500-10;10;48000.0;gid://shopify/Product/8612659200295;Anel Especial De Ouro Branco 18K E Diamantes Mix;1;13;0;AN03500
gid://shopify/ProductVariant/46509495943463;gid://shopify/ProductVariant/46509495943463;AN03500-11;11;48000.0;gid://shopify/Product/8612659200295;Anel Especial De Ouro Branco 18K E Diamantes Mix;1;13;0;AN03500
gid://shopify/ProductVariant/46509495976231;gid://shopify/ProductVariant/46509495976231;AN03500-12;12;48000.0;gid://shopify/Product/8612659200295;Anel Especial De Ouro Branco 18K E Diamantes Mix;1;13;0;AN03500
gid://shopify/ProductVariant/46509496041767;gid://shopify/ProductVariant/46509496041767;AN03500-14;14;48000.0;gid://shopify/Product/8612659200295;Anel Especial De Ouro Branco 18K E Diamantes Mix;1;13;0;AN03500
gid://shopify/ProductVariant/46509496074535;gid://shopify/ProductVariant/46509496074535;AN03500-15;15;48000.0;gid://shopify/Product/8612659200295;Anel Especial De Ouro Branco 18K E Diamantes Mix;1;13;0;AN03500
gid://shopify/ProductVariant/46509496107303;gid://shopify/ProductVariant/46509496107303;AN03500-16;16;48000.0;gid://shopify/Product/8612659200295;Anel Especial De Ouro Branco 18K E Diamantes Mix;1;13;0;AN03500
gid://shopify/ProductVariant/46509496140071;gid://shopify/ProductVariant/46509496140071;AN03500-17;17;48000.0;gid://shopify/Product/8612659200295;Anel Especial De Ouro Branco 18K E Diamantes Mix;1;13;0;AN03500
gid://shopify/ProductVariant/46509496172839;gid://shopify/ProductVariant/46509496172839;AN03500-18;18;48000.0;gid://shopify/Product/8612659200295;Anel Especial De Ouro Branco 18K E Diamantes Mix;1;13;0;AN03500
gid://shopify/ProductVariant/46509496205607;gid://shopify/ProductVariant/46509496205607;AN03500-19;19;48000.0;gid://shopify/Product/8612659200295;Anel Especial De Ouro Branco 18K E Diamantes Mix;1;13;0;AN03500
gid://shopify/ProductVariant/46509496238375;gid://shopify/ProductVariant/46509496238375;AN03500-20;20;48000.0;gid://shopify/Product/8612659200295;Anel Especial De Ouro Branco 18K E Diamantes Mix;1;13;0;AN03500
gid://shopify/ProductVariant/46509496271143;gid://shopify/ProductVariant/46509496271143;AN03500-21;21;48000.0;gid://shopify/Product/8612659200295;Anel Especial De Ouro Branco 18K E Diamantes Mix;1;13;0;AN03500
gid://shopify/ProductVariant/46509496303911;gid://shopify/ProductVariant/46509496303911;AN03500-22;22;48000.0;gid://shopify/Product/8612659200295;Anel Especial De Ouro Branco 18K E Diamantes Mix;1;13;0;AN03500
gid://shopify/ProductVariant/46509496729895;gid://shopify/ProductVariant/46509496729895;AN03501-10;10;20000.0;gid://shopify/Product/8612659364135;Anel Especial De Ouro Branco 18K E Diamantes Mix;0;13;0;AN03501
gid://shopify/ProductVariant/46509496762663;gid://shopify/ProductVariant/46509496762663;AN03501-11;11;20000.0;gid://shopify/Product/8612659364135;Anel Especial De Ouro Branco 18K E Diamantes Mix;0;13;0;AN03501
gid://shopify/ProductVariant/46509496795431;gid://shopify/ProductVariant/46509496795431;AN03501-12;12;20000.0;gid://shopify/Product/8612659364135;Anel Especial De Ouro Branco 18K E Diamantes Mix;0;13;0;AN03501
gid://shopify/ProductVariant/46509496828199;gid://shopify/ProductVariant/46509496828199;AN03501-13;13;20000.0;gid://shopify/Product/8612659364135;Anel Especial De Ouro Branco 18K E Diamantes Mix;0;13;0;AN03501
gid://shopify/ProductVariant/46509496860967;gid://shopify/ProductVariant/46509496860967;AN03501-14;14;20000.0;gid://shopify/Product/8612659364135;Anel Especial De Ouro Branco 18K E Diamantes Mix;0;13;0;AN03501
gid://shopify/ProductVariant/46509496893735;gid://shopify/ProductVariant/46509496893735;AN03501-15;15;20000.0;gid://shopify/Product/8612659364135;Anel Especial De Ouro Branco 18K E Diamantes Mix;0;13;0;AN03501
gid://shopify/ProductVariant/46509496926503;gid://shopify/ProductVariant/46509496926503;AN03501-16;16;20000.0;gid://shopify/Product/8612659364135;Anel Especial De Ouro Branco 18K E Diamantes Mix;0;13;0;AN03501
gid://shopify/ProductVariant/46509496959271;gid://shopify/ProductVariant/46509496959271;AN03501-17;17;20000.0;gid://shopify/Product/8612659364135;Anel Especial De Ouro Branco 18K E Diamantes Mix;0;13;0;AN03501
gid://shopify/ProductVariant/46509496992039;gid://shopify/ProductVariant/46509496992039;AN03501-18;18;20000.0;gid://shopify/Product/8612659364135;Anel Especial De Ouro Branco 18K E Diamantes Mix;0;13;0;AN03501
gid://shopify/ProductVariant/46509497024807;gid://shopify/ProductVariant/46509497024807;AN03501-19;19;20000.0;gid://shopify/Product/8612659364135;Anel Especial De Ouro Branco 18K E Diamantes Mix;0;13;0;AN03501
gid://shopify/ProductVariant/46509497057575;gid://shopify/ProductVariant/46509497057575;AN03501-20;20;20000.0;gid://shopify/Product/8612659364135;Anel Especial De Ouro Branco 18K E Diamantes Mix;0;13;0;AN03501
gid://shopify/ProductVariant/46509497090343;gid://shopify/ProductVariant/46509497090343;AN03501-21;21;20000.0;gid://shopify/Product/8612659364135;Anel Especial De Ouro Branco 18K E Diamantes Mix;0;13;0;AN03501
gid://shopify/ProductVariant/46509497123111;gid://shopify/ProductVariant/46509497123111;AN03501-22;22;20000.0;gid://shopify/Product/8612659364135;Anel Especial De Ouro Branco 18K E Diamantes Mix;0;13;0;AN03501
gid://shopify/ProductVariant/46509498761511;gid://shopify/ProductVariant/46509498761511;AN03540-10;10;64000.0;gid://shopify/Product/8612659659047;Anel Rock Star De Ouro Branco 18K E Rubelita E Diamante;1;13;0;AN03540
gid://shopify/ProductVariant/46509498794279;gid://shopify/ProductVariant/46509498794279;AN03540-11;11;64000.0;gid://shopify/Product/8612659659047;Anel Rock Star De Ouro Branco 18K E Rubelita E Diamante;1;13;0;AN03540
gid://shopify/ProductVariant/46509498827047;gid://shopify/ProductVariant/46509498827047;AN03540-12;12;64000.0;gid://shopify/Product/8612659659047;Anel Rock Star De Ouro Branco 18K E Rubelita E Diamante;1;13;0;AN03540
gid://shopify/ProductVariant/46509498859815;gid://shopify/ProductVariant/46509498859815;AN03540-13;13;64000.0;gid://shopify/Product/8612659659047;Anel Rock Star De Ouro Branco 18K E Rubelita E Diamante;1;13;0;AN03540
gid://shopify/ProductVariant/46509498925351;gid://shopify/ProductVariant/46509498925351;AN03540-15;15;64000.0;gid://shopify/Product/8612659659047;Anel Rock Star De Ouro Branco 18K E Rubelita E Diamante;1;13;0;AN03540
gid://shopify/ProductVariant/46509498958119;gid://shopify/ProductVariant/46509498958119;AN03540-16;16;64000.0;gid://shopify/Product/8612659659047;Anel Rock Star De Ouro Branco 18K E Rubelita E Diamante;1;13;0;AN03540
gid://shopify/ProductVariant/46509498990887;gid://shopify/ProductVariant/46509498990887;AN03540-17;17;64000.0;gid://shopify/Product/8612659659047;Anel Rock Star De Ouro Branco 18K E Rubelita E Diamante;1;13;0;AN03540
gid://shopify/ProductVariant/46509499023655;gid://shopify/ProductVariant/46509499023655;AN03540-18;18;64000.0;gid://shopify/Product/8612659659047;Anel Rock Star De Ouro Branco 18K E Rubelita E Diamante;1;13;0;AN03540
gid://shopify/ProductVariant/46509499056423;gid://shopify/ProductVariant/46509499056423;AN03540-19;19;64000.0;gid://shopify/Product/8612659659047;Anel Rock Star De Ouro Branco 18K E Rubelita E Diamante;1;13;0;AN03540
gid://shopify/ProductVariant/46509499089191;gid://shopify/ProductVariant/46509499089191;AN03540-20;20;64000.0;gid://shopify/Product/8612659659047;Anel Rock Star De Ouro Branco 18K E Rubelita E Diamante;1;13;0;AN03540
gid://shopify/ProductVariant/46509499121959;gid://shopify/ProductVariant/46509499121959;AN03540-21;21;64000.0;gid://shopify/Product/8612659659047;Anel Rock Star De Ouro Branco 18K E Rubelita E Diamante;1;13;0;AN03540
gid://shopify/ProductVariant/46509499154727;gid://shopify/ProductVariant/46509499154727;AN03540-22;22;64000.0;gid://shopify/Product/8612659659047;Anel Rock Star De Ouro Branco 18K E Rubelita E Diamante;1;13;0;AN03540
gid://shopify/ProductVariant/46512694526247;gid://shopify/ProductVariant/46512694526247;PU01770T;Default Title;33000.0;gid://shopify/Product/8613205868839;Pulseira Clássico De Ouro Branco 18K Com Ródio Negro E Diamante Solitário;5;1;0;PU01770T
gid://shopify/ProductVariant/46512698753319;gid://shopify/ProductVariant/46512698753319;BR06526T;Default Title;32000.0;gid://shopify/Product/8613205967143;Brinco Dolce Vita De Ouro Amarelo 18K E Olho De Tigre E Safira;0;1;0;BR06526T
gid://shopify/ProductVariant/46512699080999;gid://shopify/ProductVariant/46512699080999;BR06525T;Default Title;22000.0;gid://shopify/Product/8613206065447;Brinco Dolce Vita De Ouro Amarelo 18K E Olho De Tigre;0;1;0;BR06525T
gid://shopify/ProductVariant/46512699375911;gid://shopify/ProductVariant/46512699375911;AN03359-10;10;91000.0;gid://shopify/Product/8613206130983;Anel Especial De Ouro Amarelo E Branco 18K E Diamante E Esmeralda;0;13;0;AN03359
gid://shopify/ProductVariant/46512699408679;gid://shopify/ProductVariant/46512699408679;AN03359-11;11;91000.0;gid://shopify/Product/8613206130983;Anel Especial De Ouro Amarelo E Branco 18K E Diamante E Esmeralda;0;13;0;AN03359
gid://shopify/ProductVariant/46512699441447;gid://shopify/ProductVariant/46512699441447;AN03359-12;12;91000.0;gid://shopify/Product/8613206130983;Anel Especial De Ouro Amarelo E Branco 18K E Diamante E Esmeralda;0;13;0;AN03359
gid://shopify/ProductVariant/46512699474215;gid://shopify/ProductVariant/46512699474215;AN03359-13;13;91000.0;gid://shopify/Product/8613206130983;Anel Especial De Ouro Amarelo E Branco 18K E Diamante E Esmeralda;0;13;0;AN03359
gid://shopify/ProductVariant/46512699506983;gid://shopify/ProductVariant/46512699506983;AN03359-14;14;91000.0;gid://shopify/Product/8613206130983;Anel Especial De Ouro Amarelo E Branco 18K E Diamante E Esmeralda;0;13;0;AN03359
gid://shopify/ProductVariant/46512699539751;gid://shopify/ProductVariant/46512699539751;AN03359-15;15;91000.0;gid://shopify/Product/8613206130983;Anel Especial De Ouro Amarelo E Branco 18K E Diamante E Esmeralda;0;13;0;AN03359
gid://shopify/ProductVariant/46512699572519;gid://shopify/ProductVariant/46512699572519;AN03359-16;16;91000.0;gid://shopify/Product/8613206130983;Anel Especial De Ouro Amarelo E Branco 18K E Diamante E Esmeralda;0;13;0;AN03359
gid://shopify/ProductVariant/46512699605287;gid://shopify/ProductVariant/46512699605287;AN03359-17;17;91000.0;gid://shopify/Product/8613206130983;Anel Especial De Ouro Amarelo E Branco 18K E Diamante E Esmeralda;0;13;0;AN03359
gid://shopify/ProductVariant/46512699638055;gid://shopify/ProductVariant/46512699638055;AN03359-18;18;91000.0;gid://shopify/Product/8613206130983;Anel Especial De Ouro Amarelo E Branco 18K E Diamante E Esmeralda;0;13;0;AN03359
gid://shopify/ProductVariant/46512699670823;gid://shopify/ProductVariant/46512699670823;AN03359-19;19;91000.0;gid://shopify/Product/8613206130983;Anel Especial De Ouro Amarelo E Branco 18K E Diamante E Esmeralda;0;13;0;AN03359
gid://shopify/ProductVariant/46512699703591;gid://shopify/ProductVariant/46512699703591;AN03359-20;20;91000.0;gid://shopify/Product/8613206130983;Anel Especial De Ouro Amarelo E Branco 18K E Diamante E Esmeralda;0;13;0;AN03359
gid://shopify/ProductVariant/46512699736359;gid://shopify/ProductVariant/46512699736359;AN03359-21;21;91000.0;gid://shopify/Product/8613206130983;Anel Especial De Ouro Amarelo E Branco 18K E Diamante E Esmeralda;0;13;0;AN03359
gid://shopify/ProductVariant/46512699769127;gid://shopify/ProductVariant/46512699769127;AN03359-22;22;91000.0;gid://shopify/Product/8613206130983;Anel Especial De Ouro Amarelo E Branco 18K E Diamante E Esmeralda;0;13;0;AN03359
gid://shopify/ProductVariant/46512700096807;gid://shopify/ProductVariant/46512700096807;AN01794-10;10;429000.0;gid://shopify/Product/8613206294823;Anel Especial De Ouro Branco 18K E Diamante Solitário;0;13;0;AN01794
gid://shopify/ProductVariant/46512700129575;gid://shopify/ProductVariant/46512700129575;AN01794-11;11;429000.0;gid://shopify/Product/8613206294823;Anel Especial De Ouro Branco 18K E Diamante Solitário;0;13;0;AN01794
gid://shopify/ProductVariant/46512700162343;gid://shopify/ProductVariant/46512700162343;AN01794-12;12;429000.0;gid://shopify/Product/8613206294823;Anel Especial De Ouro Branco 18K E Diamante Solitário;0;13;0;AN01794
gid://shopify/ProductVariant/46512700195111;gid://shopify/ProductVariant/46512700195111;AN01794-13;13;429000.0;gid://shopify/Product/8613206294823;Anel Especial De Ouro Branco 18K E Diamante Solitário;0;13;0;AN01794
gid://shopify/ProductVariant/46512700227879;gid://shopify/ProductVariant/46512700227879;AN01794-14;14;429000.0;gid://shopify/Product/8613206294823;Anel Especial De Ouro Branco 18K E Diamante Solitário;0;13;0;AN01794
gid://shopify/ProductVariant/46512700260647;gid://shopify/ProductVariant/46512700260647;AN01794-15;15;429000.0;gid://shopify/Product/8613206294823;Anel Especial De Ouro Branco 18K E Diamante Solitário;0;13;0;AN01794
gid://shopify/ProductVariant/46512700293415;gid://shopify/ProductVariant/46512700293415;AN01794-16;16;429000.0;gid://shopify/Product/8613206294823;Anel Especial De Ouro Branco 18K E Diamante Solitário;0;13;0;AN01794
gid://shopify/ProductVariant/46512700326183;gid://shopify/ProductVariant/46512700326183;AN01794-17;17;429000.0;gid://shopify/Product/8613206294823;Anel Especial De Ouro Branco 18K E Diamante Solitário;0;13;0;AN01794
gid://shopify/ProductVariant/46512700358951;gid://shopify/ProductVariant/46512700358951;AN01794-18;18;429000.0;gid://shopify/Product/8613206294823;Anel Especial De Ouro Branco 18K E Diamante Solitário;0;13;0;AN01794
gid://shopify/ProductVariant/46512700391719;gid://shopify/ProductVariant/46512700391719;AN01794-19;19;429000.0;gid://shopify/Product/8613206294823;Anel Especial De Ouro Branco 18K E Diamante Solitário;0;13;0;AN01794
gid://shopify/ProductVariant/46512700424487;gid://shopify/ProductVariant/46512700424487;AN01794-20;20;429000.0;gid://shopify/Product/8613206294823;Anel Especial De Ouro Branco 18K E Diamante Solitário;0;13;0;AN01794
gid://shopify/ProductVariant/46512700457255;gid://shopify/ProductVariant/46512700457255;AN01794-21;21;429000.0;gid://shopify/Product/8613206294823;Anel Especial De Ouro Branco 18K E Diamante Solitário;0;13;0;AN01794
gid://shopify/ProductVariant/46512700490023;gid://shopify/ProductVariant/46512700490023;AN01794-22;22;429000.0;gid://shopify/Product/8613206294823;Anel Especial De Ouro Branco 18K E Diamante Solitário;0;13;0;AN01794
gid://shopify/ProductVariant/46512700555559;gid://shopify/ProductVariant/46512700555559;BR05967T;Default Title;9800.0;gid://shopify/Product/8613206327591;Brinco Especial De Ouro Branco 18K E Diamante Solitário;5;1;0;BR05967T
gid://shopify/ProductVariant/46512700588327;gid://shopify/ProductVariant/46512700588327;BR05970T;Default Title;11000.0;gid://shopify/Product/8613206393127;Brinco Especial De Ouro Branco 18K E Diamante Solitário;5;1;0;BR05970T
gid://shopify/ProductVariant/46512701079847;gid://shopify/ProductVariant/46512701079847;BR04858T;Default Title;1700.0;gid://shopify/Product/8613206589735;Brinco Especial De Ouro Amarelo 18K E Esmeralda;5;1;0;BR04858T
gid://shopify/ProductVariant/46512701243687;gid://shopify/ProductVariant/46512701243687;CL01124;G;10200.0;gid://shopify/Product/8613206688039;Colar JV MAN De Ouro Branco 18K E Diamante Negro - G;5;1;1;CL01124
gid://shopify/ProductVariant/46512701341991;gid://shopify/ProductVariant/46512701341991;CL01125;G;10200.0;gid://shopify/Product/8613206786343;Colar JV MAN De Ouro Branco 18K Com Ródio Negro E Diamante Negro - G;5;1;1;CL01125
gid://shopify/ProductVariant/46512701374759;gid://shopify/ProductVariant/46512701374759;CL01131;M;9900.0;gid://shopify/Product/8613206819111;Colar JV MAN De Ouro Branco 18K Com Ródio Negro E Diamante Negro - M;5;1;0;CL01131
gid://shopify/ProductVariant/46512701407527;gid://shopify/ProductVariant/46512701407527;CL01132;M;9900.0;gid://shopify/Product/8613206851879;Colar JV MAN De Ouro Branco 18K E Diamante Negro - M;5;1;0;CL01132
gid://shopify/ProductVariant/46512701440295;gid://shopify/ProductVariant/46512701440295;CL04200;G;13300.0;gid://shopify/Product/8613206917415;Colar JV MAN De Ouro Branco 18K E Diamante Negro - G;5;1;0;CL04200
gid://shopify/ProductVariant/46512701505831;gid://shopify/ProductVariant/46512701505831;CL04201;G;13300.0;gid://shopify/Product/8613206950183;Colar JV MAN De Ouro Branco 18K Com Ródio Negro E Diamante Negro - G;5;1;0;CL04201
gid://shopify/ProductVariant/46512701571367;gid://shopify/ProductVariant/46512701571367;CL04202;M;10100.0;gid://shopify/Product/8613207015719;Colar JV MAN De Ouro Branco 18K E Diamante Negro - M;5;1;0;CL04202
gid://shopify/ProductVariant/46512701866279;gid://shopify/ProductVariant/46512701866279;AN03326-10;10;21800.0;gid://shopify/Product/8613207179559;Anel Maes 2013 De Ouro Branco 18K Com Ródio Negro E Diamante E Safira;1;13;0;AN03326
gid://shopify/ProductVariant/46512701899047;gid://shopify/ProductVariant/46512701899047;AN03326-11;11;21800.0;gid://shopify/Product/8613207179559;Anel Maes 2013 De Ouro Branco 18K Com Ródio Negro E Diamante E Safira;1;13;0;AN03326
gid://shopify/ProductVariant/46512701931815;gid://shopify/ProductVariant/46512701931815;AN03326-12;12;21800.0;gid://shopify/Product/8613207179559;Anel Maes 2013 De Ouro Branco 18K Com Ródio Negro E Diamante E Safira;1;13;0;AN03326
gid://shopify/ProductVariant/46512701997351;gid://shopify/ProductVariant/46512701997351;AN03326-14;14;21800.0;gid://shopify/Product/8613207179559;Anel Maes 2013 De Ouro Branco 18K Com Ródio Negro E Diamante E Safira;1;13;0;AN03326
gid://shopify/ProductVariant/46512702030119;gid://shopify/ProductVariant/46512702030119;AN03326-15;15;21800.0;gid://shopify/Product/8613207179559;Anel Maes 2013 De Ouro Branco 18K Com Ródio Negro E Diamante E Safira;1;13;0;AN03326
gid://shopify/ProductVariant/46512702062887;gid://shopify/ProductVariant/46512702062887;AN03326-16;16;21800.0;gid://shopify/Product/8613207179559;Anel Maes 2013 De Ouro Branco 18K Com Ródio Negro E Diamante E Safira;1;13;0;AN03326
gid://shopify/ProductVariant/46512702095655;gid://shopify/ProductVariant/46512702095655;AN03326-17;17;21800.0;gid://shopify/Product/8613207179559;Anel Maes 2013 De Ouro Branco 18K Com Ródio Negro E Diamante E Safira;1;13;0;AN03326
gid://shopify/ProductVariant/46512702128423;gid://shopify/ProductVariant/46512702128423;AN03326-18;18;21800.0;gid://shopify/Product/8613207179559;Anel Maes 2013 De Ouro Branco 18K Com Ródio Negro E Diamante E Safira;1;13;0;AN03326
gid://shopify/ProductVariant/46512702161191;gid://shopify/ProductVariant/46512702161191;AN03326-19;19;21800.0;gid://shopify/Product/8613207179559;Anel Maes 2013 De Ouro Branco 18K Com Ródio Negro E Diamante E Safira;1;13;0;AN03326
gid://shopify/ProductVariant/46512702193959;gid://shopify/ProductVariant/46512702193959;AN03326-20;20;21800.0;gid://shopify/Product/8613207179559;Anel Maes 2013 De Ouro Branco 18K Com Ródio Negro E Diamante E Safira;1;13;0;AN03326
gid://shopify/ProductVariant/46512702226727;gid://shopify/ProductVariant/46512702226727;AN03326-21;21;21800.0;gid://shopify/Product/8613207179559;Anel Maes 2013 De Ouro Branco 18K Com Ródio Negro E Diamante E Safira;1;13;0;AN03326
gid://shopify/ProductVariant/46512702259495;gid://shopify/ProductVariant/46512702259495;AN03326-22;22;21800.0;gid://shopify/Product/8613207179559;Anel Maes 2013 De Ouro Branco 18K Com Ródio Negro E Diamante E Safira;1;13;0;AN03326
gid://shopify/ProductVariant/46512702292263;gid://shopify/ProductVariant/46512702292263;AN02937-10;10;109000.0;gid://shopify/Product/8613207212327;Anel Maes 2013 De Ouro Rosa E Branco 18K E Diamante Solitário;1;13;0;AN02937
gid://shopify/ProductVariant/46512702325031;gid://shopify/ProductVariant/46512702325031;AN02937-11;11;109000.0;gid://shopify/Product/8613207212327;Anel Maes 2013 De Ouro Rosa E Branco 18K E Diamante Solitário;1;13;0;AN02937
gid://shopify/ProductVariant/46512702357799;gid://shopify/ProductVariant/46512702357799;AN02937-12;12;109000.0;gid://shopify/Product/8613207212327;Anel Maes 2013 De Ouro Rosa E Branco 18K E Diamante Solitário;1;13;0;AN02937
gid://shopify/ProductVariant/46512702390567;gid://shopify/ProductVariant/46512702390567;AN02937-13;13;109000.0;gid://shopify/Product/8613207212327;Anel Maes 2013 De Ouro Rosa E Branco 18K E Diamante Solitário;1;13;0;AN02937
gid://shopify/ProductVariant/46512702423335;gid://shopify/ProductVariant/46512702423335;AN02937-14;14;109000.0;gid://shopify/Product/8613207212327;Anel Maes 2013 De Ouro Rosa E Branco 18K E Diamante Solitário;1;13;0;AN02937
gid://shopify/ProductVariant/46512702456103;gid://shopify/ProductVariant/46512702456103;AN02937-15;15;109000.0;gid://shopify/Product/8613207212327;Anel Maes 2013 De Ouro Rosa E Branco 18K E Diamante Solitário;1;13;0;AN02937
gid://shopify/ProductVariant/46512702521639;gid://shopify/ProductVariant/46512702521639;AN02937-17;17;109000.0;gid://shopify/Product/8613207212327;Anel Maes 2013 De Ouro Rosa E Branco 18K E Diamante Solitário;1;13;0;AN02937
gid://shopify/ProductVariant/46512702554407;gid://shopify/ProductVariant/46512702554407;AN02937-18;18;109000.0;gid://shopify/Product/8613207212327;Anel Maes 2013 De Ouro Rosa E Branco 18K E Diamante Solitário;1;13;0;AN02937
gid://shopify/ProductVariant/46512702587175;gid://shopify/ProductVariant/46512702587175;AN02937-19;19;109000.0;gid://shopify/Product/8613207212327;Anel Maes 2013 De Ouro Rosa E Branco 18K E Diamante Solitário;1;13;0;AN02937
gid://shopify/ProductVariant/46512702619943;gid://shopify/ProductVariant/46512702619943;AN02937-20;20;109000.0;gid://shopify/Product/8613207212327;Anel Maes 2013 De Ouro Rosa E Branco 18K E Diamante Solitário;1;13;0;AN02937
gid://shopify/ProductVariant/46512702652711;gid://shopify/ProductVariant/46512702652711;AN02937-21;21;109000.0;gid://shopify/Product/8613207212327;Anel Maes 2013 De Ouro Rosa E Branco 18K E Diamante Solitário;1;13;0;AN02937
gid://shopify/ProductVariant/46512702685479;gid://shopify/ProductVariant/46512702685479;AN02937-22;22;109000.0;gid://shopify/Product/8613207212327;Anel Maes 2013 De Ouro Rosa E Branco 18K E Diamante Solitário;1;13;0;AN02937
gid://shopify/ProductVariant/46512702882087;gid://shopify/ProductVariant/46512702882087;CO01285;Default Title;1450.0;gid://shopify/Product/8613207343399;Corrente Pop De Prata Com Ouro Rosa;5;1;0;CO01285
gid://shopify/ProductVariant/46512703176999;gid://shopify/ProductVariant/46512703176999;BR05759T;G;3000.0;gid://shopify/Product/8613207441703;Piercing Voyeur De Ouro Branco 18K Com Ródio Negro E Diamante Negro - G;5;1;0;BR05759T
gid://shopify/ProductVariant/46512703275303;gid://shopify/ProductVariant/46512703275303;CL04651;Default Title;7000.0;gid://shopify/Product/8613207540007;Colar Especial De Ouro Amarelo 18K E Esmeralda;0;1;0;CL04651
gid://shopify/ProductVariant/46529045856551;gid://shopify/ProductVariant/46529045856551;;PP;6700.0;gid://shopify/Product/8578445705511;Colar Leopardo De Prata Com Ouro Amarelo;33;4;5;
gid://shopify/ProductVariant/46549908422951;gid://shopify/ProductVariant/46549908422951;PU01860T;G;1590.0;gid://shopify/Product/8577931280679;Pulseira JV MAN II De Prata Com Ouro Branco;34;4;2;PU01860T
gid://shopify/ProductVariant/46550040117543;gid://shopify/ProductVariant/46550040117543;PU01905T;M;1590.0;gid://shopify/Product/8577942192423;Pulseira JV MAN II De Prata Com Ouro Branco Fosco;22;4;1;PU01905T
gid://shopify/ProductVariant/46550178922791;gid://shopify/ProductVariant/46550178922791;PU01907T;GG;1590.0;gid://shopify/Product/8577942192423;Pulseira JV MAN II De Prata Com Ouro Branco Fosco;22;4;1;PU01907T
gid://shopify/ProductVariant/46550402236711;gid://shopify/ProductVariant/46550402236711;PU01856T;M;1590.0;gid://shopify/Product/8577930985767;Pulseira JV MAN II De Prata Com Ródio Negro;30;4;2;PU01856T
gid://shopify/ProductVariant/46551161045287;gid://shopify/ProductVariant/46551161045287;PU01910T;G;5900.0;gid://shopify/Product/8577944781095;Pulseira JV MAN II De Prata Com Ródio Negro Fosco E Diamante Negro;20;4;1;PU01910T
gid://shopify/ProductVariant/46551306993959;gid://shopify/ProductVariant/46551306993959;PU01908T;P;6500.0;gid://shopify/Product/8577944781095;Pulseira JV MAN II De Prata Com Ródio Negro Fosco E Diamante Negro;20;4;1;PU01908T
gid://shopify/ProductVariant/46551335305511;gid://shopify/ProductVariant/46551335305511;PU01854T;G;6500.0;gid://shopify/Product/8577924268327;Pulseira JV MAN II De Prata Com Ródio Negro E Diamante Negro;11;2;2;PU01854T
gid://shopify/ProductVariant/46551569531175;gid://shopify/ProductVariant/46551569531175;PU01911T;GG;5900.0;gid://shopify/Product/8577944781095;Pulseira JV MAN II De Prata Com Ródio Negro Fosco E Diamante Negro;20;4;1;PU01911T
gid://shopify/ProductVariant/46562873049383;gid://shopify/ProductVariant/46562873049383;CL03751;P;22000.0;gid://shopify/Product/8573654860071;Colar Love NY De Ouro Branco 18K E Diamante;5;3;2;CL03751
gid://shopify/ProductVariant/46562873082151;gid://shopify/ProductVariant/46562873082151;CL03785;G;22000.0;gid://shopify/Product/8573654860071;Colar Love NY De Ouro Branco 18K E Diamante;5;3;2;CL03785
gid://shopify/ProductVariant/46562932261159;gid://shopify/ProductVariant/46562932261159;CL03714;M;16000.0;gid://shopify/Product/8608792969511;Colar Love Ny De Ouro Amarelo 18K E Diamante - P;5;3;2;CL03714
gid://shopify/ProductVariant/46562932293927;gid://shopify/ProductVariant/46562932293927;CL03783;G;16000.0;gid://shopify/Product/8608792969511;Colar Love Ny De Ouro Amarelo 18K E Diamante - P;5;3;2;CL03783
gid://shopify/ProductVariant/46563061137703;gid://shopify/ProductVariant/46563061137703;PU01660T;P;4850.0;gid://shopify/Product/8577723072807;Pulseira Orquidea De Prata Com Ouro Rosa E Diamante;5;3;2;PU01660T
gid://shopify/ProductVariant/46563061203239;gid://shopify/ProductVariant/46563061203239;PU01662T;G;4850.0;gid://shopify/Product/8577723072807;Pulseira Orquidea De Prata Com Ouro Rosa E Diamante;5;3;2;PU01662T
gid://shopify/ProductVariant/46563104227623;gid://shopify/ProductVariant/46563104227623;PU01656T;G;4400.0;gid://shopify/Product/8577723334951;Pulseira Orquidea De Prata Com Ródio Negro E Diamante;5;2;2;PU01656T
gid://shopify/ProductVariant/46563132866855;gid://shopify/ProductVariant/46563132866855;PU02015T;M;2800.0;gid://shopify/Product/8578005369127;Pulseira Rock Chain De Prata Com Ouro Amarelo;6;3;5;PU02015T
gid://shopify/ProductVariant/46563132899623;gid://shopify/ProductVariant/46563132899623;PU02016T;G;2800.0;gid://shopify/Product/8578005369127;Pulseira Rock Chain De Prata Com Ouro Amarelo;6;3;5;PU02016T
gid://shopify/ProductVariant/46563155837223;gid://shopify/ProductVariant/46563155837223;PU02008T;M;5400.0;gid://shopify/Product/8578006384935;Pulseira Rock Chain De Prata Com Ouro Amarelo;7;3;4;PU02008T
gid://shopify/ProductVariant/46563155869991;gid://shopify/ProductVariant/46563155869991;PU02009T;G;5700.0;gid://shopify/Product/8578006384935;Pulseira Rock Chain De Prata Com Ouro Amarelo;7;3;4;PU02009T
gid://shopify/ProductVariant/46579526435111;gid://shopify/ProductVariant/46579526435111;AN03267-10;10;248000.0;gid://shopify/Product/8630831677735;Anel New Vintage De Ouro Branco 18K, com Safira e Diamantes;1;13;5;AN03267
gid://shopify/ProductVariant/46579526467879;gid://shopify/ProductVariant/46579526467879;AN03267-11;11;248000.0;gid://shopify/Product/8630831677735;Anel New Vintage De Ouro Branco 18K, com Safira e Diamantes;1;13;5;AN03267
gid://shopify/ProductVariant/46579526500647;gid://shopify/ProductVariant/46579526500647;AN03267-12;12;248000.0;gid://shopify/Product/8630831677735;Anel New Vintage De Ouro Branco 18K, com Safira e Diamantes;1;13;5;AN03267
gid://shopify/ProductVariant/46579526533415;gid://shopify/ProductVariant/46579526533415;AN03267-13;13;248000.0;gid://shopify/Product/8630831677735;Anel New Vintage De Ouro Branco 18K, com Safira e Diamantes;1;13;5;AN03267
gid://shopify/ProductVariant/46579526566183;gid://shopify/ProductVariant/46579526566183;AN03267-14;14;248000.0;gid://shopify/Product/8630831677735;Anel New Vintage De Ouro Branco 18K, com Safira e Diamantes;1;13;5;AN03267
gid://shopify/ProductVariant/46579526598951;gid://shopify/ProductVariant/46579526598951;AN03267-15;15;248000.0;gid://shopify/Product/8630831677735;Anel New Vintage De Ouro Branco 18K, com Safira e Diamantes;1;13;5;AN03267
gid://shopify/ProductVariant/46579526631719;gid://shopify/ProductVariant/46579526631719;AN03267-16;16;248000.0;gid://shopify/Product/8630831677735;Anel New Vintage De Ouro Branco 18K, com Safira e Diamantes;1;13;5;AN03267
gid://shopify/ProductVariant/46579526697255;gid://shopify/ProductVariant/46579526697255;AN03267-18;18;248000.0;gid://shopify/Product/8630831677735;Anel New Vintage De Ouro Branco 18K, com Safira e Diamantes;1;13;5;AN03267
gid://shopify/ProductVariant/46579526730023;gid://shopify/ProductVariant/46579526730023;AN03267-19;19;248000.0;gid://shopify/Product/8630831677735;Anel New Vintage De Ouro Branco 18K, com Safira e Diamantes;1;13;5;AN03267
gid://shopify/ProductVariant/46579526762791;gid://shopify/ProductVariant/46579526762791;AN03267-20;20;248000.0;gid://shopify/Product/8630831677735;Anel New Vintage De Ouro Branco 18K, com Safira e Diamantes;1;13;5;AN03267
gid://shopify/ProductVariant/46579526795559;gid://shopify/ProductVariant/46579526795559;AN03267-21;21;248000.0;gid://shopify/Product/8630831677735;Anel New Vintage De Ouro Branco 18K, com Safira e Diamantes;1;13;5;AN03267
gid://shopify/ProductVariant/46579526828327;gid://shopify/ProductVariant/46579526828327;AN03267-22;22;248000.0;gid://shopify/Product/8630831677735;Anel New Vintage De Ouro Branco 18K, com Safira e Diamantes;1;13;5;AN03267
gid://shopify/ProductVariant/46579527352615;gid://shopify/ProductVariant/46579527352615;AN03315-10;10;32000.0;gid://shopify/Product/8630832005415;Anel New Vintage De Ouro Amarelo 18K, com Rodonita e Diamantes;0;13;3;AN03315
gid://shopify/ProductVariant/46579527385383;gid://shopify/ProductVariant/46579527385383;AN03315-11;11;32000.0;gid://shopify/Product/8630832005415;Anel New Vintage De Ouro Amarelo 18K, com Rodonita e Diamantes;0;13;3;AN03315
gid://shopify/ProductVariant/46579527418151;gid://shopify/ProductVariant/46579527418151;AN03315-12;12;32000.0;gid://shopify/Product/8630832005415;Anel New Vintage De Ouro Amarelo 18K, com Rodonita e Diamantes;0;13;3;AN03315
gid://shopify/ProductVariant/46579527450919;gid://shopify/ProductVariant/46579527450919;AN03315-13;13;32000.0;gid://shopify/Product/8630832005415;Anel New Vintage De Ouro Amarelo 18K, com Rodonita e Diamantes;0;13;3;AN03315
gid://shopify/ProductVariant/46579527483687;gid://shopify/ProductVariant/46579527483687;AN03315-14;14;32000.0;gid://shopify/Product/8630832005415;Anel New Vintage De Ouro Amarelo 18K, com Rodonita e Diamantes;0;13;3;AN03315
gid://shopify/ProductVariant/46579527516455;gid://shopify/ProductVariant/46579527516455;AN03315-15;15;32000.0;gid://shopify/Product/8630832005415;Anel New Vintage De Ouro Amarelo 18K, com Rodonita e Diamantes;0;13;3;AN03315
gid://shopify/ProductVariant/46579527549223;gid://shopify/ProductVariant/46579527549223;AN03315-16;16;32000.0;gid://shopify/Product/8630832005415;Anel New Vintage De Ouro Amarelo 18K, com Rodonita e Diamantes;0;13;3;AN03315
gid://shopify/ProductVariant/46579527581991;gid://shopify/ProductVariant/46579527581991;AN03315-17;17;32000.0;gid://shopify/Product/8630832005415;Anel New Vintage De Ouro Amarelo 18K, com Rodonita e Diamantes;0;13;3;AN03315
gid://shopify/ProductVariant/46579527614759;gid://shopify/ProductVariant/46579527614759;AN03315-18;18;32000.0;gid://shopify/Product/8630832005415;Anel New Vintage De Ouro Amarelo 18K, com Rodonita e Diamantes;0;13;3;AN03315
gid://shopify/ProductVariant/46579527647527;gid://shopify/ProductVariant/46579527647527;AN03315-19;19;32000.0;gid://shopify/Product/8630832005415;Anel New Vintage De Ouro Amarelo 18K, com Rodonita e Diamantes;0;13;3;AN03315
gid://shopify/ProductVariant/46579527713063;gid://shopify/ProductVariant/46579527713063;AN03315-20;20;32000.0;gid://shopify/Product/8630832005415;Anel New Vintage De Ouro Amarelo 18K, com Rodonita e Diamantes;0;13;3;AN03315
gid://shopify/ProductVariant/46579527745831;gid://shopify/ProductVariant/46579527745831;AN03315-21;21;32000.0;gid://shopify/Product/8630832005415;Anel New Vintage De Ouro Amarelo 18K, com Rodonita e Diamantes;0;13;3;AN03315
gid://shopify/ProductVariant/46579527778599;gid://shopify/ProductVariant/46579527778599;AN03315-22;22;32000.0;gid://shopify/Product/8630832005415;Anel New Vintage De Ouro Amarelo 18K, com Rodonita e Diamantes;0;13;3;AN03315
gid://shopify/ProductVariant/46579528401191;gid://shopify/ProductVariant/46579528401191;AN03604-10;10;69000.0;gid://shopify/Product/8630832431399;Anel New Vintage De Ouro Amarelo 18K, com Esmeralda E Diamantes;1;13;4;AN03604
gid://shopify/ProductVariant/46579528433959;gid://shopify/ProductVariant/46579528433959;AN03604-11;11;69000.0;gid://shopify/Product/8630832431399;Anel New Vintage De Ouro Amarelo 18K, com Esmeralda E Diamantes;1;13;4;AN03604
gid://shopify/ProductVariant/46579528466727;gid://shopify/ProductVariant/46579528466727;AN03604-12;12;69000.0;gid://shopify/Product/8630832431399;Anel New Vintage De Ouro Amarelo 18K, com Esmeralda E Diamantes;1;13;4;AN03604
gid://shopify/ProductVariant/46579528499495;gid://shopify/ProductVariant/46579528499495;AN03604-13;13;69000.0;gid://shopify/Product/8630832431399;Anel New Vintage De Ouro Amarelo 18K, com Esmeralda E Diamantes;1;13;4;AN03604
gid://shopify/ProductVariant/46579528532263;gid://shopify/ProductVariant/46579528532263;AN03604-14;14;69000.0;gid://shopify/Product/8630832431399;Anel New Vintage De Ouro Amarelo 18K, com Esmeralda E Diamantes;1;13;4;AN03604
gid://shopify/ProductVariant/46579528565031;gid://shopify/ProductVariant/46579528565031;AN03604-15;15;69000.0;gid://shopify/Product/8630832431399;Anel New Vintage De Ouro Amarelo 18K, com Esmeralda E Diamantes;1;13;4;AN03604
gid://shopify/ProductVariant/46579528597799;gid://shopify/ProductVariant/46579528597799;AN03604-16;16;69000.0;gid://shopify/Product/8630832431399;Anel New Vintage De Ouro Amarelo 18K, com Esmeralda E Diamantes;1;13;4;AN03604
gid://shopify/ProductVariant/46579528663335;gid://shopify/ProductVariant/46579528663335;AN03604-18;18;69000.0;gid://shopify/Product/8630832431399;Anel New Vintage De Ouro Amarelo 18K, com Esmeralda E Diamantes;1;13;4;AN03604
gid://shopify/ProductVariant/46579528696103;gid://shopify/ProductVariant/46579528696103;AN03604-19;19;69000.0;gid://shopify/Product/8630832431399;Anel New Vintage De Ouro Amarelo 18K, com Esmeralda E Diamantes;1;13;4;AN03604
gid://shopify/ProductVariant/46579528728871;gid://shopify/ProductVariant/46579528728871;AN03604-20;20;69000.0;gid://shopify/Product/8630832431399;Anel New Vintage De Ouro Amarelo 18K, com Esmeralda E Diamantes;1;13;4;AN03604
gid://shopify/ProductVariant/46579528761639;gid://shopify/ProductVariant/46579528761639;AN03604-21;21;69000.0;gid://shopify/Product/8630832431399;Anel New Vintage De Ouro Amarelo 18K, com Esmeralda E Diamantes;1;13;4;AN03604
gid://shopify/ProductVariant/46579528794407;gid://shopify/ProductVariant/46579528794407;AN03604-22;22;69000.0;gid://shopify/Product/8630832431399;Anel New Vintage De Ouro Amarelo 18K, com Esmeralda E Diamantes;1;13;4;AN03604
gid://shopify/ProductVariant/46579530891559;gid://shopify/ProductVariant/46579530891559;AN03605-10;10;29500.0;gid://shopify/Product/8630832824615;Anel New Vintage De Ouro Amarelo 18K, com Rodonita E Diamantes;1;13;3;AN03605
gid://shopify/ProductVariant/46579530924327;gid://shopify/ProductVariant/46579530924327;AN03605-11;11;29500.0;gid://shopify/Product/8630832824615;Anel New Vintage De Ouro Amarelo 18K, com Rodonita E Diamantes;1;13;3;AN03605
gid://shopify/ProductVariant/46579530957095;gid://shopify/ProductVariant/46579530957095;AN03605-12;12;29500.0;gid://shopify/Product/8630832824615;Anel New Vintage De Ouro Amarelo 18K, com Rodonita E Diamantes;1;13;3;AN03605
gid://shopify/ProductVariant/46579530989863;gid://shopify/ProductVariant/46579530989863;AN03605-13;13;29500.0;gid://shopify/Product/8630832824615;Anel New Vintage De Ouro Amarelo 18K, com Rodonita E Diamantes;1;13;3;AN03605
gid://shopify/ProductVariant/46579531022631;gid://shopify/ProductVariant/46579531022631;AN03605-14;14;29500.0;gid://shopify/Product/8630832824615;Anel New Vintage De Ouro Amarelo 18K, com Rodonita E Diamantes;1;13;3;AN03605
gid://shopify/ProductVariant/46579531055399;gid://shopify/ProductVariant/46579531055399;AN03605-15;15;29500.0;gid://shopify/Product/8630832824615;Anel New Vintage De Ouro Amarelo 18K, com Rodonita E Diamantes;1;13;3;AN03605
gid://shopify/ProductVariant/46579531088167;gid://shopify/ProductVariant/46579531088167;AN03605-16;16;29500.0;gid://shopify/Product/8630832824615;Anel New Vintage De Ouro Amarelo 18K, com Rodonita E Diamantes;1;13;3;AN03605
gid://shopify/ProductVariant/46579531120935;gid://shopify/ProductVariant/46579531120935;AN03605-17;17;29500.0;gid://shopify/Product/8630832824615;Anel New Vintage De Ouro Amarelo 18K, com Rodonita E Diamantes;1;13;3;AN03605
gid://shopify/ProductVariant/46579531186471;gid://shopify/ProductVariant/46579531186471;AN03605-19;19;29500.0;gid://shopify/Product/8630832824615;Anel New Vintage De Ouro Amarelo 18K, com Rodonita E Diamantes;1;13;3;AN03605
gid://shopify/ProductVariant/46579531219239;gid://shopify/ProductVariant/46579531219239;AN03605-20;20;29500.0;gid://shopify/Product/8630832824615;Anel New Vintage De Ouro Amarelo 18K, com Rodonita E Diamantes;1;13;3;AN03605
gid://shopify/ProductVariant/46579531252007;gid://shopify/ProductVariant/46579531252007;AN03605-21;21;29500.0;gid://shopify/Product/8630832824615;Anel New Vintage De Ouro Amarelo 18K, com Rodonita E Diamantes;1;13;3;AN03605
gid://shopify/ProductVariant/46579531284775;gid://shopify/ProductVariant/46579531284775;AN03605-22;22;29500.0;gid://shopify/Product/8630832824615;Anel New Vintage De Ouro Amarelo 18K, com Rodonita E Diamantes;1;13;3;AN03605
gid://shopify/ProductVariant/46579532398887;gid://shopify/ProductVariant/46579532398887;BR06593T;Default Title;42500.0;gid://shopify/Product/8630833545511;Brinco Power Fringe New Vintage De Ouro Amarelo 18K, com Diamantes;5;1;5;BR06593T
gid://shopify/ProductVariant/46579533185319;gid://shopify/ProductVariant/46579533185319;BR06595T;Default Title;46000.0;gid://shopify/Product/8630834004263;Brinco New Vintage Fringe De Ouro Amarelo E Branco 18K, com Rodonitas, Safiras E Diamantes;0;1;5;BR06595T
gid://shopify/ProductVariant/46579534528807;gid://shopify/ProductVariant/46579534528807;BR06621T;Default Title;25000.0;gid://shopify/Product/8630834725159;Brinco New Vintage Diamond De Ouro Branco 18K, com Diamantes;5;1;4;BR06621T
gid://shopify/ProductVariant/46579535708455;gid://shopify/ProductVariant/46579535708455;BR06623T;Default Title;42500.0;gid://shopify/Product/8630835249447;Brinco Power Fringe New Vintage De Ouro Branco 18K, com Diamantes;5;1;5;BR06623T
gid://shopify/ProductVariant/46579539312935;gid://shopify/ProductVariant/46579539312935;BR06632T;Default Title;25000.0;gid://shopify/Product/8630836789543;Brinco New Vintage Diamond De Ouro Amarelo 18K, com Diamantes;5;1;5;BR06632T
gid://shopify/ProductVariant/46579540656423;gid://shopify/ProductVariant/46579540656423;BR06634T;Default Title;38000.0;gid://shopify/Product/8630837248295;Brinco New Vintage Fringe De Ouro Branco 18K, com Safiras E Diamantes;0;1;4;BR06634T
gid://shopify/ProductVariant/46579541508391;gid://shopify/ProductVariant/46579541508391;BR06635T;Default Title;32000.0;gid://shopify/Product/8630837477671;Brinco New Vintage Power De Ouro Branco 18K E Diamantes.;5;1;4;BR06635T
gid://shopify/ProductVariant/46579543834919;gid://shopify/ProductVariant/46579543834919;CL04669;Default Title;39000.0;gid://shopify/Product/8630838460711;Colar New Vintage De Ouro Amarelo 18K, com Rodonita E Diamantes;0;1;4;CL04669
gid://shopify/ProductVariant/46579544850727;gid://shopify/ProductVariant/46579544850727;PU02096T;Default Title;39000.0;gid://shopify/Product/8630838755623;Pulseira New Vintage De Ouro Amarelo 18K, com Rodonita e Diamantes;0;1;3;PU02096T
gid://shopify/ProductVariant/46579545112871;gid://shopify/ProductVariant/46579545112871;PU02097T;M;34000.0;gid://shopify/Product/8630839017767;Pulseira New Vintage Fringe De Ouro Amarelo 18K, com Diamantes;16;3;4;PU02097T
gid://shopify/ProductVariant/46651950104871;gid://shopify/ProductVariant/46651950104871;;Default Title;5500.0;gid://shopify/Product/8653629653287;Colar First Diamond De Ouro 18K E Diamante;0;1;0;
gid://shopify/ProductVariant/46775448305959;gid://shopify/ProductVariant/46775448305959;teste;Default Title;0.1;gid://shopify/Product/8714357047591;Testando o fluxo shopify;0;1;2;teste
gid://shopify/ProductVariant/46804975059239;gid://shopify/ProductVariant/46804975059239;33869986-3670-408f-9ec6-500f1d5989f3;Corrente Pop De Prata Com Ouro Amarelo + U Pingente Pop De Prata Com Ouro Amarelo - G;1900.0;gid://shopify/Product/8724351320359;Corrente + Letra;138;26;2;33869986
gid://shopify/ProductVariant/46804975092007;gid://shopify/ProductVariant/46804975092007;603e3747-abfe-433a-b815-372ebed0a8d7;Corrente Pop De Prata Com Ouro Amarelo + Y Pingente Pop De Prata Com Ouro Amarelo - G;1900.0;gid://shopify/Product/8724351320359;Corrente + Letra;138;26;2;603e3747
gid://shopify/ProductVariant/46804975190311;gid://shopify/ProductVariant/46804975190311;09b1fdb8-0391-4f9e-8e73-f06ed4b57d96;Corrente Pop De Prata Com Ouro Amarelo + A Pingente Pop De Prata Com Ouro Amarelo - G;1900.0;gid://shopify/Product/8724351320359;Corrente + Letra;138;26;2;09b1fdb8
gid://shopify/ProductVariant/46804975223079;gid://shopify/ProductVariant/46804975223079;c9ef75d8-b583-41f2-b198-d6dd81180e25;Corrente Pop De Prata Com Ouro Amarelo + E Pingente Pop De Prata Com Ouro Amarelo - G;1900.0;gid://shopify/Product/8724351320359;Corrente + Letra;138;26;2;c9ef75d8
gid://shopify/ProductVariant/46804975288615;gid://shopify/ProductVariant/46804975288615;38f260ae-b37f-48a0-be5e-b66b6eaa2fde;Corrente Pop De Prata Com Ouro Amarelo + G Pingente Pop De Prata Com Ouro Amarelo - G;1900.0;gid://shopify/Product/8724351320359;Corrente + Letra;138;26;2;38f260ae
gid://shopify/ProductVariant/46804975321383;gid://shopify/ProductVariant/46804975321383;e8992b7c-4457-4388-95ba-c761f7dc7cc3;Corrente Pop De Prata Com Ouro Amarelo + H Pingente Pop De Prata Com Ouro Amarelo - G;1900.0;gid://shopify/Product/8724351320359;Corrente + Letra;138;26;2;e8992b7c
gid://shopify/ProductVariant/46804975354151;gid://shopify/ProductVariant/46804975354151;7517a12c-b739-49de-9110-39484787240a;Corrente Pop De Prata Com Ouro Amarelo + I Pingente Pop De Prata Com Ouro Amarelo - G;1900.0;gid://shopify/Product/8724351320359;Corrente + Letra;138;26;2;7517a12c
gid://shopify/ProductVariant/46804975386919;gid://shopify/ProductVariant/46804975386919;28f5fd76-659f-4f81-b1e5-5e9bcc60f27e;Corrente Pop De Prata Com Ouro Amarelo + J Pingente Pop De Prata Com Ouro Amarelo - G;1900.0;gid://shopify/Product/8724351320359;Corrente + Letra;138;26;2;28f5fd76
gid://shopify/ProductVariant/46804975452455;gid://shopify/ProductVariant/46804975452455;abc31587-53d3-48b6-ae63-fa2fa8872ef6;Corrente Pop De Prata Com Ouro Amarelo + X Pingente Pop De Prata Com Ouro Amarelo - G;1900.0;gid://shopify/Product/8724351320359;Corrente + Letra;138;26;2;abc31587
gid://shopify/ProductVariant/46804975485223;gid://shopify/ProductVariant/46804975485223;216193af-a5a4-47e9-9f73-85592ec542f5;Corrente Pop De Prata Com Ouro Amarelo + W Pingente Pop De Prata Com Ouro Amarelo - G;1900.0;gid://shopify/Product/8724351320359;Corrente + Letra;138;26;2;216193af
gid://shopify/ProductVariant/46804975550759;gid://shopify/ProductVariant/46804975550759;d121991f-9ede-48b2-b77f-a6085385a4c6;Corrente Pop De Prata Com Ouro Amarelo + L Pingente Pop De Prata Com Ouro Amarelo - G;1900.0;gid://shopify/Product/8724351320359;Corrente + Letra;138;26;2;d121991f
gid://shopify/ProductVariant/46804975583527;gid://shopify/ProductVariant/46804975583527;37785476-30d3-4b51-a6dc-37b74c7590a5;Corrente Pop De Prata Com Ouro Amarelo + M Pingente Pop De Prata Com Ouro Amarelo - G;1900.0;gid://shopify/Product/8724351320359;Corrente + Letra;138;26;2;37785476
gid://shopify/ProductVariant/46804975616295;gid://shopify/ProductVariant/46804975616295;015bfeed-30ab-409f-a2eb-d0b0eda31c02;Corrente Pop De Prata Com Ouro Amarelo + N Pingente Pop De Prata Com Ouro Amarelo - G;1900.0;gid://shopify/Product/8724351320359;Corrente + Letra;138;26;2;015bfeed
gid://shopify/ProductVariant/46804975649063;gid://shopify/ProductVariant/46804975649063;c3b393a9-cf5c-4a0a-b5cc-8ff3244cac38;Corrente Pop De Prata Com Ouro Amarelo + O Pingente Pop De Prata Com Ouro Amarelo - G;1900.0;gid://shopify/Product/8724351320359;Corrente + Letra;138;26;2;c3b393a9
gid://shopify/ProductVariant/46804975714599;gid://shopify/ProductVariant/46804975714599;a0249750-3ce0-44b9-b0e9-9840302df676;Corrente Pop De Prata Com Ouro Amarelo + Q Pingente Pop De Prata Com Ouro Amarelo - G;1900.0;gid://shopify/Product/8724351320359;Corrente + Letra;138;26;2;a0249750
gid://shopify/ProductVariant/46804975812903;gid://shopify/ProductVariant/46804975812903;5b402806-a653-4854-83da-8b0bc7b1c9ef;Corrente Pop De Prata Com Ouro Amarelo + C Pingente Pop De Prata Com Ouro Amarelo - G;1900.0;gid://shopify/Product/8724351320359;Corrente + Letra;138;26;2;5b402806
gid://shopify/ProductVariant/46804975845671;gid://shopify/ProductVariant/46804975845671;9998f3c4-9b24-4f51-9ee7-a024804c37ed;Corrente Pop De Prata Com Ouro Amarelo + V Pingente Pop De Prata Com Ouro Amarelo - G;1900.0;gid://shopify/Product/8724351320359;Corrente + Letra;138;26;2;9998f3c4
gid://shopify/ProductVariant/46804975878439;gid://shopify/ProductVariant/46804975878439;76ec442a-de87-4cb9-8f33-7c92e9c5d020;Corrente Pop De Prata Com Ouro Amarelo + Z Pingente Pop De Prata Com Ouro Amarelo - G;1900.0;gid://shopify/Product/8724351320359;Corrente + Letra;138;26;2;76ec442a
gid://shopify/ProductVariant/46829992640807;gid://shopify/ProductVariant/46829992640807;PU02106T;P;32500.0;gid://shopify/Product/8630839279911;Pulseira New Vintage Fringe De Ouro Branco 18K, E Diamantes;16;3;3;PU02106T
gid://shopify/ProductVariant/46829992673575;gid://shopify/ProductVariant/46829992673575;PU02107T;G;39000.0;gid://shopify/Product/8630839279911;Pulseira New Vintage Fringe De Ouro Branco 18K, E Diamantes;16;3;3;PU02107T
gid://shopify/ProductVariant/46829999227175;gid://shopify/ProductVariant/46829999227175;PU02103T;P;32500.0;gid://shopify/Product/8630839017767;Pulseira New Vintage Fringe De Ouro Amarelo 18K, com Diamantes;16;3;4;PU02103T
gid://shopify/ProductVariant/46965622571303;gid://shopify/ProductVariant/46965622571303;CL04655;G;7800.0;gid://shopify/Product/8775432700199;Colar Black Leopardo De Prata Com Ródio Negro - G;5;1;0;CL04655
gid://shopify/ProductVariant/46965623423271;gid://shopify/ProductVariant/46965623423271;CL04645;Default Title;22000.0;gid://shopify/Product/8775432995111;Colar Choker De Ouro 18K Com Ródio Negro E Rubi;0;1;0;CL04645
gid://shopify/ProductVariant/46965624144167;gid://shopify/ProductVariant/46965624144167;PU01409T;Default Title;22700.0;gid://shopify/Product/8775433355559;Pulseira Clássico De Ouro 18K Com Ródio Negro E Esmeralda;0;1;0;PU01409T
gid://shopify/ProductVariant/46965624373543;gid://shopify/ProductVariant/46965624373543;BR06505T;Default Title;20500.0;gid://shopify/Product/8775433552167;Brinco Dolce Vita De Ouro Amarelo 18K E Malaquita;5;1;0;BR06505T
gid://shopify/ProductVariant/46965624701223;gid://shopify/ProductVariant/46965624701223;BR06589T;Default Title;39000.0;gid://shopify/Product/8775433683239;Brinco Dolce Vita De Ouro Amarelo 18K E Turquesa E Diamante;5;1;0;BR06589T
gid://shopify/ProductVariant/46965625749799;gid://shopify/ProductVariant/46965625749799;BR06609T;Default Title;13800.0;gid://shopify/Product/8775434043687;Brinco Especial De Ouro Branco 18K E Diamante Negro;5;1;0;BR06609T
gid://shopify/ProductVariant/46965627453735;gid://shopify/ProductVariant/46965627453735;CL04673;Default Title;18000.0;gid://shopify/Product/8775434633511;Colar Especial De Ouro 18K Com Ródio Negro E Esmeralda;0;1;0;CL04673
gid://shopify/ProductVariant/46965627650343;gid://shopify/ProductVariant/46965627650343;CL04676;Default Title;11000.0;gid://shopify/Product/8775434797351;Colar Especial De Ouro Branco 18K E Diamante;5;1;0;CL04676
gid://shopify/ProductVariant/46965628600615;gid://shopify/ProductVariant/46965628600615;CL04604;PP;6700.0;gid://shopify/Product/8775435288871;Colar Leopardo De Prata Com Ouro Amarelo - Pp;5;1;0;CL04604
gid://shopify/ProductVariant/46965628928295;gid://shopify/ProductVariant/46965628928295;CL03784;Default Title;16000.0;gid://shopify/Product/8775435387175;Colar Love Ny De Ouro 18K Com Ródio Negro E Diamante;0;1;0;CL03784
gid://shopify/ProductVariant/46965629092135;gid://shopify/ProductVariant/46965629092135;AN03607-10;10;29000.0;gid://shopify/Product/8775435485479;Anel New Vintage De Ouro Amarelo 18K E Esmeralda E Diamante;1;13;0;AN03607
gid://shopify/ProductVariant/46965629124903;gid://shopify/ProductVariant/46965629124903;AN03607-11;11;29000.0;gid://shopify/Product/8775435485479;Anel New Vintage De Ouro Amarelo 18K E Esmeralda E Diamante;1;13;0;AN03607
gid://shopify/ProductVariant/46965629157671;gid://shopify/ProductVariant/46965629157671;AN03607-12;12;29000.0;gid://shopify/Product/8775435485479;Anel New Vintage De Ouro Amarelo 18K E Esmeralda E Diamante;1;13;0;AN03607
gid://shopify/ProductVariant/46965629190439;gid://shopify/ProductVariant/46965629190439;AN03607-13;13;29000.0;gid://shopify/Product/8775435485479;Anel New Vintage De Ouro Amarelo 18K E Esmeralda E Diamante;1;13;0;AN03607
gid://shopify/ProductVariant/46965629223207;gid://shopify/ProductVariant/46965629223207;AN03607-14;14;29000.0;gid://shopify/Product/8775435485479;Anel New Vintage De Ouro Amarelo 18K E Esmeralda E Diamante;1;13;0;AN03607
gid://shopify/ProductVariant/46965629255975;gid://shopify/ProductVariant/46965629255975;AN03607-15;15;29000.0;gid://shopify/Product/8775435485479;Anel New Vintage De Ouro Amarelo 18K E Esmeralda E Diamante;1;13;0;AN03607
gid://shopify/ProductVariant/46965629288743;gid://shopify/ProductVariant/46965629288743;AN03607-16;16;29000.0;gid://shopify/Product/8775435485479;Anel New Vintage De Ouro Amarelo 18K E Esmeralda E Diamante;1;13;0;AN03607
gid://shopify/ProductVariant/46965629354279;gid://shopify/ProductVariant/46965629354279;AN03607-18;18;29000.0;gid://shopify/Product/8775435485479;Anel New Vintage De Ouro Amarelo 18K E Esmeralda E Diamante;1;13;0;AN03607
gid://shopify/ProductVariant/46965629387047;gid://shopify/ProductVariant/46965629387047;AN03607-19;19;29000.0;gid://shopify/Product/8775435485479;Anel New Vintage De Ouro Amarelo 18K E Esmeralda E Diamante;1;13;0;AN03607
gid://shopify/ProductVariant/46965629419815;gid://shopify/ProductVariant/46965629419815;AN03607-20;20;29000.0;gid://shopify/Product/8775435485479;Anel New Vintage De Ouro Amarelo 18K E Esmeralda E Diamante;1;13;0;AN03607
gid://shopify/ProductVariant/46965629452583;gid://shopify/ProductVariant/46965629452583;AN03607-21;21;29000.0;gid://shopify/Product/8775435485479;Anel New Vintage De Ouro Amarelo 18K E Esmeralda E Diamante;1;13;0;AN03607
gid://shopify/ProductVariant/46965629485351;gid://shopify/ProductVariant/46965629485351;AN03607-22;22;29000.0;gid://shopify/Product/8775435485479;Anel New Vintage De Ouro Amarelo 18K E Esmeralda E Diamante;1;13;0;AN03607
gid://shopify/ProductVariant/46965630337319;gid://shopify/ProductVariant/46965630337319;BR05029T;Default Title;2750.0;gid://shopify/Product/8775435944231;Brinco Riviera De Prata Com Ouro Amarelo E Diamante;5;1;0;BR05029T
gid://shopify/ProductVariant/46965630927143;gid://shopify/ProductVariant/46965630927143;AN03611-10;10;21000.0;gid://shopify/Product/8775436108071;Anel Rock Star De Ouro 18K Com Ródio Negro E Diamante Negro E Diamante;0;13;0;AN03611
gid://shopify/ProductVariant/46965630959911;gid://shopify/ProductVariant/46965630959911;AN03611-11;11;21000.0;gid://shopify/Product/8775436108071;Anel Rock Star De Ouro 18K Com Ródio Negro E Diamante Negro E Diamante;0;13;0;AN03611
gid://shopify/ProductVariant/46965630992679;gid://shopify/ProductVariant/46965630992679;AN03611-12;12;21000.0;gid://shopify/Product/8775436108071;Anel Rock Star De Ouro 18K Com Ródio Negro E Diamante Negro E Diamante;0;13;0;AN03611
gid://shopify/ProductVariant/46965631025447;gid://shopify/ProductVariant/46965631025447;AN03611-13;13;21000.0;gid://shopify/Product/8775436108071;Anel Rock Star De Ouro 18K Com Ródio Negro E Diamante Negro E Diamante;0;13;0;AN03611
gid://shopify/ProductVariant/46965631058215;gid://shopify/ProductVariant/46965631058215;AN03611-14;14;21000.0;gid://shopify/Product/8775436108071;Anel Rock Star De Ouro 18K Com Ródio Negro E Diamante Negro E Diamante;0;13;0;AN03611
gid://shopify/ProductVariant/46965631090983;gid://shopify/ProductVariant/46965631090983;AN03611-15;15;21000.0;gid://shopify/Product/8775436108071;Anel Rock Star De Ouro 18K Com Ródio Negro E Diamante Negro E Diamante;0;13;0;AN03611
gid://shopify/ProductVariant/46965631123751;gid://shopify/ProductVariant/46965631123751;AN03611-16;16;21000.0;gid://shopify/Product/8775436108071;Anel Rock Star De Ouro 18K Com Ródio Negro E Diamante Negro E Diamante;0;13;0;AN03611
gid://shopify/ProductVariant/46965631156519;gid://shopify/ProductVariant/46965631156519;AN03611-17;17;21000.0;gid://shopify/Product/8775436108071;Anel Rock Star De Ouro 18K Com Ródio Negro E Diamante Negro E Diamante;0;13;0;AN03611
gid://shopify/ProductVariant/46965631189287;gid://shopify/ProductVariant/46965631189287;AN03611-18;18;21000.0;gid://shopify/Product/8775436108071;Anel Rock Star De Ouro 18K Com Ródio Negro E Diamante Negro E Diamante;0;13;0;AN03611
gid://shopify/ProductVariant/46965631222055;gid://shopify/ProductVariant/46965631222055;AN03611-19;19;21000.0;gid://shopify/Product/8775436108071;Anel Rock Star De Ouro 18K Com Ródio Negro E Diamante Negro E Diamante;0;13;0;AN03611
gid://shopify/ProductVariant/46965631254823;gid://shopify/ProductVariant/46965631254823;AN03611-20;20;21000.0;gid://shopify/Product/8775436108071;Anel Rock Star De Ouro 18K Com Ródio Negro E Diamante Negro E Diamante;0;13;0;AN03611
gid://shopify/ProductVariant/46965631287591;gid://shopify/ProductVariant/46965631287591;AN03611-21;21;21000.0;gid://shopify/Product/8775436108071;Anel Rock Star De Ouro 18K Com Ródio Negro E Diamante Negro E Diamante;0;13;0;AN03611
gid://shopify/ProductVariant/46965631320359;gid://shopify/ProductVariant/46965631320359;AN03611-22;22;21000.0;gid://shopify/Product/8775436108071;Anel Rock Star De Ouro 18K Com Ródio Negro E Diamante Negro E Diamante;0;13;0;AN03611
gid://shopify/ProductVariant/46965631877415;gid://shopify/ProductVariant/46965631877415;AN01878-10;10;3700.0;gid://shopify/Product/8775436402983;Anel Savage De Ouro Rosa 18K E Diamante;65;13;0;AN01878
gid://shopify/ProductVariant/46965631910183;gid://shopify/ProductVariant/46965631910183;AN01878-11;11;3700.0;gid://shopify/Product/8775436402983;Anel Savage De Ouro Rosa 18K E Diamante;65;13;0;AN01878
gid://shopify/ProductVariant/46965631942951;gid://shopify/ProductVariant/46965631942951;AN01878-12;12;3700.0;gid://shopify/Product/8775436402983;Anel Savage De Ouro Rosa 18K E Diamante;65;13;0;AN01878
gid://shopify/ProductVariant/46965631975719;gid://shopify/ProductVariant/46965631975719;AN01878-13;13;3700.0;gid://shopify/Product/8775436402983;Anel Savage De Ouro Rosa 18K E Diamante;65;13;0;AN01878
gid://shopify/ProductVariant/46965632008487;gid://shopify/ProductVariant/46965632008487;AN01878-14;14;3700.0;gid://shopify/Product/8775436402983;Anel Savage De Ouro Rosa 18K E Diamante;65;13;0;AN01878
gid://shopify/ProductVariant/46965632041255;gid://shopify/ProductVariant/46965632041255;AN01878-15;15;3700.0;gid://shopify/Product/8775436402983;Anel Savage De Ouro Rosa 18K E Diamante;65;13;0;AN01878
gid://shopify/ProductVariant/46965632074023;gid://shopify/ProductVariant/46965632074023;AN01878-16;16;3700.0;gid://shopify/Product/8775436402983;Anel Savage De Ouro Rosa 18K E Diamante;65;13;0;AN01878
gid://shopify/ProductVariant/46965632106791;gid://shopify/ProductVariant/46965632106791;AN01878-17;17;3700.0;gid://shopify/Product/8775436402983;Anel Savage De Ouro Rosa 18K E Diamante;65;13;0;AN01878
gid://shopify/ProductVariant/46965632139559;gid://shopify/ProductVariant/46965632139559;AN01878-18;18;3700.0;gid://shopify/Product/8775436402983;Anel Savage De Ouro Rosa 18K E Diamante;65;13;0;AN01878
gid://shopify/ProductVariant/46965632172327;gid://shopify/ProductVariant/46965632172327;AN01878-19;19;3700.0;gid://shopify/Product/8775436402983;Anel Savage De Ouro Rosa 18K E Diamante;65;13;0;AN01878
gid://shopify/ProductVariant/46965632205095;gid://shopify/ProductVariant/46965632205095;AN01878-20;20;3700.0;gid://shopify/Product/8775436402983;Anel Savage De Ouro Rosa 18K E Diamante;65;13;0;AN01878
gid://shopify/ProductVariant/46965632237863;gid://shopify/ProductVariant/46965632237863;AN01878-21;21;3700.0;gid://shopify/Product/8775436402983;Anel Savage De Ouro Rosa 18K E Diamante;65;13;0;AN01878
gid://shopify/ProductVariant/46965632270631;gid://shopify/ProductVariant/46965632270631;AN01878-22;22;3700.0;gid://shopify/Product/8775436402983;Anel Savage De Ouro Rosa 18K E Diamante;65;13;0;AN01878
gid://shopify/ProductVariant/46965632500007;gid://shopify/ProductVariant/46965632500007;AN03609-10;10;9400.0;gid://shopify/Product/8775436468519;Anel Savage De Ouro Branco 18K E Diamante;1;13;0;AN03609
gid://shopify/ProductVariant/46965632532775;gid://shopify/ProductVariant/46965632532775;AN03609-11;11;9400.0;gid://shopify/Product/8775436468519;Anel Savage De Ouro Branco 18K E Diamante;1;13;0;AN03609
gid://shopify/ProductVariant/46965632565543;gid://shopify/ProductVariant/46965632565543;AN03609-12;12;9400.0;gid://shopify/Product/8775436468519;Anel Savage De Ouro Branco 18K E Diamante;1;13;0;AN03609
gid://shopify/ProductVariant/46965632598311;gid://shopify/ProductVariant/46965632598311;AN03609-13;13;9400.0;gid://shopify/Product/8775436468519;Anel Savage De Ouro Branco 18K E Diamante;1;13;0;AN03609
gid://shopify/ProductVariant/46965632631079;gid://shopify/ProductVariant/46965632631079;AN03609-14;14;9400.0;gid://shopify/Product/8775436468519;Anel Savage De Ouro Branco 18K E Diamante;1;13;0;AN03609
gid://shopify/ProductVariant/46965632663847;gid://shopify/ProductVariant/46965632663847;AN03609-15;15;9400.0;gid://shopify/Product/8775436468519;Anel Savage De Ouro Branco 18K E Diamante;1;13;0;AN03609
gid://shopify/ProductVariant/46965632729383;gid://shopify/ProductVariant/46965632729383;AN03609-17;17;9400.0;gid://shopify/Product/8775436468519;Anel Savage De Ouro Branco 18K E Diamante;1;13;0;AN03609
gid://shopify/ProductVariant/46965632762151;gid://shopify/ProductVariant/46965632762151;AN03609-18;18;9400.0;gid://shopify/Product/8775436468519;Anel Savage De Ouro Branco 18K E Diamante;1;13;0;AN03609
gid://shopify/ProductVariant/46965632794919;gid://shopify/ProductVariant/46965632794919;AN03609-19;19;9400.0;gid://shopify/Product/8775436468519;Anel Savage De Ouro Branco 18K E Diamante;1;13;0;AN03609
gid://shopify/ProductVariant/46965632827687;gid://shopify/ProductVariant/46965632827687;AN03609-20;20;9400.0;gid://shopify/Product/8775436468519;Anel Savage De Ouro Branco 18K E Diamante;1;13;0;AN03609
gid://shopify/ProductVariant/46965632860455;gid://shopify/ProductVariant/46965632860455;AN03609-21;21;9400.0;gid://shopify/Product/8775436468519;Anel Savage De Ouro Branco 18K E Diamante;1;13;0;AN03609
gid://shopify/ProductVariant/46965632893223;gid://shopify/ProductVariant/46965632893223;AN03609-22;22;9400.0;gid://shopify/Product/8775436468519;Anel Savage De Ouro Branco 18K E Diamante;1;13;0;AN03609
gid://shopify/ProductVariant/46965633024295;gid://shopify/ProductVariant/46965633024295;AN03610-10;10;8900.0;gid://shopify/Product/8775436599591;Anel Savage De Ouro Branco 18K E Diamante;0;13;0;AN03610
gid://shopify/ProductVariant/46965633057063;gid://shopify/ProductVariant/46965633057063;AN03610-11;11;8900.0;gid://shopify/Product/8775436599591;Anel Savage De Ouro Branco 18K E Diamante;0;13;0;AN03610
gid://shopify/ProductVariant/46965633089831;gid://shopify/ProductVariant/46965633089831;AN03610-12;12;8900.0;gid://shopify/Product/8775436599591;Anel Savage De Ouro Branco 18K E Diamante;0;13;0;AN03610
gid://shopify/ProductVariant/46965633122599;gid://shopify/ProductVariant/46965633122599;AN03610-13;13;8900.0;gid://shopify/Product/8775436599591;Anel Savage De Ouro Branco 18K E Diamante;0;13;0;AN03610
gid://shopify/ProductVariant/46965633155367;gid://shopify/ProductVariant/46965633155367;AN03610-14;14;8900.0;gid://shopify/Product/8775436599591;Anel Savage De Ouro Branco 18K E Diamante;0;13;0;AN03610
gid://shopify/ProductVariant/46965633188135;gid://shopify/ProductVariant/46965633188135;AN03610-15;15;8900.0;gid://shopify/Product/8775436599591;Anel Savage De Ouro Branco 18K E Diamante;0;13;0;AN03610
gid://shopify/ProductVariant/46965633220903;gid://shopify/ProductVariant/46965633220903;AN03610-16;16;8900.0;gid://shopify/Product/8775436599591;Anel Savage De Ouro Branco 18K E Diamante;0;13;0;AN03610
gid://shopify/ProductVariant/46965633253671;gid://shopify/ProductVariant/46965633253671;AN03610-17;17;8900.0;gid://shopify/Product/8775436599591;Anel Savage De Ouro Branco 18K E Diamante;0;13;0;AN03610
gid://shopify/ProductVariant/46965633286439;gid://shopify/ProductVariant/46965633286439;AN03610-18;18;8900.0;gid://shopify/Product/8775436599591;Anel Savage De Ouro Branco 18K E Diamante;0;13;0;AN03610
gid://shopify/ProductVariant/46965633319207;gid://shopify/ProductVariant/46965633319207;AN03610-19;19;8900.0;gid://shopify/Product/8775436599591;Anel Savage De Ouro Branco 18K E Diamante;0;13;0;AN03610
gid://shopify/ProductVariant/46965633351975;gid://shopify/ProductVariant/46965633351975;AN03610-20;20;8900.0;gid://shopify/Product/8775436599591;Anel Savage De Ouro Branco 18K E Diamante;0;13;0;AN03610
gid://shopify/ProductVariant/46965633384743;gid://shopify/ProductVariant/46965633384743;AN03610-21;21;8900.0;gid://shopify/Product/8775436599591;Anel Savage De Ouro Branco 18K E Diamante;0;13;0;AN03610
gid://shopify/ProductVariant/46965633417511;gid://shopify/ProductVariant/46965633417511;AN03610-22;22;8900.0;gid://shopify/Product/8775436599591;Anel Savage De Ouro Branco 18K E Diamante;0;13;0;AN03610
gid://shopify/ProductVariant/46965633614119;gid://shopify/ProductVariant/46965633614119;BR01762;Default Title;1900.0;gid://shopify/Product/8775436697895;Brinco Tlj De Ouro Rosa 18K E Diamante;5;1;0;BR01762
gid://shopify/ProductVariant/46965633843495;gid://shopify/ProductVariant/46965633843495;AN01723-10;10;9900.0;gid://shopify/Product/8775436763431;Anel Universo De Ouro Amarelo 18K;66;13;0;AN01723
gid://shopify/ProductVariant/46965633876263;gid://shopify/ProductVariant/46965633876263;AN01723-11;11;9900.0;gid://shopify/Product/8775436763431;Anel Universo De Ouro Amarelo 18K;66;13;0;AN01723
gid://shopify/ProductVariant/46965633909031;gid://shopify/ProductVariant/46965633909031;AN01723-12;12;9900.0;gid://shopify/Product/8775436763431;Anel Universo De Ouro Amarelo 18K;66;13;0;AN01723
gid://shopify/ProductVariant/46965633941799;gid://shopify/ProductVariant/46965633941799;AN01723-13;13;9900.0;gid://shopify/Product/8775436763431;Anel Universo De Ouro Amarelo 18K;66;13;0;AN01723
gid://shopify/ProductVariant/46965634007335;gid://shopify/ProductVariant/46965634007335;AN01723-14;14;9900.0;gid://shopify/Product/8775436763431;Anel Universo De Ouro Amarelo 18K;66;13;0;AN01723
gid://shopify/ProductVariant/46965634072871;gid://shopify/ProductVariant/46965634072871;AN01723-16;16;9900.0;gid://shopify/Product/8775436763431;Anel Universo De Ouro Amarelo 18K;66;13;0;AN01723
gid://shopify/ProductVariant/46965634105639;gid://shopify/ProductVariant/46965634105639;AN01723-17;17;9900.0;gid://shopify/Product/8775436763431;Anel Universo De Ouro Amarelo 18K;66;13;0;AN01723
gid://shopify/ProductVariant/46965634138407;gid://shopify/ProductVariant/46965634138407;AN01723-18;18;9900.0;gid://shopify/Product/8775436763431;Anel Universo De Ouro Amarelo 18K;66;13;0;AN01723
gid://shopify/ProductVariant/46965634171175;gid://shopify/ProductVariant/46965634171175;AN01723-19;19;9900.0;gid://shopify/Product/8775436763431;Anel Universo De Ouro Amarelo 18K;66;13;0;AN01723
gid://shopify/ProductVariant/46965634203943;gid://shopify/ProductVariant/46965634203943;AN01723-20;20;9900.0;gid://shopify/Product/8775436763431;Anel Universo De Ouro Amarelo 18K;66;13;0;AN01723
gid://shopify/ProductVariant/46965634236711;gid://shopify/ProductVariant/46965634236711;AN01723-21;21;9900.0;gid://shopify/Product/8775436763431;Anel Universo De Ouro Amarelo 18K;66;13;0;AN01723
gid://shopify/ProductVariant/46965634269479;gid://shopify/ProductVariant/46965634269479;AN01723-22;22;9900.0;gid://shopify/Product/8775436763431;Anel Universo De Ouro Amarelo 18K;66;13;0;AN01723
gid://shopify/ProductVariant/46965896282407;gid://shopify/ProductVariant/46965896282407;AN03102-10;10;14000.0;gid://shopify/Product/8775510360359;Anel Chain Lovers De Ouro 18K Com Ródio Negro E Esmeralda E Diamante;1;13;0;AN03102
gid://shopify/ProductVariant/46965896315175;gid://shopify/ProductVariant/46965896315175;AN03102-11;11;14000.0;gid://shopify/Product/8775510360359;Anel Chain Lovers De Ouro 18K Com Ródio Negro E Esmeralda E Diamante;1;13;0;AN03102
gid://shopify/ProductVariant/46965896347943;gid://shopify/ProductVariant/46965896347943;AN03102-12;12;14000.0;gid://shopify/Product/8775510360359;Anel Chain Lovers De Ouro 18K Com Ródio Negro E Esmeralda E Diamante;1;13;0;AN03102
gid://shopify/ProductVariant/46965896380711;gid://shopify/ProductVariant/46965896380711;AN03102-13;13;14000.0;gid://shopify/Product/8775510360359;Anel Chain Lovers De Ouro 18K Com Ródio Negro E Esmeralda E Diamante;1;13;0;AN03102
gid://shopify/ProductVariant/46965896413479;gid://shopify/ProductVariant/46965896413479;AN03102-14;14;14000.0;gid://shopify/Product/8775510360359;Anel Chain Lovers De Ouro 18K Com Ródio Negro E Esmeralda E Diamante;1;13;0;AN03102
gid://shopify/ProductVariant/46965896479015;gid://shopify/ProductVariant/46965896479015;AN03102-16;16;14000.0;gid://shopify/Product/8775510360359;Anel Chain Lovers De Ouro 18K Com Ródio Negro E Esmeralda E Diamante;1;13;0;AN03102
gid://shopify/ProductVariant/46965896511783;gid://shopify/ProductVariant/46965896511783;AN03102-17;17;14000.0;gid://shopify/Product/8775510360359;Anel Chain Lovers De Ouro 18K Com Ródio Negro E Esmeralda E Diamante;1;13;0;AN03102
gid://shopify/ProductVariant/46965896544551;gid://shopify/ProductVariant/46965896544551;AN03102-18;18;14000.0;gid://shopify/Product/8775510360359;Anel Chain Lovers De Ouro 18K Com Ródio Negro E Esmeralda E Diamante;1;13;0;AN03102
gid://shopify/ProductVariant/46965896577319;gid://shopify/ProductVariant/46965896577319;AN03102-19;19;14000.0;gid://shopify/Product/8775510360359;Anel Chain Lovers De Ouro 18K Com Ródio Negro E Esmeralda E Diamante;1;13;0;AN03102
gid://shopify/ProductVariant/46965896610087;gid://shopify/ProductVariant/46965896610087;AN03102-20;20;14000.0;gid://shopify/Product/8775510360359;Anel Chain Lovers De Ouro 18K Com Ródio Negro E Esmeralda E Diamante;1;13;0;AN03102
gid://shopify/ProductVariant/46965896642855;gid://shopify/ProductVariant/46965896642855;AN03102-21;21;14000.0;gid://shopify/Product/8775510360359;Anel Chain Lovers De Ouro 18K Com Ródio Negro E Esmeralda E Diamante;1;13;0;AN03102
gid://shopify/ProductVariant/46965896675623;gid://shopify/ProductVariant/46965896675623;AN03102-22;22;14000.0;gid://shopify/Product/8775510360359;Anel Chain Lovers De Ouro 18K Com Ródio Negro E Esmeralda E Diamante;1;13;0;AN03102
gid://shopify/ProductVariant/46965897265447;gid://shopify/ProductVariant/46965897265447;BR06643T;Default Title;14500.0;gid://shopify/Product/8775510688039;Brinco Dolce Vita De Ouro Amarelo 18K E Coral Negro E Diamante;5;1;0;BR06643T
gid://shopify/ProductVariant/46965897462055;gid://shopify/ProductVariant/46965897462055;BR06653T;Default Title;47000.0;gid://shopify/Product/8775510786343;Brinco Earcuff Eterna Rock De Ouro 18K Com Ródio Negro E Safira;0;1;0;BR06653T
gid://shopify/ProductVariant/46965897789735;gid://shopify/ProductVariant/46965897789735;CL01373;Default Title;5500.0;gid://shopify/Product/8775510851879;Colar First Diamond De Ouro Amarelo 18K E Diamante;5;1;0;CL01373
gid://shopify/ProductVariant/46965898281255;gid://shopify/ProductVariant/46965898281255;AN03113-10;10;28000.0;gid://shopify/Product/8775511081255;Anel Mães 2013 De Ouro 18K Com Ródio Negro E Esmeralda E Diamante;1;13;0;AN03113
gid://shopify/ProductVariant/46965898314023;gid://shopify/ProductVariant/46965898314023;AN03113-11;11;28000.0;gid://shopify/Product/8775511081255;Anel Mães 2013 De Ouro 18K Com Ródio Negro E Esmeralda E Diamante;1;13;0;AN03113
gid://shopify/ProductVariant/46965898346791;gid://shopify/ProductVariant/46965898346791;AN03113-12;12;28000.0;gid://shopify/Product/8775511081255;Anel Mães 2013 De Ouro 18K Com Ródio Negro E Esmeralda E Diamante;1;13;0;AN03113
gid://shopify/ProductVariant/46965898379559;gid://shopify/ProductVariant/46965898379559;AN03113-13;13;28000.0;gid://shopify/Product/8775511081255;Anel Mães 2013 De Ouro 18K Com Ródio Negro E Esmeralda E Diamante;1;13;0;AN03113
gid://shopify/ProductVariant/46965898412327;gid://shopify/ProductVariant/46965898412327;AN03113-14;14;28000.0;gid://shopify/Product/8775511081255;Anel Mães 2013 De Ouro 18K Com Ródio Negro E Esmeralda E Diamante;1;13;0;AN03113
gid://shopify/ProductVariant/46965898445095;gid://shopify/ProductVariant/46965898445095;AN03113-15;15;28000.0;gid://shopify/Product/8775511081255;Anel Mães 2013 De Ouro 18K Com Ródio Negro E Esmeralda E Diamante;1;13;0;AN03113
gid://shopify/ProductVariant/46965898477863;gid://shopify/ProductVariant/46965898477863;AN03113-16;16;28000.0;gid://shopify/Product/8775511081255;Anel Mães 2013 De Ouro 18K Com Ródio Negro E Esmeralda E Diamante;1;13;0;AN03113
gid://shopify/ProductVariant/46965898543399;gid://shopify/ProductVariant/46965898543399;AN03113-18;18;28000.0;gid://shopify/Product/8775511081255;Anel Mães 2013 De Ouro 18K Com Ródio Negro E Esmeralda E Diamante;1;13;0;AN03113
gid://shopify/ProductVariant/46965898576167;gid://shopify/ProductVariant/46965898576167;AN03113-19;19;28000.0;gid://shopify/Product/8775511081255;Anel Mães 2013 De Ouro 18K Com Ródio Negro E Esmeralda E Diamante;1;13;0;AN03113
gid://shopify/ProductVariant/46965898608935;gid://shopify/ProductVariant/46965898608935;AN03113-20;20;28000.0;gid://shopify/Product/8775511081255;Anel Mães 2013 De Ouro 18K Com Ródio Negro E Esmeralda E Diamante;1;13;0;AN03113
gid://shopify/ProductVariant/46965898641703;gid://shopify/ProductVariant/46965898641703;AN03113-21;21;28000.0;gid://shopify/Product/8775511081255;Anel Mães 2013 De Ouro 18K Com Ródio Negro E Esmeralda E Diamante;1;13;0;AN03113
gid://shopify/ProductVariant/46965898674471;gid://shopify/ProductVariant/46965898674471;AN03113-22;22;28000.0;gid://shopify/Product/8775511081255;Anel Mães 2013 De Ouro 18K Com Ródio Negro E Esmeralda E Diamante;1;13;0;AN03113
gid://shopify/ProductVariant/46965899985191;gid://shopify/ProductVariant/46965899985191;AN03569-10;10;23000.0;gid://shopify/Product/8775511605543;Anel Rock Star De Ouro Branco 18K E Rubilita E Diamante;1;13;0;AN03569
gid://shopify/ProductVariant/46965900017959;gid://shopify/ProductVariant/46965900017959;AN03569-11;11;23000.0;gid://shopify/Product/8775511605543;Anel Rock Star De Ouro Branco 18K E Rubilita E Diamante;1;13;0;AN03569
gid://shopify/ProductVariant/46965900050727;gid://shopify/ProductVariant/46965900050727;AN03569-12;12;23000.0;gid://shopify/Product/8775511605543;Anel Rock Star De Ouro Branco 18K E Rubilita E Diamante;1;13;0;AN03569
gid://shopify/ProductVariant/46965900083495;gid://shopify/ProductVariant/46965900083495;AN03569-13;13;23000.0;gid://shopify/Product/8775511605543;Anel Rock Star De Ouro Branco 18K E Rubilita E Diamante;1;13;0;AN03569
gid://shopify/ProductVariant/46965900116263;gid://shopify/ProductVariant/46965900116263;AN03569-14;14;23000.0;gid://shopify/Product/8775511605543;Anel Rock Star De Ouro Branco 18K E Rubilita E Diamante;1;13;0;AN03569
gid://shopify/ProductVariant/46965900181799;gid://shopify/ProductVariant/46965900181799;AN03569-16;16;23000.0;gid://shopify/Product/8775511605543;Anel Rock Star De Ouro Branco 18K E Rubilita E Diamante;1;13;0;AN03569
gid://shopify/ProductVariant/46965900214567;gid://shopify/ProductVariant/46965900214567;AN03569-17;17;23000.0;gid://shopify/Product/8775511605543;Anel Rock Star De Ouro Branco 18K E Rubilita E Diamante;1;13;0;AN03569
gid://shopify/ProductVariant/46965900247335;gid://shopify/ProductVariant/46965900247335;AN03569-18;18;23000.0;gid://shopify/Product/8775511605543;Anel Rock Star De Ouro Branco 18K E Rubilita E Diamante;1;13;0;AN03569
gid://shopify/ProductVariant/46965900280103;gid://shopify/ProductVariant/46965900280103;AN03569-19;19;23000.0;gid://shopify/Product/8775511605543;Anel Rock Star De Ouro Branco 18K E Rubilita E Diamante;1;13;0;AN03569
gid://shopify/ProductVariant/46965900312871;gid://shopify/ProductVariant/46965900312871;AN03569-20;20;23000.0;gid://shopify/Product/8775511605543;Anel Rock Star De Ouro Branco 18K E Rubilita E Diamante;1;13;0;AN03569
gid://shopify/ProductVariant/46965900345639;gid://shopify/ProductVariant/46965900345639;AN03569-21;21;23000.0;gid://shopify/Product/8775511605543;Anel Rock Star De Ouro Branco 18K E Rubilita E Diamante;1;13;0;AN03569
gid://shopify/ProductVariant/46965900378407;gid://shopify/ProductVariant/46965900378407;AN03569-22;22;23000.0;gid://shopify/Product/8775511605543;Anel Rock Star De Ouro Branco 18K E Rubilita E Diamante;1;13;0;AN03569
gid://shopify/ProductVariant/46965900509479;gid://shopify/ProductVariant/46965900509479;PU01916T;P;3100.0;gid://shopify/Product/8775511736615;Pulseira Rock & Hot De Prata Com Ouro Amarelo - P;5;1;0;PU01916T
gid://shopify/ProductVariant/46965936128295;gid://shopify/ProductVariant/46965936128295;BR06481T;Default Title;33000.0;gid://shopify/Product/8775521403175;Brinco Eterna Rock De Ouro Branco 18K E Amestista E Diamante;0;1;0;BR06481T
gid://shopify/ProductVariant/46991984689447;gid://shopify/ProductVariant/46991984689447;;R$10,00;10.0;gid://shopify/Product/8784170975527;Sem título 25deout._06:45;0;4;0;
gid://shopify/ProductVariant/46991984722215;gid://shopify/ProductVariant/46991984722215;;R$25,00;25.0;gid://shopify/Product/8784170975527;Sem título 25deout._06:45;0;4;0;
gid://shopify/ProductVariant/46991984754983;gid://shopify/ProductVariant/46991984754983;;R$50,00;50.0;gid://shopify/Product/8784170975527;Sem título 25deout._06:45;0;4;0;
gid://shopify/ProductVariant/46991984787751;gid://shopify/ProductVariant/46991984787751;;R$100,00;100.0;gid://shopify/Product/8784170975527;Sem título 25deout._06:45;0;4;0;
