variant.id;id;sku;title;price;product_id;title.1;totalInventory;totalVariants;mediaCount;sku_2;comparePrice;4;5;6;7
gid://shopify/ProductVariant/46330660913447;gid://shopify/ProductVariant/46330660913447;BR04127T;M;30600.0;gid://shopify/Product/8572968960295;Brinco 15 Anos De Ouro Branco 18K E Diamante - M;8.0;1.0;3.0;BR04127T;34000.0;;;;
gid://shopify/ProductVariant/46332394570023;gid://shopify/ProductVariant/46332394570023;CL04023;Default Title;3060.0;gid://shopify/Product/8573203317031;Colar Amore De Ouro Amarelo 18K;8.0;1.0;1.0;CL04023;3400.0;;;;
gid://shopify/ProductVariant/46332398502183;gid://shopify/ProductVariant/46332398502183;CL04025;Default Title;3060.0;gid://shopify/Product/8573203808551;Colar Amore De Ouro Amarelo 18K;6.0;1.0;1.0;CL04025;3400.0;;;;
gid://shopify/ProductVariant/46332404007207;gid://shopify/ProductVariant/46332404007207;CL04022;Default Title;3060.0;gid://shopify/Product/8573204300071;Colar Amore De Ouro Branco 18K Com Ródio Negro;6.0;1.0;2.0;CL04022;3400.0;;;;
gid://shopify/ProductVariant/46334665654567;gid://shopify/ProductVariant/46334665654567;BR06282T;G;4140.0;gid://shopify/Product/8573441376551;Brinco Black Leopardo De Prata Com Ródio Negro - G;1.0;1.0;3.0;BR06282T;4600.0;;;;
gid://shopify/ProductVariant/46334672273703;gid://shopify/ProductVariant/46334672273703;CL04551;M;7020.0;gid://shopify/Product/8573442294055;Colar Black Leopardo De Prata Com Ródio Negro - Maxi;1.0;1.0;2.0;CL04551;7800.0;;;;
gid://shopify/ProductVariant/46334897094951;gid://shopify/ProductVariant/46334897094951;BR04476T;Default Title;14400.0;gid://shopify/Product/8573475946791;Brinco Brasil De Ouro Branco 18K Com Ródio Negro E Turmalina;1.0;1.0;1.0;BR04476T;16000.0;;;;
gid://shopify/ProductVariant/46335081349415;gid://shopify/ProductVariant/46335081349415;BR06381T;Default Title;4050.0;gid://shopify/Product/8573492592935;Brinco Celebrate De Ouro Amarelo 18K E Diamante;6.0;1.0;2.0;BR06381T;4500.0;;;;
gid://shopify/ProductVariant/46335096095015;gid://shopify/ProductVariant/46335096095015;BR06301T;Default Title;4050.0;gid://shopify/Product/8573493870887;Brinco Celebrate De Ouro Branco 18K E Diamante;9.0;1.0;2.0;BR06301T;4500.0;;;;
gid://shopify/ProductVariant/46335101468967;gid://shopify/ProductVariant/46335101468967;BR06302T;Default Title;8460.0;gid://shopify/Product/8573494231335;Brinco Celebrate De Ouro Branco 18K E Diamante;6.0;1.0;2.0;BR06302T;9400.0;;;;
gid://shopify/ProductVariant/46335107072295;gid://shopify/ProductVariant/46335107072295;BR06374T;Default Title;61200.0;gid://shopify/Product/8573494853927;Brinco Celebrate De Ouro Branco 18K E Diamante;6.0;1.0;3.0;BR06374T;68000.0;;;;
gid://shopify/ProductVariant/46335121588519;gid://shopify/ProductVariant/46335121588519;BR06388T;Default Title;45000.0;gid://shopify/Product/8573495968039;Brinco Celebrate De Ouro Branco 18K E Esmeralda;1.0;1.0;2.0;BR06388T;50000.0;;;;
gid://shopify/ProductVariant/46335226708263;gid://shopify/ProductVariant/46335226708263;BR05398T;Default Title;1125.0;gid://shopify/Product/8573505634599;Brinco Chain De Prata Com Ouro Amarelo;6.0;1.0;4.0;BR05398T;1250.0;;;;
gid://shopify/ProductVariant/46335229755687;gid://shopify/ProductVariant/46335229755687;BR05400T;G;2070.0;gid://shopify/Product/8573505896743;Brinco Chain De Prata Com Ouro Amarelo - G;9.0;1.0;4.0;BR05400T;2300.0;;;;
gid://shopify/ProductVariant/46335232704807;gid://shopify/ProductVariant/46335232704807;BR05404T;Default Title;882.0;gid://shopify/Product/8573506093351;Brinco Chain De Prata Com Ouro Amarelo;9.0;1.0;4.0;BR05404T;980.0;;;;
gid://shopify/ProductVariant/46335237685543;gid://shopify/ProductVariant/46335237685543;BR05411T;P;1440.0;gid://shopify/Product/8573506486567;Brinco Chain De Prata Com Ouro Amarelo - P;6.0;1.0;4.0;BR05411T;1600.0;;;;
gid://shopify/ProductVariant/46335239291175;gid://shopify/ProductVariant/46335239291175;BR05602T;Default Title;1260.0;gid://shopify/Product/8573506617639;Brinco Chain De Prata Com Ouro Amarelo;7.0;1.0;4.0;BR05602T;1400.0;;;;
gid://shopify/ProductVariant/46335240372519;gid://shopify/ProductVariant/46335240372519;BR05399T;Default Title;1125.0;gid://shopify/Product/8573506715943;Brinco Chain De Prata Com Ródio Negro;13.0;1.0;2.0;BR05399T;1250.0;;;;
gid://shopify/ProductVariant/46335241519399;gid://shopify/ProductVariant/46335241519399;BR05405T;Default Title;882.0;gid://shopify/Product/8573506879783;Brinco Chain De Prata Com Ródio Negro;4.0;1.0;2.0;BR05405T;980.0;;;;
gid://shopify/ProductVariant/46335245091111;gid://shopify/ProductVariant/46335245091111;BR05412T;P;1440.0;gid://shopify/Product/8573507240231;Brinco Chain De Prata Com Ródio Negro - P;1.0;1.0;2.0;BR05412T;1600.0;;;;
gid://shopify/ProductVariant/46335247352103;gid://shopify/ProductVariant/46335247352103;CL04178;P;5580.0;gid://shopify/Product/8573507469607;Colar Chain De Prata Com Ouro Amarelo - P;16.0;1.0;2.0;CL04178;6200.0;;;;
gid://shopify/ProductVariant/46335251644711;gid://shopify/ProductVariant/46335251644711;CL04182;G;7650.0;gid://shopify/Product/8573507830055;Colar Chain De Prata Com Ouro Amarelo - G;11.0;1.0;4.0;CL04182;8500.0;;;;
gid://shopify/ProductVariant/46335255904551;gid://shopify/ProductVariant/46335255904551;CL04179;P;5580.0;gid://shopify/Product/8573508124967;Colar Chain De Prata Com Ródio Negro - P;1.0;1.0;2.0;CL04179;6200.0;;;;
gid://shopify/ProductVariant/46335260197159;gid://shopify/ProductVariant/46335260197159;BR05606T;Default Title;882.0;gid://shopify/Product/8573508452647;Piercing Chain De Prata Com Ouro Amarelo;7.0;1.0;3.0;BR05606T;980.0;;;;
gid://shopify/ProductVariant/46335263408423;gid://shopify/ProductVariant/46335263408423;PU01791T;P;3330.0;gid://shopify/Product/8573508714791;Pulseira Chain De Prata Com Ouro Amarelo - Elo P;26.0;3.0;4.0;PU01791T;3700.0;;;;
gid://shopify/ProductVariant/46335277662503;gid://shopify/ProductVariant/46335277662503;PU01792T;P;3330.0;gid://shopify/Product/8573509992743;Pulseira Chain De Prata Com Ródio Negro - Elo P;16.0;3.0;2.0;PU01792T;3700.0;;;;
gid://shopify/ProductVariant/46335289983271;gid://shopify/ProductVariant/46335289983271;PU01806T;G;4410.0;gid://shopify/Product/8573510975783;Pulseira Chain De Prata Com Ródio Negro - Elo G;2.0;1.0;2.0;PU01806T;4900.0;;;;
gid://shopify/ProductVariant/46336082936103;gid://shopify/ProductVariant/46336082936103;BR05581T;Default Title;2610.0;gid://shopify/Product/8573576708391;Piercing Chain Lovers De Ouro Branco 18K Com Ródio Negro E Diamante;12.0;1.0;2.0;BR05581T;2900.0;;;;
gid://shopify/ProductVariant/46336085983527;gid://shopify/ProductVariant/46336085983527;BR05603T;Default Title;5310.0;gid://shopify/Product/8573576937767;Brinco Chain Lovers De Ouro Branco 18K Com Ródio Negro E Diamante;7.0;1.0;3.0;BR05603T;5900.0;;;;
gid://shopify/ProductVariant/46336089096487;gid://shopify/ProductVariant/46336089096487;BR05580T;Default Title;2880.0;gid://shopify/Product/8573577265447;Piercing Chain Lovers De Ouro Branco 18K E Diamante;6.0;1.0;2.0;BR05580T;3200.0;;;;
gid://shopify/ProductVariant/46336099909927;gid://shopify/ProductVariant/46336099909927;BR05778T;Default Title;3780.0;gid://shopify/Product/8573578215719;Piercing Chain Lovers De Ouro Branco 18K Com Ródio Negro E Diamante Negro;6.0;1.0;2.0;BR05778T;4200.0;;;;
gid://shopify/ProductVariant/46336123502887;gid://shopify/ProductVariant/46336123502887;CL01450;Default Title;5850.0;gid://shopify/Product/8573580116263;Colar Choker De Ouro Amarelo 18K;7.0;1.0;3.0;CL01450;6500.0;;;;
gid://shopify/ProductVariant/46336129794343;gid://shopify/ProductVariant/46336129794343;CL01442;Default Title;26100.0;gid://shopify/Product/8573580673319;Colar Choker De Ouro Branco 18K Com Ródio Negro E Diamante;6.0;1.0;2.0;CL01442;29000.0;;;;
gid://shopify/ProductVariant/46336136773927;gid://shopify/ProductVariant/46336136773927;CL01449;Default Title;6030.0;gid://shopify/Product/8573581426983;Colar Choker De Ouro Branco 18K Com Ródio Negro E Diamante;7.0;1.0;2.0;CL01449;6700.0;;;;
gid://shopify/ProductVariant/46336149192999;gid://shopify/ProductVariant/46336149192999;CL01448;Default Title;6660.0;gid://shopify/Product/8573582901543;Colar Choker De Ouro Branco 18K E Diamante;8.0;1.0;2.0;CL01448;7400.0;;;;
gid://shopify/ProductVariant/46336152437031;gid://shopify/ProductVariant/46336152437031;CL01452;Default Title;5040.0;gid://shopify/Product/8573583196455;Colar Choker De Ouro Branco 18K E Diamante;9.0;1.0;3.0;CL01452;5600.0;;;;
gid://shopify/ProductVariant/46336188449063;gid://shopify/ProductVariant/46336188449063;CL04288;Default Title;32670.0;gid://shopify/Product/8573586145575;Colar Deco 2019 De Ouro Amarelo 18K E Diamante;1.0;1.0;2.0;CL04288;36300.0;;;;
gid://shopify/ProductVariant/46336190873895;gid://shopify/ProductVariant/46336190873895;CL04279;Default Title;41400.0;gid://shopify/Product/8573586374951;Colar Deco 2019 De Ouro Branco 18K E Diamante;1.0;1.0;2.0;CL04279;46000.0;;;;
gid://shopify/ProductVariant/46336245661991;gid://shopify/ProductVariant/46336245661991;BR02400T;Default Title;4680.0;gid://shopify/Product/8573591617831;Brinco Clássico De Ouro Amarelo 18K E Diamante;7.0;1.0;3.0;BR02400T;5200.0;;;;
gid://shopify/ProductVariant/46336245727527;gid://shopify/ProductVariant/46336245727527;BR02108T;Default Title;4680.0;gid://shopify/Product/8573591716135;Brinco Clássico De Ouro Branco 18K E Diamante;6.0;1.0;2.0;BR02108T;5200.0;;;;
gid://shopify/ProductVariant/46336246710567;gid://shopify/ProductVariant/46336246710567;BR02120T;Default Title;4680.0;gid://shopify/Product/8573591781671;Brinco Clássico De Ouro Rosa 18K E Diamante;6.0;1.0;2.0;BR02120T;5200.0;;;;
gid://shopify/ProductVariant/46336249626919;gid://shopify/ProductVariant/46336249626919;BR02148T;Default Title;2070.0;gid://shopify/Product/8573591978279;Piercing Clássico De Ouro Rosa 18K E Diamante;7.0;1.0;3.0;BR02148T;2300.0;;;;
gid://shopify/ProductVariant/46336251560231;gid://shopify/ProductVariant/46336251560231;CL01042;Default Title;3690.0;gid://shopify/Product/8573592273191;Colar Clássico De Ouro Branco 18K Com Ródio Negro E Diamante Negro;6.0;1.0;2.0;CL01042;4100.0;;;;
gid://shopify/ProductVariant/46336252641575;gid://shopify/ProductVariant/46336252641575;CL01100;Default Title;5490.0;gid://shopify/Product/8573592371495;Colar Clássico De Ouro Branco 18K Com Ródio Negro E Diamante;2.0;1.0;2.0;CL01100;6100.0;;;;
gid://shopify/ProductVariant/46336253985063;gid://shopify/ProductVariant/46336253985063;CL00999;Default Title;3060.0;gid://shopify/Product/8573592568103;Colar Clássico De Ouro Branco 18K E Diamante Negro;7.0;1.0;2.0;CL00999;3400.0;;;;
gid://shopify/ProductVariant/46336258277671;gid://shopify/ProductVariant/46336258277671;CO01318;Default Title;3330.0;gid://shopify/Product/8573593059623;Corrente Clássico De Ouro Amarelo 18K;8.0;1.0;3.0;CO01318;3700.0;;;;
gid://shopify/ProductVariant/46336259981607;gid://shopify/ProductVariant/46336259981607;CO01316;Default Title;3330.0;gid://shopify/Product/8573593288999;Corrente Clássico De Ouro Branco 18K Com Ródio Negro;9.0;1.0;3.0;CO01316;3700.0;;;;
gid://shopify/ProductVariant/46336260899111;gid://shopify/ProductVariant/46336260899111;CO00023;Default Title;2070.0;gid://shopify/Product/8573593420071;Corrente Clássico De Ouro Branco 18K;7.0;1.0;3.0;CO00023;2300.0;;;;
gid://shopify/ProductVariant/46336261521703;gid://shopify/ProductVariant/46336261521703;CO01277;Default Title;1620.0;gid://shopify/Product/8573593551143;Corrente Clássico De Ouro Branco 18K;8.0;1.0;2.0;CO01277;1800.0;;;;
gid://shopify/ProductVariant/46336262603047;gid://shopify/ProductVariant/46336262603047;CO01315;Default Title;3330.0;gid://shopify/Product/8573593682215;Corrente Clássico De Ouro Branco 18K;9.0;1.0;3.0;CO01315;3700.0;;;;
gid://shopify/ProductVariant/46336263815463;gid://shopify/ProductVariant/46336263815463;CO01313;Default Title;2070.0;gid://shopify/Product/8573593846055;Corrente Clássico De Ouro Rosa 18K;7.0;1.0;3.0;CO01313;2300.0;;;;
gid://shopify/ProductVariant/46336265126183;gid://shopify/ProductVariant/46336265126183;CO01317;Default Title;3330.0;gid://shopify/Product/8573594009895;Corrente Clássico De Ouro Rosa 18K;11.0;1.0;3.0;CO01317;3700.0;;;;
gid://shopify/ProductVariant/46336267059495;gid://shopify/ProductVariant/46336267059495;BR03167T;Default Title;1440.0;gid://shopify/Product/8573594304807;Piercing Clássico De Ouro Branco 18K Com Ródio Negro E Diamante Negro;8.0;1.0;3.0;BR03167T;1600.0;;;;
gid://shopify/ProductVariant/46336268009767;gid://shopify/ProductVariant/46336268009767;BR03682T;Default Title;1755.0;gid://shopify/Product/8573594435879;Piercing Clássico De Ouro Branco 18K Com Ródio Negro E Diamante;8.0;1.0;3.0;BR03682T;1950.0;;;;
gid://shopify/ProductVariant/46336268599591;gid://shopify/ProductVariant/46336268599591;BR02192T;Default Title;2070.0;gid://shopify/Product/8573594534183;Piercing Clássico De Ouro Branco 18K E Diamante;6.0;1.0;3.0;BR02192T;2300.0;;;;
gid://shopify/ProductVariant/46336268632359;gid://shopify/ProductVariant/46336268632359;PU01082T;Default Title;1665.0;gid://shopify/Product/8573594566951;Pulseira Clássico De Ouro Amarelo 18K E Safira;9.0;1.0;3.0;PU01082T;1850.0;;;;
gid://shopify/ProductVariant/46336269123879;gid://shopify/ProductVariant/46336269123879;PU01936T;Default Title;1350.0;gid://shopify/Product/8573594665255;Pulseira Clássico De Ouro Amarelo 18K E Safira;3.0;1.0;2.0;PU01936T;1500.0;;;;
gid://shopify/ProductVariant/46336269353255;gid://shopify/ProductVariant/46336269353255;PU01278T;Default Title;1485.0;gid://shopify/Product/8573594763559;Pulseira Clássico De Ouro Branco 18K Com Ródio Negro E Diamante Negro;9.0;1.0;3.0;PU01278T;1650.0;;;;
gid://shopify/ProductVariant/46336269943079;gid://shopify/ProductVariant/46336269943079;PU01314T;Default Title;1665.0;gid://shopify/Product/8573594861863;Pulseira Clássico De Ouro Branco 18K Com Ródio Negro E Safira;8.0;1.0;3.0;PU01314T;1850.0;;;;
gid://shopify/ProductVariant/46336270631207;gid://shopify/ProductVariant/46336270631207;PU01081T;Default Title;1665.0;gid://shopify/Product/8573595091239;Pulseira Clássico De Ouro Branco 18K E Safira;7.0;1.0;3.0;PU01081T;1850.0;;;;
gid://shopify/ProductVariant/46336272269607;gid://shopify/ProductVariant/46336272269607;PU01422T;Default Title;1350.0;gid://shopify/Product/8573595222311;Pulseira Clássico De Ouro Branco 18K E Safira;8.0;1.0;2.0;PU01422T;1500.0;;;;
gid://shopify/ProductVariant/46336274202919;gid://shopify/ProductVariant/46336274202919;PU01074T;Default Title;1665.0;gid://shopify/Product/8573595418919;Pulseira Clássico De Ouro Rosa 18K E Safira;8.0;1.0;3.0;PU01074T;1850.0;;;;
gid://shopify/ProductVariant/46336297926951;gid://shopify/ProductVariant/46336297926951;BR05616T;Default Title;990.0;gid://shopify/Product/8573597810983;Brinco Especial De Ouro Branco 18K Com Ródio Negro E Esmeralda;7.0;1.0;2.0;BR05616T;1100.0;;;;
gid://shopify/ProductVariant/46336299598119;gid://shopify/ProductVariant/46336299598119;BR05879T;Default Title;21510.0;gid://shopify/Product/8573598007591;Brinco Especial De Ouro Branco 18K Com Ródio Negro E Safira;1.0;1.0;1.0;BR05879T;23900.0;;;;
gid://shopify/ProductVariant/46336304644391;gid://shopify/ProductVariant/46336304644391;BR04220T;Default Title;1980.0;gid://shopify/Product/8573598564647;Brinco Especial De Ouro Branco 18K E Diamante Negro;7.0;1.0;1.0;BR04220T;2200.0;;;;
gid://shopify/ProductVariant/46336306708775;gid://shopify/ProductVariant/46336306708775;BR04221T;Default Title;4680.0;gid://shopify/Product/8573598794023;Brinco Especial De Ouro Branco 18K E Diamante Negro;10.0;1.0;1.0;BR04221T;5200.0;;;;
gid://shopify/ProductVariant/46336311230759;gid://shopify/ProductVariant/46336311230759;BR06298T;Default Title;3330.0;gid://shopify/Product/8573599351079;Brinco Especial De Ouro Branco 18K E Diamante Negro;6.0;1.0;0.0;BR06298T;3700.0;;;;
gid://shopify/ProductVariant/46336405405991;gid://shopify/ProductVariant/46336405405991;BR05881T;Default Title;4230.0;gid://shopify/Product/8573608624423;Brinco Especial De Ouro Amarelo 18K E Diamante Fancy;1.0;1.0;2.0;BR05881T;4700.0;;;;
gid://shopify/ProductVariant/46336406126887;gid://shopify/ProductVariant/46336406126887;BR05301T;Default Title;1260.0;gid://shopify/Product/8573608788263;Brinco Especial De Ouro Branco 18K E Diamante Solitário;11.0;1.0;3.0;BR05301T;1400.0;;;;
gid://shopify/ProductVariant/46336406159655;gid://shopify/ProductVariant/46336406159655;BR06039T;Default Title;4410.0;gid://shopify/Product/8573608821031;Brinco Especial De Ouro Branco 18K E Diamante Solitário;6.0;1.0;3.0;BR06039T;4900.0;;;;
gid://shopify/ProductVariant/46336406225191;gid://shopify/ProductVariant/46336406225191;BR06040T;Default Title;7020.0;gid://shopify/Product/8573608853799;Brinco Especial De Ouro Branco 18K E Diamante Solitário;9.0;1.0;3.0;BR06040T;7800.0;;;;
gid://shopify/ProductVariant/46336408060199;gid://shopify/ProductVariant/46336408060199;BR06111T;Default Title;1260.0;gid://shopify/Product/8573609214247;Brinco Especial De Ouro Rosa 18K E Diamante Solitário;7.0;1.0;0.0;BR06111T;1400.0;;;;
gid://shopify/ProductVariant/46336531333415;gid://shopify/ProductVariant/46336531333415;BR02005T;Default Title;12510.0;gid://shopify/Product/8573626679591;Brinco Galeria De Ouro Branco 18K E Diamante;6.0;1.0;2.0;BR02005T;13900.0;;;;
gid://shopify/ProductVariant/46336540541223;gid://shopify/ProductVariant/46336540541223;CL00730;P;3960.0;gid://shopify/Product/8573628940583;Colar Algema De Ouro Branco 18K Com Ródio Negro E Diamante - P;8.0;1.0;2.0;CL00730;4400.0;;;;
gid://shopify/ProductVariant/46336546799911;gid://shopify/ProductVariant/46336546799911;CL00330;P;4680.0;gid://shopify/Product/8573629956391;Colar Algema De Ouro Rosa 18K E Diamante - P;8.0;1.0;3.0;CL00330;5200.0;;;;
gid://shopify/ProductVariant/46336549552423;gid://shopify/ProductVariant/46336549552423;PU01336T;P;3330.0;gid://shopify/Product/8573630251303;Pulseira Algeminha De Ouro Branco 18K Com Ródio Negro E Diamante - P;7.0;1.0;3.0;PU01336T;3700.0;;;;
gid://shopify/ProductVariant/46336551715111;gid://shopify/ProductVariant/46336551715111;PU01333T;P;3330.0;gid://shopify/Product/8573630546215;Pulseira Algeminha De Ouro Branco 18K E Diamante - P;8.0;1.0;3.0;PU01333T;3700.0;;;;
gid://shopify/ProductVariant/46336553550119;gid://shopify/ProductVariant/46336553550119;PU01334T;P;3330.0;gid://shopify/Product/8573630939431;Pulseira Algeminha De Ouro Rosa 18K E Diamante - P;9.0;1.0;3.0;PU01334T;3700.0;;;;
gid://shopify/ProductVariant/46336572752167;gid://shopify/ProductVariant/46336572752167;BR04304T;Default Title;2880.0;gid://shopify/Product/8573634642215;Brinco First Diamond De Ouro Branco 18K Com Ródio Negro E Diamante;9.0;1.0;3.0;BR04304T;3200.0;;;;
gid://shopify/ProductVariant/46336573833511;gid://shopify/ProductVariant/46336573833511;CL01285;Default Title;4950.0;gid://shopify/Product/8573635428647;Colar First Diamond De Ouro Branco 18K Com Ródio Negro E Diamante;7.0;1.0;4.0;CL01285;5500.0;;;;
gid://shopify/ProductVariant/46336588054823;gid://shopify/ProductVariant/46336588054823;PI01064;Default Title;1710.0;gid://shopify/Product/8573637853479;Pingente Pequeno De Ouro Amarelo 18K E Diamante;7.0;1.0;2.0;PI01064;1900.0;;;;
gid://shopify/ProductVariant/46336590315815;gid://shopify/ProductVariant/46336590315815;PI01065;Default Title;1485.0;gid://shopify/Product/8573638148391;Pingente Pequeno De Ouro Amarelo 18K E Diamante;10.0;1.0;2.0;PI01065;1650.0;;;;
gid://shopify/ProductVariant/46336592675111;gid://shopify/ProductVariant/46336592675111;PI01066;Default Title;1710.0;gid://shopify/Product/8573638541607;Pingente Pequeno De Ouro Branco 18K Com Ródio Negro E Diamante;7.0;1.0;2.0;PI01066;1900.0;;;;
gid://shopify/ProductVariant/46336594510119;gid://shopify/ProductVariant/46336594510119;PI01067;Default Title;1485.0;gid://shopify/Product/8573638902055;Pingente Pequeno De Ouro Branco 18K Com Ródio Negro E Diamante;8.0;1.0;2.0;PI01067;1650.0;;;;
gid://shopify/ProductVariant/46336597393703;gid://shopify/ProductVariant/46336597393703;PI01062;Default Title;1710.0;gid://shopify/Product/8573639262503;Pingente Pequeno De Ouro Branco 18K E Diamante;10.0;1.0;2.0;PI01062;1900.0;;;;
gid://shopify/ProductVariant/46336599720231;gid://shopify/ProductVariant/46336599720231;PI01063;Default Title;1485.0;gid://shopify/Product/8573639622951;Pingente Pequeno De Ouro Branco 18K E Diamante;8.0;1.0;2.0;PI01063;1650.0;;;;
gid://shopify/ProductVariant/46336613384487;gid://shopify/ProductVariant/46336613384487;BR05791T;Default Title;1980.0;gid://shopify/Product/8573641785639;Brinco Protea De Prata Com Ouro Rosa;7.0;1.0;3.0;BR05791T;2200.0;;;;
gid://shopify/ProductVariant/46336643760423;gid://shopify/ProductVariant/46336643760423;BR06120T;P;3780.0;gid://shopify/Product/8573647487271;Brinco Leopardo De Prata Com Ouro Amarelo - P;9.0;1.0;4.0;BR06120T;4200.0;;;;
gid://shopify/ProductVariant/46336645759271;gid://shopify/ProductVariant/46336645759271;BR06121T;M;4410.0;gid://shopify/Product/8573648044327;Brinco Leopardo De Prata Com Ouro Amarelo - M;11.0;1.0;4.0;BR06121T;4900.0;;;;
gid://shopify/ProductVariant/46336646086951;gid://shopify/ProductVariant/46336646086951;BR06122T;G;4860.0;gid://shopify/Product/8573648372007;Brinco Leopardo De Prata Com Ouro Amarelo - G;15.0;1.0;4.0;BR06122T;5400.0;;;;
gid://shopify/ProductVariant/46336646447399;gid://shopify/ProductVariant/46336646447399;CL04480;M;7020.0;gid://shopify/Product/8573648732455;Colar Leopardo De Prata Com Ouro Amarelo - Maxi;6.0;1.0;4.0;CL04480;7800.0;;;;
gid://shopify/ProductVariant/46336664207655;gid://shopify/ProductVariant/46336664207655;BR04850T;Default Title;11700.0;gid://shopify/Product/8573652500775;Brinco Love Ny De Ouro Branco 18K E Diamante;7.0;1.0;2.0;BR04850T;13000.0;;;;
gid://shopify/ProductVariant/46355364708647;gid://shopify/ProductVariant/46355364708647;BR05269T;P;13500.0;gid://shopify/Product/8577718092071;Brinco Lifestyle De Ouro Amarelo 18K - P;6.0;1.0;2.0;BR05269T;15000.0;;;;
gid://shopify/ProductVariant/46355365134631;gid://shopify/ProductVariant/46355365134631;BR05254T;Default Title;10890.0;gid://shopify/Product/8577718288679;Brinco Lifestyle De Ouro Branco 18K Com Ródio Negro E Diamante Negro;7.0;1.0;2.0;BR05254T;12100.0;;;;
gid://shopify/ProductVariant/46355366936871;gid://shopify/ProductVariant/46355366936871;BR05272T;Default Title;11250.0;gid://shopify/Product/8577719533863;Brinco Lifestyle De Ouro Branco 18K Com Ródio Negro E Diamante;7.0;1.0;2.0;BR05272T;12500.0;;;;
gid://shopify/ProductVariant/46355367100711;gid://shopify/ProductVariant/46355367100711;BR05240T;Default Title;13950.0;gid://shopify/Product/8577719664935;Brinco Lifestyle De Ouro Branco 18K E Diamante;6.0;1.0;2.0;BR05240T;15500.0;;;;
gid://shopify/ProductVariant/46355367166247;gid://shopify/ProductVariant/46355367166247;BR05249T;Default Title;32400.0;gid://shopify/Product/8577719730471;Brinco Lifestyle De Ouro Branco 18K E Diamante;6.0;1.0;2.0;BR05249T;36000.0;;;;
gid://shopify/ProductVariant/46355368280359;gid://shopify/ProductVariant/46355368280359;BR05281T;Default Title;1710.0;gid://shopify/Product/8577720221991;Piercing Lifestyle De Ouro Amarelo 18K;1.0;1.0;2.0;BR05281T;1900.0;;;;
gid://shopify/ProductVariant/46355368444199;gid://shopify/ProductVariant/46355368444199;BR05280T;Default Title;2340.0;gid://shopify/Product/8577720287527;Piercing Lifestyle De Ouro Branco 18K Com Ródio Negro E Diamante;1.0;1.0;2.0;BR05280T;2600.0;;;;
gid://shopify/ProductVariant/46355368509735;gid://shopify/ProductVariant/46355368509735;BR05283T;Default Title;2295.0;gid://shopify/Product/8577720353063;Piercing Lifestyle De Ouro Branco 18K Com Ródio Negro E Diamante;6.0;1.0;2.0;BR05283T;2550.0;;;;
gid://shopify/ProductVariant/46355368542503;gid://shopify/ProductVariant/46355368542503;BR05300T;Default Title;3690.0;gid://shopify/Product/8577720385831;Piercing Lifestyle De Ouro Branco 18K Com Ródio Negro E Diamante;3.0;1.0;2.0;BR05300T;4100.0;;;;
gid://shopify/ProductVariant/46355369034023;gid://shopify/ProductVariant/46355369034023;BR05279T;Default Title;2790.0;gid://shopify/Product/8577720615207;Piercing Lifestyle De Ouro Branco 18K E Diamante;2.0;1.0;2.0;BR05279T;3100.0;;;;
gid://shopify/ProductVariant/46355369230631;gid://shopify/ProductVariant/46355369230631;BR05299T;Default Title;4500.0;gid://shopify/Product/8577720811815;Piercing Lifestyle De Ouro Branco 18K E Diamante;1.0;1.0;2.0;BR05299T;5000.0;;;;
gid://shopify/ProductVariant/46355369361703;gid://shopify/ProductVariant/46355369361703;PU01768T;Default Title;16200.0;gid://shopify/Product/8577720942887;Pulseira Lifestyle De Ouro Branco 18K Com Ródio Negro E Diamante;1.0;1.0;2.0;PU01768T;18000.0;;;;
gid://shopify/ProductVariant/46355371753767;gid://shopify/ProductVariant/46355371753767;BR04382T;Default Title;1980.0;gid://shopify/Product/8577722450215;Brinco Orquidea De Prata Com Ouro Rosa E Diamante;12.0;1.0;2.0;BR04382T;2200.0;;;;
gid://shopify/ProductVariant/46355371852071;gid://shopify/ProductVariant/46355371852071;BR04385T;Default Title;3780.0;gid://shopify/Product/8577722548519;Brinco Orquidea De Prata Com Ouro Rosa E Diamante;7.0;1.0;2.0;BR04385T;4200.0;;;;
gid://shopify/ProductVariant/46355391807783;gid://shopify/ProductVariant/46355391807783;BR05443T;Default Title;1530.0;gid://shopify/Product/8577728413991;Brinco Piscine De Ouro Amarelo 18K;6.0;1.0;2.0;BR05443T;1700.0;;;;
gid://shopify/ProductVariant/46355392069927;gid://shopify/ProductVariant/46355392069927;BR05444T;Default Title;1620.0;gid://shopify/Product/8577728512295;Brinco Piscine De Ouro Amarelo 18K;6.0;1.0;2.0;BR05444T;1800.0;;;;
gid://shopify/ProductVariant/46355392168231;gid://shopify/ProductVariant/46355392168231;BR05449T;Default Title;4050.0;gid://shopify/Product/8577728643367;Brinco Ear Cuff Piscine De Ouro Branco 18K Com Ródio Negro E Diamante;8.0;1.0;2.0;BR05449T;4500.0;;;;
gid://shopify/ProductVariant/46355392495911;gid://shopify/ProductVariant/46355392495911;BR05451T;Default Title;1980.0;gid://shopify/Product/8577728905511;Brinco Piscine De Ouro Branco 18K Com Ródio Negro E Diamante;7.0;1.0;2.0;BR05451T;2200.0;;;;
gid://shopify/ProductVariant/46355393642791;gid://shopify/ProductVariant/46355393642791;BR05453T;Default Title;2070.0;gid://shopify/Product/8577729102119;Brinco Piscine De Ouro Branco 18K Com Ródio Negro E Diamante;26.0;1.0;2.0;BR05453T;2300.0;;;;
gid://shopify/ProductVariant/46355393970471;gid://shopify/ProductVariant/46355393970471;BR05448T;Default Title;4860.0;gid://shopify/Product/8577729200423;Brinco Ear Cuff Piscine De Ouro Branco 18K E Diamante;8.0;1.0;2.0;BR05448T;5400.0;;;;
gid://shopify/ProductVariant/46355394134311;gid://shopify/ProductVariant/46355394134311;BR05450T;Default Title;2340.0;gid://shopify/Product/8577729364263;Brinco Piscine De Ouro Branco 18K E Diamante;7.0;1.0;2.0;BR05450T;2600.0;;;;
gid://shopify/ProductVariant/46355394232615;gid://shopify/ProductVariant/46355394232615;BR05452T;Default Title;2430.0;gid://shopify/Product/8577729462567;Brinco Piscine De Ouro Branco 18K E Diamante;7.0;1.0;2.0;BR05452T;2700.0;;;;
gid://shopify/ProductVariant/46355394429223;gid://shopify/ProductVariant/46355394429223;CL04197;Default Title;5310.0;gid://shopify/Product/8577729659175;Colar Piscine De Ouro Amarelo 18K;9.0;1.0;2.0;CL04197;5900.0;;;;
gid://shopify/ProductVariant/46355394789671;gid://shopify/ProductVariant/46355394789671;CL04198;Default Title;5670.0;gid://shopify/Product/8577730019623;Colar Piscine De Ouro Branco 18K E Diamante;7.0;1.0;2.0;CL04198;6300.0;;;;
gid://shopify/ProductVariant/46355414057255;gid://shopify/ProductVariant/46355414057255;CL04575;Default Title;43200.0;gid://shopify/Product/8577737654567;Colar Pura De Ouro Branco 18K Com Ródio Negro E Esmeralda;1.0;1.0;1.0;CL04575;48000.0;;;;
gid://shopify/ProductVariant/46355415236903;gid://shopify/ProductVariant/46355415236903;CO0993;Default Title;3780.0;gid://shopify/Product/8577738801447;Colar Tlj De Ouro Rosa 18K E Diamante;7.0;1.0;2.0;CO0993;4200.0;;;;
gid://shopify/ProductVariant/46355437289767;gid://shopify/ProductVariant/46355437289767;BR05033T;Default Title;2610.0;gid://shopify/Product/8577746272551;Brinco Riviera De Prata Com Ouro Amarelo;8.0;1.0;2.0;BR05033T;2900.0;;;;
gid://shopify/ProductVariant/46355450167591;gid://shopify/ProductVariant/46355450167591;BR04907T;Default Title;22860.0;gid://shopify/Product/8577750892839;Brinco Voyeur De Ouro Branco 18K Com Ródio Negro E Diamante;1.0;1.0;2.0;BR04907T;25400.0;;;;
gid://shopify/ProductVariant/46355450298663;gid://shopify/ProductVariant/46355450298663;BR04908T;Default Title;11520.0;gid://shopify/Product/8577751023911;Brinco Voyeur De Ouro Branco 18K Com Ródio Negro E Diamante Negro;2.0;1.0;2.0;BR04908T;12800.0;;;;
gid://shopify/ProductVariant/46355450396967;gid://shopify/ProductVariant/46355450396967;BR04910T;Default Title;10440.0;gid://shopify/Product/8577751122215;Brinco Voyeur De Ouro Branco 18K Com Ródio Negro E Diamante;2.0;1.0;2.0;BR04910T;11600.0;;;;
gid://shopify/ProductVariant/46355451609383;gid://shopify/ProductVariant/46355451609383;BR04911T;Default Title;5760.0;gid://shopify/Product/8577751187751;Brinco Voyeur De Ouro Branco 18K Com Ródio Negro E Diamante Negro;2.0;1.0;2.0;BR04911T;6400.0;;;;
gid://shopify/ProductVariant/46355451707687;gid://shopify/ProductVariant/46355451707687;BR04914T;Default Title;27900.0;gid://shopify/Product/8577751286055;Brinco Ear Cuff Voyeur De Ouro Branco 18K Com Ródio Negro E Diamante;6.0;1.0;3.0;BR04914T;31000.0;;;;
gid://shopify/ProductVariant/46355452363047;gid://shopify/ProductVariant/46355452363047;BR04913T;Default Title;35100.0;gid://shopify/Product/8577751941415;Brinco Ear Cuff Voyeur De Ouro Branco 18K E Diamante;6.0;1.0;3.0;BR04913T;39000.0;;;;
gid://shopify/ProductVariant/46355454165287;gid://shopify/ProductVariant/46355454165287;BR04920T;Default Title;3510.0;gid://shopify/Product/8577752760615;Piercing Voyeur De Ouro Branco 18K Com Ródio Negro E Esmeralda;6.0;1.0;2.0;BR04920T;3900.0;;;;
gid://shopify/ProductVariant/46355477070119;gid://shopify/ProductVariant/46355477070119;BR03066T;Default Title;12510.0;gid://shopify/Product/8577761968423;Brinco Ear Cuff Universo De Ouro Branco 18K Com Ródio Negro E Esmeralda;8.0;1.0;2.0;BR03066T;13900.0;;;;
gid://shopify/ProductVariant/46355477397799;gid://shopify/ProductVariant/46355477397799;BR03071T;Default Title;21600.0;gid://shopify/Product/8577762230567;Brinco Ear Cuff Universo De Ouro Branco 18K Com Ródio Negro E Diamante Negro;6.0;1.0;2.0;BR03071T;24000.0;;;;
gid://shopify/ProductVariant/46355477528871;gid://shopify/ProductVariant/46355477528871;BR03110T;Default Title;7110.0;gid://shopify/Product/8577762361639;Brinco Ear Cuff Universo De Ouro Branco 18K Com Ródio Negro E Diamante Negro;6.0;1.0;2.0;BR03110T;7900.0;;;;
gid://shopify/ProductVariant/46355477823783;gid://shopify/ProductVariant/46355477823783;BR05002T;Default Title;18900.0;gid://shopify/Product/8577762656551;Brinco Ear Cuff Universo De Ouro Branco 18K Com Ródio Negro E Diamante;7.0;1.0;1.0;BR05002T;21000.0;;;;
gid://shopify/ProductVariant/46355477922087;gid://shopify/ProductVariant/46355477922087;BR03063T;Default Title;15930.0;gid://shopify/Product/8577762754855;Brinco Ear Cuff Universo De Ouro Branco 18K E Diamante;7.0;1.0;2.0;BR03063T;17700.0;;;;
gid://shopify/ProductVariant/46355489784103;gid://shopify/ProductVariant/46355489784103;BR05598T;Default Title;1125.0;gid://shopify/Product/8577767112999;Brinco Whitechain De Prata Com Ouro Branco;8.0;1.0;2.0;BR05598T;1250.0;;;;
gid://shopify/ProductVariant/46355490537767;gid://shopify/ProductVariant/46355490537767;BR05599T;Default Title;882.0;gid://shopify/Product/8577767375143;Brinco Whitechain De Prata Com Ouro Branco;1.0;1.0;2.0;BR05599T;980.0;;;;
gid://shopify/ProductVariant/46355491979559;gid://shopify/ProductVariant/46355491979559;BR06049T;P;6480.0;gid://shopify/Product/8577768292647;Brinco We Love Sapphire De Ouro Amarelo 18K E Safira - P;2.0;1.0;3.0;BR06049T;7200.0;;;;
gid://shopify/ProductVariant/46355492700455;gid://shopify/ProductVariant/46355492700455;BR06053T;P;9450.0;gid://shopify/Product/8577768685863;Brinco We Love Sapphire De Ouro Amarelo 18K E Diamante - P;6.0;1.0;3.0;BR06053T;10500.0;;;;
gid://shopify/ProductVariant/46355494469927;gid://shopify/ProductVariant/46355494469927;BR06054T;G;22500.0;gid://shopify/Product/8577768915239;Brinco We Love Sapphire De Ouro Amarelo 18K E Diamante - G;6.0;1.0;3.0;BR06054T;25000.0;;;;
gid://shopify/ProductVariant/46355494568231;gid://shopify/ProductVariant/46355494568231;BR06062T;P;7650.0;gid://shopify/Product/8577769013543;Brinco Ear Cuff We Love Sapphire De Ouro Branco 18K Com Ródio Negro E Safira - P;6.0;1.0;2.0;BR06062T;8500.0;;;;
gid://shopify/ProductVariant/46355494895911;gid://shopify/ProductVariant/46355494895911;BR06068T;P;6480.0;gid://shopify/Product/8577769308455;Brinco We Love Sapphire De Ouro Branco 18K Com Ródio Negro E Safira - P;7.0;1.0;3.0;BR06068T;7200.0;;;;
gid://shopify/ProductVariant/46355502760231;gid://shopify/ProductVariant/46355502760231;BR06055T;P;7650.0;gid://shopify/Product/8577770324263;Brinco Ear Cuff We Love Sapphire De Ouro Rosa 18K E Safira - P;8.0;1.0;2.0;BR06055T;8500.0;;;;
gid://shopify/ProductVariant/46355503087911;gid://shopify/ProductVariant/46355503087911;BR06057T;P;6480.0;gid://shopify/Product/8577770651943;Brinco We Love Sapphire De Ouro Rosa 18K E Safira - P;6.0;1.0;3.0;BR06057T;7200.0;;;;
gid://shopify/ProductVariant/46355505545511;gid://shopify/ProductVariant/46355505545511;BR06061T;P;8550.0;gid://shopify/Product/8577771208999;Brinco We Love Sapphire De Ouro Rosa 18K E Diamante - P;6.0;1.0;3.0;BR06061T;9500.0;;;;
gid://shopify/ProductVariant/46355506004263;gid://shopify/ProductVariant/46355506004263;PI01365;Default Title;3150.0;gid://shopify/Product/8577771667751;Piercing We Love Sapphire De Ouro Rosa 18K E Safira;2.0;1.0;2.0;PI01365;3500.0;;;;
gid://shopify/ProductVariant/46355507872039;gid://shopify/ProductVariant/46355507872039;BR05983T;G;2160.0;gid://shopify/Product/8577772454183;Brinco Pop Chain De Prata Com Ouro Amarelo - G;23.0;1.0;3.0;BR05983T;2400.0;;;;
gid://shopify/ProductVariant/46355508166951;gid://shopify/ProductVariant/46355508166951;BR05987T;P;1620.0;gid://shopify/Product/8577772618023;Brinco Pop Chain De Prata Com Ouro Amarelo - P;13.0;1.0;2.0;BR05987T;1800.0;;;;
gid://shopify/ProductVariant/46355508265255;gid://shopify/ProductVariant/46355508265255;BR05991T;Default Title;1710.0;gid://shopify/Product/8577772716327;Brinco Pop Chain De Prata Com Ouro Amarelo;11.0;1.0;2.0;BR05991T;1900.0;;;;
gid://shopify/ProductVariant/46355508396327;gid://shopify/ProductVariant/46355508396327;BR05995T;Default Title;1260.0;gid://shopify/Product/8577772814631;Brinco Pop Chain De Prata Com Ouro Amarelo;15.0;1.0;2.0;BR05995T;1400.0;;;;
gid://shopify/ProductVariant/46355511476519;gid://shopify/ProductVariant/46355511476519;BR06004T;Default Title;882.0;gid://shopify/Product/8577773928743;Piercing Pop Chain De Prata Com Ouro Amarelo;7.0;1.0;2.0;BR06004T;980.0;;;;
gid://shopify/ProductVariant/46355517669671;gid://shopify/ProductVariant/46355517669671;BR05783T;Default Title;3150.0;gid://shopify/Product/8577776320807;Brinco Rock&Hot De Prata Com Ouro Amarelo E Ágata;9.0;1.0;2.0;BR05783T;3500.0;;;;
gid://shopify/ProductVariant/46355517735207;gid://shopify/ProductVariant/46355517735207;BR05784T;Default Title;2385.0;gid://shopify/Product/8577776386343;Brinco Rock&Hot De Prata Com Ouro Amarelo;8.0;1.0;2.0;BR05784T;2650.0;;;;
gid://shopify/ProductVariant/46355519504679;gid://shopify/ProductVariant/46355519504679;BR06170T;Default Title;8550.0;gid://shopify/Product/8577778090279;Brinco Rock Star De Ouro Branco 18K Com Ródio Negro E Diamante;6.0;1.0;2.0;BR06170T;9500.0;;;;
gid://shopify/ProductVariant/46355519635751;gid://shopify/ProductVariant/46355519635751;BR06171T;Default Title;7200.0;gid://shopify/Product/8577778221351;Brinco Rock Star De Ouro Branco 18K Com Ródio Negro E Diamante E Esmeralda;7.0;1.0;2.0;BR06171T;8000.0;;;;
gid://shopify/ProductVariant/46355519865127;gid://shopify/ProductVariant/46355519865127;BR06172T;Default Title;6300.0;gid://shopify/Product/8577778417959;Brinco Rock Star De Ouro Branco 18K Com Ródio Negro E Diamante E Rubi;10.0;1.0;2.0;BR06172T;7000.0;;;;
gid://shopify/ProductVariant/46355520192807;gid://shopify/ProductVariant/46355520192807;BR06173T;Default Title;6300.0;gid://shopify/Product/8577778581799;Brinco Rock Star De Ouro Branco 18K Com Ródio Negro E Diamante E Safira;8.0;1.0;2.0;BR06173T;7000.0;;;;
gid://shopify/ProductVariant/46355520520487;gid://shopify/ProductVariant/46355520520487;BR06175T;G;11250.0;gid://shopify/Product/8577778745639;Brinco Ear Cuff Rock Star De Ouro Branco 18K Com Ródio Negro E Safira - G;7.0;1.0;2.0;BR06175T;12500.0;;;;
gid://shopify/ProductVariant/46355521208615;gid://shopify/ProductVariant/46355521208615;BR06178T;M;8550.0;gid://shopify/Product/8577779171623;Brinco Ear Cuff Rock Star De Ouro Branco 18K Com Ródio Negro E Esmeralda - M;8.0;1.0;2.0;BR06178T;9500.0;;;;
gid://shopify/ProductVariant/46355521274151;gid://shopify/ProductVariant/46355521274151;BR06179T;M;7020.0;gid://shopify/Product/8577779204391;Brinco Ear Cuff Rock Star De Ouro Branco 18K Com Ródio Negro E Safira - M;8.0;1.0;2.0;BR06179T;7800.0;;;;
gid://shopify/ProductVariant/46355521339687;gid://shopify/ProductVariant/46355521339687;BR06192T;P;7020.0;gid://shopify/Product/8577779269927;Brinco Ear Cuff Rock Star De Ouro Branco 18K Com Ródio Negro E Diamante - P;7.0;1.0;2.0;BR06192T;7800.0;;;;
gid://shopify/ProductVariant/46355521503527;gid://shopify/ProductVariant/46355521503527;BR06252T;M;7020.0;gid://shopify/Product/8577779433767;Brinco Ear Cuff Rock Star De Ouro Branco 18K Com Ródio Negro E Safira - M;7.0;1.0;1.0;BR06252T;7800.0;;;;
gid://shopify/ProductVariant/46355521601831;gid://shopify/ProductVariant/46355521601831;BR06152T;Default Title;10350.0;gid://shopify/Product/8577779532071;Brinco Rock Star De Ouro Branco 18K E Diamante;6.0;1.0;2.0;BR06152T;11500.0;;;;
gid://shopify/ProductVariant/46355606274343;gid://shopify/ProductVariant/46355606274343;BR05350T;P;1530.0;gid://shopify/Product/8577837564199;Brinco Pop De Prata Com Ouro Amarelo - P;7.0;1.0;3.0;BR05350T;1700.0;;;;
gid://shopify/ProductVariant/46355606536487;gid://shopify/ProductVariant/46355606536487;BR05351T;M;1980.0;gid://shopify/Product/8577837793575;Brinco Pop De Prata Com Ouro Amarelo - M;11.0;1.0;2.0;BR05351T;2200.0;;;;
gid://shopify/ProductVariant/46355607028007;gid://shopify/ProductVariant/46355607028007;BR05353T;Default Title;2295.0;gid://shopify/Product/8577838285095;Brinco Pop De Prata Com Ouro Amarelo;12.0;1.0;2.0;BR05353T;2550.0;;;;
gid://shopify/ProductVariant/46355607912743;gid://shopify/ProductVariant/46355607912743;CO01279;Default Title;1170.0;gid://shopify/Product/8577838547239;Corrente Pop De Prata Com Ouro Amarelo;9.0;1.0;3.0;CO01279;1300.0;;;;
gid://shopify/ProductVariant/46355608142119;gid://shopify/ProductVariant/46355608142119;CO01280;Default Title;1305.0;gid://shopify/Product/8577838711079;Corrente Pop De Prata Com Ouro Amarelo;7.0;1.0;3.0;CO01280;1450.0;;;;
gid://shopify/ProductVariant/46355608273191;gid://shopify/ProductVariant/46355608273191;CO01281;Default Title;1530.0;gid://shopify/Product/8577838842151;Corrente Pop De Prata Com Ouro Amarelo;9.0;1.0;3.0;CO01281;1700.0;;;;
gid://shopify/ProductVariant/46355608404263;gid://shopify/ProductVariant/46355608404263;CO01282;Default Title;792.0;gid://shopify/Product/8577838973223;Corrente Pop De Prata Com Ouro Amarelo;7.0;1.0;2.0;CO01282;880.0;;;;
gid://shopify/ProductVariant/46355634782503;gid://shopify/ProductVariant/46355634782503;BR06549T;Default Title;1080.0;gid://shopify/Product/8577853587751;Brinco Mare De Prata Com Ouro Amarelo e Pérola;7.0;1.0;3.0;BR06549T;1200.0;;;;
gid://shopify/ProductVariant/46355635962151;gid://shopify/ProductVariant/46355635962151;BR06554T;Default Title;3510.0;gid://shopify/Product/8577853718823;Brinco Madrepérola Negra  Mare De Prata Com Ouro Amarelo;2.0;1.0;3.0;BR06554T;3900.0;;;;
gid://shopify/ProductVariant/46355635994919;gid://shopify/ProductVariant/46355635994919;BR06559T;Default Title;1710.0;gid://shopify/Product/8577853751591;Brinco Mare De Prata Com Ouro Amarelo;8.0;1.0;2.0;BR06559T;1900.0;;;;
gid://shopify/ProductVariant/46355636060455;gid://shopify/ProductVariant/46355636060455;BR06560T;Default Title;441.0;gid://shopify/Product/8577853817127;Brinco Mare De Prata Com Ouro Amarelo;9.0;1.0;3.0;BR06560T;490.0;;;;
gid://shopify/ProductVariant/46355638059303;gid://shopify/ProductVariant/46355638059303;CL04622;G;3150.0;gid://shopify/Product/8577854243111;Colar Mare De Prata Com Ouro Amarelo - G;6.0;1.0;4.0;CL04622;3500.0;;;;
gid://shopify/ProductVariant/46355641073959;gid://shopify/ProductVariant/46355641073959;CL04631;Default Title;7830.0;gid://shopify/Product/8577854800167;Colar Maxi De Prata Com Ouro Amarelo;6.0;1.0;3.0;CL04631;8700.0;;;;
gid://shopify/ProductVariant/46355645202727;gid://shopify/ProductVariant/46355645202727;PI01495;Default Title;882.0;gid://shopify/Product/8577855422759;Piercing Mare De Prata Com Ouro Amarelo;11.0;1.0;3.0;PI01495;980.0;;;;
gid://shopify/ProductVariant/46355679904039;gid://shopify/ProductVariant/46355679904039;BR06488T;Default Title;8820.0;gid://shopify/Product/8577859715367;Brinco Dolce Vita De Ouro Amarelo 18K E Ágata;6.0;1.0;2.0;BR06488T;9800.0;;;;
gid://shopify/ProductVariant/46355681050919;gid://shopify/ProductVariant/46355681050919;BR06489T;Default Title;8820.0;gid://shopify/Product/8577859879207;Brinco Dolce Vita De Ouro Amarelo 18K E Quartzo;7.0;1.0;2.0;BR06489T;9800.0;;;;
gid://shopify/ProductVariant/46355684229415;gid://shopify/ProductVariant/46355684229415;BR06493T;Default Title;13050.0;gid://shopify/Product/8577860370727;Brinco Dolce Vita De Ouro Amarelo 18K E Lápis Lazuli E Diamante;6.0;1.0;2.0;BR06493T;14500.0;;;;
gid://shopify/ProductVariant/46355685441831;gid://shopify/ProductVariant/46355685441831;BR06496T;Default Title;13050.0;gid://shopify/Product/8577860600103;Brinco Dolce Vita De Ouro Amarelo 18K E Malaquita E Diamante;6.0;1.0;2.0;BR06496T;14500.0;;;;
gid://shopify/ProductVariant/46355689701671;gid://shopify/ProductVariant/46355689701671;BR06502T;Default Title;28800.0;gid://shopify/Product/8577861320999;Brinco Dolce Vita De Ouro Amarelo 18K E Ágata E Diamante;6.0;1.0;2.0;BR06502T;32000.0;;;;
gid://shopify/ProductVariant/46355690520871;gid://shopify/ProductVariant/46355690520871;BR06503T;Default Title;18450.0;gid://shopify/Product/8577861583143;Brinco Dolce Vita De Ouro Rosa 18K E Opala;2.0;1.0;2.0;BR06503T;20500.0;;;;
gid://shopify/ProductVariant/46355691143463;gid://shopify/ProductVariant/46355691143463;CO01329;Default Title;7920.0;gid://shopify/Product/8577861714215;Corrente Dolce Vita De Ouro Amarelo 18K;7.0;1.0;2.0;CO01329;8800.0;;;;
gid://shopify/ProductVariant/46355691897127;gid://shopify/ProductVariant/46355691897127;CO01328;Default Title;7920.0;gid://shopify/Product/8577861943591;Corrente Dolce Vita De Ouro Rosa 18K;6.0;1.0;2.0;CO01328;8800.0;;;;
gid://shopify/ProductVariant/46355693273383;gid://shopify/ProductVariant/46355693273383;CO01330;Default Title;9900.0;gid://shopify/Product/8577862140199;Corrente Dolce Vita De Ouro Rosa 18K;8.0;1.0;2.0;CO01330;11000.0;;;;
gid://shopify/ProductVariant/46355694420263;gid://shopify/ProductVariant/46355694420263;PI01473;Default Title;12420.0;gid://shopify/Product/8577862336807;Pingente Dolce Vita De Ouro Amarelo 18K E Lápis Lazuli E Diamante;7.0;1.0;2.0;PI01473;13800.0;;;;
gid://shopify/ProductVariant/46355695042855;gid://shopify/ProductVariant/46355695042855;PI01474;Default Title;12420.0;gid://shopify/Product/8577862467879;Pingente Dolce Vita De Ouro Amarelo 18K E Ágata E Diamante;6.0;1.0;2.0;PI01474;13800.0;;;;
gid://shopify/ProductVariant/46355696353575;gid://shopify/ProductVariant/46355696353575;PI01475;Default Title;12420.0;gid://shopify/Product/8577862664487;Pingente Dolce Vita De Ouro Amarelo 18K E Malaquita E Diamante;6.0;1.0;2.0;PI01475;13800.0;;;;
gid://shopify/ProductVariant/46355697565991;gid://shopify/ProductVariant/46355697565991;PI01476;Default Title;13680.0;gid://shopify/Product/8577862828327;Pingente Dolce Vita De Ouro Amarelo 18K E Turquesa E Diamante;6.0;1.0;2.0;PI01476;15200.0;;;;
gid://shopify/ProductVariant/46355699237159;gid://shopify/ProductVariant/46355699237159;PI01479;Default Title;11610.0;gid://shopify/Product/8577863024935;Pingente Dolce Vita De Ouro Amarelo 18K E Ágata E Diamante;7.0;1.0;2.0;PI01479;12900.0;;;;
gid://shopify/ProductVariant/46355700482343;gid://shopify/ProductVariant/46355700482343;PI01480;Default Title;9450.0;gid://shopify/Product/8577863254311;Pingente Dolce Vita De Ouro Amarelo 18K E Lápis Lazuli;7.0;1.0;2.0;PI01480;10500.0;;;;
gid://shopify/ProductVariant/46355701694759;gid://shopify/ProductVariant/46355701694759;PI01482;Default Title;9450.0;gid://shopify/Product/8577863418151;Pingente Dolce Vita De Ouro Amarelo 18K E Malaquita;7.0;1.0;2.0;PI01482;10500.0;;;;
gid://shopify/ProductVariant/46355702841639;gid://shopify/ProductVariant/46355702841639;PI01486;Default Title;9450.0;gid://shopify/Product/8577863581991;Pingente Dolce Vita De Ouro Amarelo 18K E Ágata;7.0;1.0;1.0;PI01486;10500.0;;;;
gid://shopify/ProductVariant/46355747668263;gid://shopify/ProductVariant/46355747668263;BR06485T;Default Title;8820.0;gid://shopify/Product/8577869381927;Brinco Dolce Vita De Ouro Amarelo 18K E Olho De Tigre;6.0;1.0;2.0;BR06485T;9800.0;;;;
gid://shopify/ProductVariant/46355748847911;gid://shopify/ProductVariant/46355748847911;BR06492T;Default Title;13050.0;gid://shopify/Product/8577869676839;Brinco Dolce Vita De Ouro Amarelo 18K E Safira E Olho De Tigre;7.0;1.0;2.0;BR06492T;14500.0;;;;
gid://shopify/ProductVariant/46355750125863;gid://shopify/ProductVariant/46355750125863;PI01477;Default Title;8010.0;gid://shopify/Product/8577870004519;Pingente Dolce Vita De Ouro Amarelo 18K E Olho De Tigre E Safira;6.0;1.0;2.0;PI01477;8900.0;;;;
gid://shopify/ProductVariant/46355790758183;gid://shopify/ProductVariant/46355790758183;BR06494T;Default Title;13050.0;gid://shopify/Product/8577874886951;Brinco Dolce Vita De Ouro Amarelo 18K E Quartzo, Safira;6.0;1.0;2.0;BR06494T;14500.0;;;;
gid://shopify/ProductVariant/46356154155303;gid://shopify/ProductVariant/46356154155303;CL04313;Default Title;3150.0;gid://shopify/Product/8577922335015;Colar JV MAN II De Prata Com Ouro Branco;10.0;1.0;2.0;CL04313;3500.0;;;;
gid://shopify/ProductVariant/46356154351911;gid://shopify/ProductVariant/46356154351911;CL04314;Default Title;3150.0;gid://shopify/Product/8577922466087;Colar JV MAN II De Prata Com Ródio Negro;9.0;1.0;2.0;CL04314;3500.0;;;;
gid://shopify/ProductVariant/46356154417447;gid://shopify/ProductVariant/46356154417447;CO01305;Default Title;1395.0;gid://shopify/Product/8577922531623;Corrente JV MAN II De Prata Com Ródio Negro;12.0;1.0;2.0;CO01305;1550.0;;;;
gid://shopify/ProductVariant/46356154482983;gid://shopify/ProductVariant/46356154482983;CO01308;Default Title;1395.0;gid://shopify/Product/8577922564391;Corrente JV MAN II De Prata Com Ouro Branco;10.0;1.0;2.0;CO01308;1550.0;;;;
gid://shopify/ProductVariant/46356154614055;gid://shopify/ProductVariant/46356154614055;PI01321;Default Title;1620.0;gid://shopify/Product/8577922662695;Pingente JV MAN II De Prata Com Ródio Negro E Diamante Negro;7.0;1.0;2.0;PI01321;1800.0;;;;
gid://shopify/ProductVariant/46356154712359;gid://shopify/ProductVariant/46356154712359;PI01330;Default Title;2880.0;gid://shopify/Product/8577922728231;Pingente JV MAN II De Prata Com Ródio Negro E Diamante Negro;6.0;1.0;2.0;PI01330;3200.0;;;;
gid://shopify/ProductVariant/46356161265959;gid://shopify/ProductVariant/46356161265959;PI01318;Default Title;855.0;gid://shopify/Product/8577923416359;Pingente JV MAN II De Prata Com Ródio Negro E Olho De Tigre;9.0;1.0;2.0;PI01318;950.0;;;;
gid://shopify/ProductVariant/46356164804903;gid://shopify/ProductVariant/46356164804903;PI01331;Default Title;855.0;gid://shopify/Product/8577923907879;Pingente JV MAN II De Prata Com Ródio Negro;7.0;1.0;3.0;PI01331;950.0;;;;
gid://shopify/ProductVariant/46356167262503;gid://shopify/ProductVariant/46356167262503;PU01853T;M;5850.0;gid://shopify/Product/8577924268327;Pulseira JV MAN II De Prata Com Ródio Negro E Diamante Negro;11.0;2.0;2.0;PU01853T;6500.0;;;;
gid://shopify/ProductVariant/46356211204391;gid://shopify/ProductVariant/46356211204391;PU01858T;P;1431.0;gid://shopify/Product/8577931280679;Pulseira JV MAN II De Prata Com Ouro Branco;34.0;4.0;2.0;PU01858T;1590.0;;;;
gid://shopify/ProductVariant/46356289356071;gid://shopify/ProductVariant/46356289356071;PU01900T;P;1431.0;gid://shopify/Product/8577941307687;Pulseira JV MAN II De Prata Com Ródio Negro Fosco;28.0;4.0;1.0;PU01900T;1590.0;;;;
gid://shopify/ProductVariant/46356295876903;gid://shopify/ProductVariant/46356295876903;PU01904T;P;1431.0;gid://shopify/Product/8577942192423;Pulseira JV MAN II De Prata Com Ouro Branco Fosco;22.0;4.0;1.0;PU01904T;1590.0;;;;
gid://shopify/ProductVariant/46356780319015;gid://shopify/ProductVariant/46356780319015;BR06207T;Default Title;2880.0;gid://shopify/Product/8578001436967;Brinco Rock Chain De Prata Com Ouro Amarelo;16.0;1.0;5.0;BR06207T;3200.0;;;;
gid://shopify/ProductVariant/46356781859111;gid://shopify/ProductVariant/46356781859111;CL04525;Default Title;8010.0;gid://shopify/Product/8578001633575;Colar Rock Chain De Prata Com Ouro Amarelo;15.0;1.0;4.0;CL04525;8900.0;;;;
gid://shopify/ProductVariant/46356785791271;gid://shopify/ProductVariant/46356785791271;PI01388;G;1170.0;gid://shopify/Product/8578002092327;Pingente Rock Chain De Prata Com Ouro Amarelo E Quartzo - G;8.0;1.0;2.0;PI01388;1300.0;;;;
gid://shopify/ProductVariant/46356787200295;gid://shopify/ProductVariant/46356787200295;PI01389;P;585.0;gid://shopify/Product/8578002256167;Pingente Rock Chain De Prata Com Ouro Amarelo E Quartzo - P;10.0;1.0;3.0;PI01389;650.0;;;;
gid://shopify/ProductVariant/46356787626279;gid://shopify/ProductVariant/46356787626279;PI01390;G;945.0;gid://shopify/Product/8578002387239;Pingente Rock Chain De Prata Com Ouro Amarelo E Quartzo - G;6.0;1.0;3.0;PI01390;1050.0;;;;
gid://shopify/ProductVariant/46356788019495;gid://shopify/ProductVariant/46356788019495;PI01391;P;630.0;gid://shopify/Product/8578002485543;Pingente Rock Chain De Prata Com Ouro Amarelo E Quartzo - P;9.0;1.0;3.0;PI01391;700.0;;;;
gid://shopify/ProductVariant/46356788117799;gid://shopify/ProductVariant/46356788117799;PI01392;P;630.0;gid://shopify/Product/8578002583847;Pingente Rock Chain De Prata Com Ouro Amarelo E Ametista - P;8.0;1.0;3.0;PI01392;700.0;;;;
gid://shopify/ProductVariant/46356788871463;gid://shopify/ProductVariant/46356788871463;PI01393;G;1170.0;gid://shopify/Product/8578002682151;Pingente Rock Chain De Prata Com Ouro Amarelo E Quartzo - G;8.0;1.0;3.0;PI01393;1300.0;;;;
gid://shopify/ProductVariant/46356790083879;gid://shopify/ProductVariant/46356790083879;PI01395;P;585.0;gid://shopify/Product/8578002878759;Pingente Rock Chain De Prata Com Ouro Amarelo E Quartzo - P;8.0;1.0;3.0;PI01395;650.0;;;;
gid://shopify/ProductVariant/46356791263527;gid://shopify/ProductVariant/46356791263527;PI01396;P;585.0;gid://shopify/Product/8578003042599;Pingente Rock Chain De Prata Com Ouro Amarelo E Ametista - P;6.0;1.0;3.0;PI01396;650.0;;;;
gid://shopify/ProductVariant/46356792869159;gid://shopify/ProductVariant/46356792869159;PI01397;G;945.0;gid://shopify/Product/8578003173671;Pingente Rock Chain De Prata Com Ouro Amarelo E Quartzo - G;8.0;1.0;3.0;PI01397;1050.0;;;;
gid://shopify/ProductVariant/46356795621671;gid://shopify/ProductVariant/46356795621671;PI01460;P;630.0;gid://shopify/Product/8578003501351;Pingente Rock Chain De Prata Com Ouro Amarelo E Quartzo - P;6.0;1.0;0.0;PI01460;700.0;;;;
gid://shopify/ProductVariant/46356799652135;gid://shopify/ProductVariant/46356799652135;PI01462;P;585.0;gid://shopify/Product/8578004189479;Pingente Rock Chain De Prata Com Ouro Amarelo E Quartzo - P;7.0;1.0;0.0;PI01462;650.0;;;;
gid://shopify/ProductVariant/46356802502951;gid://shopify/ProductVariant/46356802502951;PI01466;Default Title;2610.0;gid://shopify/Product/8578004549927;Pingente Rock Chain De Prata Com Ouro Amarelo E Quartzo;7.0;1.0;2.0;PI01466;2900.0;;;;
gid://shopify/ProductVariant/46356804993319;gid://shopify/ProductVariant/46356804993319;PI01380;Default Title;405.0;gid://shopify/Product/8578005106983;Pingente Rock Chain De Prata Com Ouro Amarelo;12.0;1.0;4.0;PI01380;450.0;;;;
gid://shopify/ProductVariant/46356811415847;gid://shopify/ProductVariant/46356811415847;PU02067T;P;2520.0;gid://shopify/Product/8578005827879;Pulseira Rock Chain De Prata Com Ródio Negro - P;21.0;3.0;3.0;PU02067T;2800.0;;;;
gid://shopify/ProductVariant/46356879868199;gid://shopify/ProductVariant/46356879868199;AB01010;Default Title;4590.0;gid://shopify/Product/8578013069607;Abotoadura JV MAN De Prata Com Ródio Negro;1.0;1.0;1.0;AB01010;5100.0;;;;
gid://shopify/ProductVariant/46357419032871;gid://shopify/ProductVariant/46357419032871;CO0939R;F;1710.0;gid://shopify/Product/8578164850983;Pingente Letra De Ouro Rosa 18K E Diamante;28.0;8.0;0.0;CO0939R;1900.0;;;;
gid://shopify/ProductVariant/46357419065639;gid://shopify/ProductVariant/46357419065639;CO0942R;I;1710.0;gid://shopify/Product/8578164850983;Pingente Letra De Ouro Rosa 18K E Diamante;28.0;8.0;0.0;CO0942R;1900.0;;;;
gid://shopify/ProductVariant/46357419098407;gid://shopify/ProductVariant/46357419098407;CO0950R;Q;1710.0;gid://shopify/Product/8578164850983;Pingente Letra De Ouro Rosa 18K E Diamante;28.0;8.0;0.0;CO0950R;1900.0;;;;
gid://shopify/ProductVariant/46357419131175;gid://shopify/ProductVariant/46357419131175;CO0954R;U;1710.0;gid://shopify/Product/8578164850983;Pingente Letra De Ouro Rosa 18K E Diamante;28.0;8.0;0.0;CO0954R;1900.0;;;;
gid://shopify/ProductVariant/46357419163943;gid://shopify/ProductVariant/46357419163943;CO0956R;W;1890.0;gid://shopify/Product/8578164850983;Pingente Letra De Ouro Rosa 18K E Diamante;28.0;8.0;0.0;CO0956R;2100.0;;;;
gid://shopify/ProductVariant/46357419196711;gid://shopify/ProductVariant/46357419196711;CO0957R;X;1710.0;gid://shopify/Product/8578164850983;Pingente Letra De Ouro Rosa 18K E Diamante;28.0;8.0;0.0;CO0957R;1900.0;;;;
gid://shopify/ProductVariant/46357419229479;gid://shopify/ProductVariant/46357419229479;CO0958R;Y;1710.0;gid://shopify/Product/8578164850983;Pingente Letra De Ouro Rosa 18K E Diamante;28.0;8.0;0.0;CO0958R;1900.0;;;;
gid://shopify/ProductVariant/46357419262247;gid://shopify/ProductVariant/46357419262247;CO0959R;Z;1620.0;gid://shopify/Product/8578164850983;Pingente Letra De Ouro Rosa 18K E Diamante;28.0;8.0;0.0;CO0959R;1800.0;;;;
gid://shopify/ProductVariant/46357420278055;gid://shopify/ProductVariant/46357420278055;CO0935A;B;1890.0;gid://shopify/Product/8578165080359;Pingente Letra De Ouro Amarelo 18K E Diamante;62.0;8.0;0.0;CO0935A;2100.0;;;;
gid://shopify/ProductVariant/46357420310823;gid://shopify/ProductVariant/46357420310823;CO0937A;D;1710.0;gid://shopify/Product/8578165080359;Pingente Letra De Ouro Amarelo 18K E Diamante;62.0;8.0;0.0;CO0937A;1900.0;;;;
gid://shopify/ProductVariant/46357420343591;gid://shopify/ProductVariant/46357420343591;CO0942A;I;1710.0;gid://shopify/Product/8578165080359;Pingente Letra De Ouro Amarelo 18K E Diamante;62.0;8.0;0.0;CO0942A;1900.0;;;;
gid://shopify/ProductVariant/46357420376359;gid://shopify/ProductVariant/46357420376359;CO0950A;Q;1710.0;gid://shopify/Product/8578165080359;Pingente Letra De Ouro Amarelo 18K E Diamante;62.0;8.0;0.0;CO0950A;1900.0;;;;
gid://shopify/ProductVariant/46357420409127;gid://shopify/ProductVariant/46357420409127;CO0954A;U;1710.0;gid://shopify/Product/8578165080359;Pingente Letra De Ouro Amarelo 18K E Diamante;62.0;8.0;0.0;CO0954A;1900.0;;;;
gid://shopify/ProductVariant/46357420441895;gid://shopify/ProductVariant/46357420441895;CO0956A;W;1890.0;gid://shopify/Product/8578165080359;Pingente Letra De Ouro Amarelo 18K E Diamante;62.0;8.0;0.0;CO0956A;2100.0;;;;
gid://shopify/ProductVariant/46357420474663;gid://shopify/ProductVariant/46357420474663;CO0957A;X;1710.0;gid://shopify/Product/8578165080359;Pingente Letra De Ouro Amarelo 18K E Diamante;62.0;8.0;0.0;CO0957A;1900.0;;;;
gid://shopify/ProductVariant/46357420507431;gid://shopify/ProductVariant/46357420507431;CO0958A;Y;1710.0;gid://shopify/Product/8578165080359;Pingente Letra De Ouro Amarelo 18K E Diamante;62.0;8.0;0.0;CO0958A;1900.0;;;;
gid://shopify/ProductVariant/46357420835111;gid://shopify/ProductVariant/46357420835111;CO0937B;D;1710.0;gid://shopify/Product/8578165244199;Pingente Letra De Ouro Branco 18K E Diamante;142.0;23.0;0.0;CO0937B;1900.0;;;;
gid://shopify/ProductVariant/46357420867879;gid://shopify/ProductVariant/46357420867879;CO0938B;E;1710.0;gid://shopify/Product/8578165244199;Pingente Letra De Ouro Branco 18K E Diamante;142.0;23.0;0.0;CO0938B;1900.0;;;;
gid://shopify/ProductVariant/46357420900647;gid://shopify/ProductVariant/46357420900647;CO0939B;F;1620.0;gid://shopify/Product/8578165244199;Pingente Letra De Ouro Branco 18K E Diamante;142.0;23.0;0.0;CO0939B;1800.0;;;;
gid://shopify/ProductVariant/46357420933415;gid://shopify/ProductVariant/46357420933415;CO0940B;G;1710.0;gid://shopify/Product/8578165244199;Pingente Letra De Ouro Branco 18K E Diamante;142.0;23.0;0.0;CO0940B;1900.0;;;;
gid://shopify/ProductVariant/46357421195559;gid://shopify/ProductVariant/46357421195559;CO0947B;N;1710.0;gid://shopify/Product/8578165244199;Pingente Letra De Ouro Branco 18K E Diamante;142.0;23.0;0.0;CO0947B;1900.0;;;;
gid://shopify/ProductVariant/46357421228327;gid://shopify/ProductVariant/46357421228327;CO0948B;O;1710.0;gid://shopify/Product/8578165244199;Pingente Letra De Ouro Branco 18K E Diamante;142.0;23.0;0.0;CO0948B;1900.0;;;;
gid://shopify/ProductVariant/46357421293863;gid://shopify/ProductVariant/46357421293863;CO0950B;Q;1710.0;gid://shopify/Product/8578165244199;Pingente Letra De Ouro Branco 18K E Diamante;142.0;23.0;0.0;CO0950B;1900.0;;;;
gid://shopify/ProductVariant/46357421359399;gid://shopify/ProductVariant/46357421359399;CO0954B;U;1710.0;gid://shopify/Product/8578165244199;Pingente Letra De Ouro Branco 18K E Diamante;142.0;23.0;0.0;CO0954B;1900.0;;;;
gid://shopify/ProductVariant/46357421392167;gid://shopify/ProductVariant/46357421392167;CO0956B;W;1890.0;gid://shopify/Product/8578165244199;Pingente Letra De Ouro Branco 18K E Diamante;142.0;23.0;0.0;CO0956B;2100.0;;;;
gid://shopify/ProductVariant/46357421424935;gid://shopify/ProductVariant/46357421424935;CO0957B;X;1710.0;gid://shopify/Product/8578165244199;Pingente Letra De Ouro Branco 18K E Diamante;142.0;23.0;0.0;CO0957B;1900.0;;;;
gid://shopify/ProductVariant/46357421490471;gid://shopify/ProductVariant/46357421490471;CO0959B;Z;1710.0;gid://shopify/Product/8578165244199;Pingente Letra De Ouro Branco 18K E Diamante;142.0;23.0;0.0;CO0959B;1900.0;;;;
gid://shopify/ProductVariant/46358265495847;gid://shopify/ProductVariant/46358265495847;PI01429;B;1260.0;gid://shopify/Product/8578290483495;Pingente Letra Rock Chain De Prata Com Ouro Amarelo e Diamantes;145.0;26.0;27.0;PI01429;1400.0;;;;
gid://shopify/ProductVariant/46358265528615;gid://shopify/ProductVariant/46358265528615;PI01430;C;1260.0;gid://shopify/Product/8578290483495;Pingente Letra Rock Chain De Prata Com Ouro Amarelo e Diamantes;145.0;26.0;27.0;PI01430;1400.0;;;;
gid://shopify/ProductVariant/46358265757991;gid://shopify/ProductVariant/46358265757991;PI01437;J;1260.0;gid://shopify/Product/8578290483495;Pingente Letra Rock Chain De Prata Com Ouro Amarelo e Diamantes;145.0;26.0;27.0;PI01437;1400.0;;;;
gid://shopify/ProductVariant/46358265889063;gid://shopify/ProductVariant/46358265889063;PI01441;N;1260.0;gid://shopify/Product/8578290483495;Pingente Letra Rock Chain De Prata Com Ouro Amarelo e Diamantes;145.0;26.0;27.0;PI01441;1400.0;;;;
gid://shopify/ProductVariant/46358265921831;gid://shopify/ProductVariant/46358265921831;PI01442;O;1260.0;gid://shopify/Product/8578290483495;Pingente Letra Rock Chain De Prata Com Ouro Amarelo e Diamantes;145.0;26.0;27.0;PI01442;1400.0;;;;
gid://shopify/ProductVariant/46358266020135;gid://shopify/ProductVariant/46358266020135;PI01445;R;1260.0;gid://shopify/Product/8578290483495;Pingente Letra Rock Chain De Prata Com Ouro Amarelo e Diamantes;145.0;26.0;27.0;PI01445;1400.0;;;;
gid://shopify/ProductVariant/46358266282279;gid://shopify/ProductVariant/46358266282279;PI01453;Z;1260.0;gid://shopify/Product/8578290483495;Pingente Letra Rock Chain De Prata Com Ouro Amarelo e Diamantes;145.0;26.0;27.0;PI01453;1400.0;;;;
gid://shopify/ProductVariant/46358387949863;gid://shopify/ProductVariant/46358387949863;PI01149;A;675.0;gid://shopify/Product/8578318860583;Pingente Pop De Prata Com Ouro Amarelo - M;233.0;26.0;0.0;PI01149;750.0;;;;
gid://shopify/ProductVariant/46358387982631;gid://shopify/ProductVariant/46358387982631;PI01150;B;675.0;gid://shopify/Product/8578318860583;Pingente Pop De Prata Com Ouro Amarelo - M;233.0;26.0;0.0;PI01150;750.0;;;;
gid://shopify/ProductVariant/46358388048167;gid://shopify/ProductVariant/46358388048167;PI01152;D;675.0;gid://shopify/Product/8578318860583;Pingente Pop De Prata Com Ouro Amarelo - M;233.0;26.0;0.0;PI01152;750.0;;;;
gid://shopify/ProductVariant/46358388080935;gid://shopify/ProductVariant/46358388080935;PI01153;E;675.0;gid://shopify/Product/8578318860583;Pingente Pop De Prata Com Ouro Amarelo - M;233.0;26.0;0.0;PI01153;750.0;;;;
gid://shopify/ProductVariant/46358388113703;gid://shopify/ProductVariant/46358388113703;PI01154;F;675.0;gid://shopify/Product/8578318860583;Pingente Pop De Prata Com Ouro Amarelo - M;233.0;26.0;0.0;PI01154;750.0;;;;
gid://shopify/ProductVariant/46358388179239;gid://shopify/ProductVariant/46358388179239;PI01156;H;675.0;gid://shopify/Product/8578318860583;Pingente Pop De Prata Com Ouro Amarelo - M;233.0;26.0;0.0;PI01156;750.0;;;;
gid://shopify/ProductVariant/46358388212007;gid://shopify/ProductVariant/46358388212007;PI01157;I;675.0;gid://shopify/Product/8578318860583;Pingente Pop De Prata Com Ouro Amarelo - M;233.0;26.0;0.0;PI01157;750.0;;;;
gid://shopify/ProductVariant/46358388244775;gid://shopify/ProductVariant/46358388244775;PI01158;J;675.0;gid://shopify/Product/8578318860583;Pingente Pop De Prata Com Ouro Amarelo - M;233.0;26.0;0.0;PI01158;750.0;;;;
gid://shopify/ProductVariant/46358388277543;gid://shopify/ProductVariant/46358388277543;PI01159;K;675.0;gid://shopify/Product/8578318860583;Pingente Pop De Prata Com Ouro Amarelo - M;233.0;26.0;0.0;PI01159;750.0;;;;
gid://shopify/ProductVariant/46358388310311;gid://shopify/ProductVariant/46358388310311;PI01160;L;675.0;gid://shopify/Product/8578318860583;Pingente Pop De Prata Com Ouro Amarelo - M;233.0;26.0;0.0;PI01160;750.0;;;;
gid://shopify/ProductVariant/46358388343079;gid://shopify/ProductVariant/46358388343079;PI01161;M;675.0;gid://shopify/Product/8578318860583;Pingente Pop De Prata Com Ouro Amarelo - M;233.0;26.0;0.0;PI01161;750.0;;;;
gid://shopify/ProductVariant/46358388375847;gid://shopify/ProductVariant/46358388375847;PI01162;N;675.0;gid://shopify/Product/8578318860583;Pingente Pop De Prata Com Ouro Amarelo - M;233.0;26.0;0.0;PI01162;750.0;;;;
gid://shopify/ProductVariant/46358388408615;gid://shopify/ProductVariant/46358388408615;PI01163;O;675.0;gid://shopify/Product/8578318860583;Pingente Pop De Prata Com Ouro Amarelo - M;233.0;26.0;0.0;PI01163;750.0;;;;
gid://shopify/ProductVariant/46358388441383;gid://shopify/ProductVariant/46358388441383;PI01164;P;675.0;gid://shopify/Product/8578318860583;Pingente Pop De Prata Com Ouro Amarelo - M;233.0;26.0;0.0;PI01164;750.0;;;;
gid://shopify/ProductVariant/46358388474151;gid://shopify/ProductVariant/46358388474151;PI01165;Q;675.0;gid://shopify/Product/8578318860583;Pingente Pop De Prata Com Ouro Amarelo - M;233.0;26.0;0.0;PI01165;750.0;;;;
gid://shopify/ProductVariant/46358388506919;gid://shopify/ProductVariant/46358388506919;PI01166;R;675.0;gid://shopify/Product/8578318860583;Pingente Pop De Prata Com Ouro Amarelo - M;233.0;26.0;0.0;PI01166;750.0;;;;
gid://shopify/ProductVariant/46358388539687;gid://shopify/ProductVariant/46358388539687;PI01167;S;675.0;gid://shopify/Product/8578318860583;Pingente Pop De Prata Com Ouro Amarelo - M;233.0;26.0;0.0;PI01167;750.0;;;;
gid://shopify/ProductVariant/46358388572455;gid://shopify/ProductVariant/46358388572455;PI01168;T;675.0;gid://shopify/Product/8578318860583;Pingente Pop De Prata Com Ouro Amarelo - M;233.0;26.0;0.0;PI01168;750.0;;;;
gid://shopify/ProductVariant/46358388605223;gid://shopify/ProductVariant/46358388605223;PI01169;U;675.0;gid://shopify/Product/8578318860583;Pingente Pop De Prata Com Ouro Amarelo - M;233.0;26.0;0.0;PI01169;750.0;;;;
gid://shopify/ProductVariant/46358388637991;gid://shopify/ProductVariant/46358388637991;PI01170;V;675.0;gid://shopify/Product/8578318860583;Pingente Pop De Prata Com Ouro Amarelo - M;233.0;26.0;0.0;PI01170;750.0;;;;
gid://shopify/ProductVariant/46358388670759;gid://shopify/ProductVariant/46358388670759;PI01171;W;675.0;gid://shopify/Product/8578318860583;Pingente Pop De Prata Com Ouro Amarelo - M;233.0;26.0;0.0;PI01171;750.0;;;;
gid://shopify/ProductVariant/46358388703527;gid://shopify/ProductVariant/46358388703527;PI01172;X;675.0;gid://shopify/Product/8578318860583;Pingente Pop De Prata Com Ouro Amarelo - M;233.0;26.0;0.0;PI01172;750.0;;;;
gid://shopify/ProductVariant/46358388736295;gid://shopify/ProductVariant/46358388736295;PI01173;Y;675.0;gid://shopify/Product/8578318860583;Pingente Pop De Prata Com Ouro Amarelo - M;233.0;26.0;0.0;PI01173;750.0;;;;
gid://shopify/ProductVariant/46358388769063;gid://shopify/ProductVariant/46358388769063;PI01174;Z;675.0;gid://shopify/Product/8578318860583;Pingente Pop De Prata Com Ouro Amarelo - M;233.0;26.0;0.0;PI01174;750.0;;;;
gid://shopify/ProductVariant/46358389227815;gid://shopify/ProductVariant/46358389227815;PI01098;A;675.0;gid://shopify/Product/8578319089959;Pingente Pop De Prata Com Ouro Amarelo - M;444.0;26.0;28.0;PI01098;750.0;;;;
gid://shopify/ProductVariant/46358389260583;gid://shopify/ProductVariant/46358389260583;PI01099;B;675.0;gid://shopify/Product/8578319089959;Pingente Pop De Prata Com Ouro Amarelo - M;444.0;26.0;28.0;PI01099;750.0;;;;
gid://shopify/ProductVariant/46358389293351;gid://shopify/ProductVariant/46358389293351;PI01100;C;675.0;gid://shopify/Product/8578319089959;Pingente Pop De Prata Com Ouro Amarelo - M;444.0;26.0;28.0;PI01100;750.0;;;;
gid://shopify/ProductVariant/46358389326119;gid://shopify/ProductVariant/46358389326119;PI01101;D;675.0;gid://shopify/Product/8578319089959;Pingente Pop De Prata Com Ouro Amarelo - M;444.0;26.0;28.0;PI01101;750.0;;;;
gid://shopify/ProductVariant/46358389358887;gid://shopify/ProductVariant/46358389358887;PI01102;E;675.0;gid://shopify/Product/8578319089959;Pingente Pop De Prata Com Ouro Amarelo - M;444.0;26.0;28.0;PI01102;750.0;;;;
gid://shopify/ProductVariant/46358389391655;gid://shopify/ProductVariant/46358389391655;PI01103;F;675.0;gid://shopify/Product/8578319089959;Pingente Pop De Prata Com Ouro Amarelo - M;444.0;26.0;28.0;PI01103;750.0;;;;
gid://shopify/ProductVariant/46358389457191;gid://shopify/ProductVariant/46358389457191;PI01105;H;675.0;gid://shopify/Product/8578319089959;Pingente Pop De Prata Com Ouro Amarelo - M;444.0;26.0;28.0;PI01105;750.0;;;;
gid://shopify/ProductVariant/46358389489959;gid://shopify/ProductVariant/46358389489959;PI01106;I;675.0;gid://shopify/Product/8578319089959;Pingente Pop De Prata Com Ouro Amarelo - M;444.0;26.0;28.0;PI01106;750.0;;;;
gid://shopify/ProductVariant/46358389522727;gid://shopify/ProductVariant/46358389522727;PI01107;J;675.0;gid://shopify/Product/8578319089959;Pingente Pop De Prata Com Ouro Amarelo - M;444.0;26.0;28.0;PI01107;750.0;;;;
gid://shopify/ProductVariant/46358389555495;gid://shopify/ProductVariant/46358389555495;PI01108;K;675.0;gid://shopify/Product/8578319089959;Pingente Pop De Prata Com Ouro Amarelo - M;444.0;26.0;28.0;PI01108;750.0;;;;
gid://shopify/ProductVariant/46358389588263;gid://shopify/ProductVariant/46358389588263;PI01109;L;675.0;gid://shopify/Product/8578319089959;Pingente Pop De Prata Com Ouro Amarelo - M;444.0;26.0;28.0;PI01109;750.0;;;;
gid://shopify/ProductVariant/46358389621031;gid://shopify/ProductVariant/46358389621031;PI01110;M;675.0;gid://shopify/Product/8578319089959;Pingente Pop De Prata Com Ouro Amarelo - M;444.0;26.0;28.0;PI01110;750.0;;;;
gid://shopify/ProductVariant/46358389653799;gid://shopify/ProductVariant/46358389653799;PI01111;N;675.0;gid://shopify/Product/8578319089959;Pingente Pop De Prata Com Ouro Amarelo - M;444.0;26.0;28.0;PI01111;750.0;;;;
gid://shopify/ProductVariant/46358389686567;gid://shopify/ProductVariant/46358389686567;PI01112;O;675.0;gid://shopify/Product/8578319089959;Pingente Pop De Prata Com Ouro Amarelo - M;444.0;26.0;28.0;PI01112;750.0;;;;
gid://shopify/ProductVariant/46358389719335;gid://shopify/ProductVariant/46358389719335;PI01113;P;675.0;gid://shopify/Product/8578319089959;Pingente Pop De Prata Com Ouro Amarelo - M;444.0;26.0;28.0;PI01113;750.0;;;;
gid://shopify/ProductVariant/46358389752103;gid://shopify/ProductVariant/46358389752103;PI01114;Q;675.0;gid://shopify/Product/8578319089959;Pingente Pop De Prata Com Ouro Amarelo - M;444.0;26.0;28.0;PI01114;750.0;;;;
gid://shopify/ProductVariant/46358389784871;gid://shopify/ProductVariant/46358389784871;PI01115;R;675.0;gid://shopify/Product/8578319089959;Pingente Pop De Prata Com Ouro Amarelo - M;444.0;26.0;28.0;PI01115;750.0;;;;
gid://shopify/ProductVariant/46358389817639;gid://shopify/ProductVariant/46358389817639;PI01116;S;675.0;gid://shopify/Product/8578319089959;Pingente Pop De Prata Com Ouro Amarelo - M;444.0;26.0;28.0;PI01116;750.0;;;;
gid://shopify/ProductVariant/46358389850407;gid://shopify/ProductVariant/46358389850407;PI01117;T;675.0;gid://shopify/Product/8578319089959;Pingente Pop De Prata Com Ouro Amarelo - M;444.0;26.0;28.0;PI01117;750.0;;;;
gid://shopify/ProductVariant/46358389883175;gid://shopify/ProductVariant/46358389883175;PI01118;U;675.0;gid://shopify/Product/8578319089959;Pingente Pop De Prata Com Ouro Amarelo - M;444.0;26.0;28.0;PI01118;750.0;;;;
gid://shopify/ProductVariant/46358389915943;gid://shopify/ProductVariant/46358389915943;PI01119;V;675.0;gid://shopify/Product/8578319089959;Pingente Pop De Prata Com Ouro Amarelo - M;444.0;26.0;28.0;PI01119;750.0;;;;
gid://shopify/ProductVariant/46358389948711;gid://shopify/ProductVariant/46358389948711;PI01120;W;675.0;gid://shopify/Product/8578319089959;Pingente Pop De Prata Com Ouro Amarelo - M;444.0;26.0;28.0;PI01120;750.0;;;;
gid://shopify/ProductVariant/46358389981479;gid://shopify/ProductVariant/46358389981479;PI01121;X;675.0;gid://shopify/Product/8578319089959;Pingente Pop De Prata Com Ouro Amarelo - M;444.0;26.0;28.0;PI01121;750.0;;;;
gid://shopify/ProductVariant/46358390014247;gid://shopify/ProductVariant/46358390014247;PI01122;Y;675.0;gid://shopify/Product/8578319089959;Pingente Pop De Prata Com Ouro Amarelo - M;444.0;26.0;28.0;PI01122;750.0;;;;
gid://shopify/ProductVariant/46358390047015;gid://shopify/ProductVariant/46358390047015;PI01123;Z;675.0;gid://shopify/Product/8578319089959;Pingente Pop De Prata Com Ouro Amarelo - M;444.0;26.0;28.0;PI01123;750.0;;;;
gid://shopify/ProductVariant/46358393258279;gid://shopify/ProductVariant/46358393258279;PI01073;B;810.0;gid://shopify/Product/8578319286567;Pingente Pop De Prata Com Ouro Amarelo - G;321.0;26.0;28.0;PI01073;900.0;;;;
gid://shopify/ProductVariant/46358393323815;gid://shopify/ProductVariant/46358393323815;PI01075;D;810.0;gid://shopify/Product/8578319286567;Pingente Pop De Prata Com Ouro Amarelo - G;321.0;26.0;28.0;PI01075;900.0;;;;
gid://shopify/ProductVariant/46358393356583;gid://shopify/ProductVariant/46358393356583;PI01076;E;810.0;gid://shopify/Product/8578319286567;Pingente Pop De Prata Com Ouro Amarelo - G;321.0;26.0;28.0;PI01076;900.0;;;;
gid://shopify/ProductVariant/46358393389351;gid://shopify/ProductVariant/46358393389351;PI01077;F;810.0;gid://shopify/Product/8578319286567;Pingente Pop De Prata Com Ouro Amarelo - G;321.0;26.0;28.0;PI01077;900.0;;;;
gid://shopify/ProductVariant/46358393422119;gid://shopify/ProductVariant/46358393422119;PI01078;G;810.0;gid://shopify/Product/8578319286567;Pingente Pop De Prata Com Ouro Amarelo - G;321.0;26.0;28.0;PI01078;900.0;;;;
gid://shopify/ProductVariant/46358393454887;gid://shopify/ProductVariant/46358393454887;PI01079;H;810.0;gid://shopify/Product/8578319286567;Pingente Pop De Prata Com Ouro Amarelo - G;321.0;26.0;28.0;PI01079;900.0;;;;
gid://shopify/ProductVariant/46358393487655;gid://shopify/ProductVariant/46358393487655;PI01080;I;810.0;gid://shopify/Product/8578319286567;Pingente Pop De Prata Com Ouro Amarelo - G;321.0;26.0;28.0;PI01080;900.0;;;;
gid://shopify/ProductVariant/46358393520423;gid://shopify/ProductVariant/46358393520423;PI01081;J;810.0;gid://shopify/Product/8578319286567;Pingente Pop De Prata Com Ouro Amarelo - G;321.0;26.0;28.0;PI01081;900.0;;;;
gid://shopify/ProductVariant/46358393553191;gid://shopify/ProductVariant/46358393553191;PI01082;K;810.0;gid://shopify/Product/8578319286567;Pingente Pop De Prata Com Ouro Amarelo - G;321.0;26.0;28.0;PI01082;900.0;;;;
gid://shopify/ProductVariant/46358393585959;gid://shopify/ProductVariant/46358393585959;PI01083;L;810.0;gid://shopify/Product/8578319286567;Pingente Pop De Prata Com Ouro Amarelo - G;321.0;26.0;28.0;PI01083;900.0;;;;
gid://shopify/ProductVariant/46358393618727;gid://shopify/ProductVariant/46358393618727;PI01084;M;810.0;gid://shopify/Product/8578319286567;Pingente Pop De Prata Com Ouro Amarelo - G;321.0;26.0;28.0;PI01084;900.0;;;;
gid://shopify/ProductVariant/46358393684263;gid://shopify/ProductVariant/46358393684263;PI01086;O;810.0;gid://shopify/Product/8578319286567;Pingente Pop De Prata Com Ouro Amarelo - G;321.0;26.0;28.0;PI01086;900.0;;;;
gid://shopify/ProductVariant/46358393717031;gid://shopify/ProductVariant/46358393717031;PI01087;P;810.0;gid://shopify/Product/8578319286567;Pingente Pop De Prata Com Ouro Amarelo - G;321.0;26.0;28.0;PI01087;900.0;;;;
gid://shopify/ProductVariant/46358393749799;gid://shopify/ProductVariant/46358393749799;PI01088;Q;810.0;gid://shopify/Product/8578319286567;Pingente Pop De Prata Com Ouro Amarelo - G;321.0;26.0;28.0;PI01088;900.0;;;;
gid://shopify/ProductVariant/46358393782567;gid://shopify/ProductVariant/46358393782567;PI01089;R;810.0;gid://shopify/Product/8578319286567;Pingente Pop De Prata Com Ouro Amarelo - G;321.0;26.0;28.0;PI01089;900.0;;;;
gid://shopify/ProductVariant/46358393848103;gid://shopify/ProductVariant/46358393848103;PI01090;S;810.0;gid://shopify/Product/8578319286567;Pingente Pop De Prata Com Ouro Amarelo - G;321.0;26.0;28.0;PI01090;900.0;;;;
gid://shopify/ProductVariant/46358393880871;gid://shopify/ProductVariant/46358393880871;PI01091;T;810.0;gid://shopify/Product/8578319286567;Pingente Pop De Prata Com Ouro Amarelo - G;321.0;26.0;28.0;PI01091;900.0;;;;
gid://shopify/ProductVariant/46358393913639;gid://shopify/ProductVariant/46358393913639;PI01092;U;810.0;gid://shopify/Product/8578319286567;Pingente Pop De Prata Com Ouro Amarelo - G;321.0;26.0;28.0;PI01092;900.0;;;;
gid://shopify/ProductVariant/46358393946407;gid://shopify/ProductVariant/46358393946407;PI01093;V;810.0;gid://shopify/Product/8578319286567;Pingente Pop De Prata Com Ouro Amarelo - G;321.0;26.0;28.0;PI01093;900.0;;;;
gid://shopify/ProductVariant/46358393979175;gid://shopify/ProductVariant/46358393979175;PI01094;W;810.0;gid://shopify/Product/8578319286567;Pingente Pop De Prata Com Ouro Amarelo - G;321.0;26.0;28.0;PI01094;900.0;;;;
gid://shopify/ProductVariant/46358394011943;gid://shopify/ProductVariant/46358394011943;PI01095;X;810.0;gid://shopify/Product/8578319286567;Pingente Pop De Prata Com Ouro Amarelo - G;321.0;26.0;28.0;PI01095;900.0;;;;
gid://shopify/ProductVariant/46358394044711;gid://shopify/ProductVariant/46358394044711;PI01096;Y;810.0;gid://shopify/Product/8578319286567;Pingente Pop De Prata Com Ouro Amarelo - G;321.0;26.0;28.0;PI01096;900.0;;;;
gid://shopify/ProductVariant/46358729228583;gid://shopify/ProductVariant/46358729228583;CL04548;P;6030.0;gid://shopify/Product/8578411102503;Colar Black Leopardo De Prata Com Ródio Negro;12.0;3.0;2.0;CL04548;6700.0;;;;
gid://shopify/ProductVariant/46358729261351;gid://shopify/ProductVariant/46358729261351;CL04549;M;6030.0;gid://shopify/Product/8578411102503;Colar Black Leopardo De Prata Com Ródio Negro;12.0;3.0;2.0;CL04549;6700.0;;;;
gid://shopify/ProductVariant/46358729294119;gid://shopify/ProductVariant/46358729294119;CL04550;G;6030.0;gid://shopify/Product/8578411102503;Colar Black Leopardo De Prata Com Ródio Negro;12.0;3.0;2.0;CL04550;6700.0;;;;
gid://shopify/ProductVariant/46358730375463;gid://shopify/ProductVariant/46358730375463;PU02039T;PP;3150.0;gid://shopify/Product/8578411659559;Pulseira Black Leopardo De Prata Com Ródio Negro;12.0;3.0;3.0;PU02039T;3500.0;;;;
gid://shopify/ProductVariant/46358730408231;gid://shopify/ProductVariant/46358730408231;PU02036T;M;3150.0;gid://shopify/Product/8578411659559;Pulseira Black Leopardo De Prata Com Ródio Negro;12.0;3.0;3.0;PU02036T;3500.0;;;;
gid://shopify/ProductVariant/46358730440999;gid://shopify/ProductVariant/46358730440999;PU02038T;G;3150.0;gid://shopify/Product/8578411659559;Pulseira Black Leopardo De Prata Com Ródio Negro;12.0;3.0;3.0;PU02038T;3500.0;;;;
gid://shopify/ProductVariant/46358753411367;gid://shopify/ProductVariant/46358753411367;PU02080T;P;2520.0;gid://shopify/Product/8578425356583;Pulseira Mare De Prata Com Ouro Amarelo;25.0;3.0;3.0;PU02080T;2800.0;;;;
gid://shopify/ProductVariant/46358753444135;gid://shopify/ProductVariant/46358753444135;PU02076T;M;2520.0;gid://shopify/Product/8578425356583;Pulseira Mare De Prata Com Ouro Amarelo;25.0;3.0;3.0;PU02076T;2800.0;;;;
gid://shopify/ProductVariant/46358753476903;gid://shopify/ProductVariant/46358753476903;PU02079T;G;2520.0;gid://shopify/Product/8578425356583;Pulseira Mare De Prata Com Ouro Amarelo;25.0;3.0;3.0;PU02079T;2800.0;;;;
gid://shopify/ProductVariant/46358773301543;gid://shopify/ProductVariant/46358773301543;PU01737T;G;1935.0;gid://shopify/Product/8578435481895;Pulseira Riviera De Prata Com Ouro Amarelo;19.0;3.0;2.0;PU01737T;2150.0;;;;
gid://shopify/ProductVariant/46358779953447;gid://shopify/ProductVariant/46358779953447;PU01938T;P;1755.0;gid://shopify/Product/8578438824231;Pulseira Pop Chain De Prata Com Ródio Negro;9.0;2.0;2.0;PU01938T;1950.0;;;;
gid://shopify/ProductVariant/46358793257255;gid://shopify/ProductVariant/46358793257255;CL04478;P;6030.0;gid://shopify/Product/8578445705511;Colar Leopardo De Prata Com Ouro Amarelo;33.0;4.0;5.0;CL04478;6700.0;;;;
gid://shopify/ProductVariant/46358793290023;gid://shopify/ProductVariant/46358793290023;CL04479;M;6030.0;gid://shopify/Product/8578445705511;Colar Leopardo De Prata Com Ouro Amarelo;33.0;4.0;5.0;CL04479;6700.0;;;;
gid://shopify/ProductVariant/46358793322791;gid://shopify/ProductVariant/46358793322791;CL04490;G;6030.0;gid://shopify/Product/8578445705511;Colar Leopardo De Prata Com Ouro Amarelo;33.0;4.0;5.0;CL04490;6700.0;;;;
gid://shopify/ProductVariant/46358793847079;gid://shopify/ProductVariant/46358793847079;PU01965T;P;3150.0;gid://shopify/Product/8578446229799;Pulseira Leopardo De Prata Com Ouro Amarelo;61.0;4.0;4.0;PU01965T;3500.0;;;;
gid://shopify/ProductVariant/46358793879847;gid://shopify/ProductVariant/46358793879847;PU01966T;M;3150.0;gid://shopify/Product/8578446229799;Pulseira Leopardo De Prata Com Ouro Amarelo;61.0;4.0;4.0;PU01966T;3500.0;;;;
gid://shopify/ProductVariant/46358793912615;gid://shopify/ProductVariant/46358793912615;PU01967T;G;3150.0;gid://shopify/Product/8578446229799;Pulseira Leopardo De Prata Com Ouro Amarelo;61.0;4.0;4.0;PU01967T;3500.0;;;;
gid://shopify/ProductVariant/46390856548647;gid://shopify/ProductVariant/46390856548647;PI01071;Default Title;522.0;gid://shopify/Product/8582010962215;Pingente Pop De Prata Com Ouro Amarelo;23.0;1.0;2.0;PI01071;580.0;;;;
gid://shopify/ProductVariant/46390856909095;gid://shopify/ProductVariant/46390856909095;PI01128;G;972.0;gid://shopify/Product/8582011224359;Pingente Pop De Prata Com Ouro Amarelo - G;6.0;1.0;2.0;PI01128;1080.0;;;;
gid://shopify/ProductVariant/46390861005095;gid://shopify/ProductVariant/46390861005095;PI01141;Default Title;765.0;gid://shopify/Product/8582011715879;Pingente Pop De Prata Com Ouro Amarelo;6.0;1.0;0.0;PI01141;850.0;;;;
gid://shopify/ProductVariant/46390876242215;gid://shopify/ProductVariant/46390876242215;PI01145;G;810.0;gid://shopify/Product/8582014763303;Pingente Pop De Prata Com Ouro Amarelo - G;9.0;1.0;3.0;PI01145;900.0;;;;
gid://shopify/ProductVariant/46393443320103;gid://shopify/ProductVariant/46393443320103;AN03518-15;15;61200.0;gid://shopify/Product/8582655082791;Anel Celebrate De Ouro Amarelo 18K E Diamante E Esmeralda;1.0;13.0;0.0;AN03518;68000.0;;;;
gid://shopify/ProductVariant/46393444532519;gid://shopify/ProductVariant/46393444532519;AN03530-16;16;47700.0;gid://shopify/Product/8582655213863;Anel Celebrate De Ouro Amarelo 18K E Diamante E Esmeralda;1.0;13.0;1.0;AN03530;53000.0;;;;
gid://shopify/ProductVariant/46393446891815;gid://shopify/ProductVariant/46393446891815;AN03506-16;16;7110.0;gid://shopify/Product/8582655705383;Anel Celebrate De Ouro Amarelo 18K E Diamante;68.0;13.0;3.0;AN03506;7900.0;;;;
gid://shopify/ProductVariant/46393448136999;gid://shopify/ProductVariant/46393448136999;AN03505-15;15;10710.0;gid://shopify/Product/8582656098599;Anel Celebrate De Ouro Branco 18K E Diamante;68.0;13.0;2.0;AN03505;11900.0;;;;
gid://shopify/ProductVariant/46393448235303;gid://shopify/ProductVariant/46393448235303;AN03505-18;18;10710.0;gid://shopify/Product/8582656098599;Anel Celebrate De Ouro Branco 18K E Diamante;68.0;13.0;2.0;AN03505;11900.0;;;;
gid://shopify/ProductVariant/46393448956199;gid://shopify/ProductVariant/46393448956199;AN03512-20;20;5310.0;gid://shopify/Product/8582656327975;Anel Celebrate De Ouro Branco 18K E Esmeralda;69.0;13.0;3.0;AN03512;5900.0;;;;
gid://shopify/ProductVariant/46393449316647;gid://shopify/ProductVariant/46393449316647;AN03073-16;16;990.0;gid://shopify/Product/8582656426279;Anel Chain De Prata Com Ouro Amarelo;72.0;13.0;3.0;AN03073;1100.0;;;;
gid://shopify/ProductVariant/46393449349415;gid://shopify/ProductVariant/46393449349415;AN03073-17;17;990.0;gid://shopify/Product/8582656426279;Anel Chain De Prata Com Ouro Amarelo;72.0;13.0;3.0;AN03073;1100.0;;;;
gid://shopify/ProductVariant/46393449447719;gid://shopify/ProductVariant/46393449447719;AN03073-20;20;990.0;gid://shopify/Product/8582656426279;Anel Chain De Prata Com Ouro Amarelo;72.0;13.0;3.0;AN03073;1100.0;;;;
gid://shopify/ProductVariant/46393449480487;gid://shopify/ProductVariant/46393449480487;AN03073-21;21;990.0;gid://shopify/Product/8582656426279;Anel Chain De Prata Com Ouro Amarelo;72.0;13.0;3.0;AN03073;1100.0;;;;
gid://shopify/ProductVariant/46393450070311;gid://shopify/ProductVariant/46393450070311;AN03074-13;13;990.0;gid://shopify/Product/8582656590119;Anel Chain De Prata Com Ródio Negro;6.0;13.0;3.0;AN03074;1100.0;;;;
gid://shopify/ProductVariant/46393450332455;gid://shopify/ProductVariant/46393450332455;AN03074-18;18;990.0;gid://shopify/Product/8582656590119;Anel Chain De Prata Com Ródio Negro;6.0;13.0;3.0;AN03074;1100.0;;;;
gid://shopify/ProductVariant/46393450430759;gid://shopify/ProductVariant/46393450430759;AN03074-20;20;990.0;gid://shopify/Product/8582656590119;Anel Chain De Prata Com Ródio Negro;6.0;13.0;3.0;AN03074;1100.0;;;;
gid://shopify/ProductVariant/46393450463527;gid://shopify/ProductVariant/46393450463527;AN03074-21;21;990.0;gid://shopify/Product/8582656590119;Anel Chain De Prata Com Ródio Negro;6.0;13.0;3.0;AN03074;1100.0;;;;
gid://shopify/ProductVariant/46393450660135;gid://shopify/ProductVariant/46393450660135;AL00031-12;12;2790.0;gid://shopify/Product/8582656655655;Alianca Clássico De Ouro Amarelo 18K;68.0;13.0;2.0;AL00031;3100.0;;;;
gid://shopify/ProductVariant/46393450758439;gid://shopify/ProductVariant/46393450758439;AL00031-15;15;2790.0;gid://shopify/Product/8582656655655;Alianca Clássico De Ouro Amarelo 18K;68.0;13.0;2.0;AL00031;3100.0;;;;
gid://shopify/ProductVariant/46393450922279;gid://shopify/ProductVariant/46393450922279;AL00031-20;20;2790.0;gid://shopify/Product/8582656655655;Alianca Clássico De Ouro Amarelo 18K;68.0;13.0;2.0;AL00031;3100.0;;;;
gid://shopify/ProductVariant/46393451512103;gid://shopify/ProductVariant/46393451512103;AL00037-16;16;4050.0;gid://shopify/Product/8582656786727;Alianca Clássico De Ouro Amarelo 18K;67.0;13.0;3.0;AL00037;4500.0;;;;
gid://shopify/ProductVariant/46393451675943;gid://shopify/ProductVariant/46393451675943;AL00037-21;21;4050.0;gid://shopify/Product/8582656786727;Alianca Clássico De Ouro Amarelo 18K;67.0;13.0;3.0;AL00037;4500.0;;;;
gid://shopify/ProductVariant/46393452003623;gid://shopify/ProductVariant/46393452003623;AL0127-18;18;2340.0;gid://shopify/Product/8582656819495;Alianca Clássico De Ouro Amarelo 18K;67.0;13.0;2.0;AL0127;2600.0;;;;
gid://shopify/ProductVariant/46393452790055;gid://shopify/ProductVariant/46393452790055;AL0129-15;15;3420.0;gid://shopify/Product/8582657016103;Alianca Clássico De Ouro Amarelo 18K;67.0;13.0;2.0;AL0129;3800.0;;;;
gid://shopify/ProductVariant/46393452986663;gid://shopify/ProductVariant/46393452986663;AL0129-21;21;3420.0;gid://shopify/Product/8582657016103;Alianca Clássico De Ouro Amarelo 18K;67.0;13.0;2.0;AL0129;3800.0;;;;
gid://shopify/ProductVariant/46393453379879;gid://shopify/ProductVariant/46393453379879;AL0131-14;14;4770.0;gid://shopify/Product/8582657147175;Alianca Clássico De Ouro Amarelo 18K;69.0;13.0;3.0;AL0131;5300.0;;;;
gid://shopify/ProductVariant/46393453510951;gid://shopify/ProductVariant/46393453510951;AL0131-18;18;4770.0;gid://shopify/Product/8582657147175;Alianca Clássico De Ouro Amarelo 18K;69.0;13.0;3.0;AL0131;5300.0;;;;
gid://shopify/ProductVariant/46393453642023;gid://shopify/ProductVariant/46393453642023;AL0131-22;22;4770.0;gid://shopify/Product/8582657147175;Alianca Clássico De Ouro Amarelo 18K;69.0;13.0;3.0;AL0131;5300.0;;;;
gid://shopify/ProductVariant/46393454199079;gid://shopify/ProductVariant/46393454199079;AL00033-14;14;2790.0;gid://shopify/Product/8582657311015;Alianca Clássico De Ouro Branco 18K;70.0;13.0;2.0;AL00033;3100.0;;;;
gid://shopify/ProductVariant/46393454231847;gid://shopify/ProductVariant/46393454231847;AL00033-15;15;2790.0;gid://shopify/Product/8582657311015;Alianca Clássico De Ouro Branco 18K;70.0;13.0;2.0;AL00033;3100.0;;;;
gid://shopify/ProductVariant/46393454264615;gid://shopify/ProductVariant/46393454264615;AL00033-16;16;2790.0;gid://shopify/Product/8582657311015;Alianca Clássico De Ouro Branco 18K;70.0;13.0;2.0;AL00033;3100.0;;;;
gid://shopify/ProductVariant/46393454854439;gid://shopify/ProductVariant/46393454854439;AL0119-14;14;2340.0;gid://shopify/Product/8582657442087;Alianca Clássico De Ouro Branco 18K;69.0;13.0;1.0;AL0119;2600.0;;;;
gid://shopify/ProductVariant/46393454887207;gid://shopify/ProductVariant/46393454887207;AL0119-15;15;2340.0;gid://shopify/Product/8582657442087;Alianca Clássico De Ouro Branco 18K;69.0;13.0;1.0;AL0119;2600.0;;;;
gid://shopify/ProductVariant/46393454985511;gid://shopify/ProductVariant/46393454985511;AL0119-18;18;2340.0;gid://shopify/Product/8582657442087;Alianca Clássico De Ouro Branco 18K;69.0;13.0;1.0;AL0119;2600.0;;;;
gid://shopify/ProductVariant/46393455116583;gid://shopify/ProductVariant/46393455116583;AL0119-22;22;2340.0;gid://shopify/Product/8582657442087;Alianca Clássico De Ouro Branco 18K;69.0;13.0;1.0;AL0119;2600.0;;;;
gid://shopify/ProductVariant/46393455903015;gid://shopify/ProductVariant/46393455903015;AL0121-14;14;3420.0;gid://shopify/Product/8582657573159;Alianca Clássico De Ouro Branco 18K;71.0;13.0;3.0;AL0121;3800.0;;;;
gid://shopify/ProductVariant/46393455935783;gid://shopify/ProductVariant/46393455935783;AL0121-15;15;3420.0;gid://shopify/Product/8582657573159;Alianca Clássico De Ouro Branco 18K;71.0;13.0;3.0;AL0121;3800.0;;;;
gid://shopify/ProductVariant/46393456132391;gid://shopify/ProductVariant/46393456132391;AL0121-21;21;3420.0;gid://shopify/Product/8582657573159;Alianca Clássico De Ouro Branco 18K;71.0;13.0;3.0;AL0121;3800.0;;;;
gid://shopify/ProductVariant/46393456165159;gid://shopify/ProductVariant/46393456165159;AL0121-22;22;3420.0;gid://shopify/Product/8582657573159;Alianca Clássico De Ouro Branco 18K;71.0;13.0;3.0;AL0121;3800.0;;;;
gid://shopify/ProductVariant/46393456820519;gid://shopify/ProductVariant/46393456820519;AL0123-16;16;4770.0;gid://shopify/Product/8582657736999;Alianca Clássico De Ouro Branco 18K;68.0;13.0;2.0;AL0123;5300.0;;;;
gid://shopify/ProductVariant/46393456886055;gid://shopify/ProductVariant/46393456886055;AL0123-18;18;4770.0;gid://shopify/Product/8582657736999;Alianca Clássico De Ouro Branco 18K;68.0;13.0;2.0;AL0123;5300.0;;;;
gid://shopify/ProductVariant/46393457017127;gid://shopify/ProductVariant/46393457017127;AL0123-22;22;4770.0;gid://shopify/Product/8582657736999;Alianca Clássico De Ouro Branco 18K;68.0;13.0;2.0;AL0123;5300.0;;;;
gid://shopify/ProductVariant/46393457344807;gid://shopify/ProductVariant/46393457344807;AL0143-14;14;4050.0;gid://shopify/Product/8582657835303;Alianca Clássico De Ouro Branco 18K;70.0;13.0;1.0;AL0143;4500.0;;;;
gid://shopify/ProductVariant/46393457410343;gid://shopify/ProductVariant/46393457410343;AL0143-16;16;4050.0;gid://shopify/Product/8582657835303;Alianca Clássico De Ouro Branco 18K;70.0;13.0;1.0;AL0143;4500.0;;;;
gid://shopify/ProductVariant/46393457443111;gid://shopify/ProductVariant/46393457443111;AL0143-17;17;4050.0;gid://shopify/Product/8582657835303;Alianca Clássico De Ouro Branco 18K;70.0;13.0;1.0;AL0143;4500.0;;;;
gid://shopify/ProductVariant/46393458000167;gid://shopify/ProductVariant/46393458000167;AL00042-15;15;4050.0;gid://shopify/Product/8582657900839;Alianca Clássico De Ouro Rosa 18K;66.0;13.0;2.0;AL00042;4500.0;;;;
gid://shopify/ProductVariant/46393458655527;gid://shopify/ProductVariant/46393458655527;AL00049-16;16;2790.0;gid://shopify/Product/8582657966375;Alianca Clássico De Ouro Rosa 18K;69.0;13.0;2.0;AL00049;3100.0;;;;
gid://shopify/ProductVariant/46393458786599;gid://shopify/ProductVariant/46393458786599;AL00049-20;20;2790.0;gid://shopify/Product/8582657966375;Alianca Clássico De Ouro Rosa 18K;69.0;13.0;2.0;AL00049;3100.0;;;;
gid://shopify/ProductVariant/46393459179815;gid://shopify/ProductVariant/46393459179815;AL00069-15;15;2340.0;gid://shopify/Product/8582658031911;Alianca Clássico De Ouro Rosa 18K;69.0;13.0;3.0;AL00069;2600.0;;;;
gid://shopify/ProductVariant/46393459343655;gid://shopify/ProductVariant/46393459343655;AL00069-20;20;2340.0;gid://shopify/Product/8582658031911;Alianca Clássico De Ouro Rosa 18K;69.0;13.0;3.0;AL00069;2600.0;;;;
gid://shopify/ProductVariant/46393460818215;gid://shopify/ProductVariant/46393460818215;AN03191-16;16;6930.0;gid://shopify/Product/8582658294055;Anel Deco 2019 De Ouro Amarelo 18K E Diamante;66.0;13.0;2.0;AN03191;7700.0;;;;
gid://shopify/ProductVariant/46393461276967;gid://shopify/ProductVariant/46393461276967;AN03190-16;16;7470.0;gid://shopify/Product/8582658359591;Anel Deco 2019 De Ouro Branco 18K Com Ródio Negro E Diamante;67.0;13.0;2.0;AN03190;8300.0;;;;
gid://shopify/ProductVariant/46393461309735;gid://shopify/ProductVariant/46393461309735;AN03190-17;17;7470.0;gid://shopify/Product/8582658359591;Anel Deco 2019 De Ouro Branco 18K Com Ródio Negro E Diamante;67.0;13.0;2.0;AN03190;8300.0;;;;
gid://shopify/ProductVariant/46393463013671;gid://shopify/ProductVariant/46393463013671;AN03557-18;18;10350.0;gid://shopify/Product/8582658588967;Anel Dolce Vita De Ouro Amarelo 18K E Safira E Quartzo;66.0;13.0;2.0;AN03557;11500.0;;;;
gid://shopify/ProductVariant/46393466192167;gid://shopify/ProductVariant/46393466192167;AN03562-17;17;8280.0;gid://shopify/Product/8582659014951;Anel Dolce Vita De Ouro Amarelo 18K E Lápis Lazuli;1.0;13.0;2.0;AN03562;9200.0;;;;
gid://shopify/ProductVariant/46393469501735;gid://shopify/ProductVariant/46393469501735;AN03565-16;16;9180.0;gid://shopify/Product/8582659309863;Anel Dolce Vita De Ouro Amarelo 18K E Turquesa;67.0;13.0;2.0;AN03565;10200.0;;;;
gid://shopify/ProductVariant/46393469534503;gid://shopify/ProductVariant/46393469534503;AN03565-17;17;9180.0;gid://shopify/Product/8582659309863;Anel Dolce Vita De Ouro Amarelo 18K E Turquesa;67.0;13.0;2.0;AN03565;10200.0;;;;
gid://shopify/ProductVariant/46393470255399;gid://shopify/ProductVariant/46393470255399;AN03566-18;18;8280.0;gid://shopify/Product/8582659506471;Anel Dolce Vita De Ouro Amarelo 18K E Ágata;66.0;13.0;2.0;AN03566;9200.0;;;;
gid://shopify/ProductVariant/46393471959335;gid://shopify/ProductVariant/46393471959335;AN03575-14;14;10350.0;gid://shopify/Product/8582659965223;Anel Dolce Vita De Ouro Amarelo 18K E Safira E Olho De Tigre;66.0;13.0;1.0;AN03575;11500.0;;;;
gid://shopify/ProductVariant/46393472778535;gid://shopify/ProductVariant/46393472778535;AN03554-18;18;10350.0;gid://shopify/Product/8582660063527;Anel Dolce Vita De Ouro Rosa 18K E Safira;1.0;13.0;2.0;AN03554;11500.0;;;;
gid://shopify/ProductVariant/46393473204519;gid://shopify/ProductVariant/46393473204519;AN03561-14;14;8280.0;gid://shopify/Product/8582660129063;Anel Dolce Vita De Ouro Rosa 18K E Opala;2.0;13.0;2.0;AN03561;9200.0;;;;
gid://shopify/ProductVariant/46393474908455;gid://shopify/ProductVariant/46393474908455;AN0793-13;13;4950.0;gid://shopify/Product/8582660292903;Anel Fetiche De Ouro Amarelo 18K;69.0;13.0;2.0;AN0793;5500.0;;;;
gid://shopify/ProductVariant/46393474941223;gid://shopify/ProductVariant/46393474941223;AN0793-14;14;4950.0;gid://shopify/Product/8582660292903;Anel Fetiche De Ouro Amarelo 18K;69.0;13.0;2.0;AN0793;5500.0;;;;
gid://shopify/ProductVariant/46393475072295;gid://shopify/ProductVariant/46393475072295;AN0793-18;18;4950.0;gid://shopify/Product/8582660292903;Anel Fetiche De Ouro Amarelo 18K;69.0;13.0;2.0;AN0793;5500.0;;;;
gid://shopify/ProductVariant/46393475432743;gid://shopify/ProductVariant/46393475432743;AN01150-13;13;4950.0;gid://shopify/Product/8582660358439;Anel Fetiche De Ouro Branco 18K Com Ródio Negro;66.0;13.0;2.0;AN01150;5500.0;;;;
gid://shopify/ProductVariant/46393475957031;gid://shopify/ProductVariant/46393475957031;AN0792-14;14;4950.0;gid://shopify/Product/8582660456743;Anel Fetiche De Ouro Branco 18K;68.0;13.0;2.0;AN0792;5500.0;;;;
gid://shopify/ProductVariant/46393476022567;gid://shopify/ProductVariant/46393476022567;AN0792-16;16;4950.0;gid://shopify/Product/8582660456743;Anel Fetiche De Ouro Branco 18K;68.0;13.0;2.0;AN0792;5500.0;;;;
gid://shopify/ProductVariant/46393477103911;gid://shopify/ProductVariant/46393477103911;AN0791-14;14;4950.0;gid://shopify/Product/8582660587815;Anel Fetiche De Ouro Rosa 18K;68.0;13.0;2.0;AN0791;5500.0;;;;
gid://shopify/ProductVariant/46393477136679;gid://shopify/ProductVariant/46393477136679;AN0791-15;15;4950.0;gid://shopify/Product/8582660587815;Anel Fetiche De Ouro Rosa 18K;68.0;13.0;2.0;AN0791;5500.0;;;;
gid://shopify/ProductVariant/46393480937767;gid://shopify/ProductVariant/46393480937767;AN03305-14;14;2880.0;gid://shopify/Product/8582660751655;Anel First Diamond De Ouro Branco 18K E Diamante;70.0;13.0;2.0;AN03305;3200.0;;;;
gid://shopify/ProductVariant/46393480970535;gid://shopify/ProductVariant/46393480970535;AN03305-15;15;2880.0;gid://shopify/Product/8582660751655;Anel First Diamond De Ouro Branco 18K E Diamante;70.0;13.0;2.0;AN03305;3200.0;;;;
gid://shopify/ProductVariant/46393482707239;gid://shopify/ProductVariant/46393482707239;AN03026-15;15;5850.0;gid://shopify/Product/8582660882727;Anel Lifestyle De Ouro Branco 18K Com Ródio Negro E Diamante E Esmeralda;68.0;13.0;2.0;AN03026;6500.0;;;;
gid://shopify/ProductVariant/46393482772775;gid://shopify/ProductVariant/46393482772775;AN03026-17;17;5850.0;gid://shopify/Product/8582660882727;Anel Lifestyle De Ouro Branco 18K Com Ródio Negro E Diamante E Esmeralda;68.0;13.0;2.0;AN03026;6500.0;;;;
gid://shopify/ProductVariant/46393483493671;gid://shopify/ProductVariant/46393483493671;AN03030-16;16;7020.0;gid://shopify/Product/8582660981031;Anel Lifestyle De Ouro Branco 18K Com Ródio Negro E Diamante;66.0;13.0;2.0;AN03030;7800.0;;;;
gid://shopify/ProductVariant/46393484411175;gid://shopify/ProductVariant/46393484411175;AN03033-15;15;6390.0;gid://shopify/Product/8582661079335;Anel Lifestyle De Ouro Branco 18K Com Ródio Negro E Diamante Negro;66.0;13.0;2.0;AN03033;7100.0;;;;
gid://shopify/ProductVariant/46393484935463;gid://shopify/ProductVariant/46393484935463;AN03027-17;17;15750.0;gid://shopify/Product/8582661144871;Anel Lifestyle De Ouro Branco 18K E Diamante - G;1.0;13.0;2.0;AN03027;17500.0;;;;
gid://shopify/ProductVariant/46393486672167;gid://shopify/ProductVariant/46393486672167;AN03028-14;14;5310.0;gid://shopify/Product/8582661341479;Anel Lifestyle De Ouro Amarelo 18K;67.0;13.0;2.0;AN03028;5900.0;;;;
gid://shopify/ProductVariant/46393486770471;gid://shopify/ProductVariant/46393486770471;AN03028-17;17;5310.0;gid://shopify/Product/8582661341479;Anel Lifestyle De Ouro Amarelo 18K;67.0;13.0;2.0;AN03028;5900.0;;;;
gid://shopify/ProductVariant/46393487425831;gid://shopify/ProductVariant/46393487425831;AN02823-19;19;7650.0;gid://shopify/Product/8582661407015;Anel Love NY De Ouro Branco 18K Com Ródio Negro E Diamante;1.0;13.0;2.0;AN02823;8500.0;;;;
gid://shopify/ProductVariant/46393487819047;gid://shopify/ProductVariant/46393487819047;AN02824-14;14;8820.0;gid://shopify/Product/8582661472551;Anel Love Ny De Ouro Branco 18K E Diamante;67.0;13.0;2.0;AN02824;9800.0;;;;
gid://shopify/ProductVariant/46393487884583;gid://shopify/ProductVariant/46393487884583;AN02824-16;16;8820.0;gid://shopify/Product/8582661472551;Anel Love Ny De Ouro Branco 18K E Diamante;67.0;13.0;2.0;AN02824;9800.0;;;;
gid://shopify/ProductVariant/46393488245031;gid://shopify/ProductVariant/46393488245031;AN02815-13;13;6120.0;gid://shopify/Product/8582661538087;Anel Love Ny De Ouro Amarelo 18K;67.0;13.0;2.0;AN02815;6800.0;;;;
gid://shopify/ProductVariant/46393488310567;gid://shopify/ProductVariant/46393488310567;AN02815-15;15;6120.0;gid://shopify/Product/8582661538087;Anel Love Ny De Ouro Amarelo 18K;67.0;13.0;2.0;AN02815;6800.0;;;;
gid://shopify/ProductVariant/46393489490215;gid://shopify/ProductVariant/46393489490215;AN03585-17;17;1350.0;gid://shopify/Product/8582661734695;Anel Mare De Prata Com Ouro Amarelo e Pérola;68.0;13.0;2.0;AN03585;1500.0;;;;
gid://shopify/ProductVariant/46393489883431;gid://shopify/ProductVariant/46393489883431;AN03586-13;13;1890.0;gid://shopify/Product/8582661865767;Anel Mare De Prata Com Ouro Amarelo;74.0;13.0;3.0;AN03586;2100.0;;;;
gid://shopify/ProductVariant/46393489948967;gid://shopify/ProductVariant/46393489948967;AN03586-15;15;1890.0;gid://shopify/Product/8582661865767;Anel Mare De Prata Com Ouro Amarelo;74.0;13.0;3.0;AN03586;2100.0;;;;
gid://shopify/ProductVariant/46393489981735;gid://shopify/ProductVariant/46393489981735;AN03586-16;16;1890.0;gid://shopify/Product/8582661865767;Anel Mare De Prata Com Ouro Amarelo;74.0;13.0;3.0;AN03586;2100.0;;;;
gid://shopify/ProductVariant/46393490473255;gid://shopify/ProductVariant/46393490473255;AN01604-12;12;3150.0;gid://shopify/Product/8582661996839;Anel Namo 2012 De Ouro Branco 18K Com Ródio Negro E Diamante;66.0;13.0;2.0;AN01604;3500.0;;;;
gid://shopify/ProductVariant/46393491751207;gid://shopify/ProductVariant/46393491751207;AN01606-14;14;3150.0;gid://shopify/Product/8582662226215;Anel Namo 2012 De Ouro Rosa 18K E Diamante;66.0;13.0;2.0;AN01606;3500.0;;;;
gid://shopify/ProductVariant/46393492308263;gid://shopify/ProductVariant/46393492308263;AN01607-14;14;3150.0;gid://shopify/Product/8582662324519;Anel Namo 2012 De Ouro Amarelo 18K E Diamante;67.0;13.0;2.0;AN01607;3500.0;;;;
gid://shopify/ProductVariant/46393492799783;gid://shopify/ProductVariant/46393492799783;AN01611-15;15;2250.0;gid://shopify/Product/8582662390055;Anel Namo 2012 De Ouro Amarelo 18K;68.0;13.0;2.0;AN01611;2500.0;;;;
gid://shopify/ProductVariant/46393493160231;gid://shopify/ProductVariant/46393493160231;AN01608-12;12;2250.0;gid://shopify/Product/8582662455591;Anel Namo 2012 De Ouro Branco 18K Com Ródio Negro;68.0;13.0;2.0;AN01608;2500.0;;;;
gid://shopify/ProductVariant/46393493192999;gid://shopify/ProductVariant/46393493192999;AN01608-13;13;2250.0;gid://shopify/Product/8582662455591;Anel Namo 2012 De Ouro Branco 18K Com Ródio Negro;68.0;13.0;2.0;AN01608;2500.0;;;;
gid://shopify/ProductVariant/46393493258535;gid://shopify/ProductVariant/46393493258535;AN01608-15;15;2250.0;gid://shopify/Product/8582662455591;Anel Namo 2012 De Ouro Branco 18K Com Ródio Negro;68.0;13.0;2.0;AN01608;2500.0;;;;
gid://shopify/ProductVariant/46393493782823;gid://shopify/ProductVariant/46393493782823;AN01609-12;12;2250.0;gid://shopify/Product/8582662521127;Anel Namo 2012 De Ouro Branco 18K;67.0;13.0;2.0;AN01609;2500.0;;;;
gid://shopify/ProductVariant/46393494569255;gid://shopify/ProductVariant/46393494569255;AN01610-17;17;2250.0;gid://shopify/Product/8582662619431;Anel Namo 2012 De Ouro Rosa 18K;67.0;13.0;2.0;AN01610;2500.0;;;;
gid://shopify/ProductVariant/46393497288999;gid://shopify/ProductVariant/46393497288999;AN03360-13;13;990.0;gid://shopify/Product/8582663176487;Anel Pop Chain De Prata Com Ouro Amarelo;79.0;13.0;2.0;AN03360;1100.0;;;;
gid://shopify/ProductVariant/46393497321767;gid://shopify/ProductVariant/46393497321767;AN03360-14;14;990.0;gid://shopify/Product/8582663176487;Anel Pop Chain De Prata Com Ouro Amarelo;79.0;13.0;2.0;AN03360;1100.0;;;;
gid://shopify/ProductVariant/46393497387303;gid://shopify/ProductVariant/46393497387303;AN03360-16;16;990.0;gid://shopify/Product/8582663176487;Anel Pop Chain De Prata Com Ouro Amarelo;79.0;13.0;2.0;AN03360;1100.0;;;;
gid://shopify/ProductVariant/46393497420071;gid://shopify/ProductVariant/46393497420071;AN03360-17;17;990.0;gid://shopify/Product/8582663176487;Anel Pop Chain De Prata Com Ouro Amarelo;79.0;13.0;2.0;AN03360;1100.0;;;;
gid://shopify/ProductVariant/46393497452839;gid://shopify/ProductVariant/46393497452839;AN03360-18;18;990.0;gid://shopify/Product/8582663176487;Anel Pop Chain De Prata Com Ouro Amarelo;79.0;13.0;2.0;AN03360;1100.0;;;;
gid://shopify/ProductVariant/46393498108199;gid://shopify/ProductVariant/46393498108199;AN03361-12;12;855.0;gid://shopify/Product/8582663340327;Anel Pop Chain De Prata Com Ródio Negro;16.0;13.0;2.0;AN03361;950.0;;;;
gid://shopify/ProductVariant/46393498206503;gid://shopify/ProductVariant/46393498206503;AN03361-15;15;855.0;gid://shopify/Product/8582663340327;Anel Pop Chain De Prata Com Ródio Negro;16.0;13.0;2.0;AN03361;950.0;;;;
gid://shopify/ProductVariant/46393498239271;gid://shopify/ProductVariant/46393498239271;AN03361-16;16;855.0;gid://shopify/Product/8582663340327;Anel Pop Chain De Prata Com Ródio Negro;16.0;13.0;2.0;AN03361;950.0;;;;
gid://shopify/ProductVariant/46393498272039;gid://shopify/ProductVariant/46393498272039;AN03361-17;17;855.0;gid://shopify/Product/8582663340327;Anel Pop Chain De Prata Com Ródio Negro;16.0;13.0;2.0;AN03361;950.0;;;;
gid://shopify/ProductVariant/46393498304807;gid://shopify/ProductVariant/46393498304807;AN03361-18;18;855.0;gid://shopify/Product/8582663340327;Anel Pop Chain De Prata Com Ródio Negro;16.0;13.0;2.0;AN03361;950.0;;;;
gid://shopify/ProductVariant/46393498337575;gid://shopify/ProductVariant/46393498337575;AN03361-19;19;855.0;gid://shopify/Product/8582663340327;Anel Pop Chain De Prata Com Ródio Negro;16.0;13.0;2.0;AN03361;950.0;;;;
gid://shopify/ProductVariant/46393499386151;gid://shopify/ProductVariant/46393499386151;AN03541-17;17;13500.0;gid://shopify/Product/8582663504167;Anel Rock Star De Ouro Amarelo 18K E Citrino E Diamante;1.0;13.0;1.0;AN03541;15000.0;;;;
gid://shopify/ProductVariant/46393500762407;gid://shopify/ProductVariant/46393500762407;AN03404-14;14;7650.0;gid://shopify/Product/8582663569703;Anel Rock Star De Ouro Branco 18K Com Ródio Negro E Diamante E Esmeralda - M;68.0;13.0;2.0;AN03404;8500.0;;;;
gid://shopify/ProductVariant/46393500827943;gid://shopify/ProductVariant/46393500827943;AN03404-16;16;7650.0;gid://shopify/Product/8582663569703;Anel Rock Star De Ouro Branco 18K Com Ródio Negro E Diamante E Esmeralda - M;68.0;13.0;2.0;AN03404;8500.0;;;;
gid://shopify/ProductVariant/46393500860711;gid://shopify/ProductVariant/46393500860711;AN03404-17;17;7650.0;gid://shopify/Product/8582663569703;Anel Rock Star De Ouro Branco 18K Com Ródio Negro E Diamante E Esmeralda - M;68.0;13.0;2.0;AN03404;8500.0;;;;
gid://shopify/ProductVariant/46393501614375;gid://shopify/ProductVariant/46393501614375;AN03405-15;15;6750.0;gid://shopify/Product/8582663700775;Anel Rock Star De Ouro Branco 18K Com Ródio Negro E Diamante E Rubi - M;67.0;13.0;2.0;AN03405;7500.0;;;;
gid://shopify/ProductVariant/46393501745447;gid://shopify/ProductVariant/46393501745447;AN03405-19;19;6750.0;gid://shopify/Product/8582663700775;Anel Rock Star De Ouro Branco 18K Com Ródio Negro E Diamante E Rubi - M;67.0;13.0;2.0;AN03405;7500.0;;;;
gid://shopify/ProductVariant/46393503547687;gid://shopify/ProductVariant/46393503547687;AN03408-18;18;18900.0;gid://shopify/Product/8582664028455;Anel Rock Star De Ouro Branco 18K Com Ródio Negro E Diamante E Esmeralda - G;66.0;13.0;2.0;AN03408;21000.0;;;;
gid://shopify/ProductVariant/46393503842599;gid://shopify/ProductVariant/46393503842599;AN03409-13;13;17100.0;gid://shopify/Product/8582664093991;Anel Rock Star De Ouro Branco 18K Com Ródio Negro E Diamante E Rubi - G;66.0;13.0;2.0;AN03409;19000.0;;;;
gid://shopify/ProductVariant/46393504530727;gid://shopify/ProductVariant/46393504530727;AN03410-15;15;17100.0;gid://shopify/Product/8582664126759;Anel Rock Star De Ouro Branco 18K Com Ródio Negro E Diamante E Safira - G;67.0;13.0;2.0;AN03410;19000.0;;;;
gid://shopify/ProductVariant/46393504596263;gid://shopify/ProductVariant/46393504596263;AN03410-17;17;17100.0;gid://shopify/Product/8582664126759;Anel Rock Star De Ouro Branco 18K Com Ródio Negro E Diamante E Safira - G;67.0;13.0;2.0;AN03410;19000.0;;;;
gid://shopify/ProductVariant/46393509445927;gid://shopify/ProductVariant/46393509445927;AN03401-15;15;7290.0;gid://shopify/Product/8582665077031;Anel Rock Star De Ouro Branco 18K Com Ródio Negro E Esmeralda - P;69.0;13.0;2.0;AN03401;8100.0;;;;
gid://shopify/ProductVariant/46393509478695;gid://shopify/ProductVariant/46393509478695;AN03401-16;16;7290.0;gid://shopify/Product/8582665077031;Anel Rock Star De Ouro Branco 18K Com Ródio Negro E Esmeralda - P;69.0;13.0;2.0;AN03401;8100.0;;;;
gid://shopify/ProductVariant/46393510166823;gid://shopify/ProductVariant/46393510166823;AN03402-18;18;5850.0;gid://shopify/Product/8582665273639;Anel Rock Star De Ouro Branco 18K Com Ródio Negro E Rubi - P;67.0;13.0;2.0;AN03402;6500.0;;;;
gid://shopify/ProductVariant/46393510494503;gid://shopify/ProductVariant/46393510494503;AN03403-13;13;5850.0;gid://shopify/Product/8582665371943;Anel Rock Star De Ouro Branco 18K Com Ródio Negro E Safira - P;69.0;13.0;2.0;AN03403;6500.0;;;;
gid://shopify/ProductVariant/46393510560039;gid://shopify/ProductVariant/46393510560039;AN03403-15;15;5850.0;gid://shopify/Product/8582665371943;Anel Rock Star De Ouro Branco 18K Com Ródio Negro E Safira - P;69.0;13.0;2.0;AN03403;6500.0;;;;
gid://shopify/ProductVariant/46393510592807;gid://shopify/ProductVariant/46393510592807;AN03403-16;16;5850.0;gid://shopify/Product/8582665371943;Anel Rock Star De Ouro Branco 18K Com Ródio Negro E Safira - P;69.0;13.0;2.0;AN03403;6500.0;;;;
gid://shopify/ProductVariant/46393511379239;gid://shopify/ProductVariant/46393511379239;AN06195-14;14;5850.0;gid://shopify/Product/8582665437479;Anel Rock Star De Ouro Branco 18K Com Ródio Negro E Diamante;68.0;13.0;2.0;AN06195;6500.0;;;;
gid://shopify/ProductVariant/46393512853799;gid://shopify/ProductVariant/46393512853799;AN03395-16;16;6750.0;gid://shopify/Product/8582665503015;Anel Rock Star De Ouro Branco 18K E Diamante;68.0;13.0;2.0;AN03395;7500.0;;;;
gid://shopify/ProductVariant/46393512886567;gid://shopify/ProductVariant/46393512886567;AN03395-17;17;6750.0;gid://shopify/Product/8582665503015;Anel Rock Star De Ouro Branco 18K E Diamante;68.0;13.0;2.0;AN03395;7500.0;;;;
gid://shopify/ProductVariant/46393512919335;gid://shopify/ProductVariant/46393512919335;AN03395-18;18;6750.0;gid://shopify/Product/8582665503015;Anel Rock Star De Ouro Branco 18K E Diamante;68.0;13.0;2.0;AN03395;7500.0;;;;
gid://shopify/ProductVariant/46393514131751;gid://shopify/ProductVariant/46393514131751;AN02276-22;22;4050.0;gid://shopify/Product/8582665634087;Anel Savage De Ouro Amarelo 18K E Diamante Solitário;2.0;13.0;2.0;AN02276;4500.0;;;;
gid://shopify/ProductVariant/46393514361127;gid://shopify/ProductVariant/46393514361127;AN01867-15;15;2880.0;gid://shopify/Product/8582665699623;Anel Savage De Ouro Branco 18K Com Ródio Negro E Safira;68.0;13.0;2.0;AN01867;3200.0;;;;
gid://shopify/ProductVariant/46393515344167;gid://shopify/ProductVariant/46393515344167;AN01869-15;15;4050.0;gid://shopify/Product/8582665896231;Anel Savage De Ouro Branco 18K Com Ródio Negro E Diamante Solitário;67.0;13.0;2.0;AN01869;4500.0;;;;
gid://shopify/ProductVariant/46393516130599;gid://shopify/ProductVariant/46393516130599;AN01864-12;12;4410.0;gid://shopify/Product/8582665961767;Anel Savage De Ouro Branco 18K E Diamante Solitário;68.0;13.0;2.0;AN01864;4900.0;;;;
gid://shopify/ProductVariant/46393516228903;gid://shopify/ProductVariant/46393516228903;AN01864-15;15;4410.0;gid://shopify/Product/8582665961767;Anel Savage De Ouro Branco 18K E Diamante Solitário;68.0;13.0;2.0;AN01864;4900.0;;;;
gid://shopify/ProductVariant/46393516294439;gid://shopify/ProductVariant/46393516294439;AN01864-17;17;4410.0;gid://shopify/Product/8582665961767;Anel Savage De Ouro Branco 18K E Diamante Solitário;68.0;13.0;2.0;AN01864;4900.0;;;;
gid://shopify/ProductVariant/46393517244711;gid://shopify/ProductVariant/46393517244711;AN03368-17;17;5130.0;gid://shopify/Product/8582666092839;Anel Savage De Ouro Branco 18K E Diamante Solitário;66.0;13.0;2.0;AN03368;5700.0;;;;
gid://shopify/ProductVariant/46393517474087;gid://shopify/ProductVariant/46393517474087;AN01870-11;11;4050.0;gid://shopify/Product/8582666125607;Anel Savage De Ouro Rosa 18K E Diamante Solitário;70.0;13.0;1.0;AN01870;4500.0;;;;
gid://shopify/ProductVariant/46393517605159;gid://shopify/ProductVariant/46393517605159;AN01870-15;15;4050.0;gid://shopify/Product/8582666125607;Anel Savage De Ouro Rosa 18K E Diamante Solitário;70.0;13.0;1.0;AN01870;4500.0;;;;
gid://shopify/ProductVariant/46393517834535;gid://shopify/ProductVariant/46393517834535;AN01870-22;22;4050.0;gid://shopify/Product/8582666125607;Anel Savage De Ouro Rosa 18K E Diamante Solitário;70.0;13.0;1.0;AN01870;4500.0;;;;
gid://shopify/ProductVariant/46393518948647;gid://shopify/ProductVariant/46393518948647;AN01724-17;17;6480.0;gid://shopify/Product/8582666223911;Anel Universo De Ouro Branco 18K Com Ródio Negro E Esmeralda;69.0;13.0;2.0;AN01724;7200.0;;;;
gid://shopify/ProductVariant/46393519472935;gid://shopify/ProductVariant/46393519472935;AN01748-18;18;5580.0;gid://shopify/Product/8582666322215;Anel Universo De Ouro Branco 18K Com Ródio Negro E Rubi;66.0;13.0;2.0;AN01748;6200.0;;;;
gid://shopify/ProductVariant/46393520029991;gid://shopify/ProductVariant/46393520029991;AN01749-17;17;5580.0;gid://shopify/Product/8582666453287;Anel Universo De Ouro Branco 18K Com Ródio Negro E Safira;68.0;13.0;2.0;AN01749;6200.0;;;;
gid://shopify/ProductVariant/46393520062759;gid://shopify/ProductVariant/46393520062759;AN01749-18;18;5580.0;gid://shopify/Product/8582666453287;Anel Universo De Ouro Branco 18K Com Ródio Negro E Safira;68.0;13.0;2.0;AN01749;6200.0;;;;
gid://shopify/ProductVariant/46393520554279;gid://shopify/ProductVariant/46393520554279;AN01865-14;14;6750.0;gid://shopify/Product/8582666649895;Anel Universo De Ouro Branco 18K Com Ródio Negro E Diamante Negro;67.0;13.0;2.0;AN01865;7500.0;;;;
gid://shopify/ProductVariant/46393520619815;gid://shopify/ProductVariant/46393520619815;AN01865-16;16;6750.0;gid://shopify/Product/8582666649895;Anel Universo De Ouro Branco 18K Com Ródio Negro E Diamante Negro;67.0;13.0;2.0;AN01865;7500.0;;;;
gid://shopify/ProductVariant/46393521209639;gid://shopify/ProductVariant/46393521209639;AN02038-15;15;12150.0;gid://shopify/Product/8582666846503;Anel Universo De Ouro Branco 18K Com Ródio Negro E Diamante;67.0;13.0;2.0;AN02038;13500.0;;;;
gid://shopify/ProductVariant/46393522192679;gid://shopify/ProductVariant/46393522192679;AN03175-17;17;990.0;gid://shopify/Product/8582667010343;Anel Whitechain De Prata Com Ouro Branco;7.0;13.0;2.0;AN03175;1100.0;;;;
gid://shopify/ProductVariant/46393522323751;gid://shopify/ProductVariant/46393522323751;AN03175-21;21;990.0;gid://shopify/Product/8582667010343;Anel Whitechain De Prata Com Ouro Branco;7.0;13.0;2.0;AN03175;1100.0;;;;
gid://shopify/ProductVariant/46393522356519;gid://shopify/ProductVariant/46393522356519;AN03175-22;22;990.0;gid://shopify/Product/8582667010343;Anel Whitechain De Prata Com Ouro Branco;7.0;13.0;2.0;AN03175;1100.0;;;;
gid://shopify/ProductVariant/46393527468327;gid://shopify/ProductVariant/46393527468327;AN02785-18;18;11250.0;gid://shopify/Product/8582667436327;Anel Especial De Ouro Branco 18K E Diamante Negro;1.0;13.0;1.0;AN02785;12500.0;;;;
gid://shopify/ProductVariant/46393529368871;gid://shopify/ProductVariant/46393529368871;AN03090-18;18;11250.0;gid://shopify/Product/8582667632935;Anel Especial De Ouro Branco 18K E Diamante Negro;1.0;13.0;1.0;AN03090;12500.0;;;;
gid://shopify/ProductVariant/46393537855783;gid://shopify/ProductVariant/46393537855783;AN02817-15;15;15300.0;gid://shopify/Product/8582668353831;Anel Maes 2013 De Ouro Branco 18K E Diamante Negro;1.0;13.0;1.0;AN02817;17000.0;;;;
gid://shopify/ProductVariant/46393541427495;gid://shopify/ProductVariant/46393541427495;AN03318-15;15;10080.0;gid://shopify/Product/8582668714279;Anel Maes 2013 De Ouro Branco 18K E Diamante E Rubi;1.0;13.0;0.0;AN03318;11200.0;;;;
gid://shopify/ProductVariant/46393542377767;gid://shopify/ProductVariant/46393542377767;AN03321-15;15;10080.0;gid://shopify/Product/8582668812583;Anel Maes 2013 De Ouro Branco 18K E Diamante E Rubi;1.0;13.0;0.0;AN03321;11200.0;;;;
gid://shopify/ProductVariant/46432287621415;gid://shopify/ProductVariant/46432287621415;PU02068T;M;2520.0;gid://shopify/Product/8578005827879;Pulseira Rock Chain De Prata Com Ródio Negro - P;21.0;3.0;3.0;PU02068T;2800.0;;;;
gid://shopify/ProductVariant/46432287654183;gid://shopify/ProductVariant/46432287654183;PU02069T;G;2520.0;gid://shopify/Product/8578005827879;Pulseira Rock Chain De Prata Com Ródio Negro - P;21.0;3.0;3.0;PU02069T;2800.0;;;;
gid://shopify/ProductVariant/46489567822119;gid://shopify/ProductVariant/46489567822119;PU01801T;M;3510.0;gid://shopify/Product/8573508714791;Pulseira Chain De Prata Com Ouro Amarelo - Elo P;26.0;3.0;4.0;PU01801T;3900.0;;;;
gid://shopify/ProductVariant/46489567854887;gid://shopify/ProductVariant/46489567854887;PU01803T;G;3690.0;gid://shopify/Product/8573508714791;Pulseira Chain De Prata Com Ouro Amarelo - Elo P;26.0;3.0;4.0;PU01803T;4100.0;;;;
gid://shopify/ProductVariant/46489801228583;gid://shopify/ProductVariant/46489801228583;PU01802T;M;3510.0;gid://shopify/Product/8573509992743;Pulseira Chain De Prata Com Ródio Negro - Elo P;16.0;3.0;2.0;PU01802T;3900.0;;;;
gid://shopify/ProductVariant/46489801261351;gid://shopify/ProductVariant/46489801261351;PU01804T;G;3690.0;gid://shopify/Product/8573509992743;Pulseira Chain De Prata Com Ródio Negro - Elo P;16.0;3.0;2.0;PU01804T;4100.0;;;;
gid://shopify/ProductVariant/46496629817639;gid://shopify/ProductVariant/46496629817639;BR06266T;Default Title;37800.0;gid://shopify/Product/8608703316263;Brinco Celebrate De Ouro Branco 18K E Diamante E Esmeralda;1.0;1.0;0.0;BR06266T;42000.0;;;;
gid://shopify/ProductVariant/46496637780263;gid://shopify/ProductVariant/46496637780263;BR04585T;Default Title;17100.0;gid://shopify/Product/8608707641639;Brinco Brasil De Ouro Branco 18K Com Rodio Negro E Turmalina;1.0;1.0;1.0;BR04585T;19000.0;;;;
gid://shopify/ProductVariant/46496638009639;gid://shopify/ProductVariant/46496638009639;BR06424T;Default Title;81000.0;gid://shopify/Product/8608707871015;Brinco Celebrate De Ouro Amarelo E Branco 18K E Diamante E Esmeralda;1.0;1.0;1.0;BR06424T;90000.0;;;;
gid://shopify/ProductVariant/46496804667687;gid://shopify/ProductVariant/46496804667687;BR06475T;Default Title;112500.0;gid://shopify/Product/8608785105191;Brinco Celebrate De Ouro Branco 18K E Diamante E Rubi;1.0;1.0;0.0;BR06475T;125000.0;;;;
gid://shopify/ProductVariant/46496805355815;gid://shopify/ProductVariant/46496805355815;BR06083T;Default Title;8100.0;gid://shopify/Product/8608785793319;Brinco Ear Cuff Especial De Ouro Branco 18K Com Rodio Negro E Rubi;1.0;1.0;0.0;BR06083T;9000.0;;;;
gid://shopify/ProductVariant/46496806109479;gid://shopify/ProductVariant/46496806109479;BR05735T;Default Title;54900.0;gid://shopify/Product/8608786546983;Brinco Especial De Ouro Branco 18K Com Rodio Negro E Esmeralda;1.0;1.0;0.0;BR05735T;61000.0;;;;
gid://shopify/ProductVariant/46496806764839;gid://shopify/ProductVariant/46496806764839;BR06123T;Default Title;342000.0;gid://shopify/Product/8608786972967;Brinco Especial De Ouro Branco 18K Com Rodio Negro E Diamante E Esmeralda;1.0;1.0;0.0;BR06123T;380000.0;;;;
gid://shopify/ProductVariant/46496806928679;gid://shopify/ProductVariant/46496806928679;BR06127T;Default Title;134100.0;gid://shopify/Product/8608787169575;Brinco Especial De Ouro Rosa 18K E Rubi;1.0;1.0;0.0;BR06127T;149000.0;;;;
gid://shopify/ProductVariant/46496808042791;gid://shopify/ProductVariant/46496808042791;BR06148T;Default Title;7560.0;gid://shopify/Product/8608787759399;Brinco Especial De Ouro Branco 18K Com Rodio Negro E Esmeralda;1.0;1.0;0.0;BR06148T;8400.0;;;;
gid://shopify/ProductVariant/46496808698151;gid://shopify/ProductVariant/46496808698151;BR06514T;Default Title;17100.0;gid://shopify/Product/8608788349223;Brinco Especial De Ouro Branco 18K Com Rodio Negro E Esmeralda;1.0;1.0;0.0;BR06514T;19000.0;;;;
gid://shopify/ProductVariant/46496808993063;gid://shopify/ProductVariant/46496808993063;BR06564T;Default Title;6210.0;gid://shopify/Product/8608788480295;Brinco Especial De Ouro Branco 18K Com Rodio Negro E Esmeralda;1.0;1.0;0.0;BR06564T;6900.0;;;;
gid://shopify/ProductVariant/46496809255207;gid://shopify/ProductVariant/46496809255207;BR06565T;Default Title;4050.0;gid://shopify/Product/8608788676903;Brinco Especial De Ouro Branco 18K Com Rodio Negro E Esmeralda;1.0;1.0;0.0;BR06565T;4500.0;;;;
gid://shopify/ProductVariant/46496809386279;gid://shopify/ProductVariant/46496809386279;BR06566T;Default Title;11250.0;gid://shopify/Product/8608788775207;Brinco Especial De Ouro Branco 18K Com Rodio Negro E Esmeralda;1.0;1.0;0.0;BR06566T;12500.0;;;;
gid://shopify/ProductVariant/46496810107175;gid://shopify/ProductVariant/46496810107175;BR05587T;Default Title;11700.0;gid://shopify/Product/8608789201191;Brinco Lifestyle De Ouro Branco 18K Com Rodio Negro E Diamante E Esmeralda;6.0;1.0;0.0;BR05587T;13000.0;;;;
gid://shopify/ProductVariant/46496810500391;gid://shopify/ProductVariant/46496810500391;BR06139T;Default Title;29700.0;gid://shopify/Product/8608789430567;Brinco Ear Cuff Maes 2013 De Ouro Branco 18K Com Rodio Negro E Esmeralda;1.0;1.0;0.0;BR06139T;33000.0;;;;
gid://shopify/ProductVariant/46496811188519;gid://shopify/ProductVariant/46496811188519;BR05397T;Default Title;9180.0;gid://shopify/Product/8608789987623;Brinco Ear Cuff Universo De Ouro Branco 18K Com Rodio Negro E Diamante;6.0;1.0;1.0;BR05397T;10200.0;;;;
gid://shopify/ProductVariant/46496811581735;gid://shopify/ProductVariant/46496811581735;BR03909T;Default Title;29700.0;gid://shopify/Product/8608790184231;Brinco Ear Cuff Universo De Ouro Branco 18K Com Rodio Negro E Turmalina Paraiba;1.0;1.0;0.0;BR03909T;33000.0;;;;
gid://shopify/ProductVariant/46496812335399;gid://shopify/ProductVariant/46496812335399;CL04471;Default Title;118800.0;gid://shopify/Product/8608790839591;Colar Clássico De Ouro Branco 18K E Diamante;1.0;1.0;0.0;CL04471;132000.0;;;;
gid://shopify/ProductVariant/46496812499239;gid://shopify/ProductVariant/46496812499239;CL04601;Default Title;36900.0;gid://shopify/Product/8608791003431;Colar Clássico De Ouro Branco 18K Com Rodio Negro E Diamante Negro;6.0;1.0;1.0;CL04601;41000.0;;;;
gid://shopify/ProductVariant/46496812794151;gid://shopify/ProductVariant/46496812794151;CL04154;Default Title;45900.0;gid://shopify/Product/8608791232807;Colar Especial De Ouro Branco 18K Com Rodio Negro E Safira;1.0;1.0;1.0;CL04154;51000.0;;;;
gid://shopify/ProductVariant/46496813908263;gid://shopify/ProductVariant/46496813908263;CL02027;Default Title;43200.0;gid://shopify/Product/8608791757095;Colar Especial De Ouro Branco 18K Com Rodio Negro E Esmeralda;1.0;1.0;0.0;CL02027;48000.0;;;;
gid://shopify/ProductVariant/46496814367015;gid://shopify/ProductVariant/46496814367015;CL02030;Default Title;126000.0;gid://shopify/Product/8608791953703;Colar Especial De Ouro Branco 18K Com Rodio Negro E Esmeralda;1.0;1.0;0.0;CL02030;140000.0;;;;
gid://shopify/ProductVariant/46496814596391;gid://shopify/ProductVariant/46496814596391;CL03882;Default Title;27900.0;gid://shopify/Product/8608792150311;Colar Especial De Ouro Branco 18K Com Rodio Negro E Rubi;1.0;1.0;0.0;CL03882;31000.0;;;;
gid://shopify/ProductVariant/46496814989607;gid://shopify/ProductVariant/46496814989607;CL04482;Default Title;30600.0;gid://shopify/Product/8608792445223;Colar Especial De Ouro Branco 18K Com Rodio Negro E Esmeralda;1.0;1.0;0.0;CL04482;34000.0;;;;
gid://shopify/ProductVariant/46496815120679;gid://shopify/ProductVariant/46496815120679;CL04606;Default Title;40500.0;gid://shopify/Product/8608792576295;Colar Especial De Ouro Branco 18K Com Rodio Negro E Diamante Negro;1.0;1.0;0.0;CL04606;45000.0;;;;
gid://shopify/ProductVariant/46496821412135;gid://shopify/ProductVariant/46496821412135;CO01292;Default Title;3780.0;gid://shopify/Product/8608793952551;Colar Tlj De Ouro Branco 18K E Diamante;6.0;1.0;0.0;CO01292;4200.0;;;;
gid://shopify/ProductVariant/46496821805351;gid://shopify/ProductVariant/46496821805351;CO00012;Default Title;1620.0;gid://shopify/Product/8608794247463;Corrente Clássico De Ouro Branco 18K Com Rodio Negro;5.0;1.0;0.0;CO00012;1800.0;;;;
gid://shopify/ProductVariant/46496823214375;gid://shopify/ProductVariant/46496823214375;CO01320;Default Title;2250.0;gid://shopify/Product/8608794837287;Corrente Clássico De Ouro Branco 18K;6.0;1.0;2.0;CO01320;2500.0;;;;
gid://shopify/ProductVariant/46496823410983;gid://shopify/ProductVariant/46496823410983;CO0746;Default Title;1620.0;gid://shopify/Product/8608795033895;Corrente Clássico De Ouro Rosa 18K;2.0;1.0;0.0;CO0746;1800.0;;;;
gid://shopify/ProductVariant/46496823574823;gid://shopify/ProductVariant/46496823574823;CO00021;Default Title;1620.0;gid://shopify/Product/8608795164967;Corrente Clássico De Ouro Rosa 18K;7.0;1.0;2.0;CO00021;1800.0;;;;
gid://shopify/ProductVariant/46496823836967;gid://shopify/ProductVariant/46496823836967;CO01319;Default Title;1620.0;gid://shopify/Product/8608795328807;Corrente Clássico De Ouro Branco 18K Com Rodio Negro;7.0;1.0;2.0;CO01319;1800.0;;;;
gid://shopify/ProductVariant/46496824131879;gid://shopify/ProductVariant/46496824131879;CO01321;Default Title;2250.0;gid://shopify/Product/8608795394343;Corrente Clássico De Ouro Rosa 18K;6.0;1.0;0.0;CO01321;2500.0;;;;
gid://shopify/ProductVariant/46496824918311;gid://shopify/ProductVariant/46496824918311;PI01468;Default Title;46800.0;gid://shopify/Product/8608796049703;Pingente Celebrate De Ouro Branco 18K E Esmeralda;1.0;1.0;0.0;PI01468;52000.0;;;;
gid://shopify/ProductVariant/46496827703591;gid://shopify/ProductVariant/46496827703591;PI01414;P;1260.0;gid://shopify/Product/8608797851943;Pingente Rock Chain De Prata Com Ouro Amarelo - P;1.0;1.0;0.0;PI01414;1400.0;;;;
gid://shopify/ProductVariant/46496829341991;gid://shopify/ProductVariant/46496829341991;PI01458;P;630.0;gid://shopify/Product/8608798998823;Pingente Rock Chain De Prata Com Ouro Amarelo E Quartzo Negro - P;6.0;1.0;0.0;PI01458;700.0;;;;
gid://shopify/ProductVariant/46496830161191;gid://shopify/ProductVariant/46496830161191;PI01459;P;585.0;gid://shopify/Product/8608799555879;Pingente Rock Chain De Prata Com Ouro Amarelo E Quartzo Negro - P;7.0;1.0;0.0;PI01459;650.0;;;;
gid://shopify/ProductVariant/46496833700135;gid://shopify/ProductVariant/46496833700135;PU01992T;Default Title;18450.0;gid://shopify/Product/8608801128743;Pulseira Clássico De Ouro Branco 18K E Diamante Negro;7.0;1.0;1.0;PU01992T;20500.0;;;;
gid://shopify/ProductVariant/46496834191655;gid://shopify/ProductVariant/46496834191655;PU01003;Default Title;126000.0;gid://shopify/Product/8608801554727;Pulseira Clássico De Ouro Branco 18K E Diamante;1.0;1.0;1.0;PU01003;140000.0;;;;
gid://shopify/ProductVariant/46496834879783;gid://shopify/ProductVariant/46496834879783;PU01323T;Default Title;19620.0;gid://shopify/Product/8608801751335;Pulseira Clássico De Ouro Branco 18K Com Rodio Negro E Safira;6.0;1.0;2.0;PU01323T;21800.0;;;;
gid://shopify/ProductVariant/46496835469607;gid://shopify/ProductVariant/46496835469607;PU01435T;Default Title;89100.0;gid://shopify/Product/8608801980711;Pulseira Clássico De Ouro Branco 18K E Diamante Negro;1.0;1.0;2.0;PU01435T;99000.0;;;;
gid://shopify/ProductVariant/46496835764519;gid://shopify/ProductVariant/46496835764519;PU01626T;Default Title;42750.0;gid://shopify/Product/8608802242855;Pulseira Clássico De Ouro Branco 18K E Diamante Negro;6.0;1.0;1.0;PU01626T;47500.0;;;;
gid://shopify/ProductVariant/46496836911399;gid://shopify/ProductVariant/46496836911399;PU02048T;Default Title;102600.0;gid://shopify/Product/8608802537767;Pulseira Clássico De Ouro Branco 18K Com Rodio Negro E Diamante Negro;1.0;1.0;1.0;PU02048T;114000.0;;;;
gid://shopify/ProductVariant/46497001963815;gid://shopify/ProductVariant/46497001963815;BR06467T;Default Title;21600.0;gid://shopify/Product/8608880132391;Brinco Ear Cuff Dont Care De Ouro Branco 18K Com Rodio Negro E Esmeralda;1.0;1.0;0.0;BR06467T;24000.0;;;;
gid://shopify/ProductVariant/46497002127655;gid://shopify/ProductVariant/46497002127655;BR06113T;Default Title;1980.0;gid://shopify/Product/8608880263463;Brinco Especial De Ouro Rosa 18K E Diamante Solitario;7.0;1.0;0.0;BR06113T;2200.0;;;;
gid://shopify/ProductVariant/46497002357031;gid://shopify/ProductVariant/46497002357031;BR06112T;Default Title;855.0;gid://shopify/Product/8608880460071;Brinco Especial De Ouro Rosa 18K E Diamante Solitario;7.0;1.0;0.0;BR06112T;950.0;;;;
gid://shopify/ProductVariant/46497002979623;gid://shopify/ProductVariant/46497002979623;BR06446T;Default Title;16200.0;gid://shopify/Product/8608880918823;Brinco Especial De Ouro Branco 18K E Diamante Solitario;1.0;1.0;0.0;BR06446T;18000.0;;;;
gid://shopify/ProductVariant/46497004847399;gid://shopify/ProductVariant/46497004847399;CL04151;Default Title;49500.0;gid://shopify/Product/8608882327847;Colar Especial De Ouro Branco 18K E Diamante Solitario;1.0;1.0;1.0;CL04151;55000.0;;;;
gid://shopify/ProductVariant/46497005666599;gid://shopify/ProductVariant/46497005666599;PU01568T;Default Title;134100.0;gid://shopify/Product/8608882622759;Pulseira Clássico De Ouro Branco 18K E Diamante Solitario;1.0;1.0;1.0;PU01568T;149000.0;;;;
gid://shopify/ProductVariant/46497006682407;gid://shopify/ProductVariant/46497006682407;PU01320T;Default Title;31500.0;gid://shopify/Product/8608883048743;Pulseira Clássico De Ouro Branco 18K E Diamante Solitario;6.0;1.0;1.0;PU01320T;35000.0;;;;
gid://shopify/ProductVariant/46497006780711;gid://shopify/ProductVariant/46497006780711;PU01537T;Default Title;28800.0;gid://shopify/Product/8608883147047;Pulseira Clássico De Ouro Branco 18K Com Rodio Negro E Diamante Solitario;6.0;1.0;1.0;PU01537T;32000.0;;;;
gid://shopify/ProductVariant/46497111408935;gid://shopify/ProductVariant/46497111408935;CL04554;Default Title;72000.0;gid://shopify/Product/8608940917031;Colar Eterna Rock De Ouro Branco 18K Com Rodio Negro E Diamante E Esmeralda;1.0;1.0;0.0;CL04554;80000.0;;;;
gid://shopify/ProductVariant/46497112031527;gid://shopify/ProductVariant/46497112031527;CL04567;Default Title;112500.0;gid://shopify/Product/8608941211943;Colar Eterna Rock De Ouro 18K Com Rodio Negro E Diamante E Safira;1.0;1.0;0.0;CL04567;125000.0;;;;
gid://shopify/ProductVariant/46498369470759;gid://shopify/ProductVariant/46498369470759;AN03349-14;14;67500.0;gid://shopify/Product/8609683538215;Anel Especial De Ouro Amarelo E Branco 18K E Diamante E Esmeralda;1.0;13.0;0.0;AN03349;75000.0;;;;
gid://shopify/ProductVariant/46498375172391;gid://shopify/ProductVariant/46498375172391;AN03572-16;16;88200.0;gid://shopify/Product/8609685602599;Anel Galeria De Ouro Amarelo E Branco 18K E Diamante E Esmeralda;1.0;13.0;0.0;AN03572;98000.0;;;;
gid://shopify/ProductVariant/46506764894503;gid://shopify/ProductVariant/46506764894503;AN02702-16;16;20700.0;gid://shopify/Product/8612227383591;Anel Especial De Ouro Branco 18K E Diamante Solitario;67.0;13.0;0.0;AN02702;23000.0;;;;
gid://shopify/ProductVariant/46506764960039;gid://shopify/ProductVariant/46506764960039;AN02702-18;18;20700.0;gid://shopify/Product/8612227383591;Anel Especial De Ouro Branco 18K E Diamante Solitario;67.0;13.0;0.0;AN02702;23000.0;;;;
gid://shopify/ProductVariant/46506766172455;gid://shopify/ProductVariant/46506766172455;AN02242-16;16;31500.0;gid://shopify/Product/8612227481895;Anel Especial De Ouro Branco 18K E Diamante Solitario;1.0;13.0;0.0;AN02242;35000.0;;;;
gid://shopify/ProductVariant/46509280461095;gid://shopify/ProductVariant/46509280461095;AN02473-16;16;57600.0;gid://shopify/Product/8612627841319;Anel Especial De Ouro Branco 18K E Diamante Solitario;1.0;13.0;0.0;AN02473;64000.0;;;;
gid://shopify/ProductVariant/46509282197799;gid://shopify/ProductVariant/46509282197799;AN02752-15;15;42300.0;gid://shopify/Product/8612628201767;Anel Especial De Ouro Branco 18K E Diamante Solitario;1.0;13.0;0.0;AN02752;47000.0;;;;
gid://shopify/ProductVariant/46509284622631;gid://shopify/ProductVariant/46509284622631;AN02943-16;16;49500.0;gid://shopify/Product/8612628267303;Anel Especial De Ouro Branco 18K Com Rodio Negro E Diamante Solitario;1.0;13.0;0.0;AN02943;55000.0;;;;
gid://shopify/ProductVariant/46509287702823;gid://shopify/ProductVariant/46509287702823;AN03240-17;17;66240.0;gid://shopify/Product/8612628693287;Anel Especial De Ouro Branco 18K E Diamante Solitario;1.0;13.0;0.0;AN03240;73600.0;;;;
gid://shopify/ProductVariant/46509291962663;gid://shopify/ProductVariant/46509291962663;AN03523-14;14;56700.0;gid://shopify/Product/8612629086503;Anel Especial De Ouro Branco 18K E Diamante Solitario;1.0;13.0;0.0;AN03523;63000.0;;;;
gid://shopify/ProductVariant/46509292912935;gid://shopify/ProductVariant/46509292912935;AN03046-16;16;17100.0;gid://shopify/Product/8612629217575;Anel Lifestyle De Ouro Branco 18K Com Rodio Negro E Diamante;67.0;13.0;0.0;AN03046;19000.0;;;;
gid://shopify/ProductVariant/46509292945703;gid://shopify/ProductVariant/46509292945703;AN03046-17;17;17100.0;gid://shopify/Product/8612629217575;Anel Lifestyle De Ouro Branco 18K Com Rodio Negro E Diamante;67.0;13.0;0.0;AN03046;19000.0;;;;
gid://shopify/ProductVariant/46509295042855;gid://shopify/ProductVariant/46509295042855;AN03043-16;16;16200.0;gid://shopify/Product/8612629381415;Anel Lifestyle De Ouro Branco 18K Com Rodio Negro E Diamante;66.0;13.0;0.0;AN03043;18000.0;;;;
gid://shopify/ProductVariant/46509297565991;gid://shopify/ProductVariant/46509297565991;AN02803-18;18;10800.0;gid://shopify/Product/8612629709095;Anel Maes 2013 De Ouro Branco 18K Com Rodio Negro E Diamante E Safira;1.0;13.0;0.0;AN02803;12000.0;;;;
gid://shopify/ProductVariant/46509302153511;gid://shopify/ProductVariant/46509302153511;AN03172-16;16;15300.0;gid://shopify/Product/8612630167847;Anel Maes 2013 De Ouro Branco 18K Com Rodio Negro E Diamante E Esmeralda;1.0;13.0;0.0;AN03172;17000.0;;;;
gid://shopify/ProductVariant/46509307625767;gid://shopify/ProductVariant/46509307625767;AN03197-15;15;18900.0;gid://shopify/Product/8612630397223;Anel Maes 2013 De Ouro Branco 18K Com Rodio Negro E Diamante E Safira;1.0;13.0;0.0;AN03197;21000.0;;;;
gid://shopify/ProductVariant/46509308641575;gid://shopify/ProductVariant/46509308641575;AN03198-17;17;17100.0;gid://shopify/Product/8612630626599;Anel Maes 2013 De Ouro Branco 18K Com Rodio Negro E Diamante E Safira;1.0;13.0;0.0;AN03198;19000.0;;;;
gid://shopify/ProductVariant/46509310181671;gid://shopify/ProductVariant/46509310181671;AN03323-16;16;16650.0;gid://shopify/Product/8612630921511;Anel Maes 2013 De Ouro Branco 18K Com Rodio Negro E Diamante E Safira;1.0;13.0;0.0;AN03323;18500.0;;;;
gid://shopify/ProductVariant/46509313622311;gid://shopify/ProductVariant/46509313622311;AN03324-14;14;13320.0;gid://shopify/Product/8612631150887;Anel Maes 2013 De Ouro Branco 18K Com Rodio Negro E Diamante E Safira;1.0;13.0;0.0;AN03324;14800.0;;;;
gid://shopify/ProductVariant/46509316800807;gid://shopify/ProductVariant/46509316800807;AN03459-14;14;14400.0;gid://shopify/Product/8612631642407;Anel Rock Star De Ouro Branco 18K Com Rodio Negro E Diamante E Safira - G;67.0;13.0;0.0;AN03459;16000.0;;;;
gid://shopify/ProductVariant/46509316931879;gid://shopify/ProductVariant/46509316931879;AN03459-18;18;14400.0;gid://shopify/Product/8612631642407;Anel Rock Star De Ouro Branco 18K Com Rodio Negro E Diamante E Safira - G;67.0;13.0;0.0;AN03459;16000.0;;;;
gid://shopify/ProductVariant/46509321814311;gid://shopify/ProductVariant/46509321814311;AN03442-18;18;84420.0;gid://shopify/Product/8612632133927;Anel Rock Star De Ouro Amarelo E Negro 18K E Diamante E Esmeralda;1.0;13.0;0.0;AN03442;93800.0;;;;
gid://shopify/ProductVariant/46509496008999;gid://shopify/ProductVariant/46509496008999;AN03500-13;13;43200.0;gid://shopify/Product/8612659200295;Anel Especial De Ouro Branco 18K E Diamantes Mix;1.0;13.0;0.0;AN03500;48000.0;;;;
gid://shopify/ProductVariant/46512701112615;gid://shopify/ProductVariant/46512701112615;CL03884;Default Title;21150.0;gid://shopify/Product/8613206622503;Colar Especial De Ouro Branco 18K Com Ródio Negro E Rubi;1.0;1.0;1.0;CL03884;23500.0;;;;
gid://shopify/ProductVariant/46512701964583;gid://shopify/ProductVariant/46512701964583;AN03326-13;13;19620.0;gid://shopify/Product/8613207179559;Anel Maes 2013 De Ouro Branco 18K Com Ródio Negro E Diamante E Safira;1.0;13.0;0.0;AN03326;21800.0;;;;
gid://shopify/ProductVariant/46512702488871;gid://shopify/ProductVariant/46512702488871;AN02937-16;16;98100.0;gid://shopify/Product/8613207212327;Anel Maes 2013 De Ouro Rosa E Branco 18K E Diamante Solitário;1.0;13.0;0.0;AN02937;109000.0;;;;
gid://shopify/ProductVariant/46529087242535;gid://shopify/ProductVariant/46529087242535;PU01979T;PP;3150.0;gid://shopify/Product/8578446229799;Pulseira Leopardo De Prata Com Ouro Amarelo;61.0;4.0;4.0;PU01979T;3500.0;;;;
gid://shopify/ProductVariant/46549908390183;gid://shopify/ProductVariant/46549908390183;PU01859T;M;1431.0;gid://shopify/Product/8577931280679;Pulseira JV MAN II De Prata Com Ouro Branco;34.0;4.0;2.0;PU01859T;1590.0;;;;
gid://shopify/ProductVariant/46549915468071;gid://shopify/ProductVariant/46549915468071;PU01877T;GG;1431.0;gid://shopify/Product/8577931280679;Pulseira JV MAN II De Prata Com Ouro Branco;34.0;4.0;2.0;PU01877T;1590.0;;;;
gid://shopify/ProductVariant/46550040150311;gid://shopify/ProductVariant/46550040150311;PU01906T;G;1431.0;gid://shopify/Product/8577942192423;Pulseira JV MAN II De Prata Com Ouro Branco Fosco;22.0;4.0;1.0;PU01906T;1590.0;;;;
gid://shopify/ProductVariant/46550402269479;gid://shopify/ProductVariant/46550402269479;PU01857T;G;1431.0;gid://shopify/Product/8577930985767;Pulseira JV MAN II De Prata Com Ródio Negro;30.0;4.0;2.0;PU01857T;1590.0;;;;
gid://shopify/ProductVariant/46550644457767;gid://shopify/ProductVariant/46550644457767;PU01876T;GG;1431.0;gid://shopify/Product/8577930985767;Pulseira JV MAN II De Prata Com Ródio Negro;30.0;4.0;2.0;PU01876T;1590.0;;;;
gid://shopify/ProductVariant/46550771106087;gid://shopify/ProductVariant/46550771106087;PU01875T;GG;5850.0;gid://shopify/Product/8577925054759;Pulseira JV MAN II De Prata Com Ródio Negro;13.0;2.0;1.0;PU01875T;6500.0;;;;
gid://shopify/ProductVariant/46551161766183;gid://shopify/ProductVariant/46551161766183;PU01901T;M;1431.0;gid://shopify/Product/8577941307687;Pulseira JV MAN II De Prata Com Ródio Negro Fosco;28.0;4.0;1.0;PU01901T;1590.0;;;;
gid://shopify/ProductVariant/46551161798951;gid://shopify/ProductVariant/46551161798951;PU01902T;G;1431.0;gid://shopify/Product/8577941307687;Pulseira JV MAN II De Prata Com Ródio Negro Fosco;28.0;4.0;1.0;PU01902T;1590.0;;;;
gid://shopify/ProductVariant/46551313973543;gid://shopify/ProductVariant/46551313973543;PU01903T;GG;1431.0;gid://shopify/Product/8577941307687;Pulseira JV MAN II De Prata Com Ródio Negro Fosco;28.0;4.0;1.0;PU01903T;1590.0;;;;
gid://shopify/ProductVariant/46965622997287;gid://shopify/ProductVariant/46965622997287;CL01440;Default Title;49500.0;gid://shopify/Product/8775432864039;Colar Choker De Ouro Branco 18K E Diamante;1.0;1.0;0.0;CL01440;55000.0;;;;
gid://shopify/ProductVariant/46965623226663;gid://shopify/ProductVariant/46965623226663;CL01514;Default Title;5670.0;gid://shopify/Product/8775432929575;Colar Choker De Ouro Amarelo 18K E Diamante;7.0;1.0;0.0;CL01514;6300.0;;;;
gid://shopify/ProductVariant/46965623488807;gid://shopify/ProductVariant/46965623488807;BR06582T;Default Title;29700.0;gid://shopify/Product/8775433060647;Brinco Clássico De Ouro Amarelo E Branco 18K E Esmeralda E Diamante Negro;1.0;1.0;0.0;BR06582T;33000.0;;;;
gid://shopify/ProductVariant/46965623587111;gid://shopify/ProductVariant/46965623587111;BR06598T;Default Title;1350.0;gid://shopify/Product/8775433158951;Brinco Clássico De Ouro 18K Com Ródio Negro E Safira;1.0;1.0;0.0;BR06598T;1500.0;;;;
gid://shopify/ProductVariant/46965623947559;gid://shopify/ProductVariant/46965623947559;BR06603T;Default Title;1080.0;gid://shopify/Product/8775433191719;Brinco Clássico De Ouro Amarelo 18K E Safira;1.0;1.0;0.0;BR06603T;1200.0;;;;
gid://shopify/ProductVariant/46965624242471;gid://shopify/ProductVariant/46965624242471;PU02073T;Default Title;139500.0;gid://shopify/Product/8775433453863;Pulseira Clássico De Ouro Branco 18K E Diamante;1.0;1.0;0.0;PU02073T;155000.0;;;;
gid://shopify/ProductVariant/46965625061671;gid://shopify/ProductVariant/46965625061671;PI01483;Default Title;9450.0;gid://shopify/Product/8775433814311;Pingente Dolce Vita De Ouro Amarelo 18K E Turquesa;1.0;1.0;0.0;PI01483;10500.0;;;;
gid://shopify/ProductVariant/46965626274087;gid://shopify/ProductVariant/46965626274087;CL04587;Default Title;73800.0;gid://shopify/Product/8775434240295;Colar Especial De Ouro Branco 18K E Diamante;1.0;1.0;0.0;CL04587;82000.0;;;;
gid://shopify/ProductVariant/46965626765607;gid://shopify/ProductVariant/46965626765607;CL04658;Default Title;9900.0;gid://shopify/Product/8775434469671;Colar Especial De Ouro Branco 18K E Diamante;1.0;1.0;0.0;CL04658;11000.0;;;;
gid://shopify/ProductVariant/46965627158823;gid://shopify/ProductVariant/46965627158823;CL04671;Default Title;17370.0;gid://shopify/Product/8775434567975;Colar Especial De Ouro 18K Com Ródio Negro E Esmeralda;1.0;1.0;0.0;CL04671;19300.0;;;;
gid://shopify/ProductVariant/46965627912487;gid://shopify/ProductVariant/46965627912487;CL04677;Default Title;8100.0;gid://shopify/Product/8775434961191;Colar Especial De Ouro Branco 18K E Diamante;1.0;1.0;0.0;CL04677;9000.0;;;;
gid://shopify/ProductVariant/46965629714727;gid://shopify/ProductVariant/46965629714727;BR06588T;Default Title;3600.0;gid://shopify/Product/8775435714855;Brinco Earcuff Piscine De Ouro Amarelo 18K;6.0;1.0;0.0;BR06588T;4000.0;;;;
gid://shopify/ProductVariant/46965630075175;gid://shopify/ProductVariant/46965630075175;PI01144;M;675.0;gid://shopify/Product/8775435845927;Pingente Pop De Prata Com Ouro Amarelo - M;1.0;1.0;0.0;PI01144;750.0;;;;
gid://shopify/ProductVariant/46965632696615;gid://shopify/ProductVariant/46965632696615;AN03609-16;16;8460.0;gid://shopify/Product/8775436468519;Anel Savage De Ouro Branco 18K E Diamante;1.0;13.0;0.0;AN03609;9400.0;;;;
gid://shopify/ProductVariant/46965634040103;gid://shopify/ProductVariant/46965634040103;AN01723-15;15;8910.0;gid://shopify/Product/8775436763431;Anel Universo De Ouro Amarelo 18K;66.0;13.0;0.0;AN01723;9900.0;;;;
gid://shopify/ProductVariant/46965634564391;gid://shopify/ProductVariant/46965634564391;BR03068T;Default Title;15300.0;gid://shopify/Product/8775436861735;Brinco Universo De Ouro Amarelo 18K;6.0;1.0;0.0;BR03068T;17000.0;;;;
gid://shopify/ProductVariant/46965634924839;gid://shopify/ProductVariant/46965634924839;PI01504;Default Title;8910.0;gid://shopify/Product/8775437058343;Piercing Voyeur De Ouro Branco 18K E Diamante;6.0;1.0;0.0;PI01504;9900.0;;;;
gid://shopify/ProductVariant/46965896446247;gid://shopify/ProductVariant/46965896446247;AN03102-15;15;12600.0;gid://shopify/Product/8775510360359;Anel Chain Lovers De Ouro 18K Com Ródio Negro E Esmeralda E Diamante;1.0;13.0;0.0;AN03102;14000.0;;;;
gid://shopify/ProductVariant/46965897888039;gid://shopify/ProductVariant/46965897888039;CL04141;Default Title;140400.0;gid://shopify/Product/8775510917415;Colar Life Style De Ouro 18K Com Ródio Negro E Diamante Negro E Diamante;1.0;1.0;0.0;CL04141;156000.0;;;;
gid://shopify/ProductVariant/46965898969383;gid://shopify/ProductVariant/46965898969383;BR06611T;Default Title;33300.0;gid://shopify/Product/8775511277863;Brinco Earcuff Mães 2013 De Ouro Amarelo 18K E Diamante Fancy;1.0;1.0;0.0;BR06611T;37000.0;;;;
gid://shopify/ProductVariant/46965900149031;gid://shopify/ProductVariant/46965900149031;AN03569-15;15;20700.0;gid://shopify/Product/8775511605543;Anel Rock Star De Ouro Branco 18K E Rubilita E Diamante;1.0;13.0;0.0;AN03569;23000.0;;;;
gid://shopify/ProductVariant/46965900837159;gid://shopify/ProductVariant/46965900837159;CL04259;P;5580.0;gid://shopify/Product/8775511834919;Colar White Chain De Prata Com Ouro Branco - P;1.0;1.0;0.0;CL04259;6200.0;;;;
gid://shopify/ProductVariant/46358394077479;gid://shopify/ProductVariant/46358394077479;PI01097;Z;810.0;gid://shopify/Product/8578319286567;Pingente Pop De Prata Com Ouro Amarelo - G;345.0;26.0;28.0;PI01097;900.0;;;;
gid://shopify/ProductVariant/46393489522983;gid://shopify/ProductVariant/46393489522983;AN03585-18;18;1350.0;gid://shopify/Product/8582661734695;Anel Mare De Prata Com Ouro Amarelo e Pérola;69.0;13.0;2.0;AN03585;1500.0;;;;
gid://shopify/ProductVariant/46393497485607;gid://shopify/ProductVariant/46393497485607;AN03360-19;19;990.0;gid://shopify/Product/8582663176487;Anel Pop Chain De Prata Com Ouro Amarelo;84.0;13.0;2.0;AN03360;1100.0;;;;
gid://shopify/ProductVariant/46393498140967;gid://shopify/ProductVariant/46393498140967;AN03361-13;13;855.0;gid://shopify/Product/8582663340327;Anel Pop Chain De Prata Com Ródio Negro;23.0;13.0;2.0;AN03361;950.0;;;;
gid://shopify/ProductVariant/46393498370343;gid://shopify/ProductVariant/46393498370343;AN03361-20;20;855.0;gid://shopify/Product/8582663340327;Anel Pop Chain De Prata Com Ródio Negro;23.0;13.0;2.0;AN03361;950.0;;;;
gid://shopify/ProductVariant/46496837501223;gid://shopify/ProductVariant/46496837501223;PU02064T;Default Title;76500.0;gid://shopify/Product/8608803062055;Pulseira Especial De Ouro Branco 18K E Diamante;1.0;1.0;1.0;PU02064T;85000.0;;;;
gid://shopify/ProductVariant/46355607814439;gid://shopify/ProductVariant/46355607814439;CO01278;Default Title;990.0;gid://shopify/Product/8577838448935;Corrente Pop De Prata Com Ouro Amarelo;6.0;1.0;3.0;CO01278;1100.0;;;;
gid://shopify/ProductVariant/46355630719271;gid://shopify/ProductVariant/46355630719271;BR06545T;Default Title;2340.0;gid://shopify/Product/8577852965159;Brinco Mare De Prata Com Ouro Amarelo;8.0;1.0;3.0;BR06545T;2600.0;;;;
gid://shopify/ProductVariant/46356803649831;gid://shopify/ProductVariant/46356803649831;PI01467;Default Title;2610.0;gid://shopify/Product/8578004975911;Pingente Rock Chain De Prata Com Ouro Amarelo E Quartzo;6.0;1.0;2.0;PI01467;2900.0;;;;
gid://shopify/ProductVariant/46356876001575;gid://shopify/ProductVariant/46356876001575;PI01464;Default Title;2610.0;gid://shopify/Product/8578012283175;Pingente Rock Chain De Prata Com Ouro Amarelo E Quartzo Negro;7.0;1.0;2.0;PI01464;2900.0;;;;
gid://shopify/ProductVariant/46358265856295;gid://shopify/ProductVariant/46358265856295;PI01440;M;1260.0;gid://shopify/Product/8578290483495;Pingente Letra Rock Chain De Prata Com Ouro Amarelo e Diamantes;150.0;26.0;27.0;PI01440;1400.0;;;;
gid://shopify/ProductVariant/46393448202535;gid://shopify/ProductVariant/46393448202535;AN03505-17;17;10710.0;gid://shopify/Product/8582656098599;Anel Celebrate De Ouro Branco 18K E Diamante;69.0;13.0;2.0;AN03505;11900.0;;;;
gid://shopify/ProductVariant/46330657636647;gid://shopify/ProductVariant/46330657636647;BR04014T;P;15300.0;gid://shopify/Product/8572968665383;Brinco 15 Anos De Ouro Branco 18K E Diamante - P;6.0;1.0;2.0;BR04014T;17000.0;;;;
gid://shopify/ProductVariant/46336255263015;gid://shopify/ProductVariant/46336255263015;CL00016;Default Title;1620.0;gid://shopify/Product/8573592699175;Corrente Clássico De Ouro Amarelo 18K;6.0;1.0;3.0;CL00016;1800.0;;;;
gid://shopify/ProductVariant/46336266240295;gid://shopify/ProductVariant/46336266240295;BR02212T;Default Title;2070.0;gid://shopify/Product/8573594140967;Piercing Clássico De Ouro Amarelo 18K E Diamante;6.0;1.0;3.0;BR02212T;2300.0;;;;
gid://shopify/ProductVariant/46356163035431;gid://shopify/ProductVariant/46356163035431;PI01319;Default Title;855.0;gid://shopify/Product/8577923678503;Pingente JV MAN II De Prata Com Ródio Negro E Malaquita;1.0;1.0;2.0;PI01319;950.0;;;;
gid://shopify/ProductVariant/46393460850983;gid://shopify/ProductVariant/46393460850983;AN03191-17;17;6930.0;gid://shopify/Product/8582658294055;Anel Deco 2019 De Ouro Amarelo 18K E Diamante;67.0;13.0;2.0;AN03191;7700.0;;;;
gid://shopify/ProductVariant/46393446826279;gid://shopify/ProductVariant/46393446826279;AN03506-14;14;7110.0;gid://shopify/Product/8582655705383;Anel Celebrate De Ouro Amarelo 18K E Diamante;68.0;13.0;3.0;AN03506;7900.0;;;;
gid://shopify/ProductVariant/46393446826279;gid://shopify/ProductVariant/46393446826279;AN03506-14;14;6399.0;gid://shopify/Product/8582655705383;Anel Celebrate De Ouro Amarelo 18K E Diamante;68.0;13.0;3.0;AN03506;7110.0;;;;
gid://shopify/ProductVariant/46497007075623;gid://shopify/ProductVariant/46497007075623;PU02070T;Default Title;37800.0;gid://shopify/Product/8608883409191;Pulseira Clássico De Ouro Branco 18K E Diamante Solitario;1.0;1.0;1.0;PU02070T;42000.0;;;;
gid://shopify/ProductVariant/46355691208999;gid://shopify/ProductVariant/46355691208999;CO01331;Default Title;9900.0;gid://shopify/Product/8577861746983;Corrente Dolce Vita De Ouro Amarelo 18K;6.0;1.0;2.0;CO01331;11000.0;;;;
gid://shopify/ProductVariant/46358778642727;gid://shopify/ProductVariant/46358778642727;PU01937T;P;1980.0;gid://shopify/Product/8578438136103;Pulseira Pop Chain De Prata Com Ouro Amarelo;13.0;2.0;2.0;PU01937T;2200.0;;;;
gid://shopify/ProductVariant/46965631123751;gid://shopify/ProductVariant/46965631123751;AN03611-16;16;18900.0;gid://shopify/Product/8775436108071;Anel Rock Star De Ouro 18K Com Ródio Negro E Diamante Negro E Diamante;1.0;13.0;0.0;AN03611;21000.0;;;;
gid://shopify/ProductVariant/46965633220903;gid://shopify/ProductVariant/46965633220903;AN03610-16;16;8010.0;gid://shopify/Product/8775436599591;Anel Savage De Ouro Branco 18K E Diamante;1.0;13.0;0.0;AN03610;8900.0;;;;
gid://shopify/ProductVariant/46336408682791;gid://shopify/ProductVariant/46336408682791;CL04318;Default Title;62100.0;gid://shopify/Product/8573609345319;Colar Especial De Ouro Branco 18K E Diamante Solitário;1.0;1.0;1.0;CL04318;69000.0;;;;
gid://shopify/ProductVariant/46336410583335;gid://shopify/ProductVariant/46336410583335;CL04442;Default Title;9900.0;gid://shopify/Product/8573609607463;Colar Especial De Ouro Branco 18K E Diamante Solitário;1.0;1.0;0.0;CL04442;11000.0;;;;
gid://shopify/ProductVariant/46965624144167;gid://shopify/ProductVariant/46965624144167;PU01409T;Default Title;20430.0;gid://shopify/Product/8775433355559;Pulseira Clássico De Ouro 18K Com Ródio Negro E Esmeralda;1.0;1.0;0.0;PU01409T;22700.0;;;;
gid://shopify/ProductVariant/46393514262823;gid://shopify/ProductVariant/46393514262823;AN01867-12;12;2880.0;gid://shopify/Product/8582665699623;Anel Savage De Ouro Branco 18K Com Ródio Negro E Safira;67.0;13.0;2.0;AN01867;3200.0;;;;
gid://shopify/ProductVariant/46355373031719;gid://shopify/ProductVariant/46355373031719;PU01661T;M;4365.0;gid://shopify/Product/8577723072807;Pulseira Orquidea De Prata Com Ouro Rosa E Diamante;6.0;3.0;2.0;PU01661T;4850.0;;;;
gid://shopify/ProductVariant/46356739948839;gid://shopify/ProductVariant/46356739948839;BR06212T;Default Title;1440.0;gid://shopify/Product/8577997570343;Brinco Rock Chain De Prata Com Ouro Amarelo;7.0;1.0;5.0;BR06212T;1600.0;;;;
gid://shopify/ProductVariant/46509285441831;gid://shopify/ProductVariant/46509285441831;AN03188-14;14;27450.0;gid://shopify/Product/8612628398375;Anel Especial De Ouro Branco 18K E Diamante Solitario;66.0;13.0;0.0;AN03188;30500.0;;;;
gid://shopify/ProductVariant/46965898510631;gid://shopify/ProductVariant/46965898510631;AN03113-17;17;25200.0;gid://shopify/Product/8775511081255;Anel Mães 2013 De Ouro 18K Com Ródio Negro E Esmeralda E Diamante;1.0;13.0;0.0;AN03113;28000.0;;;;
gid://shopify/ProductVariant/46356157727015;gid://shopify/ProductVariant/46356157727015;PI01320;Default Title;1782.0;gid://shopify/Product/8577922957607;Pingente JV MAN II De Prata Com Ródio Negro E Esmeralda;6.0;1.0;2.0;PI01320;1980.0;;;;
gid://shopify/ProductVariant/46336295665959;gid://shopify/ProductVariant/46336295665959;BR04856T;Default Title;990.0;gid://shopify/Product/8573597548839;Brinco Especial De Ouro Amarelo 18K E Esmeralda;6.0;1.0;2.0;BR04856T;1100.0;;;;
gid://shopify/ProductVariant/46336296485159;gid://shopify/ProductVariant/46336296485159;BR04857T;Default Title;1440.0;gid://shopify/Product/8573597647143;Brinco Especial De Ouro Amarelo 18K E Esmeralda;6.0;1.0;2.0;BR04857T;1600.0;;;;
gid://shopify/ProductVariant/46355394920743;gid://shopify/ProductVariant/46355394920743;PU01808T;Default Title;1530.0;gid://shopify/Product/8577730150695;Pulseira Piscine De Ouro Amarelo 18K;6.0;1.0;3.0;PU01808T;1700.0;;;;
gid://shopify/ProductVariant/46358388015399;gid://shopify/ProductVariant/46358388015399;PI01151;C;675.0;gid://shopify/Product/8578318860583;Pingente Pop De Prata Com Ouro Amarelo - M;238.0;26.0;0.0;PI01151;750.0;;;;
gid://shopify/ProductVariant/46358388146471;gid://shopify/ProductVariant/46358388146471;PI01155;G;675.0;gid://shopify/Product/8578318860583;Pingente Pop De Prata Com Ouro Amarelo - M;238.0;26.0;0.0;PI01155;750.0;;;;
gid://shopify/ProductVariant/46336542605607;gid://shopify/ProductVariant/46336542605607;CL00332;P;3960.0;gid://shopify/Product/8573629301031;Colar Algema De Ouro Branco 18K E Diamante - P;6.0;1.0;4.0;CL00332;4400.0;;;;
gid://shopify/ProductVariant/46356741456167;gid://shopify/ProductVariant/46356741456167;BR06209T;Default Title;1890.0;gid://shopify/Product/8577997734183;Brinco Rock Chain De Prata Com Ouro Amarelo;7.0;1.0;5.0;BR06209T;2100.0;;;;
gid://shopify/ProductVariant/46336104169767;gid://shopify/ProductVariant/46336104169767;BR05779T;Default Title;5850.0;gid://shopify/Product/8573578608935;Piercing Chain Lovers De Ouro Branco 18K Com Ródio Negro E Esmeralda;6.0;1.0;3.0;BR05779T;6500.0;;;;
gid://shopify/ProductVariant/46336174981415;gid://shopify/ProductVariant/46336174981415;BR05643T;Default Title;9810.0;gid://shopify/Product/8573584998695;Brinco Ear Cuff Deco 2019 De Ouro Amarelo 18K E Diamante;6.0;1.0;2.0;BR05643T;10900.0;;;;
gid://shopify/ProductVariant/46336536477991;gid://shopify/ProductVariant/46336536477991;CL00331;P;4680.0;gid://shopify/Product/8573628023079;Colar Algema De Ouro Amarelo 18K E Diamante - P;6.0;1.0;3.0;CL00331;5200.0;;;;
gid://shopify/ProductVariant/46358265561383;gid://shopify/ProductVariant/46358265561383;PI01431;D;1260.0;gid://shopify/Product/8578290483495;Pingente Letra Rock Chain De Prata Com Ouro Amarelo e Diamantes;152.0;26.0;28.0;PI01431;1400.0;;;;
gid://shopify/ProductVariant/46498371010855;gid://shopify/ProductVariant/46498371010855;AN03449-16;16;124200.0;gid://shopify/Product/8609684291879;Anel Especial De Ouro Amarelo E Branco 18K E Diamante E Esmeralda;1.0;13.0;0.0;AN03449;138000.0;;;;
gid://shopify/ProductVariant/46498373009703;gid://shopify/ProductVariant/46498373009703;AN03492-17;17;103500.0;gid://shopify/Product/8609684947239;Anel Especial De Ouro Amarelo E Branco 18K E Diamante E Esmeralda;1.0;13.0;0.0;AN03492;115000.0;;;;
gid://shopify/ProductVariant/46393505612071;gid://shopify/ProductVariant/46393505612071;AN03542-14;14;21600.0;gid://shopify/Product/8582664323367;Anel Rock Star De Ouro Branco 18K Com Ródio Negro E Diamante E Rubi;1.0;13.0;1.0;AN03542;24000.0;;;;
gid://shopify/ProductVariant/46393517179175;gid://shopify/ProductVariant/46393517179175;AN03368-15;15;5130.0;gid://shopify/Product/8582666092839;Anel Savage De Ouro Branco 18K E Diamante Solitário;67.0;13.0;2.0;AN03368;5700.0;;;;
gid://shopify/ProductVariant/46497005044007;gid://shopify/ProductVariant/46497005044007;CL04609;Default Title;9900.0;gid://shopify/Product/8608882491687;Colar Especial De Ouro Branco 18K E Diamante Solitario;1.0;1.0;0.0;CL04609;11000.0;;;;
gid://shopify/ProductVariant/46965628240167;gid://shopify/ProductVariant/46965628240167;PU02025T;Default Title;35820.0;gid://shopify/Product/8775435092263;Pulseira Especial De Ouro 18K Com Ródio Negro E Esmeralda;1.0;1.0;0.0;PU02025T;39800.0;;;;
gid://shopify/ProductVariant/46393522258215;gid://shopify/ProductVariant/46393522258215;AN03175-19;19;990.0;gid://shopify/Product/8582667010343;Anel Whitechain De Prata Com Ouro Branco;7.0;13.0;2.0;AN03175;1100.0;;;;
gid://shopify/ProductVariant/46393519898919;gid://shopify/ProductVariant/46393519898919;AN01749-13;13;5580.0;gid://shopify/Product/8582666453287;Anel Universo De Ouro Branco 18K Com Ródio Negro E Safira;68.0;13.0;2.0;AN01749;6200.0;;;;
gid://shopify/ProductVariant/46335086264615;gid://shopify/ProductVariant/46335086264615;BR06387T;Default Title;8190.0;gid://shopify/Product/8573492986151;Brinco Celebrate De Ouro Amarelo 18K E Diamante;6.0;1.0;2.0;BR06387T;9100.0;;;;
gid://shopify/ProductVariant/46335235391783;gid://shopify/ProductVariant/46335235391783;BR05407T;Default Title;1620.0;gid://shopify/Product/8573506322727;Brinco Ear Cuff Chain De Prata Com Ouro Amarelo;7.0;1.0;4.0;BR05407T;1800.0;;;;
gid://shopify/ProductVariant/46336548995367;gid://shopify/ProductVariant/46336548995367;PU01335T;P;3330.0;gid://shopify/Product/8573630185767;Pulseira Algeminha De Ouro Amarelo 18K E Diamante - P;6.0;1.0;3.0;PU01335T;3700.0;;;;
gid://shopify/ProductVariant/46355478184231;gid://shopify/ProductVariant/46355478184231;BR04906T;Default Title;25200.0;gid://shopify/Product/8577763016999;Brinco Ear Cuff Universo De Ouro Branco 18K E Diamante;6.0;1.0;2.0;BR04906T;28000.0;;;;
gid://shopify/ProductVariant/46355636224295;gid://shopify/ProductVariant/46355636224295;CL04621;M;2430.0;gid://shopify/Product/8577853980967;Colar Mare De Prata Com Ouro Amarelo - M;7.0;1.0;4.0;CL04621;2700.0;;;;
gid://shopify/ProductVariant/46563132866855;gid://shopify/ProductVariant/46563132866855;PU02015T;M;2520.0;gid://shopify/Product/8578005369127;Pulseira Rock Chain De Prata Com Ouro Amarelo;20.0;3.0;5.0;PU02015T;2800.0;;;;
gid://shopify/ProductVariant/46563132899623;gid://shopify/ProductVariant/46563132899623;PU02016T;G;2520.0;gid://shopify/Product/8578005369127;Pulseira Rock Chain De Prata Com Ouro Amarelo;21.0;3.0;5.0;PU02016T;2800.0;;;;
gid://shopify/ProductVariant/46355369427239;gid://shopify/ProductVariant/46355369427239;PU01767T;Default Title;19800.0;gid://shopify/Product/8577721008423;Pulseira Lifestyle De Ouro Branco 18K E Diamante;1.0;1.0;2.0;PU01767T;22000.0;;;;
gid://shopify/ProductVariant/46355636191527;gid://shopify/ProductVariant/46355636191527;CL04619;P;1980.0;gid://shopify/Product/8577853948199;Colar Mare De Prata Com Ouro Amarelo - P;6.0;1.0;4.0;CL04619;2200.0;;;;
gid://shopify/ProductVariant/46496805880103;gid://shopify/ProductVariant/46496805880103;BR05712T;Default Title;351900.0;gid://shopify/Product/8608786317607;Brinco Especial De Ouro Branco 18K Com Rodio Negro E Diamante E Rubi;1.0;1.0;0.0;BR05712T;391000.0;;;;
gid://shopify/ProductVariant/46496807125287;gid://shopify/ProductVariant/46496807125287;BR06140T;Default Title;154440.0;gid://shopify/Product/8608787300647;Brinco Especial De Ouro Branco 18K Com Rodio Negro E Esmeralda;1.0;1.0;0.0;BR06140T;171600.0;;;;
gid://shopify/ProductVariant/46496808239399;gid://shopify/ProductVariant/46496808239399;BR06201T;Default Title;252270.0;gid://shopify/Product/8608787890471;Brinco Especial De Ouro Amarelo E Branco 18K E Diamante E Esmeralda;1.0;1.0;0.0;BR06201T;280300.0;;;;
gid://shopify/ProductVariant/46496816169255;gid://shopify/ProductVariant/46496816169255;CL01407;Default Title;30600.0;gid://shopify/Product/8608793493799;Colar Pura De Ouro Branco 18K Com Rodio Negro E Rubi;1.0;1.0;1.0;CL01407;34000.0;;;;
gid://shopify/ProductVariant/46497001767207;gid://shopify/ProductVariant/46497001767207;BR06124T;Default Title;119700.0;gid://shopify/Product/8608879968551;Brinco Dont Care De Ouro Branco 18K Com Rodio Negro E Esmeralda;1.0;1.0;0.0;BR06124T;133000.0;;;;
gid://shopify/ProductVariant/46498360197415;gid://shopify/ProductVariant/46498360197415;AN03510-15;15;55800.0;gid://shopify/Product/8609680589095;Anel Celebrate De Ouro Amarelo E Branco 18K E Diamante E Esmeralda;1.0;13.0;1.0;AN03510;62000.0;;;;
gid://shopify/ProductVariant/46498360983847;gid://shopify/ProductVariant/46498360983847;AN03533-16;16;110700.0;gid://shopify/Product/8609680982311;Anel Celebrate De Ouro Amarelo E Branco 18K E Diamante E Esmeralda;1.0;13.0;1.0;AN03533;123000.0;;;;
gid://shopify/ProductVariant/46498366685479;gid://shopify/ProductVariant/46498366685479;AN03148-16;16;70200.0;gid://shopify/Product/8609682620711;Anel Especial De Ouro Amarelo E Branco 18K E Diamante E Esmeralda;1.0;13.0;0.0;AN03148;78000.0;;;;
gid://shopify/ProductVariant/46498370289959;gid://shopify/ProductVariant/46498370289959;AN03448-16;16;97200.0;gid://shopify/Product/8609683931431;Anel Especial De Ouro Amarelo E Branco 18K E Diamante E Esmeralda;1.0;13.0;0.0;AN03448;108000.0;;;;
gid://shopify/ProductVariant/46509301530919;gid://shopify/ProductVariant/46509301530919;AN03088-17;17;12600.0;gid://shopify/Product/8612630036775;Anel Maes 2013 De Ouro Branco 18K Com Rodio Negro E Diamante E Esmeralda;1.0;13.0;0.0;AN03088;14000.0;;;;
gid://shopify/ProductVariant/46509315916071;gid://shopify/ProductVariant/46509315916071;AN03522-16;16;33300.0;gid://shopify/Product/8612631380263;Anel Pura De Ouro Branco 18K Com Rodio Negro E Rubi;1.0;13.0;0.0;AN03522;37000.0;;;;
gid://shopify/ProductVariant/46965897789735;gid://shopify/ProductVariant/46965897789735;CL01373;Default Title;4950.0;gid://shopify/Product/8775510851879;Colar First Diamond De Ouro Amarelo 18K E Diamante;6.0;1.0;0.0;CL01373;5500.0;;;;
gid://shopify/ProductVariant/46336537854247;gid://shopify/ProductVariant/46336537854247;CL00098;M;4320.0;gid://shopify/Product/8573628481831;Colar Algema De Ouro Branco 18K Com Ródio Negro E Diamante - M;6.0;1.0;2.0;CL00098;4800.0;;;;
gid://shopify/ProductVariant/46355371557159;gid://shopify/ProductVariant/46355371557159;BR04415T;Default Title;15660.0;gid://shopify/Product/8577722253607;Brinco Orquidea De Ouro Branco 18K E Diamante;6.0;1.0;2.0;BR04415T;17400.0;;;;
gid://shopify/ProductVariant/46355414450471;gid://shopify/ProductVariant/46355414450471;BR03453T;Default Title;3420.0;gid://shopify/Product/8577738015015;Brinco Tlj De Ouro Amarelo 18K E Diamante;6.0;1.0;1.0;BR03453T;3800.0;;;;
gid://shopify/ProductVariant/46355414614311;gid://shopify/ProductVariant/46355414614311;BR02140T;Default Title;3420.0;gid://shopify/Product/8577738178855;Brinco Tlj De Ouro Branco 18K E Diamante;6.0;1.0;2.0;BR02140T;3800.0;;;;
gid://shopify/ProductVariant/46355414712615;gid://shopify/ProductVariant/46355414712615;BR01992T;Default Title;3420.0;gid://shopify/Product/8577738277159;Brinco Tlj De Ouro Rosa 18K E Diamante;7.0;1.0;1.0;BR01992T;3800.0;;;;
gid://shopify/ProductVariant/46356783464743;gid://shopify/ProductVariant/46356783464743;PI01383;Default Title;990.0;gid://shopify/Product/8578001797415;Piercing Rock Chain De Prata Com Ouro Amarelo;6.0;1.0;3.0;PI01383;1100.0;;;;
gid://shopify/ProductVariant/46356807024935;gid://shopify/ProductVariant/46356807024935;PU02014T;P;2520.0;gid://shopify/Product/8578005369127;Pulseira Rock Chain De Prata Com Ouro Amarelo;20.0;3.0;5.0;PU02014T;2800.0;;;;
gid://shopify/ProductVariant/46358760849703;gid://shopify/ProductVariant/46358760849703;PU02077T;P;4410.0;gid://shopify/Product/8578429944103;Pulseira Mare Maxi De Prata Com Ouro Amarelo;18.0;3.0;4.0;PU02077T;4900.0;;;;
gid://shopify/ProductVariant/46358760915239;gid://shopify/ProductVariant/46358760915239;PU02078T;G;4410.0;gid://shopify/Product/8578429944103;Pulseira Mare Maxi De Prata Com Ouro Amarelo;18.0;3.0;4.0;PU02078T;4900.0;;;;
gid://shopify/ProductVariant/46358773203239;gid://shopify/ProductVariant/46358773203239;PU01735T;P;1935.0;gid://shopify/Product/8578435481895;Pulseira Riviera De Prata Com Ouro Amarelo;19.0;3.0;2.0;PU01735T;2150.0;;;;
gid://shopify/ProductVariant/46358773268775;gid://shopify/ProductVariant/46358773268775;PU01736T;M;1935.0;gid://shopify/Product/8578435481895;Pulseira Riviera De Prata Com Ouro Amarelo;19.0;3.0;2.0;PU01736T;2150.0;;;;
gid://shopify/ProductVariant/46393449283879;gid://shopify/ProductVariant/46393449283879;AN03073-15;15;990.0;gid://shopify/Product/8582656426279;Anel Chain De Prata Com Ouro Amarelo;71.0;13.0;3.0;AN03073;1100.0;;;;
gid://shopify/ProductVariant/46355477594407;gid://shopify/ProductVariant/46355477594407;BR03150T;Default Title;23400.0;gid://shopify/Product/8577762427175;Brinco Ear Cuff Universo De Ouro Branco 18K Com Ródio Negro E Diamante;6.0;1.0;3.0;BR03150T;26000.0;;;;
gid://shopify/ProductVariant/46355478053159;gid://shopify/ProductVariant/46355478053159;BR03070T;Default Title;43200.0;gid://shopify/Product/8577762885927;Brinco Ear Cuff Universo De Ouro Branco 18K E Diamante;6.0;1.0;2.0;BR03070T;48000.0;;;;
gid://shopify/ProductVariant/46496804372775;gid://shopify/ProductVariant/46496804372775;BR06383T;Default Title;81900.0;gid://shopify/Product/8608784843047;Brinco Celebrate De Ouro Branco 18K E Diamante E Turmalina Paraiba;1.0;1.0;1.0;BR06383T;91000.0;;;;
gid://shopify/ProductVariant/46496806600999;gid://shopify/ProductVariant/46496806600999;BR05922T;Default Title;42300.0;gid://shopify/Product/8608786776359;Brinco Especial De Ouro Branco 18K Com Rodio Negro E Safira;1.0;1.0;0.0;BR05922T;47000.0;;;;
gid://shopify/ProductVariant/46496813121831;gid://shopify/ProductVariant/46496813121831;CL00774;Default Title;14400.0;gid://shopify/Product/8608791429415;Colar Especial De Ouro Branco 18K Com Rodio Negro E Diamante E Turmalina Paraiba;1.0;1.0;0.0;CL00774;16000.0;;;;
gid://shopify/ProductVariant/46496837992743;gid://shopify/ProductVariant/46496837992743;PU02072T;Default Title;99000.0;gid://shopify/Product/8608803520807;Pulseira Lifestyle De Ouro Branco 18K Com Rodio Negro E Diamante E Esmeralda;1.0;1.0;0.0;PU02072T;110000.0;;;;
gid://shopify/ProductVariant/46497001636135;gid://shopify/ProductVariant/46497001636135;BR05246T;Default Title;98550.0;gid://shopify/Product/8608879870247;Brinco I Don't Care De Ouro Branco 18K Com Ródio Negro E Esmeralda;1.0;1.0;1.0;BR05246T;109500.0;;;;
gid://shopify/ProductVariant/46497006944551;gid://shopify/ProductVariant/46497006944551;PU02061T;Default Title;247500.0;gid://shopify/Product/8608883310887;Pulseira Clássico De Ouro Branco 18K E Diamante Solitario;1.0;1.0;1.0;PU02061T;275000.0;;;;
gid://shopify/ProductVariant/46497007304999;gid://shopify/ProductVariant/46497007304999;PU01764T;Default Title;612000.0;gid://shopify/Product/8608883573031;Pulseira Lifestyle De Ouro Branco 18K E Diamante Solitario;1.0;1.0;1.0;PU01764T;680000.0;;;;
gid://shopify/ProductVariant/46497110163751;gid://shopify/ProductVariant/46497110163751;BR06393T;Default Title;234900.0;gid://shopify/Product/8608939999527;Brinco Eterna Rock De Ouro Branco 18K E Diamante E Turmalina Paraiba;1.0;1.0;0.0;BR06393T;261000.0;;;;
gid://shopify/ProductVariant/46497111507239;gid://shopify/ProductVariant/46497111507239;CL04566;Default Title;594000.0;gid://shopify/Product/8608941015335;Colar Eterna Rock De Ouro Branco 18K E Diamante E Safira;1.0;1.0;0.0;CL04566;660000.0;;;;
gid://shopify/ProductVariant/46509286162727;gid://shopify/ProductVariant/46509286162727;AN03227-13;13;64080.0;gid://shopify/Product/8612628529447;Anel Especial De Ouro Branco 18K E Diamante Solitario;1.0;13.0;0.0;AN03227;71200.0;;;;
gid://shopify/ProductVariant/46509495517479;gid://shopify/ProductVariant/46509495517479;AN03482-16;16;774000.0;gid://shopify/Product/8612659036455;Anel Especial De Ouro Branco 18K E Diamante E Turmalina Paraiba;1.0;13.0;0.0;AN03482;860000.0;;;;
gid://shopify/ProductVariant/46965625389351;gid://shopify/ProductVariant/46965625389351;BR06272T;Default Title;165600.0;gid://shopify/Product/8775433912615;Brinco Especial De Ouro 18K Com Ródio Negro E Esmeralda;1.0;1.0;0.0;BR06272T;184000.0;;;;
gid://shopify/ProductVariant/46965898182951;gid://shopify/ProductVariant/46965898182951;CL04175;Default Title;288000.0;gid://shopify/Product/8775510982951;Colar Life Style De Ouro 18K Com Ródio Negro E Esmeralda E Diamante;1.0;1.0;0.0;CL04175;320000.0;;;;
gid://shopify/ProductVariant/46355633602855;gid://shopify/ProductVariant/46355633602855;BR06547T;Default Title;3510.0;gid://shopify/Product/8577853358375;Brinco Mare Maxi De Prata Com Ouro Amarelo;6.0;1.0;3.0;BR06547T;3900.0;;;;
gid://shopify/ProductVariant/46358393225511;gid://shopify/ProductVariant/46358393225511;PI01072;A;810.0;gid://shopify/Product/8578319286567;Pingente Pop De Prata Com Ouro Amarelo - G;335.0;26.0;28.0;PI01072;900.0;;;;
gid://shopify/ProductVariant/46358393651495;gid://shopify/ProductVariant/46358393651495;PI01085;N;810.0;gid://shopify/Product/8578319286567;Pingente Pop De Prata Com Ouro Amarelo - G;335.0;26.0;28.0;PI01085;900.0;;;;
gid://shopify/ProductVariant/46358760882471;gid://shopify/ProductVariant/46358760882471;PU02075T;M;4410.0;gid://shopify/Product/8578429944103;Pulseira Mare Maxi De Prata Com Ouro Amarelo;24.0;3.0;4.0;PU02075T;4900.0;;;;
gid://shopify/ProductVariant/46336574161191;gid://shopify/ProductVariant/46336574161191;CL01286;Default Title;4950.0;gid://shopify/Product/8573635723559;Colar First Diamond De Ouro Rosa 18K E Diamante;6.0;1.0;3.0;CL01286;5500.0;;;;
gid://shopify/ProductVariant/46393448857895;gid://shopify/ProductVariant/46393448857895;AN03512-17;17;5310.0;gid://shopify/Product/8582656327975;Anel Celebrate De Ouro Branco 18K E Esmeralda;67.0;13.0;3.0;AN03512;5900.0;;;;
gid://shopify/ProductVariant/46393538314535;gid://shopify/ProductVariant/46393538314535;AN02859-16;16;64800.0;gid://shopify/Product/8582668386599;Anel Maes 2013 De Ouro Amarelo 18K E Diamante Fancy;1.0;13.0;0.0;AN02859;72000.0;;;;
gid://shopify/ProductVariant/46335274320167;gid://shopify/ProductVariant/46335274320167;PU01805T;G;4410.0;gid://shopify/Product/8573509730599;Pulseira Chain De Prata Com Ouro Amarelo - Elo G;7.0;1.0;2.0;PU01805T;4900.0;;;;
gid://shopify/ProductVariant/46358265463079;gid://shopify/ProductVariant/46358265463079;PI01428;A;1260.0;gid://shopify/Product/8578290483495;Pingente Letra Rock Chain De Prata Com Ouro Amarelo e Diamantes;155.0;26.0;28.0;PI01428;1400.0;;;;
gid://shopify/ProductVariant/46965626011943;gid://shopify/ProductVariant/46965626011943;BR06640T;Default Title;3510.0;gid://shopify/Product/8775434141991;Brinco Especial De Ouro 18K Com Ródio Negro E Esmeralda;1.0;1.0;0.0;BR06640T;3900.0;;;;
gid://shopify/ProductVariant/46393486344487;gid://shopify/ProductVariant/46393486344487;AN03031-17;17;13410.0;gid://shopify/Product/8582661308711;Anel Lifestyle De Ouro Branco 18K E Diamante;66.0;13.0;2.0;AN03031;14900.0;;;;
