id;sku
gid://shopify/InventoryItem/48382116888871;BR04014T
gid://shopify/InventoryItem/48382120198439;BR04127T
gid://shopify/InventoryItem/48382916526375;BR04027T
gid://shopify/InventoryItem/48382918787367;BR04355T
gid://shopify/InventoryItem/48382922129703;BR05117T
gid://shopify/InventoryItem/48383852052775;CL04023
gid://shopify/InventoryItem/48383855984935;CL04025
gid://shopify/InventoryItem/48383861489959;CL04022
gid://shopify/InventoryItem/48383864865063;CL04024
gid://shopify/InventoryItem/48384298320167;BR05813T
gid://shopify/InventoryItem/48384304906535;BR05812T
gid://shopify/InventoryItem/48386121433383;BR06282T
gid://shopify/InventoryItem/48386124841255;BR06283T
gid://shopify/InventoryItem/48386127692071;CL04551
gid://shopify/InventoryItem/48386312700199;BR05931T
gid://shopify/InventoryItem/48386314633511;BR05938T
gid://shopify/InventoryItem/48386317025575;BR05932T
gid://shopify/InventoryItem/48386320630055;BR05933T
gid://shopify/InventoryItem/48386323382567;BR05937T
gid://shopify/InventoryItem/48386352316711;BR04476T
gid://shopify/InventoryItem/48386514026791;BR06373T
gid://shopify/InventoryItem/48386519400743;BR06375T
gid://shopify/InventoryItem/48386523234599;BR06377T
gid://shopify/InventoryItem/48386530050343;BR06379T
gid://shopify/InventoryItem/48386533523751;BR06380T
gid://shopify/InventoryItem/48386536833319;BR06381T
gid://shopify/InventoryItem/48386541748519;BR06387T
gid://shopify/InventoryItem/48386548138279;BR06299T
gid://shopify/InventoryItem/48386551611687;BR06301T
gid://shopify/InventoryItem/48386556952871;BR06302T
gid://shopify/InventoryItem/48386559410471;BR06372T
gid://shopify/InventoryItem/48386562556199;BR06374T
gid://shopify/InventoryItem/48386565800231;BR06376T
gid://shopify/InventoryItem/48386571206951;BR06378T
gid://shopify/InventoryItem/48386577072423;BR06388T
gid://shopify/InventoryItem/48386580906279;PI01465
gid://shopify/InventoryItem/48386682192167;BR05398T
gid://shopify/InventoryItem/48386684846375;BR05400T
gid://shopify/InventoryItem/48386688188711;BR05404T
gid://shopify/InventoryItem/48386690875687;BR05407T
gid://shopify/InventoryItem/48386693169447;BR05411T
gid://shopify/InventoryItem/48386694775079;BR05602T
gid://shopify/InventoryItem/48386695856423;BR05399T
gid://shopify/InventoryItem/48386697003303;BR05405T
gid://shopify/InventoryItem/48386698117415;BR05408T
gid://shopify/InventoryItem/48386700575015;BR05412T
gid://shopify/InventoryItem/48386702836007;CL04178
gid://shopify/InventoryItem/48386707128615;CL04182
gid://shopify/InventoryItem/48386711388455;CL04179
gid://shopify/InventoryItem/48386715681063;BR05606T
gid://shopify/InventoryItem/48386718892327;PU01791T
gid://shopify/InventoryItem/48386729804071;PU01805T
gid://shopify/InventoryItem/48386733146407;PU01792T
gid://shopify/InventoryItem/48386745467175;PU01806T
gid://shopify/InventoryItem/48387537699111;BR05581T
gid://shopify/InventoryItem/48387540910375;BR05603T
gid://shopify/InventoryItem/48387544023335;BR05580T
gid://shopify/InventoryItem/48387548315943;BR05604T
gid://shopify/InventoryItem/48387551559975;BR05777T
gid://shopify/InventoryItem/48387554836775;BR05778T
gid://shopify/InventoryItem/48387559096615;BR05779T
gid://shopify/InventoryItem/48387576234279;CL01443
gid://shopify/InventoryItem/48387578429735;CL01450
gid://shopify/InventoryItem/48387585081639;CL01442
gid://shopify/InventoryItem/48387588358439;CL01447
gid://shopify/InventoryItem/48387591864615;CL01449
gid://shopify/InventoryItem/48387594092839;CL01451
gid://shopify/InventoryItem/48387594191143;CL03641
gid://shopify/InventoryItem/48387594420519;CL03642
gid://shopify/InventoryItem/48387594486055;CL03643
gid://shopify/InventoryItem/48387594584359;CL03645
gid://shopify/InventoryItem/48387595764007;CL01438
gid://shopify/InventoryItem/48387599073575;CL01446
gid://shopify/InventoryItem/48387604152615;CL01448
gid://shopify/InventoryItem/48387607363879;CL01452
gid://shopify/InventoryItem/48387629908263;BR05643T
gid://shopify/InventoryItem/48387633185063;BR05649T
gid://shopify/InventoryItem/48387637674279;BR05642T
gid://shopify/InventoryItem/48387640885543;BR05650T
gid://shopify/InventoryItem/48387643080999;CL04288
gid://shopify/InventoryItem/48387645800743;CL04279
gid://shopify/InventoryItem/48387699900711;BR02400T
gid://shopify/InventoryItem/48387699966247;BR02108T
gid://shopify/InventoryItem/48387700949287;BR02120T
gid://shopify/InventoryItem/48387703898407;BR02148T
gid://shopify/InventoryItem/48387704652071;CL01000
gid://shopify/InventoryItem/48387705798951;CL01042
gid://shopify/InventoryItem/48387706880295;CL01100
gid://shopify/InventoryItem/48387708223783;CL00999
gid://shopify/InventoryItem/48387709501735;CL00016
gid://shopify/InventoryItem/48387710845223;CO01314
gid://shopify/InventoryItem/48387712516391;CO01318
gid://shopify/InventoryItem/48387713630503;CO01312
gid://shopify/InventoryItem/48387713696039;CO01316
gid://shopify/InventoryItem/48387715137831;CO00023
gid://shopify/InventoryItem/48387715760423;CO01277
gid://shopify/InventoryItem/48387716874535;CO01315
gid://shopify/InventoryItem/48387718185255;CO01313
gid://shopify/InventoryItem/48387719364903;CO01317
gid://shopify/InventoryItem/48387720479015;BR02212T
gid://shopify/InventoryItem/48387721101607;BR03167T
gid://shopify/InventoryItem/48387722248487;BR03682T
gid://shopify/InventoryItem/48387722838311;BR02192T
gid://shopify/InventoryItem/48387722871079;PU01082T
gid://shopify/InventoryItem/48387723362599;PU01936T
gid://shopify/InventoryItem/48387723591975;PU01278T
gid://shopify/InventoryItem/48387723624743;PU01293T
gid://shopify/InventoryItem/48387724181799;PU01314T
gid://shopify/InventoryItem/48387724869927;PU01081T
gid://shopify/InventoryItem/48387726508327;PU01422T
gid://shopify/InventoryItem/48387728146727;PU01074T
gid://shopify/InventoryItem/48387730440487;PU01552T
gid://shopify/InventoryItem/48387749904679;BR04856T
gid://shopify/InventoryItem/48387750494503;BR04857T
gid://shopify/InventoryItem/48387752132903;BR05616T
gid://shopify/InventoryItem/48387753804071;BR05879T
gid://shopify/InventoryItem/48387756130599;BR06472T
gid://shopify/InventoryItem/48387757244711;BR06513T
gid://shopify/InventoryItem/48387758817575;BR04220T
gid://shopify/InventoryItem/48387760881959;BR04221T
gid://shopify/InventoryItem/48387762520359;BR04223T
gid://shopify/InventoryItem/48387765240103;BR06298T
gid://shopify/InventoryItem/48387766419751;PU02059T
gid://shopify/InventoryItem/48387859087655;BR05881T
gid://shopify/InventoryItem/48387859677479;BR03449T
gid://shopify/InventoryItem/48387859808551;BR05301T
gid://shopify/InventoryItem/48387859841319;BR06039T
gid://shopify/InventoryItem/48387859906855;BR06040T
gid://shopify/InventoryItem/48387859939623;BR06041T
gid://shopify/InventoryItem/48387860529447;BR06042T
gid://shopify/InventoryItem/48387861741863;BR06111T
gid://shopify/InventoryItem/48387862331687;CL04318
gid://shopify/InventoryItem/48387863445799;CL04441
gid://shopify/InventoryItem/48387864232231;CL04442
gid://shopify/InventoryItem/48387864854823;CL04443
gid://shopify/InventoryItem/48387880943911;CL04328
gid://shopify/InventoryItem/48387942613287;BR06473T
gid://shopify/InventoryItem/48387942646055;BR06258T
gid://shopify/InventoryItem/48387942875431;CL06397
gid://shopify/InventoryItem/48387970564391;BR06392T
gid://shopify/InventoryItem/48387978723623;BR03582T
gid://shopify/InventoryItem/48387982819623;BR02064T
gid://shopify/InventoryItem/48387984851239;BR02005T
gid://shopify/InventoryItem/48387989963047;CL00331
gid://shopify/InventoryItem/48387991109927;CO0866
gid://shopify/InventoryItem/48387991339303;CL00098
gid://shopify/InventoryItem/48387994026279;CL00730
gid://shopify/InventoryItem/48387996123431;CL00332
gid://shopify/InventoryItem/48387998548263;CO0857
gid://shopify/InventoryItem/48388000284967;CL00330
gid://shopify/InventoryItem/48388002480423;PU01335T
gid://shopify/InventoryItem/48388003037479;PU01336T
gid://shopify/InventoryItem/48388005200167;PU01333T
gid://shopify/InventoryItem/48388007035175;PU01334T
gid://shopify/InventoryItem/48388026237223;BR04304T
gid://shopify/InventoryItem/48388027023655;BR04305T
gid://shopify/InventoryItem/48388027318567;CL01285
gid://shopify/InventoryItem/48388027646247;CL01286
gid://shopify/InventoryItem/48388041408807;PI01064
gid://shopify/InventoryItem/48388043669799;PI01065
gid://shopify/InventoryItem/48388046029095;PI01066
gid://shopify/InventoryItem/48388047896871;PI01067
gid://shopify/InventoryItem/48388050747687;PI01062
gid://shopify/InventoryItem/48388053139751;PI01063
gid://shopify/InventoryItem/48388066738471;BR05791T
gid://shopify/InventoryItem/48388097114407;BR06120T
gid://shopify/InventoryItem/48388099113255;BR06121T
gid://shopify/InventoryItem/48388099440935;BR06122T
gid://shopify/InventoryItem/48388099801383;CL04480
gid://shopify/InventoryItem/48388106322215;BR04822T
gid://shopify/InventoryItem/48388108321063;BR04824T
gid://shopify/InventoryItem/48388109467943;BR04833T
gid://shopify/InventoryItem/48388111335719;BR04845T
gid://shopify/InventoryItem/48388113334567;BR04849T
gid://shopify/InventoryItem/48388114317607;BR04820T
gid://shopify/InventoryItem/48388116250919;BR04847T
gid://shopify/InventoryItem/48388117561639;BR04850T
gid://shopify/InventoryItem/48388119429415;BR04852T
gid://shopify/InventoryItem/48388121166119;CL03693
gid://shopify/InventoryItem/48388126769447;CL03712
gid://shopify/InventoryItem/48388128669991;CL03716
gid://shopify/InventoryItem/48406806954279;BR05260T
gid://shopify/InventoryItem/48406807052583;BR05269T
gid://shopify/InventoryItem/48406807150887;BR05271T
gid://shopify/InventoryItem/48406807478567;BR05254T
gid://shopify/InventoryItem/48406807609639;BR05257T
gid://shopify/InventoryItem/48406807707943;BR05258T
gid://shopify/InventoryItem/48406808461607;BR05262T
gid://shopify/InventoryItem/48406808887591;BR05268T
gid://shopify/InventoryItem/48406809280807;BR05272T
gid://shopify/InventoryItem/48406809411879;BR05392T
gid://shopify/InventoryItem/48406809444647;BR05240T
gid://shopify/InventoryItem/48406809510183;BR05249T
gid://shopify/InventoryItem/48406809608487;BR05256T
gid://shopify/InventoryItem/48406809641255;BR05259T
gid://shopify/InventoryItem/48406809674023;BR05261T
gid://shopify/InventoryItem/48406809968935;BR05264T
gid://shopify/InventoryItem/48406810525991;BR05267T
gid://shopify/InventoryItem/48406810624295;BR05281T
gid://shopify/InventoryItem/48406810788135;BR05280T
gid://shopify/InventoryItem/48406810853671;BR05283T
gid://shopify/InventoryItem/48406810886439;BR05300T
gid://shopify/InventoryItem/48406811377959;BR05279T
gid://shopify/InventoryItem/48406811509031;BR05282T
gid://shopify/InventoryItem/48406811574567;BR05299T
gid://shopify/InventoryItem/48406811705639;PU01768T
gid://shopify/InventoryItem/48406811771175;PU01767T
gid://shopify/InventoryItem/48406813770023;BR04415T
gid://shopify/InventoryItem/48406813966631;BR04382T
gid://shopify/InventoryItem/48406814064935;BR04385T
gid://shopify/InventoryItem/48406814163239;BR04381T
gid://shopify/InventoryItem/48406814294311;BR04384T
gid://shopify/InventoryItem/48406815179047;CL01318
gid://shopify/InventoryItem/48406815244583;PU01661T
gid://shopify/InventoryItem/48406816489767;PU01655T
gid://shopify/InventoryItem/48406832251175;BR05443T
gid://shopify/InventoryItem/48406834282791;BR05444T
gid://shopify/InventoryItem/48406834413863;BR05449T
gid://shopify/InventoryItem/48406834708775;BR05451T
gid://shopify/InventoryItem/48406835855655;BR05453T
gid://shopify/InventoryItem/48406836183335;BR05448T
gid://shopify/InventoryItem/48406836347175;BR05450T
gid://shopify/InventoryItem/48406836445479;BR05452T
gid://shopify/InventoryItem/48406836642087;CL04197
gid://shopify/InventoryItem/48406836838695;CL04199
gid://shopify/InventoryItem/48406837002535;CL04198
gid://shopify/InventoryItem/48406837133607;PU01808T
gid://shopify/InventoryItem/48406856139047;CL04575
gid://shopify/InventoryItem/48406856532263;BR03453T
gid://shopify/InventoryItem/48406856696103;BR02140T
gid://shopify/InventoryItem/48406856794407;BR01992T
gid://shopify/InventoryItem/48406857023783;CL01040
gid://shopify/InventoryItem/48406857154855;CL00737
gid://shopify/InventoryItem/48406857318695;CO0993
gid://shopify/InventoryItem/48406879109415;BR05031T
gid://shopify/InventoryItem/48406879240487;BR05033T
gid://shopify/InventoryItem/48406879535399;CL03879
gid://shopify/InventoryItem/48406890414375;BR06522T
gid://shopify/InventoryItem/48406890971431;BR06452T
gid://shopify/InventoryItem/48406891168039;BR06454T
gid://shopify/InventoryItem/48406892183847;BR04907T
gid://shopify/InventoryItem/48406892314919;BR04908T
gid://shopify/InventoryItem/48406892413223;BR04910T
gid://shopify/InventoryItem/48406894182695;BR04911T
gid://shopify/InventoryItem/48406894280999;BR04914T
gid://shopify/InventoryItem/48406894379303;BR04915T
gid://shopify/InventoryItem/48406894510375;BR04917T
gid://shopify/InventoryItem/48406894575911;BR04918T
gid://shopify/InventoryItem/48406894739751;BR04924T
gid://shopify/InventoryItem/48406894838055;BR04925T
gid://shopify/InventoryItem/48406894936359;BR04913T
gid://shopify/InventoryItem/48406895198503;BR04916T
gid://shopify/InventoryItem/48406895264039;BR04922T
gid://shopify/InventoryItem/48406895395111;BR04923T
gid://shopify/InventoryItem/48406896214311;CL03837
gid://shopify/InventoryItem/48406896345383;CL03838
gid://shopify/InventoryItem/48406896673063;CL03832
gid://shopify/InventoryItem/48406896738599;BR04920T
gid://shopify/InventoryItem/48406896967975;PU01704T
gid://shopify/InventoryItem/48406897754407;PU01705T
gid://shopify/InventoryItem/48406916170023;BR03065T
gid://shopify/InventoryItem/48406919512359;BR03066T
gid://shopify/InventoryItem/48406919643431;BR03067T
gid://shopify/InventoryItem/48406919840039;BR03071T
gid://shopify/InventoryItem/48406919971111;BR03110T
gid://shopify/InventoryItem/48406920036647;BR03150T
gid://shopify/InventoryItem/48406920266023;BR05002T
gid://shopify/InventoryItem/48406920364327;BR03063T
gid://shopify/InventoryItem/48406920495399;BR03070T
gid://shopify/InventoryItem/48406920626471;BR04906T
gid://shopify/InventoryItem/48406931341607;BR05598T
gid://shopify/InventoryItem/48406932095271;BR05599T
gid://shopify/InventoryItem/48406932619559;CL04260
gid://shopify/InventoryItem/48406933537063;BR06049T
gid://shopify/InventoryItem/48406933635367;BR06050T
gid://shopify/InventoryItem/48406934028583;BR06051T
gid://shopify/InventoryItem/48406934257959;BR06053T
gid://shopify/InventoryItem/48406936027431;BR06054T
gid://shopify/InventoryItem/48406936125735;BR06062T
gid://shopify/InventoryItem/48406936191271;BR06063T
gid://shopify/InventoryItem/48406936322343;BR06064T
gid://shopify/InventoryItem/48406936453415;BR06068T
gid://shopify/InventoryItem/48406936518951;BR06069T
gid://shopify/InventoryItem/48406936715559;BR06070T
gid://shopify/InventoryItem/48406940254503;BR06072T
gid://shopify/InventoryItem/48406943760679;BR06073T
gid://shopify/InventoryItem/48406944088359;BR06074T
gid://shopify/InventoryItem/48406944252199;BR06105T
gid://shopify/InventoryItem/48406944317735;BR06055T
gid://shopify/InventoryItem/48406944448807;BR06056T
gid://shopify/InventoryItem/48406944645415;BR06057T
gid://shopify/InventoryItem/48406944940327;BR06058T
gid://shopify/InventoryItem/48406945071399;BR06059T
gid://shopify/InventoryItem/48406947103015;BR06061T
gid://shopify/InventoryItem/48406947201319;BR06071T
gid://shopify/InventoryItem/48406947365159;PI01364
gid://shopify/InventoryItem/48406947430695;PI01457
gid://shopify/InventoryItem/48406947594535;PI01365
gid://shopify/InventoryItem/48406949429543;BR05983T
gid://shopify/InventoryItem/48406949724455;BR05987T
gid://shopify/InventoryItem/48406949822759;BR05991T
gid://shopify/InventoryItem/48406949953831;BR05995T
gid://shopify/InventoryItem/48406950084903;BR05999T
gid://shopify/InventoryItem/48406950183207;BR05984T
gid://shopify/InventoryItem/48406952116519;BR05988T
gid://shopify/InventoryItem/48406952378663;BR05992T
gid://shopify/InventoryItem/48406952509735;BR05996T
gid://shopify/InventoryItem/48406952706343;CL04429
gid://shopify/InventoryItem/48406952870183;CL04430
gid://shopify/InventoryItem/48406953034023;BR06004T
gid://shopify/InventoryItem/48406953165095;PI01341
gid://shopify/InventoryItem/48406954803495;PI01345
gid://shopify/InventoryItem/48406955131175;PI01350
gid://shopify/InventoryItem/48406955295015;PI01342
gid://shopify/InventoryItem/48406955458855;PI01346
gid://shopify/InventoryItem/48406955819303;PI01351
gid://shopify/InventoryItem/48406958833959;BR05782T
gid://shopify/InventoryItem/48406959227175;BR05783T
gid://shopify/InventoryItem/48406959292711;BR05784T
gid://shopify/InventoryItem/48406959325479;BR05849T
gid://shopify/InventoryItem/48406959456551;CL04336
gid://shopify/InventoryItem/48406959489319;PU01915T
gid://shopify/InventoryItem/48406960865575;BR06155T
gid://shopify/InventoryItem/48406960931111;BR06159T
gid://shopify/InventoryItem/48406960996647;BR06168T
gid://shopify/InventoryItem/48406961062183;BR06170T
gid://shopify/InventoryItem/48406961160487;BR06171T
gid://shopify/InventoryItem/48406961357095;BR06172T
gid://shopify/InventoryItem/48406961455399;BR06173T
gid://shopify/InventoryItem/48406961881383;BR06174T
gid://shopify/InventoryItem/48406961946919;BR06175T
gid://shopify/InventoryItem/48406962241831;BR06176T
gid://shopify/InventoryItem/48406962471207;BR06177T
gid://shopify/InventoryItem/48406962667815;BR06178T
gid://shopify/InventoryItem/48406962700583;BR06179T
gid://shopify/InventoryItem/48406962766119;BR06192T
gid://shopify/InventoryItem/48406962929959;BR06252T
gid://shopify/InventoryItem/48406963028263;BR06152T
gid://shopify/InventoryItem/48406963126567;BR06158T
gid://shopify/InventoryItem/48406964601127;PU01999T
gid://shopify/InventoryItem/48406965322023;PU02001T
gid://shopify/InventoryItem/48406965911847;PU02003T
gid://shopify/InventoryItem/48406966698279;PU02006T
gid://shopify/InventoryItem/48406966927655;PU03422T
gid://shopify/InventoryItem/48406969254183;PU01997T
gid://shopify/InventoryItem/48407047471399;BR05350T
gid://shopify/InventoryItem/48407047733543;BR05351T
gid://shopify/InventoryItem/48407048028455;BR05352T
gid://shopify/InventoryItem/48407048225063;BR05353T
gid://shopify/InventoryItem/48407049011495;CO01278
gid://shopify/InventoryItem/48407049109799;CO01279
gid://shopify/InventoryItem/48407049339175;CO01280
gid://shopify/InventoryItem/48407049470247;CO01281
gid://shopify/InventoryItem/48407049601319;CO01282
gid://shopify/InventoryItem/48407071195431;BR06544T
gid://shopify/InventoryItem/48407071785255;BR06545T
gid://shopify/InventoryItem/48407072506151;BR06546T
gid://shopify/InventoryItem/48407074668839;BR06547T
gid://shopify/InventoryItem/48407075848487;BR06549T
gid://shopify/InventoryItem/48407077028135;BR06554T
gid://shopify/InventoryItem/48407077060903;BR06559T
gid://shopify/InventoryItem/48407077126439;BR06560T
gid://shopify/InventoryItem/48407077257511;CL04619
gid://shopify/InventoryItem/48407077290279;CL04621
gid://shopify/InventoryItem/48407079125287;CL04622
gid://shopify/InventoryItem/48407082139943;CL04631
gid://shopify/InventoryItem/48407086268711;PI01495
gid://shopify/InventoryItem/48407110811943;PI01496
gid://shopify/InventoryItem/48407119724839;BR06486T
gid://shopify/InventoryItem/48407120970023;BR06488T
gid://shopify/InventoryItem/48407122116903;BR06489T
gid://shopify/InventoryItem/48407122706727;BR06490T
gid://shopify/InventoryItem/48407123984679;BR06491T
gid://shopify/InventoryItem/48407125262631;BR06493T
gid://shopify/InventoryItem/48407125819687;BR06495T
gid://shopify/InventoryItem/48407126442279;BR06496T
gid://shopify/InventoryItem/48407127621927;BR06497T
gid://shopify/InventoryItem/48407128801575;BR06500T
gid://shopify/InventoryItem/48407130046759;BR06501T
gid://shopify/InventoryItem/48407130702119;BR06502T
gid://shopify/InventoryItem/48407131291943;BR06506T
gid://shopify/InventoryItem/48407131423015;BR06508T
gid://shopify/InventoryItem/48407131521319;BR06503T
gid://shopify/InventoryItem/48407132143911;CO01329
gid://shopify/InventoryItem/48407132209447;CO01331
gid://shopify/InventoryItem/48407132963111;CO01328
gid://shopify/InventoryItem/48407134306599;CO01330
gid://shopify/InventoryItem/48407135486247;PI01473
gid://shopify/InventoryItem/48407136076071;PI01474
gid://shopify/InventoryItem/48407137386791;PI01475
gid://shopify/InventoryItem/48407138599207;PI01476
gid://shopify/InventoryItem/48407140237607;PI01479
gid://shopify/InventoryItem/48407141482791;PI01480
gid://shopify/InventoryItem/48407142662439;PI01482
gid://shopify/InventoryItem/48407143776551;PI01486
gid://shopify/InventoryItem/48407188209959;BR06485T
gid://shopify/InventoryItem/48407189389607;BR06492T
gid://shopify/InventoryItem/48407190634791;PI01477
gid://shopify/InventoryItem/48407191748903;PI01481
gid://shopify/InventoryItem/48407193026855;PI01484
gid://shopify/InventoryItem/48407231267111;BR06494T
gid://shopify/InventoryItem/48407232971047;PI01478
gid://shopify/InventoryItem/48407593517351;CL04313
gid://shopify/InventoryItem/48407593681191;CL04314
gid://shopify/InventoryItem/48407593746727;CO01305
gid://shopify/InventoryItem/48407593812263;CO01308
gid://shopify/InventoryItem/48407593943335;PI01321
gid://shopify/InventoryItem/48407594041639;PI01330
gid://shopify/InventoryItem/48407595319591;PI01320
gid://shopify/InventoryItem/48407598891303;PI01315
gid://shopify/InventoryItem/48407600595239;PI01318
gid://shopify/InventoryItem/48407602364711;PI01319
gid://shopify/InventoryItem/48407604134183;PI01331
gid://shopify/InventoryItem/48407605346599;PI01333
gid://shopify/InventoryItem/48407606591783;PU01853T
gid://shopify/InventoryItem/48407609934119;PU01852T
gid://shopify/InventoryItem/48407620190503;PU01862T
gid://shopify/InventoryItem/48407621959975;PU01868T
gid://shopify/InventoryItem/48407627399463;PU01873T
gid://shopify/InventoryItem/48407649157415;PU01855T
gid://shopify/InventoryItem/48407649616167;PU01858T
gid://shopify/InventoryItem/48407727178023;PU01900T
gid://shopify/InventoryItem/48407733698855;PU01904T
gid://shopify/InventoryItem/48407737631015;PU01885T
gid://shopify/InventoryItem/48407741792551;PU01890T
gid://shopify/InventoryItem/48407742906663;PU01892T
gid://shopify/InventoryItem/48407744610599;PU01893T
gid://shopify/InventoryItem/48407749460263;PU01909T
gid://shopify/InventoryItem/48408177869095;BR06212T
gid://shopify/InventoryItem/48408179540263;BR06209T
gid://shopify/InventoryItem/48408218108199;BR06207T
gid://shopify/InventoryItem/48408219648295;CL04525
gid://shopify/InventoryItem/48408221253927;PI01383
gid://shopify/InventoryItem/48408221942055;PI01387
gid://shopify/InventoryItem/48408223580455;PI01388
gid://shopify/InventoryItem/48408224760103;PI01389
gid://shopify/InventoryItem/48408225415463;PI01390
gid://shopify/InventoryItem/48408225808679;PI01391
gid://shopify/InventoryItem/48408225906983;PI01392
gid://shopify/InventoryItem/48408226660647;PI01393
gid://shopify/InventoryItem/48408226758951;PI01394
gid://shopify/InventoryItem/48408227873063;PI01395
gid://shopify/InventoryItem/48408229052711;PI01396
gid://shopify/InventoryItem/48408230658343;PI01397
gid://shopify/InventoryItem/48408232263975;PI01398
gid://shopify/InventoryItem/48408233410855;PI01460
gid://shopify/InventoryItem/48408235508007;PI01461
gid://shopify/InventoryItem/48408237441319;PI01462
gid://shopify/InventoryItem/48408238555431;PI01463
gid://shopify/InventoryItem/48408240259367;PI01466
gid://shopify/InventoryItem/48408241406247;PI01467
gid://shopify/InventoryItem/48408242520359;PI01380
gid://shopify/InventoryItem/48408244781351;PU02014T
gid://shopify/InventoryItem/48408249172263;PU02067T
gid://shopify/InventoryItem/48408253038887;PU02007T
gid://shopify/InventoryItem/48408313692455;PI01464
gid://shopify/InventoryItem/48408316281127;AB01009
gid://shopify/InventoryItem/48408317428007;AB01010
gid://shopify/InventoryItem/48408319590695;AB01011
gid://shopify/InventoryItem/48408321229095;CL01134
gid://shopify/InventoryItem/48408322867495;CL01133
gid://shopify/InventoryItem/48408324702503;CL01116
gid://shopify/InventoryItem/48408854298919;CO0939R
gid://shopify/InventoryItem/48408854331687;CO0942R
gid://shopify/InventoryItem/48408854364455;CO0950R
gid://shopify/InventoryItem/48408854397223;CO0954R
gid://shopify/InventoryItem/48408854429991;CO0956R
gid://shopify/InventoryItem/48408854462759;CO0957R
gid://shopify/InventoryItem/48408854495527;CO0958R
gid://shopify/InventoryItem/48408854528295;CO0959R
gid://shopify/InventoryItem/48408855544103;CO0935A
gid://shopify/InventoryItem/48408855576871;CO0937A
gid://shopify/InventoryItem/48408855609639;CO0942A
gid://shopify/InventoryItem/48408855642407;CO0950A
gid://shopify/InventoryItem/48408855675175;CO0954A
gid://shopify/InventoryItem/48408855707943;CO0956A
gid://shopify/InventoryItem/48408855740711;CO0957A
gid://shopify/InventoryItem/48408855773479;CO0958A
gid://shopify/InventoryItem/48408856035623;CO0934B
gid://shopify/InventoryItem/48408856068391;CO0935B
gid://shopify/InventoryItem/48408856101159;CO0936B
gid://shopify/InventoryItem/48408856133927;CO0937B
gid://shopify/InventoryItem/48408856166695;CO0938B
gid://shopify/InventoryItem/48408856199463;CO0939B
gid://shopify/InventoryItem/48408856232231;CO0940B
gid://shopify/InventoryItem/48408856264999;CO0941B
gid://shopify/InventoryItem/48408856297767;CO0942B
gid://shopify/InventoryItem/48408856330535;CO0943B
gid://shopify/InventoryItem/48408856363303;CO0944B
gid://shopify/InventoryItem/48408856396071;CO0945B
gid://shopify/InventoryItem/48408856428839;CO0946B
gid://shopify/InventoryItem/48408856461607;CO0947B
gid://shopify/InventoryItem/48408856494375;CO0948B
gid://shopify/InventoryItem/48408856527143;CO0949B
gid://shopify/InventoryItem/48408856559911;CO0950B
gid://shopify/InventoryItem/48408856592679;CO0951B
gid://shopify/InventoryItem/48408856625447;CO0954B
gid://shopify/InventoryItem/48408856658215;CO0956B
gid://shopify/InventoryItem/48408856690983;CO0957B
gid://shopify/InventoryItem/48408856723751;CO0958B
gid://shopify/InventoryItem/48408856756519;CO0959B
gid://shopify/InventoryItem/48409698894119;PI01428
gid://shopify/InventoryItem/48409698926887;PI01429
gid://shopify/InventoryItem/48409698959655;PI01430
gid://shopify/InventoryItem/48409698992423;PI01431
gid://shopify/InventoryItem/48409699025191;PI01432
gid://shopify/InventoryItem/48409699057959;PI01433
gid://shopify/InventoryItem/48409699090727;PI01434
gid://shopify/InventoryItem/48409699123495;PI01435
gid://shopify/InventoryItem/48409699156263;PI01436
gid://shopify/InventoryItem/48409699189031;PI01437
gid://shopify/InventoryItem/48409699221799;PI01438
gid://shopify/InventoryItem/48409699254567;PI01439
gid://shopify/InventoryItem/48409699287335;PI01440
gid://shopify/InventoryItem/48409699320103;PI01441
gid://shopify/InventoryItem/48409699352871;PI01442
gid://shopify/InventoryItem/48409699385639;PI01443
gid://shopify/InventoryItem/48409699418407;PI01444
gid://shopify/InventoryItem/48409699451175;PI01445
gid://shopify/InventoryItem/48409699483943;PI01446
gid://shopify/InventoryItem/48409699516711;PI01447
gid://shopify/InventoryItem/48409699549479;PI01448
gid://shopify/InventoryItem/48409699582247;PI01449
gid://shopify/InventoryItem/48409699615015;PI01450
gid://shopify/InventoryItem/48409699647783;PI01451
gid://shopify/InventoryItem/48409699680551;PI01452
gid://shopify/InventoryItem/48409699713319;PI01453
gid://shopify/InventoryItem/48409820365095;PI01149
gid://shopify/InventoryItem/48409820397863;PI01150
gid://shopify/InventoryItem/48409820430631;PI01151
gid://shopify/InventoryItem/48409820463399;PI01152
gid://shopify/InventoryItem/48409820496167;PI01153
gid://shopify/InventoryItem/48409820528935;PI01154
gid://shopify/InventoryItem/48409820561703;PI01155
gid://shopify/InventoryItem/48409820594471;PI01156
gid://shopify/InventoryItem/48409820627239;PI01157
gid://shopify/InventoryItem/48409820660007;PI01158
gid://shopify/InventoryItem/48409820692775;PI01159
gid://shopify/InventoryItem/48409820725543;PI01160
gid://shopify/InventoryItem/48409820758311;PI01161
gid://shopify/InventoryItem/48409820791079;PI01162
gid://shopify/InventoryItem/48409820823847;PI01163
gid://shopify/InventoryItem/48409820856615;PI01164
gid://shopify/InventoryItem/48409820889383;PI01165
gid://shopify/InventoryItem/48409820922151;PI01166
gid://shopify/InventoryItem/48409820954919;PI01167
gid://shopify/InventoryItem/48409820987687;PI01168
gid://shopify/InventoryItem/48409821020455;PI01169
gid://shopify/InventoryItem/48409821053223;PI01170
gid://shopify/InventoryItem/48409821085991;PI01171
gid://shopify/InventoryItem/48409821118759;PI01172
gid://shopify/InventoryItem/48409821151527;PI01173
gid://shopify/InventoryItem/48409821184295;PI01174
gid://shopify/InventoryItem/48409821643047;PI01098
gid://shopify/InventoryItem/48409821675815;PI01099
gid://shopify/InventoryItem/48409821708583;PI01100
gid://shopify/InventoryItem/48409821741351;PI01101
gid://shopify/InventoryItem/48409821774119;PI01102
gid://shopify/InventoryItem/48409821806887;PI01103
gid://shopify/InventoryItem/48409821839655;PI01104
gid://shopify/InventoryItem/48409821872423;PI01105
gid://shopify/InventoryItem/48409821905191;PI01106
gid://shopify/InventoryItem/48409821937959;PI01107
gid://shopify/InventoryItem/48409821970727;PI01108
gid://shopify/InventoryItem/48409822003495;PI01109
gid://shopify/InventoryItem/48409822036263;PI01110
gid://shopify/InventoryItem/48409822069031;PI01111
gid://shopify/InventoryItem/48409822101799;PI01112
gid://shopify/InventoryItem/48409822134567;PI01113
gid://shopify/InventoryItem/48409822167335;PI01114
gid://shopify/InventoryItem/48409822200103;PI01115
gid://shopify/InventoryItem/48409822232871;PI01116
gid://shopify/InventoryItem/48409822265639;PI01117
gid://shopify/InventoryItem/48409822298407;PI01118
gid://shopify/InventoryItem/48409822331175;PI01119
gid://shopify/InventoryItem/48409822363943;PI01120
gid://shopify/InventoryItem/48409822396711;PI01121
gid://shopify/InventoryItem/48409822429479;PI01122
gid://shopify/InventoryItem/48409822462247;PI01123
gid://shopify/InventoryItem/48409825607975;PI01072
gid://shopify/InventoryItem/48409825640743;PI01073
gid://shopify/InventoryItem/48409825673511;PI01074
gid://shopify/InventoryItem/48409825706279;PI01075
gid://shopify/InventoryItem/48409825739047;PI01076
gid://shopify/InventoryItem/48409825771815;PI01077
gid://shopify/InventoryItem/48409825804583;PI01078
gid://shopify/InventoryItem/48409825837351;PI01079
gid://shopify/InventoryItem/48409825870119;PI01080
gid://shopify/InventoryItem/48409825902887;PI01081
gid://shopify/InventoryItem/48409825935655;PI01082
gid://shopify/InventoryItem/48409825968423;PI01083
gid://shopify/InventoryItem/48409826001191;PI01084
gid://shopify/InventoryItem/48409826033959;PI01085
gid://shopify/InventoryItem/48409826066727;PI01086
gid://shopify/InventoryItem/48409826099495;PI01087
gid://shopify/InventoryItem/48409826132263;PI01088
gid://shopify/InventoryItem/48409826165031;PI01089
gid://shopify/InventoryItem/48409826197799;PI01090
gid://shopify/InventoryItem/48409826230567;PI01091
gid://shopify/InventoryItem/48409826263335;PI01092
gid://shopify/InventoryItem/48409826296103;PI01093
gid://shopify/InventoryItem/48409826328871;PI01094
gid://shopify/InventoryItem/48409826361639;PI01095
gid://shopify/InventoryItem/48409826394407;PI01096
gid://shopify/InventoryItem/48409826427175;PI01097
gid://shopify/InventoryItem/48410158170407;CL04548
gid://shopify/InventoryItem/48410158203175;CL04549
gid://shopify/InventoryItem/48410158235943;CL04550
gid://shopify/InventoryItem/48410159317287;PU02039T
gid://shopify/InventoryItem/48410159350055;PU02036T
gid://shopify/InventoryItem/48410159382823;PU02038T
gid://shopify/InventoryItem/48410182222119;PU02080T
gid://shopify/InventoryItem/48410182254887;PU02076T
gid://shopify/InventoryItem/48410182287655;PU02079T
gid://shopify/InventoryItem/48410189660455;PU02077T
gid://shopify/InventoryItem/48410189693223;PU02075T
gid://shopify/InventoryItem/48410189725991;PU02078T
gid://shopify/InventoryItem/48410200244519;PU01729T
gid://shopify/InventoryItem/48410200277287;PU01730T
gid://shopify/InventoryItem/48410200310055;PU01731T
gid://shopify/InventoryItem/48410201817383;PU01735T
gid://shopify/InventoryItem/48410201850151;PU01736T
gid://shopify/InventoryItem/48410201882919;PU01737T
gid://shopify/InventoryItem/48410207453479;PU01937T
gid://shopify/InventoryItem/48410207486247;PU01945T
gid://shopify/InventoryItem/48410208764199;PU01938T
gid://shopify/InventoryItem/48410208796967;PU01946T
gid://shopify/InventoryItem/48410222068007;CL04478
gid://shopify/InventoryItem/48410222100775;CL04479
gid://shopify/InventoryItem/48410222133543;CL04490
gid://shopify/InventoryItem/48410222657831;PU01965T
gid://shopify/InventoryItem/48410222690599;PU01966T
gid://shopify/InventoryItem/48410222723367;PU01967T
gid://shopify/InventoryItem/48410225443111;PU01714T
gid://shopify/InventoryItem/48410225475879;PU01715T
gid://shopify/InventoryItem/48410225967399;PU01716T
gid://shopify/InventoryItem/48410226000167;PU01717T
gid://shopify/InventoryItem/48410226917671;PU01703T
gid://shopify/InventoryItem/48410226950439;PU01713T
gid://shopify/InventoryItem/48442265501991;PI01071
gid://shopify/InventoryItem/48442265665831;PI01125
gid://shopify/InventoryItem/48442265796903;PI01127
gid://shopify/InventoryItem/48442265862439;PI01128
gid://shopify/InventoryItem/48442265895207;PI01132
gid://shopify/InventoryItem/48442265927975;PI01133
gid://shopify/InventoryItem/48442266026279;PI01134
gid://shopify/InventoryItem/48442266091815;PI01136
gid://shopify/InventoryItem/48442267304231;PI01138
gid://shopify/InventoryItem/48442269860135;PI01139
gid://shopify/InventoryItem/48442269958439;PI01141
gid://shopify/InventoryItem/48442285228327;PI01145
gid://shopify/InventoryItem/48442285556007;PI01296
gid://shopify/InventoryItem/48444842115367;AN02482-10
gid://shopify/InventoryItem/48444842148135;AN02482-11
gid://shopify/InventoryItem/48444842180903;AN02482-12
gid://shopify/InventoryItem/48444842213671;AN02482-13
gid://shopify/InventoryItem/48444842246439;AN02482-14
gid://shopify/InventoryItem/48444842279207;AN02482-15
gid://shopify/InventoryItem/48444842311975;AN02482-16
gid://shopify/InventoryItem/48444842344743;AN02482-17
gid://shopify/InventoryItem/48444842377511;AN02482-18
gid://shopify/InventoryItem/48444842410279;AN02482-19
gid://shopify/InventoryItem/48444842443047;AN02482-20
gid://shopify/InventoryItem/48444842475815;AN02482-21
gid://shopify/InventoryItem/48444842508583;AN02482-22
gid://shopify/InventoryItem/48444842639655;AN02949-10
gid://shopify/InventoryItem/48444842672423;AN02949-11
gid://shopify/InventoryItem/48444842705191;AN02949-12
gid://shopify/InventoryItem/48444842737959;AN02949-13
gid://shopify/InventoryItem/48444842770727;AN02949-14
gid://shopify/InventoryItem/48444842803495;AN02949-15
gid://shopify/InventoryItem/48444842836263;AN02949-16
gid://shopify/InventoryItem/48444842869031;AN02949-17
gid://shopify/InventoryItem/48444842901799;AN02949-18
gid://shopify/InventoryItem/48444842934567;AN02949-19
gid://shopify/InventoryItem/48444842967335;AN02949-20
gid://shopify/InventoryItem/48444843000103;AN02949-21
gid://shopify/InventoryItem/48444843032871;AN02949-22
gid://shopify/InventoryItem/48444843295015;AN02483-10
gid://shopify/InventoryItem/48444843327783;AN02483-11
gid://shopify/InventoryItem/48444843360551;AN02483-12
gid://shopify/InventoryItem/48444843393319;AN02483-13
gid://shopify/InventoryItem/48444843426087;AN02483-14
gid://shopify/InventoryItem/48444843458855;AN02483-15
gid://shopify/InventoryItem/48444843491623;AN02483-16
gid://shopify/InventoryItem/48444843524391;AN02483-17
gid://shopify/InventoryItem/48444843557159;AN02483-18
gid://shopify/InventoryItem/48444843589927;AN02483-19
gid://shopify/InventoryItem/48444843622695;AN02483-20
gid://shopify/InventoryItem/48444843655463;AN02483-21
gid://shopify/InventoryItem/48444843688231;AN02483-22
gid://shopify/InventoryItem/48444843852071;AN03268-10
gid://shopify/InventoryItem/48444843884839;AN03268-11
gid://shopify/InventoryItem/48444843917607;AN03268-12
gid://shopify/InventoryItem/48444843950375;AN03268-13
gid://shopify/InventoryItem/48444843983143;AN03268-14
gid://shopify/InventoryItem/48444844015911;AN03268-15
gid://shopify/InventoryItem/48444844048679;AN03268-16
gid://shopify/InventoryItem/48444844081447;AN03268-17
gid://shopify/InventoryItem/48444844114215;AN03268-18
gid://shopify/InventoryItem/48444844146983;AN03268-19
gid://shopify/InventoryItem/48444844179751;AN03268-20
gid://shopify/InventoryItem/48444844212519;AN03268-21
gid://shopify/InventoryItem/48444844245287;AN03268-22
gid://shopify/InventoryItem/48444844835111;AN03255-10
gid://shopify/InventoryItem/48444844867879;AN03255-11
gid://shopify/InventoryItem/48444844900647;AN03255-12
gid://shopify/InventoryItem/48444844933415;AN03255-13
gid://shopify/InventoryItem/48444844966183;AN03255-14
gid://shopify/InventoryItem/48444844998951;AN03255-15
gid://shopify/InventoryItem/48444845031719;AN03255-16
gid://shopify/InventoryItem/48444845064487;AN03255-17
gid://shopify/InventoryItem/48444845097255;AN03255-18
gid://shopify/InventoryItem/48444845130023;AN03255-19
gid://shopify/InventoryItem/48444845162791;AN03255-20
gid://shopify/InventoryItem/48444845195559;AN03255-21
gid://shopify/InventoryItem/48444845228327;AN03255-22
gid://shopify/InventoryItem/48444845588775;AN03337-10
gid://shopify/InventoryItem/48444845621543;AN03337-11
gid://shopify/InventoryItem/48444845654311;AN03337-12
gid://shopify/InventoryItem/48444845687079;AN03337-13
gid://shopify/InventoryItem/48444845719847;AN03337-14
gid://shopify/InventoryItem/48444845752615;AN03337-15
gid://shopify/InventoryItem/48444845785383;AN03337-16
gid://shopify/InventoryItem/48444845818151;AN03337-17
gid://shopify/InventoryItem/48444845850919;AN03337-18
gid://shopify/InventoryItem/48444845883687;AN03337-19
gid://shopify/InventoryItem/48444845916455;AN03337-20
gid://shopify/InventoryItem/48444845949223;AN03337-21
gid://shopify/InventoryItem/48444845981991;AN03337-22
gid://shopify/InventoryItem/48444846014759;AN03338-10
gid://shopify/InventoryItem/48444846047527;AN03338-11
gid://shopify/InventoryItem/48444846080295;AN03338-12
gid://shopify/InventoryItem/48444846113063;AN03338-13
gid://shopify/InventoryItem/48444846145831;AN03338-14
gid://shopify/InventoryItem/48444846178599;AN03338-15
gid://shopify/InventoryItem/48444846211367;AN03338-16
gid://shopify/InventoryItem/48444846244135;AN03338-17
gid://shopify/InventoryItem/48444846276903;AN03338-18
gid://shopify/InventoryItem/48444846309671;AN03338-19
gid://shopify/InventoryItem/48444846342439;AN03338-20
gid://shopify/InventoryItem/48444846375207;AN03338-21
gid://shopify/InventoryItem/48444846407975;AN03338-22
gid://shopify/InventoryItem/48444847358247;AN03342-10
gid://shopify/InventoryItem/48444847391015;AN03342-11
gid://shopify/InventoryItem/48444847423783;AN03342-12
gid://shopify/InventoryItem/48444847456551;AN03342-13
gid://shopify/InventoryItem/48444847489319;AN03342-14
gid://shopify/InventoryItem/48444847522087;AN03342-15
gid://shopify/InventoryItem/48444847554855;AN03342-16
gid://shopify/InventoryItem/48444847587623;AN03342-17
gid://shopify/InventoryItem/48444847620391;AN03342-18
gid://shopify/InventoryItem/48444847653159;AN03342-19
gid://shopify/InventoryItem/48444847685927;AN03342-20
gid://shopify/InventoryItem/48444847718695;AN03342-21
gid://shopify/InventoryItem/48444847751463;AN03342-22
gid://shopify/InventoryItem/48444848701735;AN03518-10
gid://shopify/InventoryItem/48444848734503;AN03518-11
gid://shopify/InventoryItem/48444848767271;AN03518-12
gid://shopify/InventoryItem/48444848800039;AN03518-13
gid://shopify/InventoryItem/48444848832807;AN03518-14
gid://shopify/InventoryItem/48444848865575;AN03518-15
gid://shopify/InventoryItem/48444848898343;AN03518-16
gid://shopify/InventoryItem/48444848931111;AN03518-17
gid://shopify/InventoryItem/48444848963879;AN03518-18
gid://shopify/InventoryItem/48444848996647;AN03518-19
gid://shopify/InventoryItem/48444849029415;AN03518-20
gid://shopify/InventoryItem/48444849062183;AN03518-21
gid://shopify/InventoryItem/48444849094951;AN03518-22
gid://shopify/InventoryItem/48444849881383;AN03530-10
gid://shopify/InventoryItem/48444849914151;AN03530-11
gid://shopify/InventoryItem/48444849946919;AN03530-12
gid://shopify/InventoryItem/48444849979687;AN03530-13
gid://shopify/InventoryItem/48444850012455;AN03530-14
gid://shopify/InventoryItem/48444850045223;AN03530-15
gid://shopify/InventoryItem/48444850077991;AN03530-16
gid://shopify/InventoryItem/48444850110759;AN03530-17
gid://shopify/InventoryItem/48444850143527;AN03530-18
gid://shopify/InventoryItem/48444850176295;AN03530-19
gid://shopify/InventoryItem/48444850209063;AN03530-20
gid://shopify/InventoryItem/48444850241831;AN03530-21
gid://shopify/InventoryItem/48444850274599;AN03530-22
gid://shopify/InventoryItem/48444850503975;AN03531-10
gid://shopify/InventoryItem/48444850536743;AN03531-11
gid://shopify/InventoryItem/48444850569511;AN03531-12
gid://shopify/InventoryItem/48444850602279;AN03531-13
gid://shopify/InventoryItem/48444850635047;AN03531-14
gid://shopify/InventoryItem/48444850667815;AN03531-15
gid://shopify/InventoryItem/48444850700583;AN03531-16
gid://shopify/InventoryItem/48444850733351;AN03531-17
gid://shopify/InventoryItem/48444850766119;AN03531-18
gid://shopify/InventoryItem/48444850798887;AN03531-19
gid://shopify/InventoryItem/48444850831655;AN03531-20
gid://shopify/InventoryItem/48444850864423;AN03531-21
gid://shopify/InventoryItem/48444850897191;AN03531-22
gid://shopify/InventoryItem/48444851093799;AN03532-10
gid://shopify/InventoryItem/48444851126567;AN03532-11
gid://shopify/InventoryItem/48444851159335;AN03532-12
gid://shopify/InventoryItem/48444851192103;AN03532-13
gid://shopify/InventoryItem/48444851224871;AN03532-14
gid://shopify/InventoryItem/48444851257639;AN03532-15
gid://shopify/InventoryItem/48444851290407;AN03532-16
gid://shopify/InventoryItem/48444851323175;AN03532-17
gid://shopify/InventoryItem/48444851355943;AN03532-18
gid://shopify/InventoryItem/48444851388711;AN03532-19
gid://shopify/InventoryItem/48444851421479;AN03532-20
gid://shopify/InventoryItem/48444851454247;AN03532-21
gid://shopify/InventoryItem/48444851487015;AN03532-22
gid://shopify/InventoryItem/48444852240679;AN03506-10
gid://shopify/InventoryItem/48444852273447;AN03506-11
gid://shopify/InventoryItem/48444852306215;AN03506-12
gid://shopify/InventoryItem/48444852338983;AN03506-13
gid://shopify/InventoryItem/48444852371751;AN03506-14
gid://shopify/InventoryItem/48444852404519;AN03506-15
gid://shopify/InventoryItem/48444852437287;AN03506-16
gid://shopify/InventoryItem/48444852470055;AN03506-17
gid://shopify/InventoryItem/48444852502823;AN03506-18
gid://shopify/InventoryItem/48444852535591;AN03506-19
gid://shopify/InventoryItem/48444852568359;AN03506-20
gid://shopify/InventoryItem/48444852601127;AN03506-21
gid://shopify/InventoryItem/48444852633895;AN03506-22
gid://shopify/InventoryItem/48444852928807;AN03513-10
gid://shopify/InventoryItem/48444852961575;AN03513-11
gid://shopify/InventoryItem/48444852994343;AN03513-12
gid://shopify/InventoryItem/48444853027111;AN03513-13
gid://shopify/InventoryItem/48444853059879;AN03513-14
gid://shopify/InventoryItem/48444853092647;AN03513-15
gid://shopify/InventoryItem/48444853125415;AN03513-16
gid://shopify/InventoryItem/48444853158183;AN03513-17
gid://shopify/InventoryItem/48444853190951;AN03513-18
gid://shopify/InventoryItem/48444853223719;AN03513-19
gid://shopify/InventoryItem/48444853256487;AN03513-20
gid://shopify/InventoryItem/48444853289255;AN03513-21
gid://shopify/InventoryItem/48444853322023;AN03513-22
gid://shopify/InventoryItem/48444853518631;AN03505-10
gid://shopify/InventoryItem/48444853551399;AN03505-11
gid://shopify/InventoryItem/48444853584167;AN03505-12
gid://shopify/InventoryItem/48444853616935;AN03505-13
gid://shopify/InventoryItem/48444853649703;AN03505-14
gid://shopify/InventoryItem/48444853682471;AN03505-15
gid://shopify/InventoryItem/48444853715239;AN03505-16
gid://shopify/InventoryItem/48444853748007;AN03505-17
gid://shopify/InventoryItem/48444853780775;AN03505-18
gid://shopify/InventoryItem/48444853813543;AN03505-19
gid://shopify/InventoryItem/48444853846311;AN03505-20
gid://shopify/InventoryItem/48444853879079;AN03505-21
gid://shopify/InventoryItem/48444853911847;AN03505-22
gid://shopify/InventoryItem/48444854173991;AN03512-10
gid://shopify/InventoryItem/48444854206759;AN03512-11
gid://shopify/InventoryItem/48444854239527;AN03512-12
gid://shopify/InventoryItem/48444854272295;AN03512-13
gid://shopify/InventoryItem/48444854305063;AN03512-14
gid://shopify/InventoryItem/48444854337831;AN03512-15
gid://shopify/InventoryItem/48444854370599;AN03512-16
gid://shopify/InventoryItem/48444854403367;AN03512-17
gid://shopify/InventoryItem/48444854436135;AN03512-18
gid://shopify/InventoryItem/48444854468903;AN03512-19
gid://shopify/InventoryItem/48444854501671;AN03512-20
gid://shopify/InventoryItem/48444854534439;AN03512-21
gid://shopify/InventoryItem/48444854567207;AN03512-22
gid://shopify/InventoryItem/48444854665511;AN03073-10
gid://shopify/InventoryItem/48444854698279;AN03073-11
gid://shopify/InventoryItem/48444854731047;AN03073-12
gid://shopify/InventoryItem/48444854763815;AN03073-13
gid://shopify/InventoryItem/48444854796583;AN03073-14
gid://shopify/InventoryItem/48444854829351;AN03073-15
gid://shopify/InventoryItem/48444854862119;AN03073-16
gid://shopify/InventoryItem/48444854894887;AN03073-17
gid://shopify/InventoryItem/48444854927655;AN03073-18
gid://shopify/InventoryItem/48444854960423;AN03073-19
gid://shopify/InventoryItem/48444854993191;AN03073-20
gid://shopify/InventoryItem/48444855025959;AN03073-21
gid://shopify/InventoryItem/48444855058727;AN03073-22
gid://shopify/InventoryItem/48444855648551;AN03074-10
gid://shopify/InventoryItem/48444855681319;AN03074-11
gid://shopify/InventoryItem/48444855714087;AN03074-12
gid://shopify/InventoryItem/48444855746855;AN03074-13
gid://shopify/InventoryItem/48444855779623;AN03074-14
gid://shopify/InventoryItem/48444855812391;AN03074-15
gid://shopify/InventoryItem/48444855845159;AN03074-16
gid://shopify/InventoryItem/48444855877927;AN03074-17
gid://shopify/InventoryItem/48444855910695;AN03074-18
gid://shopify/InventoryItem/48444855943463;AN03074-19
gid://shopify/InventoryItem/48444855976231;AN03074-20
gid://shopify/InventoryItem/48444856008999;AN03074-21
gid://shopify/InventoryItem/48444856041767;AN03074-22
gid://shopify/InventoryItem/48444856140071;AL00031-10
gid://shopify/InventoryItem/48444856172839;AL00031-11
gid://shopify/InventoryItem/48444856205607;AL00031-12
gid://shopify/InventoryItem/48444856238375;AL00031-13
gid://shopify/InventoryItem/48444856271143;AL00031-14
gid://shopify/InventoryItem/48444856303911;AL00031-15
gid://shopify/InventoryItem/48444856336679;AL00031-16
gid://shopify/InventoryItem/48444856369447;AL00031-17
gid://shopify/InventoryItem/48444856402215;AL00031-18
gid://shopify/InventoryItem/48444856434983;AL00031-19
gid://shopify/InventoryItem/48444856467751;AL00031-20
gid://shopify/InventoryItem/48444856500519;AL00031-21
gid://shopify/InventoryItem/48444856533287;AL00031-22
gid://shopify/InventoryItem/48444856860967;AL00037-10
gid://shopify/InventoryItem/48444856893735;AL00037-11
gid://shopify/InventoryItem/48444856926503;AL00037-12
gid://shopify/InventoryItem/48444856959271;AL00037-13
gid://shopify/InventoryItem/48444856992039;AL00037-14
gid://shopify/InventoryItem/48444857024807;AL00037-15
gid://shopify/InventoryItem/48444857057575;AL00037-16
gid://shopify/InventoryItem/48444857090343;AL00037-17
gid://shopify/InventoryItem/48444857123111;AL00037-18
gid://shopify/InventoryItem/48444857155879;AL00037-19
gid://shopify/InventoryItem/48444857188647;AL00037-20
gid://shopify/InventoryItem/48444857221415;AL00037-21
gid://shopify/InventoryItem/48444857254183;AL00037-22
gid://shopify/InventoryItem/48444857286951;AL0127-10
gid://shopify/InventoryItem/48444857319719;AL0127-11
gid://shopify/InventoryItem/48444857352487;AL0127-12
gid://shopify/InventoryItem/48444857385255;AL0127-13
gid://shopify/InventoryItem/48444857418023;AL0127-14
gid://shopify/InventoryItem/48444857450791;AL0127-15
gid://shopify/InventoryItem/48444857483559;AL0127-16
gid://shopify/InventoryItem/48444857516327;AL0127-17
gid://shopify/InventoryItem/48444857549095;AL0127-18
gid://shopify/InventoryItem/48444857581863;AL0127-19
gid://shopify/InventoryItem/48444857614631;AL0127-20
gid://shopify/InventoryItem/48444857647399;AL0127-21
gid://shopify/InventoryItem/48444857680167;AL0127-22
gid://shopify/InventoryItem/48444858171687;AL0129-10
gid://shopify/InventoryItem/48444858204455;AL0129-11
gid://shopify/InventoryItem/48444858237223;AL0129-12
gid://shopify/InventoryItem/48444858269991;AL0129-13
gid://shopify/InventoryItem/48444858302759;AL0129-14
gid://shopify/InventoryItem/48444858335527;AL0129-15
gid://shopify/InventoryItem/48444858368295;AL0129-16
gid://shopify/InventoryItem/48444858401063;AL0129-17
gid://shopify/InventoryItem/48444858433831;AL0129-18
gid://shopify/InventoryItem/48444858466599;AL0129-19
gid://shopify/InventoryItem/48444858499367;AL0129-20
gid://shopify/InventoryItem/48444858532135;AL0129-21
gid://shopify/InventoryItem/48444858564903;AL0129-22
gid://shopify/InventoryItem/48444858794279;AL0131-10
gid://shopify/InventoryItem/48444858827047;AL0131-11
gid://shopify/InventoryItem/48444858859815;AL0131-12
gid://shopify/InventoryItem/48444858892583;AL0131-13
gid://shopify/InventoryItem/48444858925351;AL0131-14
gid://shopify/InventoryItem/48444858958119;AL0131-15
gid://shopify/InventoryItem/48444858990887;AL0131-16
gid://shopify/InventoryItem/48444859023655;AL0131-17
gid://shopify/InventoryItem/48444859056423;AL0131-18
gid://shopify/InventoryItem/48444859089191;AL0131-19
gid://shopify/InventoryItem/48444859121959;AL0131-20
gid://shopify/InventoryItem/48444859154727;AL0131-21
gid://shopify/InventoryItem/48444859187495;AL0131-22
gid://shopify/InventoryItem/48444859613479;AL00033-10
gid://shopify/InventoryItem/48444859646247;AL00033-11
gid://shopify/InventoryItem/48444859679015;AL00033-12
gid://shopify/InventoryItem/48444859711783;AL00033-13
gid://shopify/InventoryItem/48444859744551;AL00033-14
gid://shopify/InventoryItem/48444859777319;AL00033-15
gid://shopify/InventoryItem/48444859810087;AL00033-16
gid://shopify/InventoryItem/48444859842855;AL00033-17
gid://shopify/InventoryItem/48444859875623;AL00033-18
gid://shopify/InventoryItem/48444859908391;AL00033-19
gid://shopify/InventoryItem/48444859941159;AL00033-20
gid://shopify/InventoryItem/48444859973927;AL00033-21
gid://shopify/InventoryItem/48444860006695;AL00033-22
gid://shopify/InventoryItem/48444860268839;AL0119-10
gid://shopify/InventoryItem/48444860301607;AL0119-11
gid://shopify/InventoryItem/48444860334375;AL0119-12
gid://shopify/InventoryItem/48444860367143;AL0119-13
gid://shopify/InventoryItem/48444860399911;AL0119-14
gid://shopify/InventoryItem/48444860432679;AL0119-15
gid://shopify/InventoryItem/48444860465447;AL0119-16
gid://shopify/InventoryItem/48444860498215;AL0119-17
gid://shopify/InventoryItem/48444860530983;AL0119-18
gid://shopify/InventoryItem/48444860563751;AL0119-19
gid://shopify/InventoryItem/48444860596519;AL0119-20
gid://shopify/InventoryItem/48444860629287;AL0119-21
gid://shopify/InventoryItem/48444860662055;AL0119-22
gid://shopify/InventoryItem/48444862071079;AL0121-10
gid://shopify/InventoryItem/48444862103847;AL0121-11
gid://shopify/InventoryItem/48444862136615;AL0121-12
gid://shopify/InventoryItem/48444862169383;AL0121-13
gid://shopify/InventoryItem/48444862202151;AL0121-14
gid://shopify/InventoryItem/48444862234919;AL0121-15
gid://shopify/InventoryItem/48444862267687;AL0121-16
gid://shopify/InventoryItem/48444862300455;AL0121-17
gid://shopify/InventoryItem/48444862333223;AL0121-18
gid://shopify/InventoryItem/48444862365991;AL0121-19
gid://shopify/InventoryItem/48444862398759;AL0121-20
gid://shopify/InventoryItem/48444862431527;AL0121-21
gid://shopify/InventoryItem/48444862464295;AL0121-22
gid://shopify/InventoryItem/48444862923047;AL0123-10
gid://shopify/InventoryItem/48444862955815;AL0123-11
gid://shopify/InventoryItem/48444862988583;AL0123-12
gid://shopify/InventoryItem/48444863021351;AL0123-13
gid://shopify/InventoryItem/48444863054119;AL0123-14
gid://shopify/InventoryItem/48444863086887;AL0123-15
gid://shopify/InventoryItem/48444863119655;AL0123-16
gid://shopify/InventoryItem/48444863152423;AL0123-17
gid://shopify/InventoryItem/48444863185191;AL0123-18
gid://shopify/InventoryItem/48444863217959;AL0123-19
gid://shopify/InventoryItem/48444863250727;AL0123-20
gid://shopify/InventoryItem/48444863283495;AL0123-21
gid://shopify/InventoryItem/48444863316263;AL0123-22
gid://shopify/InventoryItem/48444863512871;AL0143-10
gid://shopify/InventoryItem/48444863545639;AL0143-11
gid://shopify/InventoryItem/48444863578407;AL0143-12
gid://shopify/InventoryItem/48444863611175;AL0143-13
gid://shopify/InventoryItem/48444863643943;AL0143-14
gid://shopify/InventoryItem/48444863676711;AL0143-15
gid://shopify/InventoryItem/48444863709479;AL0143-16
gid://shopify/InventoryItem/48444863742247;AL0143-17
gid://shopify/InventoryItem/48444863775015;AL0143-18
gid://shopify/InventoryItem/48444863807783;AL0143-19
gid://shopify/InventoryItem/48444863840551;AL0143-20
gid://shopify/InventoryItem/48444863873319;AL0143-21
gid://shopify/InventoryItem/48444863906087;AL0143-22
gid://shopify/InventoryItem/48444864135463;AL00042-10
gid://shopify/InventoryItem/48444864168231;AL00042-11
gid://shopify/InventoryItem/48444864200999;AL00042-12
gid://shopify/InventoryItem/48444864233767;AL00042-13
gid://shopify/InventoryItem/48444864266535;AL00042-14
gid://shopify/InventoryItem/48444864299303;AL00042-15
gid://shopify/InventoryItem/48444864332071;AL00042-16
gid://shopify/InventoryItem/48444864364839;AL00042-17
gid://shopify/InventoryItem/48444864397607;AL00042-18
gid://shopify/InventoryItem/48444864430375;AL00042-19
gid://shopify/InventoryItem/48444864463143;AL00042-20
gid://shopify/InventoryItem/48444864495911;AL00042-21
gid://shopify/InventoryItem/48444864528679;AL00042-22
gid://shopify/InventoryItem/48444864758055;AL00049-10
gid://shopify/InventoryItem/48444864790823;AL00049-11
gid://shopify/InventoryItem/48444864823591;AL00049-12
gid://shopify/InventoryItem/48444864856359;AL00049-13
gid://shopify/InventoryItem/48444864889127;AL00049-14
gid://shopify/InventoryItem/48444864921895;AL00049-15
gid://shopify/InventoryItem/48444864954663;AL00049-16
gid://shopify/InventoryItem/48444864987431;AL00049-17
gid://shopify/InventoryItem/48444865020199;AL00049-18
gid://shopify/InventoryItem/48444865052967;AL00049-19
gid://shopify/InventoryItem/48444865085735;AL00049-20
gid://shopify/InventoryItem/48444865118503;AL00049-21
gid://shopify/InventoryItem/48444865151271;AL00049-22
gid://shopify/InventoryItem/48444865315111;AL00069-10
gid://shopify/InventoryItem/48444865347879;AL00069-11
gid://shopify/InventoryItem/48444865380647;AL00069-12
gid://shopify/InventoryItem/48444865413415;AL00069-13
gid://shopify/InventoryItem/48444865446183;AL00069-14
gid://shopify/InventoryItem/48444865478951;AL00069-15
gid://shopify/InventoryItem/48444865511719;AL00069-16
gid://shopify/InventoryItem/48444865544487;AL00069-17
gid://shopify/InventoryItem/48444865577255;AL00069-18
gid://shopify/InventoryItem/48444865610023;AL00069-19
gid://shopify/InventoryItem/48444865642791;AL00069-20
gid://shopify/InventoryItem/48444865675559;AL00069-21
gid://shopify/InventoryItem/48444865708327;AL00069-22
gid://shopify/InventoryItem/48444866003239;AL02775-10
gid://shopify/InventoryItem/48444866036007;AL02775-11
gid://shopify/InventoryItem/48444866068775;AL02775-12
gid://shopify/InventoryItem/48444866101543;AL02775-13
gid://shopify/InventoryItem/48444866134311;AL02775-14
gid://shopify/InventoryItem/48444866167079;AL02775-15
gid://shopify/InventoryItem/48444866199847;AL02775-16
gid://shopify/InventoryItem/48444866232615;AL02775-17
gid://shopify/InventoryItem/48444866265383;AL02775-18
gid://shopify/InventoryItem/48444866298151;AL02775-19
gid://shopify/InventoryItem/48444866330919;AL02775-20
gid://shopify/InventoryItem/48444866363687;AL02775-21
gid://shopify/InventoryItem/48444866396455;AL02775-22
gid://shopify/InventoryItem/48444866920743;AN03191-10
gid://shopify/InventoryItem/48444866953511;AN03191-11
gid://shopify/InventoryItem/48444866986279;AN03191-12
gid://shopify/InventoryItem/48444867019047;AN03191-13
gid://shopify/InventoryItem/48444867051815;AN03191-14
gid://shopify/InventoryItem/48444867084583;AN03191-15
gid://shopify/InventoryItem/48444867117351;AN03191-16
gid://shopify/InventoryItem/48444867150119;AN03191-17
gid://shopify/InventoryItem/48444867182887;AN03191-18
gid://shopify/InventoryItem/48444867215655;AN03191-19
gid://shopify/InventoryItem/48444867248423;AN03191-20
gid://shopify/InventoryItem/48444867281191;AN03191-21
gid://shopify/InventoryItem/48444867313959;AN03191-22
gid://shopify/InventoryItem/48444867379495;AN03190-10
gid://shopify/InventoryItem/48444867412263;AN03190-11
gid://shopify/InventoryItem/48444867445031;AN03190-12
gid://shopify/InventoryItem/48444867477799;AN03190-13
gid://shopify/InventoryItem/48444867510567;AN03190-14
gid://shopify/InventoryItem/48444867543335;AN03190-15
gid://shopify/InventoryItem/48444867576103;AN03190-16
gid://shopify/InventoryItem/48444867608871;AN03190-17
gid://shopify/InventoryItem/48444867641639;AN03190-18
gid://shopify/InventoryItem/48444867674407;AN03190-19
gid://shopify/InventoryItem/48444867707175;AN03190-20
gid://shopify/InventoryItem/48444867739943;AN03190-21
gid://shopify/InventoryItem/48444867772711;AN03190-22
gid://shopify/InventoryItem/48444867903783;AN03189-10
gid://shopify/InventoryItem/48444867936551;AN03189-11
gid://shopify/InventoryItem/48444867969319;AN03189-12
gid://shopify/InventoryItem/48444868002087;AN03189-13
gid://shopify/InventoryItem/48444868034855;AN03189-14
gid://shopify/InventoryItem/48444868067623;AN03189-15
gid://shopify/InventoryItem/48444868100391;AN03189-16
gid://shopify/InventoryItem/48444868133159;AN03189-17
gid://shopify/InventoryItem/48444868165927;AN03189-18
gid://shopify/InventoryItem/48444868198695;AN03189-19
gid://shopify/InventoryItem/48444868231463;AN03189-20
gid://shopify/InventoryItem/48444868264231;AN03189-21
gid://shopify/InventoryItem/48444868296999;AN03189-22
gid://shopify/InventoryItem/48444868329767;AN03556-10
gid://shopify/InventoryItem/48444868362535;AN03556-11
gid://shopify/InventoryItem/48444868395303;AN03556-12
gid://shopify/InventoryItem/48444868428071;AN03556-13
gid://shopify/InventoryItem/48444868460839;AN03556-14
gid://shopify/InventoryItem/48444868493607;AN03556-15
gid://shopify/InventoryItem/48444868526375;AN03556-16
gid://shopify/InventoryItem/48444868559143;AN03556-17
gid://shopify/InventoryItem/48444868591911;AN03556-18
gid://shopify/InventoryItem/48444868624679;AN03556-19
gid://shopify/InventoryItem/48444868657447;AN03556-20
gid://shopify/InventoryItem/48444868690215;AN03556-21
gid://shopify/InventoryItem/48444868722983;AN03556-22
gid://shopify/InventoryItem/48444869050663;AN03557-10
gid://shopify/InventoryItem/48444869083431;AN03557-11
gid://shopify/InventoryItem/48444869116199;AN03557-12
gid://shopify/InventoryItem/48444869148967;AN03557-13
gid://shopify/InventoryItem/48444869181735;AN03557-14
gid://shopify/InventoryItem/48444869214503;AN03557-15
gid://shopify/InventoryItem/48444869247271;AN03557-16
gid://shopify/InventoryItem/48444869280039;AN03557-17
gid://shopify/InventoryItem/48444869312807;AN03557-18
gid://shopify/InventoryItem/48444869345575;AN03557-19
gid://shopify/InventoryItem/48444869378343;AN03557-20
gid://shopify/InventoryItem/48444869411111;AN03557-21
gid://shopify/InventoryItem/48444869443879;AN03557-22
gid://shopify/InventoryItem/48444870000935;AN03558-10
gid://shopify/InventoryItem/48444870033703;AN03558-11
gid://shopify/InventoryItem/48444870066471;AN03558-12
gid://shopify/InventoryItem/48444870099239;AN03558-13
gid://shopify/InventoryItem/48444870132007;AN03558-14
gid://shopify/InventoryItem/48444870164775;AN03558-15
gid://shopify/InventoryItem/48444870197543;AN03558-16
gid://shopify/InventoryItem/48444870230311;AN03558-17
gid://shopify/InventoryItem/48444870263079;AN03558-18
gid://shopify/InventoryItem/48444870295847;AN03558-19
gid://shopify/InventoryItem/48444870328615;AN03558-20
gid://shopify/InventoryItem/48444870361383;AN03558-21
gid://shopify/InventoryItem/48444870394151;AN03558-22
gid://shopify/InventoryItem/48444870557991;AN03559-10
gid://shopify/InventoryItem/48444870590759;AN03559-11
gid://shopify/InventoryItem/48444870623527;AN03559-12
gid://shopify/InventoryItem/48444870656295;AN03559-13
gid://shopify/InventoryItem/48444870689063;AN03559-14
gid://shopify/InventoryItem/48444870721831;AN03559-15
gid://shopify/InventoryItem/48444870754599;AN03559-16
gid://shopify/InventoryItem/48444870787367;AN03559-17
gid://shopify/InventoryItem/48444870820135;AN03559-18
gid://shopify/InventoryItem/48444870852903;AN03559-19
gid://shopify/InventoryItem/48444870885671;AN03559-20
gid://shopify/InventoryItem/48444870918439;AN03559-21
gid://shopify/InventoryItem/48444870951207;AN03559-22
gid://shopify/InventoryItem/48444871442727;AN03560-10
gid://shopify/InventoryItem/48444871475495;AN03560-11
gid://shopify/InventoryItem/48444871508263;AN03560-12
gid://shopify/InventoryItem/48444871541031;AN03560-13
gid://shopify/InventoryItem/48444871573799;AN03560-14
gid://shopify/InventoryItem/48444871606567;AN03560-15
gid://shopify/InventoryItem/48444871639335;AN03560-16
gid://shopify/InventoryItem/48444871672103;AN03560-17
gid://shopify/InventoryItem/48444871704871;AN03560-18
gid://shopify/InventoryItem/48444871737639;AN03560-19
gid://shopify/InventoryItem/48444871770407;AN03560-20
gid://shopify/InventoryItem/48444871803175;AN03560-21
gid://shopify/InventoryItem/48444871835943;AN03560-22
gid://shopify/InventoryItem/48444872261927;AN03562-10
gid://shopify/InventoryItem/48444872294695;AN03562-11
gid://shopify/InventoryItem/48444872327463;AN03562-12
gid://shopify/InventoryItem/48444872360231;AN03562-13
gid://shopify/InventoryItem/48444872392999;AN03562-14
gid://shopify/InventoryItem/48444872425767;AN03562-15
gid://shopify/InventoryItem/48444872458535;AN03562-16
gid://shopify/InventoryItem/48444872491303;AN03562-17
gid://shopify/InventoryItem/48444872524071;AN03562-18
gid://shopify/InventoryItem/48444872556839;AN03562-19
gid://shopify/InventoryItem/48444872589607;AN03562-20
gid://shopify/InventoryItem/48444872622375;AN03562-21
gid://shopify/InventoryItem/48444872655143;AN03562-22
gid://shopify/InventoryItem/48444872851751;AN03563-10
gid://shopify/InventoryItem/48444872884519;AN03563-11
gid://shopify/InventoryItem/48444872917287;AN03563-12
gid://shopify/InventoryItem/48444872950055;AN03563-13
gid://shopify/InventoryItem/48444872982823;AN03563-14
gid://shopify/InventoryItem/48444873015591;AN03563-15
gid://shopify/InventoryItem/48444873048359;AN03563-16
gid://shopify/InventoryItem/48444873081127;AN03563-17
gid://shopify/InventoryItem/48444873113895;AN03563-18
gid://shopify/InventoryItem/48444873146663;AN03563-19
gid://shopify/InventoryItem/48444873179431;AN03563-20
gid://shopify/InventoryItem/48444873212199;AN03563-21
gid://shopify/InventoryItem/48444873244967;AN03563-22
gid://shopify/InventoryItem/48444873343271;AN03564-10
gid://shopify/InventoryItem/48444873376039;AN03564-11
gid://shopify/InventoryItem/48444873408807;AN03564-12
gid://shopify/InventoryItem/48444873441575;AN03564-13
gid://shopify/InventoryItem/48444873474343;AN03564-14
gid://shopify/InventoryItem/48444873507111;AN03564-15
gid://shopify/InventoryItem/48444873539879;AN03564-16
gid://shopify/InventoryItem/48444873572647;AN03564-17
gid://shopify/InventoryItem/48444873605415;AN03564-18
gid://shopify/InventoryItem/48444873638183;AN03564-19
gid://shopify/InventoryItem/48444873670951;AN03564-20
gid://shopify/InventoryItem/48444873703719;AN03564-21
gid://shopify/InventoryItem/48444873736487;AN03564-22
gid://shopify/InventoryItem/48444875604263;AN03565-10
gid://shopify/InventoryItem/48444875637031;AN03565-11
gid://shopify/InventoryItem/48444875669799;AN03565-12
gid://shopify/InventoryItem/48444875702567;AN03565-13
gid://shopify/InventoryItem/48444875735335;AN03565-14
gid://shopify/InventoryItem/48444875768103;AN03565-15
gid://shopify/InventoryItem/48444875800871;AN03565-16
gid://shopify/InventoryItem/48444875833639;AN03565-17
gid://shopify/InventoryItem/48444875866407;AN03565-18
gid://shopify/InventoryItem/48444875899175;AN03565-19
gid://shopify/InventoryItem/48444875931943;AN03565-20
gid://shopify/InventoryItem/48444875964711;AN03565-21
gid://shopify/InventoryItem/48444875997479;AN03565-22
gid://shopify/InventoryItem/48444876325159;AN03566-10
gid://shopify/InventoryItem/48444876357927;AN03566-11
gid://shopify/InventoryItem/48444876390695;AN03566-12
gid://shopify/InventoryItem/48444876423463;AN03566-13
gid://shopify/InventoryItem/48444876456231;AN03566-14
gid://shopify/InventoryItem/48444876488999;AN03566-15
gid://shopify/InventoryItem/48444876521767;AN03566-16
gid://shopify/InventoryItem/48444876554535;AN03566-17
gid://shopify/InventoryItem/48444876587303;AN03566-18
gid://shopify/InventoryItem/48444876620071;AN03566-19
gid://shopify/InventoryItem/48444876652839;AN03566-20
gid://shopify/InventoryItem/48444876685607;AN03566-21
gid://shopify/InventoryItem/48444876718375;AN03566-22
gid://shopify/InventoryItem/48444876914983;AN03567-10
gid://shopify/InventoryItem/48444876947751;AN03567-11
gid://shopify/InventoryItem/48444876980519;AN03567-12
gid://shopify/InventoryItem/48444877013287;AN03567-13
gid://shopify/InventoryItem/48444877046055;AN03567-14
gid://shopify/InventoryItem/48444877078823;AN03567-15
gid://shopify/InventoryItem/48444877111591;AN03567-16
gid://shopify/InventoryItem/48444877144359;AN03567-17
gid://shopify/InventoryItem/48444877177127;AN03567-18
gid://shopify/InventoryItem/48444877209895;AN03567-19
gid://shopify/InventoryItem/48444877242663;AN03567-20
gid://shopify/InventoryItem/48444877275431;AN03567-21
gid://shopify/InventoryItem/48444877308199;AN03567-22
gid://shopify/InventoryItem/48444877504807;AN03574-10
gid://shopify/InventoryItem/48444877537575;AN03574-11
gid://shopify/InventoryItem/48444877570343;AN03574-12
gid://shopify/InventoryItem/48444877603111;AN03574-13
gid://shopify/InventoryItem/48444877635879;AN03574-14
gid://shopify/InventoryItem/48444877668647;AN03574-15
gid://shopify/InventoryItem/48444877701415;AN03574-16
gid://shopify/InventoryItem/48444877734183;AN03574-17
gid://shopify/InventoryItem/48444877766951;AN03574-18
gid://shopify/InventoryItem/48444877799719;AN03574-19
gid://shopify/InventoryItem/48444877832487;AN03574-20
gid://shopify/InventoryItem/48444877865255;AN03574-21
gid://shopify/InventoryItem/48444877898023;AN03574-22
gid://shopify/InventoryItem/48444878127399;AN03575-10
gid://shopify/InventoryItem/48444878160167;AN03575-11
gid://shopify/InventoryItem/48444878192935;AN03575-12
gid://shopify/InventoryItem/48444878225703;AN03575-13
gid://shopify/InventoryItem/48444878258471;AN03575-14
gid://shopify/InventoryItem/48444878291239;AN03575-15
gid://shopify/InventoryItem/48444878324007;AN03575-16
gid://shopify/InventoryItem/48444878356775;AN03575-17
gid://shopify/InventoryItem/48444878389543;AN03575-18
gid://shopify/InventoryItem/48444878422311;AN03575-19
gid://shopify/InventoryItem/48444878455079;AN03575-20
gid://shopify/InventoryItem/48444878487847;AN03575-21
gid://shopify/InventoryItem/48444878520615;AN03575-22
gid://shopify/InventoryItem/48444878815527;AN03554-10
gid://shopify/InventoryItem/48444878848295;AN03554-11
gid://shopify/InventoryItem/48444878881063;AN03554-12
gid://shopify/InventoryItem/48444878913831;AN03554-13
gid://shopify/InventoryItem/48444878946599;AN03554-14
gid://shopify/InventoryItem/48444878979367;AN03554-15
gid://shopify/InventoryItem/48444879012135;AN03554-16
gid://shopify/InventoryItem/48444879044903;AN03554-17
gid://shopify/InventoryItem/48444879077671;AN03554-18
gid://shopify/InventoryItem/48444879110439;AN03554-19
gid://shopify/InventoryItem/48444879143207;AN03554-20
gid://shopify/InventoryItem/48444879175975;AN03554-21
gid://shopify/InventoryItem/48444879208743;AN03554-22
gid://shopify/InventoryItem/48444879372583;AN03561-10
gid://shopify/InventoryItem/48444879405351;AN03561-11
gid://shopify/InventoryItem/48444879438119;AN03561-12
gid://shopify/InventoryItem/48444879470887;AN03561-13
gid://shopify/InventoryItem/48444879503655;AN03561-14
gid://shopify/InventoryItem/48444879536423;AN03561-15
gid://shopify/InventoryItem/48444879569191;AN03561-16
gid://shopify/InventoryItem/48444879601959;AN03561-17
gid://shopify/InventoryItem/48444879634727;AN03561-18
gid://shopify/InventoryItem/48444879667495;AN03561-19
gid://shopify/InventoryItem/48444879700263;AN03561-20
gid://shopify/InventoryItem/48444879733031;AN03561-21
gid://shopify/InventoryItem/48444879765799;AN03561-22
gid://shopify/InventoryItem/48444880191783;AN03544-10
gid://shopify/InventoryItem/48444880224551;AN03544-11
gid://shopify/InventoryItem/48444880257319;AN03544-12
gid://shopify/InventoryItem/48444880290087;AN03544-13
gid://shopify/InventoryItem/48444880322855;AN03544-14
gid://shopify/InventoryItem/48444880355623;AN03544-15
gid://shopify/InventoryItem/48444880388391;AN03544-16
gid://shopify/InventoryItem/48444880421159;AN03544-17
gid://shopify/InventoryItem/48444880453927;AN03544-18
gid://shopify/InventoryItem/48444880486695;AN03544-19
gid://shopify/InventoryItem/48444880519463;AN03544-20
gid://shopify/InventoryItem/48444880552231;AN03544-21
gid://shopify/InventoryItem/48444880584999;AN03544-22
gid://shopify/InventoryItem/48444881109287;AN0793-10
gid://shopify/InventoryItem/48444881142055;AN0793-11
gid://shopify/InventoryItem/48444881174823;AN0793-12
gid://shopify/InventoryItem/48444881207591;AN0793-13
gid://shopify/InventoryItem/48444881240359;AN0793-14
gid://shopify/InventoryItem/48444881273127;AN0793-15
gid://shopify/InventoryItem/48444881305895;AN0793-16
gid://shopify/InventoryItem/48444881338663;AN0793-17
gid://shopify/InventoryItem/48444881371431;AN0793-18
gid://shopify/InventoryItem/48444881404199;AN0793-19
gid://shopify/InventoryItem/48444881436967;AN0793-20
gid://shopify/InventoryItem/48444881469735;AN0793-21
gid://shopify/InventoryItem/48444881502503;AN0793-22
gid://shopify/InventoryItem/48444881633575;AN01150-10
gid://shopify/InventoryItem/48444881666343;AN01150-11
gid://shopify/InventoryItem/48444881699111;AN01150-12
gid://shopify/InventoryItem/48444881731879;AN01150-13
gid://shopify/InventoryItem/48444881764647;AN01150-14
gid://shopify/InventoryItem/48444881797415;AN01150-15
gid://shopify/InventoryItem/48444881830183;AN01150-16
gid://shopify/InventoryItem/48444881862951;AN01150-17
gid://shopify/InventoryItem/48444881895719;AN01150-18
gid://shopify/InventoryItem/48444881928487;AN01150-19
gid://shopify/InventoryItem/48444881961255;AN01150-20
gid://shopify/InventoryItem/48444881994023;AN01150-21
gid://shopify/InventoryItem/48444882026791;AN01150-22
gid://shopify/InventoryItem/48444882125095;AN0792-10
gid://shopify/InventoryItem/48444882157863;AN0792-11
gid://shopify/InventoryItem/48444882190631;AN0792-12
gid://shopify/InventoryItem/48444882223399;AN0792-13
gid://shopify/InventoryItem/48444882256167;AN0792-14
gid://shopify/InventoryItem/48444882288935;AN0792-15
gid://shopify/InventoryItem/48444882321703;AN0792-16
gid://shopify/InventoryItem/48444882354471;AN0792-17
gid://shopify/InventoryItem/48444882387239;AN0792-18
gid://shopify/InventoryItem/48444882420007;AN0792-19
gid://shopify/InventoryItem/48444882452775;AN0792-20
gid://shopify/InventoryItem/48444882485543;AN0792-21
gid://shopify/InventoryItem/48444882518311;AN0792-22
gid://shopify/InventoryItem/48444882845991;AN0791-10
gid://shopify/InventoryItem/48444882878759;AN0791-11
gid://shopify/InventoryItem/48444882911527;AN0791-12
gid://shopify/InventoryItem/48444882944295;AN0791-13
gid://shopify/InventoryItem/48444882977063;AN0791-14
gid://shopify/InventoryItem/48444883009831;AN0791-15
gid://shopify/InventoryItem/48444883042599;AN0791-16
gid://shopify/InventoryItem/48444883075367;AN0791-17
gid://shopify/InventoryItem/48444883108135;AN0791-18
gid://shopify/InventoryItem/48444883140903;AN0791-19
gid://shopify/InventoryItem/48444883173671;AN0791-20
gid://shopify/InventoryItem/48444883206439;AN0791-21
gid://shopify/InventoryItem/48444883239207;AN0791-22
gid://shopify/InventoryItem/48444886450471;AN02445-10
gid://shopify/InventoryItem/48444886483239;AN02445-11
gid://shopify/InventoryItem/48444886516007;AN02445-12
gid://shopify/InventoryItem/48444886548775;AN02445-13
gid://shopify/InventoryItem/48444886581543;AN02445-14
gid://shopify/InventoryItem/48444886614311;AN02445-15
gid://shopify/InventoryItem/48444886647079;AN02445-16
gid://shopify/InventoryItem/48444886679847;AN02445-17
gid://shopify/InventoryItem/48444886712615;AN02445-18
gid://shopify/InventoryItem/48444886745383;AN02445-19
gid://shopify/InventoryItem/48444886778151;AN02445-20
gid://shopify/InventoryItem/48444886810919;AN02445-21
gid://shopify/InventoryItem/48444886843687;AN02445-22
gid://shopify/InventoryItem/48444887105831;AN03305-10
gid://shopify/InventoryItem/48444887138599;AN03305-11
gid://shopify/InventoryItem/48444887171367;AN03305-12
gid://shopify/InventoryItem/48444887204135;AN03305-13
gid://shopify/InventoryItem/48444887236903;AN03305-14
gid://shopify/InventoryItem/48444887269671;AN03305-15
gid://shopify/InventoryItem/48444887302439;AN03305-16
gid://shopify/InventoryItem/48444887335207;AN03305-17
gid://shopify/InventoryItem/48444887367975;AN03305-18
gid://shopify/InventoryItem/48444887400743;AN03305-19
gid://shopify/InventoryItem/48444887433511;AN03305-20
gid://shopify/InventoryItem/48444887466279;AN03305-21
gid://shopify/InventoryItem/48444887499047;AN03305-22
gid://shopify/InventoryItem/48444887630119;AN02446-10
gid://shopify/InventoryItem/48444887662887;AN02446-11
gid://shopify/InventoryItem/48444887695655;AN02446-12
gid://shopify/InventoryItem/48444887728423;AN02446-13
gid://shopify/InventoryItem/48444887761191;AN02446-14
gid://shopify/InventoryItem/48444887793959;AN02446-15
gid://shopify/InventoryItem/48444887826727;AN02446-16
gid://shopify/InventoryItem/48444887859495;AN02446-17
gid://shopify/InventoryItem/48444887892263;AN02446-18
gid://shopify/InventoryItem/48444887925031;AN02446-19
gid://shopify/InventoryItem/48444887957799;AN02446-20
gid://shopify/InventoryItem/48444887990567;AN02446-21
gid://shopify/InventoryItem/48444888023335;AN02446-22
gid://shopify/InventoryItem/48444888842535;AN03026-10
gid://shopify/InventoryItem/48444888875303;AN03026-11
gid://shopify/InventoryItem/48444888908071;AN03026-12
gid://shopify/InventoryItem/48444888940839;AN03026-13
gid://shopify/InventoryItem/48444888973607;AN03026-14
gid://shopify/InventoryItem/48444889006375;AN03026-15
gid://shopify/InventoryItem/48444889039143;AN03026-16
gid://shopify/InventoryItem/48444889071911;AN03026-17
gid://shopify/InventoryItem/48444889104679;AN03026-18
gid://shopify/InventoryItem/48444889137447;AN03026-19
gid://shopify/InventoryItem/48444889170215;AN03026-20
gid://shopify/InventoryItem/48444889202983;AN03026-21
gid://shopify/InventoryItem/48444889235751;AN03026-22
gid://shopify/InventoryItem/48444889596199;AN03030-10
gid://shopify/InventoryItem/48444889628967;AN03030-11
gid://shopify/InventoryItem/48444889661735;AN03030-12
gid://shopify/InventoryItem/48444889694503;AN03030-13
gid://shopify/InventoryItem/48444889727271;AN03030-14
gid://shopify/InventoryItem/48444889760039;AN03030-15
gid://shopify/InventoryItem/48444889792807;AN03030-16
gid://shopify/InventoryItem/48444889825575;AN03030-17
gid://shopify/InventoryItem/48444889858343;AN03030-18
gid://shopify/InventoryItem/48444889891111;AN03030-19
gid://shopify/InventoryItem/48444889923879;AN03030-20
gid://shopify/InventoryItem/48444889956647;AN03030-21
gid://shopify/InventoryItem/48444889989415;AN03030-22
gid://shopify/InventoryItem/48444890120487;AN03032-10
gid://shopify/InventoryItem/48444890153255;AN03032-11
gid://shopify/InventoryItem/48444890186023;AN03032-12
gid://shopify/InventoryItem/48444890218791;AN03032-13
gid://shopify/InventoryItem/48444890251559;AN03032-14
gid://shopify/InventoryItem/48444890284327;AN03032-15
gid://shopify/InventoryItem/48444890317095;AN03032-16
gid://shopify/InventoryItem/48444890349863;AN03032-17
gid://shopify/InventoryItem/48444890382631;AN03032-18
gid://shopify/InventoryItem/48444890415399;AN03032-19
gid://shopify/InventoryItem/48444890448167;AN03032-20
gid://shopify/InventoryItem/48444890480935;AN03032-21
gid://shopify/InventoryItem/48444890513703;AN03032-22
gid://shopify/InventoryItem/48444890546471;AN03033-10
gid://shopify/InventoryItem/48444890579239;AN03033-11
gid://shopify/InventoryItem/48444890612007;AN03033-12
gid://shopify/InventoryItem/48444890644775;AN03033-13
gid://shopify/InventoryItem/48444890677543;AN03033-14
gid://shopify/InventoryItem/48444890710311;AN03033-15
gid://shopify/InventoryItem/48444890743079;AN03033-16
gid://shopify/InventoryItem/48444890775847;AN03033-17
gid://shopify/InventoryItem/48444890808615;AN03033-18
gid://shopify/InventoryItem/48444890841383;AN03033-19
gid://shopify/InventoryItem/48444890874151;AN03033-20
gid://shopify/InventoryItem/48444890906919;AN03033-21
gid://shopify/InventoryItem/48444890939687;AN03033-22
gid://shopify/InventoryItem/48444891005223;AN03027-10
gid://shopify/InventoryItem/48444891037991;AN03027-11
gid://shopify/InventoryItem/48444891070759;AN03027-12
gid://shopify/InventoryItem/48444891103527;AN03027-13
gid://shopify/InventoryItem/48444891136295;AN03027-14
gid://shopify/InventoryItem/48444891169063;AN03027-15
gid://shopify/InventoryItem/48444891201831;AN03027-16
gid://shopify/InventoryItem/48444891234599;AN03027-17
gid://shopify/InventoryItem/48444891267367;AN03027-18
gid://shopify/InventoryItem/48444891300135;AN03027-19
gid://shopify/InventoryItem/48444891332903;AN03027-20
gid://shopify/InventoryItem/48444891365671;AN03027-21
gid://shopify/InventoryItem/48444891398439;AN03027-22
gid://shopify/InventoryItem/48444891529511;AN03029-10
gid://shopify/InventoryItem/48444891562279;AN03029-11
gid://shopify/InventoryItem/48444891595047;AN03029-12
gid://shopify/InventoryItem/48444891627815;AN03029-13
gid://shopify/InventoryItem/48444891660583;AN03029-14
gid://shopify/InventoryItem/48444891693351;AN03029-15
gid://shopify/InventoryItem/48444891726119;AN03029-16
gid://shopify/InventoryItem/48444891758887;AN03029-17
gid://shopify/InventoryItem/48444891791655;AN03029-18
gid://shopify/InventoryItem/48444891824423;AN03029-19
gid://shopify/InventoryItem/48444891857191;AN03029-20
gid://shopify/InventoryItem/48444891889959;AN03029-21
gid://shopify/InventoryItem/48444891922727;AN03029-22
gid://shopify/InventoryItem/48444892414247;AN03031-10
gid://shopify/InventoryItem/48444892447015;AN03031-11
gid://shopify/InventoryItem/48444892479783;AN03031-12
gid://shopify/InventoryItem/48444892512551;AN03031-13
gid://shopify/InventoryItem/48444892545319;AN03031-14
gid://shopify/InventoryItem/48444892578087;AN03031-15
gid://shopify/InventoryItem/48444892610855;AN03031-16
gid://shopify/InventoryItem/48444892643623;AN03031-17
gid://shopify/InventoryItem/48444892676391;AN03031-18
gid://shopify/InventoryItem/48444892709159;AN03031-19
gid://shopify/InventoryItem/48444892741927;AN03031-20
gid://shopify/InventoryItem/48444892774695;AN03031-21
gid://shopify/InventoryItem/48444892807463;AN03031-22
gid://shopify/InventoryItem/48444892840231;AN03028-10
gid://shopify/InventoryItem/48444892872999;AN03028-11
gid://shopify/InventoryItem/48444892905767;AN03028-12
gid://shopify/InventoryItem/48444892938535;AN03028-13
gid://shopify/InventoryItem/48444892971303;AN03028-14
gid://shopify/InventoryItem/48444893004071;AN03028-15
gid://shopify/InventoryItem/48444893036839;AN03028-16
gid://shopify/InventoryItem/48444893069607;AN03028-17
gid://shopify/InventoryItem/48444893102375;AN03028-18
gid://shopify/InventoryItem/48444893135143;AN03028-19
gid://shopify/InventoryItem/48444893167911;AN03028-20
gid://shopify/InventoryItem/48444893200679;AN03028-21
gid://shopify/InventoryItem/48444893233447;AN03028-22
gid://shopify/InventoryItem/48444893430055;AN02823-10
gid://shopify/InventoryItem/48444893462823;AN02823-11
gid://shopify/InventoryItem/48444893495591;AN02823-12
gid://shopify/InventoryItem/48444893528359;AN02823-13
gid://shopify/InventoryItem/48444893561127;AN02823-14
gid://shopify/InventoryItem/48444893593895;AN02823-15
gid://shopify/InventoryItem/48444893626663;AN02823-16
gid://shopify/InventoryItem/48444893659431;AN02823-17
gid://shopify/InventoryItem/48444893692199;AN02823-18
gid://shopify/InventoryItem/48444893724967;AN02823-19
gid://shopify/InventoryItem/48444893757735;AN02823-20
gid://shopify/InventoryItem/48444893790503;AN02823-21
gid://shopify/InventoryItem/48444893823271;AN02823-22
gid://shopify/InventoryItem/48444893987111;AN02824-10
gid://shopify/InventoryItem/48444894019879;AN02824-11
gid://shopify/InventoryItem/48444894052647;AN02824-12
gid://shopify/InventoryItem/48444894085415;AN02824-13
gid://shopify/InventoryItem/48444894118183;AN02824-14
gid://shopify/InventoryItem/48444894150951;AN02824-15
gid://shopify/InventoryItem/48444894183719;AN02824-16
gid://shopify/InventoryItem/48444894216487;AN02824-17
gid://shopify/InventoryItem/48444894249255;AN02824-18
gid://shopify/InventoryItem/48444894282023;AN02824-19
gid://shopify/InventoryItem/48444894314791;AN02824-20
gid://shopify/InventoryItem/48444894347559;AN02824-21
gid://shopify/InventoryItem/48444894380327;AN02824-22
gid://shopify/InventoryItem/48444894445863;AN02815-10
gid://shopify/InventoryItem/48444894478631;AN02815-11
gid://shopify/InventoryItem/48444894511399;AN02815-12
gid://shopify/InventoryItem/48444894544167;AN02815-13
gid://shopify/InventoryItem/48444894576935;AN02815-14
gid://shopify/InventoryItem/48444894609703;AN02815-15
gid://shopify/InventoryItem/48444894642471;AN02815-16
gid://shopify/InventoryItem/48444894675239;AN02815-17
gid://shopify/InventoryItem/48444894708007;AN02815-18
gid://shopify/InventoryItem/48444894740775;AN02815-19
gid://shopify/InventoryItem/48444894773543;AN02815-20
gid://shopify/InventoryItem/48444894806311;AN02815-21
gid://shopify/InventoryItem/48444894839079;AN02815-22
gid://shopify/InventoryItem/48444895068455;AN02935-10
gid://shopify/InventoryItem/48444895101223;AN02935-11
gid://shopify/InventoryItem/48444895133991;AN02935-12
gid://shopify/InventoryItem/48444895166759;AN02935-13
gid://shopify/InventoryItem/48444895199527;AN02935-14
gid://shopify/InventoryItem/48444895232295;AN02935-15
gid://shopify/InventoryItem/48444895265063;AN02935-16
gid://shopify/InventoryItem/48444895297831;AN02935-17
gid://shopify/InventoryItem/48444895330599;AN02935-18
gid://shopify/InventoryItem/48444895363367;AN02935-19
gid://shopify/InventoryItem/48444895396135;AN02935-20
gid://shopify/InventoryItem/48444895428903;AN02935-21
gid://shopify/InventoryItem/48444895461671;AN02935-22
gid://shopify/InventoryItem/48444895559975;AN03585-10
gid://shopify/InventoryItem/48444895592743;AN03585-11
gid://shopify/InventoryItem/48444895625511;AN03585-12
gid://shopify/InventoryItem/48444895658279;AN03585-13
gid://shopify/InventoryItem/48444895691047;AN03585-14
gid://shopify/InventoryItem/48444895723815;AN03585-15
gid://shopify/InventoryItem/48444895756583;AN03585-16
gid://shopify/InventoryItem/48444895789351;AN03585-17
gid://shopify/InventoryItem/48444895822119;AN03585-18
gid://shopify/InventoryItem/48444895854887;AN03585-19
gid://shopify/InventoryItem/48444895887655;AN03585-20
gid://shopify/InventoryItem/48444895920423;AN03585-21
gid://shopify/InventoryItem/48444895953191;AN03585-22
gid://shopify/InventoryItem/48444896018727;AN03586-10
gid://shopify/InventoryItem/48444896051495;AN03586-11
gid://shopify/InventoryItem/48444896084263;AN03586-12
gid://shopify/InventoryItem/48444896117031;AN03586-13
gid://shopify/InventoryItem/48444896149799;AN03586-14
gid://shopify/InventoryItem/48444896182567;AN03586-15
gid://shopify/InventoryItem/48444896215335;AN03586-16
gid://shopify/InventoryItem/48444896248103;AN03586-17
gid://shopify/InventoryItem/48444896280871;AN03586-18
gid://shopify/InventoryItem/48444896313639;AN03586-19
gid://shopify/InventoryItem/48444896346407;AN03586-20
gid://shopify/InventoryItem/48444896379175;AN03586-21
gid://shopify/InventoryItem/48444896411943;AN03586-22
gid://shopify/InventoryItem/48444896608551;AN01604-10
gid://shopify/InventoryItem/48444896641319;AN01604-11
gid://shopify/InventoryItem/48444896674087;AN01604-12
gid://shopify/InventoryItem/48444896706855;AN01604-13
gid://shopify/InventoryItem/48444896739623;AN01604-14
gid://shopify/InventoryItem/48444896772391;AN01604-15
gid://shopify/InventoryItem/48444896805159;AN01604-16
gid://shopify/InventoryItem/48444896837927;AN01604-17
gid://shopify/InventoryItem/48444896870695;AN01604-18
gid://shopify/InventoryItem/48444896903463;AN01604-19
gid://shopify/InventoryItem/48444896936231;AN01604-20
gid://shopify/InventoryItem/48444896968999;AN01604-21
gid://shopify/InventoryItem/48444897001767;AN01604-22
gid://shopify/InventoryItem/48444897165607;AN01605-10
gid://shopify/InventoryItem/48444897198375;AN01605-11
gid://shopify/InventoryItem/48444897231143;AN01605-12
gid://shopify/InventoryItem/48444897263911;AN01605-13
gid://shopify/InventoryItem/48444897296679;AN01605-14
gid://shopify/InventoryItem/48444897329447;AN01605-15
gid://shopify/InventoryItem/48444897362215;AN01605-16
gid://shopify/InventoryItem/48444897394983;AN01605-17
gid://shopify/InventoryItem/48444897427751;AN01605-18
gid://shopify/InventoryItem/48444897460519;AN01605-19
gid://shopify/InventoryItem/48444897493287;AN01605-20
gid://shopify/InventoryItem/48444897526055;AN01605-21
gid://shopify/InventoryItem/48444897558823;AN01605-22
gid://shopify/InventoryItem/48444897788199;AN01606-10
gid://shopify/InventoryItem/48444897820967;AN01606-11
gid://shopify/InventoryItem/48444897853735;AN01606-12
gid://shopify/InventoryItem/48444897886503;AN01606-13
gid://shopify/InventoryItem/48444897919271;AN01606-14
gid://shopify/InventoryItem/48444897952039;AN01606-15
gid://shopify/InventoryItem/48444897984807;AN01606-16
gid://shopify/InventoryItem/48444898017575;AN01606-17
gid://shopify/InventoryItem/48444898050343;AN01606-18
gid://shopify/InventoryItem/48444898083111;AN01606-19
gid://shopify/InventoryItem/48444898115879;AN01606-20
gid://shopify/InventoryItem/48444898148647;AN01606-21
gid://shopify/InventoryItem/48444898181415;AN01606-22
gid://shopify/InventoryItem/48444898345255;AN01607-10
gid://shopify/InventoryItem/48444898378023;AN01607-11
gid://shopify/InventoryItem/48444898410791;AN01607-12
gid://shopify/InventoryItem/48444898443559;AN01607-13
gid://shopify/InventoryItem/48444898476327;AN01607-14
gid://shopify/InventoryItem/48444898509095;AN01607-15
gid://shopify/InventoryItem/48444898541863;AN01607-16
gid://shopify/InventoryItem/48444898574631;AN01607-17
gid://shopify/InventoryItem/48444898607399;AN01607-18
gid://shopify/InventoryItem/48444898640167;AN01607-19
gid://shopify/InventoryItem/48444898672935;AN01607-20
gid://shopify/InventoryItem/48444898705703;AN01607-21
gid://shopify/InventoryItem/48444898738471;AN01607-22
gid://shopify/InventoryItem/48444898804007;AN01611-10
gid://shopify/InventoryItem/48444898836775;AN01611-11
gid://shopify/InventoryItem/48444898869543;AN01611-12
gid://shopify/InventoryItem/48444898902311;AN01611-13
gid://shopify/InventoryItem/48444898935079;AN01611-14
gid://shopify/InventoryItem/48444898967847;AN01611-15
gid://shopify/InventoryItem/48444899000615;AN01611-16
gid://shopify/InventoryItem/48444899033383;AN01611-17
gid://shopify/InventoryItem/48444899066151;AN01611-18
gid://shopify/InventoryItem/48444899098919;AN01611-19
gid://shopify/InventoryItem/48444899131687;AN01611-20
gid://shopify/InventoryItem/48444899164455;AN01611-21
gid://shopify/InventoryItem/48444899197223;AN01611-22
gid://shopify/InventoryItem/48444899262759;AN01608-10
gid://shopify/InventoryItem/48444899295527;AN01608-11
gid://shopify/InventoryItem/48444899328295;AN01608-12
gid://shopify/InventoryItem/48444899361063;AN01608-13
gid://shopify/InventoryItem/48444899393831;AN01608-14
gid://shopify/InventoryItem/48444899426599;AN01608-15
gid://shopify/InventoryItem/48444899459367;AN01608-16
gid://shopify/InventoryItem/48444899492135;AN01608-17
gid://shopify/InventoryItem/48444899524903;AN01608-18
gid://shopify/InventoryItem/48444899557671;AN01608-19
gid://shopify/InventoryItem/48444899590439;AN01608-20
gid://shopify/InventoryItem/48444899623207;AN01608-21
gid://shopify/InventoryItem/48444899655975;AN01608-22
gid://shopify/InventoryItem/48444899885351;AN01609-10
gid://shopify/InventoryItem/48444899918119;AN01609-11
gid://shopify/InventoryItem/48444899950887;AN01609-12
gid://shopify/InventoryItem/48444899983655;AN01609-13
gid://shopify/InventoryItem/48444900016423;AN01609-14
gid://shopify/InventoryItem/48444900049191;AN01609-15
gid://shopify/InventoryItem/48444900081959;AN01609-16
gid://shopify/InventoryItem/48444900114727;AN01609-17
gid://shopify/InventoryItem/48444900147495;AN01609-18
gid://shopify/InventoryItem/48444900180263;AN01609-19
gid://shopify/InventoryItem/48444900213031;AN01609-20
gid://shopify/InventoryItem/48444900245799;AN01609-21
gid://shopify/InventoryItem/48444900278567;AN01609-22
gid://shopify/InventoryItem/48444900507943;AN01610-10
gid://shopify/InventoryItem/48444900540711;AN01610-11
gid://shopify/InventoryItem/48444900573479;AN01610-12
gid://shopify/InventoryItem/48444900606247;AN01610-13
gid://shopify/InventoryItem/48444900639015;AN01610-14
gid://shopify/InventoryItem/48444900671783;AN01610-15
gid://shopify/InventoryItem/48444900704551;AN01610-16
gid://shopify/InventoryItem/48444900737319;AN01610-17
gid://shopify/InventoryItem/48444900770087;AN01610-18
gid://shopify/InventoryItem/48444900802855;AN01610-19
gid://shopify/InventoryItem/48444900835623;AN01610-20
gid://shopify/InventoryItem/48444900868391;AN01610-21
gid://shopify/InventoryItem/48444900901159;AN01610-22
gid://shopify/InventoryItem/48444901327143;AN02506-10
gid://shopify/InventoryItem/48444901359911;AN02506-11
gid://shopify/InventoryItem/48444901392679;AN02506-12
gid://shopify/InventoryItem/48444901425447;AN02506-13
gid://shopify/InventoryItem/48444901458215;AN02506-14
gid://shopify/InventoryItem/48444901490983;AN02506-15
gid://shopify/InventoryItem/48444901523751;AN02506-16
gid://shopify/InventoryItem/48444901556519;AN02506-17
gid://shopify/InventoryItem/48444901589287;AN02506-18
gid://shopify/InventoryItem/48444901622055;AN02506-19
gid://shopify/InventoryItem/48444901654823;AN02506-20
gid://shopify/InventoryItem/48444901687591;AN02506-21
gid://shopify/InventoryItem/48444901720359;AN02506-22
gid://shopify/InventoryItem/48444902048039;AN02505-10
gid://shopify/InventoryItem/48444902080807;AN02505-11
gid://shopify/InventoryItem/48444902113575;AN02505-12
gid://shopify/InventoryItem/48444902146343;AN02505-13
gid://shopify/InventoryItem/48444902179111;AN02505-14
gid://shopify/InventoryItem/48444902211879;AN02505-15
gid://shopify/InventoryItem/48444902244647;AN02505-16
gid://shopify/InventoryItem/48444902277415;AN02505-17
gid://shopify/InventoryItem/48444902310183;AN02505-18
gid://shopify/InventoryItem/48444902342951;AN02505-19
gid://shopify/InventoryItem/48444902375719;AN02505-20
gid://shopify/InventoryItem/48444902408487;AN02505-21
gid://shopify/InventoryItem/48444902441255;AN02505-22
gid://shopify/InventoryItem/48444903358759;AN03360-10
gid://shopify/InventoryItem/48444903391527;AN03360-11
gid://shopify/InventoryItem/48444903424295;AN03360-12
gid://shopify/InventoryItem/48444903457063;AN03360-13
gid://shopify/InventoryItem/48444903489831;AN03360-14
gid://shopify/InventoryItem/48444903522599;AN03360-15
gid://shopify/InventoryItem/48444903555367;AN03360-16
gid://shopify/InventoryItem/48444903588135;AN03360-17
gid://shopify/InventoryItem/48444903620903;AN03360-18
gid://shopify/InventoryItem/48444903653671;AN03360-19
gid://shopify/InventoryItem/48444903686439;AN03360-20
gid://shopify/InventoryItem/48444903719207;AN03360-21
gid://shopify/InventoryItem/48444903751975;AN03360-22
gid://shopify/InventoryItem/48444904210727;AN03361-10
gid://shopify/InventoryItem/48444904243495;AN03361-11
gid://shopify/InventoryItem/48444904276263;AN03361-12
gid://shopify/InventoryItem/48444904309031;AN03361-13
gid://shopify/InventoryItem/48444904341799;AN03361-14
gid://shopify/InventoryItem/48444904374567;AN03361-15
gid://shopify/InventoryItem/48444904407335;AN03361-16
gid://shopify/InventoryItem/48444904440103;AN03361-17
gid://shopify/InventoryItem/48444904472871;AN03361-18
gid://shopify/InventoryItem/48444904505639;AN03361-19
gid://shopify/InventoryItem/48444904538407;AN03361-20
gid://shopify/InventoryItem/48444904571175;AN03361-21
gid://shopify/InventoryItem/48444904603943;AN03361-22
gid://shopify/InventoryItem/48444904898855;AN03444-10
gid://shopify/InventoryItem/48444904931623;AN03444-11
gid://shopify/InventoryItem/48444904964391;AN03444-12
gid://shopify/InventoryItem/48444904997159;AN03444-13
gid://shopify/InventoryItem/48444905029927;AN03444-14
gid://shopify/InventoryItem/48444905062695;AN03444-15
gid://shopify/InventoryItem/48444905095463;AN03444-16
gid://shopify/InventoryItem/48444905128231;AN03444-17
gid://shopify/InventoryItem/48444905160999;AN03444-18
gid://shopify/InventoryItem/48444905193767;AN03444-19
gid://shopify/InventoryItem/48444905226535;AN03444-20
gid://shopify/InventoryItem/48444905259303;AN03444-21
gid://shopify/InventoryItem/48444905292071;AN03444-22
gid://shopify/InventoryItem/48444905324839;AN03541-10
gid://shopify/InventoryItem/48444905357607;AN03541-11
gid://shopify/InventoryItem/48444905390375;AN03541-12
gid://shopify/InventoryItem/48444905423143;AN03541-13
gid://shopify/InventoryItem/48444905455911;AN03541-14
gid://shopify/InventoryItem/48444905488679;AN03541-15
gid://shopify/InventoryItem/48444905521447;AN03541-16
gid://shopify/InventoryItem/48444905554215;AN03541-17
gid://shopify/InventoryItem/48444905586983;AN03541-18
gid://shopify/InventoryItem/48444905619751;AN03541-19
gid://shopify/InventoryItem/48444905652519;AN03541-20
gid://shopify/InventoryItem/48444905685287;AN03541-21
gid://shopify/InventoryItem/48444905718055;AN03541-22
gid://shopify/InventoryItem/48444906799399;AN03404-10
gid://shopify/InventoryItem/48444906832167;AN03404-11
gid://shopify/InventoryItem/48444906864935;AN03404-12
gid://shopify/InventoryItem/48444906897703;AN03404-13
gid://shopify/InventoryItem/48444906930471;AN03404-14
gid://shopify/InventoryItem/48444906963239;AN03404-15
gid://shopify/InventoryItem/48444906996007;AN03404-16
gid://shopify/InventoryItem/48444907028775;AN03404-17
gid://shopify/InventoryItem/48444907061543;AN03404-18
gid://shopify/InventoryItem/48444907094311;AN03404-19
gid://shopify/InventoryItem/48444907127079;AN03404-20
gid://shopify/InventoryItem/48444907159847;AN03404-21
gid://shopify/InventoryItem/48444907192615;AN03404-22
gid://shopify/InventoryItem/48444907618599;AN03405-10
gid://shopify/InventoryItem/48444907651367;AN03405-11
gid://shopify/InventoryItem/48444907684135;AN03405-12
gid://shopify/InventoryItem/48444907716903;AN03405-13
gid://shopify/InventoryItem/48444907749671;AN03405-14
gid://shopify/InventoryItem/48444907782439;AN03405-15
gid://shopify/InventoryItem/48444907815207;AN03405-16
gid://shopify/InventoryItem/48444907847975;AN03405-17
gid://shopify/InventoryItem/48444907880743;AN03405-18
gid://shopify/InventoryItem/48444907913511;AN03405-19
gid://shopify/InventoryItem/48444907946279;AN03405-20
gid://shopify/InventoryItem/48444907979047;AN03405-21
gid://shopify/InventoryItem/48444908011815;AN03405-22
gid://shopify/InventoryItem/48444908142887;AN03406-10
gid://shopify/InventoryItem/48444908175655;AN03406-11
gid://shopify/InventoryItem/48444908208423;AN03406-12
gid://shopify/InventoryItem/48444908241191;AN03406-13
gid://shopify/InventoryItem/48444908273959;AN03406-14
gid://shopify/InventoryItem/48444908306727;AN03406-15
gid://shopify/InventoryItem/48444908339495;AN03406-16
gid://shopify/InventoryItem/48444908372263;AN03406-17
gid://shopify/InventoryItem/48444908405031;AN03406-18
gid://shopify/InventoryItem/48444908437799;AN03406-19
gid://shopify/InventoryItem/48444908470567;AN03406-20
gid://shopify/InventoryItem/48444908503335;AN03406-21
gid://shopify/InventoryItem/48444908536103;AN03406-22
gid://shopify/InventoryItem/48444908929319;AN03407-10
gid://shopify/InventoryItem/48444908962087;AN03407-11
gid://shopify/InventoryItem/48444908994855;AN03407-12
gid://shopify/InventoryItem/48444909027623;AN03407-13
gid://shopify/InventoryItem/48444909060391;AN03407-14
gid://shopify/InventoryItem/48444909093159;AN03407-15
gid://shopify/InventoryItem/48444909125927;AN03407-16
gid://shopify/InventoryItem/48444909158695;AN03407-17
gid://shopify/InventoryItem/48444909191463;AN03407-18
gid://shopify/InventoryItem/48444909224231;AN03407-19
gid://shopify/InventoryItem/48444909256999;AN03407-20
gid://shopify/InventoryItem/48444909289767;AN03407-21
gid://shopify/InventoryItem/48444909322535;AN03407-22
gid://shopify/InventoryItem/48444909453607;AN03408-10
gid://shopify/InventoryItem/48444909486375;AN03408-11
gid://shopify/InventoryItem/48444909519143;AN03408-12
gid://shopify/InventoryItem/48444909551911;AN03408-13
gid://shopify/InventoryItem/48444909584679;AN03408-14
gid://shopify/InventoryItem/48444909617447;AN03408-15
gid://shopify/InventoryItem/48444909650215;AN03408-16
gid://shopify/InventoryItem/48444909682983;AN03408-17
gid://shopify/InventoryItem/48444909715751;AN03408-18
gid://shopify/InventoryItem/48444909748519;AN03408-19
gid://shopify/InventoryItem/48444909781287;AN03408-20
gid://shopify/InventoryItem/48444909814055;AN03408-21
gid://shopify/InventoryItem/48444909846823;AN03408-22
gid://shopify/InventoryItem/48444910010663;AN03409-10
gid://shopify/InventoryItem/48444910043431;AN03409-11
gid://shopify/InventoryItem/48444910076199;AN03409-12
gid://shopify/InventoryItem/48444910108967;AN03409-13
gid://shopify/InventoryItem/48444910141735;AN03409-14
gid://shopify/InventoryItem/48444910174503;AN03409-15
gid://shopify/InventoryItem/48444910207271;AN03409-16
gid://shopify/InventoryItem/48444910240039;AN03409-17
gid://shopify/InventoryItem/48444910272807;AN03409-18
gid://shopify/InventoryItem/48444910305575;AN03409-19
gid://shopify/InventoryItem/48444910338343;AN03409-20
gid://shopify/InventoryItem/48444910371111;AN03409-21
gid://shopify/InventoryItem/48444910403879;AN03409-22
gid://shopify/InventoryItem/48444910534951;AN03410-10
gid://shopify/InventoryItem/48444910567719;AN03410-11
gid://shopify/InventoryItem/48444910600487;AN03410-12
gid://shopify/InventoryItem/48444910633255;AN03410-13
gid://shopify/InventoryItem/48444910666023;AN03410-14
gid://shopify/InventoryItem/48444910698791;AN03410-15
gid://shopify/InventoryItem/48444910731559;AN03410-16
gid://shopify/InventoryItem/48444910764327;AN03410-17
gid://shopify/InventoryItem/48444910797095;AN03410-18
gid://shopify/InventoryItem/48444910829863;AN03410-19
gid://shopify/InventoryItem/48444910862631;AN03410-20
gid://shopify/InventoryItem/48444910895399;AN03410-21
gid://shopify/InventoryItem/48444910928167;AN03410-22
gid://shopify/InventoryItem/48444911223079;AN03456-10
gid://shopify/InventoryItem/48444911255847;AN03456-11
gid://shopify/InventoryItem/48444911288615;AN03456-12
gid://shopify/InventoryItem/48444911321383;AN03456-13
gid://shopify/InventoryItem/48444911354151;AN03456-14
gid://shopify/InventoryItem/48444911386919;AN03456-15
gid://shopify/InventoryItem/48444911419687;AN03456-16
gid://shopify/InventoryItem/48444911452455;AN03456-17
gid://shopify/InventoryItem/48444911485223;AN03456-18
gid://shopify/InventoryItem/48444911517991;AN03456-19
gid://shopify/InventoryItem/48444911550759;AN03456-20
gid://shopify/InventoryItem/48444911583527;AN03456-21
gid://shopify/InventoryItem/48444911616295;AN03456-22
gid://shopify/InventoryItem/48444911649063;AN03542-10
gid://shopify/InventoryItem/48444911681831;AN03542-11
gid://shopify/InventoryItem/48444911714599;AN03542-12
gid://shopify/InventoryItem/48444911747367;AN03542-13
gid://shopify/InventoryItem/48444911780135;AN03542-14
gid://shopify/InventoryItem/48444911812903;AN03542-15
gid://shopify/InventoryItem/48444911845671;AN03542-16
gid://shopify/InventoryItem/48444911878439;AN03542-17
gid://shopify/InventoryItem/48444911911207;AN03542-18
gid://shopify/InventoryItem/48444911943975;AN03542-19
gid://shopify/InventoryItem/48444911976743;AN03542-20
gid://shopify/InventoryItem/48444912009511;AN03542-21
gid://shopify/InventoryItem/48444912042279;AN03542-22
gid://shopify/InventoryItem/48444912304423;AN03397-10
gid://shopify/InventoryItem/48444912337191;AN03397-11
gid://shopify/InventoryItem/48444912369959;AN03397-12
gid://shopify/InventoryItem/48444912402727;AN03397-13
gid://shopify/InventoryItem/48444912435495;AN03397-14
gid://shopify/InventoryItem/48444912468263;AN03397-15
gid://shopify/InventoryItem/48444912501031;AN03397-16
gid://shopify/InventoryItem/48444912533799;AN03397-17
gid://shopify/InventoryItem/48444912566567;AN03397-18
gid://shopify/InventoryItem/48444912599335;AN03397-19
gid://shopify/InventoryItem/48444912632103;AN03397-20
gid://shopify/InventoryItem/48444912664871;AN03397-21
gid://shopify/InventoryItem/48444912697639;AN03397-22
gid://shopify/InventoryItem/48444913189159;AN03398-10
gid://shopify/InventoryItem/48444913221927;AN03398-11
gid://shopify/InventoryItem/48444913254695;AN03398-12
gid://shopify/InventoryItem/48444913287463;AN03398-13
gid://shopify/InventoryItem/48444913320231;AN03398-14
gid://shopify/InventoryItem/48444913352999;AN03398-15
gid://shopify/InventoryItem/48444913385767;AN03398-16
gid://shopify/InventoryItem/48444913418535;AN03398-17
gid://shopify/InventoryItem/48444913451303;AN03398-18
gid://shopify/InventoryItem/48444913484071;AN03398-19
gid://shopify/InventoryItem/48444913516839;AN03398-20
gid://shopify/InventoryItem/48444913549607;AN03398-21
gid://shopify/InventoryItem/48444913582375;AN03398-22
gid://shopify/InventoryItem/48444913877287;AN03399-10
gid://shopify/InventoryItem/48444913910055;AN03399-11
gid://shopify/InventoryItem/48444913942823;AN03399-12
gid://shopify/InventoryItem/48444913975591;AN03399-13
gid://shopify/InventoryItem/48444914008359;AN03399-14
gid://shopify/InventoryItem/48444914041127;AN03399-15
gid://shopify/InventoryItem/48444914073895;AN03399-16
gid://shopify/InventoryItem/48444914106663;AN03399-17
gid://shopify/InventoryItem/48444914139431;AN03399-18
gid://shopify/InventoryItem/48444914172199;AN03399-19
gid://shopify/InventoryItem/48444914204967;AN03399-20
gid://shopify/InventoryItem/48444914237735;AN03399-21
gid://shopify/InventoryItem/48444914270503;AN03399-22
gid://shopify/InventoryItem/48444914467111;AN03400-10
gid://shopify/InventoryItem/48444914499879;AN03400-11
gid://shopify/InventoryItem/48444914532647;AN03400-12
gid://shopify/InventoryItem/48444914565415;AN03400-13
gid://shopify/InventoryItem/48444914598183;AN03400-14
gid://shopify/InventoryItem/48444914630951;AN03400-15
gid://shopify/InventoryItem/48444914663719;AN03400-16
gid://shopify/InventoryItem/48444914696487;AN03400-17
gid://shopify/InventoryItem/48444914729255;AN03400-18
gid://shopify/InventoryItem/48444914762023;AN03400-19
gid://shopify/InventoryItem/48444914794791;AN03400-20
gid://shopify/InventoryItem/48444914827559;AN03400-21
gid://shopify/InventoryItem/48444914860327;AN03400-22
gid://shopify/InventoryItem/48444915548455;AN03401-10
gid://shopify/InventoryItem/48444915581223;AN03401-11
gid://shopify/InventoryItem/48444915613991;AN03401-12
gid://shopify/InventoryItem/48444915646759;AN03401-13
gid://shopify/InventoryItem/48444915679527;AN03401-14
gid://shopify/InventoryItem/48444915712295;AN03401-15
gid://shopify/InventoryItem/48444915745063;AN03401-16
gid://shopify/InventoryItem/48444915777831;AN03401-17
gid://shopify/InventoryItem/48444915810599;AN03401-18
gid://shopify/InventoryItem/48444915843367;AN03401-19
gid://shopify/InventoryItem/48444915876135;AN03401-20
gid://shopify/InventoryItem/48444915908903;AN03401-21
gid://shopify/InventoryItem/48444915941671;AN03401-22
gid://shopify/InventoryItem/48444916171047;AN03402-10
gid://shopify/InventoryItem/48444916203815;AN03402-11
gid://shopify/InventoryItem/48444916236583;AN03402-12
gid://shopify/InventoryItem/48444916269351;AN03402-13
gid://shopify/InventoryItem/48444916302119;AN03402-14
gid://shopify/InventoryItem/48444916334887;AN03402-15
gid://shopify/InventoryItem/48444916367655;AN03402-16
gid://shopify/InventoryItem/48444916400423;AN03402-17
gid://shopify/InventoryItem/48444916433191;AN03402-18
gid://shopify/InventoryItem/48444916465959;AN03402-19
gid://shopify/InventoryItem/48444916498727;AN03402-20
gid://shopify/InventoryItem/48444916531495;AN03402-21
gid://shopify/InventoryItem/48444916564263;AN03402-22
gid://shopify/InventoryItem/48444916662567;AN03403-10
gid://shopify/InventoryItem/48444916695335;AN03403-11
gid://shopify/InventoryItem/48444916728103;AN03403-12
gid://shopify/InventoryItem/48444916760871;AN03403-13
gid://shopify/InventoryItem/48444916793639;AN03403-14
gid://shopify/InventoryItem/48444916826407;AN03403-15
gid://shopify/InventoryItem/48444916859175;AN03403-16
gid://shopify/InventoryItem/48444916891943;AN03403-17
gid://shopify/InventoryItem/48444916924711;AN03403-18
gid://shopify/InventoryItem/48444916957479;AN03403-19
gid://shopify/InventoryItem/48444916990247;AN03403-20
gid://shopify/InventoryItem/48444917023015;AN03403-21
gid://shopify/InventoryItem/48444917055783;AN03403-22
gid://shopify/InventoryItem/48444917088551;AN06169-10
gid://shopify/InventoryItem/48444917121319;AN06169-11
gid://shopify/InventoryItem/48444917154087;AN06169-12
gid://shopify/InventoryItem/48444917186855;AN06169-13
gid://shopify/InventoryItem/48444917219623;AN06169-14
gid://shopify/InventoryItem/48444917252391;AN06169-15
gid://shopify/InventoryItem/48444917285159;AN06169-16
gid://shopify/InventoryItem/48444917317927;AN06169-17
gid://shopify/InventoryItem/48444917350695;AN06169-18
gid://shopify/InventoryItem/48444917383463;AN06169-19
gid://shopify/InventoryItem/48444917416231;AN06169-20
gid://shopify/InventoryItem/48444917448999;AN06169-21
gid://shopify/InventoryItem/48444917481767;AN06169-22
gid://shopify/InventoryItem/48444917514535;AN06195-10
gid://shopify/InventoryItem/48444917547303;AN06195-11
gid://shopify/InventoryItem/48444917580071;AN06195-12
gid://shopify/InventoryItem/48444917612839;AN06195-13
gid://shopify/InventoryItem/48444917645607;AN06195-14
gid://shopify/InventoryItem/48444917678375;AN06195-15
gid://shopify/InventoryItem/48444917711143;AN06195-16
gid://shopify/InventoryItem/48444917743911;AN06195-17
gid://shopify/InventoryItem/48444917776679;AN06195-18
gid://shopify/InventoryItem/48444917809447;AN06195-19
gid://shopify/InventoryItem/48444917842215;AN06195-20
gid://shopify/InventoryItem/48444917874983;AN06195-21
gid://shopify/InventoryItem/48444917907751;AN06195-22
gid://shopify/InventoryItem/48444918923559;AN03395-10
gid://shopify/InventoryItem/48444918956327;AN03395-11
gid://shopify/InventoryItem/48444918989095;AN03395-12
gid://shopify/InventoryItem/48444919021863;AN03395-13
gid://shopify/InventoryItem/48444919054631;AN03395-14
gid://shopify/InventoryItem/48444919087399;AN03395-15
gid://shopify/InventoryItem/48444919120167;AN03395-16
gid://shopify/InventoryItem/48444919152935;AN03395-17
gid://shopify/InventoryItem/48444919185703;AN03395-18
gid://shopify/InventoryItem/48444919218471;AN03395-19
gid://shopify/InventoryItem/48444919251239;AN03395-20
gid://shopify/InventoryItem/48444919284007;AN03395-21
gid://shopify/InventoryItem/48444919316775;AN03395-22
gid://shopify/InventoryItem/48444919447847;AN03245-10
gid://shopify/InventoryItem/48444919480615;AN03245-11
gid://shopify/InventoryItem/48444919513383;AN03245-12
gid://shopify/InventoryItem/48444919546151;AN03245-13
gid://shopify/InventoryItem/48444919578919;AN03245-14
gid://shopify/InventoryItem/48444919611687;AN03245-15
gid://shopify/InventoryItem/48444919644455;AN03245-16
gid://shopify/InventoryItem/48444919677223;AN03245-17
gid://shopify/InventoryItem/48444919709991;AN03245-18
gid://shopify/InventoryItem/48444919742759;AN03245-19
gid://shopify/InventoryItem/48444919775527;AN03245-20
gid://shopify/InventoryItem/48444919808295;AN03245-21
gid://shopify/InventoryItem/48444919841063;AN03245-22
gid://shopify/InventoryItem/48444920004903;AN02276-10
gid://shopify/InventoryItem/48444920037671;AN02276-11
gid://shopify/InventoryItem/48444920070439;AN02276-12
gid://shopify/InventoryItem/48444920103207;AN02276-13
gid://shopify/InventoryItem/48444920135975;AN02276-14
gid://shopify/InventoryItem/48444920168743;AN02276-15
gid://shopify/InventoryItem/48444920201511;AN02276-16
gid://shopify/InventoryItem/48444920234279;AN02276-17
gid://shopify/InventoryItem/48444920267047;AN02276-18
gid://shopify/InventoryItem/48444920299815;AN02276-19
gid://shopify/InventoryItem/48444920332583;AN02276-20
gid://shopify/InventoryItem/48444920365351;AN02276-21
gid://shopify/InventoryItem/48444920398119;AN02276-22
gid://shopify/InventoryItem/48444920463655;AN01867-10
gid://shopify/InventoryItem/48444920496423;AN01867-11
gid://shopify/InventoryItem/48444920529191;AN01867-12
gid://shopify/InventoryItem/48444920561959;AN01867-13
gid://shopify/InventoryItem/48444920594727;AN01867-14
gid://shopify/InventoryItem/48444920627495;AN01867-15
gid://shopify/InventoryItem/48444920660263;AN01867-16
gid://shopify/InventoryItem/48444920693031;AN01867-17
gid://shopify/InventoryItem/48444920725799;AN01867-18
gid://shopify/InventoryItem/48444920758567;AN01867-19
gid://shopify/InventoryItem/48444920791335;AN01867-20
gid://shopify/InventoryItem/48444920824103;AN01867-21
gid://shopify/InventoryItem/48444920856871;AN01867-22
gid://shopify/InventoryItem/48444920987943;AN01868-10
gid://shopify/InventoryItem/48444921020711;AN01868-11
gid://shopify/InventoryItem/48444921053479;AN01868-12
gid://shopify/InventoryItem/48444921086247;AN01868-13
gid://shopify/InventoryItem/48444921119015;AN01868-14
gid://shopify/InventoryItem/48444921151783;AN01868-15
gid://shopify/InventoryItem/48444921184551;AN01868-16
gid://shopify/InventoryItem/48444921217319;AN01868-17
gid://shopify/InventoryItem/48444921250087;AN01868-18
gid://shopify/InventoryItem/48444921282855;AN01868-19
gid://shopify/InventoryItem/48444921315623;AN01868-20
gid://shopify/InventoryItem/48444921348391;AN01868-21
gid://shopify/InventoryItem/48444921381159;AN01868-22
gid://shopify/InventoryItem/48444921446695;AN01869-10
gid://shopify/InventoryItem/48444921479463;AN01869-11
gid://shopify/InventoryItem/48444921512231;AN01869-12
gid://shopify/InventoryItem/48444921544999;AN01869-13
gid://shopify/InventoryItem/48444921577767;AN01869-14
gid://shopify/InventoryItem/48444921610535;AN01869-15
gid://shopify/InventoryItem/48444921643303;AN01869-16
gid://shopify/InventoryItem/48444921676071;AN01869-17
gid://shopify/InventoryItem/48444921708839;AN01869-18
gid://shopify/InventoryItem/48444921741607;AN01869-19
gid://shopify/InventoryItem/48444921774375;AN01869-20
gid://shopify/InventoryItem/48444921807143;AN01869-21
gid://shopify/InventoryItem/48444921839911;AN01869-22
gid://shopify/InventoryItem/48444921905447;AN01890-10
gid://shopify/InventoryItem/48444921938215;AN01890-11
gid://shopify/InventoryItem/48444921970983;AN01890-12
gid://shopify/InventoryItem/48444922003751;AN01890-13
gid://shopify/InventoryItem/48444922036519;AN01890-14
gid://shopify/InventoryItem/48444922069287;AN01890-15
gid://shopify/InventoryItem/48444922102055;AN01890-16
gid://shopify/InventoryItem/48444922134823;AN01890-17
gid://shopify/InventoryItem/48444922167591;AN01890-18
gid://shopify/InventoryItem/48444922200359;AN01890-19
gid://shopify/InventoryItem/48444922233127;AN01890-20
gid://shopify/InventoryItem/48444922265895;AN01890-21
gid://shopify/InventoryItem/48444922298663;AN01890-22
gid://shopify/InventoryItem/48444922331431;AN01864-10
gid://shopify/InventoryItem/48444922364199;AN01864-11
gid://shopify/InventoryItem/48444922396967;AN01864-12
gid://shopify/InventoryItem/48444922429735;AN01864-13
gid://shopify/InventoryItem/48444922462503;AN01864-14
gid://shopify/InventoryItem/48444922495271;AN01864-15
gid://shopify/InventoryItem/48444922528039;AN01864-16
gid://shopify/InventoryItem/48444922560807;AN01864-17
gid://shopify/InventoryItem/48444922593575;AN01864-18
gid://shopify/InventoryItem/48444922626343;AN01864-19
gid://shopify/InventoryItem/48444922659111;AN01864-20
gid://shopify/InventoryItem/48444922691879;AN01864-21
gid://shopify/InventoryItem/48444922724647;AN01864-22
gid://shopify/InventoryItem/48444922790183;AN03307-10
gid://shopify/InventoryItem/48444922822951;AN03307-11
gid://shopify/InventoryItem/48444922855719;AN03307-12
gid://shopify/InventoryItem/48444922888487;AN03307-13
gid://shopify/InventoryItem/48444922921255;AN03307-14
gid://shopify/InventoryItem/48444922954023;AN03307-15
gid://shopify/InventoryItem/48444922986791;AN03307-16
gid://shopify/InventoryItem/48444923019559;AN03307-17
gid://shopify/InventoryItem/48444923052327;AN03307-18
gid://shopify/InventoryItem/48444923085095;AN03307-19
gid://shopify/InventoryItem/48444923117863;AN03307-20
gid://shopify/InventoryItem/48444923150631;AN03307-21
gid://shopify/InventoryItem/48444923183399;AN03307-22
gid://shopify/InventoryItem/48444923281703;AN03368-10
gid://shopify/InventoryItem/48444923314471;AN03368-11
gid://shopify/InventoryItem/48444923347239;AN03368-12
gid://shopify/InventoryItem/48444923380007;AN03368-13
gid://shopify/InventoryItem/48444923412775;AN03368-14
gid://shopify/InventoryItem/48444923445543;AN03368-15
gid://shopify/InventoryItem/48444923478311;AN03368-16
gid://shopify/InventoryItem/48444923511079;AN03368-17
gid://shopify/InventoryItem/48444923543847;AN03368-18
gid://shopify/InventoryItem/48444923576615;AN03368-19
gid://shopify/InventoryItem/48444923609383;AN03368-20
gid://shopify/InventoryItem/48444923642151;AN03368-21
gid://shopify/InventoryItem/48444923674919;AN03368-22
gid://shopify/InventoryItem/48444923707687;AN01870-10
gid://shopify/InventoryItem/48444923740455;AN01870-11
gid://shopify/InventoryItem/48444923773223;AN01870-12
gid://shopify/InventoryItem/48444923805991;AN01870-13
gid://shopify/InventoryItem/48444923838759;AN01870-14
gid://shopify/InventoryItem/48444923871527;AN01870-15
gid://shopify/InventoryItem/48444923904295;AN01870-16
gid://shopify/InventoryItem/48444923937063;AN01870-17
gid://shopify/InventoryItem/48444923969831;AN01870-18
gid://shopify/InventoryItem/48444924002599;AN01870-19
gid://shopify/InventoryItem/48444924035367;AN01870-20
gid://shopify/InventoryItem/48444924068135;AN01870-21
gid://shopify/InventoryItem/48444924100903;AN01870-22
gid://shopify/InventoryItem/48444924133671;AN02299-10
gid://shopify/InventoryItem/48444924166439;AN02299-11
gid://shopify/InventoryItem/48444924199207;AN02299-12
gid://shopify/InventoryItem/48444924231975;AN02299-13
gid://shopify/InventoryItem/48444924264743;AN02299-14
gid://shopify/InventoryItem/48444924297511;AN02299-15
gid://shopify/InventoryItem/48444924330279;AN02299-16
gid://shopify/InventoryItem/48444924363047;AN02299-17
gid://shopify/InventoryItem/48444924395815;AN02299-18
gid://shopify/InventoryItem/48444924428583;AN02299-19
gid://shopify/InventoryItem/48444924461351;AN02299-20
gid://shopify/InventoryItem/48444924494119;AN02299-21
gid://shopify/InventoryItem/48444924526887;AN02299-22
gid://shopify/InventoryItem/48444924559655;AN02300-10
gid://shopify/InventoryItem/48444924592423;AN02300-11
gid://shopify/InventoryItem/48444924625191;AN02300-12
gid://shopify/InventoryItem/48444924657959;AN02300-13
gid://shopify/InventoryItem/48444924690727;AN02300-14
gid://shopify/InventoryItem/48444924723495;AN02300-15
gid://shopify/InventoryItem/48444924756263;AN02300-16
gid://shopify/InventoryItem/48444924789031;AN02300-17
gid://shopify/InventoryItem/48444924821799;AN02300-18
gid://shopify/InventoryItem/48444924854567;AN02300-19
gid://shopify/InventoryItem/48444924887335;AN02300-20
gid://shopify/InventoryItem/48444924920103;AN02300-21
gid://shopify/InventoryItem/48444924952871;AN02300-22
gid://shopify/InventoryItem/48444924985639;AN01724-10
gid://shopify/InventoryItem/48444925018407;AN01724-11
gid://shopify/InventoryItem/48444925051175;AN01724-12
gid://shopify/InventoryItem/48444925083943;AN01724-13
gid://shopify/InventoryItem/48444925116711;AN01724-14
gid://shopify/InventoryItem/48444925149479;AN01724-15
gid://shopify/InventoryItem/48444925182247;AN01724-16
gid://shopify/InventoryItem/48444925215015;AN01724-17
gid://shopify/InventoryItem/48444925247783;AN01724-18
gid://shopify/InventoryItem/48444925280551;AN01724-19
gid://shopify/InventoryItem/48444925313319;AN01724-20
gid://shopify/InventoryItem/48444925346087;AN01724-21
gid://shopify/InventoryItem/48444925378855;AN01724-22
gid://shopify/InventoryItem/48444925477159;AN01748-10
gid://shopify/InventoryItem/48444925509927;AN01748-11
gid://shopify/InventoryItem/48444925542695;AN01748-12
gid://shopify/InventoryItem/48444925575463;AN01748-13
gid://shopify/InventoryItem/48444925608231;AN01748-14
gid://shopify/InventoryItem/48444925640999;AN01748-15
gid://shopify/InventoryItem/48444925673767;AN01748-16
gid://shopify/InventoryItem/48444925706535;AN01748-17
gid://shopify/InventoryItem/48444925739303;AN01748-18
gid://shopify/InventoryItem/48444925772071;AN01748-19
gid://shopify/InventoryItem/48444925804839;AN01748-20
gid://shopify/InventoryItem/48444925837607;AN01748-21
gid://shopify/InventoryItem/48444925870375;AN01748-22
gid://shopify/InventoryItem/48444926099751;AN01749-10
gid://shopify/InventoryItem/48444926132519;AN01749-11
gid://shopify/InventoryItem/48444926165287;AN01749-12
gid://shopify/InventoryItem/48444926198055;AN01749-13
gid://shopify/InventoryItem/48444926230823;AN01749-14
gid://shopify/InventoryItem/48444926263591;AN01749-15
gid://shopify/InventoryItem/48444926296359;AN01749-16
gid://shopify/InventoryItem/48444926329127;AN01749-17
gid://shopify/InventoryItem/48444926361895;AN01749-18
gid://shopify/InventoryItem/48444926394663;AN01749-19
gid://shopify/InventoryItem/48444926427431;AN01749-20
gid://shopify/InventoryItem/48444926460199;AN01749-21
gid://shopify/InventoryItem/48444926492967;AN01749-22
gid://shopify/InventoryItem/48444926689575;AN01865-10
gid://shopify/InventoryItem/48444926722343;AN01865-11
gid://shopify/InventoryItem/48444926755111;AN01865-12
gid://shopify/InventoryItem/48444926787879;AN01865-13
gid://shopify/InventoryItem/48444926820647;AN01865-14
gid://shopify/InventoryItem/48444926853415;AN01865-15
gid://shopify/InventoryItem/48444926886183;AN01865-16
gid://shopify/InventoryItem/48444926918951;AN01865-17
gid://shopify/InventoryItem/48444926951719;AN01865-18
gid://shopify/InventoryItem/48444926984487;AN01865-19
gid://shopify/InventoryItem/48444927017255;AN01865-20
gid://shopify/InventoryItem/48444927050023;AN01865-21
gid://shopify/InventoryItem/48444927082791;AN01865-22
gid://shopify/InventoryItem/48444927312167;AN02038-10
gid://shopify/InventoryItem/48444927344935;AN02038-11
gid://shopify/InventoryItem/48444927377703;AN02038-12
gid://shopify/InventoryItem/48444927410471;AN02038-13
gid://shopify/InventoryItem/48444927443239;AN02038-14
gid://shopify/InventoryItem/48444927476007;AN02038-15
gid://shopify/InventoryItem/48444927508775;AN02038-16
gid://shopify/InventoryItem/48444927541543;AN02038-17
gid://shopify/InventoryItem/48444927574311;AN02038-18
gid://shopify/InventoryItem/48444927607079;AN02038-19
gid://shopify/InventoryItem/48444927639847;AN02038-20
gid://shopify/InventoryItem/48444927672615;AN02038-21
gid://shopify/InventoryItem/48444927705383;AN02038-22
gid://shopify/InventoryItem/48444927803687;AN03573-10
gid://shopify/InventoryItem/48444927836455;AN03573-11
gid://shopify/InventoryItem/48444927869223;AN03573-12
gid://shopify/InventoryItem/48444927901991;AN03573-13
gid://shopify/InventoryItem/48444927934759;AN03573-14
gid://shopify/InventoryItem/48444927967527;AN03573-15
gid://shopify/InventoryItem/48444928000295;AN03573-16
gid://shopify/InventoryItem/48444928033063;AN03573-17
gid://shopify/InventoryItem/48444928065831;AN03573-18
gid://shopify/InventoryItem/48444928098599;AN03573-19
gid://shopify/InventoryItem/48444928131367;AN03573-20
gid://shopify/InventoryItem/48444928164135;AN03573-21
gid://shopify/InventoryItem/48444928196903;AN03573-22
gid://shopify/InventoryItem/48444928229671;AN03175-10
gid://shopify/InventoryItem/48444928262439;AN03175-11
gid://shopify/InventoryItem/48444928295207;AN03175-12
gid://shopify/InventoryItem/48444928327975;AN03175-13
gid://shopify/InventoryItem/48444928360743;AN03175-14
gid://shopify/InventoryItem/48444928393511;AN03175-15
gid://shopify/InventoryItem/48444928426279;AN03175-16
gid://shopify/InventoryItem/48444928459047;AN03175-17
gid://shopify/InventoryItem/48444928491815;AN03175-18
gid://shopify/InventoryItem/48444928524583;AN03175-19
gid://shopify/InventoryItem/48444928557351;AN03175-20
gid://shopify/InventoryItem/48444928590119;AN03175-21
gid://shopify/InventoryItem/48444928622887;AN03175-22
gid://shopify/InventoryItem/48444928688423;AN03537-10
gid://shopify/InventoryItem/48444928721191;AN03537-11
gid://shopify/InventoryItem/48444928753959;AN03537-12
gid://shopify/InventoryItem/48444928786727;AN03537-13
gid://shopify/InventoryItem/48444928819495;AN03537-14
gid://shopify/InventoryItem/48444928852263;AN03537-15
gid://shopify/InventoryItem/48444928885031;AN03537-16
gid://shopify/InventoryItem/48444928917799;AN03537-17
gid://shopify/InventoryItem/48444928950567;AN03537-18
gid://shopify/InventoryItem/48444928983335;AN03537-19
gid://shopify/InventoryItem/48444929016103;AN03537-20
gid://shopify/InventoryItem/48444929048871;AN03537-21
gid://shopify/InventoryItem/48444929081639;AN03537-22
gid://shopify/InventoryItem/48444929212711;AN03215-10
gid://shopify/InventoryItem/48444929245479;AN03215-11
gid://shopify/InventoryItem/48444929278247;AN03215-12
gid://shopify/InventoryItem/48444929311015;AN03215-13
gid://shopify/InventoryItem/48444929343783;AN03215-14
gid://shopify/InventoryItem/48444929376551;AN03215-15
gid://shopify/InventoryItem/48444929409319;AN03215-16
gid://shopify/InventoryItem/48444929442087;AN03215-17
gid://shopify/InventoryItem/48444929474855;AN03215-18
gid://shopify/InventoryItem/48444929507623;AN03215-19
gid://shopify/InventoryItem/48444929540391;AN03215-20
gid://shopify/InventoryItem/48444929573159;AN03215-21
gid://shopify/InventoryItem/48444929605927;AN03215-22
gid://shopify/InventoryItem/48444929638695;AN02785-10
gid://shopify/InventoryItem/48444929671463;AN02785-11
gid://shopify/InventoryItem/48444929704231;AN02785-12
gid://shopify/InventoryItem/48444929736999;AN02785-13
gid://shopify/InventoryItem/48444929769767;AN02785-14
gid://shopify/InventoryItem/48444929802535;AN02785-15
gid://shopify/InventoryItem/48444929835303;AN02785-16
gid://shopify/InventoryItem/48444929868071;AN02785-17
gid://shopify/InventoryItem/48444929900839;AN02785-18
gid://shopify/InventoryItem/48444929933607;AN02785-19
gid://shopify/InventoryItem/48444929966375;AN02785-20
gid://shopify/InventoryItem/48444929999143;AN02785-21
gid://shopify/InventoryItem/48444930031911;AN02785-22
gid://shopify/InventoryItem/48444930621735;AN02948-10
gid://shopify/InventoryItem/48444930654503;AN02948-11
gid://shopify/InventoryItem/48444930687271;AN02948-12
gid://shopify/InventoryItem/48444930720039;AN02948-13
gid://shopify/InventoryItem/48444930752807;AN02948-14
gid://shopify/InventoryItem/48444930785575;AN02948-15
gid://shopify/InventoryItem/48444930818343;AN02948-16
gid://shopify/InventoryItem/48444930851111;AN02948-17
gid://shopify/InventoryItem/48444930883879;AN02948-18
gid://shopify/InventoryItem/48444930916647;AN02948-19
gid://shopify/InventoryItem/48444930949415;AN02948-20
gid://shopify/InventoryItem/48444930982183;AN02948-21
gid://shopify/InventoryItem/48444931014951;AN02948-22
gid://shopify/InventoryItem/48444931113255;AN03090-10
gid://shopify/InventoryItem/48444931146023;AN03090-11
gid://shopify/InventoryItem/48444931178791;AN03090-12
gid://shopify/InventoryItem/48444931211559;AN03090-13
gid://shopify/InventoryItem/48444931244327;AN03090-14
gid://shopify/InventoryItem/48444931277095;AN03090-15
gid://shopify/InventoryItem/48444931309863;AN03090-16
gid://shopify/InventoryItem/48444931342631;AN03090-17
gid://shopify/InventoryItem/48444931375399;AN03090-18
gid://shopify/InventoryItem/48444931408167;AN03090-19
gid://shopify/InventoryItem/48444931440935;AN03090-20
gid://shopify/InventoryItem/48444931473703;AN03090-21
gid://shopify/InventoryItem/48444931506471;AN03090-22
gid://shopify/InventoryItem/48444931604775;AN02817-10
gid://shopify/InventoryItem/48444931637543;AN02817-11
gid://shopify/InventoryItem/48444931670311;AN02817-12
gid://shopify/InventoryItem/48444931703079;AN02817-13
gid://shopify/InventoryItem/48444931735847;AN02817-14
gid://shopify/InventoryItem/48444931768615;AN02817-15
gid://shopify/InventoryItem/48444931801383;AN02817-16
gid://shopify/InventoryItem/48444931834151;AN02817-17
gid://shopify/InventoryItem/48444931866919;AN02817-18
gid://shopify/InventoryItem/48444931899687;AN02817-19
gid://shopify/InventoryItem/48444931932455;AN02817-20
gid://shopify/InventoryItem/48444931965223;AN02817-21
gid://shopify/InventoryItem/48444931997991;AN02817-22
gid://shopify/InventoryItem/48444932030759;AN02859-10
gid://shopify/InventoryItem/48444932063527;AN02859-11
gid://shopify/InventoryItem/48444932096295;AN02859-12
gid://shopify/InventoryItem/48444932129063;AN02859-13
gid://shopify/InventoryItem/48444932161831;AN02859-14
gid://shopify/InventoryItem/48444932194599;AN02859-15
gid://shopify/InventoryItem/48444932227367;AN02859-16
gid://shopify/InventoryItem/48444932260135;AN02859-17
gid://shopify/InventoryItem/48444932292903;AN02859-18
gid://shopify/InventoryItem/48444932325671;AN02859-19
gid://shopify/InventoryItem/48444932358439;AN02859-20
gid://shopify/InventoryItem/48444932391207;AN02859-21
gid://shopify/InventoryItem/48444932423975;AN02859-22
gid://shopify/InventoryItem/48444932620583;AN03318-10
gid://shopify/InventoryItem/48444932653351;AN03318-11
gid://shopify/InventoryItem/48444932686119;AN03318-12
gid://shopify/InventoryItem/48444932718887;AN03318-13
gid://shopify/InventoryItem/48444932751655;AN03318-14
gid://shopify/InventoryItem/48444932784423;AN03318-15
gid://shopify/InventoryItem/48444932817191;AN03318-16
gid://shopify/InventoryItem/48444932849959;AN03318-17
gid://shopify/InventoryItem/48444932882727;AN03318-18
gid://shopify/InventoryItem/48444932915495;AN03318-19
gid://shopify/InventoryItem/48444932948263;AN03318-20
gid://shopify/InventoryItem/48444932981031;AN03318-21
gid://shopify/InventoryItem/48444933013799;AN03318-22
gid://shopify/InventoryItem/48444933144871;AN03321-10
gid://shopify/InventoryItem/48444933177639;AN03321-11
gid://shopify/InventoryItem/48444933210407;AN03321-12
gid://shopify/InventoryItem/48444933243175;AN03321-13
gid://shopify/InventoryItem/48444933275943;AN03321-14
gid://shopify/InventoryItem/48444933308711;AN03321-15
gid://shopify/InventoryItem/48444933341479;AN03321-16
gid://shopify/InventoryItem/48444933374247;AN03321-17
gid://shopify/InventoryItem/48444933407015;AN03321-18
gid://shopify/InventoryItem/48444933439783;AN03321-19
gid://shopify/InventoryItem/48444933472551;AN03321-20
gid://shopify/InventoryItem/48444933505319;AN03321-21
gid://shopify/InventoryItem/48444933538087;AN03321-22
gid://shopify/InventoryItem/48444935471399;AN03430-10
gid://shopify/InventoryItem/48444935504167;AN03430-11
gid://shopify/InventoryItem/48444935536935;AN03430-12
gid://shopify/InventoryItem/48444935569703;AN03430-13
gid://shopify/InventoryItem/48444935602471;AN03430-14
gid://shopify/InventoryItem/48444935635239;AN03430-15
gid://shopify/InventoryItem/48444935668007;AN03430-16
gid://shopify/InventoryItem/48444935700775;AN03430-17
gid://shopify/InventoryItem/48444935733543;AN03430-18
gid://shopify/InventoryItem/48444935766311;AN03430-19
gid://shopify/InventoryItem/48444935799079;AN03430-20
gid://shopify/InventoryItem/48444935831847;AN03430-21
gid://shopify/InventoryItem/48444935864615;AN03430-22
gid://shopify/InventoryItem/48444935930151;AN03453-10
gid://shopify/InventoryItem/48444935962919;AN03453-11
gid://shopify/InventoryItem/48444935995687;AN03453-12
gid://shopify/InventoryItem/48444936028455;AN03453-13
gid://shopify/InventoryItem/48444936061223;AN03453-14
gid://shopify/InventoryItem/48444936093991;AN03453-15
gid://shopify/InventoryItem/48444936126759;AN03453-16
gid://shopify/InventoryItem/48444936159527;AN03453-17
gid://shopify/InventoryItem/48444936192295;AN03453-18
gid://shopify/InventoryItem/48444936225063;AN03453-19
gid://shopify/InventoryItem/48444936257831;AN03453-20
gid://shopify/InventoryItem/48444936290599;AN03453-21
gid://shopify/InventoryItem/48444936323367;AN03453-22
gid://shopify/InventoryItem/48444936356135;AN03472-10
gid://shopify/InventoryItem/48444936388903;AN03472-11
gid://shopify/InventoryItem/48444936421671;AN03472-12
gid://shopify/InventoryItem/48444936454439;AN03472-13
gid://shopify/InventoryItem/48444936487207;AN03472-14
gid://shopify/InventoryItem/48444936519975;AN03472-15
gid://shopify/InventoryItem/48444936552743;AN03472-16
gid://shopify/InventoryItem/48444936585511;AN03472-17
gid://shopify/InventoryItem/48444936618279;AN03472-18
gid://shopify/InventoryItem/48444936651047;AN03472-19
gid://shopify/InventoryItem/48444936683815;AN03472-20
gid://shopify/InventoryItem/48444936716583;AN03472-21
gid://shopify/InventoryItem/48444936749351;AN03472-22
gid://shopify/InventoryItem/48444936814887;AN03496-10
gid://shopify/InventoryItem/48444936847655;AN03496-11
gid://shopify/InventoryItem/48444936880423;AN03496-12
gid://shopify/InventoryItem/48444936913191;AN03496-13
gid://shopify/InventoryItem/48444936945959;AN03496-14
gid://shopify/InventoryItem/48444936978727;AN03496-15
gid://shopify/InventoryItem/48444937011495;AN03496-16
gid://shopify/InventoryItem/48444937044263;AN03496-17
gid://shopify/InventoryItem/48444937077031;AN03496-18
gid://shopify/InventoryItem/48444937109799;AN03496-19
gid://shopify/InventoryItem/48444937142567;AN03496-20
gid://shopify/InventoryItem/48444937175335;AN03496-21
gid://shopify/InventoryItem/48444937208103;AN03496-22
gid://shopify/InventoryItem/48444937240871;AN03497-10
gid://shopify/InventoryItem/48444937273639;AN03497-11
gid://shopify/InventoryItem/48444937306407;AN03497-12
gid://shopify/InventoryItem/48444937339175;AN03497-13
gid://shopify/InventoryItem/48444937371943;AN03497-14
gid://shopify/InventoryItem/48444937404711;AN03497-15
gid://shopify/InventoryItem/48444937437479;AN03497-16
gid://shopify/InventoryItem/48444937470247;AN03497-17
gid://shopify/InventoryItem/48444937503015;AN03497-18
gid://shopify/InventoryItem/48444937535783;AN03497-19
gid://shopify/InventoryItem/48444937568551;AN03497-20
gid://shopify/InventoryItem/48444937601319;AN03497-21
gid://shopify/InventoryItem/48444937634087;AN03497-22
gid://shopify/InventoryItem/48444937699623;AN03515-10
gid://shopify/InventoryItem/48444937732391;AN03515-11
gid://shopify/InventoryItem/48444937765159;AN03515-12
gid://shopify/InventoryItem/48444937797927;AN03515-13
gid://shopify/InventoryItem/48444937830695;AN03515-14
gid://shopify/InventoryItem/48444937863463;AN03515-15
gid://shopify/InventoryItem/48444937896231;AN03515-16
gid://shopify/InventoryItem/48444937928999;AN03515-17
gid://shopify/InventoryItem/48444937961767;AN03515-18
gid://shopify/InventoryItem/48444937994535;AN03515-19
gid://shopify/InventoryItem/48444938027303;AN03515-20
gid://shopify/InventoryItem/48444938060071;AN03515-21
gid://shopify/InventoryItem/48444938092839;AN03515-22
gid://shopify/InventoryItem/48444940288295;AN03546-10
gid://shopify/InventoryItem/48444940321063;AN03546-11
gid://shopify/InventoryItem/48444940353831;AN03546-12
gid://shopify/InventoryItem/48444940386599;AN03546-13
gid://shopify/InventoryItem/48444940419367;AN03546-14
gid://shopify/InventoryItem/48444940452135;AN03546-15
gid://shopify/InventoryItem/48444940484903;AN03546-16
gid://shopify/InventoryItem/48444940517671;AN03546-17
gid://shopify/InventoryItem/48444940550439;AN03546-18
gid://shopify/InventoryItem/48444940583207;AN03546-19
gid://shopify/InventoryItem/48444940615975;AN03546-20
gid://shopify/InventoryItem/48444940648743;AN03546-21
gid://shopify/InventoryItem/48444940681511;AN03546-22
gid://shopify/InventoryItem/48483539058983;PU02068T
gid://shopify/InventoryItem/48483539091751;PU02069T
gid://shopify/InventoryItem/48496441426215;PU01988T
gid://shopify/InventoryItem/48496441458983;PU02004T
gid://shopify/InventoryItem/48496469246247;PU01990T
gid://shopify/InventoryItem/48496469279015;PU03423T
gid://shopify/InventoryItem/48496895623463;PU01993T
gid://shopify/InventoryItem/48496895656231;PU02002T
gid://shopify/InventoryItem/48496936026407;PU01989T
gid://shopify/InventoryItem/48496936059175;PU01998T
gid://shopify/InventoryItem/48496976494887;PU06193T
gid://shopify/InventoryItem/48496976527655;PU06194T
gid://shopify/InventoryItem/48497004871975;PU01994T
gid://shopify/InventoryItem/48497004904743;PU02000T
gid://shopify/InventoryItem/48540611477799;PU01801T
gid://shopify/InventoryItem/48540611510567;PU01803T
gid://shopify/InventoryItem/48540844163367;PU01802T
gid://shopify/InventoryItem/48540844196135;PU01804T
gid://shopify/InventoryItem/48547604300071;BR06266T
gid://shopify/InventoryItem/48547612066087;BR04585T
gid://shopify/InventoryItem/48547612262695;BR06424T
gid://shopify/InventoryItem/48547777085735;BR06383T
gid://shopify/InventoryItem/48547777347879;BR06475T
gid://shopify/InventoryItem/48547777675559;BR02815T
gid://shopify/InventoryItem/48547777904935;BR06083T
gid://shopify/InventoryItem/48547778101543;BR06448T
gid://shopify/InventoryItem/48547778265383;BR05712T
gid://shopify/InventoryItem/48547778494759;BR05735T
gid://shopify/InventoryItem/48547778953511;BR05922T
gid://shopify/InventoryItem/48547779117351;BR06123T
gid://shopify/InventoryItem/48547779346727;BR06127T
gid://shopify/InventoryItem/48547779477799;BR06140T
gid://shopify/InventoryItem/48547780002087;BR06146T
gid://shopify/InventoryItem/48547780460839;BR06148T
gid://shopify/InventoryItem/48547780559143;BR06201T
gid://shopify/InventoryItem/48547780788519;BR06220T
gid://shopify/InventoryItem/48547780985127;BR06514T
gid://shopify/InventoryItem/48547781280039;BR06564T
gid://shopify/InventoryItem/48547781542183;BR06565T
gid://shopify/InventoryItem/48547781673255;BR06566T
gid://shopify/InventoryItem/48547782394151;BR05587T
gid://shopify/InventoryItem/48547782787367;BR06139T
gid://shopify/InventoryItem/48547782951207;BR06288T
gid://shopify/InventoryItem/48547783147815;BR05297T
gid://shopify/InventoryItem/48547783344423;BR05397T
gid://shopify/InventoryItem/48547783737639;BR03909T
gid://shopify/InventoryItem/48547783934247;CL04100
gid://shopify/InventoryItem/48547784098087;CL04574
gid://shopify/InventoryItem/48547784294695;CL04599
gid://shopify/InventoryItem/48547784491303;CL04471
gid://shopify/InventoryItem/48547784687911;CL04601
gid://shopify/InventoryItem/48547784851751;CL04612
gid://shopify/InventoryItem/48547784950055;CL04154
gid://shopify/InventoryItem/48547785277735;CL00774
gid://shopify/InventoryItem/48547786064167;CL02027
gid://shopify/InventoryItem/48547786555687;CL02030
gid://shopify/InventoryItem/48547786752295;CL03882
gid://shopify/InventoryItem/48547787112743;CL04482
gid://shopify/InventoryItem/48547787276583;CL04606
gid://shopify/InventoryItem/48547787702567;CL03749
gid://shopify/InventoryItem/48547788259623;CL01407
gid://shopify/InventoryItem/48547789275431;CL04438
gid://shopify/InventoryItem/48547793502503;CO01292
gid://shopify/InventoryItem/48547793895719;CO00012
gid://shopify/InventoryItem/48547794944295;CO01297
gid://shopify/InventoryItem/48547795108135;CO01322
gid://shopify/InventoryItem/48547795304743;CO01320
gid://shopify/InventoryItem/48547795501351;CO0746
gid://shopify/InventoryItem/48547795665191;CO00021
gid://shopify/InventoryItem/48547795927335;CO01319
gid://shopify/InventoryItem/48547796222247;CO01321
gid://shopify/InventoryItem/48547796451623;BR06458T
gid://shopify/InventoryItem/48547796713767;BR06456T
gid://shopify/InventoryItem/48547796844839;BR06462T
gid://shopify/InventoryItem/48547797008679;PI01468
gid://shopify/InventoryItem/48547799597351;PI01405
gid://shopify/InventoryItem/48547799793959;PI01414
gid://shopify/InventoryItem/48547801432359;PI01458
gid://shopify/InventoryItem/48547802251559;PI01459
gid://shopify/InventoryItem/48547805298983;PU01260T
gid://shopify/InventoryItem/48547805430055;PU01212T
gid://shopify/InventoryItem/48547805692199;PU01992T
gid://shopify/InventoryItem/48547805888807;PU02034T
gid://shopify/InventoryItem/48547806019879;PU02062T
gid://shopify/InventoryItem/48547806183719;PU01003
gid://shopify/InventoryItem/48547806839079;PU01323T
gid://shopify/InventoryItem/48547807428903;PU01435T
gid://shopify/InventoryItem/48547807691047;PU01626T
gid://shopify/InventoryItem/48547808608551;PU02047T
gid://shopify/InventoryItem/48547808837927;PU02048T
gid://shopify/InventoryItem/48547809132839;PU01986T
gid://shopify/InventoryItem/48547809362215;PU02064T
gid://shopify/InventoryItem/48547809460519;PU02071T
gid://shopify/InventoryItem/48547809820967;PU02072T
gid://shopify/InventoryItem/48547810378023;PU01654T
gid://shopify/InventoryItem/48547972186407;BR05246T
gid://shopify/InventoryItem/48547972317479;BR06124T
gid://shopify/InventoryItem/48547972514087;BR06467T
gid://shopify/InventoryItem/48547972677927;BR06113T
gid://shopify/InventoryItem/48547972907303;BR06112T
gid://shopify/InventoryItem/48547973234983;BR05968T
gid://shopify/InventoryItem/48547973366055;BR05975T
gid://shopify/InventoryItem/48547973529895;BR06446T
gid://shopify/InventoryItem/48547973824807;BR04407T
gid://shopify/InventoryItem/48547973988647;BR04430T
gid://shopify/InventoryItem/48547974119719;BR05164T
gid://shopify/InventoryItem/48547974447399;BR05672T
gid://shopify/InventoryItem/48547974611239;BR05748T
gid://shopify/InventoryItem/48547974775079;BR06199T
gid://shopify/InventoryItem/48547975037223;BR06511T
gid://shopify/InventoryItem/48547975397671;CL04151
gid://shopify/InventoryItem/48547975594279;CL04609
gid://shopify/InventoryItem/48547976249639;PU01568T
gid://shopify/InventoryItem/48547976315175;PU01753T
gid://shopify/InventoryItem/48547976970535;PU01769T
gid://shopify/InventoryItem/48547977232679;PU01320T
gid://shopify/InventoryItem/48547977330983;PU01537T
gid://shopify/InventoryItem/48547977494823;PU02061T
gid://shopify/InventoryItem/48547977625895;PU02070T
gid://shopify/InventoryItem/48547977888039;PU01764T
gid://shopify/InventoryItem/48548079304999;BR02031T
gid://shopify/InventoryItem/48548079436071;BR06231T
gid://shopify/InventoryItem/48548079567143;BR06254T
gid://shopify/InventoryItem/48548079698215;BR06264T
gid://shopify/InventoryItem/48548079829287;BR06370T
gid://shopify/InventoryItem/48548079960359;BR06393T
gid://shopify/InventoryItem/48548080091431;BR06520T
gid://shopify/InventoryItem/48548080353575;BR06521T
gid://shopify/InventoryItem/48548080484647;BR06523T
gid://shopify/InventoryItem/48548080746791;BR06528T
gid://shopify/InventoryItem/48548081041703;CL04542
gid://shopify/InventoryItem/48548081205543;CL04554
gid://shopify/InventoryItem/48548081303847;CL04566
gid://shopify/InventoryItem/48548081828135;CL04567
gid://shopify/InventoryItem/48548081991975;CL04586
gid://shopify/InventoryItem/48548082254119;CL06391
gid://shopify/InventoryItem/48548082581799;CL04608
gid://shopify/InventoryItem/48548223779111;CL04577
gid://shopify/InventoryItem/48549325144359;AN03510-10
gid://shopify/InventoryItem/48549325177127;AN03510-11
gid://shopify/InventoryItem/48549325209895;AN03510-12
gid://shopify/InventoryItem/48549325242663;AN03510-13
gid://shopify/InventoryItem/48549325275431;AN03510-14
gid://shopify/InventoryItem/48549325308199;AN03510-15
gid://shopify/InventoryItem/48549325340967;AN03510-16
gid://shopify/InventoryItem/48549325373735;AN03510-17
gid://shopify/InventoryItem/48549325406503;AN03510-18
gid://shopify/InventoryItem/48549325439271;AN03510-19
gid://shopify/InventoryItem/48549325472039;AN03510-20
gid://shopify/InventoryItem/48549325504807;AN03510-21
gid://shopify/InventoryItem/48549325537575;AN03510-22
gid://shopify/InventoryItem/48549325898023;AN03533-10
gid://shopify/InventoryItem/48549325930791;AN03533-11
gid://shopify/InventoryItem/48549325963559;AN03533-12
gid://shopify/InventoryItem/48549325996327;AN03533-13
gid://shopify/InventoryItem/48549326029095;AN03533-14
gid://shopify/InventoryItem/48549326061863;AN03533-15
gid://shopify/InventoryItem/48549326094631;AN03533-16
gid://shopify/InventoryItem/48549326127399;AN03533-17
gid://shopify/InventoryItem/48549326160167;AN03533-18
gid://shopify/InventoryItem/48549326192935;AN03533-19
gid://shopify/InventoryItem/48549326225703;AN03533-20
gid://shopify/InventoryItem/48549326258471;AN03533-21
gid://shopify/InventoryItem/48549326291239;AN03533-22
gid://shopify/InventoryItem/48549328126247;AN03148-10
gid://shopify/InventoryItem/48549328159015;AN03148-11
gid://shopify/InventoryItem/48549328191783;AN03148-12
gid://shopify/InventoryItem/48549328224551;AN03148-13
gid://shopify/InventoryItem/48549328257319;AN03148-14
gid://shopify/InventoryItem/48549328290087;AN03148-15
gid://shopify/InventoryItem/48549328322855;AN03148-16
gid://shopify/InventoryItem/48549328355623;AN03148-17
gid://shopify/InventoryItem/48549328388391;AN03148-18
gid://shopify/InventoryItem/48549328421159;AN03148-19
gid://shopify/InventoryItem/48549328453927;AN03148-20
gid://shopify/InventoryItem/48549328486695;AN03148-21
gid://shopify/InventoryItem/48549328519463;AN03148-22
gid://shopify/InventoryItem/48549329207591;AN03349-10
gid://shopify/InventoryItem/48549329240359;AN03349-11
gid://shopify/InventoryItem/48549329273127;AN03349-12
gid://shopify/InventoryItem/48549329305895;AN03349-13
gid://shopify/InventoryItem/48549329338663;AN03349-14
gid://shopify/InventoryItem/48549329371431;AN03349-15
gid://shopify/InventoryItem/48549329404199;AN03349-16
gid://shopify/InventoryItem/48549329436967;AN03349-17
gid://shopify/InventoryItem/48549329469735;AN03349-18
gid://shopify/InventoryItem/48549329502503;AN03349-19
gid://shopify/InventoryItem/48549329535271;AN03349-20
gid://shopify/InventoryItem/48549329568039;AN03349-21
gid://shopify/InventoryItem/48549329600807;AN03349-22
gid://shopify/InventoryItem/48549329994023;AN03448-10
gid://shopify/InventoryItem/48549330026791;AN03448-11
gid://shopify/InventoryItem/48549330059559;AN03448-12
gid://shopify/InventoryItem/48549330092327;AN03448-13
gid://shopify/InventoryItem/48549330125095;AN03448-14
gid://shopify/InventoryItem/48549330157863;AN03448-15
gid://shopify/InventoryItem/48549330190631;AN03448-16
gid://shopify/InventoryItem/48549330223399;AN03448-17
gid://shopify/InventoryItem/48549330256167;AN03448-18
gid://shopify/InventoryItem/48549330288935;AN03448-19
gid://shopify/InventoryItem/48549330321703;AN03448-20
gid://shopify/InventoryItem/48549330354471;AN03448-21
gid://shopify/InventoryItem/48549330387239;AN03448-22
gid://shopify/InventoryItem/48549330714919;AN03449-10
gid://shopify/InventoryItem/48549330747687;AN03449-11
gid://shopify/InventoryItem/48549330780455;AN03449-12
gid://shopify/InventoryItem/48549330813223;AN03449-13
gid://shopify/InventoryItem/48549330845991;AN03449-14
gid://shopify/InventoryItem/48549330878759;AN03449-15
gid://shopify/InventoryItem/48549330911527;AN03449-16
gid://shopify/InventoryItem/48549330944295;AN03449-17
gid://shopify/InventoryItem/48549330977063;AN03449-18
gid://shopify/InventoryItem/48549331009831;AN03449-19
gid://shopify/InventoryItem/48549331042599;AN03449-20
gid://shopify/InventoryItem/48549331075367;AN03449-21
gid://shopify/InventoryItem/48549331108135;AN03449-22
gid://shopify/InventoryItem/48549331796263;AN03492-10
gid://shopify/InventoryItem/48549331829031;AN03492-11
gid://shopify/InventoryItem/48549331861799;AN03492-12
gid://shopify/InventoryItem/48549331894567;AN03492-13
gid://shopify/InventoryItem/48549331927335;AN03492-14
gid://shopify/InventoryItem/48549331960103;AN03492-15
gid://shopify/InventoryItem/48549331992871;AN03492-16
gid://shopify/InventoryItem/48549332025639;AN03492-17
gid://shopify/InventoryItem/48549332058407;AN03492-18
gid://shopify/InventoryItem/48549332091175;AN03492-19
gid://shopify/InventoryItem/48549332123943;AN03492-20
gid://shopify/InventoryItem/48549332156711;AN03492-21
gid://shopify/InventoryItem/48549332189479;AN03492-22
gid://shopify/InventoryItem/48549332713767;AN03572-10
gid://shopify/InventoryItem/48549332746535;AN03572-11
gid://shopify/InventoryItem/48549332779303;AN03572-12
gid://shopify/InventoryItem/48549332812071;AN03572-13
gid://shopify/InventoryItem/48549332844839;AN03572-14
gid://shopify/InventoryItem/48549332877607;AN03572-15
gid://shopify/InventoryItem/48549332910375;AN03572-16
gid://shopify/InventoryItem/48549332943143;AN03572-17
gid://shopify/InventoryItem/48549332975911;AN03572-18
gid://shopify/InventoryItem/48549333008679;AN03572-19
gid://shopify/InventoryItem/48549333041447;AN03572-20
gid://shopify/InventoryItem/48549333074215;AN03572-21
gid://shopify/InventoryItem/48549333106983;AN03572-22
gid://shopify/InventoryItem/48549334843687;AN03577-10
gid://shopify/InventoryItem/48549334876455;AN03577-11
gid://shopify/InventoryItem/48549334909223;AN03577-12
gid://shopify/InventoryItem/48549334941991;AN03577-13
gid://shopify/InventoryItem/48549334974759;AN03577-14
gid://shopify/InventoryItem/48549335007527;AN03577-15
gid://shopify/InventoryItem/48549335040295;AN03577-16
gid://shopify/InventoryItem/48549335073063;AN03577-17
gid://shopify/InventoryItem/48549335105831;AN03577-18
gid://shopify/InventoryItem/48549335138599;AN03577-19
gid://shopify/InventoryItem/48549335171367;AN03577-20
gid://shopify/InventoryItem/48549335204135;AN03577-21
gid://shopify/InventoryItem/48549335236903;AN03577-22
gid://shopify/InventoryItem/48549335662887;AN03578-10
gid://shopify/InventoryItem/48549335695655;AN03578-11
gid://shopify/InventoryItem/48549335728423;AN03578-12
gid://shopify/InventoryItem/48549335761191;AN03578-13
gid://shopify/InventoryItem/48549335793959;AN03578-14
gid://shopify/InventoryItem/48549335826727;AN03578-15
gid://shopify/InventoryItem/48549335859495;AN03578-16
gid://shopify/InventoryItem/48549335892263;AN03578-17
gid://shopify/InventoryItem/48549335925031;AN03578-18
gid://shopify/InventoryItem/48549335957799;AN03578-19
gid://shopify/InventoryItem/48549335990567;AN03578-20
gid://shopify/InventoryItem/48549336023335;AN03578-21
gid://shopify/InventoryItem/48549336056103;AN03578-22
gid://shopify/InventoryItem/48557689143591;AN02702-10
gid://shopify/InventoryItem/48557689176359;AN02702-11
gid://shopify/InventoryItem/48557689209127;AN02702-12
gid://shopify/InventoryItem/48557689241895;AN02702-13
gid://shopify/InventoryItem/48557689274663;AN02702-14
gid://shopify/InventoryItem/48557689307431;AN02702-15
gid://shopify/InventoryItem/48557689340199;AN02702-16
gid://shopify/InventoryItem/48557689372967;AN02702-17
gid://shopify/InventoryItem/48557689405735;AN02702-18
gid://shopify/InventoryItem/48557689438503;AN02702-19
gid://shopify/InventoryItem/48557689471271;AN02702-20
gid://shopify/InventoryItem/48557689504039;AN02702-21
gid://shopify/InventoryItem/48557689536807;AN02702-22
gid://shopify/InventoryItem/48557689569575;AN03588-10
gid://shopify/InventoryItem/48557689602343;AN03588-11
gid://shopify/InventoryItem/48557689635111;AN03588-12
gid://shopify/InventoryItem/48557689667879;AN03588-13
gid://shopify/InventoryItem/48557689700647;AN03588-14
gid://shopify/InventoryItem/48557689733415;AN03588-15
gid://shopify/InventoryItem/48557689766183;AN03588-16
gid://shopify/InventoryItem/48557689798951;AN03588-17
gid://shopify/InventoryItem/48557689831719;AN03588-18
gid://shopify/InventoryItem/48557689864487;AN03588-19
gid://shopify/InventoryItem/48557689897255;AN03588-20
gid://shopify/InventoryItem/48557689930023;AN03588-21
gid://shopify/InventoryItem/48557689962791;AN03588-22
gid://shopify/InventoryItem/48557689995559;AN02055-10
gid://shopify/InventoryItem/48557690028327;AN02055-11
gid://shopify/InventoryItem/48557690061095;AN02055-12
gid://shopify/InventoryItem/48557690093863;AN02055-13
gid://shopify/InventoryItem/48557690126631;AN02055-14
gid://shopify/InventoryItem/48557690159399;AN02055-15
gid://shopify/InventoryItem/48557690192167;AN02055-16
gid://shopify/InventoryItem/48557690224935;AN02055-17
gid://shopify/InventoryItem/48557690257703;AN02055-18
gid://shopify/InventoryItem/48557690290471;AN02055-19
gid://shopify/InventoryItem/48557690323239;AN02055-20
gid://shopify/InventoryItem/48557690356007;AN02055-21
gid://shopify/InventoryItem/48557690388775;AN02055-22
gid://shopify/InventoryItem/48557690421543;AN02242-10
gid://shopify/InventoryItem/48557690454311;AN02242-11
gid://shopify/InventoryItem/48557690487079;AN02242-12
gid://shopify/InventoryItem/48557690519847;AN02242-13
gid://shopify/InventoryItem/48557690552615;AN02242-14
gid://shopify/InventoryItem/48557690585383;AN02242-15
gid://shopify/InventoryItem/48557690618151;AN02242-16
gid://shopify/InventoryItem/48557690650919;AN02242-17
gid://shopify/InventoryItem/48557690683687;AN02242-18
gid://shopify/InventoryItem/48557690716455;AN02242-19
gid://shopify/InventoryItem/48557690749223;AN02242-20
gid://shopify/InventoryItem/48557690781991;AN02242-21
gid://shopify/InventoryItem/48557690814759;AN02242-22
gid://shopify/InventoryItem/48560197468455;AN02473-10
gid://shopify/InventoryItem/48560197501223;AN02473-11
gid://shopify/InventoryItem/48560197533991;AN02473-12
gid://shopify/InventoryItem/48560197566759;AN02473-13
gid://shopify/InventoryItem/48560197599527;AN02473-14
gid://shopify/InventoryItem/48560197632295;AN02473-15
gid://shopify/InventoryItem/48560197665063;AN02473-16
gid://shopify/InventoryItem/48560197697831;AN02473-17
gid://shopify/InventoryItem/48560197730599;AN02473-18
gid://shopify/InventoryItem/48560197763367;AN02473-19
gid://shopify/InventoryItem/48560197796135;AN02473-20
gid://shopify/InventoryItem/48560197828903;AN02473-21
gid://shopify/InventoryItem/48560197861671;AN02473-22
gid://shopify/InventoryItem/48560198484263;AN02524-10
gid://shopify/InventoryItem/48560198517031;AN02524-11
gid://shopify/InventoryItem/48560198549799;AN02524-12
gid://shopify/InventoryItem/48560198582567;AN02524-13
gid://shopify/InventoryItem/48560198615335;AN02524-14
gid://shopify/InventoryItem/48560198648103;AN02524-15
gid://shopify/InventoryItem/48560198680871;AN02524-16
gid://shopify/InventoryItem/48560198713639;AN02524-17
gid://shopify/InventoryItem/48560198746407;AN02524-18
gid://shopify/InventoryItem/48560198779175;AN02524-19
gid://shopify/InventoryItem/48560198811943;AN02524-20
gid://shopify/InventoryItem/48560198844711;AN02524-21
gid://shopify/InventoryItem/48560198877479;AN02524-22
gid://shopify/InventoryItem/48560199237927;AN02752-10
gid://shopify/InventoryItem/48560199270695;AN02752-11
gid://shopify/InventoryItem/48560199303463;AN02752-12
gid://shopify/InventoryItem/48560199336231;AN02752-13
gid://shopify/InventoryItem/48560199368999;AN02752-14
gid://shopify/InventoryItem/48560199401767;AN02752-15
gid://shopify/InventoryItem/48560199434535;AN02752-16
gid://shopify/InventoryItem/48560199467303;AN02752-17
gid://shopify/InventoryItem/48560199500071;AN02752-18
gid://shopify/InventoryItem/48560199532839;AN02752-19
gid://shopify/InventoryItem/48560199565607;AN02752-20
gid://shopify/InventoryItem/48560199598375;AN02752-21
gid://shopify/InventoryItem/48560199631143;AN02752-22
gid://shopify/InventoryItem/48560201629991;AN02943-10
gid://shopify/InventoryItem/48560201662759;AN02943-11
gid://shopify/InventoryItem/48560201695527;AN02943-12
gid://shopify/InventoryItem/48560201728295;AN02943-13
gid://shopify/InventoryItem/48560201761063;AN02943-14
gid://shopify/InventoryItem/48560201793831;AN02943-15
gid://shopify/InventoryItem/48560201826599;AN02943-16
gid://shopify/InventoryItem/48560201859367;AN02943-17
gid://shopify/InventoryItem/48560201892135;AN02943-18
gid://shopify/InventoryItem/48560201924903;AN02943-19
gid://shopify/InventoryItem/48560201957671;AN02943-20
gid://shopify/InventoryItem/48560201990439;AN02943-21
gid://shopify/InventoryItem/48560202023207;AN02943-22
gid://shopify/InventoryItem/48560202514727;AN03188-10
gid://shopify/InventoryItem/48560202547495;AN03188-11
gid://shopify/InventoryItem/48560202580263;AN03188-12
gid://shopify/InventoryItem/48560202613031;AN03188-13
gid://shopify/InventoryItem/48560202645799;AN03188-14
gid://shopify/InventoryItem/48560202678567;AN03188-15
gid://shopify/InventoryItem/48560202711335;AN03188-16
gid://shopify/InventoryItem/48560202744103;AN03188-17
gid://shopify/InventoryItem/48560202776871;AN03188-18
gid://shopify/InventoryItem/48560202809639;AN03188-19
gid://shopify/InventoryItem/48560202842407;AN03188-20
gid://shopify/InventoryItem/48560202875175;AN03188-21
gid://shopify/InventoryItem/48560202907943;AN03188-22
gid://shopify/InventoryItem/48560203268391;AN03227-10
gid://shopify/InventoryItem/48560203301159;AN03227-11
gid://shopify/InventoryItem/48560203333927;AN03227-12
gid://shopify/InventoryItem/48560203366695;AN03227-13
gid://shopify/InventoryItem/48560203399463;AN03227-14
gid://shopify/InventoryItem/48560203432231;AN03227-15
gid://shopify/InventoryItem/48560203464999;AN03227-16
gid://shopify/InventoryItem/48560203497767;AN03227-17
gid://shopify/InventoryItem/48560203530535;AN03227-18
gid://shopify/InventoryItem/48560203563303;AN03227-19
gid://shopify/InventoryItem/48560203596071;AN03227-20
gid://shopify/InventoryItem/48560203628839;AN03227-21
gid://shopify/InventoryItem/48560203661607;AN03227-22
gid://shopify/InventoryItem/48560204677415;AN03240-10
gid://shopify/InventoryItem/48560204710183;AN03240-11
gid://shopify/InventoryItem/48560204742951;AN03240-12
gid://shopify/InventoryItem/48560204775719;AN03240-13
gid://shopify/InventoryItem/48560204808487;AN03240-14
gid://shopify/InventoryItem/48560204841255;AN03240-15
gid://shopify/InventoryItem/48560204874023;AN03240-16
gid://shopify/InventoryItem/48560204906791;AN03240-17
gid://shopify/InventoryItem/48560204939559;AN03240-18
gid://shopify/InventoryItem/48560204972327;AN03240-19
gid://shopify/InventoryItem/48560205005095;AN03240-20
gid://shopify/InventoryItem/48560205037863;AN03240-21
gid://shopify/InventoryItem/48560205070631;AN03240-22
gid://shopify/InventoryItem/48560205201703;AN03290-10
gid://shopify/InventoryItem/48560205234471;AN03290-11
gid://shopify/InventoryItem/48560205267239;AN03290-12
gid://shopify/InventoryItem/48560205300007;AN03290-13
gid://shopify/InventoryItem/48560205332775;AN03290-14
gid://shopify/InventoryItem/48560205365543;AN03290-15
gid://shopify/InventoryItem/48560205398311;AN03290-16
gid://shopify/InventoryItem/48560205431079;AN03290-17
gid://shopify/InventoryItem/48560205463847;AN03290-18
gid://shopify/InventoryItem/48560205496615;AN03290-19
gid://shopify/InventoryItem/48560205529383;AN03290-20
gid://shopify/InventoryItem/48560205562151;AN03290-21
gid://shopify/InventoryItem/48560205594919;AN03290-22
gid://shopify/InventoryItem/48560207757607;AN03523-10
gid://shopify/InventoryItem/48560207790375;AN03523-11
gid://shopify/InventoryItem/48560207823143;AN03523-12
gid://shopify/InventoryItem/48560207855911;AN03523-13
gid://shopify/InventoryItem/48560207888679;AN03523-14
gid://shopify/InventoryItem/48560207921447;AN03523-15
gid://shopify/InventoryItem/48560207954215;AN03523-16
gid://shopify/InventoryItem/48560207986983;AN03523-17
gid://shopify/InventoryItem/48560208019751;AN03523-18
gid://shopify/InventoryItem/48560208052519;AN03523-19
gid://shopify/InventoryItem/48560208085287;AN03523-20
gid://shopify/InventoryItem/48560208118055;AN03523-21
gid://shopify/InventoryItem/48560208150823;AN03523-22
gid://shopify/InventoryItem/48560208642343;AN03046-10
gid://shopify/InventoryItem/48560208675111;AN03046-11
gid://shopify/InventoryItem/48560208707879;AN03046-12
gid://shopify/InventoryItem/48560208740647;AN03046-13
gid://shopify/InventoryItem/48560208773415;AN03046-14
gid://shopify/InventoryItem/48560208806183;AN03046-15
gid://shopify/InventoryItem/48560208838951;AN03046-16
gid://shopify/InventoryItem/48560208871719;AN03046-17
gid://shopify/InventoryItem/48560208904487;AN03046-18
gid://shopify/InventoryItem/48560208937255;AN03046-19
gid://shopify/InventoryItem/48560208970023;AN03046-20
gid://shopify/InventoryItem/48560209002791;AN03046-21
gid://shopify/InventoryItem/48560209035559;AN03046-22
gid://shopify/InventoryItem/48560210772263;AN03043-10
gid://shopify/InventoryItem/48560210805031;AN03043-11
gid://shopify/InventoryItem/48560210837799;AN03043-12
gid://shopify/InventoryItem/48560210870567;AN03043-13
gid://shopify/InventoryItem/48560210903335;AN03043-14
gid://shopify/InventoryItem/48560210936103;AN03043-15
gid://shopify/InventoryItem/48560210968871;AN03043-16
gid://shopify/InventoryItem/48560211001639;AN03043-17
gid://shopify/InventoryItem/48560211034407;AN03043-18
gid://shopify/InventoryItem/48560211067175;AN03043-19
gid://shopify/InventoryItem/48560211099943;AN03043-20
gid://shopify/InventoryItem/48560211132711;AN03043-21
gid://shopify/InventoryItem/48560211165479;AN03043-22
gid://shopify/InventoryItem/48560212541735;AN03289-10
gid://shopify/InventoryItem/48560212574503;AN03289-11
gid://shopify/InventoryItem/48560212607271;AN03289-12
gid://shopify/InventoryItem/48560212640039;AN03289-13
gid://shopify/InventoryItem/48560212672807;AN03289-14
gid://shopify/InventoryItem/48560212705575;AN03289-15
gid://shopify/InventoryItem/48560212738343;AN03289-16
gid://shopify/InventoryItem/48560212771111;AN03289-17
gid://shopify/InventoryItem/48560212803879;AN03289-18
gid://shopify/InventoryItem/48560212836647;AN03289-19
gid://shopify/InventoryItem/48560212869415;AN03289-20
gid://shopify/InventoryItem/48560212902183;AN03289-21
gid://shopify/InventoryItem/48560212934951;AN03289-22
gid://shopify/InventoryItem/48560213262631;AN02803-10
gid://shopify/InventoryItem/48560213295399;AN02803-11
gid://shopify/InventoryItem/48560213328167;AN02803-12
gid://shopify/InventoryItem/48560213360935;AN02803-13
gid://shopify/InventoryItem/48560213393703;AN02803-14
gid://shopify/InventoryItem/48560213426471;AN02803-15
gid://shopify/InventoryItem/48560213459239;AN02803-16
gid://shopify/InventoryItem/48560213492007;AN02803-17
gid://shopify/InventoryItem/48560213524775;AN02803-18
gid://shopify/InventoryItem/48560213557543;AN02803-19
gid://shopify/InventoryItem/48560213590311;AN02803-20
gid://shopify/InventoryItem/48560213623079;AN02803-21
gid://shopify/InventoryItem/48560213655847;AN02803-22
gid://shopify/InventoryItem/48560216310055;AN02936-10
gid://shopify/InventoryItem/48560216342823;AN02936-11
gid://shopify/InventoryItem/48560216375591;AN02936-12
gid://shopify/InventoryItem/48560216408359;AN02936-13
gid://shopify/InventoryItem/48560216441127;AN02936-14
gid://shopify/InventoryItem/48560216473895;AN02936-15
gid://shopify/InventoryItem/48560216506663;AN02936-16
gid://shopify/InventoryItem/48560216539431;AN02936-17
gid://shopify/InventoryItem/48560216572199;AN02936-18
gid://shopify/InventoryItem/48560216604967;AN02936-19
gid://shopify/InventoryItem/48560216637735;AN02936-20
gid://shopify/InventoryItem/48560216670503;AN02936-21
gid://shopify/InventoryItem/48560216703271;AN02936-22
gid://shopify/InventoryItem/48560216801575;AN03088-10
gid://shopify/InventoryItem/48560216834343;AN03088-11
gid://shopify/InventoryItem/48560216867111;AN03088-12
gid://shopify/InventoryItem/48560216899879;AN03088-13
gid://shopify/InventoryItem/48560216932647;AN03088-14
gid://shopify/InventoryItem/48560216965415;AN03088-15
gid://shopify/InventoryItem/48560216998183;AN03088-16
gid://shopify/InventoryItem/48560217030951;AN03088-17
gid://shopify/InventoryItem/48560217063719;AN03088-18
gid://shopify/InventoryItem/48560217096487;AN03088-19
gid://shopify/InventoryItem/48560217129255;AN03088-20
gid://shopify/InventoryItem/48560217162023;AN03088-21
gid://shopify/InventoryItem/48560217194791;AN03088-22
gid://shopify/InventoryItem/48560217456935;AN03172-10
gid://shopify/InventoryItem/48560217489703;AN03172-11
gid://shopify/InventoryItem/48560217522471;AN03172-12
gid://shopify/InventoryItem/48560217555239;AN03172-13
gid://shopify/InventoryItem/48560217588007;AN03172-14
gid://shopify/InventoryItem/48560217620775;AN03172-15
gid://shopify/InventoryItem/48560217653543;AN03172-16
gid://shopify/InventoryItem/48560217686311;AN03172-17
gid://shopify/InventoryItem/48560217719079;AN03172-18
gid://shopify/InventoryItem/48560217751847;AN03172-19
gid://shopify/InventoryItem/48560217784615;AN03172-20
gid://shopify/InventoryItem/48560217817383;AN03172-21
gid://shopify/InventoryItem/48560217850151;AN03172-22
gid://shopify/InventoryItem/48560222994727;AN03197-10
gid://shopify/InventoryItem/48560223027495;AN03197-11
gid://shopify/InventoryItem/48560223060263;AN03197-12
gid://shopify/InventoryItem/48560223093031;AN03197-13
gid://shopify/InventoryItem/48560223125799;AN03197-14
gid://shopify/InventoryItem/48560223158567;AN03197-15
gid://shopify/InventoryItem/48560223191335;AN03197-16
gid://shopify/InventoryItem/48560223224103;AN03197-17
gid://shopify/InventoryItem/48560223256871;AN03197-18
gid://shopify/InventoryItem/48560223289639;AN03197-19
gid://shopify/InventoryItem/48560223322407;AN03197-20
gid://shopify/InventoryItem/48560223355175;AN03197-21
gid://shopify/InventoryItem/48560223387943;AN03197-22
gid://shopify/InventoryItem/48560223912231;AN03198-10
gid://shopify/InventoryItem/48560223944999;AN03198-11
gid://shopify/InventoryItem/48560223977767;AN03198-12
gid://shopify/InventoryItem/48560224010535;AN03198-13
gid://shopify/InventoryItem/48560224043303;AN03198-14
gid://shopify/InventoryItem/48560224076071;AN03198-15
gid://shopify/InventoryItem/48560224108839;AN03198-16
gid://shopify/InventoryItem/48560224141607;AN03198-17
gid://shopify/InventoryItem/48560224174375;AN03198-18
gid://shopify/InventoryItem/48560224207143;AN03198-19
gid://shopify/InventoryItem/48560224239911;AN03198-20
gid://shopify/InventoryItem/48560224272679;AN03198-21
gid://shopify/InventoryItem/48560224305447;AN03198-22
gid://shopify/InventoryItem/48560224469287;AN03320-10
gid://shopify/InventoryItem/48560224502055;AN03320-11
gid://shopify/InventoryItem/48560224534823;AN03320-12
gid://shopify/InventoryItem/48560224567591;AN03320-13
gid://shopify/InventoryItem/48560224600359;AN03320-14
gid://shopify/InventoryItem/48560224633127;AN03320-15
gid://shopify/InventoryItem/48560224665895;AN03320-16
gid://shopify/InventoryItem/48560224698663;AN03320-17
gid://shopify/InventoryItem/48560224731431;AN03320-18
gid://shopify/InventoryItem/48560224764199;AN03320-19
gid://shopify/InventoryItem/48560224796967;AN03320-20
gid://shopify/InventoryItem/48560224829735;AN03320-21
gid://shopify/InventoryItem/48560224862503;AN03320-22
gid://shopify/InventoryItem/48560225485095;AN03323-10
gid://shopify/InventoryItem/48560225517863;AN03323-11
gid://shopify/InventoryItem/48560225550631;AN03323-12
gid://shopify/InventoryItem/48560225583399;AN03323-13
gid://shopify/InventoryItem/48560225616167;AN03323-14
gid://shopify/InventoryItem/48560225648935;AN03323-15
gid://shopify/InventoryItem/48560225681703;AN03323-16
gid://shopify/InventoryItem/48560225714471;AN03323-17
gid://shopify/InventoryItem/48560225747239;AN03323-18
gid://shopify/InventoryItem/48560225780007;AN03323-19
gid://shopify/InventoryItem/48560225812775;AN03323-20
gid://shopify/InventoryItem/48560225845543;AN03323-21
gid://shopify/InventoryItem/48560225878311;AN03323-22
gid://shopify/InventoryItem/48560229384487;AN03324-10
gid://shopify/InventoryItem/48560229417255;AN03324-11
gid://shopify/InventoryItem/48560229450023;AN03324-12
gid://shopify/InventoryItem/48560229482791;AN03324-13
gid://shopify/InventoryItem/48560229515559;AN03324-14
gid://shopify/InventoryItem/48560229548327;AN03324-15
gid://shopify/InventoryItem/48560229581095;AN03324-16
gid://shopify/InventoryItem/48560229613863;AN03324-17
gid://shopify/InventoryItem/48560229646631;AN03324-18
gid://shopify/InventoryItem/48560229679399;AN03324-19
gid://shopify/InventoryItem/48560229712167;AN03324-20
gid://shopify/InventoryItem/48560229744935;AN03324-21
gid://shopify/InventoryItem/48560229777703;AN03324-22
gid://shopify/InventoryItem/48560230105383;AN03383-10
gid://shopify/InventoryItem/48560230138151;AN03383-11
gid://shopify/InventoryItem/48560230170919;AN03383-12
gid://shopify/InventoryItem/48560230203687;AN03383-13
gid://shopify/InventoryItem/48560230236455;AN03383-14
gid://shopify/InventoryItem/48560230269223;AN03383-15
gid://shopify/InventoryItem/48560230301991;AN03383-16
gid://shopify/InventoryItem/48560230334759;AN03383-17
gid://shopify/InventoryItem/48560230367527;AN03383-18
gid://shopify/InventoryItem/48560230400295;AN03383-19
gid://shopify/InventoryItem/48560230433063;AN03383-20
gid://shopify/InventoryItem/48560230465831;AN03383-21
gid://shopify/InventoryItem/48560230498599;AN03383-22
gid://shopify/InventoryItem/48560231219495;AN03522-10
gid://shopify/InventoryItem/48560231252263;AN03522-11
gid://shopify/InventoryItem/48560231285031;AN03522-12
gid://shopify/InventoryItem/48560231317799;AN03522-13
gid://shopify/InventoryItem/48560231350567;AN03522-14
gid://shopify/InventoryItem/48560231383335;AN03522-15
gid://shopify/InventoryItem/48560231416103;AN03522-16
gid://shopify/InventoryItem/48560231448871;AN03522-17
gid://shopify/InventoryItem/48560231481639;AN03522-18
gid://shopify/InventoryItem/48560231514407;AN03522-19
gid://shopify/InventoryItem/48560231547175;AN03522-20
gid://shopify/InventoryItem/48560231579943;AN03522-21
gid://shopify/InventoryItem/48560231612711;AN03522-22
gid://shopify/InventoryItem/48560232169767;AN03459-10
gid://shopify/InventoryItem/48560232202535;AN03459-11
gid://shopify/InventoryItem/48560232235303;AN03459-12
gid://shopify/InventoryItem/48560232268071;AN03459-13
gid://shopify/InventoryItem/48560232300839;AN03459-14
gid://shopify/InventoryItem/48560232333607;AN03459-15
gid://shopify/InventoryItem/48560232366375;AN03459-16
gid://shopify/InventoryItem/48560232399143;AN03459-17
gid://shopify/InventoryItem/48560232431911;AN03459-18
gid://shopify/InventoryItem/48560232464679;AN03459-19
gid://shopify/InventoryItem/48560232497447;AN03459-20
gid://shopify/InventoryItem/48560232530215;AN03459-21
gid://shopify/InventoryItem/48560232562983;AN03459-22
gid://shopify/InventoryItem/48560232694055;AN03460-10
gid://shopify/InventoryItem/48560232726823;AN03460-11
gid://shopify/InventoryItem/48560232759591;AN03460-12
gid://shopify/InventoryItem/48560232792359;AN03460-13
gid://shopify/InventoryItem/48560232825127;AN03460-14
gid://shopify/InventoryItem/48560232857895;AN03460-15
gid://shopify/InventoryItem/48560232890663;AN03460-16
gid://shopify/InventoryItem/48560232923431;AN03460-17
gid://shopify/InventoryItem/48560232956199;AN03460-18
gid://shopify/InventoryItem/48560232988967;AN03460-19
gid://shopify/InventoryItem/48560233021735;AN03460-20
gid://shopify/InventoryItem/48560233054503;AN03460-21
gid://shopify/InventoryItem/48560233087271;AN03460-22
gid://shopify/InventoryItem/48560235741479;AN03454-10
gid://shopify/InventoryItem/48560235774247;AN03454-11
gid://shopify/InventoryItem/48560235807015;AN03454-12
gid://shopify/InventoryItem/48560235839783;AN03454-13
gid://shopify/InventoryItem/48560235872551;AN03454-14
gid://shopify/InventoryItem/48560235905319;AN03454-15
gid://shopify/InventoryItem/48560235938087;AN03454-16
gid://shopify/InventoryItem/48560235970855;AN03454-17
gid://shopify/InventoryItem/48560236003623;AN03454-18
gid://shopify/InventoryItem/48560236036391;AN03454-19
gid://shopify/InventoryItem/48560236069159;AN03454-20
gid://shopify/InventoryItem/48560236101927;AN03454-21
gid://shopify/InventoryItem/48560236134695;AN03454-22
gid://shopify/InventoryItem/48560237052199;AN03442-10
gid://shopify/InventoryItem/48560237084967;AN03442-11
gid://shopify/InventoryItem/48560237117735;AN03442-12
gid://shopify/InventoryItem/48560237150503;AN03442-13
gid://shopify/InventoryItem/48560237183271;AN03442-14
gid://shopify/InventoryItem/48560237216039;AN03442-15
gid://shopify/InventoryItem/48560237248807;AN03442-16
gid://shopify/InventoryItem/48560237281575;AN03442-17
gid://shopify/InventoryItem/48560237314343;AN03442-18
gid://shopify/InventoryItem/48560237347111;AN03442-19
gid://shopify/InventoryItem/48560237379879;AN03442-20
gid://shopify/InventoryItem/48560237412647;AN03442-21
gid://shopify/InventoryItem/48560237445415;AN03442-22
gid://shopify/InventoryItem/48560237707559;AN03462-10
gid://shopify/InventoryItem/48560237740327;AN03462-11
gid://shopify/InventoryItem/48560237773095;AN03462-12
gid://shopify/InventoryItem/48560237805863;AN03462-13
gid://shopify/InventoryItem/48560237838631;AN03462-14
gid://shopify/InventoryItem/48560237871399;AN03462-15
gid://shopify/InventoryItem/48560237904167;AN03462-16
gid://shopify/InventoryItem/48560237936935;AN03462-17
gid://shopify/InventoryItem/48560237969703;AN03462-18
gid://shopify/InventoryItem/48560238002471;AN03462-19
gid://shopify/InventoryItem/48560238035239;AN03462-20
gid://shopify/InventoryItem/48560238068007;AN03462-21
gid://shopify/InventoryItem/48560238100775;AN03462-22
gid://shopify/InventoryItem/48560238657831;AN03473-10
gid://shopify/InventoryItem/48560238690599;AN03473-11
gid://shopify/InventoryItem/48560238723367;AN03473-12
gid://shopify/InventoryItem/48560238756135;AN03473-13
gid://shopify/InventoryItem/48560238788903;AN03473-14
gid://shopify/InventoryItem/48560238821671;AN03473-15
gid://shopify/InventoryItem/48560238854439;AN03473-16
gid://shopify/InventoryItem/48560238887207;AN03473-17
gid://shopify/InventoryItem/48560238919975;AN03473-18
gid://shopify/InventoryItem/48560238952743;AN03473-19
gid://shopify/InventoryItem/48560238985511;AN03473-20
gid://shopify/InventoryItem/48560239018279;AN03473-21
gid://shopify/InventoryItem/48560239051047;AN03473-22
gid://shopify/InventoryItem/48560239214887;AN03498-10
gid://shopify/InventoryItem/48560239247655;AN03498-11
gid://shopify/InventoryItem/48560239280423;AN03498-12
gid://shopify/InventoryItem/48560239313191;AN03498-13
gid://shopify/InventoryItem/48560239345959;AN03498-14
gid://shopify/InventoryItem/48560239378727;AN03498-15
gid://shopify/InventoryItem/48560239411495;AN03498-16
gid://shopify/InventoryItem/48560239444263;AN03498-17
gid://shopify/InventoryItem/48560239477031;AN03498-18
gid://shopify/InventoryItem/48560239509799;AN03498-19
gid://shopify/InventoryItem/48560239542567;AN03498-20
gid://shopify/InventoryItem/48560239575335;AN03498-21
gid://shopify/InventoryItem/48560239608103;AN03498-22
gid://shopify/InventoryItem/48560241836327;AN03514-10
gid://shopify/InventoryItem/48560241869095;AN03514-11
gid://shopify/InventoryItem/48560241901863;AN03514-12
gid://shopify/InventoryItem/48560241934631;AN03514-13
gid://shopify/InventoryItem/48560241967399;AN03514-14
gid://shopify/InventoryItem/48560242000167;AN03514-15
gid://shopify/InventoryItem/48560242032935;AN03514-16
gid://shopify/InventoryItem/48560242065703;AN03514-17
gid://shopify/InventoryItem/48560242098471;AN03514-18
gid://shopify/InventoryItem/48560242131239;AN03514-19
gid://shopify/InventoryItem/48560242164007;AN03514-20
gid://shopify/InventoryItem/48560242196775;AN03514-21
gid://shopify/InventoryItem/48560242229543;AN03514-22
gid://shopify/InventoryItem/48560242426151;AN03536-10
gid://shopify/InventoryItem/48560242458919;AN03536-11
gid://shopify/InventoryItem/48560242491687;AN03536-12
gid://shopify/InventoryItem/48560242524455;AN03536-13
gid://shopify/InventoryItem/48560242557223;AN03536-14
gid://shopify/InventoryItem/48560242589991;AN03536-15
gid://shopify/InventoryItem/48560242622759;AN03536-16
gid://shopify/InventoryItem/48560242655527;AN03536-17
gid://shopify/InventoryItem/48560242688295;AN03536-18
gid://shopify/InventoryItem/48560242721063;AN03536-19
gid://shopify/InventoryItem/48560242753831;AN03536-20
gid://shopify/InventoryItem/48560242786599;AN03536-21
gid://shopify/InventoryItem/48560242819367;AN03536-22
gid://shopify/InventoryItem/48560378413351;AN03482-10
gid://shopify/InventoryItem/48560378446119;AN03482-11
gid://shopify/InventoryItem/48560378478887;AN03482-12
gid://shopify/InventoryItem/48560378511655;AN03482-13
gid://shopify/InventoryItem/48560378544423;AN03482-14
gid://shopify/InventoryItem/48560378577191;AN03482-15
gid://shopify/InventoryItem/48560378609959;AN03482-16
gid://shopify/InventoryItem/48560378642727;AN03482-17
gid://shopify/InventoryItem/48560378675495;AN03482-18
gid://shopify/InventoryItem/48560378708263;AN03482-19
gid://shopify/InventoryItem/48560378741031;AN03482-20
gid://shopify/InventoryItem/48560378773799;AN03482-21
gid://shopify/InventoryItem/48560378806567;AN03482-22
gid://shopify/InventoryItem/48560379003175;AN03500-10
gid://shopify/InventoryItem/48560379035943;AN03500-11
gid://shopify/InventoryItem/48560379068711;AN03500-12
gid://shopify/InventoryItem/48560379101479;AN03500-13
gid://shopify/InventoryItem/48560379134247;AN03500-14
gid://shopify/InventoryItem/48560379167015;AN03500-15
gid://shopify/InventoryItem/48560379199783;AN03500-16
gid://shopify/InventoryItem/48560379232551;AN03500-17
gid://shopify/InventoryItem/48560379265319;AN03500-18
gid://shopify/InventoryItem/48560379298087;AN03500-19
gid://shopify/InventoryItem/48560379330855;AN03500-20
gid://shopify/InventoryItem/48560379363623;AN03500-21
gid://shopify/InventoryItem/48560379396391;AN03500-22
gid://shopify/InventoryItem/48560379822375;AN03501-10
gid://shopify/InventoryItem/48560379855143;AN03501-11
gid://shopify/InventoryItem/48560379887911;AN03501-12
gid://shopify/InventoryItem/48560379920679;AN03501-13
gid://shopify/InventoryItem/48560379953447;AN03501-14
gid://shopify/InventoryItem/48560379986215;AN03501-15
gid://shopify/InventoryItem/48560380018983;AN03501-16
gid://shopify/InventoryItem/48560380051751;AN03501-17
gid://shopify/InventoryItem/48560380084519;AN03501-18
gid://shopify/InventoryItem/48560380117287;AN03501-19
gid://shopify/InventoryItem/48560380150055;AN03501-20
gid://shopify/InventoryItem/48560380182823;AN03501-21
gid://shopify/InventoryItem/48560380215591;AN03501-22
gid://shopify/InventoryItem/48560381428007;AN03540-10
gid://shopify/InventoryItem/48560381460775;AN03540-11
gid://shopify/InventoryItem/48560381493543;AN03540-12
gid://shopify/InventoryItem/48560381526311;AN03540-13
gid://shopify/InventoryItem/48560381559079;AN03540-14
gid://shopify/InventoryItem/48560381591847;AN03540-15
gid://shopify/InventoryItem/48560381624615;AN03540-16
gid://shopify/InventoryItem/48560381657383;AN03540-17
gid://shopify/InventoryItem/48560381690151;AN03540-18
gid://shopify/InventoryItem/48560381722919;AN03540-19
gid://shopify/InventoryItem/48560381755687;AN03540-20
gid://shopify/InventoryItem/48560381788455;AN03540-21
gid://shopify/InventoryItem/48560381821223;AN03540-22
gid://shopify/InventoryItem/48563563233575;PU01770T
gid://shopify/InventoryItem/48563566936359;BR06526T
gid://shopify/InventoryItem/48563568181543;BR06525T
gid://shopify/InventoryItem/48563568476455;AN03359-10
gid://shopify/InventoryItem/48563568509223;AN03359-11
gid://shopify/InventoryItem/48563568541991;AN03359-12
gid://shopify/InventoryItem/48563568574759;AN03359-13
gid://shopify/InventoryItem/48563568607527;AN03359-14
gid://shopify/InventoryItem/48563568640295;AN03359-15
gid://shopify/InventoryItem/48563568673063;AN03359-16
gid://shopify/InventoryItem/48563568705831;AN03359-17
gid://shopify/InventoryItem/48563568738599;AN03359-18
gid://shopify/InventoryItem/48563568771367;AN03359-19
gid://shopify/InventoryItem/48563568804135;AN03359-20
gid://shopify/InventoryItem/48563568836903;AN03359-21
gid://shopify/InventoryItem/48563568869671;AN03359-22
gid://shopify/InventoryItem/48563569197351;AN01794-10
gid://shopify/InventoryItem/48563569230119;AN01794-11
gid://shopify/InventoryItem/48563569262887;AN01794-12
gid://shopify/InventoryItem/48563569295655;AN01794-13
gid://shopify/InventoryItem/48563569328423;AN01794-14
gid://shopify/InventoryItem/48563569361191;AN01794-15
gid://shopify/InventoryItem/48563569393959;AN01794-16
gid://shopify/InventoryItem/48563569426727;AN01794-17
gid://shopify/InventoryItem/48563569459495;AN01794-18
gid://shopify/InventoryItem/48563569492263;AN01794-19
gid://shopify/InventoryItem/48563569525031;AN01794-20
gid://shopify/InventoryItem/48563569557799;AN01794-21
gid://shopify/InventoryItem/48563569590567;AN01794-22
gid://shopify/InventoryItem/48563569656103;BR05967T
gid://shopify/InventoryItem/48563569688871;BR05970T
gid://shopify/InventoryItem/48563570180391;BR04858T
gid://shopify/InventoryItem/48563570213159;CL03884
gid://shopify/InventoryItem/48563570344231;CL01124
gid://shopify/InventoryItem/48563570442535;CL01125
gid://shopify/InventoryItem/48563570475303;CL01131
gid://shopify/InventoryItem/48563570508071;CL01132
gid://shopify/InventoryItem/48563570540839;CL04200
gid://shopify/InventoryItem/48563570606375;CL04201
gid://shopify/InventoryItem/48563570671911;CL04202
gid://shopify/InventoryItem/48563570966823;AN03326-10
gid://shopify/InventoryItem/48563570999591;AN03326-11
gid://shopify/InventoryItem/48563571032359;AN03326-12
gid://shopify/InventoryItem/48563571065127;AN03326-13
gid://shopify/InventoryItem/48563571097895;AN03326-14
gid://shopify/InventoryItem/48563571130663;AN03326-15
gid://shopify/InventoryItem/48563571163431;AN03326-16
gid://shopify/InventoryItem/48563571196199;AN03326-17
gid://shopify/InventoryItem/48563571228967;AN03326-18
gid://shopify/InventoryItem/48563571261735;AN03326-19
gid://shopify/InventoryItem/48563571294503;AN03326-20
gid://shopify/InventoryItem/48563571327271;AN03326-21
gid://shopify/InventoryItem/48563571360039;AN03326-22
gid://shopify/InventoryItem/48563571392807;AN02937-10
gid://shopify/InventoryItem/48563571425575;AN02937-11
gid://shopify/InventoryItem/48563571458343;AN02937-12
gid://shopify/InventoryItem/48563571491111;AN02937-13
gid://shopify/InventoryItem/48563571523879;AN02937-14
gid://shopify/InventoryItem/48563571556647;AN02937-15
gid://shopify/InventoryItem/48563571589415;AN02937-16
gid://shopify/InventoryItem/48563571622183;AN02937-17
gid://shopify/InventoryItem/48563571654951;AN02937-18
gid://shopify/InventoryItem/48563571687719;AN02937-19
gid://shopify/InventoryItem/48563571720487;AN02937-20
gid://shopify/InventoryItem/48563571753255;AN02937-21
gid://shopify/InventoryItem/48563571786023;AN02937-22
gid://shopify/InventoryItem/48563571982631;CO01285
gid://shopify/InventoryItem/48563572277543;BR05759T
gid://shopify/InventoryItem/48563572375847;CL04651
gid://shopify/InventoryItem/48579911450919;
gid://shopify/InventoryItem/48579952836903;PU01979T
gid://shopify/InventoryItem/48600678596903;PU01859T
gid://shopify/InventoryItem/48600678629671;PU01860T
gid://shopify/InventoryItem/48600685674791;PU01877T
gid://shopify/InventoryItem/48600718278951;PU01874T
gid://shopify/InventoryItem/48600770216231;PU01905T
gid://shopify/InventoryItem/48600770248999;PU01906T
gid://shopify/InventoryItem/48600888082727;PU01907T
gid://shopify/InventoryItem/48601109102887;PU01856T
gid://shopify/InventoryItem/48601109135655;PU01857T
gid://shopify/InventoryItem/48601351323943;PU01876T
gid://shopify/InventoryItem/48601420169511;PU01869T
gid://shopify/InventoryItem/48601420202279;PU01881T
gid://shopify/InventoryItem/48601476956455;PU01875T
gid://shopify/InventoryItem/48601864896807;PU01910T
gid://shopify/InventoryItem/48601865617703;PU01901T
gid://shopify/InventoryItem/48601865650471;PU01902T
gid://shopify/InventoryItem/48601969852711;PU01884T
gid://shopify/InventoryItem/48601984237863;PU01886T
gid://shopify/InventoryItem/48602009960743;PU01908T
gid://shopify/InventoryItem/48602016940327;PU01903T
gid://shopify/InventoryItem/48602038272295;PU01854T
gid://shopify/InventoryItem/48602095190311;PU01888T
gid://shopify/InventoryItem/48602271613223;PU01911T
gid://shopify/InventoryItem/48602322174247;PU01887T
gid://shopify/InventoryItem/48602345865511;PU01891T
gid://shopify/InventoryItem/48602353107239;PU01889T
gid://shopify/InventoryItem/48613685231911;CL03751
gid://shopify/InventoryItem/48613685264679;CL03785
gid://shopify/InventoryItem/48613744443687;CL03714
gid://shopify/InventoryItem/48613744476455;CL03783
gid://shopify/InventoryItem/48613873025319;PU01660T
gid://shopify/InventoryItem/48613873058087;PU01662T
gid://shopify/InventoryItem/48613915984167;PU01656T
gid://shopify/InventoryItem/48613944492327;PU02015T
gid://shopify/InventoryItem/48613944525095;PU02016T
gid://shopify/InventoryItem/48613966741799;PU02008T
gid://shopify/InventoryItem/48613966774567;PU02009T
gid://shopify/InventoryItem/48630280552743;AN03267-10
gid://shopify/InventoryItem/48630280585511;AN03267-11
gid://shopify/InventoryItem/48630280618279;AN03267-12
gid://shopify/InventoryItem/48630280651047;AN03267-13
gid://shopify/InventoryItem/48630280683815;AN03267-14
gid://shopify/InventoryItem/48630280716583;AN03267-15
gid://shopify/InventoryItem/48630280749351;AN03267-16
gid://shopify/InventoryItem/48630280782119;AN03267-17
gid://shopify/InventoryItem/48630280814887;AN03267-18
gid://shopify/InventoryItem/48630280847655;AN03267-19
gid://shopify/InventoryItem/48630280880423;AN03267-20
gid://shopify/InventoryItem/48630280913191;AN03267-21
gid://shopify/InventoryItem/48630280945959;AN03267-22
gid://shopify/InventoryItem/48630281503015;AN03315-10
gid://shopify/InventoryItem/48630281535783;AN03315-11
gid://shopify/InventoryItem/48630281568551;AN03315-12
gid://shopify/InventoryItem/48630281601319;AN03315-13
gid://shopify/InventoryItem/48630281634087;AN03315-14
gid://shopify/InventoryItem/48630281666855;AN03315-15
gid://shopify/InventoryItem/48630281699623;AN03315-16
gid://shopify/InventoryItem/48630281732391;AN03315-17
gid://shopify/InventoryItem/48630281765159;AN03315-18
gid://shopify/InventoryItem/48630281797927;AN03315-19
gid://shopify/InventoryItem/48630281830695;AN03315-20
gid://shopify/InventoryItem/48630281863463;AN03315-21
gid://shopify/InventoryItem/48630281896231;AN03315-22
gid://shopify/InventoryItem/48630282518823;AN03604-10
gid://shopify/InventoryItem/48630282551591;AN03604-11
gid://shopify/InventoryItem/48630282584359;AN03604-12
gid://shopify/InventoryItem/48630282617127;AN03604-13
gid://shopify/InventoryItem/48630282649895;AN03604-14
gid://shopify/InventoryItem/48630282682663;AN03604-15
gid://shopify/InventoryItem/48630282715431;AN03604-16
gid://shopify/InventoryItem/48630282748199;AN03604-17
gid://shopify/InventoryItem/48630282780967;AN03604-18
gid://shopify/InventoryItem/48630282813735;AN03604-19
gid://shopify/InventoryItem/48630282846503;AN03604-20
gid://shopify/InventoryItem/48630282879271;AN03604-21
gid://shopify/InventoryItem/48630282912039;AN03604-22
gid://shopify/InventoryItem/48630285009191;AN03605-10
gid://shopify/InventoryItem/48630285041959;AN03605-11
gid://shopify/InventoryItem/48630285074727;AN03605-12
gid://shopify/InventoryItem/48630285107495;AN03605-13
gid://shopify/InventoryItem/48630285140263;AN03605-14
gid://shopify/InventoryItem/48630285173031;AN03605-15
gid://shopify/InventoryItem/48630285205799;AN03605-16
gid://shopify/InventoryItem/48630285238567;AN03605-17
gid://shopify/InventoryItem/48630285271335;AN03605-18
gid://shopify/InventoryItem/48630285304103;AN03605-19
gid://shopify/InventoryItem/48630285336871;AN03605-20
gid://shopify/InventoryItem/48630285369639;AN03605-21
gid://shopify/InventoryItem/48630285402407;AN03605-22
gid://shopify/InventoryItem/48630286090535;BR06592T
gid://shopify/InventoryItem/48630286516519;BR06593T
gid://shopify/InventoryItem/48630287008039;BR06594T
gid://shopify/InventoryItem/48630287302951;BR06595T
gid://shopify/InventoryItem/48630287925543;BR06618T
gid://shopify/InventoryItem/48630288154919;BR06620T
gid://shopify/InventoryItem/48630288646439;BR06621T
gid://shopify/InventoryItem/48630289203495;BR06622T
gid://shopify/InventoryItem/48630289826087;BR06623T
gid://shopify/InventoryItem/48630290743591;BR06624T
gid://shopify/InventoryItem/48630291202343;BR06625T
gid://shopify/InventoryItem/48630291923239;BR06627T
gid://shopify/InventoryItem/48630292414759;BR06628T
gid://shopify/InventoryItem/48630293168423;BR06629T
gid://shopify/InventoryItem/48630293430567;BR06632T
gid://shopify/InventoryItem/48630294413607;BR06633T
gid://shopify/InventoryItem/48630294774055;BR06634T
gid://shopify/InventoryItem/48630295626023;BR06635T
gid://shopify/InventoryItem/48630296150311;BR06637T
gid://shopify/InventoryItem/48630296510759;BR06638T
gid://shopify/InventoryItem/48630297067815;CL04668
gid://shopify/InventoryItem/48630297919783;CL04669
gid://shopify/InventoryItem/48630298935591;PU02096T
gid://shopify/InventoryItem/48630299230503;PU02097T
gid://shopify/InventoryItem/48630299853095;PU02098T
gid://shopify/InventoryItem/48632668455207;BR06636T
gid://shopify/InventoryItem/48702667751719;
gid://shopify/InventoryItem/48825821757735;teste
gid://shopify/InventoryItem/48880165290279;PU02106T
gid://shopify/InventoryItem/48880165323047;PU02107T
gid://shopify/InventoryItem/48880171876647;PU02103T
gid://shopify/InventoryItem/48880171909415;PU02105T
gid://shopify/InventoryItem/49017537823015;CL04655
gid://shopify/InventoryItem/49017537921319;BR06400T
gid://shopify/InventoryItem/49017538117927;CL01440
gid://shopify/InventoryItem/49017538347303;CL01514
gid://shopify/InventoryItem/49017538543911;CL04645
gid://shopify/InventoryItem/49017538609447;BR06582T
gid://shopify/InventoryItem/49017538707751;BR06598T
gid://shopify/InventoryItem/49017539068199;BR06603T
gid://shopify/InventoryItem/49017539199271;BR06605T
gid://shopify/InventoryItem/49017539264807;PU01409T
gid://shopify/InventoryItem/49017539363111;PU02073T
gid://shopify/InventoryItem/49017539494183;BR06505T
gid://shopify/InventoryItem/49017539821863;BR06589T
gid://shopify/InventoryItem/49017540149543;PI01483
gid://shopify/InventoryItem/49017540477223;BR06272T
gid://shopify/InventoryItem/49017540509991;BR06578T
gid://shopify/InventoryItem/49017540837671;BR06609T
gid://shopify/InventoryItem/49017541099815;BR06640T
gid://shopify/InventoryItem/49017541329191;CL03883
gid://shopify/InventoryItem/49017541361959;CL04587
gid://shopify/InventoryItem/49017541853479;CL04658
gid://shopify/InventoryItem/49017542246695;CL04671
gid://shopify/InventoryItem/49017542541607;CL04673
gid://shopify/InventoryItem/49017542639911;CL04674
gid://shopify/InventoryItem/49017542738215;CL04676
gid://shopify/InventoryItem/49017543000359;CL04677
gid://shopify/InventoryItem/49017543328039;PU02025T
gid://shopify/InventoryItem/49017543688487;CL04604
gid://shopify/InventoryItem/49017544016167;CL03784
gid://shopify/InventoryItem/49017544180007;AN03607-10
gid://shopify/InventoryItem/49017544212775;AN03607-11
gid://shopify/InventoryItem/49017544245543;AN03607-12
gid://shopify/InventoryItem/49017544278311;AN03607-13
gid://shopify/InventoryItem/49017544311079;AN03607-14
gid://shopify/InventoryItem/49017544343847;AN03607-15
gid://shopify/InventoryItem/49017544376615;AN03607-16
gid://shopify/InventoryItem/49017544409383;AN03607-17
gid://shopify/InventoryItem/49017544442151;AN03607-18
gid://shopify/InventoryItem/49017544474919;AN03607-19
gid://shopify/InventoryItem/49017544507687;AN03607-20
gid://shopify/InventoryItem/49017544540455;AN03607-21
gid://shopify/InventoryItem/49017544573223;AN03607-22
gid://shopify/InventoryItem/49017544638759;BR06639T
gid://shopify/InventoryItem/49017544704295;BR06642T
gid://shopify/InventoryItem/49017544737063;BR06646T
gid://shopify/InventoryItem/49017544802599;BR06588T
gid://shopify/InventoryItem/49017545163047;PI01144
gid://shopify/InventoryItem/49017545392423;CL04666
gid://shopify/InventoryItem/49017545425191;BR05029T
gid://shopify/InventoryItem/49017545589031;AN03611-10
gid://shopify/InventoryItem/49017545621799;AN03611-11
gid://shopify/InventoryItem/49017545654567;AN03611-12
gid://shopify/InventoryItem/49017545687335;AN03611-13
gid://shopify/InventoryItem/49017545720103;AN03611-14
gid://shopify/InventoryItem/49017545752871;AN03611-15
gid://shopify/InventoryItem/49017545785639;AN03611-16
gid://shopify/InventoryItem/49017545818407;AN03611-17
gid://shopify/InventoryItem/49017545851175;AN03611-18
gid://shopify/InventoryItem/49017545883943;AN03611-19
gid://shopify/InventoryItem/49017545916711;AN03611-20
gid://shopify/InventoryItem/49017545949479;AN03611-21
gid://shopify/InventoryItem/49017545982247;AN03611-22
gid://shopify/InventoryItem/49017546277159;BR06586T
gid://shopify/InventoryItem/49017546539303;AN01878-10
gid://shopify/InventoryItem/49017546572071;AN01878-11
gid://shopify/InventoryItem/49017546604839;AN01878-12
gid://shopify/InventoryItem/49017546637607;AN01878-13
gid://shopify/InventoryItem/49017546670375;AN01878-14
gid://shopify/InventoryItem/49017546703143;AN01878-15
gid://shopify/InventoryItem/49017546735911;AN01878-16
gid://shopify/InventoryItem/49017546768679;AN01878-17
gid://shopify/InventoryItem/49017546801447;AN01878-18
gid://shopify/InventoryItem/49017546834215;AN01878-19
gid://shopify/InventoryItem/49017546866983;AN01878-20
gid://shopify/InventoryItem/49017546899751;AN01878-21
gid://shopify/InventoryItem/49017546932519;AN01878-22
gid://shopify/InventoryItem/49017547161895;AN03609-10
gid://shopify/InventoryItem/49017547194663;AN03609-11
gid://shopify/InventoryItem/49017547227431;AN03609-12
gid://shopify/InventoryItem/49017547260199;AN03609-13
gid://shopify/InventoryItem/49017547292967;AN03609-14
gid://shopify/InventoryItem/49017547325735;AN03609-15
gid://shopify/InventoryItem/49017547358503;AN03609-16
gid://shopify/InventoryItem/49017547391271;AN03609-17
gid://shopify/InventoryItem/49017547424039;AN03609-18
gid://shopify/InventoryItem/49017547456807;AN03609-19
gid://shopify/InventoryItem/49017547489575;AN03609-20
gid://shopify/InventoryItem/49017547522343;AN03609-21
gid://shopify/InventoryItem/49017547555111;AN03609-22
gid://shopify/InventoryItem/49017547686183;AN03610-10
gid://shopify/InventoryItem/49017547718951;AN03610-11
gid://shopify/InventoryItem/49017547751719;AN03610-12
gid://shopify/InventoryItem/49017547784487;AN03610-13
gid://shopify/InventoryItem/49017547817255;AN03610-14
gid://shopify/InventoryItem/49017547850023;AN03610-15
gid://shopify/InventoryItem/49017547882791;AN03610-16
gid://shopify/InventoryItem/49017547915559;AN03610-17
gid://shopify/InventoryItem/49017547948327;AN03610-18
gid://shopify/InventoryItem/49017547981095;AN03610-19
gid://shopify/InventoryItem/49017548013863;AN03610-20
gid://shopify/InventoryItem/49017548046631;AN03610-21
gid://shopify/InventoryItem/49017548079399;AN03610-22
gid://shopify/InventoryItem/49017548276007;BR01762
gid://shopify/InventoryItem/49017548538151;AN01723-10
gid://shopify/InventoryItem/49017548570919;AN01723-11
gid://shopify/InventoryItem/49017548603687;AN01723-12
gid://shopify/InventoryItem/49017548636455;AN01723-13
gid://shopify/InventoryItem/49017548669223;AN01723-14
gid://shopify/InventoryItem/49017548701991;AN01723-15
gid://shopify/InventoryItem/49017548734759;AN01723-16
gid://shopify/InventoryItem/49017548767527;AN01723-17
gid://shopify/InventoryItem/49017548800295;AN01723-18
gid://shopify/InventoryItem/49017548833063;AN01723-19
gid://shopify/InventoryItem/49017548865831;AN01723-20
gid://shopify/InventoryItem/49017548898599;AN01723-21
gid://shopify/InventoryItem/49017548931367;AN01723-22
gid://shopify/InventoryItem/49017549226279;BR03068T
gid://shopify/InventoryItem/49017549586727;PI01504
gid://shopify/InventoryItem/49017807634727;AN03102-10
gid://shopify/InventoryItem/49017807667495;AN03102-11
gid://shopify/InventoryItem/49017807700263;AN03102-12
gid://shopify/InventoryItem/49017807733031;AN03102-13
gid://shopify/InventoryItem/49017807765799;AN03102-14
gid://shopify/InventoryItem/49017807798567;AN03102-15
gid://shopify/InventoryItem/49017807831335;AN03102-16
gid://shopify/InventoryItem/49017807864103;AN03102-17
gid://shopify/InventoryItem/49017807896871;AN03102-18
gid://shopify/InventoryItem/49017807929639;AN03102-19
gid://shopify/InventoryItem/49017807962407;AN03102-20
gid://shopify/InventoryItem/49017807995175;AN03102-21
gid://shopify/InventoryItem/49017808027943;AN03102-22
gid://shopify/InventoryItem/49017808191783;BR05776T
gid://shopify/InventoryItem/49017808552231;CL04282
gid://shopify/InventoryItem/49017808617767;BR06643T
gid://shopify/InventoryItem/49017808781607;BR06653T
gid://shopify/InventoryItem/49017809109287;CL01373
gid://shopify/InventoryItem/49017809207591;CL04141
gid://shopify/InventoryItem/49017809502503;CL04175
gid://shopify/InventoryItem/49017809600807;AN03113-10
gid://shopify/InventoryItem/49017809633575;AN03113-11
gid://shopify/InventoryItem/49017809666343;AN03113-12
gid://shopify/InventoryItem/49017809699111;AN03113-13
gid://shopify/InventoryItem/49017809731879;AN03113-14
gid://shopify/InventoryItem/49017809764647;AN03113-15
gid://shopify/InventoryItem/49017809797415;AN03113-16
gid://shopify/InventoryItem/49017809830183;AN03113-17
gid://shopify/InventoryItem/49017809862951;AN03113-18
gid://shopify/InventoryItem/49017809895719;AN03113-19
gid://shopify/InventoryItem/49017809928487;AN03113-20
gid://shopify/InventoryItem/49017809961255;AN03113-21
gid://shopify/InventoryItem/49017809994023;AN03113-22
gid://shopify/InventoryItem/49017810387239;BR06611T
gid://shopify/InventoryItem/49017810780455;BR06612T
gid://shopify/InventoryItem/49017811271975;AN03569-10
gid://shopify/InventoryItem/49017811304743;AN03569-11
gid://shopify/InventoryItem/49017811337511;AN03569-12
gid://shopify/InventoryItem/49017811370279;AN03569-13
gid://shopify/InventoryItem/49017811403047;AN03569-14
gid://shopify/InventoryItem/49017811435815;AN03569-15
gid://shopify/InventoryItem/49017811468583;AN03569-16
gid://shopify/InventoryItem/49017811501351;AN03569-17
gid://shopify/InventoryItem/49017811534119;AN03569-18
gid://shopify/InventoryItem/49017811566887;AN03569-19
gid://shopify/InventoryItem/49017811599655;AN03569-20
gid://shopify/InventoryItem/49017811632423;AN03569-21
gid://shopify/InventoryItem/49017811665191;AN03569-22
gid://shopify/InventoryItem/49017811763495;PU01916T
gid://shopify/InventoryItem/49017812058407;CL04259
gid://shopify/InventoryItem/49017847054631;BR06481T
gid://shopify/InventoryItem/49043685998887;
gid://shopify/InventoryItem/49043686031655;
gid://shopify/InventoryItem/49043686064423;
gid://shopify/InventoryItem/49878248227111;PI01656
gid://shopify/InventoryItem/49878248292647;PI01657
gid://shopify/InventoryItem/49878248358183;PI01658
gid://shopify/InventoryItem/49878248423719;PI01659
gid://shopify/InventoryItem/49878248489255;PI01660
gid://shopify/InventoryItem/49878248554791;PI01661
gid://shopify/InventoryItem/49878248620327;PI01662
gid://shopify/InventoryItem/49878248685863;PI01663
gid://shopify/InventoryItem/49878248751399;PI01664
gid://shopify/InventoryItem/49878248816935;PI01665
gid://shopify/InventoryItem/49878248882471;PI01666
gid://shopify/InventoryItem/49878248948007;PI01667
gid://shopify/InventoryItem/49878249013543;PI01668
gid://shopify/InventoryItem/49878249079079;PI01669
gid://shopify/InventoryItem/49878249144615;PI01670
gid://shopify/InventoryItem/49878249210151;PI01671
gid://shopify/InventoryItem/49878249275687;PI01672
gid://shopify/InventoryItem/49878249341223;PI01673
gid://shopify/InventoryItem/49878249406759;PI01674
gid://shopify/InventoryItem/49878249472295;PI01675
gid://shopify/InventoryItem/49878249537831;PI01676
gid://shopify/InventoryItem/49878249603367;PI01677
gid://shopify/InventoryItem/49878249668903;PI01678
gid://shopify/InventoryItem/49878249734439;PI01679
gid://shopify/InventoryItem/49878249799975;PI01680
gid://shopify/InventoryItem/49878249865511;PI01681
gid://shopify/InventoryItem/49882556956967;PI01840
gid://shopify/InventoryItem/49882690978087;PI01841
gid://shopify/InventoryItem/49882826408231;PI01842
gid://shopify/InventoryItem/49882865598759;PI01843
gid://shopify/InventoryItem/49882897842471;PI01844
gid://shopify/InventoryItem/49882931790119;PI01845
gid://shopify/InventoryItem/49882946437415;PI01846
gid://shopify/InventoryItem/49882995392807;PI01847
gid://shopify/InventoryItem/49883035205927;PI01848
gid://shopify/InventoryItem/49883048542503;PI01849
gid://shopify/InventoryItem/49883074986279;PI01850
gid://shopify/InventoryItem/49883112538407;PI01851
gid://shopify/InventoryItem/49883189477671;PU02127T
gid://shopify/InventoryItem/49883189510439;PU02130T
gid://shopify/InventoryItem/49883204550951;PI01852
gid://shopify/InventoryItem/49883210973479;PU02131T
gid://shopify/InventoryItem/49883211006247;PU02133T
gid://shopify/InventoryItem/49883219132711;PI01853
gid://shopify/InventoryItem/49883247542567;PU02137T
gid://shopify/InventoryItem/49883247575335;PU02138T
gid://shopify/InventoryItem/49883313832231;PI01856
gid://shopify/InventoryItem/49883321008423;PI01626
gid://shopify/InventoryItem/49883337457959;PI01857
gid://shopify/InventoryItem/49883813904679;TO00007
gid://shopify/InventoryItem/49883845460263;TO00005
gid://shopify/InventoryItem/49883857617191;TO00012
gid://shopify/InventoryItem/49883983577383;PI01627
gid://shopify/InventoryItem/49891938140455;PI01546
gid://shopify/InventoryItem/49891938205991;PI01547
gid://shopify/InventoryItem/49891938271527;PI01548
gid://shopify/InventoryItem/49891938337063;PI01549
gid://shopify/InventoryItem/49891938402599;PI01550
gid://shopify/InventoryItem/49891938468135;PI01551
gid://shopify/InventoryItem/49891938533671;PI01552
gid://shopify/InventoryItem/49891938599207;PI01553
gid://shopify/InventoryItem/49891938664743;PI01554
gid://shopify/InventoryItem/49891938730279;PI01555
gid://shopify/InventoryItem/49891938795815;PI01556
gid://shopify/InventoryItem/49891938861351;PI01557
gid://shopify/InventoryItem/49891938926887;PI01558
gid://shopify/InventoryItem/49891938992423;PI01559
gid://shopify/InventoryItem/49891939057959;PI01560
gid://shopify/InventoryItem/49891939123495;PI01561
gid://shopify/InventoryItem/49891939189031;PI01562
gid://shopify/InventoryItem/49891939254567;PI01563
gid://shopify/InventoryItem/49891939320103;PI01564
gid://shopify/InventoryItem/49891939385639;PI01565
gid://shopify/InventoryItem/49891939451175;PI01566
gid://shopify/InventoryItem/49891939516711;PI01567
gid://shopify/InventoryItem/49891939582247;PI01568
gid://shopify/InventoryItem/49891939647783;PI01625
gid://shopify/InventoryItem/49891939713319;PI01569
gid://shopify/InventoryItem/49891939778855;PI01570
gid://shopify/InventoryItem/49891981132071;PI01520
gid://shopify/InventoryItem/49891981197607;PI01521
gid://shopify/InventoryItem/49891981263143;PI01522
gid://shopify/InventoryItem/49891981328679;PI01523
gid://shopify/InventoryItem/49891981394215;PI01524
gid://shopify/InventoryItem/49891981459751;PI01525
gid://shopify/InventoryItem/49891981525287;PI01526
gid://shopify/InventoryItem/49891981590823;PI01527
gid://shopify/InventoryItem/49891981656359;PI01528
gid://shopify/InventoryItem/49891981721895;PI01529
gid://shopify/InventoryItem/49891981787431;PI01530
gid://shopify/InventoryItem/49891981852967;PI01531
gid://shopify/InventoryItem/49891981918503;PI01532
gid://shopify/InventoryItem/49891981984039;PI01533
gid://shopify/InventoryItem/49891982049575;PI01534
gid://shopify/InventoryItem/49891982115111;PI01535
gid://shopify/InventoryItem/49891982180647;PI01536
gid://shopify/InventoryItem/49891982246183;PI01537
gid://shopify/InventoryItem/49891982311719;PI01538
gid://shopify/InventoryItem/49891982377255;PI01539
gid://shopify/InventoryItem/49891982442791;PI01540
gid://shopify/InventoryItem/49891982508327;PI01541
gid://shopify/InventoryItem/49891982573863;PI01542
gid://shopify/InventoryItem/49891982639399;PI01543
gid://shopify/InventoryItem/49891982704935;PI01544
gid://shopify/InventoryItem/49891982770471;PI01545
gid://shopify/InventoryItem/49892041687335;BR06679T
gid://shopify/InventoryItem/49892041785639;BR06680T
gid://shopify/InventoryItem/49892041883943;BR06681T
gid://shopify/InventoryItem/49892041982247;BR06682T
gid://shopify/InventoryItem/49892042080551;BR06683T
gid://shopify/InventoryItem/49892042178855;BR06685T
gid://shopify/InventoryItem/49892042277159;BR06686T
gid://shopify/InventoryItem/49892042375463;BR06687T
gid://shopify/InventoryItem/49892042473767;BR06688T
gid://shopify/InventoryItem/49892042572071;BR06689T
gid://shopify/InventoryItem/49892042670375;BR06690T
gid://shopify/InventoryItem/49892042768679;BR06691T
gid://shopify/InventoryItem/49892042866983;BR06693T
gid://shopify/InventoryItem/49892042965287;BR06694T
gid://shopify/InventoryItem/49892043063591;BR06695T
gid://shopify/InventoryItem/49892043161895;BR06696T
gid://shopify/InventoryItem/49892043260199;BR06697T
gid://shopify/InventoryItem/49892043358503;BR06698T
gid://shopify/InventoryItem/49892043456807;BR06699T
gid://shopify/InventoryItem/49892043555111;BR06700T
gid://shopify/InventoryItem/49892043653415;BR06701T
gid://shopify/InventoryItem/49892043751719;BR06702T
gid://shopify/InventoryItem/49892043850023;BR06703T
gid://shopify/InventoryItem/49892043948327;BR06704T
gid://shopify/InventoryItem/49892044046631;BR06705T
gid://shopify/InventoryItem/49892044144935;BR06706T
gid://shopify/InventoryItem/49892187275559;PI01571
gid://shopify/InventoryItem/49892187341095;PI01572
gid://shopify/InventoryItem/49892187406631;PI01573
gid://shopify/InventoryItem/49892187472167;PI01574
gid://shopify/InventoryItem/49892187537703;PI01575
gid://shopify/InventoryItem/49892187603239;PI01576
gid://shopify/InventoryItem/49892187668775;PI01577
gid://shopify/InventoryItem/49892187734311;PI01578
gid://shopify/InventoryItem/49892187799847;PI01579
gid://shopify/InventoryItem/49892187865383;PI01580
gid://shopify/InventoryItem/49892187930919;PI01581
gid://shopify/InventoryItem/49892187996455;PI01582
gid://shopify/InventoryItem/49892188061991;PI01583
gid://shopify/InventoryItem/49892188127527;PI01584
gid://shopify/InventoryItem/49892188193063;PI01585
gid://shopify/InventoryItem/49892188258599;PI01586
gid://shopify/InventoryItem/49892188324135;PI01587
gid://shopify/InventoryItem/49892188389671;PI01588
gid://shopify/InventoryItem/49892188455207;PI01589
gid://shopify/InventoryItem/49892188520743;PI01590
gid://shopify/InventoryItem/49892188586279;PI01591
gid://shopify/InventoryItem/49892188651815;PI01592
gid://shopify/InventoryItem/49892188717351;PI01593
gid://shopify/InventoryItem/49892188782887;PI01594
gid://shopify/InventoryItem/49892188848423;PI01595
gid://shopify/InventoryItem/49892188913959;PI01596
gid://shopify/InventoryItem/49892232331559;PI01597
gid://shopify/InventoryItem/49892232397095;PI01598
gid://shopify/InventoryItem/49892232462631;PI01599
gid://shopify/InventoryItem/49892232528167;PI01600
gid://shopify/InventoryItem/49892232593703;PI01601
gid://shopify/InventoryItem/49892232659239;PI01602
gid://shopify/InventoryItem/49892232724775;PI01603
gid://shopify/InventoryItem/49892232790311;PI01604
gid://shopify/InventoryItem/49892232855847;PI01605
gid://shopify/InventoryItem/49892232921383;PI01606
gid://shopify/InventoryItem/49892232986919;PI01607
gid://shopify/InventoryItem/49892233052455;PI01608
gid://shopify/InventoryItem/49892233117991;PI01609
gid://shopify/InventoryItem/49892233183527;PI01610
gid://shopify/InventoryItem/49892233249063;PI01611
gid://shopify/InventoryItem/49892233314599;PI01612
gid://shopify/InventoryItem/49892233380135;PI01613
gid://shopify/InventoryItem/49892233445671;PI01614
gid://shopify/InventoryItem/49892233511207;PI01615
gid://shopify/InventoryItem/49892233576743;PI01616
gid://shopify/InventoryItem/49892233642279;PI01617
gid://shopify/InventoryItem/49892233707815;PI01618
gid://shopify/InventoryItem/49892233773351;PI01619
gid://shopify/InventoryItem/49892233838887;PI01620
gid://shopify/InventoryItem/49892233904423;PI01621
gid://shopify/InventoryItem/49892233969959;PI01622
gid://shopify/InventoryItem/49892311236903;PI01630
gid://shopify/InventoryItem/49892311302439;PI01631
gid://shopify/InventoryItem/49892311367975;PI01632
gid://shopify/InventoryItem/49892311433511;PI01633
gid://shopify/InventoryItem/49892311499047;PI01634
gid://shopify/InventoryItem/49892311564583;PI01635
gid://shopify/InventoryItem/49892311630119;PI01636
gid://shopify/InventoryItem/49892311695655;PI01637
gid://shopify/InventoryItem/49892311761191;PI01638
gid://shopify/InventoryItem/49892311826727;PI01639
gid://shopify/InventoryItem/49892311892263;PI01640
gid://shopify/InventoryItem/49892311957799;PI01641
gid://shopify/InventoryItem/49892312023335;PI01642
gid://shopify/InventoryItem/49892312088871;PI01643
gid://shopify/InventoryItem/49892312154407;PI01644
gid://shopify/InventoryItem/49892312219943;PI01645
gid://shopify/InventoryItem/49892312285479;PI01646
gid://shopify/InventoryItem/49892312351015;PI01647
gid://shopify/InventoryItem/49892312416551;PI01648
gid://shopify/InventoryItem/49892312482087;PI01649
gid://shopify/InventoryItem/49892312547623;PI01650
gid://shopify/InventoryItem/49892312613159;PI01651
gid://shopify/InventoryItem/49892312678695;PI01652
gid://shopify/InventoryItem/49892312744231;PI01653
gid://shopify/InventoryItem/49892312809767;PI01654
gid://shopify/InventoryItem/49892312875303;PI01655
gid://shopify/InventoryItem/49892336435495;CO01326
gid://shopify/InventoryItem/49892342104359;CO01335
gid://shopify/InventoryItem/49892355047719;CO01336
gid://shopify/InventoryItem/49892661330215;PI01628
gid://shopify/InventoryItem/49892675453223;PI01629
gid://shopify/InventoryItem/49901185564967;TO00002
gid://shopify/InventoryItem/49901217186087;TO00003
gid://shopify/InventoryItem/49901225247015;TO00011
gid://shopify/InventoryItem/49909085307175;BR06819T
gid://shopify/InventoryItem/49909085339943;BR06820T
gid://shopify/InventoryItem/49909085372711;BR06821T
gid://shopify/InventoryItem/49909085405479;BR06822T
gid://shopify/InventoryItem/49909085438247;BR06823T
gid://shopify/InventoryItem/49909085471015;BR06824T
gid://shopify/InventoryItem/49909085503783;BR06825T
gid://shopify/InventoryItem/49909085536551;BR06826T
gid://shopify/InventoryItem/49909085569319;BR06827T
gid://shopify/InventoryItem/49909085602087;BR06828T
gid://shopify/InventoryItem/49909085634855;BR06829T
gid://shopify/InventoryItem/49909085667623;BR06830T
gid://shopify/InventoryItem/49909085700391;BR06831T
gid://shopify/InventoryItem/49909085733159;BR06832T
gid://shopify/InventoryItem/49909085765927;BR06833T
gid://shopify/InventoryItem/49909085798695;BR06834T
gid://shopify/InventoryItem/49909085831463;BR06835T
gid://shopify/InventoryItem/49909085864231;BR06836T
gid://shopify/InventoryItem/49909085896999;BR06837T
gid://shopify/InventoryItem/49909085929767;BR06838T
gid://shopify/InventoryItem/49909085962535;BR06839T
gid://shopify/InventoryItem/49909085995303;BR06840T
gid://shopify/InventoryItem/49909086028071;BR06841T
gid://shopify/InventoryItem/49909086060839;BR06842T
gid://shopify/InventoryItem/49909086093607;BR06843T
gid://shopify/InventoryItem/49909086126375;BR06844T
gid://shopify/InventoryItem/49909122695463;BR06760T
gid://shopify/InventoryItem/49909122728231;BR06761T
gid://shopify/InventoryItem/49909122760999;BR06762T
gid://shopify/InventoryItem/49909122793767;BR06763T
gid://shopify/InventoryItem/49909122826535;BR06764T
gid://shopify/InventoryItem/49909122859303;BR06765T
gid://shopify/InventoryItem/49909122892071;BR06766T
gid://shopify/InventoryItem/49909122924839;BR06767T
gid://shopify/InventoryItem/49909122957607;BR06768T
gid://shopify/InventoryItem/49909122990375;BR06769T
gid://shopify/InventoryItem/49909123023143;BR06770T
gid://shopify/InventoryItem/49909123055911;BR06771T
gid://shopify/InventoryItem/49909123088679;BR06772T
gid://shopify/InventoryItem/49909123121447;BR06773T
gid://shopify/InventoryItem/49909123154215;BR06774T
gid://shopify/InventoryItem/49909123186983;BR06775T
gid://shopify/InventoryItem/49909123219751;BR06776T
gid://shopify/InventoryItem/49909123252519;BR06777T
gid://shopify/InventoryItem/49909123285287;BR06778T
gid://shopify/InventoryItem/49909123318055;BR06779T
gid://shopify/InventoryItem/49909123350823;BR06780T
gid://shopify/InventoryItem/49909123383591;BR06781T
gid://shopify/InventoryItem/49909123416359;BR06845T
gid://shopify/InventoryItem/49909123449127;BR06783T
gid://shopify/InventoryItem/49909123481895;BR06784T
gid://shopify/InventoryItem/49909123514663;BR06785T
gid://shopify/InventoryItem/49909212250407;BR06734T
gid://shopify/InventoryItem/49909212283175;BR06735T
gid://shopify/InventoryItem/49909212315943;BR06736T
gid://shopify/InventoryItem/49909212348711;BR06737T
gid://shopify/InventoryItem/49909212381479;BR06738T
gid://shopify/InventoryItem/49909212414247;BR06739T
gid://shopify/InventoryItem/49909212447015;BR06740T
gid://shopify/InventoryItem/49909212479783;BR06741T
gid://shopify/InventoryItem/49909212512551;BR06742T
gid://shopify/InventoryItem/49909212545319;BR06743T
gid://shopify/InventoryItem/49909212578087;BR06744T
gid://shopify/InventoryItem/49909212610855;BR06745T
gid://shopify/InventoryItem/49909212643623;BR06746T
gid://shopify/InventoryItem/49909212676391;BR06747T
gid://shopify/InventoryItem/49909212709159;BR06748T
gid://shopify/InventoryItem/49909212741927;BR06749T
gid://shopify/InventoryItem/49909212774695;BR06750T
gid://shopify/InventoryItem/49909212807463;BR06751T
gid://shopify/InventoryItem/49909212840231;BR06752T
gid://shopify/InventoryItem/49909212872999;BR06753T
gid://shopify/InventoryItem/49909212905767;BR06754T
gid://shopify/InventoryItem/49909212938535;BR06755T
gid://shopify/InventoryItem/49909212971303;BR06756T
gid://shopify/InventoryItem/49909213004071;BR06757T
gid://shopify/InventoryItem/49909213036839;BR06758T
gid://shopify/InventoryItem/49909213069607;BR06759T
gid://shopify/InventoryItem/49909233942823;BR06707T
gid://shopify/InventoryItem/49909234041127;BR06708T
gid://shopify/InventoryItem/49909234139431;BR06709T
gid://shopify/InventoryItem/49909234237735;BR06710T
gid://shopify/InventoryItem/49909234336039;BR06711T
gid://shopify/InventoryItem/49909234434343;BR06712T
gid://shopify/InventoryItem/49909234532647;BR06713T
gid://shopify/InventoryItem/49909234630951;BR06715T
gid://shopify/InventoryItem/49909234729255;BR06716T
gid://shopify/InventoryItem/49909234827559;BR06717T
gid://shopify/InventoryItem/49909234925863;BR06718T
gid://shopify/InventoryItem/49909235024167;BR06719T
gid://shopify/InventoryItem/49909235122471;BR06720T
gid://shopify/InventoryItem/49909235220775;BR06721T
gid://shopify/InventoryItem/49909235319079;BR06722T
gid://shopify/InventoryItem/49909235417383;BR06723T
gid://shopify/InventoryItem/49909235515687;BR06724T
gid://shopify/InventoryItem/49909235613991;BR06725T
gid://shopify/InventoryItem/49909235712295;BR06726T
gid://shopify/InventoryItem/49909235810599;BR06727T
gid://shopify/InventoryItem/49909235908903;BR06728T
gid://shopify/InventoryItem/49909236007207;BR06729T
gid://shopify/InventoryItem/49909236105511;BR06730T
gid://shopify/InventoryItem/49909236203815;BR06731T
gid://shopify/InventoryItem/49909236302119;BR06732T
gid://shopify/InventoryItem/49909236400423;BR06733T
gid://shopify/InventoryItem/49909350596903;BR06792T
gid://shopify/InventoryItem/49909350695207;BR06794T
gid://shopify/InventoryItem/49909350793511;BR06795T
gid://shopify/InventoryItem/49909350891815;BR06796T
gid://shopify/InventoryItem/49909350990119;BR06797T
gid://shopify/InventoryItem/49909351088423;BR06798T
gid://shopify/InventoryItem/49909351186727;BR06799T
gid://shopify/InventoryItem/49909351285031;BR06800T
gid://shopify/InventoryItem/49909351383335;BR06801T
gid://shopify/InventoryItem/49909351481639;BR06802T
gid://shopify/InventoryItem/49909351579943;BR06803T
gid://shopify/InventoryItem/49909351678247;BR06804T
gid://shopify/InventoryItem/49909351776551;BR06805T
gid://shopify/InventoryItem/49909351874855;BR06806T
gid://shopify/InventoryItem/49909351973159;BR06807T
gid://shopify/InventoryItem/49909352071463;BR06808T
gid://shopify/InventoryItem/49909352169767;BR06809T
gid://shopify/InventoryItem/49909352268071;BR06810T
gid://shopify/InventoryItem/49909352366375;BR06811T
gid://shopify/InventoryItem/49909352464679;BR06812T
gid://shopify/InventoryItem/49909352562983;BR06813T
gid://shopify/InventoryItem/49909352661287;BR06814T
gid://shopify/InventoryItem/49909352759591;BR06815T
gid://shopify/InventoryItem/49909352857895;BR06816T
gid://shopify/InventoryItem/49909352956199;BR06817T
gid://shopify/InventoryItem/49909353054503;BR06818T
gid://shopify/InventoryItem/49974327968039;AN03175
gid://shopify/InventoryItem/50053364842791;PI01788
gid://shopify/InventoryItem/50053364908327;PI01789
gid://shopify/InventoryItem/50053364973863;PI01790
gid://shopify/InventoryItem/50053365039399;PI01791
gid://shopify/InventoryItem/50053365104935;PI01792
gid://shopify/InventoryItem/50053365170471;PI01793
gid://shopify/InventoryItem/50053365236007;PI01794
gid://shopify/InventoryItem/50053365301543;PI01795
gid://shopify/InventoryItem/50053365367079;PI01796
gid://shopify/InventoryItem/50053365432615;PI01797
gid://shopify/InventoryItem/50053365498151;PI01798
gid://shopify/InventoryItem/50053365563687;PI01799
gid://shopify/InventoryItem/50053365629223;PI01800
gid://shopify/InventoryItem/50053365694759;PI01801
gid://shopify/InventoryItem/50053365760295;PI01802
gid://shopify/InventoryItem/50053365825831;PI01803
gid://shopify/InventoryItem/50053365891367;PI01804
gid://shopify/InventoryItem/50053365956903;PI01805
gid://shopify/InventoryItem/50053366022439;PI01806
gid://shopify/InventoryItem/50053366087975;PI01807
gid://shopify/InventoryItem/50053366153511;PI01808
gid://shopify/InventoryItem/50053366219047;PI01809
gid://shopify/InventoryItem/50053366284583;PI01810
gid://shopify/InventoryItem/50053366350119;PI01811
gid://shopify/InventoryItem/50053366415655;PI01812
gid://shopify/InventoryItem/50053366481191;PI01813
gid://shopify/InventoryItem/50053828837671;PI01736
gid://shopify/InventoryItem/50053828903207;PI01737
gid://shopify/InventoryItem/50053828968743;PI01738
gid://shopify/InventoryItem/50053829034279;PI01739
gid://shopify/InventoryItem/50053829099815;PI01740
gid://shopify/InventoryItem/50053829165351;PI01741
gid://shopify/InventoryItem/50053829230887;PI01742
gid://shopify/InventoryItem/50053829296423;PI01743
gid://shopify/InventoryItem/50053829361959;PI01744
gid://shopify/InventoryItem/50053829427495;PI01745
gid://shopify/InventoryItem/50053829493031;PI01746
gid://shopify/InventoryItem/50053829558567;PI01747
gid://shopify/InventoryItem/50053829624103;PI01748
gid://shopify/InventoryItem/50053829689639;PI01749
gid://shopify/InventoryItem/50053829755175;PI01750
gid://shopify/InventoryItem/50053829820711;PI01751
gid://shopify/InventoryItem/50053829886247;PI01752
gid://shopify/InventoryItem/50053829951783;PI01753
gid://shopify/InventoryItem/50053830017319;PI01754
gid://shopify/InventoryItem/50053830082855;PI01755
gid://shopify/InventoryItem/50053830148391;PI01756
gid://shopify/InventoryItem/50053830213927;PI01757
gid://shopify/InventoryItem/50053830279463;PI01758
gid://shopify/InventoryItem/50053830344999;PI01759
gid://shopify/InventoryItem/50053830410535;PI01760
gid://shopify/InventoryItem/50053830476071;PI01761
gid://shopify/InventoryItem/50053961449767;PI01762
gid://shopify/InventoryItem/50053961515303;PI01763
gid://shopify/InventoryItem/50053961580839;PI01764
gid://shopify/InventoryItem/50053961646375;PI01765
gid://shopify/InventoryItem/50053961711911;PI01766
gid://shopify/InventoryItem/50053961777447;PI01767
gid://shopify/InventoryItem/50053961842983;PI01768
gid://shopify/InventoryItem/50053961908519;PI01769
gid://shopify/InventoryItem/50053961974055;PI01770
gid://shopify/InventoryItem/50053962039591;PI01771
gid://shopify/InventoryItem/50053962105127;PI01772
gid://shopify/InventoryItem/50053962170663;PI01773
gid://shopify/InventoryItem/50053962236199;PI01774
gid://shopify/InventoryItem/50053962301735;PI01775
gid://shopify/InventoryItem/50053962367271;PI01776
gid://shopify/InventoryItem/50053962432807;PI01777
gid://shopify/InventoryItem/50053962498343;PI01778
gid://shopify/InventoryItem/50053962563879;PI01779
gid://shopify/InventoryItem/50053962629415;PI01780
gid://shopify/InventoryItem/50053962694951;PI01781
gid://shopify/InventoryItem/50053962760487;PI01782
gid://shopify/InventoryItem/50053962826023;PI01783
gid://shopify/InventoryItem/50053962891559;PI01784
gid://shopify/InventoryItem/50053962957095;PI01785
gid://shopify/InventoryItem/50053963022631;PI01786
gid://shopify/InventoryItem/50053963088167;PI01787
gid://shopify/InventoryItem/50054363218215;PI01684
gid://shopify/InventoryItem/50054363283751;PI01685
gid://shopify/InventoryItem/50054363349287;PI01686
gid://shopify/InventoryItem/50054363414823;PI01687
gid://shopify/InventoryItem/50054363480359;PI01688
gid://shopify/InventoryItem/50054363545895;PI01689
gid://shopify/InventoryItem/50054363611431;PI01690
gid://shopify/InventoryItem/50054363676967;PI01691
gid://shopify/InventoryItem/50054363742503;PI01692
gid://shopify/InventoryItem/50054363808039;PI01693
gid://shopify/InventoryItem/50054363873575;PI01694
gid://shopify/InventoryItem/50054363939111;PI01695
gid://shopify/InventoryItem/50054364004647;PI01696
gid://shopify/InventoryItem/50054364070183;PI01697
gid://shopify/InventoryItem/50054364135719;PI01698
gid://shopify/InventoryItem/50054364201255;PI01699
gid://shopify/InventoryItem/50054364266791;PI01700
gid://shopify/InventoryItem/50054364332327;PI01701
gid://shopify/InventoryItem/50054364397863;PI01702
gid://shopify/InventoryItem/50054364463399;PI01703
gid://shopify/InventoryItem/50054364528935;PI01704
gid://shopify/InventoryItem/50054364594471;PI01705
gid://shopify/InventoryItem/50054364660007;PI01706
gid://shopify/InventoryItem/50054364725543;PI01707
gid://shopify/InventoryItem/50054364791079;PI01708
gid://shopify/InventoryItem/50054364856615;PI01709
gid://shopify/InventoryItem/50054474727719;PI01710
gid://shopify/InventoryItem/50054474793255;PI01711
gid://shopify/InventoryItem/50054474858791;PI01712
gid://shopify/InventoryItem/50054474924327;PI01713
gid://shopify/InventoryItem/50054474989863;PI01714
gid://shopify/InventoryItem/50054475055399;PI01715
gid://shopify/InventoryItem/50054475120935;PI01716
gid://shopify/InventoryItem/50054475186471;PI01717
gid://shopify/InventoryItem/50054475252007;PI01718
gid://shopify/InventoryItem/50054475317543;PI01719
gid://shopify/InventoryItem/50054475383079;PI01720
gid://shopify/InventoryItem/50054475448615;PI01721
gid://shopify/InventoryItem/50054475514151;PI01722
gid://shopify/InventoryItem/50054475579687;PI01723
gid://shopify/InventoryItem/50054475645223;PI01724
gid://shopify/InventoryItem/50054475710759;PI01725
gid://shopify/InventoryItem/50054475776295;PI01726
gid://shopify/InventoryItem/50054475841831;PI01727
gid://shopify/InventoryItem/50054475907367;PI01728
gid://shopify/InventoryItem/50054475972903;PI01729
gid://shopify/InventoryItem/50054476038439;PI01730
gid://shopify/InventoryItem/50054476103975;PI01731
gid://shopify/InventoryItem/50054476169511;PI01732
gid://shopify/InventoryItem/50054476235047;PI01733
gid://shopify/InventoryItem/50054476300583;PI01734
gid://shopify/InventoryItem/50054476366119;PI01735
gid://shopify/InventoryItem/50054575325479;PI01814
gid://shopify/InventoryItem/50054575391015;PI01815
gid://shopify/InventoryItem/50054575456551;PI01816
gid://shopify/InventoryItem/50054575522087;PI01817
gid://shopify/InventoryItem/50054575587623;PI01818
gid://shopify/InventoryItem/50054575653159;PI01819
gid://shopify/InventoryItem/50054575718695;PI01820
gid://shopify/InventoryItem/50054575784231;PI01821
gid://shopify/InventoryItem/50054575849767;PI01822
gid://shopify/InventoryItem/50054575915303;PI01823
gid://shopify/InventoryItem/50054575980839;PI01824
gid://shopify/InventoryItem/50054576046375;PI01825
gid://shopify/InventoryItem/50054576111911;PI01826
gid://shopify/InventoryItem/50054576177447;PI01827
gid://shopify/InventoryItem/50054576242983;PI01828
gid://shopify/InventoryItem/50054576308519;PI01829
gid://shopify/InventoryItem/50054576374055;PI01830
gid://shopify/InventoryItem/50054576439591;PI01831
gid://shopify/InventoryItem/50054576505127;PI01832
gid://shopify/InventoryItem/50054576570663;PI01833
gid://shopify/InventoryItem/50054576636199;PI01834
gid://shopify/InventoryItem/50054576701735;PI01835
gid://shopify/InventoryItem/50054576767271;PI01836
gid://shopify/InventoryItem/50054576832807;PI01837
gid://shopify/InventoryItem/50054576898343;PI01838
gid://shopify/InventoryItem/50054576963879;PI01839
gid://shopify/InventoryItem/50061392576807;PI01624
gid://shopify/InventoryItem/50061400178983;PI01683
gid://shopify/InventoryItem/50061673857319;PI01623
gid://shopify/InventoryItem/50061689585959;PI01682
gid://shopify/InventoryItem/50230288744743;BR06859T
gid://shopify/InventoryItem/50230292939047;BR06860T
gid://shopify/InventoryItem/50230298935591;CL04706
gid://shopify/InventoryItem/50230324691239;PU02139T
gid://shopify/InventoryItem/50230324724007;PU02140T
gid://shopify/InventoryItem/50230324756775;PU02141T
gid://shopify/InventoryItem/50346080403751;PI01854
gid://shopify/InventoryItem/50357750464807;PU02110T
gid://shopify/InventoryItem/50571661246759;3a5565b7-846b-484f-a7e9-e9df4cf12343
gid://shopify/InventoryItem/50630819971367;BR06881T
gid://shopify/InventoryItem/51159733272871;BR06878T
gid://shopify/InventoryItem/51159846945063;BR06882T
gid://shopify/InventoryItem/51159918149927;BR06886
gid://shopify/InventoryItem/51161327501607;BR06887
gid://shopify/InventoryItem/51161564610855;BR06879T
gid://shopify/InventoryItem/51161585287463;BR06866T
gid://shopify/InventoryItem/51163144978727;CL04725
gid://shopify/InventoryItem/51163145011495;CL04718
gid://shopify/InventoryItem/51163145044263;CL04726
gid://shopify/InventoryItem/51163658486055;PU02153T
gid://shopify/InventoryItem/51163658518823;PU02154T
gid://shopify/InventoryItem/51163658551591;PU02155T
gid://shopify/InventoryItem/51170183774503;PU02159T
gid://shopify/InventoryItem/51170183807271;PU02158T
gid://shopify/InventoryItem/51170183840039;PU02160T
gid://shopify/InventoryItem/51211097932071;AN03640-10
gid://shopify/InventoryItem/51211099799847;AN03640-11
gid://shopify/InventoryItem/51211099832615;AN03640-12
gid://shopify/InventoryItem/51211099865383;AN03640-13
gid://shopify/InventoryItem/51211099898151;AN03640-14
gid://shopify/InventoryItem/51211099930919;AN03640-15
gid://shopify/InventoryItem/51211099963687;AN03640-16
gid://shopify/InventoryItem/51211099996455;AN03640-17
gid://shopify/InventoryItem/51211100029223;AN03640-18
gid://shopify/InventoryItem/51211100061991;AN03640-19
gid://shopify/InventoryItem/51211100094759;AN03640-20
gid://shopify/InventoryItem/51211100127527;AN03640-21
gid://shopify/InventoryItem/51211100160295;AN03640-22
gid://shopify/InventoryItem/51438687355175;
gid://shopify/InventoryItem/51438687387943;
gid://shopify/InventoryItem/51438687420711;
gid://shopify/InventoryItem/51834944389415;
gid://shopify/InventoryItem/51926214017319;BR06969
gid://shopify/InventoryItem/51926218408231;BR06947
gid://shopify/InventoryItem/51926228959527;BR06949
gid://shopify/InventoryItem/51926245703975;BR06971
gid://shopify/InventoryItem/51927837475111;AN03660-10
gid://shopify/InventoryItem/51927837507879;AN03660-11
gid://shopify/InventoryItem/51927837540647;AN03660-12
gid://shopify/InventoryItem/51927837573415;AN03660-13
gid://shopify/InventoryItem/51927838163239;AN03660-14
gid://shopify/InventoryItem/51927838196007;AN03660-15
gid://shopify/InventoryItem/51927838228775;AN03660-16
gid://shopify/InventoryItem/51927838261543;AN03660-17
gid://shopify/InventoryItem/51927838294311;AN03660-18
gid://shopify/InventoryItem/51927838327079;AN03660-19
gid://shopify/InventoryItem/51927838359847;AN03660-20
gid://shopify/InventoryItem/51927838392615;AN03660-21
gid://shopify/InventoryItem/51927838425383;AN03660-22
gid://shopify/InventoryItem/51927850189095;AN03663-10
gid://shopify/InventoryItem/51927850221863;AN03663-11
gid://shopify/InventoryItem/51927850254631;AN03663-12
gid://shopify/InventoryItem/51927850287399;AN03663-13
gid://shopify/InventoryItem/51927850320167;AN03663-14
gid://shopify/InventoryItem/51927850352935;AN03663-15
gid://shopify/InventoryItem/51927850385703;AN03663-16
gid://shopify/InventoryItem/51927850418471;AN03663-17
gid://shopify/InventoryItem/51927850451239;AN03663-18
gid://shopify/InventoryItem/51927850484007;AN03663-19
gid://shopify/InventoryItem/51927850516775;AN03663-20
gid://shopify/InventoryItem/51927850549543;AN03663-21
gid://shopify/InventoryItem/51927850582311;AN03663-22
gid://shopify/InventoryItem/51927857463591;AN03661-10
gid://shopify/InventoryItem/51927857496359;AN03661-11
gid://shopify/InventoryItem/51927857529127;AN03661-12
gid://shopify/InventoryItem/51927857561895;AN03661-13
gid://shopify/InventoryItem/51927857594663;AN03661-14
gid://shopify/InventoryItem/51927857627431;AN03661-15
gid://shopify/InventoryItem/51927857660199;AN03661-16
gid://shopify/InventoryItem/51927857692967;AN03661-17
gid://shopify/InventoryItem/51927857725735;AN03661-18
gid://shopify/InventoryItem/51927857758503;AN03661-19
gid://shopify/InventoryItem/51927857791271;AN03661-20
gid://shopify/InventoryItem/51927857824039;AN03661-21
gid://shopify/InventoryItem/51927857856807;AN03661-22
gid://shopify/InventoryItem/51927864082727;AN03662-10
gid://shopify/InventoryItem/51927864115495;AN03662-11
gid://shopify/InventoryItem/51927864148263;AN03662-12
gid://shopify/InventoryItem/51927864181031;AN03662-13
gid://shopify/InventoryItem/51927864213799;AN03662-14
gid://shopify/InventoryItem/51927864246567;AN03662-15
gid://shopify/InventoryItem/51927864279335;AN03662-16
gid://shopify/InventoryItem/51927864312103;AN03662-17
gid://shopify/InventoryItem/51927864344871;AN03662-18
gid://shopify/InventoryItem/51927864377639;AN03662-19
gid://shopify/InventoryItem/51927864410407;AN03662-20
gid://shopify/InventoryItem/51927864443175;AN03662-21
gid://shopify/InventoryItem/51927864475943;AN03662-22
gid://shopify/InventoryItem/51927984341287;BR06951
gid://shopify/InventoryItem/51928063082791;BR06952
gid://shopify/InventoryItem/51928077762855;BR06955
gid://shopify/InventoryItem/51928080646439;BR06965
gid://shopify/InventoryItem/51928146411815;BR06967
gid://shopify/InventoryItem/51928243044647;BR06968
gid://shopify/InventoryItem/51928281448743;BR06973
gid://shopify/InventoryItem/51928316870951;CL04749
gid://shopify/InventoryItem/51928354881831;CL04752
gid://shopify/InventoryItem/51928360878375;PI01874
gid://shopify/InventoryItem/51928363499815;PI01875
gid://shopify/InventoryItem/51930857537831;BR06977
gid://shopify/InventoryItem/52028737028391;BR06976
gid://shopify/InventoryItem/52295651328295;BR06922
gid://shopify/InventoryItem/52401771905319;AN03667-10
gid://shopify/InventoryItem/52401777606951;AN03668-10
gid://shopify/InventoryItem/52401781801255;BR06984
gid://shopify/InventoryItem/52402680594727;BR06985
gid://shopify/InventoryItem/52402688295207;BR06982
gid://shopify/InventoryItem/52402823004455;CL04755
gid://shopify/InventoryItem/52416825721127;AN03668-11
gid://shopify/InventoryItem/52416825753895;AN03668-12
gid://shopify/InventoryItem/52416825786663;AN03668-13
gid://shopify/InventoryItem/52416825819431;AN03668-14
gid://shopify/InventoryItem/52416825852199;AN03668-15
gid://shopify/InventoryItem/52416825884967;AN03668-16
gid://shopify/InventoryItem/52416825917735;AN03668-17
gid://shopify/InventoryItem/52416825950503;AN03668-18
gid://shopify/InventoryItem/52416825983271;AN03668-19
gid://shopify/InventoryItem/52416826016039;AN03668-20
gid://shopify/InventoryItem/52416826048807;AN03668-21
gid://shopify/InventoryItem/52416826081575;AN03668-22
gid://shopify/InventoryItem/52416860389671;AN03667-11
gid://shopify/InventoryItem/52416860422439;AN03667-12
gid://shopify/InventoryItem/52416860455207;AN03667-13
gid://shopify/InventoryItem/52416860487975;AN03667-14
gid://shopify/InventoryItem/52416860520743;AN03667-15
gid://shopify/InventoryItem/52416860553511;AN03667-16
gid://shopify/InventoryItem/52416860586279;AN03667-17
gid://shopify/InventoryItem/52416860619047;AN03667-18
gid://shopify/InventoryItem/52416860651815;AN03667-19
gid://shopify/InventoryItem/52416860684583;AN03667-20
gid://shopify/InventoryItem/52416860717351;AN03667-21
gid://shopify/InventoryItem/52416860750119;AN03667-22
gid://shopify/InventoryItem/52417117585703;AN01279
gid://shopify/InventoryItem/52494958690599;AN01279
gid://shopify/InventoryItem/52592630956327;PU02184
gid://shopify/InventoryItem/52592630989095;PU02181
gid://shopify/InventoryItem/52592631021863;PU02186
gid://shopify/InventoryItem/52592658055463;PU02183
gid://shopify/InventoryItem/52592658088231;PU02180
gid://shopify/InventoryItem/52592658120999;PU02185
gid://shopify/InventoryItem/52629189984551;BR07006
gid://shopify/InventoryItem/52629190607143;PU02197
gid://shopify/InventoryItem/52629190639911;PU02196
gid://shopify/InventoryItem/52629190672679;PU02198
gid://shopify/InventoryItem/52629191295271;PU02194
gid://shopify/InventoryItem/52629191328039;PU02193
gid://shopify/InventoryItem/52629191360807;PU02195
gid://shopify/InventoryItem/52629191491879;CL04771
gid://shopify/InventoryItem/52629191524647;CL04770
gid://shopify/InventoryItem/52629191557415;CL04772
gid://shopify/InventoryItem/52629194703143;AN03671-10
gid://shopify/InventoryItem/52629194735911;AN03671-11
gid://shopify/InventoryItem/52629194768679;AN03671-12
gid://shopify/InventoryItem/52629194801447;AN03671-13
gid://shopify/InventoryItem/52629194834215;AN03671-14
gid://shopify/InventoryItem/52629194866983;AN03671-15
gid://shopify/InventoryItem/52629194899751;AN03671-16
gid://shopify/InventoryItem/52629194932519;AN03671-17
gid://shopify/InventoryItem/52629194965287;AN03671-18
gid://shopify/InventoryItem/52629194998055;AN03671-19
gid://shopify/InventoryItem/52629195030823;AN03671-20
gid://shopify/InventoryItem/52629195063591;AN03671-21
gid://shopify/InventoryItem/52629195096359;AN03671-22
gid://shopify/InventoryItem/52629195915559;BR07000
gid://shopify/InventoryItem/52629197193511;BR07002
gid://shopify/InventoryItem/52629197455655;BR07005
gid://shopify/InventoryItem/52629197586727;BR07004
gid://shopify/InventoryItem/52629197750567;BR07003
gid://shopify/InventoryItem/52629197848871;BR07001
gid://shopify/InventoryItem/52958863687975;CL04765
gid://shopify/InventoryItem/52958863720743;CL04756
gid://shopify/InventoryItem/52958863753511;CL04767
gid://shopify/InventoryItem/52958866080039;CL04766
gid://shopify/InventoryItem/52958866112807;CL04757
gid://shopify/InventoryItem/52958866145575;CL04768
gid://shopify/InventoryItem/53075926057255;TESTE1234
gid://shopify/InventoryItem/53119543738663;BR07037
gid://shopify/InventoryItem/53341075767591;CL04805
gid://shopify/InventoryItem/53390059602215;BR07056
gid://shopify/InventoryItem/53390062453031;BR07038
gid://shopify/InventoryItem/53461646082343;
gid://shopify/InventoryItem/53563557576999;BR07055
gid://shopify/InventoryItem/53563562918183;AN03683-10
gid://shopify/InventoryItem/53563562950951;AN03683-11
gid://shopify/InventoryItem/53563562983719;AN03683-12
gid://shopify/InventoryItem/53563563016487;AN03683-13
gid://shopify/InventoryItem/53563563049255;AN03683-14
gid://shopify/InventoryItem/53563563082023;AN03683-15
gid://shopify/InventoryItem/53563563114791;AN03683-16
gid://shopify/InventoryItem/53563563147559;AN03683-17
gid://shopify/InventoryItem/53563563180327;AN03683-18
gid://shopify/InventoryItem/53563563213095;AN03683-19
gid://shopify/InventoryItem/53563563245863;AN03683-20
gid://shopify/InventoryItem/53563563278631;AN03683-21
gid://shopify/InventoryItem/53563563311399;AN03683-22
gid://shopify/InventoryItem/53563566489895;CL04810
gid://shopify/InventoryItem/53563567833383;CL04692
gid://shopify/InventoryItem/53563570454823;CL04788
gid://shopify/InventoryItem/53563571831079;BR06596T
gid://shopify/InventoryItem/53563841478951;PU02212
gid://shopify/InventoryItem/53573319819559;BR07075
gid://shopify/InventoryItem/53579222843687;CL04825
gid://shopify/InventoryItem/53579226775847;CL04791
gid://shopify/InventoryItem/53579244241191;CL04751
gid://shopify/InventoryItem/53581393199399;BR07035
gid://shopify/InventoryItem/53581394870567;BR06883T
gid://shopify/InventoryItem/53581948977447;AN03690-10
gid://shopify/InventoryItem/53581949010215;AN03690-11
gid://shopify/InventoryItem/53581949042983;AN03690-12
gid://shopify/InventoryItem/53581949075751;AN03690-13
gid://shopify/InventoryItem/53581949108519;AN03690-14
gid://shopify/InventoryItem/53581949141287;AN03690-15
gid://shopify/InventoryItem/53581949174055;AN03690-16
gid://shopify/InventoryItem/53581949206823;AN03690-17
gid://shopify/InventoryItem/53581949239591;AN03690-18
gid://shopify/InventoryItem/53581949272359;AN03690-19
gid://shopify/InventoryItem/53581949305127;AN03690-20
gid://shopify/InventoryItem/53581949337895;AN03690-21
gid://shopify/InventoryItem/53581949370663;AN03690-22
gid://shopify/InventoryItem/53637343052071;Cl04821
gid://shopify/InventoryItem/53637353275687;Cl04822
gid://shopify/InventoryItem/53637360582951;Cl04786
gid://shopify/InventoryItem/53637442797863;BR07061
gid://shopify/InventoryItem/53637449810215;BR06957
gid://shopify/InventoryItem/53653173469479;AN03685-10
gid://shopify/InventoryItem/53653173502247;AN03685-11
gid://shopify/InventoryItem/53653173535015;AN03685-12
gid://shopify/InventoryItem/53653173567783;AN03685-13
gid://shopify/InventoryItem/53653173600551;AN03685-14
gid://shopify/InventoryItem/53653173633319;AN03685-15
gid://shopify/InventoryItem/53653173666087;AN03685-16
gid://shopify/InventoryItem/53653173698855;AN03685-17
gid://shopify/InventoryItem/53653173731623;AN03685-18
gid://shopify/InventoryItem/53653173764391;AN03685-19
gid://shopify/InventoryItem/53653173797159;AN03685-20
gid://shopify/InventoryItem/53653173829927;AN03685-21
gid://shopify/InventoryItem/53653173862695;AN03685-22
gid://shopify/InventoryItem/53669407719719;BR07079
gid://shopify/InventoryItem/53729991131431;AN03700-10
gid://shopify/InventoryItem/53729991164199;AN03700-11
gid://shopify/InventoryItem/53729991196967;AN03700-12
gid://shopify/InventoryItem/53729991229735;AN03700-13
gid://shopify/InventoryItem/53729991262503;AN03700-14
gid://shopify/InventoryItem/53729991295271;AN03700-15
gid://shopify/InventoryItem/53729991328039;AN03700-16
gid://shopify/InventoryItem/53729991360807;AN03700-17
gid://shopify/InventoryItem/53729991393575;AN03700-18
gid://shopify/InventoryItem/53729991426343;AN03700-19
gid://shopify/InventoryItem/53729991459111;AN03700-20
gid://shopify/InventoryItem/53729991491879;AN03700-21
gid://shopify/InventoryItem/53729991524647;AN03700-22
gid://shopify/InventoryItem/53781085323559;BR07036
gid://shopify/InventoryItem/53783356342567;BR06907
