id;title;key;value;__parentId
gid://shopify/Product/8572968665383;Brinco 15 Anos De Ouro Branco 18K E Diamante - P;;;
gid://shopify/Metafield/30870433825063;;genero;"[""Feminino""]";gid://shopify/Product/8572968665383
gid://shopify/Metafield/30870434021671;;metal;Ouro Branco;gid://shopify/Product/8572968665383
gid://shopify/Metafield/30870434152743;;cobertura;Ouro Branco;gid://shopify/Product/8572968665383
gid://shopify/Metafield/30870434251047;;pedra;"[""Diamante""]";gid://shopify/Product/8572968665383
gid://shopify/Metafield/30870434283815;;cuidadospeca;"Evite o contato de uma joia com a outra. Guarde-as separadamente nas embalagens fornecidas pela Jack Vartanian;
Com o uso, fechos e tarraxas podem necessitar de ajustes para que fiquem com a pressão adequada. Entre em contato conosco;
Após o uso, aconselhamos limpar a joia com flanela de algodão para tirar possíveis resíduos de produtos como maquiagem e perfume;
Evite o contato com água do mar, cremes, perfumes e produtos químicos.";gid://shopify/Product/8572968665383
gid://shopify/Metafield/31224032624935;;metal_filters;"[""OURO""]";gid://shopify/Product/8572968665383
gid://shopify/Product/8572968960295;Brinco 15 Anos De Ouro Branco 18K E Diamante - M;;;
gid://shopify/Metafield/30870436643111;;genero;"[""Feminino""]";gid://shopify/Product/8572968960295
gid://shopify/Metafield/30870436675879;;metal;Ouro Branco;gid://shopify/Product/8572968960295
gid://shopify/Metafield/30870436708647;;cobertura;Ouro Branco;gid://shopify/Product/8572968960295
gid://shopify/Metafield/30870436741415;;pedra;"[""Diamante""]";gid://shopify/Product/8572968960295
gid://shopify/Metafield/30870436774183;;cuidadospeca;"Evite o contato de uma joia com a outra. Guarde-as separadamente nas embalagens fornecidas pela Jack Vartanian;
Com o uso, fechos e tarraxas podem necessitar de ajustes para que fiquem com a pressão adequada. Entre em contato conosco;
Após o uso, aconselhamos limpar a joia com flanela de algodão para tirar possíveis resíduos de produtos como maquiagem e perfume;
Evite o contato com água do mar, cremes, perfumes e produtos químicos.";gid://shopify/Product/8572968960295
gid://shopify/Metafield/31224032854311;;metal_filters;"[""OURO""]";gid://shopify/Product/8572968960295
gid://shopify/Product/8573060383015;Brinco 15 Anos De Ouro 18K Com Ródio Negro E Diamante Negro - P;;;
gid://shopify/Metafield/30871457464615;;genero;"[""Feminino""]";gid://shopify/Product/8573060383015
gid://shopify/Metafield/30871457530151;;metal;Ouro Amarelo;gid://shopify/Product/8573060383015
gid://shopify/Metafield/30871457595687;;cobertura;Ródio Negro;gid://shopify/Product/8573060383015
gid://shopify/Metafield/30871457628455;;pedra;"[""Diamante Negro""]";gid://shopify/Product/8573060383015
gid://shopify/Metafield/30871457661223;;cuidadospeca;"Evite o contato de uma joia com a outra. Guarde-as separadamente nas embalagens fornecidas pela Jack Vartanian;
Com o uso, fechos e tarraxas podem necessitar de ajustes para que fiquem com a pressão adequada. Entre em contato conosco;
Após o uso, aconselhamos limpar a joia com flanela de algodão para tirar possíveis resíduos de produtos como maquiagem e perfume;
Evite o contato com água do mar, cremes, perfumes e produtos químicos.";gid://shopify/Product/8573060383015
gid://shopify/Metafield/31224033313063;;metal_filters;"[""OURO""]";gid://shopify/Product/8573060383015
gid://shopify/Product/8573060677927;Brinco 15 Anos De Ouro 18K Com Ródio Negro E Diamante Negro - M;;;
gid://shopify/Metafield/30871464182055;;genero;"[""Feminino""]";gid://shopify/Product/8573060677927
gid://shopify/Metafield/30871464214823;;metal;Ouro Amarelo;gid://shopify/Product/8573060677927
gid://shopify/Metafield/30871464247591;;cobertura;Ródio Negro;gid://shopify/Product/8573060677927
gid://shopify/Metafield/30871464280359;;pedra;"[""Diamante Negro""]";gid://shopify/Product/8573060677927
gid://shopify/Metafield/30871464313127;;cuidadospeca;"Evite o contato de uma joia com a outra. Guarde-as separadamente nas embalagens fornecidas pela Jack Vartanian;
Com o uso, fechos e tarraxas podem necessitar de ajustes para que fiquem com a pressão adequada. Entre em contato conosco;
Após o uso, aconselhamos limpar a joia com flanela de algodão para tirar possíveis resíduos de produtos como maquiagem e perfume;
Evite o contato com água do mar, cremes, perfumes e produtos químicos.";gid://shopify/Product/8573060677927
gid://shopify/Metafield/31224033968423;;metal_filters;"[""OURO""]";gid://shopify/Product/8573060677927
gid://shopify/Product/8573061038375;Brinco 15 Anos De Ouro 18K Com Ródio Negro E Diamante - P;;;
gid://shopify/Metafield/30871468343591;;genero;"[""Feminino""]";gid://shopify/Product/8573061038375
gid://shopify/Metafield/30871468409127;;metal;Ouro Amarelo;gid://shopify/Product/8573061038375
gid://shopify/Metafield/30871468474663;;cobertura;Ródio Negro;gid://shopify/Product/8573061038375
gid://shopify/Metafield/30871468540199;;pedra;"[""Diamante""]";gid://shopify/Product/8573061038375
gid://shopify/Metafield/30871468638503;;cuidadospeca;"Evite o contato de uma joia com a outra. Guarde-as separadamente nas embalagens fornecidas pela Jack Vartanian;
Com o uso, fechos e tarraxas podem necessitar de ajustes para que fiquem com a pressão adequada. Entre em contato conosco;
Após o uso, aconselhamos limpar a joia com flanela de algodão para tirar possíveis resíduos de produtos como maquiagem e perfume;
Evite o contato com água do mar, cremes, perfumes e produtos químicos.";gid://shopify/Product/8573061038375
gid://shopify/Metafield/31224034230567;;metal_filters;"[""OURO""]";gid://shopify/Product/8573061038375
gid://shopify/Product/8573203317031;Colar Amore De Ouro Amarelo 18K;;;
gid://shopify/Metafield/30872213586215;;genero;"[""Feminino""]";gid://shopify/Product/8573203317031
gid://shopify/Metafield/30872213618983;;metal;Ouro Amarelo;gid://shopify/Product/8573203317031
gid://shopify/Metafield/30872213651751;;cobertura;Ouro Amarelo;gid://shopify/Product/8573203317031
gid://shopify/Metafield/30872213684519;;cuidadospeca;"Evite o contato de uma joia com a outra. Guarde-as separadamente nas embalagens fornecidas pela Jack Vartanian;
Com o uso, fechos e tarraxas podem necessitar de ajustes para que fiquem com a pressão adequada. Entre em contato conosco;
Após o uso, aconselhamos limpar a joia com flanela de algodão para tirar possíveis resíduos de produtos como maquiagem e perfume;
Evite o contato com água do mar, cremes, perfumes e produtos químicos.";gid://shopify/Product/8573203317031
gid://shopify/Metafield/31224034427175;;metal_filters;"[""OURO""]";gid://shopify/Product/8573203317031
gid://shopify/Product/8573203808551;Colar Amore De Ouro Amarelo 18K;;;
gid://shopify/Metafield/30872213717287;;genero;"[""Feminino""]";gid://shopify/Product/8573203808551
gid://shopify/Metafield/30872213750055;;metal;Ouro Amarelo;gid://shopify/Product/8573203808551
gid://shopify/Metafield/30872213782823;;cobertura;Ouro Amarelo;gid://shopify/Product/8573203808551
gid://shopify/Metafield/30872213815591;;cuidadospeca;"Evite o contato de uma joia com a outra. Guarde-as separadamente nas embalagens fornecidas pela Jack Vartanian;
Com o uso, fechos e tarraxas podem necessitar de ajustes para que fiquem com a pressão adequada. Entre em contato conosco;
Após o uso, aconselhamos limpar a joia com flanela de algodão para tirar possíveis resíduos de produtos como maquiagem e perfume;
Evite o contato com água do mar, cremes, perfumes e produtos químicos.";gid://shopify/Product/8573203808551
gid://shopify/Metafield/31224034754855;;metal_filters;"[""OURO""]";gid://shopify/Product/8573203808551
gid://shopify/Product/8573204300071;Colar Amore De Ouro 18K Com Ródio Negro;;;
gid://shopify/Metafield/30872213848359;;genero;"[""Feminino""]";gid://shopify/Product/8573204300071
gid://shopify/Metafield/30872213881127;;metal;Ouro Amarelo;gid://shopify/Product/8573204300071
gid://shopify/Metafield/30872213913895;;cobertura;Ródio Negro;gid://shopify/Product/8573204300071
gid://shopify/Metafield/30872213946663;;cuidadospeca;"Evite o contato de uma joia com a outra. Guarde-as separadamente nas embalagens fornecidas pela Jack Vartanian;
Com o uso, fechos e tarraxas podem necessitar de ajustes para que fiquem com a pressão adequada. Entre em contato conosco;
Após o uso, aconselhamos limpar a joia com flanela de algodão para tirar possíveis resíduos de produtos como maquiagem e perfume;
Evite o contato com água do mar, cremes, perfumes e produtos químicos.";gid://shopify/Product/8573204300071
gid://shopify/Metafield/31224034885927;;metal_filters;"[""OURO""]";gid://shopify/Product/8573204300071
gid://shopify/Product/8573204758823;Colar Amore De Ouro 18K Com Ródio Negro;;;
gid://shopify/Metafield/30872214602023;;genero;"[""Feminino""]";gid://shopify/Product/8573204758823
gid://shopify/Metafield/30872214634791;;metal;Ouro Amarelo;gid://shopify/Product/8573204758823
gid://shopify/Metafield/30872214667559;;cobertura;Ródio Negro;gid://shopify/Product/8573204758823
gid://shopify/Metafield/30872214700327;;cuidadospeca;"Evite o contato de uma joia com a outra. Guarde-as separadamente nas embalagens fornecidas pela Jack Vartanian;
Com o uso, fechos e tarraxas podem necessitar de ajustes para que fiquem com a pressão adequada. Entre em contato conosco;
Após o uso, aconselhamos limpar a joia com flanela de algodão para tirar possíveis resíduos de produtos como maquiagem e perfume;
Evite o contato com água do mar, cremes, perfumes e produtos químicos.";gid://shopify/Product/8573204758823
gid://shopify/Metafield/31224034984231;;metal_filters;"[""OURO""]";gid://shopify/Product/8573204758823
gid://shopify/Product/8573252272423;Brinco Avantgarde De Ouro 18K Com Ródio Negro E Diamante;;;
gid://shopify/Metafield/30872385978663;;genero;"[""Feminino""]";gid://shopify/Product/8573252272423
gid://shopify/Metafield/30872386011431;;metal;Ouro Amarelo;gid://shopify/Product/8573252272423
gid://shopify/Metafield/30872386076967;;cobertura;Ródio Negro;gid://shopify/Product/8573252272423
gid://shopify/Metafield/30872386142503;;pedra;"[""Diamante""]";gid://shopify/Product/8573252272423
gid://shopify/Metafield/30872386208039;;cuidadospeca;"Evite o contato de uma joia com a outra. Guarde-as separadamente nas embalagens fornecidas pela Jack Vartanian;
Com o uso, fechos e tarraxas podem necessitar de ajustes para que fiquem com a pressão adequada. Entre em contato conosco;
Após o uso, aconselhamos limpar a joia com flanela de algodão para tirar possíveis resíduos de produtos como maquiagem e perfume;
Evite o contato com água do mar, cremes, perfumes e produtos químicos.";gid://shopify/Product/8573252272423
gid://shopify/Metafield/31224035311911;;metal_filters;"[""OURO""]";gid://shopify/Product/8573252272423
gid://shopify/Product/8573252960551;Brinco Avantgarde De Ouro Branco 18K E Diamante;;;
gid://shopify/Metafield/30872391287079;;genero;"[""Feminino""]";gid://shopify/Product/8573252960551
gid://shopify/Metafield/30872391319847;;metal;Ouro Branco;gid://shopify/Product/8573252960551
gid://shopify/Metafield/30872391352615;;cobertura;Ouro Branco;gid://shopify/Product/8573252960551
gid://shopify/Metafield/30872391385383;;pedra;"[""Diamante""]";gid://shopify/Product/8573252960551
gid://shopify/Metafield/30872391418151;;cuidadospeca;"Evite o contato de uma joia com a outra. Guarde-as separadamente nas embalagens fornecidas pela Jack Vartanian;
Com o uso, fechos e tarraxas podem necessitar de ajustes para que fiquem com a pressão adequada. Entre em contato conosco;
Após o uso, aconselhamos limpar a joia com flanela de algodão para tirar possíveis resíduos de produtos como maquiagem e perfume;
Evite o contato com água do mar, cremes, perfumes e produtos químicos.";gid://shopify/Product/8573252960551
gid://shopify/Metafield/31224035508519;;metal_filters;"[""OURO""]";gid://shopify/Product/8573252960551
gid://shopify/Product/8573441376551;Brinco Black Leopardo De Prata Com Ródio Negro - G;;;
gid://shopify/Metafield/30873661276455;;genero;"[""Feminino""]";gid://shopify/Product/8573441376551
gid://shopify/Metafield/30873661309223;;metal;Prata;gid://shopify/Product/8573441376551
gid://shopify/Metafield/30873661341991;;cobertura;Ródio Negro;gid://shopify/Product/8573441376551
gid://shopify/Metafield/30873661374759;;cuidadospeca;"Evite o contato de uma joia com a outra. Guarde-as separadamente nas embalagens fornecidas pela Jack Vartanian;
Com o uso, fechos e tarraxas podem necessitar de ajustes para que fiquem com a pressão adequada. Entre em contato conosco;
Após o uso, aconselhamos limpar a joia com flanela de algodão para tirar possíveis resíduos de produtos como maquiagem e perfume;
Evite o contato com água do mar, cremes, perfumes e produtos químicos;
Para peças em prata o primeiro banho é cortesia;
Para peças ocas, evite atritos ou batidas.";gid://shopify/Product/8573441376551
gid://shopify/Product/8573441868071;Brinco Black Leopardo De Prata Com Ródio Negro - M;;;
gid://shopify/Metafield/30873664258343;;genero;"[""Feminino""]";gid://shopify/Product/8573441868071
gid://shopify/Metafield/30873664291111;;metal;Prata;gid://shopify/Product/8573441868071
gid://shopify/Metafield/30873664323879;;cobertura;Ródio Negro;gid://shopify/Product/8573441868071
gid://shopify/Metafield/30873664356647;;cuidadospeca;"Evite o contato de uma joia com a outra. Guarde-as separadamente nas embalagens fornecidas pela Jack Vartanian;
Com o uso, fechos e tarraxas podem necessitar de ajustes para que fiquem com a pressão adequada. Entre em contato conosco;
Após o uso, aconselhamos limpar a joia com flanela de algodão para tirar possíveis resíduos de produtos como maquiagem e perfume;
Evite o contato com água do mar, cremes, perfumes e produtos químicos;
Para peças em prata o primeiro banho é cortesia;
Para peças ocas, evite atritos ou batidas.";gid://shopify/Product/8573441868071
gid://shopify/Product/8573442294055;Colar Black Leopardo De Prata Com Ródio Negro - Maxi;;;
gid://shopify/Metafield/30873665700135;;genero;"[""Feminino""]";gid://shopify/Product/8573442294055
gid://shopify/Metafield/30873665732903;;metal;Prata;gid://shopify/Product/8573442294055
gid://shopify/Metafield/30873665765671;;cobertura;Ródio Negro;gid://shopify/Product/8573442294055
gid://shopify/Metafield/30873665798439;;cuidadospeca;"Evite o contato de uma joia com a outra. Guarde-as separadamente nas embalagens fornecidas pela Jack Vartanian;
Com o uso, fechos e tarraxas podem necessitar de ajustes para que fiquem com a pressão adequada. Entre em contato conosco;
Após o uso, aconselhamos limpar a joia com flanela de algodão para tirar possíveis resíduos de produtos como maquiagem e perfume;
Evite o contato com água do mar, cremes, perfumes e produtos químicos;
Para peças em prata o primeiro banho é cortesia;
Para peças ocas, evite atritos ou batidas.";gid://shopify/Product/8573442294055
gid://shopify/Product/8573469065511;Brinco Blossom De Prata Com Ouro Amarelo E Safira - G;;;
gid://shopify/Metafield/30873766789415;;genero;"[""Feminino""]";gid://shopify/Product/8573469065511
gid://shopify/Metafield/30873766822183;;metal;Prata;gid://shopify/Product/8573469065511
gid://shopify/Metafield/30873766854951;;cobertura;Ouro Amarelo;gid://shopify/Product/8573469065511
gid://shopify/Metafield/30873766887719;;pedra;"[""Safira""]";gid://shopify/Product/8573469065511
gid://shopify/Metafield/30873766953255;;cuidadospeca;"Evite o contato de uma joia com a outra. Guarde-as separadamente nas embalagens fornecidas pela Jack Vartanian;
Com o uso, fechos e tarraxas podem necessitar de ajustes para que fiquem com a pressão adequada. Entre em contato conosco;
Após o uso, aconselhamos limpar a joia com flanela de algodão para tirar possíveis resíduos de produtos como maquiagem e perfume;
Evite o contato com água do mar, cremes, perfumes e produtos químicos;
Para peças em prata o primeiro banho é cortesia;
Para peças ocas, evite atritos ou batidas.";gid://shopify/Product/8573469065511
gid://shopify/Product/8573469491495;Brinco Blossom De Prata Com Ouro Amarelo E Safira;;;
gid://shopify/Metafield/30873768657191;;genero;"[""Feminino""]";gid://shopify/Product/8573469491495
gid://shopify/Metafield/30873768689959;;metal;Prata;gid://shopify/Product/8573469491495
gid://shopify/Metafield/30873768722727;;cobertura;Ouro Amarelo;gid://shopify/Product/8573469491495
gid://shopify/Metafield/30873768755495;;pedra;"[""Safira""]";gid://shopify/Product/8573469491495
gid://shopify/Metafield/30873768788263;;cuidadospeca;"Evite o contato de uma joia com a outra. Guarde-as separadamente nas embalagens fornecidas pela Jack Vartanian;
Com o uso, fechos e tarraxas podem necessitar de ajustes para que fiquem com a pressão adequada. Entre em contato conosco;
Após o uso, aconselhamos limpar a joia com flanela de algodão para tirar possíveis resíduos de produtos como maquiagem e perfume;
Evite o contato com água do mar, cremes, perfumes e produtos químicos;
Para peças em prata o primeiro banho é cortesia;
Para peças ocas, evite atritos ou batidas.";gid://shopify/Product/8573469491495
gid://shopify/Product/8573469917479;Brinco Blossom De Prata Com Ródio Negro E Safira - G;;;
gid://shopify/Metafield/30873769345319;;genero;"[""Feminino""]";gid://shopify/Product/8573469917479
gid://shopify/Metafield/30873769378087;;metal;Prata;gid://shopify/Product/8573469917479
gid://shopify/Metafield/30873769410855;;cobertura;Ródio Negro;gid://shopify/Product/8573469917479
gid://shopify/Metafield/30873769443623;;pedra;"[""Safira""]";gid://shopify/Product/8573469917479
gid://shopify/Metafield/30873769476391;;cuidadospeca;"Evite o contato de uma joia com a outra. Guarde-as separadamente nas embalagens fornecidas pela Jack Vartanian;
Com o uso, fechos e tarraxas podem necessitar de ajustes para que fiquem com a pressão adequada. Entre em contato conosco;
Após o uso, aconselhamos limpar a joia com flanela de algodão para tirar possíveis resíduos de produtos como maquiagem e perfume;
Evite o contato com água do mar, cremes, perfumes e produtos químicos;
Para peças em prata o primeiro banho é cortesia;
Para peças ocas, evite atritos ou batidas.";gid://shopify/Product/8573469917479
gid://shopify/Product/8573470408999;Brinco Blossom De Prata Com Ródio Negro E Safira - P;;;
gid://shopify/Metafield/30873771999527;;genero;"[""Feminino""]";gid://shopify/Product/8573470408999
gid://shopify/Metafield/30873772032295;;metal;Prata;gid://shopify/Product/8573470408999
gid://shopify/Metafield/30873772065063;;cobertura;Ródio Negro;gid://shopify/Product/8573470408999
gid://shopify/Metafield/30873772097831;;pedra;"[""Safira""]";gid://shopify/Product/8573470408999
gid://shopify/Metafield/30873772130599;;cuidadospeca;"Evite o contato de uma joia com a outra. Guarde-as separadamente nas embalagens fornecidas pela Jack Vartanian;
Com o uso, fechos e tarraxas podem necessitar de ajustes para que fiquem com a pressão adequada. Entre em contato conosco;
Após o uso, aconselhamos limpar a joia com flanela de algodão para tirar possíveis resíduos de produtos como maquiagem e perfume;
Evite o contato com água do mar, cremes, perfumes e produtos químicos;
Para peças em prata o primeiro banho é cortesia;
Para peças ocas, evite atritos ou batidas.";gid://shopify/Product/8573470408999
gid://shopify/Product/8573470703911;Brinco Blossom De Prata Com Ródio Negro E Safira;;;
gid://shopify/Metafield/30873774424359;;genero;"[""Feminino""]";gid://shopify/Product/8573470703911
gid://shopify/Metafield/30873774457127;;metal;Prata;gid://shopify/Product/8573470703911
gid://shopify/Metafield/30873774489895;;cobertura;Ródio Negro;gid://shopify/Product/8573470703911
gid://shopify/Metafield/30873774522663;;pedra;"[""Safira""]";gid://shopify/Product/8573470703911
gid://shopify/Metafield/30873774555431;;cuidadospeca;"Evite o contato de uma joia com a outra. Guarde-as separadamente nas embalagens fornecidas pela Jack Vartanian;
Com o uso, fechos e tarraxas podem necessitar de ajustes para que fiquem com a pressão adequada. Entre em contato conosco;
Após o uso, aconselhamos limpar a joia com flanela de algodão para tirar possíveis resíduos de produtos como maquiagem e perfume;
Evite o contato com água do mar, cremes, perfumes e produtos químicos;
Para peças em prata o primeiro banho é cortesia;
Para peças ocas, evite atritos ou batidas.";gid://shopify/Product/8573470703911
gid://shopify/Product/8573475946791;Brinco Brasil De Ouro 18K Com Ródio Negro E Turmalina;;;
gid://shopify/Metafield/30873799819559;;genero;"[""Feminino""]";gid://shopify/Product/8573475946791
gid://shopify/Metafield/30873799885095;;metal;Ouro Amarelo;gid://shopify/Product/8573475946791
gid://shopify/Metafield/30873799950631;;cobertura;Ródio Negro;gid://shopify/Product/8573475946791
gid://shopify/Metafield/30873800048935;;pedra;"[""Turmalina""]";gid://shopify/Product/8573475946791
gid://shopify/Metafield/30873800114471;;cuidadospeca;"Evite o contato de uma joia com a outra. Guarde-as separadamente nas embalagens fornecidas pela Jack Vartanian;
Com o uso, fechos e tarraxas podem necessitar de ajustes para que fiquem com a pressão adequada. Entre em contato conosco;
Após o uso, aconselhamos limpar a joia com flanela de algodão para tirar possíveis resíduos de produtos como maquiagem e perfume;
Evite o contato com água do mar, cremes, perfumes e produtos químicos.";gid://shopify/Product/8573475946791
gid://shopify/Metafield/31224035639591;;metal_filters;"[""OURO""]";gid://shopify/Product/8573475946791
gid://shopify/Product/8573490659623;Brinco Celebrate De Ouro Amarelo 18K E Diamante;;;
gid://shopify/Metafield/30873871843623;;genero;"[""Feminino""]";gid://shopify/Product/8573490659623
gid://shopify/Metafield/30873871909159;;metal;Ouro Amarelo;gid://shopify/Product/8573490659623
gid://shopify/Metafield/30873871974695;;cobertura;Ouro Amarelo;gid://shopify/Product/8573490659623
gid://shopify/Metafield/30873872040231;;pedra;"[""Diamante""]";gid://shopify/Product/8573490659623
gid://shopify/Metafield/30873872072999;;cuidadospeca;"Evite o contato de uma joia com a outra. Guarde-as separadamente nas embalagens fornecidas pela Jack Vartanian;
Com o uso, fechos e tarraxas podem necessitar de ajustes para que fiquem com a pressão adequada. Entre em contato conosco;
Após o uso, aconselhamos limpar a joia com flanela de algodão para tirar possíveis resíduos de produtos como maquiagem e perfume;
Evite o contato com água do mar, cremes, perfumes e produtos químicos.";gid://shopify/Product/8573490659623
gid://shopify/Metafield/31224035836199;;metal_filters;"[""OURO""]";gid://shopify/Product/8573490659623
gid://shopify/Product/8573491052839;Brinco Celebrate De Ouro Amarelo 18K E Diamante;;;
gid://shopify/Metafield/30873875644711;;genero;"[""Feminino""]";gid://shopify/Product/8573491052839
gid://shopify/Metafield/30873875677479;;metal;Ouro Amarelo;gid://shopify/Product/8573491052839
gid://shopify/Metafield/30873875743015;;cobertura;Ouro Amarelo;gid://shopify/Product/8573491052839
gid://shopify/Metafield/30873875808551;;pedra;"[""Diamante""]";gid://shopify/Product/8573491052839
gid://shopify/Metafield/30873875874087;;cuidadospeca;"Evite o contato de uma joia com a outra. Guarde-as separadamente nas embalagens fornecidas pela Jack Vartanian;
Com o uso, fechos e tarraxas podem necessitar de ajustes para que fiquem com a pressão adequada. Entre em contato conosco;
Após o uso, aconselhamos limpar a joia com flanela de algodão para tirar possíveis resíduos de produtos como maquiagem e perfume;
Evite o contato com água do mar, cremes, perfumes e produtos químicos.";gid://shopify/Product/8573491052839
gid://shopify/Metafield/31224036032807;;metal_filters;"[""OURO""]";gid://shopify/Product/8573491052839
gid://shopify/Product/8573491413287;Brinco Celebrate De Ouro Amarelo 18K E Diamante;;;
gid://shopify/Metafield/30873877971239;;genero;"[""Feminino""]";gid://shopify/Product/8573491413287
gid://shopify/Metafield/30873878004007;;metal;Ouro Amarelo;gid://shopify/Product/8573491413287
gid://shopify/Metafield/30873878036775;;cobertura;Ouro Amarelo;gid://shopify/Product/8573491413287
gid://shopify/Metafield/30873878069543;;pedra;"[""Diamante""]";gid://shopify/Product/8573491413287
gid://shopify/Metafield/30873878102311;;cuidadospeca;"Evite o contato de uma joia com a outra. Guarde-as separadamente nas embalagens fornecidas pela Jack Vartanian;
Com o uso, fechos e tarraxas podem necessitar de ajustes para que fiquem com a pressão adequada. Entre em contato conosco;
Após o uso, aconselhamos limpar a joia com flanela de algodão para tirar possíveis resíduos de produtos como maquiagem e perfume;
Evite o contato com água do mar, cremes, perfumes e produtos químicos.";gid://shopify/Product/8573491413287
gid://shopify/Metafield/31224057332007;;metal_filters;"[""OURO""]";gid://shopify/Product/8573491413287
gid://shopify/Product/8573492003111;Brinco Celebrate De Ouro Amarelo 18K E Diamante;;;
gid://shopify/Metafield/30873881084199;;genero;"[""Feminino""]";gid://shopify/Product/8573492003111
gid://shopify/Metafield/30873881149735;;metal;Ouro Amarelo;gid://shopify/Product/8573492003111
gid://shopify/Metafield/30873881215271;;cobertura;Ouro Amarelo;gid://shopify/Product/8573492003111
gid://shopify/Metafield/30873881280807;;pedra;"[""Diamante""]";gid://shopify/Product/8573492003111
gid://shopify/Metafield/30873881313575;;cuidadospeca;"Evite o contato de uma joia com a outra. Guarde-as separadamente nas embalagens fornecidas pela Jack Vartanian;
Com o uso, fechos e tarraxas podem necessitar de ajustes para que fiquem com a pressão adequada. Entre em contato conosco;
Após o uso, aconselhamos limpar a joia com flanela de algodão para tirar possíveis resíduos de produtos como maquiagem e perfume;
Evite o contato com água do mar, cremes, perfumes e produtos químicos.";gid://shopify/Product/8573492003111
gid://shopify/Metafield/31224057528615;;metal_filters;"[""OURO""]";gid://shopify/Product/8573492003111
gid://shopify/Product/8573492298023;Brinco Celebrate De Ouro Amarelo 18K E Diamante;;;
gid://shopify/Metafield/30873882853671;;genero;"[""Feminino""]";gid://shopify/Product/8573492298023
gid://shopify/Metafield/30873882886439;;metal;Ouro Amarelo;gid://shopify/Product/8573492298023
gid://shopify/Metafield/30873882919207;;cobertura;Ouro Amarelo;gid://shopify/Product/8573492298023
gid://shopify/Metafield/30873882951975;;pedra;"[""Diamante""]";gid://shopify/Product/8573492298023
gid://shopify/Metafield/30873882984743;;cuidadospeca;"Evite o contato de uma joia com a outra. Guarde-as separadamente nas embalagens fornecidas pela Jack Vartanian;
Com o uso, fechos e tarraxas podem necessitar de ajustes para que fiquem com a pressão adequada. Entre em contato conosco;
Após o uso, aconselhamos limpar a joia com flanela de algodão para tirar possíveis resíduos de produtos como maquiagem e perfume;
Evite o contato com água do mar, cremes, perfumes e produtos químicos.";gid://shopify/Product/8573492298023
gid://shopify/Metafield/31224057692455;;metal_filters;"[""OURO""]";gid://shopify/Product/8573492298023
gid://shopify/Product/8573492592935;Brinco Celebrate De Ouro Amarelo 18K E Diamante;;;
gid://shopify/Metafield/30873885081895;;genero;"[""Feminino""]";gid://shopify/Product/8573492592935
gid://shopify/Metafield/30873885114663;;metal;Ouro Amarelo;gid://shopify/Product/8573492592935
gid://shopify/Metafield/30873885147431;;cobertura;Ouro Amarelo;gid://shopify/Product/8573492592935
gid://shopify/Metafield/30873885180199;;pedra;"[""Diamante""]";gid://shopify/Product/8573492592935
gid://shopify/Metafield/30873885212967;;cuidadospeca;"Evite o contato de uma joia com a outra. Guarde-as separadamente nas embalagens fornecidas pela Jack Vartanian;
Com o uso, fechos e tarraxas podem necessitar de ajustes para que fiquem com a pressão adequada. Entre em contato conosco;
Após o uso, aconselhamos limpar a joia com flanela de algodão para tirar possíveis resíduos de produtos como maquiagem e perfume;
Evite o contato com água do mar, cremes, perfumes e produtos químicos.";gid://shopify/Product/8573492592935
gid://shopify/Metafield/31224057954599;;metal_filters;"[""OURO""]";gid://shopify/Product/8573492592935
gid://shopify/Product/8573492986151;Brinco Celebrate De Ouro Amarelo 18K E Diamante;;;
gid://shopify/Metafield/30873889145127;;genero;"[""Feminino""]";gid://shopify/Product/8573492986151
gid://shopify/Metafield/30873889177895;;metal;Ouro Amarelo;gid://shopify/Product/8573492986151
gid://shopify/Metafield/30873889243431;;cobertura;Ouro Amarelo;gid://shopify/Product/8573492986151
gid://shopify/Metafield/30873889341735;;pedra;"[""Diamante""]";gid://shopify/Product/8573492986151
gid://shopify/Metafield/30873889440039;;cuidadospeca;"Evite o contato de uma joia com a outra. Guarde-as separadamente nas embalagens fornecidas pela Jack Vartanian;
Com o uso, fechos e tarraxas podem necessitar de ajustes para que fiquem com a pressão adequada. Entre em contato conosco;
Após o uso, aconselhamos limpar a joia com flanela de algodão para tirar possíveis resíduos de produtos como maquiagem e perfume;
Evite o contato com água do mar, cremes, perfumes e produtos químicos.";gid://shopify/Product/8573492986151
gid://shopify/Metafield/31224058151207;;metal_filters;"[""OURO""]";gid://shopify/Product/8573492986151
gid://shopify/Product/8573493510439;Brinco Celebrate De Ouro Branco 18K E Diamante;;;
gid://shopify/Metafield/30873891176743;;genero;"[""Feminino""]";gid://shopify/Product/8573493510439
gid://shopify/Metafield/30873891209511;;metal;Ouro Branco;gid://shopify/Product/8573493510439
gid://shopify/Metafield/30873891242279;;cobertura;Ouro Branco;gid://shopify/Product/8573493510439
gid://shopify/Metafield/30873891275047;;pedra;"[""Diamante""]";gid://shopify/Product/8573493510439
gid://shopify/Metafield/30873891307815;;cuidadospeca;"Evite o contato de uma joia com a outra. Guarde-as separadamente nas embalagens fornecidas pela Jack Vartanian;
Com o uso, fechos e tarraxas podem necessitar de ajustes para que fiquem com a pressão adequada. Entre em contato conosco;
Após o uso, aconselhamos limpar a joia com flanela de algodão para tirar possíveis resíduos de produtos como maquiagem e perfume;
Evite o contato com água do mar, cremes, perfumes e produtos químicos.";gid://shopify/Product/8573493510439
gid://shopify/Metafield/31224058413351;;metal_filters;"[""OURO""]";gid://shopify/Product/8573493510439
gid://shopify/Product/8573493870887;Brinco Celebrate De Ouro Branco 18K E Diamante;;;
gid://shopify/Metafield/30873892454695;;genero;"[""Feminino""]";gid://shopify/Product/8573493870887
gid://shopify/Metafield/30873892487463;;metal;Ouro Branco;gid://shopify/Product/8573493870887
gid://shopify/Metafield/30873892520231;;cobertura;Ouro Branco;gid://shopify/Product/8573493870887
gid://shopify/Metafield/30873892552999;;pedra;"[""Diamante""]";gid://shopify/Product/8573493870887
gid://shopify/Metafield/30873892585767;;cuidadospeca;"Evite o contato de uma joia com a outra. Guarde-as separadamente nas embalagens fornecidas pela Jack Vartanian;
Com o uso, fechos e tarraxas podem necessitar de ajustes para que fiquem com a pressão adequada. Entre em contato conosco;
Após o uso, aconselhamos limpar a joia com flanela de algodão para tirar possíveis resíduos de produtos como maquiagem e perfume;
Evite o contato com água do mar, cremes, perfumes e produtos químicos.";gid://shopify/Product/8573493870887
gid://shopify/Metafield/31224058937639;;metal_filters;"[""OURO""]";gid://shopify/Product/8573493870887
gid://shopify/Product/8573494231335;Brinco Celebrate De Ouro Branco 18K E Diamante;;;
gid://shopify/Metafield/30873896747303;;genero;"[""Feminino""]";gid://shopify/Product/8573494231335
gid://shopify/Metafield/30873896812839;;metal;Ouro Branco;gid://shopify/Product/8573494231335
gid://shopify/Metafield/30873896845607;;cobertura;Ouro Branco;gid://shopify/Product/8573494231335
gid://shopify/Metafield/30873896911143;;pedra;"[""Diamante""]";gid://shopify/Product/8573494231335
gid://shopify/Metafield/30873896943911;;cuidadospeca;"Evite o contato de uma joia com a outra. Guarde-as separadamente nas embalagens fornecidas pela Jack Vartanian;
Com o uso, fechos e tarraxas podem necessitar de ajustes para que fiquem com a pressão adequada. Entre em contato conosco;
Após o uso, aconselhamos limpar a joia com flanela de algodão para tirar possíveis resíduos de produtos como maquiagem e perfume;
Evite o contato com água do mar, cremes, perfumes e produtos químicos.";gid://shopify/Product/8573494231335
gid://shopify/Metafield/31224059167015;;metal_filters;"[""OURO""]";gid://shopify/Product/8573494231335
gid://shopify/Product/8573494559015;Brinco Celebrate De Ouro Branco 18K E Diamante;;;
gid://shopify/Metafield/30873898942759;;genero;"[""Feminino""]";gid://shopify/Product/8573494559015
gid://shopify/Metafield/30873898975527;;metal;Ouro Branco;gid://shopify/Product/8573494559015
gid://shopify/Metafield/30873899008295;;cobertura;Ouro Branco;gid://shopify/Product/8573494559015
gid://shopify/Metafield/30873899041063;;pedra;"[""Diamante""]";gid://shopify/Product/8573494559015
gid://shopify/Metafield/30873899073831;;cuidadospeca;"Evite o contato de uma joia com a outra. Guarde-as separadamente nas embalagens fornecidas pela Jack Vartanian;
Com o uso, fechos e tarraxas podem necessitar de ajustes para que fiquem com a pressão adequada. Entre em contato conosco;
Após o uso, aconselhamos limpar a joia com flanela de algodão para tirar possíveis resíduos de produtos como maquiagem e perfume;
Evite o contato com água do mar, cremes, perfumes e produtos químicos.";gid://shopify/Product/8573494559015
gid://shopify/Metafield/31224059330855;;metal_filters;"[""OURO""]";gid://shopify/Product/8573494559015
gid://shopify/Product/8573494853927;Brinco Celebrate De Ouro Branco 18K E Diamante;;;
gid://shopify/Metafield/30873901990183;;genero;"[""Feminino""]";gid://shopify/Product/8573494853927
gid://shopify/Metafield/30873902022951;;metal;Ouro Branco;gid://shopify/Product/8573494853927
gid://shopify/Metafield/30873902055719;;cobertura;Ouro Branco;gid://shopify/Product/8573494853927
gid://shopify/Metafield/30873902088487;;pedra;"[""Diamante""]";gid://shopify/Product/8573494853927
gid://shopify/Metafield/30873902121255;;cuidadospeca;"Evite o contato de uma joia com a outra. Guarde-as separadamente nas embalagens fornecidas pela Jack Vartanian;
Com o uso, fechos e tarraxas podem necessitar de ajustes para que fiquem com a pressão adequada. Entre em contato conosco;
Após o uso, aconselhamos limpar a joia com flanela de algodão para tirar possíveis resíduos de produtos como maquiagem e perfume;
Evite o contato com água do mar, cremes, perfumes e produtos químicos.";gid://shopify/Product/8573494853927
gid://shopify/Metafield/31224059592999;;metal_filters;"[""OURO""]";gid://shopify/Product/8573494853927
gid://shopify/Product/8573495181607;Brinco Celebrate De Ouro Branco 18K E Diamante;;;
gid://shopify/Metafield/30873905496359;;genero;"[""Feminino""]";gid://shopify/Product/8573495181607
gid://shopify/Metafield/30873905529127;;metal;Ouro Branco;gid://shopify/Product/8573495181607
gid://shopify/Metafield/30873905561895;;cobertura;Ouro Branco;gid://shopify/Product/8573495181607
gid://shopify/Metafield/30873905594663;;pedra;"[""Diamante""]";gid://shopify/Product/8573495181607
gid://shopify/Metafield/30873905627431;;cuidadospeca;"Evite o contato de uma joia com a outra. Guarde-as separadamente nas embalagens fornecidas pela Jack Vartanian;
Com o uso, fechos e tarraxas podem necessitar de ajustes para que fiquem com a pressão adequada. Entre em contato conosco;
Após o uso, aconselhamos limpar a joia com flanela de algodão para tirar possíveis resíduos de produtos como maquiagem e perfume;
Evite o contato com água do mar, cremes, perfumes e produtos químicos.";gid://shopify/Product/8573495181607
gid://shopify/Metafield/31224059756839;;metal_filters;"[""OURO""]";gid://shopify/Product/8573495181607
gid://shopify/Product/8573495607591;Brinco Celebrate De Ouro Branco 18K E Diamante;;;
gid://shopify/Metafield/30873907396903;;genero;"[""Feminino""]";gid://shopify/Product/8573495607591
gid://shopify/Metafield/30873907462439;;metal;Ouro Branco;gid://shopify/Product/8573495607591
gid://shopify/Metafield/30873907527975;;cobertura;Ouro Branco;gid://shopify/Product/8573495607591
gid://shopify/Metafield/30873907626279;;pedra;"[""Diamante""]";gid://shopify/Product/8573495607591
gid://shopify/Metafield/30873907691815;;cuidadospeca;"Evite o contato de uma joia com a outra. Guarde-as separadamente nas embalagens fornecidas pela Jack Vartanian;
Com o uso, fechos e tarraxas podem necessitar de ajustes para que fiquem com a pressão adequada. Entre em contato conosco;
Após o uso, aconselhamos limpar a joia com flanela de algodão para tirar possíveis resíduos de produtos como maquiagem e perfume;
Evite o contato com água do mar, cremes, perfumes e produtos químicos.";gid://shopify/Product/8573495607591
gid://shopify/Metafield/31224059887911;;metal_filters;"[""OURO""]";gid://shopify/Product/8573495607591
gid://shopify/Product/8573495968039;Brinco Celebrate De Ouro Branco 18K E Esmeralda;;;
gid://shopify/Metafield/30873909297447;;genero;"[""Feminino""]";gid://shopify/Product/8573495968039
gid://shopify/Metafield/30873909330215;;metal;Ouro Branco;gid://shopify/Product/8573495968039
gid://shopify/Metafield/30873909395751;;cobertura;Ouro Branco;gid://shopify/Product/8573495968039
gid://shopify/Metafield/30873909494055;;pedra;"[""Esmeralda""]";gid://shopify/Product/8573495968039
gid://shopify/Metafield/30873909526823;;cuidadospeca;"Evite o contato de uma joia com a outra. Guarde-as separadamente nas embalagens fornecidas pela Jack Vartanian;
Com o uso, fechos e tarraxas podem necessitar de ajustes para que fiquem com a pressão adequada. Entre em contato conosco;
Após o uso, aconselhamos limpar a joia com flanela de algodão para tirar possíveis resíduos de produtos como maquiagem e perfume;
Evite o contato com água do mar, cremes, perfumes e produtos químicos.";gid://shopify/Product/8573495968039
gid://shopify/Metafield/31224060117287;;metal_filters;"[""OURO""]";gid://shopify/Product/8573495968039
gid://shopify/Product/8573496361255;Pingente Celebrate De Ouro Amarelo 18K E Esmeralda;;;
gid://shopify/Metafield/30873912541479;;genero;"[""Feminino""]";gid://shopify/Product/8573496361255
gid://shopify/Metafield/30873912574247;;metal;Ouro Amarelo;gid://shopify/Product/8573496361255
gid://shopify/Metafield/30873912607015;;cobertura;Ouro Amarelo;gid://shopify/Product/8573496361255
gid://shopify/Metafield/30873912639783;;pedra;"[""Esmeralda""]";gid://shopify/Product/8573496361255
gid://shopify/Metafield/30873912672551;;cuidadospeca;"Evite o contato de uma joia com a outra. Guarde-as separadamente nas embalagens fornecidas pela Jack Vartanian;
Com o uso, fechos e tarraxas podem necessitar de ajustes para que fiquem com a pressão adequada. Entre em contato conosco;
Após o uso, aconselhamos limpar a joia com flanela de algodão para tirar possíveis resíduos de produtos como maquiagem e perfume;
Evite o contato com água do mar, cremes, perfumes e produtos químicos.";gid://shopify/Product/8573496361255
gid://shopify/Metafield/31224060281127;;metal_filters;"[""OURO""]";gid://shopify/Product/8573496361255
gid://shopify/Product/8573505634599;Brinco Chain De Prata Com Ouro Amarelo;;;
gid://shopify/Metafield/30873973555495;;genero;"[""Feminino""]";gid://shopify/Product/8573505634599
gid://shopify/Metafield/30873973588263;;metal;Prata;gid://shopify/Product/8573505634599
gid://shopify/Metafield/30873973653799;;cobertura;Ouro Amarelo;gid://shopify/Product/8573505634599
gid://shopify/Metafield/30873973686567;;cuidadospeca;"Evite o contato de uma joia com a outra. Guarde-as separadamente nas embalagens fornecidas pela Jack Vartanian;
Com o uso, fechos e tarraxas podem necessitar de ajustes para que fiquem com a pressão adequada. Entre em contato conosco;
Após o uso, aconselhamos limpar a joia com flanela de algodão para tirar possíveis resíduos de produtos como maquiagem e perfume;
Evite o contato com água do mar, cremes, perfumes e produtos químicos;
Para peças em prata o primeiro banho é cortesia;
Para peças ocas, evite atritos ou batidas.";gid://shopify/Product/8573505634599
gid://shopify/Product/8573505896743;Brinco Chain De Prata Com Ouro Amarelo - G;;;
gid://shopify/Metafield/30873975259431;;genero;"[""Feminino""]";gid://shopify/Product/8573505896743
gid://shopify/Metafield/30873975292199;;metal;Prata;gid://shopify/Product/8573505896743
gid://shopify/Metafield/30873975324967;;cobertura;Ouro Amarelo;gid://shopify/Product/8573505896743
gid://shopify/Metafield/30873975357735;;cuidadospeca;"Evite o contato de uma joia com a outra. Guarde-as separadamente nas embalagens fornecidas pela Jack Vartanian;
Com o uso, fechos e tarraxas podem necessitar de ajustes para que fiquem com a pressão adequada. Entre em contato conosco;
Após o uso, aconselhamos limpar a joia com flanela de algodão para tirar possíveis resíduos de produtos como maquiagem e perfume;
Evite o contato com água do mar, cremes, perfumes e produtos químicos;
Para peças em prata o primeiro banho é cortesia;
Para peças ocas, evite atritos ou batidas.";gid://shopify/Product/8573505896743
gid://shopify/Product/8573506093351;Brinco Chain De Prata Com Ouro Amarelo;;;
gid://shopify/Metafield/30873976209703;;genero;"[""Feminino""]";gid://shopify/Product/8573506093351
gid://shopify/Metafield/30873976275239;;metal;Prata;gid://shopify/Product/8573506093351
gid://shopify/Metafield/30873976340775;;cobertura;Ouro Amarelo;gid://shopify/Product/8573506093351
gid://shopify/Metafield/30873976373543;;cuidadospeca;"Evite o contato de uma joia com a outra. Guarde-as separadamente nas embalagens fornecidas pela Jack Vartanian;
Com o uso, fechos e tarraxas podem necessitar de ajustes para que fiquem com a pressão adequada. Entre em contato conosco;
Após o uso, aconselhamos limpar a joia com flanela de algodão para tirar possíveis resíduos de produtos como maquiagem e perfume;
Evite o contato com água do mar, cremes, perfumes e produtos químicos;
Para peças em prata o primeiro banho é cortesia;
Para peças ocas, evite atritos ou batidas.";gid://shopify/Product/8573506093351
gid://shopify/Product/8573506322727;Brinco Ear Cuff Chain De Prata Com Ouro Amarelo;;;
gid://shopify/Metafield/30873977553191;;genero;"[""Feminino""]";gid://shopify/Product/8573506322727
gid://shopify/Metafield/30873977585959;;metal;Prata;gid://shopify/Product/8573506322727
gid://shopify/Metafield/30873977618727;;cobertura;Ouro Amarelo;gid://shopify/Product/8573506322727
gid://shopify/Metafield/30873977651495;;cuidadospeca;"Evite o contato de uma joia com a outra. Guarde-as separadamente nas embalagens fornecidas pela Jack Vartanian;
Com o uso, fechos e tarraxas podem necessitar de ajustes para que fiquem com a pressão adequada. Entre em contato conosco;
Após o uso, aconselhamos limpar a joia com flanela de algodão para tirar possíveis resíduos de produtos como maquiagem e perfume;
Evite o contato com água do mar, cremes, perfumes e produtos químicos;
Para peças em prata o primeiro banho é cortesia;
Para peças ocas, evite atritos ou batidas.";gid://shopify/Product/8573506322727
gid://shopify/Product/8573506486567;Brinco Chain De Prata Com Ouro Amarelo - P;;;
gid://shopify/Metafield/30873979224359;;genero;"[""Feminino""]";gid://shopify/Product/8573506486567
gid://shopify/Metafield/30873979257127;;metal;Prata;gid://shopify/Product/8573506486567
gid://shopify/Metafield/30873979289895;;cobertura;Ouro Amarelo;gid://shopify/Product/8573506486567
gid://shopify/Metafield/30873979322663;;cuidadospeca;"Evite o contato de uma joia com a outra. Guarde-as separadamente nas embalagens fornecidas pela Jack Vartanian;
Com o uso, fechos e tarraxas podem necessitar de ajustes para que fiquem com a pressão adequada. Entre em contato conosco;
Após o uso, aconselhamos limpar a joia com flanela de algodão para tirar possíveis resíduos de produtos como maquiagem e perfume;
Evite o contato com água do mar, cremes, perfumes e produtos químicos;
Para peças em prata o primeiro banho é cortesia;
Para peças ocas, evite atritos ou batidas.";gid://shopify/Product/8573506486567
gid://shopify/Product/8573506617639;Brinco Chain De Prata Com Ouro Amarelo;;;
gid://shopify/Metafield/30873980469543;;genero;"[""Feminino""]";gid://shopify/Product/8573506617639
gid://shopify/Metafield/30873980502311;;metal;Prata;gid://shopify/Product/8573506617639
gid://shopify/Metafield/30873980535079;;cobertura;Ouro Amarelo;gid://shopify/Product/8573506617639
gid://shopify/Metafield/30873980567847;;cuidadospeca;"Evite o contato de uma joia com a outra. Guarde-as separadamente nas embalagens fornecidas pela Jack Vartanian;
Com o uso, fechos e tarraxas podem necessitar de ajustes para que fiquem com a pressão adequada. Entre em contato conosco;
Após o uso, aconselhamos limpar a joia com flanela de algodão para tirar possíveis resíduos de produtos como maquiagem e perfume;
Evite o contato com água do mar, cremes, perfumes e produtos químicos;
Para peças em prata o primeiro banho é cortesia;
Para peças ocas, evite atritos ou batidas.";gid://shopify/Product/8573506617639
gid://shopify/Product/8573506715943;Brinco Chain De Prata Com Ródio Negro;;;
gid://shopify/Metafield/30873981321511;;genero;"[""Feminino""]";gid://shopify/Product/8573506715943
gid://shopify/Metafield/30873981354279;;metal;Prata;gid://shopify/Product/8573506715943
gid://shopify/Metafield/30873981387047;;cobertura;Ródio Negro;gid://shopify/Product/8573506715943
gid://shopify/Metafield/30873981419815;;cuidadospeca;"Evite o contato de uma joia com a outra. Guarde-as separadamente nas embalagens fornecidas pela Jack Vartanian;
Com o uso, fechos e tarraxas podem necessitar de ajustes para que fiquem com a pressão adequada. Entre em contato conosco;
Após o uso, aconselhamos limpar a joia com flanela de algodão para tirar possíveis resíduos de produtos como maquiagem e perfume;
Evite o contato com água do mar, cremes, perfumes e produtos químicos;
Para peças em prata o primeiro banho é cortesia;
Para peças ocas, evite atritos ou batidas.";gid://shopify/Product/8573506715943
gid://shopify/Product/8573506879783;Brinco Chain De Prata Com Ródio Negro;;;
gid://shopify/Metafield/30873982304551;;genero;"[""Feminino""]";gid://shopify/Product/8573506879783
gid://shopify/Metafield/30873982337319;;metal;Prata;gid://shopify/Product/8573506879783
gid://shopify/Metafield/30873982370087;;cobertura;Ródio Negro;gid://shopify/Product/8573506879783
gid://shopify/Metafield/30873982402855;;cuidadospeca;"Evite o contato de uma joia com a outra. Guarde-as separadamente nas embalagens fornecidas pela Jack Vartanian;
Com o uso, fechos e tarraxas podem necessitar de ajustes para que fiquem com a pressão adequada. Entre em contato conosco;
Após o uso, aconselhamos limpar a joia com flanela de algodão para tirar possíveis resíduos de produtos como maquiagem e perfume;
Evite o contato com água do mar, cremes, perfumes e produtos químicos;
Para peças em prata o primeiro banho é cortesia;
Para peças ocas, evite atritos ou batidas.";gid://shopify/Product/8573506879783
gid://shopify/Product/8573506978087;Brinco Ear Cuff Chain De Prata Com Ródio Negro;;;
gid://shopify/Metafield/30873984139559;;genero;"[""Feminino""]";gid://shopify/Product/8573506978087
gid://shopify/Metafield/30873984172327;;metal;Prata;gid://shopify/Product/8573506978087
gid://shopify/Metafield/30873984205095;;cobertura;Ródio Negro;gid://shopify/Product/8573506978087
gid://shopify/Metafield/30873984237863;;cuidadospeca;"Evite o contato de uma joia com a outra. Guarde-as separadamente nas embalagens fornecidas pela Jack Vartanian;
Com o uso, fechos e tarraxas podem necessitar de ajustes para que fiquem com a pressão adequada. Entre em contato conosco;
Após o uso, aconselhamos limpar a joia com flanela de algodão para tirar possíveis resíduos de produtos como maquiagem e perfume;
Evite o contato com água do mar, cremes, perfumes e produtos químicos;
Para peças em prata o primeiro banho é cortesia;
Para peças ocas, evite atritos ou batidas.";gid://shopify/Product/8573506978087
gid://shopify/Product/8573507240231;Brinco Chain De Prata Com Ródio Negro - P;;;
gid://shopify/Metafield/30873985843495;;genero;"[""Feminino""]";gid://shopify/Product/8573507240231
gid://shopify/Metafield/30873985909031;;metal;Prata;gid://shopify/Product/8573507240231
gid://shopify/Metafield/30873985941799;;cobertura;Ródio Negro;gid://shopify/Product/8573507240231
gid://shopify/Metafield/30873985974567;;cuidadospeca;"Evite o contato de uma joia com a outra. Guarde-as separadamente nas embalagens fornecidas pela Jack Vartanian;
Com o uso, fechos e tarraxas podem necessitar de ajustes para que fiquem com a pressão adequada. Entre em contato conosco;
Após o uso, aconselhamos limpar a joia com flanela de algodão para tirar possíveis resíduos de produtos como maquiagem e perfume;
Evite o contato com água do mar, cremes, perfumes e produtos químicos;
Para peças em prata o primeiro banho é cortesia;
Para peças ocas, evite atritos ou batidas.";gid://shopify/Product/8573507240231
gid://shopify/Product/8573507469607;Colar Chain De Prata Com Ouro Amarelo - P;;;
gid://shopify/Metafield/30873987449127;;genero;"[""Feminino""]";gid://shopify/Product/8573507469607
gid://shopify/Metafield/30873987481895;;metal;Prata;gid://shopify/Product/8573507469607
gid://shopify/Metafield/30873987547431;;cobertura;Ouro Amarelo;gid://shopify/Product/8573507469607
gid://shopify/Metafield/30873987612967;;cuidadospeca;"Evite o contato de uma joia com a outra. Guarde-as separadamente nas embalagens fornecidas pela Jack Vartanian;
Com o uso, fechos e tarraxas podem necessitar de ajustes para que fiquem com a pressão adequada. Entre em contato conosco;
Após o uso, aconselhamos limpar a joia com flanela de algodão para tirar possíveis resíduos de produtos como maquiagem e perfume;
Evite o contato com água do mar, cremes, perfumes e produtos químicos;
Para peças em prata o primeiro banho é cortesia;
Para peças ocas, evite atritos ou batidas.";gid://shopify/Product/8573507469607
gid://shopify/Product/8573507830055;Colar Chain De Prata Com Ouro Amarelo - G;;;
gid://shopify/Metafield/30873989021991;;genero;"[""Feminino""]";gid://shopify/Product/8573507830055
gid://shopify/Metafield/30873989054759;;metal;Prata;gid://shopify/Product/8573507830055
gid://shopify/Metafield/30873989087527;;cobertura;Ouro Amarelo;gid://shopify/Product/8573507830055
gid://shopify/Metafield/30873989153063;;cuidadospeca;"Evite o contato de uma joia com a outra. Guarde-as separadamente nas embalagens fornecidas pela Jack Vartanian;
Com o uso, fechos e tarraxas podem necessitar de ajustes para que fiquem com a pressão adequada. Entre em contato conosco;
Após o uso, aconselhamos limpar a joia com flanela de algodão para tirar possíveis resíduos de produtos como maquiagem e perfume;
Evite o contato com água do mar, cremes, perfumes e produtos químicos;
Para peças em prata o primeiro banho é cortesia;
Para peças ocas, evite atritos ou batidas.";gid://shopify/Product/8573507830055
gid://shopify/Product/8573508124967;Colar Chain De Prata Com Ródio Negro - P;;;
gid://shopify/Metafield/30873990136103;;genero;"[""Feminino""]";gid://shopify/Product/8573508124967
gid://shopify/Metafield/30873990168871;;metal;Prata;gid://shopify/Product/8573508124967
gid://shopify/Metafield/30873990201639;;cobertura;Ródio Negro;gid://shopify/Product/8573508124967
gid://shopify/Metafield/30873990234407;;cuidadospeca;"Evite o contato de uma joia com a outra. Guarde-as separadamente nas embalagens fornecidas pela Jack Vartanian;
Com o uso, fechos e tarraxas podem necessitar de ajustes para que fiquem com a pressão adequada. Entre em contato conosco;
Após o uso, aconselhamos limpar a joia com flanela de algodão para tirar possíveis resíduos de produtos como maquiagem e perfume;
Evite o contato com água do mar, cremes, perfumes e produtos químicos;
Para peças em prata o primeiro banho é cortesia;
Para peças ocas, evite atritos ou batidas.";gid://shopify/Product/8573508124967
gid://shopify/Product/8573508452647;Piercing Chain De Prata Com Ouro Amarelo;;;
gid://shopify/Metafield/30873990824231;;genero;"[""Feminino""]";gid://shopify/Product/8573508452647
gid://shopify/Metafield/30873990856999;;metal;Prata;gid://shopify/Product/8573508452647
gid://shopify/Metafield/30873990889767;;cobertura;Ouro Amarelo;gid://shopify/Product/8573508452647
gid://shopify/Metafield/30873990922535;;cuidadospeca;"Evite o contato de uma joia com a outra. Guarde-as separadamente nas embalagens fornecidas pela Jack Vartanian;
Com o uso, fechos e tarraxas podem necessitar de ajustes para que fiquem com a pressão adequada. Entre em contato conosco;
Após o uso, aconselhamos limpar a joia com flanela de algodão para tirar possíveis resíduos de produtos como maquiagem e perfume;
Evite o contato com água do mar, cremes, perfumes e produtos químicos;
Para peças em prata o primeiro banho é cortesia;
Para peças ocas, evite atritos ou batidas.";gid://shopify/Product/8573508452647
gid://shopify/Product/8573508714791;Pulseira Chain De Prata Com Ouro Amarelo - Elo P;;;
gid://shopify/Metafield/30873992298791;;genero;"[""Feminino""]";gid://shopify/Product/8573508714791
gid://shopify/Metafield/30873992331559;;metal;Prata;gid://shopify/Product/8573508714791
gid://shopify/Metafield/30873992364327;;cobertura;Ouro Amarelo;gid://shopify/Product/8573508714791
gid://shopify/Metafield/30873992397095;;cuidadospeca;"Evite o contato de uma joia com a outra. Guarde-as separadamente nas embalagens fornecidas pela Jack Vartanian;
Com o uso, fechos e tarraxas podem necessitar de ajustes para que fiquem com a pressão adequada. Entre em contato conosco;
Após o uso, aconselhamos limpar a joia com flanela de algodão para tirar possíveis resíduos de produtos como maquiagem e perfume;
Evite o contato com água do mar, cremes, perfumes e produtos químicos;
Para peças em prata o primeiro banho é cortesia;
Para peças ocas, evite atritos ou batidas.";gid://shopify/Product/8573508714791
gid://shopify/Product/8573509730599;Pulseira Chain De Prata Com Ouro Amarelo - Elo G;;;
gid://shopify/Metafield/30873996722471;;genero;"[""Feminino""]";gid://shopify/Product/8573509730599
gid://shopify/Metafield/30873996755239;;metal;Prata;gid://shopify/Product/8573509730599
gid://shopify/Metafield/30873996820775;;cobertura;Ouro Amarelo;gid://shopify/Product/8573509730599
gid://shopify/Metafield/30873996886311;;cuidadospeca;"Evite o contato de uma joia com a outra. Guarde-as separadamente nas embalagens fornecidas pela Jack Vartanian;
Com o uso, fechos e tarraxas podem necessitar de ajustes para que fiquem com a pressão adequada. Entre em contato conosco;
Após o uso, aconselhamos limpar a joia com flanela de algodão para tirar possíveis resíduos de produtos como maquiagem e perfume;
Evite o contato com água do mar, cremes, perfumes e produtos químicos;
Para peças em prata o primeiro banho é cortesia;
Para peças ocas, evite atritos ou batidas.";gid://shopify/Product/8573509730599
gid://shopify/Product/8573509992743;Pulseira Chain De Prata Com Ródio Negro - Elo P;;;
gid://shopify/Metafield/30873998262567;;genero;"[""Feminino""]";gid://shopify/Product/8573509992743
gid://shopify/Metafield/30873998295335;;metal;Prata;gid://shopify/Product/8573509992743
gid://shopify/Metafield/30873998328103;;cobertura;Ródio Negro;gid://shopify/Product/8573509992743
gid://shopify/Metafield/30873998360871;;cuidadospeca;"Evite o contato de uma joia com a outra. Guarde-as separadamente nas embalagens fornecidas pela Jack Vartanian;
Com o uso, fechos e tarraxas podem necessitar de ajustes para que fiquem com a pressão adequada. Entre em contato conosco;
Após o uso, aconselhamos limpar a joia com flanela de algodão para tirar possíveis resíduos de produtos como maquiagem e perfume;
Evite o contato com água do mar, cremes, perfumes e produtos químicos;
Para peças em prata o primeiro banho é cortesia;
Para peças ocas, evite atritos ou batidas.";gid://shopify/Product/8573509992743
gid://shopify/Product/8573510975783;Pulseira Chain De Prata Com Ródio Negro - Elo G;;;
gid://shopify/Metafield/30874002358567;;genero;"[""Feminino""]";gid://shopify/Product/8573510975783
gid://shopify/Metafield/30874002391335;;metal;Prata;gid://shopify/Product/8573510975783
gid://shopify/Metafield/30874002424103;;cobertura;Ródio Negro;gid://shopify/Product/8573510975783
gid://shopify/Metafield/30874002456871;;cuidadospeca;"Evite o contato de uma joia com a outra. Guarde-as separadamente nas embalagens fornecidas pela Jack Vartanian;
Com o uso, fechos e tarraxas podem necessitar de ajustes para que fiquem com a pressão adequada. Entre em contato conosco;
Após o uso, aconselhamos limpar a joia com flanela de algodão para tirar possíveis resíduos de produtos como maquiagem e perfume;
Evite o contato com água do mar, cremes, perfumes e produtos químicos;
Para peças em prata o primeiro banho é cortesia;
Para peças ocas, evite atritos ou batidas.";gid://shopify/Product/8573510975783
gid://shopify/Product/8573576708391;Brinco Chain Love De Ouro 18K Com Ródio Negro E Diamante;;;
gid://shopify/Metafield/30874502168871;;genero;"[""Feminino""]";gid://shopify/Product/8573576708391
gid://shopify/Metafield/30874502201639;;metal;Ouro Amarelo;gid://shopify/Product/8573576708391
gid://shopify/Metafield/30874502234407;;cobertura;Ródio Negro;gid://shopify/Product/8573576708391
gid://shopify/Metafield/30874502267175;;pedra;"[""Diamante""]";gid://shopify/Product/8573576708391
gid://shopify/Metafield/30874502299943;;cuidadospeca;"Evite o contato de uma joia com a outra. Guarde-as separadamente nas embalagens fornecidas pela Jack Vartanian;
Com o uso, fechos e tarraxas podem necessitar de ajustes para que fiquem com a pressão adequada. Entre em contato conosco;
Após o uso, aconselhamos limpar a joia com flanela de algodão para tirar possíveis resíduos de produtos como maquiagem e perfume;
Evite o contato com água do mar, cremes, perfumes e produtos químicos.";gid://shopify/Product/8573576708391
gid://shopify/Metafield/31224060608807;;metal_filters;"[""OURO""]";gid://shopify/Product/8573576708391
gid://shopify/Product/8573576937767;Brinco Chain Love De Ouro 18K Com Ródio Negro E Diamante;;;
gid://shopify/Metafield/30874502758695;;genero;"[""Feminino""]";gid://shopify/Product/8573576937767
gid://shopify/Metafield/30874502791463;;metal;Ouro Amarelo;gid://shopify/Product/8573576937767
gid://shopify/Metafield/30874502824231;;cobertura;Ródio Negro;gid://shopify/Product/8573576937767
gid://shopify/Metafield/30874502856999;;pedra;"[""Diamante""]";gid://shopify/Product/8573576937767
gid://shopify/Metafield/30874502889767;;cuidadospeca;"Evite o contato de uma joia com a outra. Guarde-as separadamente nas embalagens fornecidas pela Jack Vartanian;
Com o uso, fechos e tarraxas podem necessitar de ajustes para que fiquem com a pressão adequada. Entre em contato conosco;
Após o uso, aconselhamos limpar a joia com flanela de algodão para tirar possíveis resíduos de produtos como maquiagem e perfume;
Evite o contato com água do mar, cremes, perfumes e produtos químicos.";gid://shopify/Product/8573576937767
gid://shopify/Metafield/31224060838183;;metal_filters;"[""OURO""]";gid://shopify/Product/8573576937767
gid://shopify/Product/8573577265447;Brinco Chain Love De Ouro Branco 18K E Diamante;;;
gid://shopify/Metafield/30874504823079;;genero;"[""Feminino""]";gid://shopify/Product/8573577265447
gid://shopify/Metafield/30874504888615;;metal;Ouro Branco;gid://shopify/Product/8573577265447
gid://shopify/Metafield/30874504954151;;cobertura;Ouro Branco;gid://shopify/Product/8573577265447
gid://shopify/Metafield/30874505052455;;pedra;"[""Diamante""]";gid://shopify/Product/8573577265447
gid://shopify/Metafield/30874505117991;;cuidadospeca;"Evite o contato de uma joia com a outra. Guarde-as separadamente nas embalagens fornecidas pela Jack Vartanian;
Com o uso, fechos e tarraxas podem necessitar de ajustes para que fiquem com a pressão adequada. Entre em contato conosco;
Após o uso, aconselhamos limpar a joia com flanela de algodão para tirar possíveis resíduos de produtos como maquiagem e perfume;
Evite o contato com água do mar, cremes, perfumes e produtos químicos.";gid://shopify/Product/8573577265447
gid://shopify/Product/8573577593127;Brinco Chain Love De Ouro Branco 18K E Diamante;;;
gid://shopify/Metafield/30874508722471;;genero;"[""Feminino""]";gid://shopify/Product/8573577593127
gid://shopify/Metafield/30874508755239;;metal;Ouro Branco;gid://shopify/Product/8573577593127
gid://shopify/Metafield/30874508788007;;cobertura;Ouro Branco;gid://shopify/Product/8573577593127
gid://shopify/Metafield/30874508820775;;pedra;"[""Diamante""]";gid://shopify/Product/8573577593127
gid://shopify/Metafield/30874508853543;;cuidadospeca;"Evite o contato de uma joia com a outra. Guarde-as separadamente nas embalagens fornecidas pela Jack Vartanian;
Com o uso, fechos e tarraxas podem necessitar de ajustes para que fiquem com a pressão adequada. Entre em contato conosco;
Após o uso, aconselhamos limpar a joia com flanela de algodão para tirar possíveis resíduos de produtos como maquiagem e perfume;
Evite o contato com água do mar, cremes, perfumes e produtos químicos.";gid://shopify/Product/8573577593127
gid://shopify/Product/8573577920807;Piercing Chain Love De Ouro 18K Com Ródio Negro E Diamante;;;
gid://shopify/Metafield/30874510197031;;genero;"[""Feminino""]";gid://shopify/Product/8573577920807
gid://shopify/Metafield/30874510229799;;metal;Ouro Amarelo;gid://shopify/Product/8573577920807
gid://shopify/Metafield/30874510262567;;cobertura;Ródio Negro;gid://shopify/Product/8573577920807
gid://shopify/Metafield/30874510295335;;pedra;"[""Diamante""]";gid://shopify/Product/8573577920807
gid://shopify/Metafield/30874510328103;;cuidadospeca;"Evite o contato de uma joia com a outra. Guarde-as separadamente nas embalagens fornecidas pela Jack Vartanian;
Com o uso, fechos e tarraxas podem necessitar de ajustes para que fiquem com a pressão adequada. Entre em contato conosco;
Após o uso, aconselhamos limpar a joia com flanela de algodão para tirar possíveis resíduos de produtos como maquiagem e perfume;
Evite o contato com água do mar, cremes, perfumes e produtos químicos.";gid://shopify/Product/8573577920807
gid://shopify/Product/8573578215719;Piercing Chain Love De Ouro 18K Com Ródio Negro E Diamante Negro;;;
gid://shopify/Metafield/30874517537063;;genero;"[""Feminino""]";gid://shopify/Product/8573578215719
gid://shopify/Metafield/30874517569831;;metal;Ouro Amarelo;gid://shopify/Product/8573578215719
gid://shopify/Metafield/30874517602599;;cobertura;Ródio Negro;gid://shopify/Product/8573578215719
gid://shopify/Metafield/30874517635367;;pedra;"[""Diamante Negro""]";gid://shopify/Product/8573578215719
gid://shopify/Metafield/30874517668135;;cuidadospeca;"Evite o contato de uma joia com a outra. Guarde-as separadamente nas embalagens fornecidas pela Jack Vartanian;
Com o uso, fechos e tarraxas podem necessitar de ajustes para que fiquem com a pressão adequada. Entre em contato conosco;
Após o uso, aconselhamos limpar a joia com flanela de algodão para tirar possíveis resíduos de produtos como maquiagem e perfume;
Evite o contato com água do mar, cremes, perfumes e produtos químicos.";gid://shopify/Product/8573578215719
gid://shopify/Product/8573578608935;Piercing Chain Love De Ouro 18K Com Ródio Negro E Esmeralda;;;
gid://shopify/Metafield/30874520289575;;genero;"[""Feminino""]";gid://shopify/Product/8573578608935
gid://shopify/Metafield/30874520322343;;metal;Ouro Amarelo;gid://shopify/Product/8573578608935
gid://shopify/Metafield/30874520355111;;cobertura;Ródio Negro;gid://shopify/Product/8573578608935
gid://shopify/Metafield/30874520387879;;pedra;"[""Esmeralda""]";gid://shopify/Product/8573578608935
gid://shopify/Metafield/30874520420647;;cuidadospeca;"Evite o contato de uma joia com a outra. Guarde-as separadamente nas embalagens fornecidas pela Jack Vartanian;
Com o uso, fechos e tarraxas podem necessitar de ajustes para que fiquem com a pressão adequada. Entre em contato conosco;
Após o uso, aconselhamos limpar a joia com flanela de algodão para tirar possíveis resíduos de produtos como maquiagem e perfume;
Evite o contato com água do mar, cremes, perfumes e produtos químicos.";gid://shopify/Product/8573578608935
gid://shopify/Product/8573579919655;Colar Choker De Ouro Amarelo 18K;;;
gid://shopify/Metafield/30874535690535;;genero;"[""Feminino""]";gid://shopify/Product/8573579919655
gid://shopify/Metafield/30874535723303;;metal;Ouro Amarelo;gid://shopify/Product/8573579919655
gid://shopify/Metafield/30874535756071;;cobertura;Ouro Amarelo;gid://shopify/Product/8573579919655
gid://shopify/Metafield/30874535788839;;cuidadospeca;"Evite o contato de uma joia com a outra. Guarde-as separadamente nas embalagens fornecidas pela Jack Vartanian;
Com o uso, fechos e tarraxas podem necessitar de ajustes para que fiquem com a pressão adequada. Entre em contato conosco;
Após o uso, aconselhamos limpar a joia com flanela de algodão para tirar possíveis resíduos de produtos como maquiagem e perfume;
Evite o contato com água do mar, cremes, perfumes e produtos químicos.";gid://shopify/Product/8573579919655
gid://shopify/Product/8573580116263;Colar Choker De Ouro Amarelo 18K;;;
gid://shopify/Metafield/30874539327783;;genero;"[""Feminino""]";gid://shopify/Product/8573580116263
gid://shopify/Metafield/30874539360551;;metal;Ouro Amarelo;gid://shopify/Product/8573580116263
gid://shopify/Metafield/30874539393319;;cobertura;Ouro Amarelo;gid://shopify/Product/8573580116263
gid://shopify/Metafield/30874539426087;;cuidadospeca;"Evite o contato de uma joia com a outra. Guarde-as separadamente nas embalagens fornecidas pela Jack Vartanian;
Com o uso, fechos e tarraxas podem necessitar de ajustes para que fiquem com a pressão adequada. Entre em contato conosco;
Após o uso, aconselhamos limpar a joia com flanela de algodão para tirar possíveis resíduos de produtos como maquiagem e perfume;
Evite o contato com água do mar, cremes, perfumes e produtos químicos.";gid://shopify/Product/8573580116263
gid://shopify/Product/8573580673319;Colar Choker De Ouro 18K Com Ródio Negro E Diamante;;;
gid://shopify/Metafield/30874545062183;;genero;"[""Feminino""]";gid://shopify/Product/8573580673319
gid://shopify/Metafield/30874545193255;;metal;Ouro Amarelo;gid://shopify/Product/8573580673319
gid://shopify/Metafield/30874545291559;;cobertura;Ródio Negro;gid://shopify/Product/8573580673319
gid://shopify/Metafield/30874545389863;;pedra;"[""Diamante""]";gid://shopify/Product/8573580673319
gid://shopify/Metafield/30874545455399;;cuidadospeca;"Evite o contato de uma joia com a outra. Guarde-as separadamente nas embalagens fornecidas pela Jack Vartanian;
Com o uso, fechos e tarraxas podem necessitar de ajustes para que fiquem com a pressão adequada. Entre em contato conosco;
Após o uso, aconselhamos limpar a joia com flanela de algodão para tirar possíveis resíduos de produtos como maquiagem e perfume;
Evite o contato com água do mar, cremes, perfumes e produtos químicos.";gid://shopify/Product/8573580673319
gid://shopify/Product/8573581000999;Colar Choker De Ouro 18K Com Ródio Negro E Diamante;;;
gid://shopify/Metafield/30874548797735;;genero;"[""Feminino""]";gid://shopify/Product/8573581000999
gid://shopify/Metafield/30874548830503;;metal;Ouro Amarelo;gid://shopify/Product/8573581000999
gid://shopify/Metafield/30874548863271;;cobertura;Ródio Negro;gid://shopify/Product/8573581000999
gid://shopify/Metafield/30874548896039;;pedra;"[""Diamante""]";gid://shopify/Product/8573581000999
gid://shopify/Metafield/30874548928807;;cuidadospeca;"Evite o contato de uma joia com a outra. Guarde-as separadamente nas embalagens fornecidas pela Jack Vartanian;
Com o uso, fechos e tarraxas podem necessitar de ajustes para que fiquem com a pressão adequada. Entre em contato conosco;
Após o uso, aconselhamos limpar a joia com flanela de algodão para tirar possíveis resíduos de produtos como maquiagem e perfume;
Evite o contato com água do mar, cremes, perfumes e produtos químicos.";gid://shopify/Product/8573581000999
gid://shopify/Product/8573581426983;Colar Choker De Ouro 18K Com Ródio Negro E Diamante;;;
gid://shopify/Metafield/30874552336679;;genero;"[""Feminino""]";gid://shopify/Product/8573581426983
gid://shopify/Metafield/30874552369447;;metal;Ouro Amarelo;gid://shopify/Product/8573581426983
gid://shopify/Metafield/30874552402215;;cobertura;Ródio Negro;gid://shopify/Product/8573581426983
gid://shopify/Metafield/30874552434983;;pedra;"[""Diamante""]";gid://shopify/Product/8573581426983
gid://shopify/Metafield/30874552467751;;cuidadospeca;"Evite o contato de uma joia com a outra. Guarde-as separadamente nas embalagens fornecidas pela Jack Vartanian;
Com o uso, fechos e tarraxas podem necessitar de ajustes para que fiquem com a pressão adequada. Entre em contato conosco;
Após o uso, aconselhamos limpar a joia com flanela de algodão para tirar possíveis resíduos de produtos como maquiagem e perfume;
Evite o contato com água do mar, cremes, perfumes e produtos químicos.";gid://shopify/Product/8573581426983
gid://shopify/Product/8573581656359;Colar Choker De Ouro 18K Com Ródio Negro E Diamante;;;
gid://shopify/Metafield/30874557841703;;genero;"[""Feminino""]";gid://shopify/Product/8573581656359
gid://shopify/Metafield/30874557907239;;metal;Ouro Amarelo;gid://shopify/Product/8573581656359
gid://shopify/Metafield/30874558005543;;cobertura;Ródio Negro;gid://shopify/Product/8573581656359
gid://shopify/Metafield/30874558038311;;pedra;"[""Diamante""]";gid://shopify/Product/8573581656359
gid://shopify/Metafield/30874558103847;;cuidadospeca;"Evite o contato de uma joia com a outra. Guarde-as separadamente nas embalagens fornecidas pela Jack Vartanian;
Com o uso, fechos e tarraxas podem necessitar de ajustes para que fiquem com a pressão adequada. Entre em contato conosco;
Após o uso, aconselhamos limpar a joia com flanela de algodão para tirar possíveis resíduos de produtos como maquiagem e perfume;
Evite o contato com água do mar, cremes, perfumes e produtos químicos.";gid://shopify/Product/8573581656359
gid://shopify/Product/8573581787431;Colar Choker De Ouro 18K Com Ródio Negro E Rubi;;;
gid://shopify/Metafield/30874561970471;;genero;"[""Feminino""]";gid://shopify/Product/8573581787431
gid://shopify/Metafield/30874562003239;;metal;Ouro Amarelo;gid://shopify/Product/8573581787431
gid://shopify/Metafield/30874562068775;;cobertura;Ródio Negro;gid://shopify/Product/8573581787431
gid://shopify/Metafield/30874562625831;;pedra;"[""Rubi""]";gid://shopify/Product/8573581787431
gid://shopify/Metafield/30874562658599;;cuidadospeca;"Evite o contato de uma joia com a outra. Guarde-as separadamente nas embalagens fornecidas pela Jack Vartanian;
Com o uso, fechos e tarraxas podem necessitar de ajustes para que fiquem com a pressão adequada. Entre em contato conosco;
Após o uso, aconselhamos limpar a joia com flanela de algodão para tirar possíveis resíduos de produtos como maquiagem e perfume;
Evite o contato com água do mar, cremes, perfumes e produtos químicos.";gid://shopify/Product/8573581787431
gid://shopify/Product/8573581852967;Colar Choker De Ouro 18K Com Ródio Negro E Esmeralda;;;
gid://shopify/Metafield/30874566983975;;genero;"[""Feminino""]";gid://shopify/Product/8573581852967
gid://shopify/Metafield/30874567016743;;metal;Ouro Amarelo;gid://shopify/Product/8573581852967
gid://shopify/Metafield/30874567049511;;cobertura;Ródio Negro;gid://shopify/Product/8573581852967
gid://shopify/Metafield/30874567082279;;pedra;"[""Esmeralda""]";gid://shopify/Product/8573581852967
gid://shopify/Metafield/30874567115047;;cuidadospeca;"Evite o contato de uma joia com a outra. Guarde-as separadamente nas embalagens fornecidas pela Jack Vartanian;
Com o uso, fechos e tarraxas podem necessitar de ajustes para que fiquem com a pressão adequada. Entre em contato conosco;
Após o uso, aconselhamos limpar a joia com flanela de algodão para tirar possíveis resíduos de produtos como maquiagem e perfume;
Evite o contato com água do mar, cremes, perfumes e produtos químicos.";gid://shopify/Product/8573581852967
gid://shopify/Product/8573581918503;Colar Choker De Ouro 18K Com Ródio Negro E Safira;;;
gid://shopify/Metafield/30874570326311;;genero;"[""Feminino""]";gid://shopify/Product/8573581918503
gid://shopify/Metafield/30874570391847;;metal;Ouro Amarelo;gid://shopify/Product/8573581918503
gid://shopify/Metafield/30874570457383;;cobertura;Ródio Negro;gid://shopify/Product/8573581918503
gid://shopify/Metafield/30874570490151;;pedra;"[""Safira""]";gid://shopify/Product/8573581918503
gid://shopify/Metafield/30874570522919;;cuidadospeca;"Evite o contato de uma joia com a outra. Guarde-as separadamente nas embalagens fornecidas pela Jack Vartanian;
Com o uso, fechos e tarraxas podem necessitar de ajustes para que fiquem com a pressão adequada. Entre em contato conosco;
Após o uso, aconselhamos limpar a joia com flanela de algodão para tirar possíveis resíduos de produtos como maquiagem e perfume;
Evite o contato com água do mar, cremes, perfumes e produtos químicos.";gid://shopify/Product/8573581918503
gid://shopify/Product/8573582016807;Colar Choker De Ouro 18K Com Ródio Negro E Diamante Negro;;;
gid://shopify/Metafield/30874574881063;;genero;"[""Feminino""]";gid://shopify/Product/8573582016807
gid://shopify/Metafield/30874574946599;;metal;Ouro Amarelo;gid://shopify/Product/8573582016807
gid://shopify/Metafield/30874575012135;;cobertura;Ródio Negro;gid://shopify/Product/8573582016807
gid://shopify/Metafield/30874575077671;;pedra;"[""Diamante Negro""]";gid://shopify/Product/8573582016807
gid://shopify/Metafield/30874575110439;;cuidadospeca;"Evite o contato de uma joia com a outra. Guarde-as separadamente nas embalagens fornecidas pela Jack Vartanian;
Com o uso, fechos e tarraxas podem necessitar de ajustes para que fiquem com a pressão adequada. Entre em contato conosco;
Após o uso, aconselhamos limpar a joia com flanela de algodão para tirar possíveis resíduos de produtos como maquiagem e perfume;
Evite o contato com água do mar, cremes, perfumes e produtos químicos.";gid://shopify/Product/8573582016807
gid://shopify/Product/8573582213415;Colar Choker De Ouro Branco 18K E Diamante;;;
gid://shopify/Metafield/30874579042599;;genero;"[""Feminino""]";gid://shopify/Product/8573582213415
gid://shopify/Metafield/30874579075367;;metal;Ouro Branco;gid://shopify/Product/8573582213415
gid://shopify/Metafield/30874579108135;;cobertura;Ouro Branco;gid://shopify/Product/8573582213415
gid://shopify/Metafield/30874579173671;;pedra;"[""Diamante""]";gid://shopify/Product/8573582213415
gid://shopify/Metafield/30874579239207;;cuidadospeca;"Evite o contato de uma joia com a outra. Guarde-as separadamente nas embalagens fornecidas pela Jack Vartanian;
Com o uso, fechos e tarraxas podem necessitar de ajustes para que fiquem com a pressão adequada. Entre em contato conosco;
Após o uso, aconselhamos limpar a joia com flanela de algodão para tirar possíveis resíduos de produtos como maquiagem e perfume;
Evite o contato com água do mar, cremes, perfumes e produtos químicos.";gid://shopify/Product/8573582213415
gid://shopify/Product/8573582541095;Colar Choker De Ouro Branco 18K E Diamante;;;
gid://shopify/Metafield/30874584711463;;genero;"[""Feminino""]";gid://shopify/Product/8573582541095
gid://shopify/Metafield/30874584744231;;metal;Ouro Branco;gid://shopify/Product/8573582541095
gid://shopify/Metafield/30874584776999;;cobertura;Ouro Branco;gid://shopify/Product/8573582541095
gid://shopify/Metafield/30874584809767;;pedra;"[""Diamante""]";gid://shopify/Product/8573582541095
gid://shopify/Metafield/30874584842535;;cuidadospeca;"Evite o contato de uma joia com a outra. Guarde-as separadamente nas embalagens fornecidas pela Jack Vartanian;
Com o uso, fechos e tarraxas podem necessitar de ajustes para que fiquem com a pressão adequada. Entre em contato conosco;
Após o uso, aconselhamos limpar a joia com flanela de algodão para tirar possíveis resíduos de produtos como maquiagem e perfume;
Evite o contato com água do mar, cremes, perfumes e produtos químicos.";gid://shopify/Product/8573582541095
gid://shopify/Product/8573582901543;Colar Choker De Ouro Branco 18K E Diamante;;;
gid://shopify/Metafield/30874588938535;;genero;"[""Feminino""]";gid://shopify/Product/8573582901543
gid://shopify/Metafield/30874589102375;;metal;Ouro Branco;gid://shopify/Product/8573582901543
gid://shopify/Metafield/30874589167911;;cobertura;Ouro Branco;gid://shopify/Product/8573582901543
gid://shopify/Metafield/30874589233447;;pedra;"[""Diamante""]";gid://shopify/Product/8573582901543
gid://shopify/Metafield/30874589331751;;cuidadospeca;"Evite o contato de uma joia com a outra. Guarde-as separadamente nas embalagens fornecidas pela Jack Vartanian;
Com o uso, fechos e tarraxas podem necessitar de ajustes para que fiquem com a pressão adequada. Entre em contato conosco;
Após o uso, aconselhamos limpar a joia com flanela de algodão para tirar possíveis resíduos de produtos como maquiagem e perfume;
Evite o contato com água do mar, cremes, perfumes e produtos químicos.";gid://shopify/Product/8573582901543
gid://shopify/Product/8573583196455;Colar Choker De Ouro Branco 18K E Diamante;;;
gid://shopify/Metafield/30874592379175;;genero;"[""Feminino""]";gid://shopify/Product/8573583196455
gid://shopify/Metafield/30874592411943;;metal;Ouro Branco;gid://shopify/Product/8573583196455
gid://shopify/Metafield/30874592444711;;cobertura;Ouro Branco;gid://shopify/Product/8573583196455
gid://shopify/Metafield/30874592477479;;pedra;"[""Diamante""]";gid://shopify/Product/8573583196455
gid://shopify/Metafield/30874592510247;;cuidadospeca;"Evite o contato de uma joia com a outra. Guarde-as separadamente nas embalagens fornecidas pela Jack Vartanian;
Com o uso, fechos e tarraxas podem necessitar de ajustes para que fiquem com a pressão adequada. Entre em contato conosco;
Após o uso, aconselhamos limpar a joia com flanela de algodão para tirar possíveis resíduos de produtos como maquiagem e perfume;
Evite o contato com água do mar, cremes, perfumes e produtos químicos.";gid://shopify/Product/8573583196455
gid://shopify/Product/8573584998695;Brinco Ear Cuff Deco 2019 De Ouro Amarelo 18K E Diamante;;;
gid://shopify/Metafield/30874619805991;;genero;"[""Feminino""]";gid://shopify/Product/8573584998695
gid://shopify/Metafield/30874619838759;;metal;Ouro Amarelo;gid://shopify/Product/8573584998695
gid://shopify/Metafield/30874619871527;;cobertura;Ouro Amarelo;gid://shopify/Product/8573584998695
gid://shopify/Metafield/30874619904295;;pedra;"[""Diamante""]";gid://shopify/Product/8573584998695
gid://shopify/Metafield/30874619937063;;cuidadospeca;"Evite o contato de uma joia com a outra. Guarde-as separadamente nas embalagens fornecidas pela Jack Vartanian;
Com o uso, fechos e tarraxas podem necessitar de ajustes para que fiquem com a pressão adequada. Entre em contato conosco;
Após o uso, aconselhamos limpar a joia com flanela de algodão para tirar possíveis resíduos de produtos como maquiagem e perfume;
Evite o contato com água do mar, cremes, perfumes e produtos químicos.";gid://shopify/Product/8573584998695
gid://shopify/Product/8573585326375;Brinco Ear Cuff Deco 2019 De Ouro Amarelo 18K E Diamante;;;
gid://shopify/Metafield/30874622492967;;genero;"[""Feminino""]";gid://shopify/Product/8573585326375
gid://shopify/Metafield/30874622558503;;metal;Ouro Amarelo;gid://shopify/Product/8573585326375
gid://shopify/Metafield/30874622624039;;cobertura;Ouro Amarelo;gid://shopify/Product/8573585326375
gid://shopify/Metafield/30874622689575;;pedra;"[""Diamante""]";gid://shopify/Product/8573585326375
gid://shopify/Metafield/30874622787879;;cuidadospeca;"Evite o contato de uma joia com a outra. Guarde-as separadamente nas embalagens fornecidas pela Jack Vartanian;
Com o uso, fechos e tarraxas podem necessitar de ajustes para que fiquem com a pressão adequada. Entre em contato conosco;
Após o uso, aconselhamos limpar a joia com flanela de algodão para tirar possíveis resíduos de produtos como maquiagem e perfume;
Evite o contato com água do mar, cremes, perfumes e produtos químicos.";gid://shopify/Product/8573585326375
gid://shopify/Product/8573585621287;Brinco Ear Cuff Deco 2019 De Ouro Branco 18K E Diamante;;;
gid://shopify/Metafield/30874625278247;;genero;"[""Feminino""]";gid://shopify/Product/8573585621287
gid://shopify/Metafield/30874625311015;;metal;Ouro Branco;gid://shopify/Product/8573585621287
gid://shopify/Metafield/30874625409319;;cobertura;Ouro Branco;gid://shopify/Product/8573585621287
gid://shopify/Metafield/30874625507623;;pedra;"[""Diamante""]";gid://shopify/Product/8573585621287
gid://shopify/Metafield/30874625573159;;cuidadospeca;"Evite o contato de uma joia com a outra. Guarde-as separadamente nas embalagens fornecidas pela Jack Vartanian;
Com o uso, fechos e tarraxas podem necessitar de ajustes para que fiquem com a pressão adequada. Entre em contato conosco;
Após o uso, aconselhamos limpar a joia com flanela de algodão para tirar possíveis resíduos de produtos como maquiagem e perfume;
Evite o contato com água do mar, cremes, perfumes e produtos químicos.";gid://shopify/Product/8573585621287
gid://shopify/Product/8573585883431;Brinco Ear Cuff Deco 2019 De Ouro Branco 18K E Diamante;;;
gid://shopify/Metafield/30874627670311;;genero;"[""Feminino""]";gid://shopify/Product/8573585883431
gid://shopify/Metafield/30874627703079;;metal;Ouro Branco;gid://shopify/Product/8573585883431
gid://shopify/Metafield/30874627735847;;cobertura;Ouro Branco;gid://shopify/Product/8573585883431
gid://shopify/Metafield/30874627768615;;pedra;"[""Diamante""]";gid://shopify/Product/8573585883431
gid://shopify/Metafield/30874627801383;;cuidadospeca;"Evite o contato de uma joia com a outra. Guarde-as separadamente nas embalagens fornecidas pela Jack Vartanian;
Com o uso, fechos e tarraxas podem necessitar de ajustes para que fiquem com a pressão adequada. Entre em contato conosco;
Após o uso, aconselhamos limpar a joia com flanela de algodão para tirar possíveis resíduos de produtos como maquiagem e perfume;
Evite o contato com água do mar, cremes, perfumes e produtos químicos.";gid://shopify/Product/8573585883431
gid://shopify/Product/8573586145575;Colar Deco 2019 De Ouro Amarelo 18K E Diamante;;;
gid://shopify/Metafield/30874629603623;;genero;"[""Feminino""]";gid://shopify/Product/8573586145575
gid://shopify/Metafield/30874629636391;;metal;Ouro Amarelo;gid://shopify/Product/8573586145575
gid://shopify/Metafield/30874629669159;;cobertura;Ouro Amarelo;gid://shopify/Product/8573586145575
gid://shopify/Metafield/30874629701927;;pedra;"[""Diamante""]";gid://shopify/Product/8573586145575
gid://shopify/Metafield/30874629734695;;cuidadospeca;"Evite o contato de uma joia com a outra. Guarde-as separadamente nas embalagens fornecidas pela Jack Vartanian;
Com o uso, fechos e tarraxas podem necessitar de ajustes para que fiquem com a pressão adequada. Entre em contato conosco;
Após o uso, aconselhamos limpar a joia com flanela de algodão para tirar possíveis resíduos de produtos como maquiagem e perfume;
Evite o contato com água do mar, cremes, perfumes e produtos químicos.";gid://shopify/Product/8573586145575
gid://shopify/Product/8573586374951;Colar Deco 2019 De Ouro Branco 18K E Diamante;;;
gid://shopify/Metafield/30874632487207;;genero;"[""Feminino""]";gid://shopify/Product/8573586374951
gid://shopify/Metafield/30874632519975;;metal;Ouro Branco;gid://shopify/Product/8573586374951
gid://shopify/Metafield/30874632552743;;cobertura;Ouro Branco;gid://shopify/Product/8573586374951
gid://shopify/Metafield/30874632585511;;pedra;"[""Diamante""]";gid://shopify/Product/8573586374951
gid://shopify/Metafield/30874632618279;;cuidadospeca;"Evite o contato de uma joia com a outra. Guarde-as separadamente nas embalagens fornecidas pela Jack Vartanian;
Com o uso, fechos e tarraxas podem necessitar de ajustes para que fiquem com a pressão adequada. Entre em contato conosco;
Após o uso, aconselhamos limpar a joia com flanela de algodão para tirar possíveis resíduos de produtos como maquiagem e perfume;
Evite o contato com água do mar, cremes, perfumes e produtos químicos.";gid://shopify/Product/8573586374951
gid://shopify/Product/8573591617831;Brinco Clássico De Ouro Amarelo 18K E Diamante;;;
gid://shopify/Metafield/30874689536295;;genero;"[""Feminino""]";gid://shopify/Product/8573591617831
gid://shopify/Metafield/30874689569063;;metal;Ouro Amarelo;gid://shopify/Product/8573591617831
gid://shopify/Metafield/30874689601831;;cobertura;Ouro Amarelo;gid://shopify/Product/8573591617831
gid://shopify/Metafield/30874689634599;;pedra;"[""Diamante""]";gid://shopify/Product/8573591617831
gid://shopify/Metafield/30874689667367;;cuidadospeca;"Evite o contato de uma joia com a outra. Guarde-as separadamente nas embalagens fornecidas pela Jack Vartanian;
Com o uso, fechos e tarraxas podem necessitar de ajustes para que fiquem com a pressão adequada. Entre em contato conosco;
Após o uso, aconselhamos limpar a joia com flanela de algodão para tirar possíveis resíduos de produtos como maquiagem e perfume;
Evite o contato com água do mar, cremes, perfumes e produtos químicos.";gid://shopify/Product/8573591617831
gid://shopify/Product/8573591716135;Brinco Clássico De Ouro Branco 18K E Diamante;;;
gid://shopify/Metafield/30874691862823;;genero;"[""Feminino""]";gid://shopify/Product/8573591716135
gid://shopify/Metafield/30874691961127;;metal;Ouro Branco;gid://shopify/Product/8573591716135
gid://shopify/Metafield/30874692059431;;cobertura;Ouro Branco;gid://shopify/Product/8573591716135
gid://shopify/Metafield/30874692092199;;pedra;"[""Diamante""]";gid://shopify/Product/8573591716135
gid://shopify/Metafield/30874692124967;;cuidadospeca;"Evite o contato de uma joia com a outra. Guarde-as separadamente nas embalagens fornecidas pela Jack Vartanian;
Com o uso, fechos e tarraxas podem necessitar de ajustes para que fiquem com a pressão adequada. Entre em contato conosco;
Após o uso, aconselhamos limpar a joia com flanela de algodão para tirar possíveis resíduos de produtos como maquiagem e perfume;
Evite o contato com água do mar, cremes, perfumes e produtos químicos.";gid://shopify/Product/8573591716135
gid://shopify/Product/8573591781671;Brinco Clássico De Ouro Rosa 18K E Diamante;;;
gid://shopify/Metafield/30874694385959;;genero;"[""Feminino""]";gid://shopify/Product/8573591781671
gid://shopify/Metafield/30874694418727;;metal;Ouro Rosa;gid://shopify/Product/8573591781671
gid://shopify/Metafield/30874694451495;;cobertura;Ouro Rosa;gid://shopify/Product/8573591781671
gid://shopify/Metafield/30874694484263;;pedra;"[""Diamante""]";gid://shopify/Product/8573591781671
gid://shopify/Metafield/30874694517031;;cuidadospeca;"Evite o contato de uma joia com a outra. Guarde-as separadamente nas embalagens fornecidas pela Jack Vartanian;
Com o uso, fechos e tarraxas podem necessitar de ajustes para que fiquem com a pressão adequada. Entre em contato conosco;
Após o uso, aconselhamos limpar a joia com flanela de algodão para tirar possíveis resíduos de produtos como maquiagem e perfume;
Evite o contato com água do mar, cremes, perfumes e produtos químicos.";gid://shopify/Product/8573591781671
gid://shopify/Product/8573591978279;Brinco Clássico De Ouro Rosa 18K E Diamante;;;
gid://shopify/Metafield/30874696515879;;genero;"[""Feminino""]";gid://shopify/Product/8573591978279
gid://shopify/Metafield/30874696548647;;metal;Ouro Rosa;gid://shopify/Product/8573591978279
gid://shopify/Metafield/30874696581415;;cobertura;Ouro Rosa;gid://shopify/Product/8573591978279
gid://shopify/Metafield/30874696614183;;pedra;"[""Diamante""]";gid://shopify/Product/8573591978279
gid://shopify/Metafield/30874696646951;;cuidadospeca;"Evite o contato de uma joia com a outra. Guarde-as separadamente nas embalagens fornecidas pela Jack Vartanian;
Com o uso, fechos e tarraxas podem necessitar de ajustes para que fiquem com a pressão adequada. Entre em contato conosco;
Após o uso, aconselhamos limpar a joia com flanela de algodão para tirar possíveis resíduos de produtos como maquiagem e perfume;
Evite o contato com água do mar, cremes, perfumes e produtos químicos.";gid://shopify/Product/8573591978279
gid://shopify/Product/8573592142119;Colar Clássico De Ouro 18K Com Ródio Negro E Diamante Negro;;;
gid://shopify/Metafield/30874698645799;;genero;"[""Feminino""]";gid://shopify/Product/8573592142119
gid://shopify/Metafield/30874698678567;;metal;Ouro Amarelo;gid://shopify/Product/8573592142119
gid://shopify/Metafield/30874698711335;;cobertura;Ródio Negro;gid://shopify/Product/8573592142119
gid://shopify/Metafield/30874698744103;;pedra;"[""Diamante Negro""]";gid://shopify/Product/8573592142119
gid://shopify/Metafield/30874698776871;;cuidadospeca;"Evite o contato de uma joia com a outra. Guarde-as separadamente nas embalagens fornecidas pela Jack Vartanian;
Com o uso, fechos e tarraxas podem necessitar de ajustes para que fiquem com a pressão adequada. Entre em contato conosco;
Após o uso, aconselhamos limpar a joia com flanela de algodão para tirar possíveis resíduos de produtos como maquiagem e perfume;
Evite o contato com água do mar, cremes, perfumes e produtos químicos.";gid://shopify/Product/8573592142119
gid://shopify/Product/8573592273191;Colar Clássico De Ouro 18K Com Ródio Negro E Diamante Negro;;;
gid://shopify/Metafield/30874701398311;;genero;"[""Feminino""]";gid://shopify/Product/8573592273191
gid://shopify/Metafield/30874701431079;;metal;Ouro Amarelo;gid://shopify/Product/8573592273191
gid://shopify/Metafield/30874701463847;;cobertura;Ródio Negro;gid://shopify/Product/8573592273191
gid://shopify/Metafield/30874701496615;;pedra;"[""Diamante Negro""]";gid://shopify/Product/8573592273191
gid://shopify/Metafield/30874701529383;;cuidadospeca;"Evite o contato de uma joia com a outra. Guarde-as separadamente nas embalagens fornecidas pela Jack Vartanian;
Com o uso, fechos e tarraxas podem necessitar de ajustes para que fiquem com a pressão adequada. Entre em contato conosco;
Após o uso, aconselhamos limpar a joia com flanela de algodão para tirar possíveis resíduos de produtos como maquiagem e perfume;
Evite o contato com água do mar, cremes, perfumes e produtos químicos.";gid://shopify/Product/8573592273191
gid://shopify/Product/8573592371495;Colar Clássico De Ouro 18K Com Ródio Negro E Diamante;;;
gid://shopify/Metafield/30874703495463;;genero;"[""Feminino""]";gid://shopify/Product/8573592371495
gid://shopify/Metafield/30874703528231;;metal;Ouro Amarelo;gid://shopify/Product/8573592371495
gid://shopify/Metafield/30874703560999;;cobertura;Ródio Negro;gid://shopify/Product/8573592371495
gid://shopify/Metafield/30874703593767;;pedra;"[""Diamante""]";gid://shopify/Product/8573592371495
gid://shopify/Metafield/30874703626535;;cuidadospeca;"Evite o contato de uma joia com a outra. Guarde-as separadamente nas embalagens fornecidas pela Jack Vartanian;
Com o uso, fechos e tarraxas podem necessitar de ajustes para que fiquem com a pressão adequada. Entre em contato conosco;
Após o uso, aconselhamos limpar a joia com flanela de algodão para tirar possíveis resíduos de produtos como maquiagem e perfume;
Evite o contato com água do mar, cremes, perfumes e produtos químicos.";gid://shopify/Product/8573592371495
gid://shopify/Product/8573592568103;Colar Clássico De Ouro Branco 18K E Diamante Negro;;;
gid://shopify/Metafield/30874705232167;;genero;"[""Feminino""]";gid://shopify/Product/8573592568103
gid://shopify/Metafield/30874705264935;;metal;Ouro Branco;gid://shopify/Product/8573592568103
gid://shopify/Metafield/30874705297703;;cobertura;Ouro Branco;gid://shopify/Product/8573592568103
gid://shopify/Metafield/30874705330471;;pedra;"[""Diamante Negro""]";gid://shopify/Product/8573592568103
gid://shopify/Metafield/30874705363239;;cuidadospeca;"Evite o contato de uma joia com a outra. Guarde-as separadamente nas embalagens fornecidas pela Jack Vartanian;
Com o uso, fechos e tarraxas podem necessitar de ajustes para que fiquem com a pressão adequada. Entre em contato conosco;
Após o uso, aconselhamos limpar a joia com flanela de algodão para tirar possíveis resíduos de produtos como maquiagem e perfume;
Evite o contato com água do mar, cremes, perfumes e produtos químicos.";gid://shopify/Product/8573592568103
gid://shopify/Product/8573592699175;Corrente Clássico De Ouro Amarelo 18K;;;
gid://shopify/Metafield/30874707493159;;genero;"[""Feminino""]";gid://shopify/Product/8573592699175
gid://shopify/Metafield/30874707525927;;metal;Ouro Amarelo;gid://shopify/Product/8573592699175
gid://shopify/Metafield/30874707558695;;cobertura;Ouro Amarelo;gid://shopify/Product/8573592699175
gid://shopify/Metafield/30874707591463;;cuidadospeca;"Evite o contato de uma joia com a outra. Guarde-as separadamente nas embalagens fornecidas pela Jack Vartanian;
Com o uso, fechos e tarraxas podem necessitar de ajustes para que fiquem com a pressão adequada. Entre em contato conosco;
Após o uso, aconselhamos limpar a joia com flanela de algodão para tirar possíveis resíduos de produtos como maquiagem e perfume;
Evite o contato com água do mar, cremes, perfumes e produtos químicos.";gid://shopify/Product/8573592699175
gid://shopify/Product/8573592895783;Corrente Clássico De Ouro Amarelo 18K;;;
gid://shopify/Metafield/30874709983527;;genero;"[""Feminino""]";gid://shopify/Product/8573592895783
gid://shopify/Metafield/30874710016295;;metal;Ouro Amarelo;gid://shopify/Product/8573592895783
gid://shopify/Metafield/30874710049063;;cobertura;Ouro Amarelo;gid://shopify/Product/8573592895783
gid://shopify/Metafield/30874710081831;;cuidadospeca;"Evite o contato de uma joia com a outra. Guarde-as separadamente nas embalagens fornecidas pela Jack Vartanian;
Com o uso, fechos e tarraxas podem necessitar de ajustes para que fiquem com a pressão adequada. Entre em contato conosco;
Após o uso, aconselhamos limpar a joia com flanela de algodão para tirar possíveis resíduos de produtos como maquiagem e perfume;
Evite o contato com água do mar, cremes, perfumes e produtos químicos.";gid://shopify/Product/8573592895783
gid://shopify/Product/8573593059623;Corrente Clássico De Ouro Amarelo 18K;;;
gid://shopify/Metafield/30874712113447;;genero;"[""Feminino""]";gid://shopify/Product/8573593059623
gid://shopify/Metafield/30874712146215;;metal;Ouro Amarelo;gid://shopify/Product/8573593059623
gid://shopify/Metafield/30874712178983;;cobertura;Ouro Amarelo;gid://shopify/Product/8573593059623
gid://shopify/Metafield/30874712211751;;cuidadospeca;"Evite o contato de uma joia com a outra. Guarde-as separadamente nas embalagens fornecidas pela Jack Vartanian;
Com o uso, fechos e tarraxas podem necessitar de ajustes para que fiquem com a pressão adequada. Entre em contato conosco;
Após o uso, aconselhamos limpar a joia com flanela de algodão para tirar possíveis resíduos de produtos como maquiagem e perfume;
Evite o contato com água do mar, cremes, perfumes e produtos químicos.";gid://shopify/Product/8573593059623
gid://shopify/Product/8573593190695;Corrente Clássico De Ouro 18K Com Ródio Negro;;;
gid://shopify/Metafield/30874714734887;;genero;"[""Feminino""]";gid://shopify/Product/8573593190695
gid://shopify/Metafield/30874714800423;;metal;Ouro Amarelo;gid://shopify/Product/8573593190695
gid://shopify/Metafield/30874714898727;;cobertura;Ródio Negro;gid://shopify/Product/8573593190695
gid://shopify/Metafield/30874714931495;;cuidadospeca;"Evite o contato de uma joia com a outra. Guarde-as separadamente nas embalagens fornecidas pela Jack Vartanian;
Com o uso, fechos e tarraxas podem necessitar de ajustes para que fiquem com a pressão adequada. Entre em contato conosco;
Após o uso, aconselhamos limpar a joia com flanela de algodão para tirar possíveis resíduos de produtos como maquiagem e perfume;
Evite o contato com água do mar, cremes, perfumes e produtos químicos.";gid://shopify/Product/8573593190695
gid://shopify/Product/8573593288999;Corrente Clássico De Ouro 18K Com Ródio Negro;;;
gid://shopify/Metafield/30874717323559;;genero;"[""Feminino""]";gid://shopify/Product/8573593288999
gid://shopify/Metafield/30874717356327;;metal;Ouro Amarelo;gid://shopify/Product/8573593288999
gid://shopify/Metafield/30874717389095;;cobertura;Ródio Negro;gid://shopify/Product/8573593288999
gid://shopify/Metafield/30874717421863;;cuidadospeca;"Evite o contato de uma joia com a outra. Guarde-as separadamente nas embalagens fornecidas pela Jack Vartanian;
Com o uso, fechos e tarraxas podem necessitar de ajustes para que fiquem com a pressão adequada. Entre em contato conosco;
Após o uso, aconselhamos limpar a joia com flanela de algodão para tirar possíveis resíduos de produtos como maquiagem e perfume;
Evite o contato com água do mar, cremes, perfumes e produtos químicos.";gid://shopify/Product/8573593288999
gid://shopify/Product/8573593420071;Corrente Clássico De Ouro Branco 18K;;;
gid://shopify/Metafield/30874719617319;;genero;"[""Feminino""]";gid://shopify/Product/8573593420071
gid://shopify/Metafield/30874719650087;;metal;Ouro Branco;gid://shopify/Product/8573593420071
gid://shopify/Metafield/30874719682855;;cobertura;Ouro Branco;gid://shopify/Product/8573593420071
gid://shopify/Metafield/30874719715623;;cuidadospeca;"Evite o contato de uma joia com a outra. Guarde-as separadamente nas embalagens fornecidas pela Jack Vartanian;
Com o uso, fechos e tarraxas podem necessitar de ajustes para que fiquem com a pressão adequada. Entre em contato conosco;
Após o uso, aconselhamos limpar a joia com flanela de algodão para tirar possíveis resíduos de produtos como maquiagem e perfume;
Evite o contato com água do mar, cremes, perfumes e produtos químicos.";gid://shopify/Product/8573593420071
gid://shopify/Product/8573593551143;Corrente Clássico De Ouro Branco 18K;;;
gid://shopify/Metafield/30874721419559;;genero;"[""Feminino""]";gid://shopify/Product/8573593551143
gid://shopify/Metafield/30874721452327;;metal;Ouro Branco;gid://shopify/Product/8573593551143
gid://shopify/Metafield/30874721485095;;cobertura;Ouro Branco;gid://shopify/Product/8573593551143
gid://shopify/Metafield/30874721517863;;cuidadospeca;"Evite o contato de uma joia com a outra. Guarde-as separadamente nas embalagens fornecidas pela Jack Vartanian;
Com o uso, fechos e tarraxas podem necessitar de ajustes para que fiquem com a pressão adequada. Entre em contato conosco;
Após o uso, aconselhamos limpar a joia com flanela de algodão para tirar possíveis resíduos de produtos como maquiagem e perfume;
Evite o contato com água do mar, cremes, perfumes e produtos químicos.";gid://shopify/Product/8573593551143
gid://shopify/Product/8573593682215;Corrente Clássico De Ouro Branco 18K;;;
gid://shopify/Metafield/30874724368679;;genero;"[""Feminino""]";gid://shopify/Product/8573593682215
gid://shopify/Metafield/30874724401447;;metal;Ouro Branco;gid://shopify/Product/8573593682215
gid://shopify/Metafield/30874724434215;;cobertura;Ouro Branco;gid://shopify/Product/8573593682215
gid://shopify/Metafield/30874724466983;;cuidadospeca;"Evite o contato de uma joia com a outra. Guarde-as separadamente nas embalagens fornecidas pela Jack Vartanian;
Com o uso, fechos e tarraxas podem necessitar de ajustes para que fiquem com a pressão adequada. Entre em contato conosco;
Após o uso, aconselhamos limpar a joia com flanela de algodão para tirar possíveis resíduos de produtos como maquiagem e perfume;
Evite o contato com água do mar, cremes, perfumes e produtos químicos.";gid://shopify/Product/8573593682215
gid://shopify/Product/8573593846055;Corrente Clássico De Ouro Rosa 18K;;;
gid://shopify/Metafield/30874726367527;;genero;"[""Feminino""]";gid://shopify/Product/8573593846055
gid://shopify/Metafield/30874726400295;;metal;Ouro Rosa;gid://shopify/Product/8573593846055
gid://shopify/Metafield/30874726433063;;cobertura;Ouro Rosa;gid://shopify/Product/8573593846055
gid://shopify/Metafield/30874726465831;;cuidadospeca;"Evite o contato de uma joia com a outra. Guarde-as separadamente nas embalagens fornecidas pela Jack Vartanian;
Com o uso, fechos e tarraxas podem necessitar de ajustes para que fiquem com a pressão adequada. Entre em contato conosco;
Após o uso, aconselhamos limpar a joia com flanela de algodão para tirar possíveis resíduos de produtos como maquiagem e perfume;
Evite o contato com água do mar, cremes, perfumes e produtos químicos.";gid://shopify/Product/8573593846055
gid://shopify/Product/8573594009895;Corrente Clássico De Ouro Rosa 18K;;;
gid://shopify/Metafield/30874728595751;;genero;"[""Feminino""]";gid://shopify/Product/8573594009895
gid://shopify/Metafield/30874728628519;;metal;Ouro Rosa;gid://shopify/Product/8573594009895
gid://shopify/Metafield/30874728661287;;cobertura;Ouro Rosa;gid://shopify/Product/8573594009895
gid://shopify/Metafield/30874728694055;;cuidadospeca;"Evite o contato de uma joia com a outra. Guarde-as separadamente nas embalagens fornecidas pela Jack Vartanian;
Com o uso, fechos e tarraxas podem necessitar de ajustes para que fiquem com a pressão adequada. Entre em contato conosco;
Após o uso, aconselhamos limpar a joia com flanela de algodão para tirar possíveis resíduos de produtos como maquiagem e perfume;
Evite o contato com água do mar, cremes, perfumes e produtos químicos.";gid://shopify/Product/8573594009895
gid://shopify/Product/8573594140967;Piercing Clássico De Ouro Amarelo 18K E Diamante;;;
gid://shopify/Metafield/30874730332455;;genero;"[""Feminino""]";gid://shopify/Product/8573594140967
gid://shopify/Metafield/30874730365223;;metal;Ouro Amarelo;gid://shopify/Product/8573594140967
gid://shopify/Metafield/30874730397991;;cobertura;Ouro Amarelo;gid://shopify/Product/8573594140967
gid://shopify/Metafield/30874730430759;;pedra;"[""Diamante""]";gid://shopify/Product/8573594140967
gid://shopify/Metafield/30874730463527;;cuidadospeca;"Evite o contato de uma joia com a outra. Guarde-as separadamente nas embalagens fornecidas pela Jack Vartanian;
Com o uso, fechos e tarraxas podem necessitar de ajustes para que fiquem com a pressão adequada. Entre em contato conosco;
Após o uso, aconselhamos limpar a joia com flanela de algodão para tirar possíveis resíduos de produtos como maquiagem e perfume;
Evite o contato com água do mar, cremes, perfumes e produtos químicos.";gid://shopify/Product/8573594140967
gid://shopify/Product/8573594304807;Piercing Clássico De Ouro 18K Com Ródio Negro E Diamante Negro;;;
gid://shopify/Metafield/30874732200231;;genero;"[""Feminino""]";gid://shopify/Product/8573594304807
gid://shopify/Metafield/30874732232999;;metal;Ouro Amarelo;gid://shopify/Product/8573594304807
gid://shopify/Metafield/30874732265767;;cobertura;Ródio Negro;gid://shopify/Product/8573594304807
gid://shopify/Metafield/30874732298535;;pedra;"[""Diamante Negro""]";gid://shopify/Product/8573594304807
gid://shopify/Metafield/30874732331303;;cuidadospeca;"Evite o contato de uma joia com a outra. Guarde-as separadamente nas embalagens fornecidas pela Jack Vartanian;
Com o uso, fechos e tarraxas podem necessitar de ajustes para que fiquem com a pressão adequada. Entre em contato conosco;
Após o uso, aconselhamos limpar a joia com flanela de algodão para tirar possíveis resíduos de produtos como maquiagem e perfume;
Evite o contato com água do mar, cremes, perfumes e produtos químicos.";gid://shopify/Product/8573594304807
gid://shopify/Product/8573594435879;Piercing Clássico De Ouro 18K Com Ródio Negro E Diamante;;;
gid://shopify/Metafield/30874734297383;;genero;"[""Feminino""]";gid://shopify/Product/8573594435879
gid://shopify/Metafield/30874734330151;;metal;Ouro Amarelo;gid://shopify/Product/8573594435879
gid://shopify/Metafield/30874734362919;;cobertura;Ródio Negro;gid://shopify/Product/8573594435879
gid://shopify/Metafield/30874734395687;;pedra;"[""Diamante""]";gid://shopify/Product/8573594435879
gid://shopify/Metafield/30874734428455;;cuidadospeca;"Evite o contato de uma joia com a outra. Guarde-as separadamente nas embalagens fornecidas pela Jack Vartanian;
Com o uso, fechos e tarraxas podem necessitar de ajustes para que fiquem com a pressão adequada. Entre em contato conosco;
Após o uso, aconselhamos limpar a joia com flanela de algodão para tirar possíveis resíduos de produtos como maquiagem e perfume;
Evite o contato com água do mar, cremes, perfumes e produtos químicos.";gid://shopify/Product/8573594435879
gid://shopify/Product/8573594534183;Piercing Clássico De Ouro Branco 18K E Diamante;;;
gid://shopify/Metafield/30874736361767;;genero;"[""Feminino""]";gid://shopify/Product/8573594534183
gid://shopify/Metafield/30874736394535;;metal;Ouro Branco;gid://shopify/Product/8573594534183
gid://shopify/Metafield/30874736427303;;cobertura;Ouro Branco;gid://shopify/Product/8573594534183
gid://shopify/Metafield/30874736460071;;pedra;"[""Diamante""]";gid://shopify/Product/8573594534183
gid://shopify/Metafield/30874736492839;;cuidadospeca;"Evite o contato de uma joia com a outra. Guarde-as separadamente nas embalagens fornecidas pela Jack Vartanian;
Com o uso, fechos e tarraxas podem necessitar de ajustes para que fiquem com a pressão adequada. Entre em contato conosco;
Após o uso, aconselhamos limpar a joia com flanela de algodão para tirar possíveis resíduos de produtos como maquiagem e perfume;
Evite o contato com água do mar, cremes, perfumes e produtos químicos.";gid://shopify/Product/8573594534183
gid://shopify/Product/8573594566951;Pulseira Clássico De Ouro Amarelo 18K E Safira;;;
gid://shopify/Metafield/30874738098471;;genero;"[""Feminino""]";gid://shopify/Product/8573594566951
gid://shopify/Metafield/30874738131239;;metal;Ouro Amarelo;gid://shopify/Product/8573594566951
gid://shopify/Metafield/30874738164007;;cobertura;Ouro Amarelo;gid://shopify/Product/8573594566951
gid://shopify/Metafield/30874738196775;;pedra;"[""Safira""]";gid://shopify/Product/8573594566951
gid://shopify/Metafield/30874738229543;;cuidadospeca;"Evite o contato de uma joia com a outra. Guarde-as separadamente nas embalagens fornecidas pela Jack Vartanian;
Com o uso, fechos e tarraxas podem necessitar de ajustes para que fiquem com a pressão adequada. Entre em contato conosco;
Após o uso, aconselhamos limpar a joia com flanela de algodão para tirar possíveis resíduos de produtos como maquiagem e perfume;
Evite o contato com água do mar, cremes, perfumes e produtos químicos.";gid://shopify/Product/8573594566951
gid://shopify/Product/8573594665255;Pulseira Clássico De Ouro Amarelo 18K E Safira;;;
gid://shopify/Metafield/30874739245351;;genero;"[""Feminino""]";gid://shopify/Product/8573594665255
gid://shopify/Metafield/30874739278119;;metal;Ouro Amarelo;gid://shopify/Product/8573594665255
gid://shopify/Metafield/30874739310887;;cobertura;Ouro Amarelo;gid://shopify/Product/8573594665255
gid://shopify/Metafield/30874739343655;;pedra;"[""Safira""]";gid://shopify/Product/8573594665255
gid://shopify/Metafield/30874739409191;;cuidadospeca;"Evite o contato de uma joia com a outra. Guarde-as separadamente nas embalagens fornecidas pela Jack Vartanian;
Com o uso, fechos e tarraxas podem necessitar de ajustes para que fiquem com a pressão adequada. Entre em contato conosco;
Após o uso, aconselhamos limpar a joia com flanela de algodão para tirar possíveis resíduos de produtos como maquiagem e perfume;
Evite o contato com água do mar, cremes, perfumes e produtos químicos.";gid://shopify/Product/8573594665255
gid://shopify/Product/8573594763559;Pulseira Clássico De Ouro 18K Com Ródio Negro E Diamante Negro;;;
gid://shopify/Metafield/30874741408039;;genero;"[""Feminino""]";gid://shopify/Product/8573594763559
gid://shopify/Metafield/30874741440807;;metal;Ouro Amarelo;gid://shopify/Product/8573594763559
gid://shopify/Metafield/30874741473575;;cobertura;Ródio Negro;gid://shopify/Product/8573594763559
gid://shopify/Metafield/30874741506343;;pedra;"[""Diamante Negro""]";gid://shopify/Product/8573594763559
gid://shopify/Metafield/30874741539111;;cuidadospeca;"Evite o contato de uma joia com a outra. Guarde-as separadamente nas embalagens fornecidas pela Jack Vartanian;
Com o uso, fechos e tarraxas podem necessitar de ajustes para que fiquem com a pressão adequada. Entre em contato conosco;
Após o uso, aconselhamos limpar a joia com flanela de algodão para tirar possíveis resíduos de produtos como maquiagem e perfume;
Evite o contato com água do mar, cremes, perfumes e produtos químicos.";gid://shopify/Product/8573594763559
gid://shopify/Product/8573594796327;Pulseira Clássico De Ouro 18K Com Ródio Negro E Rubi;;;
gid://shopify/Metafield/30874742292775;;genero;"[""Feminino""]";gid://shopify/Product/8573594796327
gid://shopify/Metafield/30874742325543;;metal;Ouro Amarelo;gid://shopify/Product/8573594796327
gid://shopify/Metafield/30874742358311;;cobertura;Ródio Negro;gid://shopify/Product/8573594796327
gid://shopify/Metafield/30874742391079;;pedra;"[""Rubi""]";gid://shopify/Product/8573594796327
gid://shopify/Metafield/30874742456615;;cuidadospeca;"Evite o contato de uma joia com a outra. Guarde-as separadamente nas embalagens fornecidas pela Jack Vartanian;
Com o uso, fechos e tarraxas podem necessitar de ajustes para que fiquem com a pressão adequada. Entre em contato conosco;
Após o uso, aconselhamos limpar a joia com flanela de algodão para tirar possíveis resíduos de produtos como maquiagem e perfume;
Evite o contato com água do mar, cremes, perfumes e produtos químicos.";gid://shopify/Product/8573594796327
gid://shopify/Product/8573594861863;Pulseira Clássico De Ouro 18K Com Ródio Negro E Safira;;;
gid://shopify/Metafield/30874744160551;;genero;"[""Feminino""]";gid://shopify/Product/8573594861863
gid://shopify/Metafield/30874744193319;;metal;Ouro Amarelo;gid://shopify/Product/8573594861863
gid://shopify/Metafield/30874744226087;;cobertura;Ródio Negro;gid://shopify/Product/8573594861863
gid://shopify/Metafield/30874744258855;;pedra;"[""Safira""]";gid://shopify/Product/8573594861863
gid://shopify/Metafield/30874744291623;;cuidadospeca;"Evite o contato de uma joia com a outra. Guarde-as separadamente nas embalagens fornecidas pela Jack Vartanian;
Com o uso, fechos e tarraxas podem necessitar de ajustes para que fiquem com a pressão adequada. Entre em contato conosco;
Após o uso, aconselhamos limpar a joia com flanela de algodão para tirar possíveis resíduos de produtos como maquiagem e perfume;
Evite o contato com água do mar, cremes, perfumes e produtos químicos.";gid://shopify/Product/8573594861863
gid://shopify/Product/8573595091239;Pulseira Clássico De Ouro Branco 18K E Safira;;;
gid://shopify/Metafield/30874746945831;;genero;"[""Feminino""]";gid://shopify/Product/8573595091239
gid://shopify/Metafield/30874746978599;;metal;Ouro Branco;gid://shopify/Product/8573595091239
gid://shopify/Metafield/30874747011367;;cobertura;Ouro Branco;gid://shopify/Product/8573595091239
gid://shopify/Metafield/30874747044135;;pedra;"[""Safira""]";gid://shopify/Product/8573595091239
gid://shopify/Metafield/30874747076903;;cuidadospeca;"Evite o contato de uma joia com a outra. Guarde-as separadamente nas embalagens fornecidas pela Jack Vartanian;
Com o uso, fechos e tarraxas podem necessitar de ajustes para que fiquem com a pressão adequada. Entre em contato conosco;
Após o uso, aconselhamos limpar a joia com flanela de algodão para tirar possíveis resíduos de produtos como maquiagem e perfume;
Evite o contato com água do mar, cremes, perfumes e produtos químicos.";gid://shopify/Product/8573595091239
gid://shopify/Product/8573595222311;Pulseira Clássico De Ouro Branco 18K E Safira;;;
gid://shopify/Metafield/30874749108519;;genero;"[""Feminino""]";gid://shopify/Product/8573595222311
gid://shopify/Metafield/30874749141287;;metal;Ouro Branco;gid://shopify/Product/8573595222311
gid://shopify/Metafield/30874749174055;;cobertura;Ouro Branco;gid://shopify/Product/8573595222311
gid://shopify/Metafield/30874749206823;;pedra;"[""Safira""]";gid://shopify/Product/8573595222311
gid://shopify/Metafield/30874749239591;;cuidadospeca;"Evite o contato de uma joia com a outra. Guarde-as separadamente nas embalagens fornecidas pela Jack Vartanian;
Com o uso, fechos e tarraxas podem necessitar de ajustes para que fiquem com a pressão adequada. Entre em contato conosco;
Após o uso, aconselhamos limpar a joia com flanela de algodão para tirar possíveis resíduos de produtos como maquiagem e perfume;
Evite o contato com água do mar, cremes, perfumes e produtos químicos.";gid://shopify/Product/8573595222311
gid://shopify/Product/8573595418919;Pulseira Clássico De Ouro Rosa 18K E Safira;;;
gid://shopify/Metafield/30874750353703;;genero;"[""Feminino""]";gid://shopify/Product/8573595418919
gid://shopify/Metafield/30874750386471;;metal;Ouro Rosa;gid://shopify/Product/8573595418919
gid://shopify/Metafield/30874750419239;;cobertura;Ouro Rosa;gid://shopify/Product/8573595418919
gid://shopify/Metafield/30874750452007;;pedra;"[""Safira""]";gid://shopify/Product/8573595418919
gid://shopify/Metafield/30874750484775;;cuidadospeca;"Evite o contato de uma joia com a outra. Guarde-as separadamente nas embalagens fornecidas pela Jack Vartanian;
Com o uso, fechos e tarraxas podem necessitar de ajustes para que fiquem com a pressão adequada. Entre em contato conosco;
Após o uso, aconselhamos limpar a joia com flanela de algodão para tirar possíveis resíduos de produtos como maquiagem e perfume;
Evite o contato com água do mar, cremes, perfumes e produtos químicos.";gid://shopify/Product/8573595418919
gid://shopify/Product/8573595549991;Pulseira Clássico De Ouro Rosa 18K E Safira;;;
gid://shopify/Metafield/30874752876839;;genero;"[""Feminino""]";gid://shopify/Product/8573595549991
gid://shopify/Metafield/30874752909607;;metal;Ouro Rosa;gid://shopify/Product/8573595549991
gid://shopify/Metafield/30874752942375;;cobertura;Ouro Rosa;gid://shopify/Product/8573595549991
gid://shopify/Metafield/30874752975143;;pedra;"[""Safira""]";gid://shopify/Product/8573595549991
gid://shopify/Metafield/30874753007911;;cuidadospeca;"Evite o contato de uma joia com a outra. Guarde-as separadamente nas embalagens fornecidas pela Jack Vartanian;
Com o uso, fechos e tarraxas podem necessitar de ajustes para que fiquem com a pressão adequada. Entre em contato conosco;
Após o uso, aconselhamos limpar a joia com flanela de algodão para tirar possíveis resíduos de produtos como maquiagem e perfume;
Evite o contato com água do mar, cremes, perfumes e produtos químicos.";gid://shopify/Product/8573595549991
gid://shopify/Product/8573597548839;Brinco Especial De Ouro Amarelo 18K E Esmeralda;;;
gid://shopify/Metafield/30874791870759;;genero;"[""Feminino""]";gid://shopify/Product/8573597548839
gid://shopify/Metafield/30874791936295;;metal;Ouro Amarelo;gid://shopify/Product/8573597548839
gid://shopify/Metafield/30874791969063;;cobertura;Ouro Amarelo;gid://shopify/Product/8573597548839
gid://shopify/Metafield/30874792001831;;pedra;"[""Esmeralda""]";gid://shopify/Product/8573597548839
gid://shopify/Metafield/30874792034599;;cuidadospeca;"Evite o contato de uma joia com a outra. Guarde-as separadamente nas embalagens fornecidas pela Jack Vartanian;
Com o uso, fechos e tarraxas podem necessitar de ajustes para que fiquem com a pressão adequada. Entre em contato conosco;
Após o uso, aconselhamos limpar a joia com flanela de algodão para tirar possíveis resíduos de produtos como maquiagem e perfume;
Evite o contato com água do mar, cremes, perfumes e produtos químicos.";gid://shopify/Product/8573597548839
gid://shopify/Product/8573597647143;Brinco Especial De Ouro Amarelo 18K E Esmeralda;;;
gid://shopify/Metafield/30874795049255;;genero;"[""Feminino""]";gid://shopify/Product/8573597647143
gid://shopify/Metafield/30874795082023;;metal;Ouro Amarelo;gid://shopify/Product/8573597647143
gid://shopify/Metafield/30874795114791;;cobertura;Ouro Amarelo;gid://shopify/Product/8573597647143
gid://shopify/Metafield/30874795147559;;pedra;"[""Esmeralda""]";gid://shopify/Product/8573597647143
gid://shopify/Metafield/30874795180327;;cuidadospeca;"Evite o contato de uma joia com a outra. Guarde-as separadamente nas embalagens fornecidas pela Jack Vartanian;
Com o uso, fechos e tarraxas podem necessitar de ajustes para que fiquem com a pressão adequada. Entre em contato conosco;
Após o uso, aconselhamos limpar a joia com flanela de algodão para tirar possíveis resíduos de produtos como maquiagem e perfume;
Evite o contato com água do mar, cremes, perfumes e produtos químicos.";gid://shopify/Product/8573597647143
gid://shopify/Product/8573597810983;Brinco Especial De Ouro 18K Com Ródio Negro E Esmeralda;;;
gid://shopify/Metafield/30874797474087;;genero;"[""Feminino""]";gid://shopify/Product/8573597810983
gid://shopify/Metafield/30874797506855;;metal;Ouro Amarelo;gid://shopify/Product/8573597810983
gid://shopify/Metafield/30874797539623;;cobertura;Ródio Negro;gid://shopify/Product/8573597810983
gid://shopify/Metafield/30874797572391;;pedra;"[""Esmeralda""]";gid://shopify/Product/8573597810983
gid://shopify/Metafield/30874797605159;;cuidadospeca;"Evite o contato de uma joia com a outra. Guarde-as separadamente nas embalagens fornecidas pela Jack Vartanian;
Com o uso, fechos e tarraxas podem necessitar de ajustes para que fiquem com a pressão adequada. Entre em contato conosco;
Após o uso, aconselhamos limpar a joia com flanela de algodão para tirar possíveis resíduos de produtos como maquiagem e perfume;
Evite o contato com água do mar, cremes, perfumes e produtos químicos.";gid://shopify/Product/8573597810983
gid://shopify/Product/8573598007591;Brinco Especial De Ouro 18K Com Ródio Negro E Safira;;;
gid://shopify/Metafield/30874799636775;;genero;"[""Feminino""]";gid://shopify/Product/8573598007591
gid://shopify/Metafield/30874799702311;;metal;Ouro Amarelo;gid://shopify/Product/8573598007591
gid://shopify/Metafield/30874799735079;;cobertura;Ródio Negro;gid://shopify/Product/8573598007591
gid://shopify/Metafield/30874799800615;;pedra;"[""Safira""]";gid://shopify/Product/8573598007591
gid://shopify/Metafield/30874799866151;;cuidadospeca;"Evite o contato de uma joia com a outra. Guarde-as separadamente nas embalagens fornecidas pela Jack Vartanian;
Com o uso, fechos e tarraxas podem necessitar de ajustes para que fiquem com a pressão adequada. Entre em contato conosco;
Após o uso, aconselhamos limpar a joia com flanela de algodão para tirar possíveis resíduos de produtos como maquiagem e perfume;
Evite o contato com água do mar, cremes, perfumes e produtos químicos.";gid://shopify/Product/8573598007591
gid://shopify/Product/8573598236967;Brinco Especial De Ouro 18K Com Ródio Negro E Esmeralda;;;
gid://shopify/Metafield/30874802716967;;genero;"[""Feminino""]";gid://shopify/Product/8573598236967
gid://shopify/Metafield/30874802749735;;metal;Ouro Amarelo;gid://shopify/Product/8573598236967
gid://shopify/Metafield/30874802782503;;cobertura;Ródio Negro;gid://shopify/Product/8573598236967
gid://shopify/Metafield/30874802848039;;pedra;"[""Esmeralda""]";gid://shopify/Product/8573598236967
gid://shopify/Metafield/30874802913575;;cuidadospeca;"Evite o contato de uma joia com a outra. Guarde-as separadamente nas embalagens fornecidas pela Jack Vartanian;
Com o uso, fechos e tarraxas podem necessitar de ajustes para que fiquem com a pressão adequada. Entre em contato conosco;
Após o uso, aconselhamos limpar a joia com flanela de algodão para tirar possíveis resíduos de produtos como maquiagem e perfume;
Evite o contato com água do mar, cremes, perfumes e produtos químicos.";gid://shopify/Product/8573598236967
gid://shopify/Product/8573598368039;Brinco Especial De Ouro 18K Com Ródio Negro E Esmeralda;;;
gid://shopify/Metafield/30874804781351;;genero;"[""Feminino""]";gid://shopify/Product/8573598368039
gid://shopify/Metafield/30874804814119;;metal;Ouro Amarelo;gid://shopify/Product/8573598368039
gid://shopify/Metafield/30874804846887;;cobertura;Ródio Negro;gid://shopify/Product/8573598368039
gid://shopify/Metafield/30874804879655;;pedra;"[""Esmeralda""]";gid://shopify/Product/8573598368039
gid://shopify/Metafield/30874804912423;;cuidadospeca;"Evite o contato de uma joia com a outra. Guarde-as separadamente nas embalagens fornecidas pela Jack Vartanian;
Com o uso, fechos e tarraxas podem necessitar de ajustes para que fiquem com a pressão adequada. Entre em contato conosco;
Após o uso, aconselhamos limpar a joia com flanela de algodão para tirar possíveis resíduos de produtos como maquiagem e perfume;
Evite o contato com água do mar, cremes, perfumes e produtos químicos.";gid://shopify/Product/8573598368039
gid://shopify/Product/8573598564647;Brinco Especial De Ouro Branco 18K E Diamante Negro;;;
gid://shopify/Metafield/30874807337255;;genero;"[""Feminino""]";gid://shopify/Product/8573598564647
gid://shopify/Metafield/30874807402791;;metal;Ouro Branco;gid://shopify/Product/8573598564647
gid://shopify/Metafield/30874807501095;;cobertura;Ouro Branco;gid://shopify/Product/8573598564647
gid://shopify/Metafield/30874807566631;;pedra;"[""Diamante Negro""]";gid://shopify/Product/8573598564647
gid://shopify/Metafield/30874807599399;;cuidadospeca;"Evite o contato de uma joia com a outra. Guarde-as separadamente nas embalagens fornecidas pela Jack Vartanian;
Com o uso, fechos e tarraxas podem necessitar de ajustes para que fiquem com a pressão adequada. Entre em contato conosco;
Após o uso, aconselhamos limpar a joia com flanela de algodão para tirar possíveis resíduos de produtos como maquiagem e perfume;
Evite o contato com água do mar, cremes, perfumes e produtos químicos.";gid://shopify/Product/8573598564647
gid://shopify/Product/8573598794023;Brinco Especial De Ouro Branco 18K E Diamante Negro;;;
gid://shopify/Metafield/30874810220839;;genero;"[""Feminino""]";gid://shopify/Product/8573598794023
gid://shopify/Metafield/30874810253607;;metal;Ouro Branco;gid://shopify/Product/8573598794023
gid://shopify/Metafield/30874810286375;;cobertura;Ouro Branco;gid://shopify/Product/8573598794023
gid://shopify/Metafield/30874810319143;;pedra;"[""Diamante Negro""]";gid://shopify/Product/8573598794023
gid://shopify/Metafield/30874810351911;;cuidadospeca;"Evite o contato de uma joia com a outra. Guarde-as separadamente nas embalagens fornecidas pela Jack Vartanian;
Com o uso, fechos e tarraxas podem necessitar de ajustes para que fiquem com a pressão adequada. Entre em contato conosco;
Após o uso, aconselhamos limpar a joia com flanela de algodão para tirar possíveis resíduos de produtos como maquiagem e perfume;
Evite o contato com água do mar, cremes, perfumes e produtos químicos.";gid://shopify/Product/8573598794023
gid://shopify/Product/8573598957863;Brinco Especial De Ouro Branco 18K E Diamante Negro;;;
gid://shopify/Metafield/30874812416295;;genero;"[""Feminino""]";gid://shopify/Product/8573598957863
gid://shopify/Metafield/30874812481831;;metal;Ouro Branco;gid://shopify/Product/8573598957863
gid://shopify/Metafield/30874812514599;;cobertura;Ouro Branco;gid://shopify/Product/8573598957863
gid://shopify/Metafield/30874812580135;;pedra;"[""Diamante Negro""]";gid://shopify/Product/8573598957863
gid://shopify/Metafield/30874812612903;;cuidadospeca;"Evite o contato de uma joia com a outra. Guarde-as separadamente nas embalagens fornecidas pela Jack Vartanian;
Com o uso, fechos e tarraxas podem necessitar de ajustes para que fiquem com a pressão adequada. Entre em contato conosco;
Após o uso, aconselhamos limpar a joia com flanela de algodão para tirar possíveis resíduos de produtos como maquiagem e perfume;
Evite o contato com água do mar, cremes, perfumes e produtos químicos.";gid://shopify/Product/8573598957863
gid://shopify/Product/8573599351079;Brinco Especial De Ouro Branco 18K E Diamante Negro;;;
gid://shopify/Metafield/30874816971047;;genero;"[""Feminino""]";gid://shopify/Product/8573599351079
gid://shopify/Metafield/30874817003815;;metal;Ouro Branco;gid://shopify/Product/8573599351079
gid://shopify/Metafield/30874817036583;;cobertura;Ouro Branco;gid://shopify/Product/8573599351079
gid://shopify/Metafield/30874817069351;;pedra;"[""Diamante Negro""]";gid://shopify/Product/8573599351079
gid://shopify/Metafield/30874817102119;;cuidadospeca;"Evite o contato de uma joia com a outra. Guarde-as separadamente nas embalagens fornecidas pela Jack Vartanian;
Com o uso, fechos e tarraxas podem necessitar de ajustes para que fiquem com a pressão adequada. Entre em contato conosco;
Após o uso, aconselhamos limpar a joia com flanela de algodão para tirar possíveis resíduos de produtos como maquiagem e perfume;
Evite o contato com água do mar, cremes, perfumes e produtos químicos.";gid://shopify/Product/8573599351079
gid://shopify/Product/8573599711527;Pulseira Especial De Ouro Branco 18K E Diamante;;;
gid://shopify/Metafield/30874822476071;;genero;"[""Feminino""]";gid://shopify/Product/8573599711527
gid://shopify/Metafield/30874822508839;;metal;Ouro Branco;gid://shopify/Product/8573599711527
gid://shopify/Metafield/30874822541607;;cobertura;Ouro Branco;gid://shopify/Product/8573599711527
gid://shopify/Metafield/30874822574375;;pedra;"[""Diamante""]";gid://shopify/Product/8573599711527
gid://shopify/Metafield/30874822607143;;cuidadospeca;"Evite o contato de uma joia com a outra. Guarde-as separadamente nas embalagens fornecidas pela Jack Vartanian;
Com o uso, fechos e tarraxas podem necessitar de ajustes para que fiquem com a pressão adequada. Entre em contato conosco;
Após o uso, aconselhamos limpar a joia com flanela de algodão para tirar possíveis resíduos de produtos como maquiagem e perfume;
Evite o contato com água do mar, cremes, perfumes e produtos químicos.";gid://shopify/Product/8573599711527
gid://shopify/Product/8573608624423;Brinco Especial De Ouro Amarelo 18K E Diamante Fancy;;;
gid://shopify/Metafield/30874926088487;;genero;"[""Feminino""]";gid://shopify/Product/8573608624423
gid://shopify/Metafield/30874926121255;;metal;Ouro Amarelo;gid://shopify/Product/8573608624423
gid://shopify/Metafield/30874926154023;;cobertura;Ouro Amarelo;gid://shopify/Product/8573608624423
gid://shopify/Metafield/30874926186791;;pedra;"[""Diamante Fancy""]";gid://shopify/Product/8573608624423
gid://shopify/Metafield/30874926219559;;cuidadospeca;"Evite o contato de uma joia com a outra. Guarde-as separadamente nas embalagens fornecidas pela Jack Vartanian;
Com o uso, fechos e tarraxas podem necessitar de ajustes para que fiquem com a pressão adequada. Entre em contato conosco;
Após o uso, aconselhamos limpar a joia com flanela de algodão para tirar possíveis resíduos de produtos como maquiagem e perfume;
Evite o contato com água do mar, cremes, perfumes e produtos químicos.";gid://shopify/Product/8573608624423
gid://shopify/Product/8573608722727;Brinco Especial De Ouro Branco 18K E Diamante Solitário;;;
gid://shopify/Metafield/30874927563047;;genero;"[""Feminino""]";gid://shopify/Product/8573608722727
gid://shopify/Metafield/30874927595815;;metal;Ouro Branco;gid://shopify/Product/8573608722727
gid://shopify/Metafield/30874927661351;;cobertura;Ouro Branco;gid://shopify/Product/8573608722727
gid://shopify/Metafield/30874927694119;;pedra;"[""Diamante Solitário""]";gid://shopify/Product/8573608722727
gid://shopify/Metafield/30874927726887;;cuidadospeca;"Evite o contato de uma joia com a outra. Guarde-as separadamente nas embalagens fornecidas pela Jack Vartanian;
Com o uso, fechos e tarraxas podem necessitar de ajustes para que fiquem com a pressão adequada. Entre em contato conosco;
Após o uso, aconselhamos limpar a joia com flanela de algodão para tirar possíveis resíduos de produtos como maquiagem e perfume;
Evite o contato com água do mar, cremes, perfumes e produtos químicos.";gid://shopify/Product/8573608722727
gid://shopify/Product/8573608788263;Brinco Especial De Ouro Branco 18K E Diamante Solitário;;;
gid://shopify/Metafield/30874929103143;;genero;"[""Feminino""]";gid://shopify/Product/8573608788263
gid://shopify/Metafield/30874929135911;;metal;Ouro Branco;gid://shopify/Product/8573608788263
gid://shopify/Metafield/30874929168679;;cobertura;Ouro Branco;gid://shopify/Product/8573608788263
gid://shopify/Metafield/30874929201447;;pedra;"[""Diamante Solitário""]";gid://shopify/Product/8573608788263
gid://shopify/Metafield/30874929234215;;cuidadospeca;"Evite o contato de uma joia com a outra. Guarde-as separadamente nas embalagens fornecidas pela Jack Vartanian;
Com o uso, fechos e tarraxas podem necessitar de ajustes para que fiquem com a pressão adequada. Entre em contato conosco;
Após o uso, aconselhamos limpar a joia com flanela de algodão para tirar possíveis resíduos de produtos como maquiagem e perfume;
Evite o contato com água do mar, cremes, perfumes e produtos químicos.";gid://shopify/Product/8573608788263
gid://shopify/Product/8573608821031;Brinco Especial De Ouro Branco 18K E Diamante Solitário;;;
gid://shopify/Metafield/30874930217255;;genero;"[""Feminino""]";gid://shopify/Product/8573608821031
gid://shopify/Metafield/30874930250023;;metal;Ouro Branco;gid://shopify/Product/8573608821031
gid://shopify/Metafield/30874930282791;;cobertura;Ouro Branco;gid://shopify/Product/8573608821031
gid://shopify/Metafield/30874930315559;;pedra;"[""Diamante Solitário""]";gid://shopify/Product/8573608821031
gid://shopify/Metafield/30874930348327;;cuidadospeca;"Evite o contato de uma joia com a outra. Guarde-as separadamente nas embalagens fornecidas pela Jack Vartanian;
Com o uso, fechos e tarraxas podem necessitar de ajustes para que fiquem com a pressão adequada. Entre em contato conosco;
Após o uso, aconselhamos limpar a joia com flanela de algodão para tirar possíveis resíduos de produtos como maquiagem e perfume;
Evite o contato com água do mar, cremes, perfumes e produtos químicos.";gid://shopify/Product/8573608821031
gid://shopify/Product/8573608853799;Brinco Especial De Ouro Branco 18K E Diamante Solitário;;;
gid://shopify/Metafield/30874930970919;;genero;"[""Feminino""]";gid://shopify/Product/8573608853799
gid://shopify/Metafield/30874931003687;;metal;Ouro Branco;gid://shopify/Product/8573608853799
gid://shopify/Metafield/30874931036455;;cobertura;Ouro Branco;gid://shopify/Product/8573608853799
gid://shopify/Metafield/30874931069223;;pedra;"[""Diamante Solitário""]";gid://shopify/Product/8573608853799
gid://shopify/Metafield/30874931101991;;cuidadospeca;"Evite o contato de uma joia com a outra. Guarde-as separadamente nas embalagens fornecidas pela Jack Vartanian;
Com o uso, fechos e tarraxas podem necessitar de ajustes para que fiquem com a pressão adequada. Entre em contato conosco;
Após o uso, aconselhamos limpar a joia com flanela de algodão para tirar possíveis resíduos de produtos como maquiagem e perfume;
Evite o contato com água do mar, cremes, perfumes e produtos químicos.";gid://shopify/Product/8573608853799
gid://shopify/Product/8573608886567;Brinco Especial De Ouro Branco 18K E Diamante Solitário;;;
gid://shopify/Metafield/30874931757351;;genero;"[""Feminino""]";gid://shopify/Product/8573608886567
gid://shopify/Metafield/30874931790119;;metal;Ouro Branco;gid://shopify/Product/8573608886567
gid://shopify/Metafield/30874931822887;;cobertura;Ouro Branco;gid://shopify/Product/8573608886567
gid://shopify/Metafield/30874931855655;;pedra;"[""Diamante Solitário""]";gid://shopify/Product/8573608886567
gid://shopify/Metafield/30874931888423;;cuidadospeca;"Evite o contato de uma joia com a outra. Guarde-as separadamente nas embalagens fornecidas pela Jack Vartanian;
Com o uso, fechos e tarraxas podem necessitar de ajustes para que fiquem com a pressão adequada. Entre em contato conosco;
Após o uso, aconselhamos limpar a joia com flanela de algodão para tirar possíveis resíduos de produtos como maquiagem e perfume;
Evite o contato com água do mar, cremes, perfumes e produtos químicos.";gid://shopify/Product/8573608886567
gid://shopify/Product/8573609017639;Brinco Especial De Ouro Branco 18K E Diamante Solitário;;;
gid://shopify/Metafield/30874932314407;;genero;"[""Feminino""]";gid://shopify/Product/8573609017639
gid://shopify/Metafield/30874932347175;;metal;Ouro Branco;gid://shopify/Product/8573609017639
gid://shopify/Metafield/30874932379943;;cobertura;Ouro Branco;gid://shopify/Product/8573609017639
gid://shopify/Metafield/30874932412711;;pedra;"[""Diamante Solitário""]";gid://shopify/Product/8573609017639
gid://shopify/Metafield/30874932445479;;cuidadospeca;"Evite o contato de uma joia com a outra. Guarde-as separadamente nas embalagens fornecidas pela Jack Vartanian;
Com o uso, fechos e tarraxas podem necessitar de ajustes para que fiquem com a pressão adequada. Entre em contato conosco;
Após o uso, aconselhamos limpar a joia com flanela de algodão para tirar possíveis resíduos de produtos como maquiagem e perfume;
Evite o contato com água do mar, cremes, perfumes e produtos químicos.";gid://shopify/Product/8573609017639
gid://shopify/Product/8573609214247;Brinco Especial De Ouro Rosa 18K E Diamante Solitário;;;
gid://shopify/Metafield/30874933297447;;genero;"[""Feminino""]";gid://shopify/Product/8573609214247
gid://shopify/Metafield/30874933330215;;metal;Ouro Rosa;gid://shopify/Product/8573609214247
gid://shopify/Metafield/30874933362983;;cobertura;Ouro Rosa;gid://shopify/Product/8573609214247
gid://shopify/Metafield/30874933395751;;pedra;"[""Diamante Solitário""]";gid://shopify/Product/8573609214247
gid://shopify/Metafield/30874933428519;;cuidadospeca;"Evite o contato de uma joia com a outra. Guarde-as separadamente nas embalagens fornecidas pela Jack Vartanian;
Com o uso, fechos e tarraxas podem necessitar de ajustes para que fiquem com a pressão adequada. Entre em contato conosco;
Após o uso, aconselhamos limpar a joia com flanela de algodão para tirar possíveis resíduos de produtos como maquiagem e perfume;
Evite o contato com água do mar, cremes, perfumes e produtos químicos.";gid://shopify/Product/8573609214247
gid://shopify/Product/8573609345319;Colar Especial De Ouro Branco 18K E Diamante Solitário;;;
gid://shopify/Metafield/30874933920039;;genero;"[""Feminino""]";gid://shopify/Product/8573609345319
gid://shopify/Metafield/30874933952807;;metal;Ouro Branco;gid://shopify/Product/8573609345319
gid://shopify/Metafield/30874933985575;;cobertura;Ouro Branco;gid://shopify/Product/8573609345319
gid://shopify/Metafield/30874934018343;;pedra;"[""Diamante Solitário""]";gid://shopify/Product/8573609345319
gid://shopify/Metafield/30874934051111;;cuidadospeca;"Evite o contato de uma joia com a outra. Guarde-as separadamente nas embalagens fornecidas pela Jack Vartanian;
Com o uso, fechos e tarraxas podem necessitar de ajustes para que fiquem com a pressão adequada. Entre em contato conosco;
Após o uso, aconselhamos limpar a joia com flanela de algodão para tirar possíveis resíduos de produtos como maquiagem e perfume;
Evite o contato com água do mar, cremes, perfumes e produtos químicos.";gid://shopify/Product/8573609345319
gid://shopify/Product/8573609476391;Colar Especial De Ouro Branco 18K E Diamante Solitário;;;
gid://shopify/Metafield/30874935165223;;genero;"[""Feminino""]";gid://shopify/Product/8573609476391
gid://shopify/Metafield/30874935230759;;metal;Ouro Branco;gid://shopify/Product/8573609476391
gid://shopify/Metafield/30874935263527;;cobertura;Ouro Branco;gid://shopify/Product/8573609476391
gid://shopify/Metafield/30874935296295;;pedra;"[""Diamante Solitário""]";gid://shopify/Product/8573609476391
gid://shopify/Metafield/30874935329063;;cuidadospeca;"Evite o contato de uma joia com a outra. Guarde-as separadamente nas embalagens fornecidas pela Jack Vartanian;
Com o uso, fechos e tarraxas podem necessitar de ajustes para que fiquem com a pressão adequada. Entre em contato conosco;
Após o uso, aconselhamos limpar a joia com flanela de algodão para tirar possíveis resíduos de produtos como maquiagem e perfume;
Evite o contato com água do mar, cremes, perfumes e produtos químicos.";gid://shopify/Product/8573609476391
gid://shopify/Product/8573609607463;Colar Especial De Ouro Branco 18K E Diamante Solitário;;;
gid://shopify/Metafield/30874936377639;;genero;"[""Feminino""]";gid://shopify/Product/8573609607463
gid://shopify/Metafield/30874936410407;;metal;Ouro Branco;gid://shopify/Product/8573609607463
gid://shopify/Metafield/30874936443175;;cobertura;Ouro Branco;gid://shopify/Product/8573609607463
gid://shopify/Metafield/30874936475943;;pedra;"[""Diamante Solitário""]";gid://shopify/Product/8573609607463
gid://shopify/Metafield/30874936508711;;cuidadospeca;"Evite o contato de uma joia com a outra. Guarde-as separadamente nas embalagens fornecidas pela Jack Vartanian;
Com o uso, fechos e tarraxas podem necessitar de ajustes para que fiquem com a pressão adequada. Entre em contato conosco;
Após o uso, aconselhamos limpar a joia com flanela de algodão para tirar possíveis resíduos de produtos como maquiagem e perfume;
Evite o contato com água do mar, cremes, perfumes e produtos químicos.";gid://shopify/Product/8573609607463
gid://shopify/Product/8573609705767;Colar Especial De Ouro Branco 18K E Diamante Solitário;;;
gid://shopify/Metafield/30874937032999;;genero;"[""Feminino""]";gid://shopify/Product/8573609705767
gid://shopify/Metafield/30874937065767;;metal;Ouro Branco;gid://shopify/Product/8573609705767
gid://shopify/Metafield/30874937098535;;cobertura;Ouro Branco;gid://shopify/Product/8573609705767
gid://shopify/Metafield/30874937131303;;pedra;"[""Diamante Solitário""]";gid://shopify/Product/8573609705767
gid://shopify/Metafield/30874937164071;;cuidadospeca;"Evite o contato de uma joia com a outra. Guarde-as separadamente nas embalagens fornecidas pela Jack Vartanian;
Com o uso, fechos e tarraxas podem necessitar de ajustes para que fiquem com a pressão adequada. Entre em contato conosco;
Após o uso, aconselhamos limpar a joia com flanela de algodão para tirar possíveis resíduos de produtos como maquiagem e perfume;
Evite o contato com água do mar, cremes, perfumes e produtos químicos.";gid://shopify/Product/8573609705767
gid://shopify/Product/8573611573543;Colar Especial De Ouro Amarelo E Branco 18K E Diamante Fancy;;;
gid://shopify/Metafield/30874954498343;;genero;"[""Feminino""]";gid://shopify/Product/8573611573543
gid://shopify/Metafield/30874954531111;;metal;Ouro Amarelo;gid://shopify/Product/8573611573543
gid://shopify/Metafield/30874954563879;;cobertura;Ouro Amarelo E Branco;gid://shopify/Product/8573611573543
gid://shopify/Metafield/30874954596647;;pedra;"[""Diamante Fancy""]";gid://shopify/Product/8573611573543
gid://shopify/Metafield/30874954629415;;cuidadospeca;"Evite o contato de uma joia com a outra. Guarde-as separadamente nas embalagens fornecidas pela Jack Vartanian;
Com o uso, fechos e tarraxas podem necessitar de ajustes para que fiquem com a pressão adequada. Entre em contato conosco;
Após o uso, aconselhamos limpar a joia com flanela de algodão para tirar possíveis resíduos de produtos como maquiagem e perfume;
Evite o contato com água do mar, cremes, perfumes e produtos químicos.";gid://shopify/Product/8573611573543
gid://shopify/Product/8573617799463;Brinco Ear Cuff Eterna Rock De Ouro 18K Com Ródio Negro E Safira;;;
gid://shopify/Metafield/30875000111399;;genero;"[""Feminino""]";gid://shopify/Product/8573617799463
gid://shopify/Metafield/30875000144167;;metal;Ouro Amarelo;gid://shopify/Product/8573617799463
gid://shopify/Metafield/30875000176935;;cobertura;Ródio Negro;gid://shopify/Product/8573617799463
gid://shopify/Metafield/30875000209703;;pedra;"[""Safira""]";gid://shopify/Product/8573617799463
gid://shopify/Metafield/30875000242471;;cuidadospeca;"Evite o contato de uma joia com a outra. Guarde-as separadamente nas embalagens fornecidas pela Jack Vartanian;
Com o uso, fechos e tarraxas podem necessitar de ajustes para que fiquem com a pressão adequada. Entre em contato conosco;
Após o uso, aconselhamos limpar a joia com flanela de algodão para tirar possíveis resíduos de produtos como maquiagem e perfume;
Evite o contato com água do mar, cremes, perfumes e produtos químicos.";gid://shopify/Product/8573617799463
gid://shopify/Product/8573617832231;Brinco Eterna Rock De Ouro Branco 18K E Morganita E Diamante;;;
gid://shopify/Metafield/30875000963367;;genero;"[""Feminino""]";gid://shopify/Product/8573617832231
gid://shopify/Metafield/30875001028903;;metal;Ouro Branco;gid://shopify/Product/8573617832231
gid://shopify/Metafield/30875001061671;;cobertura;Ouro Branco;gid://shopify/Product/8573617832231
gid://shopify/Metafield/30875001094439;;pedra;"[""Morganita"",""Diamante""]";gid://shopify/Product/8573617832231
gid://shopify/Metafield/30875001127207;;cuidadospeca;"Evite o contato de uma joia com a outra. Guarde-as separadamente nas embalagens fornecidas pela Jack Vartanian;
Com o uso, fechos e tarraxas podem necessitar de ajustes para que fiquem com a pressão adequada. Entre em contato conosco;
Após o uso, aconselhamos limpar a joia com flanela de algodão para tirar possíveis resíduos de produtos como maquiagem e perfume;
Evite o contato com água do mar, cremes, perfumes e produtos químicos.";gid://shopify/Product/8573617832231
gid://shopify/Product/8573617930535;Colar Eterna Rock De Ouro 18K Com Ródio Negro E Kunzita E Diamante;;;
gid://shopify/Metafield/30875001618727;;genero;"[""Feminino""]";gid://shopify/Product/8573617930535
gid://shopify/Metafield/30875001651495;;metal;Ouro Amarelo;gid://shopify/Product/8573617930535
gid://shopify/Metafield/30875001684263;;cobertura;Ródio Negro;gid://shopify/Product/8573617930535
gid://shopify/Metafield/30875001717031;;pedra;"[""Kunzita"",""Diamante""]";gid://shopify/Product/8573617930535
gid://shopify/Metafield/30875001749799;;cuidadospeca;"Evite o contato de uma joia com a outra. Guarde-as separadamente nas embalagens fornecidas pela Jack Vartanian;
Com o uso, fechos e tarraxas podem necessitar de ajustes para que fiquem com a pressão adequada. Entre em contato conosco;
Após o uso, aconselhamos limpar a joia com flanela de algodão para tirar possíveis resíduos de produtos como maquiagem e perfume;
Evite o contato com água do mar, cremes, perfumes e produtos químicos.";gid://shopify/Product/8573617930535
gid://shopify/Product/8573624090919;Brinco Eterna Rock De Ouro Branco 18K E Topázio E Diamante;;;
gid://shopify/Metafield/30875026096423;;genero;"[""Feminino""]";gid://shopify/Product/8573624090919
gid://shopify/Metafield/30875026129191;;metal;Ouro Branco;gid://shopify/Product/8573624090919
gid://shopify/Metafield/30875026161959;;cobertura;Ouro Branco;gid://shopify/Product/8573624090919
gid://shopify/Metafield/30875026194727;;pedra;"[""Topázio"",""Diamante""]";gid://shopify/Product/8573624090919
gid://shopify/Metafield/30875026227495;;cuidadospeca;"Evite o contato de uma joia com a outra. Guarde-as separadamente nas embalagens fornecidas pela Jack Vartanian;
Com o uso, fechos e tarraxas podem necessitar de ajustes para que fiquem com a pressão adequada. Entre em contato conosco;
Após o uso, aconselhamos limpar a joia com flanela de algodão para tirar possíveis resíduos de produtos como maquiagem e perfume;
Evite o contato com água do mar, cremes, perfumes e produtos químicos.";gid://shopify/Product/8573624090919
gid://shopify/Product/8573625237799;Brinco Gala De Ouro 18K Com Ródio Negro E Diamante;;;
gid://shopify/Metafield/30875032027431;;genero;"[""Feminino""]";gid://shopify/Product/8573625237799
gid://shopify/Metafield/30875032060199;;metal;Ouro Amarelo;gid://shopify/Product/8573625237799
gid://shopify/Metafield/30875032092967;;cobertura;Ródio Negro;gid://shopify/Product/8573625237799
gid://shopify/Metafield/30875032125735;;pedra;"[""Diamante""]";gid://shopify/Product/8573625237799
gid://shopify/Metafield/30875032158503;;cuidadospeca;"Evite o contato de uma joia com a outra. Guarde-as separadamente nas embalagens fornecidas pela Jack Vartanian;
Com o uso, fechos e tarraxas podem necessitar de ajustes para que fiquem com a pressão adequada. Entre em contato conosco;
Após o uso, aconselhamos limpar a joia com flanela de algodão para tirar possíveis resíduos de produtos como maquiagem e perfume;
Evite o contato com água do mar, cremes, perfumes e produtos químicos.";gid://shopify/Product/8573625237799
gid://shopify/Product/8573626286375;Brinco Galeria De Ouro Amarelo 18K;;;
gid://shopify/Metafield/30875035762983;;genero;"[""Feminino""]";gid://shopify/Product/8573626286375
gid://shopify/Metafield/30875035795751;;metal;Ouro Amarelo;gid://shopify/Product/8573626286375
gid://shopify/Metafield/30875035828519;;cobertura;Ouro Amarelo;gid://shopify/Product/8573626286375
gid://shopify/Metafield/30875035861287;;cuidadospeca;"Evite o contato de uma joia com a outra. Guarde-as separadamente nas embalagens fornecidas pela Jack Vartanian;
Com o uso, fechos e tarraxas podem necessitar de ajustes para que fiquem com a pressão adequada. Entre em contato conosco;
Após o uso, aconselhamos limpar a joia com flanela de algodão para tirar possíveis resíduos de produtos como maquiagem e perfume;
Evite o contato com água do mar, cremes, perfumes e produtos químicos.";gid://shopify/Product/8573626286375
gid://shopify/Product/8573626679591;Brinco Galeria De Ouro Branco 18K E Diamante;;;
gid://shopify/Metafield/30875037270311;;genero;"[""Feminino""]";gid://shopify/Product/8573626679591
gid://shopify/Metafield/30875037303079;;metal;Ouro Branco;gid://shopify/Product/8573626679591
gid://shopify/Metafield/30875037335847;;cobertura;Ouro Branco;gid://shopify/Product/8573626679591
gid://shopify/Metafield/30875037368615;;pedra;"[""Diamante""]";gid://shopify/Product/8573626679591
gid://shopify/Metafield/30875037401383;;cuidadospeca;"Evite o contato de uma joia com a outra. Guarde-as separadamente nas embalagens fornecidas pela Jack Vartanian;
Com o uso, fechos e tarraxas podem necessitar de ajustes para que fiquem com a pressão adequada. Entre em contato conosco;
Após o uso, aconselhamos limpar a joia com flanela de algodão para tirar possíveis resíduos de produtos como maquiagem e perfume;
Evite o contato com água do mar, cremes, perfumes e produtos químicos.";gid://shopify/Product/8573626679591
gid://shopify/Product/8573628023079;Colar Algema De Ouro Amarelo 18K E Diamante - P;;;
gid://shopify/Metafield/30875043299623;;genero;"[""Feminino""]";gid://shopify/Product/8573628023079
gid://shopify/Metafield/30875043332391;;metal;Ouro Amarelo;gid://shopify/Product/8573628023079
gid://shopify/Metafield/30875043365159;;cobertura;Ouro Amarelo;gid://shopify/Product/8573628023079
gid://shopify/Metafield/30875043397927;;pedra;"[""Diamante""]";gid://shopify/Product/8573628023079
gid://shopify/Metafield/30875043430695;;cuidadospeca;"Evite o contato de uma joia com a outra. Guarde-as separadamente nas embalagens fornecidas pela Jack Vartanian;
Com o uso, fechos e tarraxas podem necessitar de ajustes para que fiquem com a pressão adequada. Entre em contato conosco;
Após o uso, aconselhamos limpar a joia com flanela de algodão para tirar possíveis resíduos de produtos como maquiagem e perfume;
Evite o contato com água do mar, cremes, perfumes e produtos químicos.";gid://shopify/Product/8573628023079
gid://shopify/Product/8573628252455;Colar Algema De Ouro Amarelo 18K E Diamante - M;;;
gid://shopify/Metafield/30875044774183;;genero;"[""Feminino""]";gid://shopify/Product/8573628252455
gid://shopify/Metafield/30875044806951;;metal;Ouro Amarelo;gid://shopify/Product/8573628252455
gid://shopify/Metafield/30875044839719;;cobertura;Ouro Amarelo;gid://shopify/Product/8573628252455
gid://shopify/Metafield/30875044872487;;pedra;"[""Diamante""]";gid://shopify/Product/8573628252455
gid://shopify/Metafield/30875044905255;;cuidadospeca;"Evite o contato de uma joia com a outra. Guarde-as separadamente nas embalagens fornecidas pela Jack Vartanian;
Com o uso, fechos e tarraxas podem necessitar de ajustes para que fiquem com a pressão adequada. Entre em contato conosco;
Após o uso, aconselhamos limpar a joia com flanela de algodão para tirar possíveis resíduos de produtos como maquiagem e perfume;
Evite o contato com água do mar, cremes, perfumes e produtos químicos.";gid://shopify/Product/8573628252455
gid://shopify/Product/8573628481831;Colar Algema De Ouro 18K Com Ródio Negro E Diamante - M;;;
gid://shopify/Metafield/30875045757223;;genero;"[""Feminino""]";gid://shopify/Product/8573628481831
gid://shopify/Metafield/30875045822759;;metal;Ouro Amarelo;gid://shopify/Product/8573628481831
gid://shopify/Metafield/30875045888295;;cobertura;Ródio Negro;gid://shopify/Product/8573628481831
gid://shopify/Metafield/30875045953831;;pedra;"[""Diamante""]";gid://shopify/Product/8573628481831
gid://shopify/Metafield/30875045986599;;cuidadospeca;"Evite o contato de uma joia com a outra. Guarde-as separadamente nas embalagens fornecidas pela Jack Vartanian;
Com o uso, fechos e tarraxas podem necessitar de ajustes para que fiquem com a pressão adequada. Entre em contato conosco;
Após o uso, aconselhamos limpar a joia com flanela de algodão para tirar possíveis resíduos de produtos como maquiagem e perfume;
Evite o contato com água do mar, cremes, perfumes e produtos químicos.";gid://shopify/Product/8573628481831
gid://shopify/Product/8573628940583;Colar Algema De Ouro 18K Com Ródio Negro E Diamante - P;;;
gid://shopify/Metafield/30875047035175;;genero;"[""Feminino""]";gid://shopify/Product/8573628940583
gid://shopify/Metafield/30875047067943;;metal;Ouro Amarelo;gid://shopify/Product/8573628940583
gid://shopify/Metafield/30875047100711;;cobertura;Ródio Negro;gid://shopify/Product/8573628940583
gid://shopify/Metafield/30875047133479;;pedra;"[""Diamante""]";gid://shopify/Product/8573628940583
gid://shopify/Metafield/30875047166247;;cuidadospeca;"Evite o contato de uma joia com a outra. Guarde-as separadamente nas embalagens fornecidas pela Jack Vartanian;
Com o uso, fechos e tarraxas podem necessitar de ajustes para que fiquem com a pressão adequada. Entre em contato conosco;
Após o uso, aconselhamos limpar a joia com flanela de algodão para tirar possíveis resíduos de produtos como maquiagem e perfume;
Evite o contato com água do mar, cremes, perfumes e produtos químicos.";gid://shopify/Product/8573628940583
gid://shopify/Product/8573629301031;Colar Algema De Ouro Branco 18K E Diamante - P;;;
gid://shopify/Metafield/30875048214823;;genero;"[""Feminino""]";gid://shopify/Product/8573629301031
gid://shopify/Metafield/30875048247591;;metal;Ouro Branco;gid://shopify/Product/8573629301031
gid://shopify/Metafield/30875048280359;;cobertura;Ouro Branco;gid://shopify/Product/8573629301031
gid://shopify/Metafield/30875048313127;;pedra;"[""Diamante""]";gid://shopify/Product/8573629301031
gid://shopify/Metafield/30875048345895;;cuidadospeca;"Evite o contato de uma joia com a outra. Guarde-as separadamente nas embalagens fornecidas pela Jack Vartanian;
Com o uso, fechos e tarraxas podem necessitar de ajustes para que fiquem com a pressão adequada. Entre em contato conosco;
Após o uso, aconselhamos limpar a joia com flanela de algodão para tirar possíveis resíduos de produtos como maquiagem e perfume;
Evite o contato com água do mar, cremes, perfumes e produtos químicos.";gid://shopify/Product/8573629301031
gid://shopify/Product/8573629727015;Colar Algema De Ouro Branco 18K E Diamante - M;;;
gid://shopify/Metafield/30875048837415;;genero;"[""Feminino""]";gid://shopify/Product/8573629727015
gid://shopify/Metafield/30875048870183;;metal;Ouro Branco;gid://shopify/Product/8573629727015
gid://shopify/Metafield/30875048902951;;cobertura;Ouro Branco;gid://shopify/Product/8573629727015
gid://shopify/Metafield/30875048935719;;pedra;"[""Diamante""]";gid://shopify/Product/8573629727015
gid://shopify/Metafield/30875048968487;;cuidadospeca;"Evite o contato de uma joia com a outra. Guarde-as separadamente nas embalagens fornecidas pela Jack Vartanian;
Com o uso, fechos e tarraxas podem necessitar de ajustes para que fiquem com a pressão adequada. Entre em contato conosco;
Após o uso, aconselhamos limpar a joia com flanela de algodão para tirar possíveis resíduos de produtos como maquiagem e perfume;
Evite o contato com água do mar, cremes, perfumes e produtos químicos.";gid://shopify/Product/8573629727015
gid://shopify/Product/8573629956391;Colar Algema De Ouro Rosa 18K E Diamante - P;;;
gid://shopify/Metafield/30875050377511;;genero;"[""Feminino""]";gid://shopify/Product/8573629956391
gid://shopify/Metafield/30875050410279;;metal;Ouro Rosa;gid://shopify/Product/8573629956391
gid://shopify/Metafield/30875050443047;;cobertura;Ouro Rosa;gid://shopify/Product/8573629956391
gid://shopify/Metafield/30875050475815;;pedra;"[""Diamante""]";gid://shopify/Product/8573629956391
gid://shopify/Metafield/30875050508583;;cuidadospeca;"Evite o contato de uma joia com a outra. Guarde-as separadamente nas embalagens fornecidas pela Jack Vartanian;
Com o uso, fechos e tarraxas podem necessitar de ajustes para que fiquem com a pressão adequada. Entre em contato conosco;
Após o uso, aconselhamos limpar a joia com flanela de algodão para tirar possíveis resíduos de produtos como maquiagem e perfume;
Evite o contato com água do mar, cremes, perfumes e produtos químicos.";gid://shopify/Product/8573629956391
gid://shopify/Product/8573630185767;Pulseira Algeminha De Ouro Amarelo 18K E Diamante - P;;;
gid://shopify/Metafield/30875051032871;;genero;"[""Feminino""]";gid://shopify/Product/8573630185767
gid://shopify/Metafield/30875051065639;;metal;Ouro Amarelo;gid://shopify/Product/8573630185767
gid://shopify/Metafield/30875051098407;;cobertura;Ouro Amarelo;gid://shopify/Product/8573630185767
gid://shopify/Metafield/30875051131175;;pedra;"[""Diamante""]";gid://shopify/Product/8573630185767
gid://shopify/Metafield/30875051163943;;cuidadospeca;"Evite o contato de uma joia com a outra. Guarde-as separadamente nas embalagens fornecidas pela Jack Vartanian;
Com o uso, fechos e tarraxas podem necessitar de ajustes para que fiquem com a pressão adequada. Entre em contato conosco;
Após o uso, aconselhamos limpar a joia com flanela de algodão para tirar possíveis resíduos de produtos como maquiagem e perfume;
Evite o contato com água do mar, cremes, perfumes e produtos químicos.";gid://shopify/Product/8573630185767
gid://shopify/Product/8573630251303;Pulseira Algeminha De Ouro 18K Com Ródio Negro E Diamante - P;;;
gid://shopify/Metafield/30875052441895;;genero;"[""Feminino""]";gid://shopify/Product/8573630251303
gid://shopify/Metafield/30875052507431;;metal;Ouro Amarelo;gid://shopify/Product/8573630251303
gid://shopify/Metafield/30875052540199;;cobertura;Ródio Negro;gid://shopify/Product/8573630251303
gid://shopify/Metafield/30875052605735;;pedra;"[""Diamante""]";gid://shopify/Product/8573630251303
gid://shopify/Metafield/30875052638503;;cuidadospeca;"Evite o contato de uma joia com a outra. Guarde-as separadamente nas embalagens fornecidas pela Jack Vartanian;
Com o uso, fechos e tarraxas podem necessitar de ajustes para que fiquem com a pressão adequada. Entre em contato conosco;
Após o uso, aconselhamos limpar a joia com flanela de algodão para tirar possíveis resíduos de produtos como maquiagem e perfume;
Evite o contato com água do mar, cremes, perfumes e produtos químicos.";gid://shopify/Product/8573630251303
gid://shopify/Product/8573630546215;Pulseira Algeminha De Ouro Branco 18K E Diamante - P;;;
gid://shopify/Metafield/30875053687079;;genero;"[""Feminino""]";gid://shopify/Product/8573630546215
gid://shopify/Metafield/30875053719847;;metal;Ouro Branco;gid://shopify/Product/8573630546215
gid://shopify/Metafield/30875053752615;;cobertura;Ouro Branco;gid://shopify/Product/8573630546215
gid://shopify/Metafield/30875053785383;;pedra;"[""Diamante""]";gid://shopify/Product/8573630546215
gid://shopify/Metafield/30875053818151;;cuidadospeca;"Evite o contato de uma joia com a outra. Guarde-as separadamente nas embalagens fornecidas pela Jack Vartanian;
Com o uso, fechos e tarraxas podem necessitar de ajustes para que fiquem com a pressão adequada. Entre em contato conosco;
Após o uso, aconselhamos limpar a joia com flanela de algodão para tirar possíveis resíduos de produtos como maquiagem e perfume;
Evite o contato com água do mar, cremes, perfumes e produtos químicos.";gid://shopify/Product/8573630546215
gid://shopify/Product/8573630939431;Pulseira Algeminha De Ouro Rosa 18K E Diamante - P;;;
gid://shopify/Metafield/30875054342439;;genero;"[""Feminino""]";gid://shopify/Product/8573630939431
gid://shopify/Metafield/30875054375207;;metal;Ouro Rosa;gid://shopify/Product/8573630939431
gid://shopify/Metafield/30875054407975;;cobertura;Ouro Rosa;gid://shopify/Product/8573630939431
gid://shopify/Metafield/30875054440743;;pedra;"[""Diamante""]";gid://shopify/Product/8573630939431
gid://shopify/Metafield/30875054473511;;cuidadospeca;"Evite o contato de uma joia com a outra. Guarde-as separadamente nas embalagens fornecidas pela Jack Vartanian;
Com o uso, fechos e tarraxas podem necessitar de ajustes para que fiquem com a pressão adequada. Entre em contato conosco;
Após o uso, aconselhamos limpar a joia com flanela de algodão para tirar possíveis resíduos de produtos como maquiagem e perfume;
Evite o contato com água do mar, cremes, perfumes e produtos químicos.";gid://shopify/Product/8573630939431
gid://shopify/Product/8573634642215;Brinco First De Ouro 18K Com Ródio Negro E Diamante;;;
gid://shopify/Metafield/30875063157031;;genero;"[""Feminino""]";gid://shopify/Product/8573634642215
gid://shopify/Metafield/30875063189799;;metal;Ouro Amarelo;gid://shopify/Product/8573634642215
gid://shopify/Metafield/30875063222567;;cobertura;Ródio Negro;gid://shopify/Product/8573634642215
gid://shopify/Metafield/30875063255335;;pedra;"[""Diamante""]";gid://shopify/Product/8573634642215
gid://shopify/Metafield/30875063288103;;cuidadospeca;"Evite o contato de uma joia com a outra. Guarde-as separadamente nas embalagens fornecidas pela Jack Vartanian;
Com o uso, fechos e tarraxas podem necessitar de ajustes para que fiquem com a pressão adequada. Entre em contato conosco;
Após o uso, aconselhamos limpar a joia com flanela de algodão para tirar possíveis resíduos de produtos como maquiagem e perfume;
Evite o contato com água do mar, cremes, perfumes e produtos químicos.";gid://shopify/Product/8573634642215
gid://shopify/Product/8573635100967;Brinco First De Ouro Rosa 18K E Diamante;;;
gid://shopify/Metafield/30875064729895;;genero;"[""Feminino""]";gid://shopify/Product/8573635100967
gid://shopify/Metafield/30875064762663;;metal;Ouro Rosa;gid://shopify/Product/8573635100967
gid://shopify/Metafield/30875064795431;;cobertura;Ouro Rosa;gid://shopify/Product/8573635100967
gid://shopify/Metafield/30875064828199;;pedra;"[""Diamante""]";gid://shopify/Product/8573635100967
gid://shopify/Metafield/30875064860967;;cuidadospeca;"Evite o contato de uma joia com a outra. Guarde-as separadamente nas embalagens fornecidas pela Jack Vartanian;
Com o uso, fechos e tarraxas podem necessitar de ajustes para que fiquem com a pressão adequada. Entre em contato conosco;
Após o uso, aconselhamos limpar a joia com flanela de algodão para tirar possíveis resíduos de produtos como maquiagem e perfume;
Evite o contato com água do mar, cremes, perfumes e produtos químicos.";gid://shopify/Product/8573635100967
gid://shopify/Product/8573635428647;Colar First De Ouro 18K Com Ródio Negro E Diamante;;;
gid://shopify/Metafield/30875066269991;;genero;"[""Feminino""]";gid://shopify/Product/8573635428647
gid://shopify/Metafield/30875066302759;;metal;Ouro Amarelo;gid://shopify/Product/8573635428647
gid://shopify/Metafield/30875066335527;;cobertura;Ródio Negro;gid://shopify/Product/8573635428647
gid://shopify/Metafield/30875066368295;;pedra;"[""Diamante""]";gid://shopify/Product/8573635428647
gid://shopify/Metafield/30875066401063;;cuidadospeca;"Evite o contato de uma joia com a outra. Guarde-as separadamente nas embalagens fornecidas pela Jack Vartanian;
Com o uso, fechos e tarraxas podem necessitar de ajustes para que fiquem com a pressão adequada. Entre em contato conosco;
Após o uso, aconselhamos limpar a joia com flanela de algodão para tirar possíveis resíduos de produtos como maquiagem e perfume;
Evite o contato com água do mar, cremes, perfumes e produtos químicos.";gid://shopify/Product/8573635428647
gid://shopify/Product/8573635723559;Colar First De Ouro Rosa 18K E Diamante;;;
gid://shopify/Metafield/30875066925351;;genero;"[""Feminino""]";gid://shopify/Product/8573635723559
gid://shopify/Metafield/30875066958119;;metal;Ouro Rosa;gid://shopify/Product/8573635723559
gid://shopify/Metafield/30875066990887;;cobertura;Ouro Rosa;gid://shopify/Product/8573635723559
gid://shopify/Metafield/30875067023655;;pedra;"[""Diamante""]";gid://shopify/Product/8573635723559
gid://shopify/Metafield/30875067056423;;cuidadospeca;"Evite o contato de uma joia com a outra. Guarde-as separadamente nas embalagens fornecidas pela Jack Vartanian;
Com o uso, fechos e tarraxas podem necessitar de ajustes para que fiquem com a pressão adequada. Entre em contato conosco;
Após o uso, aconselhamos limpar a joia com flanela de algodão para tirar possíveis resíduos de produtos como maquiagem e perfume;
Evite o contato com água do mar, cremes, perfumes e produtos químicos.";gid://shopify/Product/8573635723559
gid://shopify/Product/8573637853479;Pingente Pequeno De Ouro Amarelo 18K E Diamante;;;
gid://shopify/Metafield/30875077640487;;genero;"[""Infantil""]";gid://shopify/Product/8573637853479
gid://shopify/Metafield/30875077673255;;metal;Ouro Amarelo;gid://shopify/Product/8573637853479
gid://shopify/Metafield/30875077706023;;cobertura;Ouro Amarelo;gid://shopify/Product/8573637853479
gid://shopify/Metafield/30875077738791;;pedra;"[""Diamante""]";gid://shopify/Product/8573637853479
gid://shopify/Metafield/30875077771559;;cuidadospeca;"Evite o contato de uma joia com a outra. Guarde-as separadamente nas embalagens fornecidas pela Jack Vartanian;
Com o uso, fechos e tarraxas podem necessitar de ajustes para que fiquem com a pressão adequada. Entre em contato conosco;
Após o uso, aconselhamos limpar a joia com flanela de algodão para tirar possíveis resíduos de produtos como maquiagem e perfume;
Evite o contato com água do mar, cremes, perfumes e produtos químicos.";gid://shopify/Product/8573637853479
gid://shopify/Product/8573638148391;Pingente Pequeno De Ouro Amarelo 18K E Diamante;;;
gid://shopify/Metafield/30875078852903;;genero;"[""Infantil""]";gid://shopify/Product/8573638148391
gid://shopify/Metafield/30875078885671;;metal;Ouro Amarelo;gid://shopify/Product/8573638148391
gid://shopify/Metafield/30875078918439;;cobertura;Ouro Amarelo;gid://shopify/Product/8573638148391
gid://shopify/Metafield/30875078951207;;pedra;"[""Diamante""]";gid://shopify/Product/8573638148391
gid://shopify/Metafield/30875078983975;;cuidadospeca;"Evite o contato de uma joia com a outra. Guarde-as separadamente nas embalagens fornecidas pela Jack Vartanian;
Com o uso, fechos e tarraxas podem necessitar de ajustes para que fiquem com a pressão adequada. Entre em contato conosco;
Após o uso, aconselhamos limpar a joia com flanela de algodão para tirar possíveis resíduos de produtos como maquiagem e perfume;
Evite o contato com água do mar, cremes, perfumes e produtos químicos.";gid://shopify/Product/8573638148391
gid://shopify/Product/8573638541607;Pingente Pequeno De Ouro 18K Com Ródio Negro E Diamante;;;
gid://shopify/Metafield/30875080261927;;genero;"[""Infantil""]";gid://shopify/Product/8573638541607
gid://shopify/Metafield/30875080294695;;metal;Ouro Amarelo;gid://shopify/Product/8573638541607
gid://shopify/Metafield/30875080327463;;cobertura;Ródio Negro;gid://shopify/Product/8573638541607
gid://shopify/Metafield/30875080360231;;pedra;"[""Diamante""]";gid://shopify/Product/8573638541607
gid://shopify/Metafield/30875080392999;;cuidadospeca;"Evite o contato de uma joia com a outra. Guarde-as separadamente nas embalagens fornecidas pela Jack Vartanian;
Com o uso, fechos e tarraxas podem necessitar de ajustes para que fiquem com a pressão adequada. Entre em contato conosco;
Após o uso, aconselhamos limpar a joia com flanela de algodão para tirar possíveis resíduos de produtos como maquiagem e perfume;
Evite o contato com água do mar, cremes, perfumes e produtos químicos.";gid://shopify/Product/8573638541607
gid://shopify/Product/8573638902055;Pingente Pequeno De Ouro 18K Com Ródio Negro E Diamante;;;
gid://shopify/Metafield/30875080917287;;genero;"[""Infantil""]";gid://shopify/Product/8573638902055
gid://shopify/Metafield/30875080950055;;metal;Ouro Amarelo;gid://shopify/Product/8573638902055
gid://shopify/Metafield/30875080982823;;cobertura;Ródio Negro;gid://shopify/Product/8573638902055
gid://shopify/Metafield/30875081015591;;pedra;"[""Diamante""]";gid://shopify/Product/8573638902055
gid://shopify/Metafield/30875081048359;;cuidadospeca;"Evite o contato de uma joia com a outra. Guarde-as separadamente nas embalagens fornecidas pela Jack Vartanian;
Com o uso, fechos e tarraxas podem necessitar de ajustes para que fiquem com a pressão adequada. Entre em contato conosco;
Após o uso, aconselhamos limpar a joia com flanela de algodão para tirar possíveis resíduos de produtos como maquiagem e perfume;
Evite o contato com água do mar, cremes, perfumes e produtos químicos.";gid://shopify/Product/8573638902055
gid://shopify/Product/8573639262503;Pingente Pequeno De Ouro Branco 18K E Diamante;;;
gid://shopify/Metafield/30875082195239;;genero;"[""Infantil""]";gid://shopify/Product/8573639262503
gid://shopify/Metafield/30875082228007;;metal;Ouro Branco;gid://shopify/Product/8573639262503
gid://shopify/Metafield/30875082260775;;cobertura;Ouro Branco;gid://shopify/Product/8573639262503
gid://shopify/Metafield/30875082293543;;pedra;"[""Diamante""]";gid://shopify/Product/8573639262503
gid://shopify/Metafield/30875082326311;;cuidadospeca;"Evite o contato de uma joia com a outra. Guarde-as separadamente nas embalagens fornecidas pela Jack Vartanian;
Com o uso, fechos e tarraxas podem necessitar de ajustes para que fiquem com a pressão adequada. Entre em contato conosco;
Após o uso, aconselhamos limpar a joia com flanela de algodão para tirar possíveis resíduos de produtos como maquiagem e perfume;
Evite o contato com água do mar, cremes, perfumes e produtos químicos.";gid://shopify/Product/8573639262503
gid://shopify/Product/8573639622951;Pingente Pequeno De Ouro Branco 18K E Diamante;;;
gid://shopify/Metafield/30875083473191;;genero;"[""Feminino""]";gid://shopify/Product/8573639622951
gid://shopify/Metafield/30875083505959;;metal;Ouro Branco;gid://shopify/Product/8573639622951
gid://shopify/Metafield/30875083538727;;cobertura;Ouro Branco;gid://shopify/Product/8573639622951
gid://shopify/Metafield/30875083571495;;pedra;"[""Diamante""]";gid://shopify/Product/8573639622951
gid://shopify/Metafield/30875083604263;;cuidadospeca;"Evite o contato de uma joia com a outra. Guarde-as separadamente nas embalagens fornecidas pela Jack Vartanian;
Com o uso, fechos e tarraxas podem necessitar de ajustes para que fiquem com a pressão adequada. Entre em contato conosco;
Após o uso, aconselhamos limpar a joia com flanela de algodão para tirar possíveis resíduos de produtos como maquiagem e perfume;
Evite o contato com água do mar, cremes, perfumes e produtos químicos.";gid://shopify/Product/8573639622951
gid://shopify/Product/8573641785639;Brinco Protea De Prata Com Ouro Rosa;;;
gid://shopify/Metafield/30875089994023;;genero;"[""Feminino""]";gid://shopify/Product/8573641785639
gid://shopify/Metafield/30875090026791;;metal;Prata;gid://shopify/Product/8573641785639
gid://shopify/Metafield/30875090059559;;cobertura;Ouro Rosa;gid://shopify/Product/8573641785639
gid://shopify/Metafield/30875090092327;;cuidadospeca;"Evite o contato de uma joia com a outra. Guarde-as separadamente nas embalagens fornecidas pela Jack Vartanian;
Com o uso, fechos e tarraxas podem necessitar de ajustes para que fiquem com a pressão adequada. Entre em contato conosco;
Após o uso, aconselhamos limpar a joia com flanela de algodão para tirar possíveis resíduos de produtos como maquiagem e perfume;
Evite o contato com água do mar, cremes, perfumes e produtos químicos;
Para peças em prata o primeiro banho é cortesia;
Para peças ocas, evite atritos ou batidas.";gid://shopify/Product/8573641785639
gid://shopify/Product/8573647487271;Brinco Leopardo De Prata Com Ouro Amarelo - P;;;
gid://shopify/Metafield/30875106738471;;genero;"[""Feminino""]";gid://shopify/Product/8573647487271
gid://shopify/Metafield/30875106771239;;metal;Prata;gid://shopify/Product/8573647487271
gid://shopify/Metafield/30875106804007;;cobertura;Ouro Amarelo;gid://shopify/Product/8573647487271
gid://shopify/Metafield/30875106836775;;cuidadospeca;"Evite o contato de uma joia com a outra. Guarde-as separadamente nas embalagens fornecidas pela Jack Vartanian;
Com o uso, fechos e tarraxas podem necessitar de ajustes para que fiquem com a pressão adequada. Entre em contato conosco;
Após o uso, aconselhamos limpar a joia com flanela de algodão para tirar possíveis resíduos de produtos como maquiagem e perfume;
Evite o contato com água do mar, cremes, perfumes e produtos químicos;
Para peças em prata o primeiro banho é cortesia;
Para peças ocas, evite atritos ou batidas.";gid://shopify/Product/8573647487271
gid://shopify/Product/8573648044327;Brinco Leopardo De Prata Com Ouro Amarelo - M;;;
gid://shopify/Metafield/30875108114727;;genero;"[""Feminino""]";gid://shopify/Product/8573648044327
gid://shopify/Metafield/30875108147495;;metal;Prata;gid://shopify/Product/8573648044327
gid://shopify/Metafield/30875108180263;;cobertura;Ouro Amarelo;gid://shopify/Product/8573648044327
gid://shopify/Metafield/30875108213031;;cuidadospeca;"Evite o contato de uma joia com a outra. Guarde-as separadamente nas embalagens fornecidas pela Jack Vartanian;
Com o uso, fechos e tarraxas podem necessitar de ajustes para que fiquem com a pressão adequada. Entre em contato conosco;
Após o uso, aconselhamos limpar a joia com flanela de algodão para tirar possíveis resíduos de produtos como maquiagem e perfume;
Evite o contato com água do mar, cremes, perfumes e produtos químicos;
Para peças em prata o primeiro banho é cortesia;
Para peças ocas, evite atritos ou batidas.";gid://shopify/Product/8573648044327
gid://shopify/Product/8573648372007;Brinco Leopardo De Prata Com Ouro Amarelo - G;;;
gid://shopify/Metafield/30875109196071;;genero;"[""Feminino""]";gid://shopify/Product/8573648372007
gid://shopify/Metafield/30875109228839;;metal;Prata;gid://shopify/Product/8573648372007
gid://shopify/Metafield/30875109261607;;cobertura;Ouro Amarelo;gid://shopify/Product/8573648372007
gid://shopify/Metafield/30875109294375;;cuidadospeca;"Evite o contato de uma joia com a outra. Guarde-as separadamente nas embalagens fornecidas pela Jack Vartanian;
Com o uso, fechos e tarraxas podem necessitar de ajustes para que fiquem com a pressão adequada. Entre em contato conosco;
Após o uso, aconselhamos limpar a joia com flanela de algodão para tirar possíveis resíduos de produtos como maquiagem e perfume;
Evite o contato com água do mar, cremes, perfumes e produtos químicos;
Para peças em prata o primeiro banho é cortesia;
Para peças ocas, evite atritos ou batidas.";gid://shopify/Product/8573648372007
gid://shopify/Product/8573648732455;Colar Leopardo De Prata Com Ouro Amarelo - Maxi;;;
gid://shopify/Metafield/30875110080807;;genero;"[""Feminino""]";gid://shopify/Product/8573648732455
gid://shopify/Metafield/30875110113575;;metal;Prata;gid://shopify/Product/8573648732455
gid://shopify/Metafield/30875110146343;;cobertura;Ouro Amarelo;gid://shopify/Product/8573648732455
gid://shopify/Metafield/30875110179111;;cuidadospeca;"Evite o contato de uma joia com a outra. Guarde-as separadamente nas embalagens fornecidas pela Jack Vartanian;
Com o uso, fechos e tarraxas podem necessitar de ajustes para que fiquem com a pressão adequada. Entre em contato conosco;
Após o uso, aconselhamos limpar a joia com flanela de algodão para tirar possíveis resíduos de produtos como maquiagem e perfume;
Evite o contato com água do mar, cremes, perfumes e produtos químicos;
Para peças em prata o primeiro banho é cortesia;
Para peças ocas, evite atritos ou batidas.";gid://shopify/Product/8573648732455
gid://shopify/Product/8573650043175;Brinco Love Ny De Ouro Amarelo 18K E Diamante;;;
gid://shopify/Metafield/30875115225383;;genero;"[""Feminino""]";gid://shopify/Product/8573650043175
gid://shopify/Metafield/30875115258151;;metal;Ouro Amarelo;gid://shopify/Product/8573650043175
gid://shopify/Metafield/30875115290919;;cobertura;Ouro Amarelo;gid://shopify/Product/8573650043175
gid://shopify/Metafield/30875115323687;;pedra;"[""Diamante""]";gid://shopify/Product/8573650043175
gid://shopify/Metafield/30875115356455;;cuidadospeca;"Evite o contato de uma joia com a outra. Guarde-as separadamente nas embalagens fornecidas pela Jack Vartanian;
Com o uso, fechos e tarraxas podem necessitar de ajustes para que fiquem com a pressão adequada. Entre em contato conosco;
Após o uso, aconselhamos limpar a joia com flanela de algodão para tirar possíveis resíduos de produtos como maquiagem e perfume;
Evite o contato com água do mar, cremes, perfumes e produtos químicos.";gid://shopify/Product/8573650043175
gid://shopify/Product/8573650239783;Brinco Ear Cuff Love Ny De Ouro Amarelo 18K;;;
gid://shopify/Metafield/30875116077351;;genero;"[""Feminino""]";gid://shopify/Product/8573650239783
gid://shopify/Metafield/30875116110119;;metal;Ouro Amarelo;gid://shopify/Product/8573650239783
gid://shopify/Metafield/30875116142887;;cobertura;Ouro Amarelo;gid://shopify/Product/8573650239783
gid://shopify/Metafield/30875116208423;;cuidadospeca;"Evite o contato de uma joia com a outra. Guarde-as separadamente nas embalagens fornecidas pela Jack Vartanian;
Com o uso, fechos e tarraxas podem necessitar de ajustes para que fiquem com a pressão adequada. Entre em contato conosco;
Após o uso, aconselhamos limpar a joia com flanela de algodão para tirar possíveis resíduos de produtos como maquiagem e perfume;
Evite o contato com água do mar, cremes, perfumes e produtos químicos.";gid://shopify/Product/8573650239783
gid://shopify/Product/8573650436391;Brinco Ear Cuff Love Ny De Ouro Amarelo 18K;;;
gid://shopify/Metafield/30875117158695;;genero;"[""Feminino""]";gid://shopify/Product/8573650436391
gid://shopify/Metafield/30875117191463;;metal;Ouro Amarelo;gid://shopify/Product/8573650436391
gid://shopify/Metafield/30875117224231;;cobertura;Ouro Amarelo;gid://shopify/Product/8573650436391
gid://shopify/Metafield/30875117256999;;cuidadospeca;"Evite o contato de uma joia com a outra. Guarde-as separadamente nas embalagens fornecidas pela Jack Vartanian;
Com o uso, fechos e tarraxas podem necessitar de ajustes para que fiquem com a pressão adequada. Entre em contato conosco;
Após o uso, aconselhamos limpar a joia com flanela de algodão para tirar possíveis resíduos de produtos como maquiagem e perfume;
Evite o contato com água do mar, cremes, perfumes e produtos químicos.";gid://shopify/Product/8573650436391
gid://shopify/Product/8573650796839;Brinco Love Ny De Ouro Amarelo 18K E Diamante;;;
gid://shopify/Metafield/30875118240039;;genero;"[""Feminino""]";gid://shopify/Product/8573650796839
gid://shopify/Metafield/30875118272807;;metal;Ouro Amarelo;gid://shopify/Product/8573650796839
gid://shopify/Metafield/30875118338343;;cobertura;Ouro Amarelo;gid://shopify/Product/8573650796839
gid://shopify/Metafield/30875118371111;;pedra;"[""Diamante""]";gid://shopify/Product/8573650796839
gid://shopify/Metafield/30875118403879;;cuidadospeca;"Evite o contato de uma joia com a outra. Guarde-as separadamente nas embalagens fornecidas pela Jack Vartanian;
Com o uso, fechos e tarraxas podem necessitar de ajustes para que fiquem com a pressão adequada. Entre em contato conosco;
Após o uso, aconselhamos limpar a joia com flanela de algodão para tirar possíveis resíduos de produtos como maquiagem e perfume;
Evite o contato com água do mar, cremes, perfumes e produtos químicos.";gid://shopify/Product/8573650796839
gid://shopify/Product/8573651255591;Brinco Love Ny De Ouro 18K Com Ródio Negro E Diamante;;;
gid://shopify/Metafield/30875119943975;;genero;"[""Feminino""]";gid://shopify/Product/8573651255591
gid://shopify/Metafield/30875119976743;;metal;Ouro Amarelo;gid://shopify/Product/8573651255591
gid://shopify/Metafield/30875120009511;;cobertura;Ródio Negro;gid://shopify/Product/8573651255591
gid://shopify/Metafield/30875120042279;;pedra;"[""Diamante""]";gid://shopify/Product/8573651255591
gid://shopify/Metafield/30875120107815;;cuidadospeca;"Evite o contato de uma joia com a outra. Guarde-as separadamente nas embalagens fornecidas pela Jack Vartanian;
Com o uso, fechos e tarraxas podem necessitar de ajustes para que fiquem com a pressão adequada. Entre em contato conosco;
Após o uso, aconselhamos limpar a joia com flanela de algodão para tirar possíveis resíduos de produtos como maquiagem e perfume;
Evite o contato com água do mar, cremes, perfumes e produtos químicos.";gid://shopify/Product/8573651255591
gid://shopify/Product/8573651681575;Brinco Love Ny De Ouro Branco 18K E Diamante;;;
gid://shopify/Metafield/30875121320231;;genero;"[""Feminino""]";gid://shopify/Product/8573651681575
gid://shopify/Metafield/30875121352999;;metal;Ouro Branco;gid://shopify/Product/8573651681575
gid://shopify/Metafield/30875121385767;;cobertura;Ouro Branco;gid://shopify/Product/8573651681575
gid://shopify/Metafield/30875121418535;;pedra;"[""Diamante""]";gid://shopify/Product/8573651681575
gid://shopify/Metafield/30875121451303;;cuidadospeca;"Evite o contato de uma joia com a outra. Guarde-as separadamente nas embalagens fornecidas pela Jack Vartanian;
Com o uso, fechos e tarraxas podem necessitar de ajustes para que fiquem com a pressão adequada. Entre em contato conosco;
Após o uso, aconselhamos limpar a joia com flanela de algodão para tirar possíveis resíduos de produtos como maquiagem e perfume;
Evite o contato com água do mar, cremes, perfumes e produtos químicos.";gid://shopify/Product/8573651681575
gid://shopify/Product/8573652107559;Brinco Love Ny De Ouro Branco 18K E Diamante;;;
gid://shopify/Metafield/30875123024167;;genero;"[""Feminino""]";gid://shopify/Product/8573652107559
gid://shopify/Metafield/30875123056935;;metal;Ouro Branco;gid://shopify/Product/8573652107559
gid://shopify/Metafield/30875123089703;;cobertura;Ouro Branco;gid://shopify/Product/8573652107559
gid://shopify/Metafield/30875123122471;;pedra;"[""Diamante""]";gid://shopify/Product/8573652107559
gid://shopify/Metafield/30875123155239;;cuidadospeca;"Evite o contato de uma joia com a outra. Guarde-as separadamente nas embalagens fornecidas pela Jack Vartanian;
Com o uso, fechos e tarraxas podem necessitar de ajustes para que fiquem com a pressão adequada. Entre em contato conosco;
Após o uso, aconselhamos limpar a joia com flanela de algodão para tirar possíveis resíduos de produtos como maquiagem e perfume;
Evite o contato com água do mar, cremes, perfumes e produtos químicos.";gid://shopify/Product/8573652107559
gid://shopify/Product/8573652500775;Brinco Love Ny De Ouro Branco 18K E Diamante;;;
gid://shopify/Metafield/30875124400423;;genero;"[""Feminino""]";gid://shopify/Product/8573652500775
gid://shopify/Metafield/30875124433191;;metal;Ouro Branco;gid://shopify/Product/8573652500775
gid://shopify/Metafield/30875124465959;;cobertura;Ouro Branco;gid://shopify/Product/8573652500775
gid://shopify/Metafield/30875124498727;;pedra;"[""Diamante""]";gid://shopify/Product/8573652500775
gid://shopify/Metafield/30875124531495;;cuidadospeca;"Evite o contato de uma joia com a outra. Guarde-as separadamente nas embalagens fornecidas pela Jack Vartanian;
Com o uso, fechos e tarraxas podem necessitar de ajustes para que fiquem com a pressão adequada. Entre em contato conosco;
Após o uso, aconselhamos limpar a joia com flanela de algodão para tirar possíveis resíduos de produtos como maquiagem e perfume;
Evite o contato com água do mar, cremes, perfumes e produtos químicos.";gid://shopify/Product/8573652500775
gid://shopify/Product/8573652861223;Brinco Ear Cuff Love Ny De Ouro Branco 18K E Diamante;;;
gid://shopify/Metafield/30875125383463;;genero;"[""Feminino""]";gid://shopify/Product/8573652861223
gid://shopify/Metafield/30875125416231;;metal;Ouro Branco;gid://shopify/Product/8573652861223
gid://shopify/Metafield/30875125448999;;cobertura;Ouro Branco;gid://shopify/Product/8573652861223
gid://shopify/Metafield/30875125481767;;pedra;"[""Diamante""]";gid://shopify/Product/8573652861223
gid://shopify/Metafield/30875125514535;;cuidadospeca;"Evite o contato de uma joia com a outra. Guarde-as separadamente nas embalagens fornecidas pela Jack Vartanian;
Com o uso, fechos e tarraxas podem necessitar de ajustes para que fiquem com a pressão adequada. Entre em contato conosco;
Após o uso, aconselhamos limpar a joia com flanela de algodão para tirar possíveis resíduos de produtos como maquiagem e perfume;
Evite o contato com água do mar, cremes, perfumes e produtos químicos.";gid://shopify/Product/8573652861223
gid://shopify/Product/8573653123367;Colar Love Ny De Ouro Amarelo 18K;;;
gid://shopify/Metafield/30875127152935;;genero;"[""Feminino""]";gid://shopify/Product/8573653123367
gid://shopify/Metafield/30875127218471;;metal;Ouro Amarelo;gid://shopify/Product/8573653123367
gid://shopify/Metafield/30875127251239;;cobertura;Ouro Amarelo;gid://shopify/Product/8573653123367
gid://shopify/Metafield/30875127284007;;cuidadospeca;"Evite o contato de uma joia com a outra. Guarde-as separadamente nas embalagens fornecidas pela Jack Vartanian;
Com o uso, fechos e tarraxas podem necessitar de ajustes para que fiquem com a pressão adequada. Entre em contato conosco;
Após o uso, aconselhamos limpar a joia com flanela de algodão para tirar possíveis resíduos de produtos como maquiagem e perfume;
Evite o contato com água do mar, cremes, perfumes e produtos químicos.";gid://shopify/Product/8573653123367
gid://shopify/Product/8573654499623;Colar Love NY De Ouro Branco 18K E Diamante;;;
gid://shopify/Metafield/30875129512231;;genero;"[""Feminino""]";gid://shopify/Product/8573654499623
gid://shopify/Metafield/30875129544999;;metal;Ouro Branco;gid://shopify/Product/8573654499623
gid://shopify/Metafield/30875129577767;;cobertura;Ouro Branco;gid://shopify/Product/8573654499623
gid://shopify/Metafield/30875129610535;;pedra;"[""Diamante""]";gid://shopify/Product/8573654499623
gid://shopify/Metafield/30875129643303;;cuidadospeca;"Evite o contato de uma joia com a outra. Guarde-as separadamente nas embalagens fornecidas pela Jack Vartanian;
Com o uso, fechos e tarraxas podem necessitar de ajustes para que fiquem com a pressão adequada. Entre em contato conosco;
Após o uso, aconselhamos limpar a joia com flanela de algodão para tirar possíveis resíduos de produtos como maquiagem e perfume;
Evite o contato com água do mar, cremes, perfumes e produtos químicos.";gid://shopify/Product/8573654499623
gid://shopify/Product/8573654860071;Colar Love NY De Ouro Branco 18K E Diamante;;;
gid://shopify/Metafield/30875130855719;;genero;"[""Feminino""]";gid://shopify/Product/8573654860071
gid://shopify/Metafield/30875130921255;;metal;Ouro Branco;gid://shopify/Product/8573654860071
gid://shopify/Metafield/30875131019559;;cobertura;Ouro Branco;gid://shopify/Product/8573654860071
gid://shopify/Metafield/30875131117863;;pedra;"[""Diamante""]";gid://shopify/Product/8573654860071
gid://shopify/Metafield/30875131150631;;cuidadospeca;"Evite o contato de uma joia com a outra. Guarde-as separadamente nas embalagens fornecidas pela Jack Vartanian;
Com o uso, fechos e tarraxas podem necessitar de ajustes para que fiquem com a pressão adequada. Entre em contato conosco;
Após o uso, aconselhamos limpar a joia com flanela de algodão para tirar possíveis resíduos de produtos como maquiagem e perfume;
Evite o contato com água do mar, cremes, perfumes e produtos químicos.";gid://shopify/Product/8573654860071
gid://shopify/Product/8577717993767;Brinco Lifestyle De Ouro Amarelo 18K;;;
gid://shopify/Metafield/30885508383015;;genero;"[""Feminino""]";gid://shopify/Product/8577717993767
gid://shopify/Metafield/30885508415783;;metal;Ouro Amarelo;gid://shopify/Product/8577717993767
gid://shopify/Metafield/30885508448551;;cobertura;Ouro Amarelo;gid://shopify/Product/8577717993767
gid://shopify/Metafield/30885508481319;;cuidadospeca;"Evite o contato de uma joia com a outra. Guarde-as separadamente nas embalagens fornecidas pela Jack Vartanian;
Com o uso, fechos e tarraxas podem necessitar de ajustes para que fiquem com a pressão adequada. Entre em contato conosco;
Após o uso, aconselhamos limpar a joia com flanela de algodão para tirar possíveis resíduos de produtos como maquiagem e perfume;
Evite o contato com água do mar, cremes, perfumes e produtos químicos.";gid://shopify/Product/8577717993767
gid://shopify/Product/8577718092071;Brinco Lifestyle De Ouro Amarelo 18K - P;;;
gid://shopify/Metafield/30885508808999;;genero;"[""Feminino""]";gid://shopify/Product/8577718092071
gid://shopify/Metafield/30885508841767;;metal;Ouro Amarelo;gid://shopify/Product/8577718092071
gid://shopify/Metafield/30885508874535;;cobertura;Ouro Amarelo;gid://shopify/Product/8577718092071
gid://shopify/Metafield/30885508907303;;cuidadospeca;"Evite o contato de uma joia com a outra. Guarde-as separadamente nas embalagens fornecidas pela Jack Vartanian;
Com o uso, fechos e tarraxas podem necessitar de ajustes para que fiquem com a pressão adequada. Entre em contato conosco;
Após o uso, aconselhamos limpar a joia com flanela de algodão para tirar possíveis resíduos de produtos como maquiagem e perfume;
Evite o contato com água do mar, cremes, perfumes e produtos químicos.";gid://shopify/Product/8577718092071
gid://shopify/Product/8577718190375;Brinco Lifestyle De Ouro Amarelo 18K;;;
gid://shopify/Metafield/30885509103911;;genero;"[""Feminino""]";gid://shopify/Product/8577718190375
gid://shopify/Metafield/30885509136679;;metal;Ouro Amarelo;gid://shopify/Product/8577718190375
gid://shopify/Metafield/30885509169447;;cobertura;Ouro Amarelo;gid://shopify/Product/8577718190375
gid://shopify/Metafield/30885509202215;;cuidadospeca;"Evite o contato de uma joia com a outra. Guarde-as separadamente nas embalagens fornecidas pela Jack Vartanian;
Com o uso, fechos e tarraxas podem necessitar de ajustes para que fiquem com a pressão adequada. Entre em contato conosco;
Após o uso, aconselhamos limpar a joia com flanela de algodão para tirar possíveis resíduos de produtos como maquiagem e perfume;
Evite o contato com água do mar, cremes, perfumes e produtos químicos.";gid://shopify/Product/8577718190375
gid://shopify/Product/8577718288679;Brinco Lifestyle De Ouro 18K Com Ródio Negro E Diamante Negro;;;
gid://shopify/Metafield/30885509234983;;genero;"[""Feminino""]";gid://shopify/Product/8577718288679
gid://shopify/Metafield/30885509267751;;metal;Ouro Amarelo;gid://shopify/Product/8577718288679
gid://shopify/Metafield/30885509300519;;cobertura;Ródio Negro;gid://shopify/Product/8577718288679
gid://shopify/Metafield/30885509333287;;pedra;"[""Diamante Negro""]";gid://shopify/Product/8577718288679
gid://shopify/Metafield/30885509366055;;cuidadospeca;"Evite o contato de uma joia com a outra. Guarde-as separadamente nas embalagens fornecidas pela Jack Vartanian;
Com o uso, fechos e tarraxas podem necessitar de ajustes para que fiquem com a pressão adequada. Entre em contato conosco;
Após o uso, aconselhamos limpar a joia com flanela de algodão para tirar possíveis resíduos de produtos como maquiagem e perfume;
Evite o contato com água do mar, cremes, perfumes e produtos químicos.";gid://shopify/Product/8577718288679
gid://shopify/Product/8577718583591;Brinco Ear Cuff Lifestyle De Ouro 18K Com Ródio Negro E Diamante;;;
gid://shopify/Metafield/30885510054183;;genero;"[""Feminino""]";gid://shopify/Product/8577718583591
gid://shopify/Metafield/30885510086951;;metal;Ouro Amarelo;gid://shopify/Product/8577718583591
gid://shopify/Metafield/30885510119719;;cobertura;Ródio Negro;gid://shopify/Product/8577718583591
gid://shopify/Metafield/30885510152487;;pedra;"[""Diamante""]";gid://shopify/Product/8577718583591
gid://shopify/Metafield/30885510185255;;cuidadospeca;"Evite o contato de uma joia com a outra. Guarde-as separadamente nas embalagens fornecidas pela Jack Vartanian;
Com o uso, fechos e tarraxas podem necessitar de ajustes para que fiquem com a pressão adequada. Entre em contato conosco;
Após o uso, aconselhamos limpar a joia com flanela de algodão para tirar possíveis resíduos de produtos como maquiagem e perfume;
Evite o contato com água do mar, cremes, perfumes e produtos químicos.";gid://shopify/Product/8577718583591
gid://shopify/Product/8577718681895;Brinco Lifestyle De Ouro 18K Com Ródio Negro E Diamante E Esmeralda;;;
gid://shopify/Metafield/30885510414631;;genero;"[""Feminino""]";gid://shopify/Product/8577718681895
gid://shopify/Metafield/30885510447399;;metal;Ouro Amarelo;gid://shopify/Product/8577718681895
gid://shopify/Metafield/30885510480167;;cobertura;Ródio Negro;gid://shopify/Product/8577718681895
gid://shopify/Metafield/30885510545703;;pedra;"[""Diamante"",""Esmeralda""]";gid://shopify/Product/8577718681895
gid://shopify/Metafield/30885510611239;;cuidadospeca;"Evite o contato de uma joia com a outra. Guarde-as separadamente nas embalagens fornecidas pela Jack Vartanian;
Com o uso, fechos e tarraxas podem necessitar de ajustes para que fiquem com a pressão adequada. Entre em contato conosco;
Após o uso, aconselhamos limpar a joia com flanela de algodão para tirar possíveis resíduos de produtos como maquiagem e perfume;
Evite o contato com água do mar, cremes, perfumes e produtos químicos.";gid://shopify/Product/8577718681895
gid://shopify/Product/8577719206183;Brinco Lifestyle De Ouro 18K Com Ródio Negro E Diamante;;;
gid://shopify/Metafield/30885511004455;;genero;"[""Feminino""]";gid://shopify/Product/8577719206183
gid://shopify/Metafield/30885511037223;;metal;Ouro Amarelo;gid://shopify/Product/8577719206183
gid://shopify/Metafield/30885511069991;;cobertura;Ródio Negro;gid://shopify/Product/8577719206183
gid://shopify/Metafield/30885511102759;;pedra;"[""Diamante""]";gid://shopify/Product/8577719206183
gid://shopify/Metafield/30885511135527;;cuidadospeca;"Evite o contato de uma joia com a outra. Guarde-as separadamente nas embalagens fornecidas pela Jack Vartanian;
Com o uso, fechos e tarraxas podem necessitar de ajustes para que fiquem com a pressão adequada. Entre em contato conosco;
Após o uso, aconselhamos limpar a joia com flanela de algodão para tirar possíveis resíduos de produtos como maquiagem e perfume;
Evite o contato com água do mar, cremes, perfumes e produtos químicos.";gid://shopify/Product/8577719206183
gid://shopify/Product/8577719370023;Brinco Lifestyle De Ouro 18K Com Ródio Negro E Diamante - G;;;
gid://shopify/Metafield/30885511364903;;genero;"[""Feminino""]";gid://shopify/Product/8577719370023
gid://shopify/Metafield/30885511397671;;metal;Ouro Amarelo;gid://shopify/Product/8577719370023
gid://shopify/Metafield/30885511430439;;cobertura;Ródio Negro;gid://shopify/Product/8577719370023
gid://shopify/Metafield/30885511463207;;pedra;"[""Diamante""]";gid://shopify/Product/8577719370023
gid://shopify/Metafield/30885511495975;;cuidadospeca;"Evite o contato de uma joia com a outra. Guarde-as separadamente nas embalagens fornecidas pela Jack Vartanian;
Com o uso, fechos e tarraxas podem necessitar de ajustes para que fiquem com a pressão adequada. Entre em contato conosco;
Após o uso, aconselhamos limpar a joia com flanela de algodão para tirar possíveis resíduos de produtos como maquiagem e perfume;
Evite o contato com água do mar, cremes, perfumes e produtos químicos.";gid://shopify/Product/8577719370023
gid://shopify/Product/8577719533863;Brinco Lifestyle De Ouro 18K Com Ródio Negro E Diamante;;;
gid://shopify/Metafield/30885511528743;;genero;"[""Feminino""]";gid://shopify/Product/8577719533863
gid://shopify/Metafield/30885511561511;;metal;Ouro Amarelo;gid://shopify/Product/8577719533863
gid://shopify/Metafield/30885511594279;;cobertura;Ródio Negro;gid://shopify/Product/8577719533863
gid://shopify/Metafield/30885511627047;;pedra;"[""Diamante""]";gid://shopify/Product/8577719533863
gid://shopify/Metafield/30885511659815;;cuidadospeca;"Evite o contato de uma joia com a outra. Guarde-as separadamente nas embalagens fornecidas pela Jack Vartanian;
Com o uso, fechos e tarraxas podem necessitar de ajustes para que fiquem com a pressão adequada. Entre em contato conosco;
Após o uso, aconselhamos limpar a joia com flanela de algodão para tirar possíveis resíduos de produtos como maquiagem e perfume;
Evite o contato com água do mar, cremes, perfumes e produtos químicos.";gid://shopify/Product/8577719533863
gid://shopify/Product/8577719632167;Brinco Lifestyle De Ouro 18K Com Ródio Negro E Diamante Negro;;;
gid://shopify/Metafield/30885511692583;;genero;"[""Feminino""]";gid://shopify/Product/8577719632167
gid://shopify/Metafield/30885511725351;;metal;Ouro Amarelo;gid://shopify/Product/8577719632167
gid://shopify/Metafield/30885511758119;;cobertura;Ródio Negro;gid://shopify/Product/8577719632167
gid://shopify/Metafield/30885511790887;;pedra;"[""Diamante Negro""]";gid://shopify/Product/8577719632167
gid://shopify/Metafield/30885511823655;;cuidadospeca;"Evite o contato de uma joia com a outra. Guarde-as separadamente nas embalagens fornecidas pela Jack Vartanian;
Com o uso, fechos e tarraxas podem necessitar de ajustes para que fiquem com a pressão adequada. Entre em contato conosco;
Após o uso, aconselhamos limpar a joia com flanela de algodão para tirar possíveis resíduos de produtos como maquiagem e perfume;
Evite o contato com água do mar, cremes, perfumes e produtos químicos.";gid://shopify/Product/8577719632167
gid://shopify/Product/8577719664935;Brinco Lifestyle De Ouro Branco 18K E Diamante;;;
gid://shopify/Metafield/30885511954727;;genero;"[""Feminino""]";gid://shopify/Product/8577719664935
gid://shopify/Metafield/30885512020263;;metal;Ouro Branco;gid://shopify/Product/8577719664935
gid://shopify/Metafield/30885512053031;;cobertura;Ouro Branco;gid://shopify/Product/8577719664935
gid://shopify/Metafield/30885512085799;;pedra;"[""Diamante""]";gid://shopify/Product/8577719664935
gid://shopify/Metafield/30885512151335;;cuidadospeca;"Evite o contato de uma joia com a outra. Guarde-as separadamente nas embalagens fornecidas pela Jack Vartanian;
Com o uso, fechos e tarraxas podem necessitar de ajustes para que fiquem com a pressão adequada. Entre em contato conosco;
Após o uso, aconselhamos limpar a joia com flanela de algodão para tirar possíveis resíduos de produtos como maquiagem e perfume;
Evite o contato com água do mar, cremes, perfumes e produtos químicos.";gid://shopify/Product/8577719664935
gid://shopify/Product/8577719730471;Brinco Lifestyle De Ouro Branco 18K E Diamante;;;
gid://shopify/Metafield/30885512511783;;genero;"[""Feminino""]";gid://shopify/Product/8577719730471
gid://shopify/Metafield/30885512544551;;metal;Ouro Branco;gid://shopify/Product/8577719730471
gid://shopify/Metafield/30885512577319;;cobertura;Ouro Branco;gid://shopify/Product/8577719730471
gid://shopify/Metafield/30885512610087;;pedra;"[""Diamante""]";gid://shopify/Product/8577719730471
gid://shopify/Metafield/30885512642855;;cuidadospeca;"Evite o contato de uma joia com a outra. Guarde-as separadamente nas embalagens fornecidas pela Jack Vartanian;
Com o uso, fechos e tarraxas podem necessitar de ajustes para que fiquem com a pressão adequada. Entre em contato conosco;
Após o uso, aconselhamos limpar a joia com flanela de algodão para tirar possíveis resíduos de produtos como maquiagem e perfume;
Evite o contato com água do mar, cremes, perfumes e produtos químicos.";gid://shopify/Product/8577719730471
gid://shopify/Product/8577719828775;Brinco Ear Cuff Lifestyle De Ouro Branco 18K E Diamante;;;
gid://shopify/Metafield/30885512839463;;genero;"[""Feminino""]";gid://shopify/Product/8577719828775
gid://shopify/Metafield/30885512872231;;metal;Ouro Branco;gid://shopify/Product/8577719828775
gid://shopify/Metafield/30885512904999;;cobertura;Ouro Branco;gid://shopify/Product/8577719828775
gid://shopify/Metafield/30885512937767;;pedra;"[""Diamante""]";gid://shopify/Product/8577719828775
gid://shopify/Metafield/30885512970535;;cuidadospeca;"Evite o contato de uma joia com a outra. Guarde-as separadamente nas embalagens fornecidas pela Jack Vartanian;
Com o uso, fechos e tarraxas podem necessitar de ajustes para que fiquem com a pressão adequada. Entre em contato conosco;
Após o uso, aconselhamos limpar a joia com flanela de algodão para tirar possíveis resíduos de produtos como maquiagem e perfume;
Evite o contato com água do mar, cremes, perfumes e produtos químicos.";gid://shopify/Product/8577719828775
gid://shopify/Product/8577719861543;Brinco Lifestyle De Ouro Branco 18K E Diamante - P;;;
gid://shopify/Metafield/30885513560359;;genero;"[""Feminino""]";gid://shopify/Product/8577719861543
gid://shopify/Metafield/30885513593127;;metal;Ouro Branco;gid://shopify/Product/8577719861543
gid://shopify/Metafield/30885513625895;;cobertura;Ouro Branco;gid://shopify/Product/8577719861543
gid://shopify/Metafield/30885513658663;;pedra;"[""Diamante""]";gid://shopify/Product/8577719861543
gid://shopify/Metafield/30885513691431;;cuidadospeca;"Evite o contato de uma joia com a outra. Guarde-as separadamente nas embalagens fornecidas pela Jack Vartanian;
Com o uso, fechos e tarraxas podem necessitar de ajustes para que fiquem com a pressão adequada. Entre em contato conosco;
Após o uso, aconselhamos limpar a joia com flanela de algodão para tirar possíveis resíduos de produtos como maquiagem e perfume;
Evite o contato com água do mar, cremes, perfumes e produtos químicos.";gid://shopify/Product/8577719861543
gid://shopify/Product/8577719894311;Brinco Lifestyle De Ouro Branco 18K E Diamante;;;
gid://shopify/Metafield/30885513724199;;genero;"[""Feminino""]";gid://shopify/Product/8577719894311
gid://shopify/Metafield/30885513756967;;metal;Ouro Branco;gid://shopify/Product/8577719894311
gid://shopify/Metafield/30885513789735;;cobertura;Ouro Branco;gid://shopify/Product/8577719894311
gid://shopify/Metafield/30885513822503;;pedra;"[""Diamante""]";gid://shopify/Product/8577719894311
gid://shopify/Metafield/30885513888039;;cuidadospeca;"Evite o contato de uma joia com a outra. Guarde-as separadamente nas embalagens fornecidas pela Jack Vartanian;
Com o uso, fechos e tarraxas podem necessitar de ajustes para que fiquem com a pressão adequada. Entre em contato conosco;
Após o uso, aconselhamos limpar a joia com flanela de algodão para tirar possíveis resíduos de produtos como maquiagem e perfume;
Evite o contato com água do mar, cremes, perfumes e produtos químicos.";gid://shopify/Product/8577719894311
gid://shopify/Product/8577719992615;Brinco Lifestyle De Ouro Branco 18K E Diamante - P;;;
gid://shopify/Metafield/30885514117415;;genero;"[""Feminino""]";gid://shopify/Product/8577719992615
gid://shopify/Metafield/30885514150183;;metal;Ouro Branco;gid://shopify/Product/8577719992615
gid://shopify/Metafield/30885514182951;;cobertura;Ouro Branco;gid://shopify/Product/8577719992615
gid://shopify/Metafield/30885514215719;;pedra;"[""Diamante""]";gid://shopify/Product/8577719992615
gid://shopify/Metafield/30885514248487;;cuidadospeca;"Evite o contato de uma joia com a outra. Guarde-as separadamente nas embalagens fornecidas pela Jack Vartanian;
Com o uso, fechos e tarraxas podem necessitar de ajustes para que fiquem com a pressão adequada. Entre em contato conosco;
Após o uso, aconselhamos limpar a joia com flanela de algodão para tirar possíveis resíduos de produtos como maquiagem e perfume;
Evite o contato com água do mar, cremes, perfumes e produtos químicos.";gid://shopify/Product/8577719992615
gid://shopify/Product/8577720156455;Brinco Lifestyle De Ouro Branco 18K E Diamante - G;;;
gid://shopify/Metafield/30885514805543;;genero;"[""Feminino""]";gid://shopify/Product/8577720156455
gid://shopify/Metafield/30885514838311;;metal;Ouro Branco;gid://shopify/Product/8577720156455
gid://shopify/Metafield/30885514871079;;cobertura;Ouro Branco;gid://shopify/Product/8577720156455
gid://shopify/Metafield/30885514903847;;pedra;"[""Diamante""]";gid://shopify/Product/8577720156455
gid://shopify/Metafield/30885514936615;;cuidadospeca;"Evite o contato de uma joia com a outra. Guarde-as separadamente nas embalagens fornecidas pela Jack Vartanian;
Com o uso, fechos e tarraxas podem necessitar de ajustes para que fiquem com a pressão adequada. Entre em contato conosco;
Após o uso, aconselhamos limpar a joia com flanela de algodão para tirar possíveis resíduos de produtos como maquiagem e perfume;
Evite o contato com água do mar, cremes, perfumes e produtos químicos.";gid://shopify/Product/8577720156455
gid://shopify/Product/8577720221991;Piercing Lifestyle De Ouro Amarelo 18K;;;
gid://shopify/Metafield/30885515002151;;genero;"[""Feminino""]";gid://shopify/Product/8577720221991
gid://shopify/Metafield/30885515034919;;metal;Ouro Amarelo;gid://shopify/Product/8577720221991
gid://shopify/Metafield/30885515067687;;cobertura;Ouro Amarelo;gid://shopify/Product/8577720221991
gid://shopify/Metafield/30885515100455;;cuidadospeca;"Evite o contato de uma joia com a outra. Guarde-as separadamente nas embalagens fornecidas pela Jack Vartanian;
Com o uso, fechos e tarraxas podem necessitar de ajustes para que fiquem com a pressão adequada. Entre em contato conosco;
Após o uso, aconselhamos limpar a joia com flanela de algodão para tirar possíveis resíduos de produtos como maquiagem e perfume;
Evite o contato com água do mar, cremes, perfumes e produtos químicos.";gid://shopify/Product/8577720221991
gid://shopify/Product/8577720287527;Piercing Lifestyle De Ouro 18K Com Ródio Negro E Diamante;;;
gid://shopify/Metafield/30885515329831;;genero;"[""Feminino""]";gid://shopify/Product/8577720287527
gid://shopify/Metafield/30885515362599;;metal;Ouro Amarelo;gid://shopify/Product/8577720287527
gid://shopify/Metafield/30885515395367;;cobertura;Ródio Negro;gid://shopify/Product/8577720287527
gid://shopify/Metafield/30885515428135;;pedra;"[""Diamante""]";gid://shopify/Product/8577720287527
gid://shopify/Metafield/30885515460903;;cuidadospeca;"Evite o contato de uma joia com a outra. Guarde-as separadamente nas embalagens fornecidas pela Jack Vartanian;
Com o uso, fechos e tarraxas podem necessitar de ajustes para que fiquem com a pressão adequada. Entre em contato conosco;
Após o uso, aconselhamos limpar a joia com flanela de algodão para tirar possíveis resíduos de produtos como maquiagem e perfume;
Evite o contato com água do mar, cremes, perfumes e produtos químicos.";gid://shopify/Product/8577720287527
gid://shopify/Product/8577720353063;Piercing Lifestyle De Ouro 18K Com Ródio Negro E Diamante;;;
gid://shopify/Metafield/30885515493671;;genero;"[""Feminino""]";gid://shopify/Product/8577720353063
gid://shopify/Metafield/30885515526439;;metal;Ouro Amarelo;gid://shopify/Product/8577720353063
gid://shopify/Metafield/30885515559207;;cobertura;Ródio Negro;gid://shopify/Product/8577720353063
gid://shopify/Metafield/30885515591975;;pedra;"[""Diamante""]";gid://shopify/Product/8577720353063
gid://shopify/Metafield/30885515624743;;cuidadospeca;"Evite o contato de uma joia com a outra. Guarde-as separadamente nas embalagens fornecidas pela Jack Vartanian;
Com o uso, fechos e tarraxas podem necessitar de ajustes para que fiquem com a pressão adequada. Entre em contato conosco;
Após o uso, aconselhamos limpar a joia com flanela de algodão para tirar possíveis resíduos de produtos como maquiagem e perfume;
Evite o contato com água do mar, cremes, perfumes e produtos químicos.";gid://shopify/Product/8577720353063
gid://shopify/Product/8577720385831;Piercing Lifestyle De Ouro 18K Com Ródio Negro E Diamante;;;
gid://shopify/Metafield/30885516149031;;genero;"[""Feminino""]";gid://shopify/Product/8577720385831
gid://shopify/Metafield/30885516181799;;metal;Ouro Amarelo;gid://shopify/Product/8577720385831
gid://shopify/Metafield/30885516214567;;cobertura;Ródio Negro;gid://shopify/Product/8577720385831
gid://shopify/Metafield/30885516247335;;pedra;"[""Diamante""]";gid://shopify/Product/8577720385831
gid://shopify/Metafield/30885516280103;;cuidadospeca;"Evite o contato de uma joia com a outra. Guarde-as separadamente nas embalagens fornecidas pela Jack Vartanian;
Com o uso, fechos e tarraxas podem necessitar de ajustes para que fiquem com a pressão adequada. Entre em contato conosco;
Após o uso, aconselhamos limpar a joia com flanela de algodão para tirar possíveis resíduos de produtos como maquiagem e perfume;
Evite o contato com água do mar, cremes, perfumes e produtos químicos.";gid://shopify/Product/8577720385831
gid://shopify/Product/8577720615207;Piercing Lifestyle De Ouro Branco 18K E Diamante;;;
gid://shopify/Metafield/30885516673319;;genero;"[""Feminino""]";gid://shopify/Product/8577720615207
gid://shopify/Metafield/30885516706087;;metal;Ouro Branco;gid://shopify/Product/8577720615207
gid://shopify/Metafield/30885516738855;;cobertura;Ouro Branco;gid://shopify/Product/8577720615207
gid://shopify/Metafield/30885516771623;;pedra;"[""Diamante""]";gid://shopify/Product/8577720615207
gid://shopify/Metafield/30885516804391;;cuidadospeca;"Evite o contato de uma joia com a outra. Guarde-as separadamente nas embalagens fornecidas pela Jack Vartanian;
Com o uso, fechos e tarraxas podem necessitar de ajustes para que fiquem com a pressão adequada. Entre em contato conosco;
Após o uso, aconselhamos limpar a joia com flanela de algodão para tirar possíveis resíduos de produtos como maquiagem e perfume;
Evite o contato com água do mar, cremes, perfumes e produtos químicos.";gid://shopify/Product/8577720615207
gid://shopify/Product/8577720746279;Piercing Lifestyle De Ouro Branco 18K E Diamante;;;
gid://shopify/Metafield/30885517295911;;genero;"[""Feminino""]";gid://shopify/Product/8577720746279
gid://shopify/Metafield/30885517328679;;metal;Ouro Branco;gid://shopify/Product/8577720746279
gid://shopify/Metafield/30885517361447;;cobertura;Ouro Branco;gid://shopify/Product/8577720746279
gid://shopify/Metafield/30885517394215;;pedra;"[""Diamante""]";gid://shopify/Product/8577720746279
gid://shopify/Metafield/30885517426983;;cuidadospeca;"Evite o contato de uma joia com a outra. Guarde-as separadamente nas embalagens fornecidas pela Jack Vartanian;
Com o uso, fechos e tarraxas podem necessitar de ajustes para que fiquem com a pressão adequada. Entre em contato conosco;
Após o uso, aconselhamos limpar a joia com flanela de algodão para tirar possíveis resíduos de produtos como maquiagem e perfume;
Evite o contato com água do mar, cremes, perfumes e produtos químicos.";gid://shopify/Product/8577720746279
gid://shopify/Product/8577720811815;Piercing Lifestyle De Ouro Branco 18K E Diamante;;;
gid://shopify/Metafield/30885518377255;;genero;"[""Feminino""]";gid://shopify/Product/8577720811815
gid://shopify/Metafield/30885518410023;;metal;Ouro Branco;gid://shopify/Product/8577720811815
gid://shopify/Metafield/30885518442791;;cobertura;Ouro Branco;gid://shopify/Product/8577720811815
gid://shopify/Metafield/30885518475559;;pedra;"[""Diamante""]";gid://shopify/Product/8577720811815
gid://shopify/Metafield/30885518508327;;cuidadospeca;"Evite o contato de uma joia com a outra. Guarde-as separadamente nas embalagens fornecidas pela Jack Vartanian;
Com o uso, fechos e tarraxas podem necessitar de ajustes para que fiquem com a pressão adequada. Entre em contato conosco;
Após o uso, aconselhamos limpar a joia com flanela de algodão para tirar possíveis resíduos de produtos como maquiagem e perfume;
Evite o contato com água do mar, cremes, perfumes e produtos químicos.";gid://shopify/Product/8577720811815
gid://shopify/Product/8577720942887;Pulseira Lifestyle De Ouro 18K Com Ródio Negro E Diamante;;;
gid://shopify/Metafield/30885518606631;;genero;"[""Feminino""]";gid://shopify/Product/8577720942887
gid://shopify/Metafield/30885518639399;;metal;Ouro Amarelo;gid://shopify/Product/8577720942887
gid://shopify/Metafield/30885518672167;;cobertura;Ródio Negro;gid://shopify/Product/8577720942887
gid://shopify/Metafield/30885518704935;;pedra;"[""Diamante""]";gid://shopify/Product/8577720942887
gid://shopify/Metafield/30885518737703;;cuidadospeca;"Evite o contato de uma joia com a outra. Guarde-as separadamente nas embalagens fornecidas pela Jack Vartanian;
Com o uso, fechos e tarraxas podem necessitar de ajustes para que fiquem com a pressão adequada. Entre em contato conosco;
Após o uso, aconselhamos limpar a joia com flanela de algodão para tirar possíveis resíduos de produtos como maquiagem e perfume;
Evite o contato com água do mar, cremes, perfumes e produtos químicos.";gid://shopify/Product/8577720942887
gid://shopify/Product/8577721008423;Pulseira Lifestyle De Ouro Branco 18K E Diamante;;;
gid://shopify/Metafield/30885519393063;;genero;"[""Feminino""]";gid://shopify/Product/8577721008423
gid://shopify/Metafield/30885519425831;;metal;Ouro Branco;gid://shopify/Product/8577721008423
gid://shopify/Metafield/30885519458599;;cobertura;Ouro Branco;gid://shopify/Product/8577721008423
gid://shopify/Metafield/30885519491367;;pedra;"[""Diamante""]";gid://shopify/Product/8577721008423
gid://shopify/Metafield/30885519524135;;cuidadospeca;"Evite o contato de uma joia com a outra. Guarde-as separadamente nas embalagens fornecidas pela Jack Vartanian;
Com o uso, fechos e tarraxas podem necessitar de ajustes para que fiquem com a pressão adequada. Entre em contato conosco;
Após o uso, aconselhamos limpar a joia com flanela de algodão para tirar possíveis resíduos de produtos como maquiagem e perfume;
Evite o contato com água do mar, cremes, perfumes e produtos químicos.";gid://shopify/Product/8577721008423
gid://shopify/Product/8577722253607;Brinco Orquidea De Ouro Branco 18K E Diamante;;;
gid://shopify/Metafield/30885524832551;;genero;"[""Feminino""]";gid://shopify/Product/8577722253607
gid://shopify/Metafield/30885524865319;;metal;Ouro Branco;gid://shopify/Product/8577722253607
gid://shopify/Metafield/30885524898087;;cobertura;Ouro Branco;gid://shopify/Product/8577722253607
gid://shopify/Metafield/30885524930855;;pedra;"[""Diamante""]";gid://shopify/Product/8577722253607
gid://shopify/Metafield/30885524963623;;cuidadospeca;"Evite o contato de uma joia com a outra. Guarde-as separadamente nas embalagens fornecidas pela Jack Vartanian;
Com o uso, fechos e tarraxas podem necessitar de ajustes para que fiquem com a pressão adequada. Entre em contato conosco;
Após o uso, aconselhamos limpar a joia com flanela de algodão para tirar possíveis resíduos de produtos como maquiagem e perfume;
Evite o contato com água do mar, cremes, perfumes e produtos químicos.";gid://shopify/Product/8577722253607
gid://shopify/Product/8577722450215;Brinco Orquidea De Prata Com Ouro Rosa E Diamante;;;
gid://shopify/Metafield/30885525324071;;genero;"[""Feminino""]";gid://shopify/Product/8577722450215
gid://shopify/Metafield/30885525356839;;metal;Prata;gid://shopify/Product/8577722450215
gid://shopify/Metafield/30885525389607;;cobertura;Ouro Rosa;gid://shopify/Product/8577722450215
gid://shopify/Metafield/30885525422375;;pedra;"[""Diamante""]";gid://shopify/Product/8577722450215
gid://shopify/Metafield/30885525455143;;cuidadospeca;"Evite o contato de uma joia com a outra. Guarde-as separadamente nas embalagens fornecidas pela Jack Vartanian;
Com o uso, fechos e tarraxas podem necessitar de ajustes para que fiquem com a pressão adequada. Entre em contato conosco;
Após o uso, aconselhamos limpar a joia com flanela de algodão para tirar possíveis resíduos de produtos como maquiagem e perfume;
Evite o contato com água do mar, cremes, perfumes e produtos químicos;
Para peças em prata o primeiro banho é cortesia;
Para peças ocas, evite atritos ou batidas.";gid://shopify/Product/8577722450215
gid://shopify/Product/8577722548519;Brinco Orquidea De Prata Com Ouro Rosa E Diamante;;;
gid://shopify/Metafield/30885526143271;;genero;"[""Feminino""]";gid://shopify/Product/8577722548519
gid://shopify/Metafield/30885526176039;;metal;Prata;gid://shopify/Product/8577722548519
gid://shopify/Metafield/30885526208807;;cobertura;Ouro Rosa;gid://shopify/Product/8577722548519
gid://shopify/Metafield/30885526241575;;pedra;"[""Diamante""]";gid://shopify/Product/8577722548519
gid://shopify/Metafield/30885526274343;;cuidadospeca;"Evite o contato de uma joia com a outra. Guarde-as separadamente nas embalagens fornecidas pela Jack Vartanian;
Com o uso, fechos e tarraxas podem necessitar de ajustes para que fiquem com a pressão adequada. Entre em contato conosco;
Após o uso, aconselhamos limpar a joia com flanela de algodão para tirar possíveis resíduos de produtos como maquiagem e perfume;
Evite o contato com água do mar, cremes, perfumes e produtos químicos;
Para peças em prata o primeiro banho é cortesia;
Para peças ocas, evite atritos ou batidas.";gid://shopify/Product/8577722548519
gid://shopify/Product/8577722679591;Brinco Orquidea De Prata Com Ródio Negro E Diamante;;;
gid://shopify/Metafield/30885526634791;;genero;"[""Feminino""]";gid://shopify/Product/8577722679591
gid://shopify/Metafield/30885526667559;;metal;Prata;gid://shopify/Product/8577722679591
gid://shopify/Metafield/30885526700327;;cobertura;Ródio Negro;gid://shopify/Product/8577722679591
gid://shopify/Metafield/30885526733095;;pedra;"[""Diamante""]";gid://shopify/Product/8577722679591
gid://shopify/Metafield/30885526765863;;cuidadospeca;"Evite o contato de uma joia com a outra. Guarde-as separadamente nas embalagens fornecidas pela Jack Vartanian;
Com o uso, fechos e tarraxas podem necessitar de ajustes para que fiquem com a pressão adequada. Entre em contato conosco;
Após o uso, aconselhamos limpar a joia com flanela de algodão para tirar possíveis resíduos de produtos como maquiagem e perfume;
Evite o contato com água do mar, cremes, perfumes e produtos químicos;
Para peças em prata o primeiro banho é cortesia;
Para peças ocas, evite atritos ou batidas.";gid://shopify/Product/8577722679591
gid://shopify/Product/8577722777895;Brinco Orquidea De Prata Com Ródio Negro E Diamante;;;
gid://shopify/Metafield/30885527355687;;genero;"[""Feminino""]";gid://shopify/Product/8577722777895
gid://shopify/Metafield/30885527388455;;metal;Prata;gid://shopify/Product/8577722777895
gid://shopify/Metafield/30885527421223;;cobertura;Ródio Negro;gid://shopify/Product/8577722777895
gid://shopify/Metafield/30885527453991;;pedra;"[""Diamante""]";gid://shopify/Product/8577722777895
gid://shopify/Metafield/30885527486759;;cuidadospeca;"Evite o contato de uma joia com a outra. Guarde-as separadamente nas embalagens fornecidas pela Jack Vartanian;
Com o uso, fechos e tarraxas podem necessitar de ajustes para que fiquem com a pressão adequada. Entre em contato conosco;
Após o uso, aconselhamos limpar a joia com flanela de algodão para tirar possíveis resíduos de produtos como maquiagem e perfume;
Evite o contato com água do mar, cremes, perfumes e produtos químicos;
Para peças em prata o primeiro banho é cortesia;
Para peças ocas, evite atritos ou batidas.";gid://shopify/Product/8577722777895
gid://shopify/Product/8577723007271;Colar Orquidea De Prata Com Ouro Rosa E Diamante;;;
gid://shopify/Metafield/30885527978279;;genero;"[""Feminino""]";gid://shopify/Product/8577723007271
gid://shopify/Metafield/30885528011047;;metal;Prata;gid://shopify/Product/8577723007271
gid://shopify/Metafield/30885528043815;;cobertura;Ouro Rosa;gid://shopify/Product/8577723007271
gid://shopify/Metafield/30885528076583;;pedra;"[""Diamante""]";gid://shopify/Product/8577723007271
gid://shopify/Metafield/30885528109351;;cuidadospeca;"Evite o contato de uma joia com a outra. Guarde-as separadamente nas embalagens fornecidas pela Jack Vartanian;
Com o uso, fechos e tarraxas podem necessitar de ajustes para que fiquem com a pressão adequada. Entre em contato conosco;
Após o uso, aconselhamos limpar a joia com flanela de algodão para tirar possíveis resíduos de produtos como maquiagem e perfume;
Evite o contato com água do mar, cremes, perfumes e produtos químicos;
Para peças em prata o primeiro banho é cortesia;
Para peças ocas, evite atritos ou batidas.";gid://shopify/Product/8577723007271
gid://shopify/Product/8577723072807;Pulseira Orquidea De Prata Com Ouro Rosa E Diamante;;;
gid://shopify/Metafield/30885528568103;;genero;"[""Feminino""]";gid://shopify/Product/8577723072807
gid://shopify/Metafield/30885528600871;;metal;Prata;gid://shopify/Product/8577723072807
gid://shopify/Metafield/30885528633639;;cobertura;Ouro Rosa;gid://shopify/Product/8577723072807
gid://shopify/Metafield/30885528666407;;pedra;"[""Diamante""]";gid://shopify/Product/8577723072807
gid://shopify/Metafield/30885528699175;;cuidadospeca;"Evite o contato de uma joia com a outra. Guarde-as separadamente nas embalagens fornecidas pela Jack Vartanian;
Com o uso, fechos e tarraxas podem necessitar de ajustes para que fiquem com a pressão adequada. Entre em contato conosco;
Após o uso, aconselhamos limpar a joia com flanela de algodão para tirar possíveis resíduos de produtos como maquiagem e perfume;
Evite o contato com água do mar, cremes, perfumes e produtos químicos;
Para peças em prata o primeiro banho é cortesia;
Para peças ocas, evite atritos ou batidas.";gid://shopify/Product/8577723072807
gid://shopify/Product/8577723334951;Pulseira Orquidea De Prata Com Ródio Negro E Diamante;;;
gid://shopify/Metafield/30885529714983;;genero;"[""Feminino""]";gid://shopify/Product/8577723334951
gid://shopify/Metafield/30885529747751;;metal;Prata;gid://shopify/Product/8577723334951
gid://shopify/Metafield/30885529780519;;cobertura;Ródio Negro;gid://shopify/Product/8577723334951
gid://shopify/Metafield/30885530108199;;pedra;"[""Diamante""]";gid://shopify/Product/8577723334951
gid://shopify/Metafield/30885530140967;;cuidadospeca;"Evite o contato de uma joia com a outra. Guarde-as separadamente nas embalagens fornecidas pela Jack Vartanian;
Com o uso, fechos e tarraxas podem necessitar de ajustes para que fiquem com a pressão adequada. Entre em contato conosco;
Após o uso, aconselhamos limpar a joia com flanela de algodão para tirar possíveis resíduos de produtos como maquiagem e perfume;
Evite o contato com água do mar, cremes, perfumes e produtos químicos;
Para peças em prata o primeiro banho é cortesia;
Para peças ocas, evite atritos ou batidas.";gid://shopify/Product/8577723334951
gid://shopify/Product/8577728413991;Brinco Piscine De Ouro Amarelo 18K;;;
gid://shopify/Metafield/30885552029991;;genero;"[""Feminino""]";gid://shopify/Product/8577728413991
gid://shopify/Metafield/30885552062759;;metal;Ouro Amarelo;gid://shopify/Product/8577728413991
gid://shopify/Metafield/30885552095527;;cobertura;Ouro Amarelo;gid://shopify/Product/8577728413991
gid://shopify/Metafield/30885552128295;;cuidadospeca;"Evite o contato de uma joia com a outra. Guarde-as separadamente nas embalagens fornecidas pela Jack Vartanian;
Com o uso, fechos e tarraxas podem necessitar de ajustes para que fiquem com a pressão adequada. Entre em contato conosco;
Após o uso, aconselhamos limpar a joia com flanela de algodão para tirar possíveis resíduos de produtos como maquiagem e perfume;
Evite o contato com água do mar, cremes, perfumes e produtos químicos.";gid://shopify/Product/8577728413991
gid://shopify/Product/8577728512295;Brinco Piscine De Ouro Amarelo 18K;;;
gid://shopify/Metafield/30885552161063;;genero;"[""Feminino""]";gid://shopify/Product/8577728512295
gid://shopify/Metafield/30885552193831;;metal;Ouro Amarelo;gid://shopify/Product/8577728512295
gid://shopify/Metafield/30885552226599;;cobertura;Ouro Amarelo;gid://shopify/Product/8577728512295
gid://shopify/Metafield/30885552259367;;cuidadospeca;"Evite o contato de uma joia com a outra. Guarde-as separadamente nas embalagens fornecidas pela Jack Vartanian;
Com o uso, fechos e tarraxas podem necessitar de ajustes para que fiquem com a pressão adequada. Entre em contato conosco;
Após o uso, aconselhamos limpar a joia com flanela de algodão para tirar possíveis resíduos de produtos como maquiagem e perfume;
Evite o contato com água do mar, cremes, perfumes e produtos químicos.";gid://shopify/Product/8577728512295
gid://shopify/Product/8577728643367;Brinco Ear Cuff Piscine De Ouro 18K Com Ródio Negro E Diamante;;;
gid://shopify/Metafield/30885552455975;;genero;"[""Feminino""]";gid://shopify/Product/8577728643367
gid://shopify/Metafield/30885552488743;;metal;Ouro Amarelo;gid://shopify/Product/8577728643367
gid://shopify/Metafield/30885552521511;;cobertura;Ródio Negro;gid://shopify/Product/8577728643367
gid://shopify/Metafield/30885552554279;;pedra;"[""Diamante""]";gid://shopify/Product/8577728643367
gid://shopify/Metafield/30885552587047;;cuidadospeca;"Evite o contato de uma joia com a outra. Guarde-as separadamente nas embalagens fornecidas pela Jack Vartanian;
Com o uso, fechos e tarraxas podem necessitar de ajustes para que fiquem com a pressão adequada. Entre em contato conosco;
Após o uso, aconselhamos limpar a joia com flanela de algodão para tirar possíveis resíduos de produtos como maquiagem e perfume;
Evite o contato com água do mar, cremes, perfumes e produtos químicos.";gid://shopify/Product/8577728643367
gid://shopify/Product/8577728905511;Brinco Piscine De Ouro 18K Com Ródio Negro E Diamante;;;
gid://shopify/Metafield/30885552849191;;genero;"[""Feminino""]";gid://shopify/Product/8577728905511
gid://shopify/Metafield/30885552881959;;metal;Ouro Amarelo;gid://shopify/Product/8577728905511
gid://shopify/Metafield/30885552914727;;cobertura;Ródio Negro;gid://shopify/Product/8577728905511
gid://shopify/Metafield/30885552947495;;pedra;"[""Diamante""]";gid://shopify/Product/8577728905511
gid://shopify/Metafield/30885552980263;;cuidadospeca;"Evite o contato de uma joia com a outra. Guarde-as separadamente nas embalagens fornecidas pela Jack Vartanian;
Com o uso, fechos e tarraxas podem necessitar de ajustes para que fiquem com a pressão adequada. Entre em contato conosco;
Após o uso, aconselhamos limpar a joia com flanela de algodão para tirar possíveis resíduos de produtos como maquiagem e perfume;
Evite o contato com água do mar, cremes, perfumes e produtos químicos.";gid://shopify/Product/8577728905511
gid://shopify/Product/8577729102119;Brinco Piscine De Ouro 18K Com Ródio Negro E Diamante;;;
gid://shopify/Metafield/30885553832231;;genero;"[""Feminino""]";gid://shopify/Product/8577729102119
gid://shopify/Metafield/30885553864999;;metal;Ouro Amarelo;gid://shopify/Product/8577729102119
gid://shopify/Metafield/30885553897767;;cobertura;Ródio Negro;gid://shopify/Product/8577729102119
gid://shopify/Metafield/30885553930535;;pedra;"[""Diamante""]";gid://shopify/Product/8577729102119
gid://shopify/Metafield/30885553963303;;cuidadospeca;"Evite o contato de uma joia com a outra. Guarde-as separadamente nas embalagens fornecidas pela Jack Vartanian;
Com o uso, fechos e tarraxas podem necessitar de ajustes para que fiquem com a pressão adequada. Entre em contato conosco;
Após o uso, aconselhamos limpar a joia com flanela de algodão para tirar possíveis resíduos de produtos como maquiagem e perfume;
Evite o contato com água do mar, cremes, perfumes e produtos químicos.";gid://shopify/Product/8577729102119
gid://shopify/Product/8577729200423;Brinco Ear Cuff Piscine De Ouro Branco 18K E Diamante;;;
gid://shopify/Metafield/30885554553127;;genero;"[""Feminino""]";gid://shopify/Product/8577729200423
gid://shopify/Metafield/30885554585895;;metal;Ouro Branco;gid://shopify/Product/8577729200423
gid://shopify/Metafield/30885554618663;;cobertura;Ouro Branco;gid://shopify/Product/8577729200423
gid://shopify/Metafield/30885554651431;;pedra;"[""Diamante""]";gid://shopify/Product/8577729200423
gid://shopify/Metafield/30885554684199;;cuidadospeca;"Evite o contato de uma joia com a outra. Guarde-as separadamente nas embalagens fornecidas pela Jack Vartanian;
Com o uso, fechos e tarraxas podem necessitar de ajustes para que fiquem com a pressão adequada. Entre em contato conosco;
Após o uso, aconselhamos limpar a joia com flanela de algodão para tirar possíveis resíduos de produtos como maquiagem e perfume;
Evite o contato com água do mar, cremes, perfumes e produtos químicos.";gid://shopify/Product/8577729200423
gid://shopify/Product/8577729364263;Brinco Piscine De Ouro Branco 18K E Diamante;;;
gid://shopify/Metafield/30885554815271;;genero;"[""Feminino""]";gid://shopify/Product/8577729364263
gid://shopify/Metafield/30885554848039;;metal;Ouro Branco;gid://shopify/Product/8577729364263
gid://shopify/Metafield/30885554880807;;cobertura;Ouro Branco;gid://shopify/Product/8577729364263
gid://shopify/Metafield/30885554913575;;pedra;"[""Diamante""]";gid://shopify/Product/8577729364263
gid://shopify/Metafield/30885554946343;;cuidadospeca;"Evite o contato de uma joia com a outra. Guarde-as separadamente nas embalagens fornecidas pela Jack Vartanian;
Com o uso, fechos e tarraxas podem necessitar de ajustes para que fiquem com a pressão adequada. Entre em contato conosco;
Após o uso, aconselhamos limpar a joia com flanela de algodão para tirar possíveis resíduos de produtos como maquiagem e perfume;
Evite o contato com água do mar, cremes, perfumes e produtos químicos.";gid://shopify/Product/8577729364263
gid://shopify/Product/8577729462567;Brinco Piscine De Ouro Branco 18K E Diamante;;;
gid://shopify/Metafield/30885555667239;;genero;"[""Feminino""]";gid://shopify/Product/8577729462567
gid://shopify/Metafield/30885555700007;;metal;Ouro Branco;gid://shopify/Product/8577729462567
gid://shopify/Metafield/30885555732775;;cobertura;Ouro Branco;gid://shopify/Product/8577729462567
gid://shopify/Metafield/30885555798311;;pedra;"[""Diamante""]";gid://shopify/Product/8577729462567
gid://shopify/Metafield/30885555831079;;cuidadospeca;"Evite o contato de uma joia com a outra. Guarde-as separadamente nas embalagens fornecidas pela Jack Vartanian;
Com o uso, fechos e tarraxas podem necessitar de ajustes para que fiquem com a pressão adequada. Entre em contato conosco;
Após o uso, aconselhamos limpar a joia com flanela de algodão para tirar possíveis resíduos de produtos como maquiagem e perfume;
Evite o contato com água do mar, cremes, perfumes e produtos químicos.";gid://shopify/Product/8577729462567
gid://shopify/Product/8577729659175;Colar Piscine De Ouro Amarelo 18K;;;
gid://shopify/Metafield/30885556093223;;genero;"[""Feminino""]";gid://shopify/Product/8577729659175
gid://shopify/Metafield/30885556125991;;metal;Ouro Amarelo;gid://shopify/Product/8577729659175
gid://shopify/Metafield/30885556158759;;cobertura;Ouro Amarelo;gid://shopify/Product/8577729659175
gid://shopify/Metafield/30885556191527;;cuidadospeca;"Evite o contato de uma joia com a outra. Guarde-as separadamente nas embalagens fornecidas pela Jack Vartanian;
Com o uso, fechos e tarraxas podem necessitar de ajustes para que fiquem com a pressão adequada. Entre em contato conosco;
Após o uso, aconselhamos limpar a joia com flanela de algodão para tirar possíveis resíduos de produtos como maquiagem e perfume;
Evite o contato com água do mar, cremes, perfumes e produtos químicos.";gid://shopify/Product/8577729659175
gid://shopify/Product/8577729855783;Colar Piscine De Ouro 18K Com Ródio Negro E Diamante;;;
gid://shopify/Metafield/30885556683047;;genero;"[""Feminino""]";gid://shopify/Product/8577729855783
gid://shopify/Metafield/30885556715815;;metal;Ouro Amarelo;gid://shopify/Product/8577729855783
gid://shopify/Metafield/30885556748583;;cobertura;Ródio Negro;gid://shopify/Product/8577729855783
gid://shopify/Metafield/30885556781351;;pedra;"[""Diamante""]";gid://shopify/Product/8577729855783
gid://shopify/Metafield/30885556814119;;cuidadospeca;"Evite o contato de uma joia com a outra. Guarde-as separadamente nas embalagens fornecidas pela Jack Vartanian;
Com o uso, fechos e tarraxas podem necessitar de ajustes para que fiquem com a pressão adequada. Entre em contato conosco;
Após o uso, aconselhamos limpar a joia com flanela de algodão para tirar possíveis resíduos de produtos como maquiagem e perfume;
Evite o contato com água do mar, cremes, perfumes e produtos químicos.";gid://shopify/Product/8577729855783
gid://shopify/Product/8577730019623;Colar Piscine De Ouro Branco 18K E Diamante;;;
gid://shopify/Metafield/30885557272871;;genero;"[""Feminino""]";gid://shopify/Product/8577730019623
gid://shopify/Metafield/30885557305639;;metal;Ouro Branco;gid://shopify/Product/8577730019623
gid://shopify/Metafield/30885557338407;;cobertura;Ouro Branco;gid://shopify/Product/8577730019623
gid://shopify/Metafield/30885557371175;;pedra;"[""Diamante""]";gid://shopify/Product/8577730019623
gid://shopify/Metafield/30885557403943;;cuidadospeca;"Evite o contato de uma joia com a outra. Guarde-as separadamente nas embalagens fornecidas pela Jack Vartanian;
Com o uso, fechos e tarraxas podem necessitar de ajustes para que fiquem com a pressão adequada. Entre em contato conosco;
Após o uso, aconselhamos limpar a joia com flanela de algodão para tirar possíveis resíduos de produtos como maquiagem e perfume;
Evite o contato com água do mar, cremes, perfumes e produtos químicos.";gid://shopify/Product/8577730019623
gid://shopify/Product/8577730150695;Pulseira Piscine De Ouro Amarelo 18K;;;
gid://shopify/Metafield/30885557698855;;genero;"[""Feminino""]";gid://shopify/Product/8577730150695
gid://shopify/Metafield/30885557731623;;metal;Ouro Amarelo;gid://shopify/Product/8577730150695
gid://shopify/Metafield/30885557764391;;cobertura;Ouro Amarelo;gid://shopify/Product/8577730150695
gid://shopify/Metafield/30885557797159;;cuidadospeca;"Evite o contato de uma joia com a outra. Guarde-as separadamente nas embalagens fornecidas pela Jack Vartanian;
Com o uso, fechos e tarraxas podem necessitar de ajustes para que fiquem com a pressão adequada. Entre em contato conosco;
Após o uso, aconselhamos limpar a joia com flanela de algodão para tirar possíveis resíduos de produtos como maquiagem e perfume;
Evite o contato com água do mar, cremes, perfumes e produtos químicos.";gid://shopify/Product/8577730150695
gid://shopify/Product/8577737654567;Colar Pura De Ouro 18K Com Ródio Negro E Esmeralda;;;
gid://shopify/Metafield/30885594726695;;genero;"[""Feminino""]";gid://shopify/Product/8577737654567
gid://shopify/Metafield/30885594759463;;metal;Ouro Amarelo;gid://shopify/Product/8577737654567
gid://shopify/Metafield/30885594792231;;cobertura;Ródio Negro;gid://shopify/Product/8577737654567
gid://shopify/Metafield/30885594824999;;pedra;"[""Esmeralda""]";gid://shopify/Product/8577737654567
gid://shopify/Metafield/30885594857767;;cuidadospeca;"Evite o contato de uma joia com a outra. Guarde-as separadamente nas embalagens fornecidas pela Jack Vartanian;
Com o uso, fechos e tarraxas podem necessitar de ajustes para que fiquem com a pressão adequada. Entre em contato conosco;
Após o uso, aconselhamos limpar a joia com flanela de algodão para tirar possíveis resíduos de produtos como maquiagem e perfume;
Evite o contato com água do mar, cremes, perfumes e produtos químicos.";gid://shopify/Product/8577737654567
gid://shopify/Product/8577738015015;Brinco Tlj De Ouro Amarelo 18K E Diamante;;;
gid://shopify/Metafield/30885596463399;;genero;"[""Feminino""]";gid://shopify/Product/8577738015015
gid://shopify/Metafield/30885596496167;;metal;Ouro Amarelo;gid://shopify/Product/8577738015015
gid://shopify/Metafield/30885596528935;;cobertura;Ouro Amarelo;gid://shopify/Product/8577738015015
gid://shopify/Metafield/30885596561703;;pedra;"[""Diamante""]";gid://shopify/Product/8577738015015
gid://shopify/Metafield/30885596594471;;cuidadospeca;"Evite o contato de uma joia com a outra. Guarde-as separadamente nas embalagens fornecidas pela Jack Vartanian;
Com o uso, fechos e tarraxas podem necessitar de ajustes para que fiquem com a pressão adequada. Entre em contato conosco;
Após o uso, aconselhamos limpar a joia com flanela de algodão para tirar possíveis resíduos de produtos como maquiagem e perfume;
Evite o contato com água do mar, cremes, perfumes e produtos químicos.";gid://shopify/Product/8577738015015
gid://shopify/Product/8577738178855;Brinco Tlj De Ouro Branco 18K E Diamante;;;
gid://shopify/Metafield/30885597249831;;genero;"[""Feminino""]";gid://shopify/Product/8577738178855
gid://shopify/Metafield/30885597282599;;metal;Ouro Branco;gid://shopify/Product/8577738178855
gid://shopify/Metafield/30885597315367;;cobertura;Ouro Branco;gid://shopify/Product/8577738178855
gid://shopify/Metafield/30885597348135;;pedra;"[""Diamante""]";gid://shopify/Product/8577738178855
gid://shopify/Metafield/30885597380903;;cuidadospeca;"Evite o contato de uma joia com a outra. Guarde-as separadamente nas embalagens fornecidas pela Jack Vartanian;
Com o uso, fechos e tarraxas podem necessitar de ajustes para que fiquem com a pressão adequada. Entre em contato conosco;
Após o uso, aconselhamos limpar a joia com flanela de algodão para tirar possíveis resíduos de produtos como maquiagem e perfume;
Evite o contato com água do mar, cremes, perfumes e produtos químicos.";gid://shopify/Product/8577738178855
gid://shopify/Product/8577738277159;Brinco Tlj De Ouro Rosa 18K E Diamante;;;
gid://shopify/Metafield/30885597413671;;genero;"[""Feminino""]";gid://shopify/Product/8577738277159
gid://shopify/Metafield/30885597446439;;metal;Ouro Rosa;gid://shopify/Product/8577738277159
gid://shopify/Metafield/30885597479207;;cobertura;Ouro Rosa;gid://shopify/Product/8577738277159
gid://shopify/Metafield/30885597511975;;pedra;"[""Diamante""]";gid://shopify/Product/8577738277159
gid://shopify/Metafield/30885597544743;;cuidadospeca;"Evite o contato de uma joia com a outra. Guarde-as separadamente nas embalagens fornecidas pela Jack Vartanian;
Com o uso, fechos e tarraxas podem necessitar de ajustes para que fiquem com a pressão adequada. Entre em contato conosco;
Após o uso, aconselhamos limpar a joia com flanela de algodão para tirar possíveis resíduos de produtos como maquiagem e perfume;
Evite o contato com água do mar, cremes, perfumes e produtos químicos.";gid://shopify/Product/8577738277159
gid://shopify/Product/8577738506535;Colar Tlj De Ouro Amarelo 18K E Diamante;;;
gid://shopify/Metafield/30885598265639;;genero;"[""Feminino""]";gid://shopify/Product/8577738506535
gid://shopify/Metafield/30885598298407;;metal;Ouro Amarelo;gid://shopify/Product/8577738506535
gid://shopify/Metafield/30885598331175;;cobertura;Ouro Amarelo;gid://shopify/Product/8577738506535
gid://shopify/Metafield/30885598363943;;pedra;"[""Diamante""]";gid://shopify/Product/8577738506535
gid://shopify/Metafield/30885598396711;;cuidadospeca;"Evite o contato de uma joia com a outra. Guarde-as separadamente nas embalagens fornecidas pela Jack Vartanian;
Com o uso, fechos e tarraxas podem necessitar de ajustes para que fiquem com a pressão adequada. Entre em contato conosco;
Após o uso, aconselhamos limpar a joia com flanela de algodão para tirar possíveis resíduos de produtos como maquiagem e perfume;
Evite o contato com água do mar, cremes, perfumes e produtos químicos.";gid://shopify/Product/8577738506535
gid://shopify/Product/8577738670375;Colar Tlj De Ouro 18K Com Ródio Negro E Diamante;;;
gid://shopify/Metafield/30885598724391;;genero;"[""Feminino""]";gid://shopify/Product/8577738670375
gid://shopify/Metafield/30885598789927;;metal;Ouro Amarelo;gid://shopify/Product/8577738670375
gid://shopify/Metafield/30885598855463;;cobertura;Ródio Negro;gid://shopify/Product/8577738670375
gid://shopify/Metafield/30885598953767;;pedra;"[""Diamante""]";gid://shopify/Product/8577738670375
gid://shopify/Metafield/30885599019303;;cuidadospeca;"Evite o contato de uma joia com a outra. Guarde-as separadamente nas embalagens fornecidas pela Jack Vartanian;
Com o uso, fechos e tarraxas podem necessitar de ajustes para que fiquem com a pressão adequada. Entre em contato conosco;
Após o uso, aconselhamos limpar a joia com flanela de algodão para tirar possíveis resíduos de produtos como maquiagem e perfume;
Evite o contato com água do mar, cremes, perfumes e produtos químicos.";gid://shopify/Product/8577738670375
gid://shopify/Product/8577738801447;Colar Tlj De Ouro Rosa 18K E Diamante;;;
gid://shopify/Metafield/30885599281447;;genero;"[""Feminino""]";gid://shopify/Product/8577738801447
gid://shopify/Metafield/30885599314215;;metal;Ouro Rosa;gid://shopify/Product/8577738801447
gid://shopify/Metafield/30885599346983;;cobertura;Ouro Rosa;gid://shopify/Product/8577738801447
gid://shopify/Metafield/30885599379751;;pedra;"[""Diamante""]";gid://shopify/Product/8577738801447
gid://shopify/Metafield/30885599412519;;cuidadospeca;"Evite o contato de uma joia com a outra. Guarde-as separadamente nas embalagens fornecidas pela Jack Vartanian;
Com o uso, fechos e tarraxas podem necessitar de ajustes para que fiquem com a pressão adequada. Entre em contato conosco;
Após o uso, aconselhamos limpar a joia com flanela de algodão para tirar possíveis resíduos de produtos como maquiagem e perfume;
Evite o contato com água do mar, cremes, perfumes e produtos químicos.";gid://shopify/Product/8577738801447
gid://shopify/Product/8577746141479;Brinco Riviera De Prata Com Ouro Amarelo;;;
gid://shopify/Metafield/30885639455015;;genero;"[""Feminino""]";gid://shopify/Product/8577746141479
gid://shopify/Metafield/30885639487783;;metal;Prata;gid://shopify/Product/8577746141479
gid://shopify/Metafield/30885639520551;;cobertura;Ouro Amarelo;gid://shopify/Product/8577746141479
gid://shopify/Metafield/30885639553319;;cuidadospeca;"Evite o contato de uma joia com a outra. Guarde-as separadamente nas embalagens fornecidas pela Jack Vartanian;
Com o uso, fechos e tarraxas podem necessitar de ajustes para que fiquem com a pressão adequada. Entre em contato conosco;
Após o uso, aconselhamos limpar a joia com flanela de algodão para tirar possíveis resíduos de produtos como maquiagem e perfume;
Evite o contato com água do mar, cremes, perfumes e produtos químicos;
Para peças em prata o primeiro banho é cortesia;
Para peças ocas, evite atritos ou batidas.";gid://shopify/Product/8577746141479
gid://shopify/Product/8577746272551;Brinco Riviera De Prata Com Ouro Amarelo;;;
gid://shopify/Metafield/30885640503591;;genero;"[""Feminino""]";gid://shopify/Product/8577746272551
gid://shopify/Metafield/30885640536359;;metal;Prata;gid://shopify/Product/8577746272551
gid://shopify/Metafield/30885640569127;;cobertura;Ouro Amarelo;gid://shopify/Product/8577746272551
gid://shopify/Metafield/30885640601895;;cuidadospeca;"Evite o contato de uma joia com a outra. Guarde-as separadamente nas embalagens fornecidas pela Jack Vartanian;
Com o uso, fechos e tarraxas podem necessitar de ajustes para que fiquem com a pressão adequada. Entre em contato conosco;
Após o uso, aconselhamos limpar a joia com flanela de algodão para tirar possíveis resíduos de produtos como maquiagem e perfume;
Evite o contato com água do mar, cremes, perfumes e produtos químicos;
Para peças em prata o primeiro banho é cortesia;
Para peças ocas, evite atritos ou batidas.";gid://shopify/Product/8577746272551
gid://shopify/Product/8577746403623;Colar Riviera De Prata Com Ouro Amarelo;;;
gid://shopify/Metafield/30885641388327;;genero;"[""Feminino""]";gid://shopify/Product/8577746403623
gid://shopify/Metafield/30885641421095;;metal;Prata;gid://shopify/Product/8577746403623
gid://shopify/Metafield/30885641453863;;cobertura;Ouro Amarelo;gid://shopify/Product/8577746403623
gid://shopify/Metafield/30885641486631;;cuidadospeca;"Evite o contato de uma joia com a outra. Guarde-as separadamente nas embalagens fornecidas pela Jack Vartanian;
Com o uso, fechos e tarraxas podem necessitar de ajustes para que fiquem com a pressão adequada. Entre em contato conosco;
Após o uso, aconselhamos limpar a joia com flanela de algodão para tirar possíveis resíduos de produtos como maquiagem e perfume;
Evite o contato com água do mar, cremes, perfumes e produtos químicos;
Para peças em prata o primeiro banho é cortesia;
Para peças ocas, evite atritos ou batidas.";gid://shopify/Product/8577746403623
gid://shopify/Product/8577749844263;Brinco Vita Eterna De Ouro Amarelo E Branco 18K E Diamante E Esmeralda;;;
gid://shopify/Metafield/30885656035623;;genero;"[""Feminino""]";gid://shopify/Product/8577749844263
gid://shopify/Metafield/30885656068391;;metal;Ouro Amarelo;gid://shopify/Product/8577749844263
gid://shopify/Metafield/30885656101159;;cobertura;Ouro Amarelo E Branco;gid://shopify/Product/8577749844263
gid://shopify/Metafield/30885656133927;;pedra;"[""Diamante"",""Esmeralda""]";gid://shopify/Product/8577749844263
gid://shopify/Metafield/30885656166695;;cuidadospeca;"Evite o contato de uma joia com a outra. Guarde-as separadamente nas embalagens fornecidas pela Jack Vartanian;
Com o uso, fechos e tarraxas podem necessitar de ajustes para que fiquem com a pressão adequada. Entre em contato conosco;
Após o uso, aconselhamos limpar a joia com flanela de algodão para tirar possíveis resíduos de produtos como maquiagem e perfume;
Evite o contato com água do mar, cremes, perfumes e produtos químicos.";gid://shopify/Product/8577749844263
gid://shopify/Product/8577750237479;Brinco Savage De Ouro Branco 18K E Diamante - P;;;
gid://shopify/Metafield/30885657772327;;genero;"[""Feminino""]";gid://shopify/Product/8577750237479
gid://shopify/Metafield/30885657805095;;metal;Ouro Branco;gid://shopify/Product/8577750237479
gid://shopify/Metafield/30885657837863;;cobertura;Ouro Branco;gid://shopify/Product/8577750237479
gid://shopify/Metafield/30885657870631;;pedra;"[""Diamante""]";gid://shopify/Product/8577750237479
gid://shopify/Metafield/30885657903399;;cuidadospeca;"Evite o contato de uma joia com a outra. Guarde-as separadamente nas embalagens fornecidas pela Jack Vartanian;
Com o uso, fechos e tarraxas podem necessitar de ajustes para que fiquem com a pressão adequada. Entre em contato conosco;
Após o uso, aconselhamos limpar a joia com flanela de algodão para tirar possíveis resíduos de produtos como maquiagem e perfume;
Evite o contato com água do mar, cremes, perfumes e produtos químicos.";gid://shopify/Product/8577750237479
gid://shopify/Product/8577750368551;Brinco Savage De Ouro Branco 18K E Diamante - M;;;
gid://shopify/Metafield/30885658100007;;genero;"[""Feminino""]";gid://shopify/Product/8577750368551
gid://shopify/Metafield/30885658132775;;metal;Ouro Branco;gid://shopify/Product/8577750368551
gid://shopify/Metafield/30885658165543;;cobertura;Ouro Branco;gid://shopify/Product/8577750368551
gid://shopify/Metafield/30885658198311;;pedra;"[""Diamante""]";gid://shopify/Product/8577750368551
gid://shopify/Metafield/30885658231079;;cuidadospeca;"Evite o contato de uma joia com a outra. Guarde-as separadamente nas embalagens fornecidas pela Jack Vartanian;
Com o uso, fechos e tarraxas podem necessitar de ajustes para que fiquem com a pressão adequada. Entre em contato conosco;
Após o uso, aconselhamos limpar a joia com flanela de algodão para tirar possíveis resíduos de produtos como maquiagem e perfume;
Evite o contato com água do mar, cremes, perfumes e produtos químicos.";gid://shopify/Product/8577750368551
gid://shopify/Product/8577750892839;Brinco Voyeur De Ouro 18K Com Ródio Negro E Diamante;;;
gid://shopify/Metafield/30885661147431;;genero;"[""Feminino""]";gid://shopify/Product/8577750892839
gid://shopify/Metafield/30885661180199;;metal;Ouro Amarelo;gid://shopify/Product/8577750892839
gid://shopify/Metafield/30885661212967;;cobertura;Ródio Negro;gid://shopify/Product/8577750892839
gid://shopify/Metafield/30885661245735;;pedra;"[""Diamante""]";gid://shopify/Product/8577750892839
gid://shopify/Metafield/30885661278503;;cuidadospeca;"Evite o contato de uma joia com a outra. Guarde-as separadamente nas embalagens fornecidas pela Jack Vartanian;
Com o uso, fechos e tarraxas podem necessitar de ajustes para que fiquem com a pressão adequada. Entre em contato conosco;
Após o uso, aconselhamos limpar a joia com flanela de algodão para tirar possíveis resíduos de produtos como maquiagem e perfume;
Evite o contato com água do mar, cremes, perfumes e produtos químicos.";gid://shopify/Product/8577750892839
gid://shopify/Product/8577751023911;Brinco Voyeur De Ouro 18K Com Ródio Negro E Diamante Negro;;;
gid://shopify/Metafield/30885662458151;;genero;"[""Feminino""]";gid://shopify/Product/8577751023911
gid://shopify/Metafield/30885662490919;;metal;Ouro Amarelo;gid://shopify/Product/8577751023911
gid://shopify/Metafield/30885662523687;;cobertura;Ródio Negro;gid://shopify/Product/8577751023911
gid://shopify/Metafield/30885662556455;;pedra;"[""Diamante Negro""]";gid://shopify/Product/8577751023911
gid://shopify/Metafield/30885662589223;;cuidadospeca;"Evite o contato de uma joia com a outra. Guarde-as separadamente nas embalagens fornecidas pela Jack Vartanian;
Com o uso, fechos e tarraxas podem necessitar de ajustes para que fiquem com a pressão adequada. Entre em contato conosco;
Após o uso, aconselhamos limpar a joia com flanela de algodão para tirar possíveis resíduos de produtos como maquiagem e perfume;
Evite o contato com água do mar, cremes, perfumes e produtos químicos.";gid://shopify/Product/8577751023911
gid://shopify/Product/8577751122215;Brinco Voyeur De Ouro 18K Com Ródio Negro E Diamante;;;
gid://shopify/Metafield/30885662916903;;genero;"[""Feminino""]";gid://shopify/Product/8577751122215
gid://shopify/Metafield/30885662949671;;metal;Ouro Amarelo;gid://shopify/Product/8577751122215
gid://shopify/Metafield/30885662982439;;cobertura;Ródio Negro;gid://shopify/Product/8577751122215
gid://shopify/Metafield/30885663015207;;pedra;"[""Diamante""]";gid://shopify/Product/8577751122215
gid://shopify/Metafield/30885663047975;;cuidadospeca;"Evite o contato de uma joia com a outra. Guarde-as separadamente nas embalagens fornecidas pela Jack Vartanian;
Com o uso, fechos e tarraxas podem necessitar de ajustes para que fiquem com a pressão adequada. Entre em contato conosco;
Após o uso, aconselhamos limpar a joia com flanela de algodão para tirar possíveis resíduos de produtos como maquiagem e perfume;
Evite o contato com água do mar, cremes, perfumes e produtos químicos.";gid://shopify/Product/8577751122215
gid://shopify/Product/8577751187751;Brinco Voyeur De Ouro 18K Com Ródio Negro E Diamante Negro;;;
gid://shopify/Metafield/30885664358695;;genero;"[""Feminino""]";gid://shopify/Product/8577751187751
gid://shopify/Metafield/30885664391463;;metal;Ouro Amarelo;gid://shopify/Product/8577751187751
gid://shopify/Metafield/30885664424231;;cobertura;Ródio Negro;gid://shopify/Product/8577751187751
gid://shopify/Metafield/30885664456999;;pedra;"[""Diamante Negro""]";gid://shopify/Product/8577751187751
gid://shopify/Metafield/30885664489767;;cuidadospeca;"Evite o contato de uma joia com a outra. Guarde-as separadamente nas embalagens fornecidas pela Jack Vartanian;
Com o uso, fechos e tarraxas podem necessitar de ajustes para que fiquem com a pressão adequada. Entre em contato conosco;
Após o uso, aconselhamos limpar a joia com flanela de algodão para tirar possíveis resíduos de produtos como maquiagem e perfume;
Evite o contato com água do mar, cremes, perfumes e produtos químicos.";gid://shopify/Product/8577751187751
gid://shopify/Product/8577751286055;Brinco Ear Cuff Voyeur De Ouro 18K Com Ródio Negro E Diamante;;;
gid://shopify/Metafield/30885665243431;;genero;"[""Feminino""]";gid://shopify/Product/8577751286055
gid://shopify/Metafield/30885665276199;;metal;Ouro Amarelo;gid://shopify/Product/8577751286055
gid://shopify/Metafield/30885665308967;;cobertura;Ródio Negro;gid://shopify/Product/8577751286055
gid://shopify/Metafield/30885665341735;;pedra;"[""Diamante""]";gid://shopify/Product/8577751286055
gid://shopify/Metafield/30885665374503;;cuidadospeca;"Evite o contato de uma joia com a outra. Guarde-as separadamente nas embalagens fornecidas pela Jack Vartanian;
Com o uso, fechos e tarraxas podem necessitar de ajustes para que fiquem com a pressão adequada. Entre em contato conosco;
Após o uso, aconselhamos limpar a joia com flanela de algodão para tirar possíveis resíduos de produtos como maquiagem e perfume;
Evite o contato com água do mar, cremes, perfumes e produtos químicos.";gid://shopify/Product/8577751286055
gid://shopify/Product/8577751384359;Brinco Ear Cuff Voyeur De Ouro 18K Com Ródio Negro E Diamante Negro;;;
gid://shopify/Metafield/30885666128167;;genero;"[""Feminino""]";gid://shopify/Product/8577751384359
gid://shopify/Metafield/30885666160935;;metal;Ouro Amarelo;gid://shopify/Product/8577751384359
gid://shopify/Metafield/30885666193703;;cobertura;Ródio Negro;gid://shopify/Product/8577751384359
gid://shopify/Metafield/30885666226471;;pedra;"[""Diamante Negro""]";gid://shopify/Product/8577751384359
gid://shopify/Metafield/30885666259239;;cuidadospeca;"Evite o contato de uma joia com a outra. Guarde-as separadamente nas embalagens fornecidas pela Jack Vartanian;
Com o uso, fechos e tarraxas podem necessitar de ajustes para que fiquem com a pressão adequada. Entre em contato conosco;
Após o uso, aconselhamos limpar a joia com flanela de algodão para tirar possíveis resíduos de produtos como maquiagem e perfume;
Evite o contato com água do mar, cremes, perfumes e produtos químicos.";gid://shopify/Product/8577751384359
gid://shopify/Product/8577751515431;Brinco Voyeur De Ouro 18K Com Ródio Negro E Diamante;;;
gid://shopify/Metafield/30885666521383;;genero;"[""Feminino""]";gid://shopify/Product/8577751515431
gid://shopify/Metafield/30885666554151;;metal;Ouro Amarelo;gid://shopify/Product/8577751515431
gid://shopify/Metafield/30885666586919;;cobertura;Ródio Negro;gid://shopify/Product/8577751515431
gid://shopify/Metafield/30885666619687;;pedra;"[""Diamante""]";gid://shopify/Product/8577751515431
gid://shopify/Metafield/30885666652455;;cuidadospeca;"Evite o contato de uma joia com a outra. Guarde-as separadamente nas embalagens fornecidas pela Jack Vartanian;
Com o uso, fechos e tarraxas podem necessitar de ajustes para que fiquem com a pressão adequada. Entre em contato conosco;
Após o uso, aconselhamos limpar a joia com flanela de algodão para tirar possíveis resíduos de produtos como maquiagem e perfume;
Evite o contato com água do mar, cremes, perfumes e produtos químicos.";gid://shopify/Product/8577751515431
gid://shopify/Product/8577751580967;Brinco Voyeur De Ouro 18K Com Ródio Negro E Diamante Negro;;;
gid://shopify/Metafield/30885667307815;;genero;"[""Feminino""]";gid://shopify/Product/8577751580967
gid://shopify/Metafield/30885667340583;;metal;Ouro Amarelo;gid://shopify/Product/8577751580967
gid://shopify/Metafield/30885667373351;;cobertura;Ródio Negro;gid://shopify/Product/8577751580967
gid://shopify/Metafield/30885667406119;;pedra;"[""Diamante Negro""]";gid://shopify/Product/8577751580967
gid://shopify/Metafield/30885667438887;;cuidadospeca;"Evite o contato de uma joia com a outra. Guarde-as separadamente nas embalagens fornecidas pela Jack Vartanian;
Com o uso, fechos e tarraxas podem necessitar de ajustes para que fiquem com a pressão adequada. Entre em contato conosco;
Após o uso, aconselhamos limpar a joia com flanela de algodão para tirar possíveis resíduos de produtos como maquiagem e perfume;
Evite o contato com água do mar, cremes, perfumes e produtos químicos.";gid://shopify/Product/8577751580967
gid://shopify/Product/8577751744807;Brinco Voyeur De Ouro 18K Com Ródio Negro E Diamante E Safira;;;
gid://shopify/Metafield/30885667471655;;genero;"[""Feminino""]";gid://shopify/Product/8577751744807
gid://shopify/Metafield/30885667504423;;metal;Ouro Amarelo;gid://shopify/Product/8577751744807
gid://shopify/Metafield/30885667537191;;cobertura;Ródio Negro;gid://shopify/Product/8577751744807
gid://shopify/Metafield/30885667569959;;pedra;"[""Diamante"",""Safira""]";gid://shopify/Product/8577751744807
gid://shopify/Metafield/30885667602727;;cuidadospeca;"Evite o contato de uma joia com a outra. Guarde-as separadamente nas embalagens fornecidas pela Jack Vartanian;
Com o uso, fechos e tarraxas podem necessitar de ajustes para que fiquem com a pressão adequada. Entre em contato conosco;
Após o uso, aconselhamos limpar a joia com flanela de algodão para tirar possíveis resíduos de produtos como maquiagem e perfume;
Evite o contato com água do mar, cremes, perfumes e produtos químicos.";gid://shopify/Product/8577751744807
gid://shopify/Product/8577751843111;Brinco Voyeur De Ouro 18K Com Ródio Negro E Diamante E Esmeralda;;;
gid://shopify/Metafield/30885668454695;;genero;"[""Feminino""]";gid://shopify/Product/8577751843111
gid://shopify/Metafield/30885668487463;;metal;Ouro Amarelo;gid://shopify/Product/8577751843111
gid://shopify/Metafield/30885668520231;;cobertura;Ródio Negro;gid://shopify/Product/8577751843111
gid://shopify/Metafield/30885668552999;;pedra;"[""Diamante"",""Esmeralda""]";gid://shopify/Product/8577751843111
gid://shopify/Metafield/30885668585767;;cuidadospeca;"Evite o contato de uma joia com a outra. Guarde-as separadamente nas embalagens fornecidas pela Jack Vartanian;
Com o uso, fechos e tarraxas podem necessitar de ajustes para que fiquem com a pressão adequada. Entre em contato conosco;
Após o uso, aconselhamos limpar a joia com flanela de algodão para tirar possíveis resíduos de produtos como maquiagem e perfume;
Evite o contato com água do mar, cremes, perfumes e produtos químicos.";gid://shopify/Product/8577751843111
gid://shopify/Product/8577751941415;Brinco Ear Cuff Voyeur De Ouro Branco 18K E Diamante;;;
gid://shopify/Metafield/30885668749607;;genero;"[""Feminino""]";gid://shopify/Product/8577751941415
gid://shopify/Metafield/30885668782375;;metal;Ouro Branco;gid://shopify/Product/8577751941415
gid://shopify/Metafield/30885668815143;;cobertura;Ouro Branco;gid://shopify/Product/8577751941415
gid://shopify/Metafield/30885668847911;;pedra;"[""Diamante""]";gid://shopify/Product/8577751941415
gid://shopify/Metafield/30885668880679;;cuidadospeca;"Evite o contato de uma joia com a outra. Guarde-as separadamente nas embalagens fornecidas pela Jack Vartanian;
Com o uso, fechos e tarraxas podem necessitar de ajustes para que fiquem com a pressão adequada. Entre em contato conosco;
Após o uso, aconselhamos limpar a joia com flanela de algodão para tirar possíveis resíduos de produtos como maquiagem e perfume;
Evite o contato com água do mar, cremes, perfumes e produtos químicos.";gid://shopify/Product/8577751941415
gid://shopify/Product/8577752105255;Brinco Voyeur De Ouro Branco 18K E Diamante;;;
gid://shopify/Metafield/30885669863719;;genero;"[""Feminino""]";gid://shopify/Product/8577752105255
gid://shopify/Metafield/30885669896487;;metal;Ouro Branco;gid://shopify/Product/8577752105255
gid://shopify/Metafield/30885669929255;;cobertura;Ouro Branco;gid://shopify/Product/8577752105255
gid://shopify/Metafield/30885669962023;;pedra;"[""Diamante""]";gid://shopify/Product/8577752105255
gid://shopify/Metafield/30885669994791;;cuidadospeca;"Evite o contato de uma joia com a outra. Guarde-as separadamente nas embalagens fornecidas pela Jack Vartanian;
Com o uso, fechos e tarraxas podem necessitar de ajustes para que fiquem com a pressão adequada. Entre em contato conosco;
Após o uso, aconselhamos limpar a joia com flanela de algodão para tirar possíveis resíduos de produtos como maquiagem e perfume;
Evite o contato com água do mar, cremes, perfumes e produtos químicos.";gid://shopify/Product/8577752105255
gid://shopify/Product/8577752170791;Brinco Ear Cuff Voyeur De Ouro Branco 18K E Diamante E Safira;;;
gid://shopify/Metafield/30885670093095;;genero;"[""Feminino""]";gid://shopify/Product/8577752170791
gid://shopify/Metafield/30885670125863;;metal;Ouro Branco;gid://shopify/Product/8577752170791
gid://shopify/Metafield/30885670158631;;cobertura;Ouro Branco;gid://shopify/Product/8577752170791
gid://shopify/Metafield/30885670191399;;pedra;"[""Diamante"",""Safira""]";gid://shopify/Product/8577752170791
gid://shopify/Metafield/30885670224167;;cuidadospeca;"Evite o contato de uma joia com a outra. Guarde-as separadamente nas embalagens fornecidas pela Jack Vartanian;
Com o uso, fechos e tarraxas podem necessitar de ajustes para que fiquem com a pressão adequada. Entre em contato conosco;
Após o uso, aconselhamos limpar a joia com flanela de algodão para tirar possíveis resíduos de produtos como maquiagem e perfume;
Evite o contato com água do mar, cremes, perfumes e produtos químicos.";gid://shopify/Product/8577752170791
gid://shopify/Product/8577752301863;Brinco Ear Cuff Voyeur De Ouro Branco 18K E Diamante E Esmeralda;;;
gid://shopify/Metafield/30885670945063;;genero;"[""Feminino""]";gid://shopify/Product/8577752301863
gid://shopify/Metafield/30885670977831;;metal;Ouro Branco;gid://shopify/Product/8577752301863
gid://shopify/Metafield/30885671010599;;cobertura;Ouro Branco;gid://shopify/Product/8577752301863
gid://shopify/Metafield/30885671043367;;pedra;"[""Diamante"",""Esmeralda""]";gid://shopify/Product/8577752301863
gid://shopify/Metafield/30885671076135;;cuidadospeca;"Evite o contato de uma joia com a outra. Guarde-as separadamente nas embalagens fornecidas pela Jack Vartanian;
Com o uso, fechos e tarraxas podem necessitar de ajustes para que fiquem com a pressão adequada. Entre em contato conosco;
Após o uso, aconselhamos limpar a joia com flanela de algodão para tirar possíveis resíduos de produtos como maquiagem e perfume;
Evite o contato com água do mar, cremes, perfumes e produtos químicos.";gid://shopify/Product/8577752301863
gid://shopify/Product/8577752400167;Colar Voyeur De Ouro 18K Com Ródio Negro E Diamante;;;
gid://shopify/Metafield/30885671764263;;genero;"[""Feminino""]";gid://shopify/Product/8577752400167
gid://shopify/Metafield/30885671797031;;metal;Ouro Amarelo;gid://shopify/Product/8577752400167
gid://shopify/Metafield/30885671829799;;cobertura;Ródio Negro;gid://shopify/Product/8577752400167
gid://shopify/Metafield/30885671862567;;pedra;"[""Diamante""]";gid://shopify/Product/8577752400167
gid://shopify/Metafield/30885671895335;;cuidadospeca;"Evite o contato de uma joia com a outra. Guarde-as separadamente nas embalagens fornecidas pela Jack Vartanian;
Com o uso, fechos e tarraxas podem necessitar de ajustes para que fiquem com a pressão adequada. Entre em contato conosco;
Após o uso, aconselhamos limpar a joia com flanela de algodão para tirar possíveis resíduos de produtos como maquiagem e perfume;
Evite o contato com água do mar, cremes, perfumes e produtos químicos.";gid://shopify/Product/8577752400167
gid://shopify/Product/8577752531239;Colar Voyeur De Ouro 18K Com Ródio Negro E Diamante Negro;;;
gid://shopify/Metafield/30885672124711;;genero;"[""Feminino""]";gid://shopify/Product/8577752531239
gid://shopify/Metafield/30885672157479;;metal;Ouro Amarelo;gid://shopify/Product/8577752531239
gid://shopify/Metafield/30885672190247;;cobertura;Ródio Negro;gid://shopify/Product/8577752531239
gid://shopify/Metafield/30885672223015;;pedra;"[""Diamante Negro""]";gid://shopify/Product/8577752531239
gid://shopify/Metafield/30885672255783;;cuidadospeca;"Evite o contato de uma joia com a outra. Guarde-as separadamente nas embalagens fornecidas pela Jack Vartanian;
Com o uso, fechos e tarraxas podem necessitar de ajustes para que fiquem com a pressão adequada. Entre em contato conosco;
Após o uso, aconselhamos limpar a joia com flanela de algodão para tirar possíveis resíduos de produtos como maquiagem e perfume;
Evite o contato com água do mar, cremes, perfumes e produtos químicos.";gid://shopify/Product/8577752531239
gid://shopify/Product/8577752695079;Colar Voyeur De Ouro Branco 18K E Diamante;;;
gid://shopify/Metafield/30885673402663;;genero;"[""Feminino""]";gid://shopify/Product/8577752695079
gid://shopify/Metafield/30885673435431;;metal;Ouro Branco;gid://shopify/Product/8577752695079
gid://shopify/Metafield/30885673468199;;cobertura;Ouro Branco;gid://shopify/Product/8577752695079
gid://shopify/Metafield/30885673500967;;pedra;"[""Diamante""]";gid://shopify/Product/8577752695079
gid://shopify/Metafield/30885673533735;;cuidadospeca;"Evite o contato de uma joia com a outra. Guarde-as separadamente nas embalagens fornecidas pela Jack Vartanian;
Com o uso, fechos e tarraxas podem necessitar de ajustes para que fiquem com a pressão adequada. Entre em contato conosco;
Após o uso, aconselhamos limpar a joia com flanela de algodão para tirar possíveis resíduos de produtos como maquiagem e perfume;
Evite o contato com água do mar, cremes, perfumes e produtos químicos.";gid://shopify/Product/8577752695079
gid://shopify/Product/8577752760615;Piercing Voyeur De Ouro 18K Com Ródio Negro E Esmeralda;;;
gid://shopify/Metafield/30885673632039;;genero;"[""Feminino""]";gid://shopify/Product/8577752760615
gid://shopify/Metafield/30885673664807;;metal;Ouro Amarelo;gid://shopify/Product/8577752760615
gid://shopify/Metafield/30885673697575;;cobertura;Ródio Negro;gid://shopify/Product/8577752760615
gid://shopify/Metafield/30885673730343;;pedra;"[""Esmeralda""]";gid://shopify/Product/8577752760615
gid://shopify/Metafield/30885673763111;;cuidadospeca;"Evite o contato de uma joia com a outra. Guarde-as separadamente nas embalagens fornecidas pela Jack Vartanian;
Com o uso, fechos e tarraxas podem necessitar de ajustes para que fiquem com a pressão adequada. Entre em contato conosco;
Após o uso, aconselhamos limpar a joia com flanela de algodão para tirar possíveis resíduos de produtos como maquiagem e perfume;
Evite o contato com água do mar, cremes, perfumes e produtos químicos.";gid://shopify/Product/8577752760615
gid://shopify/Product/8577752891687;Pulseira Voyeur De Ouro 18K Com Ródio Negro E Diamante - M;;;
gid://shopify/Metafield/30885674516775;;genero;"[""Feminino""]";gid://shopify/Product/8577752891687
gid://shopify/Metafield/30885674549543;;metal;Ouro Amarelo;gid://shopify/Product/8577752891687
gid://shopify/Metafield/30885674582311;;cobertura;Ródio Negro;gid://shopify/Product/8577752891687
gid://shopify/Metafield/30885674615079;;pedra;"[""Diamante""]";gid://shopify/Product/8577752891687
gid://shopify/Metafield/30885674647847;;cuidadospeca;"Evite o contato de uma joia com a outra. Guarde-as separadamente nas embalagens fornecidas pela Jack Vartanian;
Com o uso, fechos e tarraxas podem necessitar de ajustes para que fiquem com a pressão adequada. Entre em contato conosco;
Após o uso, aconselhamos limpar a joia com flanela de algodão para tirar possíveis resíduos de produtos como maquiagem e perfume;
Evite o contato com água do mar, cremes, perfumes e produtos químicos.";gid://shopify/Product/8577752891687
gid://shopify/Product/8577752989991;Pulseira Voyeur De Ouro 18K Com Ródio Negro E Diamante Negro - M;;;
gid://shopify/Metafield/30885674778919;;genero;"[""Feminino""]";gid://shopify/Product/8577752989991
gid://shopify/Metafield/30885674811687;;metal;Ouro Amarelo;gid://shopify/Product/8577752989991
gid://shopify/Metafield/30885674844455;;cobertura;Ródio Negro;gid://shopify/Product/8577752989991
gid://shopify/Metafield/30885674877223;;pedra;"[""Diamante Negro""]";gid://shopify/Product/8577752989991
gid://shopify/Metafield/30885674909991;;cuidadospeca;"Evite o contato de uma joia com a outra. Guarde-as separadamente nas embalagens fornecidas pela Jack Vartanian;
Com o uso, fechos e tarraxas podem necessitar de ajustes para que fiquem com a pressão adequada. Entre em contato conosco;
Após o uso, aconselhamos limpar a joia com flanela de algodão para tirar possíveis resíduos de produtos como maquiagem e perfume;
Evite o contato com água do mar, cremes, perfumes e produtos químicos.";gid://shopify/Product/8577752989991
gid://shopify/Product/8577761902887;Brinco Ear Cuff Universo De Ouro 18K Com Ródio Negro E Safira;;;
gid://shopify/Metafield/30885744705831;;genero;"[""Feminino""]";gid://shopify/Product/8577761902887
gid://shopify/Metafield/30885744738599;;metal;Ouro Amarelo;gid://shopify/Product/8577761902887
gid://shopify/Metafield/30885744771367;;cobertura;Ródio Negro;gid://shopify/Product/8577761902887
gid://shopify/Metafield/30885744804135;;pedra;"[""Safira""]";gid://shopify/Product/8577761902887
gid://shopify/Metafield/30885744836903;;cuidadospeca;"Evite o contato de uma joia com a outra. Guarde-as separadamente nas embalagens fornecidas pela Jack Vartanian;
Com o uso, fechos e tarraxas podem necessitar de ajustes para que fiquem com a pressão adequada. Entre em contato conosco;
Após o uso, aconselhamos limpar a joia com flanela de algodão para tirar possíveis resíduos de produtos como maquiagem e perfume;
Evite o contato com água do mar, cremes, perfumes e produtos químicos.";gid://shopify/Product/8577761902887
gid://shopify/Product/8577761968423;Brinco Ear Cuff Universo De Ouro 18K Com Ródio Negro E Esmeralda;;;
gid://shopify/Metafield/30885745819943;;genero;"[""Feminino""]";gid://shopify/Product/8577761968423
gid://shopify/Metafield/30885745852711;;metal;Ouro Amarelo;gid://shopify/Product/8577761968423
gid://shopify/Metafield/30885745885479;;cobertura;Ródio Negro;gid://shopify/Product/8577761968423
gid://shopify/Metafield/30885745918247;;pedra;"[""Esmeralda""]";gid://shopify/Product/8577761968423
gid://shopify/Metafield/30885745951015;;cuidadospeca;"Evite o contato de uma joia com a outra. Guarde-as separadamente nas embalagens fornecidas pela Jack Vartanian;
Com o uso, fechos e tarraxas podem necessitar de ajustes para que fiquem com a pressão adequada. Entre em contato conosco;
Após o uso, aconselhamos limpar a joia com flanela de algodão para tirar possíveis resíduos de produtos como maquiagem e perfume;
Evite o contato com água do mar, cremes, perfumes e produtos químicos.";gid://shopify/Product/8577761968423
gid://shopify/Product/8577762099495;Brinco Ear Cuff Universo De Ouro 18K Com Ródio Negro E Rubi;;;
gid://shopify/Metafield/30885746409767;;genero;"[""Feminino""]";gid://shopify/Product/8577762099495
gid://shopify/Metafield/30885746442535;;metal;Ouro Amarelo;gid://shopify/Product/8577762099495
gid://shopify/Metafield/30885746475303;;cobertura;Ródio Negro;gid://shopify/Product/8577762099495
gid://shopify/Metafield/30885746508071;;pedra;"[""Rubi""]";gid://shopify/Product/8577762099495
gid://shopify/Metafield/30885746540839;;cuidadospeca;"Evite o contato de uma joia com a outra. Guarde-as separadamente nas embalagens fornecidas pela Jack Vartanian;
Com o uso, fechos e tarraxas podem necessitar de ajustes para que fiquem com a pressão adequada. Entre em contato conosco;
Após o uso, aconselhamos limpar a joia com flanela de algodão para tirar possíveis resíduos de produtos como maquiagem e perfume;
Evite o contato com água do mar, cremes, perfumes e produtos químicos.";gid://shopify/Product/8577762099495
gid://shopify/Product/8577762230567;Brinco Ear Cuff Universo De Ouro 18K Com Ródio Negro E Diamante Negro;;;
gid://shopify/Metafield/30885747327271;;genero;"[""Feminino""]";gid://shopify/Product/8577762230567
gid://shopify/Metafield/30885747360039;;metal;Ouro Amarelo;gid://shopify/Product/8577762230567
gid://shopify/Metafield/30885747392807;;cobertura;Ródio Negro;gid://shopify/Product/8577762230567
gid://shopify/Metafield/30885747425575;;pedra;"[""Diamante Negro""]";gid://shopify/Product/8577762230567
gid://shopify/Metafield/30885747458343;;cuidadospeca;"Evite o contato de uma joia com a outra. Guarde-as separadamente nas embalagens fornecidas pela Jack Vartanian;
Com o uso, fechos e tarraxas podem necessitar de ajustes para que fiquem com a pressão adequada. Entre em contato conosco;
Após o uso, aconselhamos limpar a joia com flanela de algodão para tirar possíveis resíduos de produtos como maquiagem e perfume;
Evite o contato com água do mar, cremes, perfumes e produtos químicos.";gid://shopify/Product/8577762230567
gid://shopify/Product/8577762361639;Brinco Ear Cuff Universo De Ouro 18K Com Ródio Negro E Diamante Negro;;;
gid://shopify/Metafield/30885748441383;;genero;"[""Feminino""]";gid://shopify/Product/8577762361639
gid://shopify/Metafield/30885748474151;;metal;Ouro Amarelo;gid://shopify/Product/8577762361639
gid://shopify/Metafield/30885748506919;;cobertura;Ródio Negro;gid://shopify/Product/8577762361639
gid://shopify/Metafield/30885748539687;;pedra;"[""Diamante Negro""]";gid://shopify/Product/8577762361639
gid://shopify/Metafield/30885748572455;;cuidadospeca;"Evite o contato de uma joia com a outra. Guarde-as separadamente nas embalagens fornecidas pela Jack Vartanian;
Com o uso, fechos e tarraxas podem necessitar de ajustes para que fiquem com a pressão adequada. Entre em contato conosco;
Após o uso, aconselhamos limpar a joia com flanela de algodão para tirar possíveis resíduos de produtos como maquiagem e perfume;
Evite o contato com água do mar, cremes, perfumes e produtos químicos.";gid://shopify/Product/8577762361639
gid://shopify/Product/8577762427175;Brinco Ear Cuff Universo De Ouro 18K Com Ródio Negro E Diamante;;;
gid://shopify/Metafield/30885749096743;;genero;"[""Feminino""]";gid://shopify/Product/8577762427175
gid://shopify/Metafield/30885749129511;;metal;Ouro Amarelo;gid://shopify/Product/8577762427175
gid://shopify/Metafield/30885749195047;;cobertura;Ródio Negro;gid://shopify/Product/8577762427175
gid://shopify/Metafield/30885749227815;;pedra;"[""Diamante""]";gid://shopify/Product/8577762427175
gid://shopify/Metafield/30885749260583;;cuidadospeca;"Evite o contato de uma joia com a outra. Guarde-as separadamente nas embalagens fornecidas pela Jack Vartanian;
Com o uso, fechos e tarraxas podem necessitar de ajustes para que fiquem com a pressão adequada. Entre em contato conosco;
Após o uso, aconselhamos limpar a joia com flanela de algodão para tirar possíveis resíduos de produtos como maquiagem e perfume;
Evite o contato com água do mar, cremes, perfumes e produtos químicos.";gid://shopify/Product/8577762427175
gid://shopify/Product/8577762656551;Brinco Ear Cuff Universo De Ouro 18K Com Ródio Negro E Diamante;;;
gid://shopify/Metafield/30885750145319;;genero;"[""Feminino""]";gid://shopify/Product/8577762656551
gid://shopify/Metafield/30885750178087;;metal;Ouro Amarelo;gid://shopify/Product/8577762656551
gid://shopify/Metafield/30885750210855;;cobertura;Ródio Negro;gid://shopify/Product/8577762656551
gid://shopify/Metafield/30885750243623;;pedra;"[""Diamante""]";gid://shopify/Product/8577762656551
gid://shopify/Metafield/30885750276391;;cuidadospeca;"Evite o contato de uma joia com a outra. Guarde-as separadamente nas embalagens fornecidas pela Jack Vartanian;
Com o uso, fechos e tarraxas podem necessitar de ajustes para que fiquem com a pressão adequada. Entre em contato conosco;
Após o uso, aconselhamos limpar a joia com flanela de algodão para tirar possíveis resíduos de produtos como maquiagem e perfume;
Evite o contato com água do mar, cremes, perfumes e produtos químicos.";gid://shopify/Product/8577762656551
gid://shopify/Product/8577762754855;Brinco Ear Cuff Universo De Ouro Branco 18K E Diamante;;;
gid://shopify/Metafield/30885751193895;;genero;"[""Feminino""]";gid://shopify/Product/8577762754855
gid://shopify/Metafield/30885751226663;;metal;Ouro Branco;gid://shopify/Product/8577762754855
gid://shopify/Metafield/30885751259431;;cobertura;Ouro Branco;gid://shopify/Product/8577762754855
gid://shopify/Metafield/30885751292199;;pedra;"[""Diamante""]";gid://shopify/Product/8577762754855
gid://shopify/Metafield/30885751324967;;cuidadospeca;"Evite o contato de uma joia com a outra. Guarde-as separadamente nas embalagens fornecidas pela Jack Vartanian;
Com o uso, fechos e tarraxas podem necessitar de ajustes para que fiquem com a pressão adequada. Entre em contato conosco;
Após o uso, aconselhamos limpar a joia com flanela de algodão para tirar possíveis resíduos de produtos como maquiagem e perfume;
Evite o contato com água do mar, cremes, perfumes e produtos químicos.";gid://shopify/Product/8577762754855
gid://shopify/Product/8577762885927;Brinco Ear Cuff Universo De Ouro Branco 18K E Diamante;;;
gid://shopify/Metafield/30885751554343;;genero;"[""Feminino""]";gid://shopify/Product/8577762885927
gid://shopify/Metafield/30885751587111;;metal;Ouro Branco;gid://shopify/Product/8577762885927
gid://shopify/Metafield/30885751619879;;cobertura;Ouro Branco;gid://shopify/Product/8577762885927
gid://shopify/Metafield/30885751652647;;pedra;"[""Diamante""]";gid://shopify/Product/8577762885927
gid://shopify/Metafield/30885751685415;;cuidadospeca;"Evite o contato de uma joia com a outra. Guarde-as separadamente nas embalagens fornecidas pela Jack Vartanian;
Com o uso, fechos e tarraxas podem necessitar de ajustes para que fiquem com a pressão adequada. Entre em contato conosco;
Após o uso, aconselhamos limpar a joia com flanela de algodão para tirar possíveis resíduos de produtos como maquiagem e perfume;
Evite o contato com água do mar, cremes, perfumes e produtos químicos.";gid://shopify/Product/8577762885927
gid://shopify/Product/8577763016999;Brinco Ear Cuff Universo De Ouro Branco 18K E Diamante;;;
gid://shopify/Metafield/30885752275239;;genero;"[""Feminino""]";gid://shopify/Product/8577763016999
gid://shopify/Metafield/30885752340775;;metal;Ouro Branco;gid://shopify/Product/8577763016999
gid://shopify/Metafield/30885752373543;;cobertura;Ouro Branco;gid://shopify/Product/8577763016999
gid://shopify/Metafield/30885752406311;;pedra;"[""Diamante""]";gid://shopify/Product/8577763016999
gid://shopify/Metafield/30885752439079;;cuidadospeca;"Evite o contato de uma joia com a outra. Guarde-as separadamente nas embalagens fornecidas pela Jack Vartanian;
Com o uso, fechos e tarraxas podem necessitar de ajustes para que fiquem com a pressão adequada. Entre em contato conosco;
Após o uso, aconselhamos limpar a joia com flanela de algodão para tirar possíveis resíduos de produtos como maquiagem e perfume;
Evite o contato com água do mar, cremes, perfumes e produtos químicos.";gid://shopify/Product/8577763016999
gid://shopify/Product/8577767112999;Brinco Whitechain De Prata Com Ouro Branco;;;
gid://shopify/Metafield/30885771739431;;genero;"[""Feminino""]";gid://shopify/Product/8577767112999
gid://shopify/Metafield/30885771772199;;metal;Prata;gid://shopify/Product/8577767112999
gid://shopify/Metafield/30885771804967;;cobertura;Ouro Branco;gid://shopify/Product/8577767112999
gid://shopify/Metafield/30885771870503;;cuidadospeca;"Evite o contato de uma joia com a outra. Guarde-as separadamente nas embalagens fornecidas pela Jack Vartanian;
Com o uso, fechos e tarraxas podem necessitar de ajustes para que fiquem com a pressão adequada. Entre em contato conosco;
Após o uso, aconselhamos limpar a joia com flanela de algodão para tirar possíveis resíduos de produtos como maquiagem e perfume;
Evite o contato com água do mar, cremes, perfumes e produtos químicos;
Para peças em prata o primeiro banho é cortesia;
Para peças ocas, evite atritos ou batidas.";gid://shopify/Product/8577767112999
gid://shopify/Product/8577767375143;Brinco Whitechain De Prata Com Ouro Branco;;;
gid://shopify/Metafield/30885772656935;;genero;"[""Feminino""]";gid://shopify/Product/8577767375143
gid://shopify/Metafield/30885772689703;;metal;Prata;gid://shopify/Product/8577767375143
gid://shopify/Metafield/30885772722471;;cobertura;Ouro Branco;gid://shopify/Product/8577767375143
gid://shopify/Metafield/30885772755239;;cuidadospeca;"Evite o contato de uma joia com a outra. Guarde-as separadamente nas embalagens fornecidas pela Jack Vartanian;
Com o uso, fechos e tarraxas podem necessitar de ajustes para que fiquem com a pressão adequada. Entre em contato conosco;
Após o uso, aconselhamos limpar a joia com flanela de algodão para tirar possíveis resíduos de produtos como maquiagem e perfume;
Evite o contato com água do mar, cremes, perfumes e produtos químicos;
Para peças em prata o primeiro banho é cortesia;
Para peças ocas, evite atritos ou batidas.";gid://shopify/Product/8577767375143
gid://shopify/Product/8577767571751;Colar Whitechain De Prata Com Ouro Branco - G;;;
gid://shopify/Metafield/30885773443367;;genero;"[""Feminino""]";gid://shopify/Product/8577767571751
gid://shopify/Metafield/30885773476135;;metal;Prata;gid://shopify/Product/8577767571751
gid://shopify/Metafield/30885773508903;;cobertura;Ouro Branco;gid://shopify/Product/8577767571751
gid://shopify/Metafield/30885773541671;;cuidadospeca;"Evite o contato de uma joia com a outra. Guarde-as separadamente nas embalagens fornecidas pela Jack Vartanian;
Com o uso, fechos e tarraxas podem necessitar de ajustes para que fiquem com a pressão adequada. Entre em contato conosco;
Após o uso, aconselhamos limpar a joia com flanela de algodão para tirar possíveis resíduos de produtos como maquiagem e perfume;
Evite o contato com água do mar, cremes, perfumes e produtos químicos;
Para peças em prata o primeiro banho é cortesia;
Para peças ocas, evite atritos ou batidas.";gid://shopify/Product/8577767571751
gid://shopify/Product/8577768292647;Brinco We Love Sapphire De Ouro Amarelo 18K E Safira - P;;;
gid://shopify/Metafield/30885777572135;;genero;"[""Feminino""]";gid://shopify/Product/8577768292647
gid://shopify/Metafield/30885777604903;;metal;Ouro Amarelo;gid://shopify/Product/8577768292647
gid://shopify/Metafield/30885777637671;;cobertura;Ouro Amarelo;gid://shopify/Product/8577768292647
gid://shopify/Metafield/30885777670439;;pedra;"[""Safira""]";gid://shopify/Product/8577768292647
gid://shopify/Metafield/30885777703207;;cuidadospeca;"Evite o contato de uma joia com a outra. Guarde-as separadamente nas embalagens fornecidas pela Jack Vartanian;
Com o uso, fechos e tarraxas podem necessitar de ajustes para que fiquem com a pressão adequada. Entre em contato conosco;
Após o uso, aconselhamos limpar a joia com flanela de algodão para tirar possíveis resíduos de produtos como maquiagem e perfume;
Evite o contato com água do mar, cremes, perfumes e produtos químicos.";gid://shopify/Product/8577768292647
gid://shopify/Product/8577768390951;Brinco We Love Sapphire De Ouro Amarelo 18K E Safira - G;;;
gid://shopify/Metafield/30885778489639;;genero;"[""Feminino""]";gid://shopify/Product/8577768390951
gid://shopify/Metafield/30885778522407;;metal;Ouro Amarelo;gid://shopify/Product/8577768390951
gid://shopify/Metafield/30885778555175;;cobertura;Ouro Amarelo;gid://shopify/Product/8577768390951
gid://shopify/Metafield/30885778587943;;pedra;"[""Safira""]";gid://shopify/Product/8577768390951
gid://shopify/Metafield/30885778620711;;cuidadospeca;"Evite o contato de uma joia com a outra. Guarde-as separadamente nas embalagens fornecidas pela Jack Vartanian;
Com o uso, fechos e tarraxas podem necessitar de ajustes para que fiquem com a pressão adequada. Entre em contato conosco;
Após o uso, aconselhamos limpar a joia com flanela de algodão para tirar possíveis resíduos de produtos como maquiagem e perfume;
Evite o contato com água do mar, cremes, perfumes e produtos químicos.";gid://shopify/Product/8577768390951
gid://shopify/Product/8577768489255;Brinco Ear Cuff We Love Sapphire De Ouro Amarelo 18K E Diamante - P;;;
gid://shopify/Metafield/30885779636519;;genero;"[""Feminino""]";gid://shopify/Product/8577768489255
gid://shopify/Metafield/30885779669287;;metal;Ouro Amarelo;gid://shopify/Product/8577768489255
gid://shopify/Metafield/30885779702055;;cobertura;Ouro Amarelo;gid://shopify/Product/8577768489255
gid://shopify/Metafield/30885779734823;;pedra;"[""Diamante""]";gid://shopify/Product/8577768489255
gid://shopify/Metafield/30885779767591;;cuidadospeca;"Evite o contato de uma joia com a outra. Guarde-as separadamente nas embalagens fornecidas pela Jack Vartanian;
Com o uso, fechos e tarraxas podem necessitar de ajustes para que fiquem com a pressão adequada. Entre em contato conosco;
Após o uso, aconselhamos limpar a joia com flanela de algodão para tirar possíveis resíduos de produtos como maquiagem e perfume;
Evite o contato com água do mar, cremes, perfumes e produtos químicos.";gid://shopify/Product/8577768489255
gid://shopify/Product/8577768685863;Brinco We Love Sapphire De Ouro Amarelo 18K E Diamante - P;;;
gid://shopify/Metafield/30885782487335;;genero;"[""Feminino""]";gid://shopify/Product/8577768685863
gid://shopify/Metafield/30885782520103;;metal;Ouro Amarelo;gid://shopify/Product/8577768685863
gid://shopify/Metafield/30885782552871;;cobertura;Ouro Amarelo;gid://shopify/Product/8577768685863
gid://shopify/Metafield/30885782585639;;pedra;"[""Diamante""]";gid://shopify/Product/8577768685863
gid://shopify/Metafield/30885782618407;;cuidadospeca;"Evite o contato de uma joia com a outra. Guarde-as separadamente nas embalagens fornecidas pela Jack Vartanian;
Com o uso, fechos e tarraxas podem necessitar de ajustes para que fiquem com a pressão adequada. Entre em contato conosco;
Após o uso, aconselhamos limpar a joia com flanela de algodão para tirar possíveis resíduos de produtos como maquiagem e perfume;
Evite o contato com água do mar, cremes, perfumes e produtos químicos.";gid://shopify/Product/8577768685863
gid://shopify/Product/8577768915239;Brinco We Love Sapphire De Ouro Amarelo 18K E Diamante - G;;;
gid://shopify/Metafield/30885782880551;;genero;"[""Feminino""]";gid://shopify/Product/8577768915239
gid://shopify/Metafield/30885782913319;;metal;Ouro Amarelo;gid://shopify/Product/8577768915239
gid://shopify/Metafield/30885782946087;;cobertura;Ouro Amarelo;gid://shopify/Product/8577768915239
gid://shopify/Metafield/30885782978855;;pedra;"[""Diamante""]";gid://shopify/Product/8577768915239
gid://shopify/Metafield/30885783011623;;cuidadospeca;"Evite o contato de uma joia com a outra. Guarde-as separadamente nas embalagens fornecidas pela Jack Vartanian;
Com o uso, fechos e tarraxas podem necessitar de ajustes para que fiquem com a pressão adequada. Entre em contato conosco;
Após o uso, aconselhamos limpar a joia com flanela de algodão para tirar possíveis resíduos de produtos como maquiagem e perfume;
Evite o contato com água do mar, cremes, perfumes e produtos químicos.";gid://shopify/Product/8577768915239
gid://shopify/Product/8577769013543;Brinco Ear Cuff We Love Sapphire De Ouro 18K Com Ródio Negro E Safira - P;;;
gid://shopify/Metafield/30885783634215;;genero;"[""Feminino""]";gid://shopify/Product/8577769013543
gid://shopify/Metafield/30885783666983;;metal;Ouro Amarelo;gid://shopify/Product/8577769013543
gid://shopify/Metafield/30885783699751;;cobertura;Ródio Negro;gid://shopify/Product/8577769013543
gid://shopify/Metafield/30885783732519;;pedra;"[""Safira""]";gid://shopify/Product/8577769013543
gid://shopify/Metafield/30885783765287;;cuidadospeca;"Evite o contato de uma joia com a outra. Guarde-as separadamente nas embalagens fornecidas pela Jack Vartanian;
Com o uso, fechos e tarraxas podem necessitar de ajustes para que fiquem com a pressão adequada. Entre em contato conosco;
Após o uso, aconselhamos limpar a joia com flanela de algodão para tirar possíveis resíduos de produtos como maquiagem e perfume;
Evite o contato com água do mar, cremes, perfumes e produtos químicos.";gid://shopify/Product/8577769013543
gid://shopify/Product/8577769079079;Brinco Ear Cuff We Love Sapphire De Ouro 18K Com Ródio Negro E Safira - P;;;
gid://shopify/Metafield/30885784518951;;genero;"[""Feminino""]";gid://shopify/Product/8577769079079
gid://shopify/Metafield/30885784551719;;metal;Ouro Amarelo;gid://shopify/Product/8577769079079
gid://shopify/Metafield/30885784584487;;cobertura;Ródio Negro;gid://shopify/Product/8577769079079
gid://shopify/Metafield/30885784617255;;pedra;"[""Safira""]";gid://shopify/Product/8577769079079
gid://shopify/Metafield/30885784650023;;cuidadospeca;"Evite o contato de uma joia com a outra. Guarde-as separadamente nas embalagens fornecidas pela Jack Vartanian;
Com o uso, fechos e tarraxas podem necessitar de ajustes para que fiquem com a pressão adequada. Entre em contato conosco;
Após o uso, aconselhamos limpar a joia com flanela de algodão para tirar possíveis resíduos de produtos como maquiagem e perfume;
Evite o contato com água do mar, cremes, perfumes e produtos químicos.";gid://shopify/Product/8577769079079
gid://shopify/Product/8577769177383;Brinco Ear Cuff We Love Sapphire De Ouro 18K Com Ródio Negro E Diamante - P;;;
gid://shopify/Metafield/30885785076007;;genero;"[""Feminino""]";gid://shopify/Product/8577769177383
gid://shopify/Metafield/30885785108775;;metal;Ouro Amarelo;gid://shopify/Product/8577769177383
gid://shopify/Metafield/30885785141543;;cobertura;Ródio Negro;gid://shopify/Product/8577769177383
gid://shopify/Metafield/30885785174311;;pedra;"[""Diamante""]";gid://shopify/Product/8577769177383
gid://shopify/Metafield/30885785207079;;cuidadospeca;"Evite o contato de uma joia com a outra. Guarde-as separadamente nas embalagens fornecidas pela Jack Vartanian;
Com o uso, fechos e tarraxas podem necessitar de ajustes para que fiquem com a pressão adequada. Entre em contato conosco;
Após o uso, aconselhamos limpar a joia com flanela de algodão para tirar possíveis resíduos de produtos como maquiagem e perfume;
Evite o contato com água do mar, cremes, perfumes e produtos químicos.";gid://shopify/Product/8577769177383
gid://shopify/Product/8577769308455;Brinco We Love Sapphire De Ouro 18K Com Ródio Negro E Safira - P;;;
gid://shopify/Metafield/30885785895207;;genero;"[""Feminino""]";gid://shopify/Product/8577769308455
gid://shopify/Metafield/30885785927975;;metal;Ouro Amarelo;gid://shopify/Product/8577769308455
gid://shopify/Metafield/30885785960743;;cobertura;Ródio Negro;gid://shopify/Product/8577769308455
gid://shopify/Metafield/30885785993511;;pedra;"[""Safira""]";gid://shopify/Product/8577769308455
gid://shopify/Metafield/30885786026279;;cuidadospeca;"Evite o contato de uma joia com a outra. Guarde-as separadamente nas embalagens fornecidas pela Jack Vartanian;
Com o uso, fechos e tarraxas podem necessitar de ajustes para que fiquem com a pressão adequada. Entre em contato conosco;
Após o uso, aconselhamos limpar a joia com flanela de algodão para tirar possíveis resíduos de produtos como maquiagem e perfume;
Evite o contato com água do mar, cremes, perfumes e produtos químicos.";gid://shopify/Product/8577769308455
gid://shopify/Product/8577769373991;Brinco We Love Sapphire De Ouro 18K Com Ródio Negro E Safira - P;;;
gid://shopify/Metafield/30885786452263;;genero;"[""Feminino""]";gid://shopify/Product/8577769373991
gid://shopify/Metafield/30885786517799;;metal;Ouro Amarelo;gid://shopify/Product/8577769373991
gid://shopify/Metafield/30885786583335;;cobertura;Ródio Negro;gid://shopify/Product/8577769373991
gid://shopify/Metafield/30885786616103;;pedra;"[""Safira""]";gid://shopify/Product/8577769373991
gid://shopify/Metafield/30885786648871;;cuidadospeca;"Evite o contato de uma joia com a outra. Guarde-as separadamente nas embalagens fornecidas pela Jack Vartanian;
Com o uso, fechos e tarraxas podem necessitar de ajustes para que fiquem com a pressão adequada. Entre em contato conosco;
Após o uso, aconselhamos limpar a joia com flanela de algodão para tirar possíveis resíduos de produtos como maquiagem e perfume;
Evite o contato com água do mar, cremes, perfumes e produtos químicos.";gid://shopify/Product/8577769373991
gid://shopify/Product/8577769537831;Brinco We Love Sapphire De Ouro 18K Com Ródio Negro E Diamante - P;;;
gid://shopify/Metafield/30885787205927;;genero;"[""Feminino""]";gid://shopify/Product/8577769537831
gid://shopify/Metafield/30885787238695;;metal;Ouro Amarelo;gid://shopify/Product/8577769537831
gid://shopify/Metafield/30885787271463;;cobertura;Ródio Negro;gid://shopify/Product/8577769537831
gid://shopify/Metafield/30885787304231;;pedra;"[""Diamante""]";gid://shopify/Product/8577769537831
gid://shopify/Metafield/30885787336999;;cuidadospeca;"Evite o contato de uma joia com a outra. Guarde-as separadamente nas embalagens fornecidas pela Jack Vartanian;
Com o uso, fechos e tarraxas podem necessitar de ajustes para que fiquem com a pressão adequada. Entre em contato conosco;
Após o uso, aconselhamos limpar a joia com flanela de algodão para tirar possíveis resíduos de produtos como maquiagem e perfume;
Evite o contato com água do mar, cremes, perfumes e produtos químicos.";gid://shopify/Product/8577769537831
gid://shopify/Product/8577769734439;Brinco We Love Sapphire De Ouro 18K Com Ródio Negro E Safira - G;;;
gid://shopify/Metafield/30885788156199;;genero;"[""Feminino""]";gid://shopify/Product/8577769734439
gid://shopify/Metafield/30885788188967;;metal;Ouro Amarelo;gid://shopify/Product/8577769734439
gid://shopify/Metafield/30885788221735;;cobertura;Ródio Negro;gid://shopify/Product/8577769734439
gid://shopify/Metafield/30885788254503;;pedra;"[""Safira""]";gid://shopify/Product/8577769734439
gid://shopify/Metafield/30885788287271;;cuidadospeca;"Evite o contato de uma joia com a outra. Guarde-as separadamente nas embalagens fornecidas pela Jack Vartanian;
Com o uso, fechos e tarraxas podem necessitar de ajustes para que fiquem com a pressão adequada. Entre em contato conosco;
Após o uso, aconselhamos limpar a joia com flanela de algodão para tirar possíveis resíduos de produtos como maquiagem e perfume;
Evite o contato com água do mar, cremes, perfumes e produtos químicos.";gid://shopify/Product/8577769734439
gid://shopify/Product/8577769898279;Brinco We Love Sapphire De Ouro 18K Com Ródio Negro E Safira - G;;;
gid://shopify/Metafield/30885789204775;;genero;"[""Feminino""]";gid://shopify/Product/8577769898279
gid://shopify/Metafield/30885789237543;;metal;Ouro Amarelo;gid://shopify/Product/8577769898279
gid://shopify/Metafield/30885789270311;;cobertura;Ródio Negro;gid://shopify/Product/8577769898279
gid://shopify/Metafield/30885789303079;;pedra;"[""Safira""]";gid://shopify/Product/8577769898279
gid://shopify/Metafield/30885789335847;;cuidadospeca;"Evite o contato de uma joia com a outra. Guarde-as separadamente nas embalagens fornecidas pela Jack Vartanian;
Com o uso, fechos e tarraxas podem necessitar de ajustes para que fiquem com a pressão adequada. Entre em contato conosco;
Após o uso, aconselhamos limpar a joia com flanela de algodão para tirar possíveis resíduos de produtos como maquiagem e perfume;
Evite o contato com água do mar, cremes, perfumes e produtos químicos.";gid://shopify/Product/8577769898279
gid://shopify/Product/8577770094887;Brinco We Love Sapphire De Ouro 18K Com Ródio Negro E Diamante - G;;;
gid://shopify/Metafield/30885789696295;;genero;"[""Feminino""]";gid://shopify/Product/8577770094887
gid://shopify/Metafield/30885789729063;;metal;Ouro Amarelo;gid://shopify/Product/8577770094887
gid://shopify/Metafield/30885789761831;;cobertura;Ródio Negro;gid://shopify/Product/8577770094887
gid://shopify/Metafield/30885789794599;;pedra;"[""Diamante""]";gid://shopify/Product/8577770094887
gid://shopify/Metafield/30885789860135;;cuidadospeca;"Evite o contato de uma joia com a outra. Guarde-as separadamente nas embalagens fornecidas pela Jack Vartanian;
Com o uso, fechos e tarraxas podem necessitar de ajustes para que fiquem com a pressão adequada. Entre em contato conosco;
Após o uso, aconselhamos limpar a joia com flanela de algodão para tirar possíveis resíduos de produtos como maquiagem e perfume;
Evite o contato com água do mar, cremes, perfumes e produtos químicos.";gid://shopify/Product/8577770094887
gid://shopify/Product/8577770258727;Brinco Ear Cuff We Love Sapphire De Ouro 18K Com Ródio Negro E Safira - G;;;
gid://shopify/Metafield/30885790777639;;genero;"[""Feminino""]";gid://shopify/Product/8577770258727
gid://shopify/Metafield/30885790810407;;metal;Ouro Amarelo;gid://shopify/Product/8577770258727
gid://shopify/Metafield/30885790843175;;cobertura;Ródio Negro;gid://shopify/Product/8577770258727
gid://shopify/Metafield/30885790875943;;pedra;"[""Safira""]";gid://shopify/Product/8577770258727
gid://shopify/Metafield/30885790908711;;cuidadospeca;"Evite o contato de uma joia com a outra. Guarde-as separadamente nas embalagens fornecidas pela Jack Vartanian;
Com o uso, fechos e tarraxas podem necessitar de ajustes para que fiquem com a pressão adequada. Entre em contato conosco;
Após o uso, aconselhamos limpar a joia com flanela de algodão para tirar possíveis resíduos de produtos como maquiagem e perfume;
Evite o contato com água do mar, cremes, perfumes e produtos químicos.";gid://shopify/Product/8577770258727
gid://shopify/Product/8577770324263;Brinco Ear Cuff We Love Sapphire De Ouro Rosa 18K E Safira - P;;;
gid://shopify/Metafield/30885791662375;;genero;"[""Feminino""]";gid://shopify/Product/8577770324263
gid://shopify/Metafield/30885791695143;;metal;Ouro Rosa;gid://shopify/Product/8577770324263
gid://shopify/Metafield/30885791727911;;cobertura;Ouro Rosa;gid://shopify/Product/8577770324263
gid://shopify/Metafield/30885791760679;;pedra;"[""Safira""]";gid://shopify/Product/8577770324263
gid://shopify/Metafield/30885791793447;;cuidadospeca;"Evite o contato de uma joia com a outra. Guarde-as separadamente nas embalagens fornecidas pela Jack Vartanian;
Com o uso, fechos e tarraxas podem necessitar de ajustes para que fiquem com a pressão adequada. Entre em contato conosco;
Após o uso, aconselhamos limpar a joia com flanela de algodão para tirar possíveis resíduos de produtos como maquiagem e perfume;
Evite o contato com água do mar, cremes, perfumes e produtos químicos.";gid://shopify/Product/8577770324263
gid://shopify/Product/8577770455335;Brinco Ear Cuff We Love Sapphire De Ouro Rosa 18K E Safira - G;;;
gid://shopify/Metafield/30885792252199;;genero;"[""Feminino""]";gid://shopify/Product/8577770455335
gid://shopify/Metafield/30885792284967;;metal;Ouro Rosa;gid://shopify/Product/8577770455335
gid://shopify/Metafield/30885792317735;;cobertura;Ouro Rosa;gid://shopify/Product/8577770455335
gid://shopify/Metafield/30885792350503;;pedra;"[""Safira""]";gid://shopify/Product/8577770455335
gid://shopify/Metafield/30885792383271;;cuidadospeca;"Evite o contato de uma joia com a outra. Guarde-as separadamente nas embalagens fornecidas pela Jack Vartanian;
Com o uso, fechos e tarraxas podem necessitar de ajustes para que fiquem com a pressão adequada. Entre em contato conosco;
Após o uso, aconselhamos limpar a joia com flanela de algodão para tirar possíveis resíduos de produtos como maquiagem e perfume;
Evite o contato com água do mar, cremes, perfumes e produtos químicos.";gid://shopify/Product/8577770455335
gid://shopify/Product/8577770651943;Brinco We Love Sapphire De Ouro Rosa 18K E Safira - P;;;
gid://shopify/Metafield/30885793136935;;genero;"[""Feminino""]";gid://shopify/Product/8577770651943
gid://shopify/Metafield/30885793169703;;metal;Ouro Rosa;gid://shopify/Product/8577770651943
gid://shopify/Metafield/30885793202471;;cobertura;Ouro Rosa;gid://shopify/Product/8577770651943
gid://shopify/Metafield/30885793235239;;pedra;"[""Safira""]";gid://shopify/Product/8577770651943
gid://shopify/Metafield/30885793268007;;cuidadospeca;"Evite o contato de uma joia com a outra. Guarde-as separadamente nas embalagens fornecidas pela Jack Vartanian;
Com o uso, fechos e tarraxas podem necessitar de ajustes para que fiquem com a pressão adequada. Entre em contato conosco;
Após o uso, aconselhamos limpar a joia com flanela de algodão para tirar possíveis resíduos de produtos como maquiagem e perfume;
Evite o contato com água do mar, cremes, perfumes e produtos químicos.";gid://shopify/Product/8577770651943
gid://shopify/Product/8577770848551;Brinco We Love Sapphire De Ouro Rosa 18K E Safira - G;;;
gid://shopify/Metafield/30885793890599;;genero;"[""Feminino""]";gid://shopify/Product/8577770848551
gid://shopify/Metafield/30885793956135;;metal;Ouro Rosa;gid://shopify/Product/8577770848551
gid://shopify/Metafield/30885794021671;;cobertura;Ouro Rosa;gid://shopify/Product/8577770848551
gid://shopify/Metafield/30885794087207;;pedra;"[""Safira""]";gid://shopify/Product/8577770848551
gid://shopify/Metafield/30885794119975;;cuidadospeca;"Evite o contato de uma joia com a outra. Guarde-as separadamente nas embalagens fornecidas pela Jack Vartanian;
Com o uso, fechos e tarraxas podem necessitar de ajustes para que fiquem com a pressão adequada. Entre em contato conosco;
Após o uso, aconselhamos limpar a joia com flanela de algodão para tirar possíveis resíduos de produtos como maquiagem e perfume;
Evite o contato com água do mar, cremes, perfumes e produtos químicos.";gid://shopify/Product/8577770848551
gid://shopify/Product/8577770979623;Brinco Ear Cuff We Love Sapphire De Ouro Rosa 18K E Diamante;;;
gid://shopify/Metafield/30885794873639;;genero;"[""Feminino""]";gid://shopify/Product/8577770979623
gid://shopify/Metafield/30885794906407;;metal;Ouro Rosa;gid://shopify/Product/8577770979623
gid://shopify/Metafield/30885794939175;;cobertura;Ouro Rosa;gid://shopify/Product/8577770979623
gid://shopify/Metafield/30885794971943;;pedra;"[""Diamante""]";gid://shopify/Product/8577770979623
gid://shopify/Metafield/30885795004711;;cuidadospeca;"Evite o contato de uma joia com a outra. Guarde-as separadamente nas embalagens fornecidas pela Jack Vartanian;
Com o uso, fechos e tarraxas podem necessitar de ajustes para que fiquem com a pressão adequada. Entre em contato conosco;
Após o uso, aconselhamos limpar a joia com flanela de algodão para tirar possíveis resíduos de produtos como maquiagem e perfume;
Evite o contato com água do mar, cremes, perfumes e produtos químicos.";gid://shopify/Product/8577770979623
gid://shopify/Product/8577771208999;Brinco We Love Sapphire De Ouro Rosa 18K E Diamante - P;;;
gid://shopify/Metafield/30885795168551;;genero;"[""Feminino""]";gid://shopify/Product/8577771208999
gid://shopify/Metafield/30885795201319;;metal;Ouro Rosa;gid://shopify/Product/8577771208999
gid://shopify/Metafield/30885795234087;;cobertura;Ouro Rosa;gid://shopify/Product/8577771208999
gid://shopify/Metafield/30885795266855;;pedra;"[""Diamante""]";gid://shopify/Product/8577771208999
gid://shopify/Metafield/30885795299623;;cuidadospeca;"Evite o contato de uma joia com a outra. Guarde-as separadamente nas embalagens fornecidas pela Jack Vartanian;
Com o uso, fechos e tarraxas podem necessitar de ajustes para que fiquem com a pressão adequada. Entre em contato conosco;
Após o uso, aconselhamos limpar a joia com flanela de algodão para tirar possíveis resíduos de produtos como maquiagem e perfume;
Evite o contato com água do mar, cremes, perfumes e produtos químicos.";gid://shopify/Product/8577771208999
gid://shopify/Product/8577771307303;Brinco We Love Sapphire De Ouro Rosa 18K E Diamante - G;;;
gid://shopify/Metafield/30885795463463;;genero;"[""Feminino""]";gid://shopify/Product/8577771307303
gid://shopify/Metafield/30885795496231;;metal;Ouro Rosa;gid://shopify/Product/8577771307303
gid://shopify/Metafield/30885795528999;;cobertura;Ouro Rosa;gid://shopify/Product/8577771307303
gid://shopify/Metafield/30885795561767;;pedra;"[""Diamante""]";gid://shopify/Product/8577771307303
gid://shopify/Metafield/30885795594535;;cuidadospeca;"Evite o contato de uma joia com a outra. Guarde-as separadamente nas embalagens fornecidas pela Jack Vartanian;
Com o uso, fechos e tarraxas podem necessitar de ajustes para que fiquem com a pressão adequada. Entre em contato conosco;
Após o uso, aconselhamos limpar a joia com flanela de algodão para tirar possíveis resíduos de produtos como maquiagem e perfume;
Evite o contato com água do mar, cremes, perfumes e produtos químicos.";gid://shopify/Product/8577771307303
gid://shopify/Product/8577771438375;Piercing We Love Sapphire De Ouro Amarelo 18K E Diamante;;;
gid://shopify/Metafield/30885795823911;;genero;"[""Feminino""]";gid://shopify/Product/8577771438375
gid://shopify/Metafield/30885795856679;;metal;Ouro Amarelo;gid://shopify/Product/8577771438375
gid://shopify/Metafield/30885795889447;;cobertura;Ouro Amarelo;gid://shopify/Product/8577771438375
gid://shopify/Metafield/30885795922215;;pedra;"[""Diamante""]";gid://shopify/Product/8577771438375
gid://shopify/Metafield/30885795954983;;cuidadospeca;"Evite o contato de uma joia com a outra. Guarde-as separadamente nas embalagens fornecidas pela Jack Vartanian;
Com o uso, fechos e tarraxas podem necessitar de ajustes para que fiquem com a pressão adequada. Entre em contato conosco;
Após o uso, aconselhamos limpar a joia com flanela de algodão para tirar possíveis resíduos de produtos como maquiagem e perfume;
Evite o contato com água do mar, cremes, perfumes e produtos químicos.";gid://shopify/Product/8577771438375
gid://shopify/Product/8577771503911;Piercing We Love Sapphire De Ouro Branco 18K E Diamante;;;
gid://shopify/Metafield/30885796086055;;genero;"[""Feminino""]";gid://shopify/Product/8577771503911
gid://shopify/Metafield/30885796118823;;metal;Ouro Branco;gid://shopify/Product/8577771503911
gid://shopify/Metafield/30885796151591;;cobertura;Ouro Branco;gid://shopify/Product/8577771503911
gid://shopify/Metafield/30885796184359;;pedra;"[""Diamante""]";gid://shopify/Product/8577771503911
gid://shopify/Metafield/30885796217127;;cuidadospeca;"Evite o contato de uma joia com a outra. Guarde-as separadamente nas embalagens fornecidas pela Jack Vartanian;
Com o uso, fechos e tarraxas podem necessitar de ajustes para que fiquem com a pressão adequada. Entre em contato conosco;
Após o uso, aconselhamos limpar a joia com flanela de algodão para tirar possíveis resíduos de produtos como maquiagem e perfume;
Evite o contato com água do mar, cremes, perfumes e produtos químicos.";gid://shopify/Product/8577771503911
gid://shopify/Product/8577771667751;Piercing We Love Sapphire De Ouro Rosa 18K E Safira;;;
gid://shopify/Metafield/30885797167399;;genero;"[""Feminino""]";gid://shopify/Product/8577771667751
gid://shopify/Metafield/30885797200167;;metal;Ouro Rosa;gid://shopify/Product/8577771667751
gid://shopify/Metafield/30885797265703;;cobertura;Ouro Rosa;gid://shopify/Product/8577771667751
gid://shopify/Metafield/30885797298471;;pedra;"[""Safira""]";gid://shopify/Product/8577771667751
gid://shopify/Metafield/30885797331239;;cuidadospeca;"Evite o contato de uma joia com a outra. Guarde-as separadamente nas embalagens fornecidas pela Jack Vartanian;
Com o uso, fechos e tarraxas podem necessitar de ajustes para que fiquem com a pressão adequada. Entre em contato conosco;
Após o uso, aconselhamos limpar a joia com flanela de algodão para tirar possíveis resíduos de produtos como maquiagem e perfume;
Evite o contato com água do mar, cremes, perfumes e produtos químicos.";gid://shopify/Product/8577771667751
gid://shopify/Product/8577772454183;Brinco Pop Chain De Prata Com Ouro Amarelo - G;;;
gid://shopify/Metafield/30885801492775;;genero;"[""Feminino""]";gid://shopify/Product/8577772454183
gid://shopify/Metafield/30885801591079;;metal;Prata;gid://shopify/Product/8577772454183
gid://shopify/Metafield/30885801656615;;cobertura;Ouro Amarelo;gid://shopify/Product/8577772454183
gid://shopify/Metafield/30885801722151;;cuidadospeca;"Evite o contato de uma joia com a outra. Guarde-as separadamente nas embalagens fornecidas pela Jack Vartanian;
Com o uso, fechos e tarraxas podem necessitar de ajustes para que fiquem com a pressão adequada. Entre em contato conosco;
Após o uso, aconselhamos limpar a joia com flanela de algodão para tirar possíveis resíduos de produtos como maquiagem e perfume;
Evite o contato com água do mar, cremes, perfumes e produtos químicos;
Para peças em prata o primeiro banho é cortesia;
Para peças ocas, evite atritos ou batidas.";gid://shopify/Product/8577772454183
gid://shopify/Product/8577772618023;Brinco Pop Chain De Prata Com Ouro Amarelo - P;;;
gid://shopify/Metafield/30885802049831;;genero;"[""Feminino""]";gid://shopify/Product/8577772618023
gid://shopify/Metafield/30885802082599;;metal;Prata;gid://shopify/Product/8577772618023
gid://shopify/Metafield/30885802115367;;cobertura;Ouro Amarelo;gid://shopify/Product/8577772618023
gid://shopify/Metafield/30885802148135;;cuidadospeca;"Evite o contato de uma joia com a outra. Guarde-as separadamente nas embalagens fornecidas pela Jack Vartanian;
Com o uso, fechos e tarraxas podem necessitar de ajustes para que fiquem com a pressão adequada. Entre em contato conosco;
Após o uso, aconselhamos limpar a joia com flanela de algodão para tirar possíveis resíduos de produtos como maquiagem e perfume;
Evite o contato com água do mar, cremes, perfumes e produtos químicos;
Para peças em prata o primeiro banho é cortesia;
Para peças ocas, evite atritos ou batidas.";gid://shopify/Product/8577772618023
gid://shopify/Product/8577772716327;Brinco Pop Chain De Prata Com Ouro Amarelo;;;
gid://shopify/Metafield/30885802901799;;genero;"[""Feminino""]";gid://shopify/Product/8577772716327
gid://shopify/Metafield/30885802934567;;metal;Prata;gid://shopify/Product/8577772716327
gid://shopify/Metafield/30885802967335;;cobertura;Ouro Amarelo;gid://shopify/Product/8577772716327
gid://shopify/Metafield/30885803000103;;cuidadospeca;"Evite o contato de uma joia com a outra. Guarde-as separadamente nas embalagens fornecidas pela Jack Vartanian;
Com o uso, fechos e tarraxas podem necessitar de ajustes para que fiquem com a pressão adequada. Entre em contato conosco;
Após o uso, aconselhamos limpar a joia com flanela de algodão para tirar possíveis resíduos de produtos como maquiagem e perfume;
Evite o contato com água do mar, cremes, perfumes e produtos químicos;
Para peças em prata o primeiro banho é cortesia;
Para peças ocas, evite atritos ou batidas.";gid://shopify/Product/8577772716327
gid://shopify/Product/8577772814631;Brinco Pop Chain De Prata Com Ouro Amarelo;;;
gid://shopify/Metafield/30885803065639;;genero;"[""Feminino""]";gid://shopify/Product/8577772814631
gid://shopify/Metafield/30885803098407;;metal;Prata;gid://shopify/Product/8577772814631
gid://shopify/Metafield/30885803131175;;cobertura;Ouro Amarelo;gid://shopify/Product/8577772814631
gid://shopify/Metafield/30885803163943;;cuidadospeca;"Evite o contato de uma joia com a outra. Guarde-as separadamente nas embalagens fornecidas pela Jack Vartanian;
Com o uso, fechos e tarraxas podem necessitar de ajustes para que fiquem com a pressão adequada. Entre em contato conosco;
Após o uso, aconselhamos limpar a joia com flanela de algodão para tirar possíveis resíduos de produtos como maquiagem e perfume;
Evite o contato com água do mar, cremes, perfumes e produtos químicos;
Para peças em prata o primeiro banho é cortesia;
Para peças ocas, evite atritos ou batidas.";gid://shopify/Product/8577772814631
gid://shopify/Product/8577772945703;Brinco Pop Chain De Prata Com Ouro Amarelo;;;
gid://shopify/Metafield/30885803786535;;genero;"[""Feminino""]";gid://shopify/Product/8577772945703
gid://shopify/Metafield/30885803819303;;metal;Prata;gid://shopify/Product/8577772945703
gid://shopify/Metafield/30885803852071;;cobertura;Ouro Amarelo;gid://shopify/Product/8577772945703
gid://shopify/Metafield/30885803884839;;cuidadospeca;"Evite o contato de uma joia com a outra. Guarde-as separadamente nas embalagens fornecidas pela Jack Vartanian;
Com o uso, fechos e tarraxas podem necessitar de ajustes para que fiquem com a pressão adequada. Entre em contato conosco;
Após o uso, aconselhamos limpar a joia com flanela de algodão para tirar possíveis resíduos de produtos como maquiagem e perfume;
Evite o contato com água do mar, cremes, perfumes e produtos químicos;
Para peças em prata o primeiro banho é cortesia;
Para peças ocas, evite atritos ou batidas.";gid://shopify/Product/8577772945703
gid://shopify/Product/8577773076775;Brinco Pop Chain De Prata Com Ródio Negro - G;;;
gid://shopify/Metafield/30885804048679;;genero;"[""Feminino""]";gid://shopify/Product/8577773076775
gid://shopify/Metafield/30885804081447;;metal;Prata;gid://shopify/Product/8577773076775
gid://shopify/Metafield/30885804114215;;cobertura;Ródio Negro;gid://shopify/Product/8577773076775
gid://shopify/Metafield/30885804146983;;cuidadospeca;"Evite o contato de uma joia com a outra. Guarde-as separadamente nas embalagens fornecidas pela Jack Vartanian;
Com o uso, fechos e tarraxas podem necessitar de ajustes para que fiquem com a pressão adequada. Entre em contato conosco;
Após o uso, aconselhamos limpar a joia com flanela de algodão para tirar possíveis resíduos de produtos como maquiagem e perfume;
Evite o contato com água do mar, cremes, perfumes e produtos químicos;
Para peças em prata o primeiro banho é cortesia;
Para peças ocas, evite atritos ou batidas.";gid://shopify/Product/8577773076775
gid://shopify/Product/8577773306151;Brinco Pop Chain De Prata Com Ródio Negro - P;;;
gid://shopify/Metafield/30885805130023;;genero;"[""Feminino""]";gid://shopify/Product/8577773306151
gid://shopify/Metafield/30885805162791;;metal;Prata;gid://shopify/Product/8577773306151
gid://shopify/Metafield/30885805195559;;cobertura;Ródio Negro;gid://shopify/Product/8577773306151
gid://shopify/Metafield/30885805228327;;cuidadospeca;"Evite o contato de uma joia com a outra. Guarde-as separadamente nas embalagens fornecidas pela Jack Vartanian;
Com o uso, fechos e tarraxas podem necessitar de ajustes para que fiquem com a pressão adequada. Entre em contato conosco;
Após o uso, aconselhamos limpar a joia com flanela de algodão para tirar possíveis resíduos de produtos como maquiagem e perfume;
Evite o contato com água do mar, cremes, perfumes e produtos químicos;
Para peças em prata o primeiro banho é cortesia;
Para peças ocas, evite atritos ou batidas.";gid://shopify/Product/8577773306151
gid://shopify/Product/8577773404455;Brinco Pop Chain De Prata Com Ródio Negro;;;
gid://shopify/Metafield/30885805981991;;genero;"[""Feminino""]";gid://shopify/Product/8577773404455
gid://shopify/Metafield/30885806014759;;metal;Prata;gid://shopify/Product/8577773404455
gid://shopify/Metafield/30885806047527;;cobertura;Ródio Negro;gid://shopify/Product/8577773404455
gid://shopify/Metafield/30885806080295;;cuidadospeca;"Evite o contato de uma joia com a outra. Guarde-as separadamente nas embalagens fornecidas pela Jack Vartanian;
Com o uso, fechos e tarraxas podem necessitar de ajustes para que fiquem com a pressão adequada. Entre em contato conosco;
Após o uso, aconselhamos limpar a joia com flanela de algodão para tirar possíveis resíduos de produtos como maquiagem e perfume;
Evite o contato com água do mar, cremes, perfumes e produtos químicos;
Para peças em prata o primeiro banho é cortesia;
Para peças ocas, evite atritos ou batidas.";gid://shopify/Product/8577773404455
gid://shopify/Product/8577773502759;Brinco Pop Chain De Prata Com Ródio Negro;;;
gid://shopify/Metafield/30885806801191;;genero;"[""Feminino""]";gid://shopify/Product/8577773502759
gid://shopify/Metafield/30885806833959;;metal;Prata;gid://shopify/Product/8577773502759
gid://shopify/Metafield/30885806866727;;cobertura;Ródio Negro;gid://shopify/Product/8577773502759
gid://shopify/Metafield/30885806899495;;cuidadospeca;"Evite o contato de uma joia com a outra. Guarde-as separadamente nas embalagens fornecidas pela Jack Vartanian;
Com o uso, fechos e tarraxas podem necessitar de ajustes para que fiquem com a pressão adequada. Entre em contato conosco;
Após o uso, aconselhamos limpar a joia com flanela de algodão para tirar possíveis resíduos de produtos como maquiagem e perfume;
Evite o contato com água do mar, cremes, perfumes e produtos químicos;
Para peças em prata o primeiro banho é cortesia;
Para peças ocas, evite atritos ou batidas.";gid://shopify/Product/8577773502759
gid://shopify/Product/8577773699367;Colar Pop Chain De Prata Com Ouro Amarelo;;;
gid://shopify/Metafield/30885807620391;;genero;"[""Feminino""]";gid://shopify/Product/8577773699367
gid://shopify/Metafield/30885807653159;;metal;Prata;gid://shopify/Product/8577773699367
gid://shopify/Metafield/30885807685927;;cobertura;Ouro Amarelo;gid://shopify/Product/8577773699367
gid://shopify/Metafield/30885807718695;;cuidadospeca;"Evite o contato de uma joia com a outra. Guarde-as separadamente nas embalagens fornecidas pela Jack Vartanian;
Com o uso, fechos e tarraxas podem necessitar de ajustes para que fiquem com a pressão adequada. Entre em contato conosco;
Após o uso, aconselhamos limpar a joia com flanela de algodão para tirar possíveis resíduos de produtos como maquiagem e perfume;
Evite o contato com água do mar, cremes, perfumes e produtos químicos;
Para peças em prata o primeiro banho é cortesia;
Para peças ocas, evite atritos ou batidas.";gid://shopify/Product/8577773699367
gid://shopify/Product/8577773797671;Colar Pop Chain De Prata Com Ródio Negro;;;
gid://shopify/Metafield/30885808210215;;genero;"[""Feminino""]";gid://shopify/Product/8577773797671
gid://shopify/Metafield/30885808275751;;metal;Prata;gid://shopify/Product/8577773797671
gid://shopify/Metafield/30885808308519;;cobertura;Ródio Negro;gid://shopify/Product/8577773797671
gid://shopify/Metafield/30885808341287;;cuidadospeca;"Evite o contato de uma joia com a outra. Guarde-as separadamente nas embalagens fornecidas pela Jack Vartanian;
Com o uso, fechos e tarraxas podem necessitar de ajustes para que fiquem com a pressão adequada. Entre em contato conosco;
Após o uso, aconselhamos limpar a joia com flanela de algodão para tirar possíveis resíduos de produtos como maquiagem e perfume;
Evite o contato com água do mar, cremes, perfumes e produtos químicos;
Para peças em prata o primeiro banho é cortesia;
Para peças ocas, evite atritos ou batidas.";gid://shopify/Product/8577773797671
gid://shopify/Product/8577773928743;Piercing Pop Chain De Prata Com Ouro Amarelo;;;
gid://shopify/Metafield/30885809226023;;genero;"[""Feminino""]";gid://shopify/Product/8577773928743
gid://shopify/Metafield/30885809258791;;metal;Prata;gid://shopify/Product/8577773928743
gid://shopify/Metafield/30885809291559;;cobertura;Ouro Amarelo;gid://shopify/Product/8577773928743
gid://shopify/Metafield/30885809324327;;cuidadospeca;"Evite o contato de uma joia com a outra. Guarde-as separadamente nas embalagens fornecidas pela Jack Vartanian;
Com o uso, fechos e tarraxas podem necessitar de ajustes para que fiquem com a pressão adequada. Entre em contato conosco;
Após o uso, aconselhamos limpar a joia com flanela de algodão para tirar possíveis resíduos de produtos como maquiagem e perfume;
Evite o contato com água do mar, cremes, perfumes e produtos químicos;
Para peças em prata o primeiro banho é cortesia;
Para peças ocas, evite atritos ou batidas.";gid://shopify/Product/8577773928743
gid://shopify/Product/8577774059815;Pingente Pop Chain De Prata Com Ouro Amarelo - G;;;
gid://shopify/Metafield/30885810602279;;genero;"[""Feminino""]";gid://shopify/Product/8577774059815
gid://shopify/Metafield/30885810635047;;metal;Prata;gid://shopify/Product/8577774059815
gid://shopify/Metafield/30885810667815;;cobertura;Ouro Amarelo;gid://shopify/Product/8577774059815
gid://shopify/Metafield/30885810700583;;cuidadospeca;"Evite o contato de uma joia com a outra. Guarde-as separadamente nas embalagens fornecidas pela Jack Vartanian;
Com o uso, fechos e tarraxas podem necessitar de ajustes para que fiquem com a pressão adequada. Entre em contato conosco;
Após o uso, aconselhamos limpar a joia com flanela de algodão para tirar possíveis resíduos de produtos como maquiagem e perfume;
Evite o contato com água do mar, cremes, perfumes e produtos químicos;
Para peças em prata o primeiro banho é cortesia;
Para peças ocas, evite atritos ou batidas.";gid://shopify/Product/8577774059815
gid://shopify/Product/8577774289191;Pingente Pop Chain De Prata Com Ouro Amarelo - P;;;
gid://shopify/Metafield/30885810995495;;genero;"[""Feminino""]";gid://shopify/Product/8577774289191
gid://shopify/Metafield/30885811028263;;metal;Prata;gid://shopify/Product/8577774289191
gid://shopify/Metafield/30885811061031;;cobertura;Ouro Amarelo;gid://shopify/Product/8577774289191
gid://shopify/Metafield/30885811093799;;cuidadospeca;"Evite o contato de uma joia com a outra. Guarde-as separadamente nas embalagens fornecidas pela Jack Vartanian;
Com o uso, fechos e tarraxas podem necessitar de ajustes para que fiquem com a pressão adequada. Entre em contato conosco;
Após o uso, aconselhamos limpar a joia com flanela de algodão para tirar possíveis resíduos de produtos como maquiagem e perfume;
Evite o contato com água do mar, cremes, perfumes e produtos químicos;
Para peças em prata o primeiro banho é cortesia;
Para peças ocas, evite atritos ou batidas.";gid://shopify/Product/8577774289191
gid://shopify/Product/8577774453031;Pingente Pop Chain De Prata Com Ouro Amarelo;;;
gid://shopify/Metafield/30885811749159;;genero;"[""Feminino""]";gid://shopify/Product/8577774453031
gid://shopify/Metafield/30885811781927;;metal;Prata;gid://shopify/Product/8577774453031
gid://shopify/Metafield/30885812633895;;cobertura;Ouro Amarelo;gid://shopify/Product/8577774453031
gid://shopify/Metafield/30885812666663;;cuidadospeca;"Evite o contato de uma joia com a outra. Guarde-as separadamente nas embalagens fornecidas pela Jack Vartanian;
Com o uso, fechos e tarraxas podem necessitar de ajustes para que fiquem com a pressão adequada. Entre em contato conosco;
Após o uso, aconselhamos limpar a joia com flanela de algodão para tirar possíveis resíduos de produtos como maquiagem e perfume;
Evite o contato com água do mar, cremes, perfumes e produtos químicos;
Para peças em prata o primeiro banho é cortesia;
Para peças ocas, evite atritos ou batidas.";gid://shopify/Product/8577774453031
gid://shopify/Product/8577774518567;Pingente Pop Chain De Prata Com Ródio Negro - G;;;
gid://shopify/Metafield/30885814665511;;genero;"[""Feminino""]";gid://shopify/Product/8577774518567
gid://shopify/Metafield/30885814698279;;metal;Prata;gid://shopify/Product/8577774518567
gid://shopify/Metafield/30885814731047;;cobertura;Ródio Negro;gid://shopify/Product/8577774518567
gid://shopify/Metafield/30885814763815;;cuidadospeca;"Evite o contato de uma joia com a outra. Guarde-as separadamente nas embalagens fornecidas pela Jack Vartanian;
Com o uso, fechos e tarraxas podem necessitar de ajustes para que fiquem com a pressão adequada. Entre em contato conosco;
Após o uso, aconselhamos limpar a joia com flanela de algodão para tirar possíveis resíduos de produtos como maquiagem e perfume;
Evite o contato com água do mar, cremes, perfumes e produtos químicos;
Para peças em prata o primeiro banho é cortesia;
Para peças ocas, evite atritos ou batidas.";gid://shopify/Product/8577774518567
gid://shopify/Product/8577774649639;Pingente Pop Chain De Prata Com Ródio Negro - P;;;
gid://shopify/Metafield/30885815255335;;genero;"[""Feminino""]";gid://shopify/Product/8577774649639
gid://shopify/Metafield/30885815288103;;metal;Prata;gid://shopify/Product/8577774649639
gid://shopify/Metafield/30885815320871;;cobertura;Ródio Negro;gid://shopify/Product/8577774649639
gid://shopify/Metafield/30885815353639;;cuidadospeca;"Evite o contato de uma joia com a outra. Guarde-as separadamente nas embalagens fornecidas pela Jack Vartanian;
Com o uso, fechos e tarraxas podem necessitar de ajustes para que fiquem com a pressão adequada. Entre em contato conosco;
Após o uso, aconselhamos limpar a joia com flanela de algodão para tirar possíveis resíduos de produtos como maquiagem e perfume;
Evite o contato com água do mar, cremes, perfumes e produtos químicos;
Para peças em prata o primeiro banho é cortesia;
Para peças ocas, evite atritos ou batidas.";gid://shopify/Product/8577774649639
gid://shopify/Product/8577774780711;Pingente Pop Chain De Prata Com Ródio Negro;;;
gid://shopify/Metafield/30885815681319;;genero;"[""Feminino""]";gid://shopify/Product/8577774780711
gid://shopify/Metafield/30885815714087;;metal;Prata;gid://shopify/Product/8577774780711
gid://shopify/Metafield/30885815746855;;cobertura;Ródio Negro;gid://shopify/Product/8577774780711
gid://shopify/Metafield/30885815779623;;cuidadospeca;"Evite o contato de uma joia com a outra. Guarde-as separadamente nas embalagens fornecidas pela Jack Vartanian;
Com o uso, fechos e tarraxas podem necessitar de ajustes para que fiquem com a pressão adequada. Entre em contato conosco;
Após o uso, aconselhamos limpar a joia com flanela de algodão para tirar possíveis resíduos de produtos como maquiagem e perfume;
Evite o contato com água do mar, cremes, perfumes e produtos químicos;
Para peças em prata o primeiro banho é cortesia;
Para peças ocas, evite atritos ou batidas.";gid://shopify/Product/8577774780711
gid://shopify/Product/8577776189735;Brinco Rock&Hot De Prata Com Ouro Amarelo;;;
gid://shopify/Metafield/30885821415719;;genero;"[""Feminino""]";gid://shopify/Product/8577776189735
gid://shopify/Metafield/30885821448487;;metal;Prata;gid://shopify/Product/8577776189735
gid://shopify/Metafield/30885821481255;;cobertura;Ouro Amarelo;gid://shopify/Product/8577776189735
gid://shopify/Metafield/30885821514023;;cuidadospeca;"Evite o contato de uma joia com a outra. Guarde-as separadamente nas embalagens fornecidas pela Jack Vartanian;
Com o uso, fechos e tarraxas podem necessitar de ajustes para que fiquem com a pressão adequada. Entre em contato conosco;
Após o uso, aconselhamos limpar a joia com flanela de algodão para tirar possíveis resíduos de produtos como maquiagem e perfume;
Evite o contato com água do mar, cremes, perfumes e produtos químicos;
Para peças em prata o primeiro banho é cortesia;
Para peças ocas, evite atritos ou batidas.";gid://shopify/Product/8577776189735
gid://shopify/Product/8577776320807;Brinco Rock&Hot De Prata Com Ouro Amarelo E Ágata;;;
gid://shopify/Metafield/30885822497063;;genero;"[""Feminino""]";gid://shopify/Product/8577776320807
gid://shopify/Metafield/30885822529831;;metal;Prata;gid://shopify/Product/8577776320807
gid://shopify/Metafield/30885822562599;;cobertura;Ouro Amarelo;gid://shopify/Product/8577776320807
gid://shopify/Metafield/30885822595367;;pedra;"[""Ágata""]";gid://shopify/Product/8577776320807
gid://shopify/Metafield/30885822628135;;cuidadospeca;"Evite o contato de uma joia com a outra. Guarde-as separadamente nas embalagens fornecidas pela Jack Vartanian;
Com o uso, fechos e tarraxas podem necessitar de ajustes para que fiquem com a pressão adequada. Entre em contato conosco;
Após o uso, aconselhamos limpar a joia com flanela de algodão para tirar possíveis resíduos de produtos como maquiagem e perfume;
Evite o contato com água do mar, cremes, perfumes e produtos químicos;
Para peças em prata o primeiro banho é cortesia;
Para peças ocas, evite atritos ou batidas.";gid://shopify/Product/8577776320807
gid://shopify/Product/8577776386343;Brinco Rock&Hot De Prata Com Ouro Amarelo;;;
gid://shopify/Metafield/30885824200999;;genero;"[""Feminino""]";gid://shopify/Product/8577776386343
gid://shopify/Metafield/30885824233767;;metal;Prata;gid://shopify/Product/8577776386343
gid://shopify/Metafield/30885824266535;;cobertura;Ouro Amarelo;gid://shopify/Product/8577776386343
gid://shopify/Metafield/30885824299303;;cuidadospeca;"Evite o contato de uma joia com a outra. Guarde-as separadamente nas embalagens fornecidas pela Jack Vartanian;
Com o uso, fechos e tarraxas podem necessitar de ajustes para que fiquem com a pressão adequada. Entre em contato conosco;
Após o uso, aconselhamos limpar a joia com flanela de algodão para tirar possíveis resíduos de produtos como maquiagem e perfume;
Evite o contato com água do mar, cremes, perfumes e produtos químicos;
Para peças em prata o primeiro banho é cortesia;
Para peças ocas, evite atritos ou batidas.";gid://shopify/Product/8577776386343
gid://shopify/Product/8577776419111;Brinco Rock&Hot De Prata Com Ouro Amarelo - GG;;;
gid://shopify/Metafield/30885826265383;;genero;"[""Feminino""]";gid://shopify/Product/8577776419111
gid://shopify/Metafield/30885826298151;;metal;Prata;gid://shopify/Product/8577776419111
gid://shopify/Metafield/30885826330919;;cobertura;Ouro Amarelo;gid://shopify/Product/8577776419111
gid://shopify/Metafield/30885826363687;;cuidadospeca;"Evite o contato de uma joia com a outra. Guarde-as separadamente nas embalagens fornecidas pela Jack Vartanian;
Com o uso, fechos e tarraxas podem necessitar de ajustes para que fiquem com a pressão adequada. Entre em contato conosco;
Após o uso, aconselhamos limpar a joia com flanela de algodão para tirar possíveis resíduos de produtos como maquiagem e perfume;
Evite o contato com água do mar, cremes, perfumes e produtos químicos;
Para peças em prata o primeiro banho é cortesia;
Para peças ocas, evite atritos ou batidas.";gid://shopify/Product/8577776419111
gid://shopify/Product/8577776550183;Colar Rock&Hot De Prata Com Ouro Amarelo;;;
gid://shopify/Metafield/30885827019047;;genero;"[""Feminino""]";gid://shopify/Product/8577776550183
gid://shopify/Metafield/30885827051815;;metal;Prata;gid://shopify/Product/8577776550183
gid://shopify/Metafield/30885827084583;;cobertura;Ouro Amarelo;gid://shopify/Product/8577776550183
gid://shopify/Metafield/30885827117351;;cuidadospeca;"Evite o contato de uma joia com a outra. Guarde-as separadamente nas embalagens fornecidas pela Jack Vartanian;
Com o uso, fechos e tarraxas podem necessitar de ajustes para que fiquem com a pressão adequada. Entre em contato conosco;
Após o uso, aconselhamos limpar a joia com flanela de algodão para tirar possíveis resíduos de produtos como maquiagem e perfume;
Evite o contato com água do mar, cremes, perfumes e produtos químicos;
Para peças em prata o primeiro banho é cortesia;
Para peças ocas, evite atritos ou batidas.";gid://shopify/Product/8577776550183
gid://shopify/Product/8577776582951;Pulseira Rock&Hot De Prata Com Ouro Amarelo - M;;;
gid://shopify/Metafield/30885827871015;;genero;"[""Feminino""]";gid://shopify/Product/8577776582951
gid://shopify/Metafield/30885827903783;;metal;Prata;gid://shopify/Product/8577776582951
gid://shopify/Metafield/30885827969319;;cobertura;Ouro Amarelo;gid://shopify/Product/8577776582951
gid://shopify/Metafield/30885828002087;;cuidadospeca;"Evite o contato de uma joia com a outra. Guarde-as separadamente nas embalagens fornecidas pela Jack Vartanian;
Com o uso, fechos e tarraxas podem necessitar de ajustes para que fiquem com a pressão adequada. Entre em contato conosco;
Após o uso, aconselhamos limpar a joia com flanela de algodão para tirar possíveis resíduos de produtos como maquiagem e perfume;
Evite o contato com água do mar, cremes, perfumes e produtos químicos;
Para peças em prata o primeiro banho é cortesia;
Para peças ocas, evite atritos ou batidas.";gid://shopify/Product/8577776582951
gid://shopify/Product/8577777893671;Brinco Ear Cuff Rock Star De Ouro 18K Com Ródio Negro E Rubi - M;;;
gid://shopify/Metafield/30885831803175;;genero;"[""Feminino""]";gid://shopify/Product/8577777893671
gid://shopify/Metafield/30885831835943;;metal;Ouro Amarelo;gid://shopify/Product/8577777893671
gid://shopify/Metafield/30885831868711;;cobertura;Ródio Negro;gid://shopify/Product/8577777893671
gid://shopify/Metafield/30885831901479;;pedra;"[""Rubi""]";gid://shopify/Product/8577777893671
gid://shopify/Metafield/30885831934247;;cuidadospeca;"Evite o contato de uma joia com a outra. Guarde-as separadamente nas embalagens fornecidas pela Jack Vartanian;
Com o uso, fechos e tarraxas podem necessitar de ajustes para que fiquem com a pressão adequada. Entre em contato conosco;
Após o uso, aconselhamos limpar a joia com flanela de algodão para tirar possíveis resíduos de produtos como maquiagem e perfume;
Evite o contato com água do mar, cremes, perfumes e produtos químicos.";gid://shopify/Product/8577777893671
gid://shopify/Product/8577777959207;Brinco Ear Cuff Rock Star De Ouro 18K Com Ródio Negro E Diamante Negro - P;;;
gid://shopify/Metafield/30885832491303;;genero;"[""Feminino""]";gid://shopify/Product/8577777959207
gid://shopify/Metafield/30885832524071;;metal;Ouro Amarelo;gid://shopify/Product/8577777959207
gid://shopify/Metafield/30885832556839;;cobertura;Ródio Negro;gid://shopify/Product/8577777959207
gid://shopify/Metafield/30885832589607;;pedra;"[""Diamante Negro""]";gid://shopify/Product/8577777959207
gid://shopify/Metafield/30885832622375;;cuidadospeca;"Evite o contato de uma joia com a outra. Guarde-as separadamente nas embalagens fornecidas pela Jack Vartanian;
Com o uso, fechos e tarraxas podem necessitar de ajustes para que fiquem com a pressão adequada. Entre em contato conosco;
Após o uso, aconselhamos limpar a joia com flanela de algodão para tirar possíveis resíduos de produtos como maquiagem e perfume;
Evite o contato com água do mar, cremes, perfumes e produtos químicos.";gid://shopify/Product/8577777959207
gid://shopify/Product/8577778024743;Brinco Rock Star De Ouro 18K Com Ródio Negro E Diamante E Safira;;;
gid://shopify/Metafield/30885833015591;;genero;"[""Feminino""]";gid://shopify/Product/8577778024743
gid://shopify/Metafield/30885833048359;;metal;Ouro Amarelo;gid://shopify/Product/8577778024743
gid://shopify/Metafield/30885833081127;;cobertura;Ródio Negro;gid://shopify/Product/8577778024743
gid://shopify/Metafield/30885833113895;;pedra;"[""Diamante"",""Safira""]";gid://shopify/Product/8577778024743
gid://shopify/Metafield/30885833146663;;cuidadospeca;"Evite o contato de uma joia com a outra. Guarde-as separadamente nas embalagens fornecidas pela Jack Vartanian;
Com o uso, fechos e tarraxas podem necessitar de ajustes para que fiquem com a pressão adequada. Entre em contato conosco;
Após o uso, aconselhamos limpar a joia com flanela de algodão para tirar possíveis resíduos de produtos como maquiagem e perfume;
Evite o contato com água do mar, cremes, perfumes e produtos químicos.";gid://shopify/Product/8577778024743
gid://shopify/Product/8577778090279;Brinco Rock Star De Ouro 18K Com Ródio Negro E Diamante;;;
gid://shopify/Metafield/30885833769255;;genero;"[""Feminino""]";gid://shopify/Product/8577778090279
gid://shopify/Metafield/30885833834791;;metal;Ouro Amarelo;gid://shopify/Product/8577778090279
gid://shopify/Metafield/30885833867559;;cobertura;Ródio Negro;gid://shopify/Product/8577778090279
gid://shopify/Metafield/30885833900327;;pedra;"[""Diamante""]";gid://shopify/Product/8577778090279
gid://shopify/Metafield/30885833933095;;cuidadospeca;"Evite o contato de uma joia com a outra. Guarde-as separadamente nas embalagens fornecidas pela Jack Vartanian;
Com o uso, fechos e tarraxas podem necessitar de ajustes para que fiquem com a pressão adequada. Entre em contato conosco;
Após o uso, aconselhamos limpar a joia com flanela de algodão para tirar possíveis resíduos de produtos como maquiagem e perfume;
Evite o contato com água do mar, cremes, perfumes e produtos químicos.";gid://shopify/Product/8577778090279
gid://shopify/Product/8577778221351;Brinco Rock Star De Ouro 18K Com Ródio Negro E Diamante E Esmeralda;;;
gid://shopify/Metafield/30885834326311;;genero;"[""Feminino""]";gid://shopify/Product/8577778221351
gid://shopify/Metafield/30885834359079;;metal;Ouro Amarelo;gid://shopify/Product/8577778221351
gid://shopify/Metafield/30885834391847;;cobertura;Ródio Negro;gid://shopify/Product/8577778221351
gid://shopify/Metafield/30885834424615;;pedra;"[""Diamante"",""Esmeralda""]";gid://shopify/Product/8577778221351
gid://shopify/Metafield/30885834457383;;cuidadospeca;"Evite o contato de uma joia com a outra. Guarde-as separadamente nas embalagens fornecidas pela Jack Vartanian;
Com o uso, fechos e tarraxas podem necessitar de ajustes para que fiquem com a pressão adequada. Entre em contato conosco;
Após o uso, aconselhamos limpar a joia com flanela de algodão para tirar possíveis resíduos de produtos como maquiagem e perfume;
Evite o contato com água do mar, cremes, perfumes e produtos químicos.";gid://shopify/Product/8577778221351
gid://shopify/Product/8577778417959;Brinco Rock Star De Ouro 18K Com Ródio Negro E Diamante E Rubi;;;
gid://shopify/Metafield/30885834850599;;genero;"[""Feminino""]";gid://shopify/Product/8577778417959
gid://shopify/Metafield/30885834883367;;metal;Ouro Amarelo;gid://shopify/Product/8577778417959
gid://shopify/Metafield/30885834916135;;cobertura;Ródio Negro;gid://shopify/Product/8577778417959
gid://shopify/Metafield/30885834948903;;pedra;"[""Diamante"",""Rubi""]";gid://shopify/Product/8577778417959
gid://shopify/Metafield/30885834981671;;cuidadospeca;"Evite o contato de uma joia com a outra. Guarde-as separadamente nas embalagens fornecidas pela Jack Vartanian;
Com o uso, fechos e tarraxas podem necessitar de ajustes para que fiquem com a pressão adequada. Entre em contato conosco;
Após o uso, aconselhamos limpar a joia com flanela de algodão para tirar possíveis resíduos de produtos como maquiagem e perfume;
Evite o contato com água do mar, cremes, perfumes e produtos químicos.";gid://shopify/Product/8577778417959
gid://shopify/Product/8577778581799;Brinco Rock Star De Ouro 18K Com Ródio Negro E Diamante E Safira;;;
gid://shopify/Metafield/30885835473191;;genero;"[""Feminino""]";gid://shopify/Product/8577778581799
gid://shopify/Metafield/30885835505959;;metal;Ouro Amarelo;gid://shopify/Product/8577778581799
gid://shopify/Metafield/30885835538727;;cobertura;Ródio Negro;gid://shopify/Product/8577778581799
gid://shopify/Metafield/30885835571495;;pedra;"[""Diamante"",""Safira""]";gid://shopify/Product/8577778581799
gid://shopify/Metafield/30885835604263;;cuidadospeca;"Evite o contato de uma joia com a outra. Guarde-as separadamente nas embalagens fornecidas pela Jack Vartanian;
Com o uso, fechos e tarraxas podem necessitar de ajustes para que fiquem com a pressão adequada. Entre em contato conosco;
Após o uso, aconselhamos limpar a joia com flanela de algodão para tirar possíveis resíduos de produtos como maquiagem e perfume;
Evite o contato com água do mar, cremes, perfumes e produtos químicos.";gid://shopify/Product/8577778581799
gid://shopify/Product/8577778680103;Brinco Rock Star De Ouro 18K Com Ródio Negro E Diamante E Safira;;;
gid://shopify/Metafield/30885836194087;;genero;"[""Feminino""]";gid://shopify/Product/8577778680103
gid://shopify/Metafield/30885836226855;;metal;Ouro Amarelo;gid://shopify/Product/8577778680103
gid://shopify/Metafield/30885836259623;;cobertura;Ródio Negro;gid://shopify/Product/8577778680103
gid://shopify/Metafield/30885836292391;;pedra;"[""Diamante"",""Safira""]";gid://shopify/Product/8577778680103
gid://shopify/Metafield/30885836325159;;cuidadospeca;"Evite o contato de uma joia com a outra. Guarde-as separadamente nas embalagens fornecidas pela Jack Vartanian;
Com o uso, fechos e tarraxas podem necessitar de ajustes para que fiquem com a pressão adequada. Entre em contato conosco;
Após o uso, aconselhamos limpar a joia com flanela de algodão para tirar possíveis resíduos de produtos como maquiagem e perfume;
Evite o contato com água do mar, cremes, perfumes e produtos químicos.";gid://shopify/Product/8577778680103
gid://shopify/Product/8577778745639;Brinco Ear Cuff Rock Star De Ouro 18K Com Ródio Negro E Safira - G;;;
gid://shopify/Metafield/30885837046055;;genero;"[""Feminino""]";gid://shopify/Product/8577778745639
gid://shopify/Metafield/30885837078823;;metal;Ouro Amarelo;gid://shopify/Product/8577778745639
gid://shopify/Metafield/30885837111591;;cobertura;Ródio Negro;gid://shopify/Product/8577778745639
gid://shopify/Metafield/30885837144359;;pedra;"[""Safira""]";gid://shopify/Product/8577778745639
gid://shopify/Metafield/30885837177127;;cuidadospeca;"Evite o contato de uma joia com a outra. Guarde-as separadamente nas embalagens fornecidas pela Jack Vartanian;
Com o uso, fechos e tarraxas podem necessitar de ajustes para que fiquem com a pressão adequada. Entre em contato conosco;
Após o uso, aconselhamos limpar a joia com flanela de algodão para tirar possíveis resíduos de produtos como maquiagem e perfume;
Evite o contato com água do mar, cremes, perfumes e produtos químicos.";gid://shopify/Product/8577778745639
gid://shopify/Product/8577778843943;Brinco Ear Cuff Rock Star De Ouro 18K Com Ródio Negro E Safira - G;;;
gid://shopify/Metafield/30885837308199;;genero;"[""Feminino""]";gid://shopify/Product/8577778843943
gid://shopify/Metafield/30885837340967;;metal;Ouro Amarelo;gid://shopify/Product/8577778843943
gid://shopify/Metafield/30885837373735;;cobertura;Ródio Negro;gid://shopify/Product/8577778843943
gid://shopify/Metafield/30885837406503;;pedra;"[""Safira""]";gid://shopify/Product/8577778843943
gid://shopify/Metafield/30885837439271;;cuidadospeca;"Evite o contato de uma joia com a outra. Guarde-as separadamente nas embalagens fornecidas pela Jack Vartanian;
Com o uso, fechos e tarraxas podem necessitar de ajustes para que fiquem com a pressão adequada. Entre em contato conosco;
Após o uso, aconselhamos limpar a joia com flanela de algodão para tirar possíveis resíduos de produtos como maquiagem e perfume;
Evite o contato com água do mar, cremes, perfumes e produtos químicos.";gid://shopify/Product/8577778843943
gid://shopify/Product/8577779007783;Brinco Rock Star De Ouro 18K Com Ródio Negro E Diamante E Safira;;;
gid://shopify/Metafield/30885838258471;;genero;"[""Feminino""]";gid://shopify/Product/8577779007783
gid://shopify/Metafield/30885838291239;;metal;Ouro Amarelo;gid://shopify/Product/8577779007783
gid://shopify/Metafield/30885838324007;;cobertura;Ródio Negro;gid://shopify/Product/8577779007783
gid://shopify/Metafield/30885838356775;;pedra;"[""Diamante"",""Safira""]";gid://shopify/Product/8577779007783
gid://shopify/Metafield/30885838389543;;cuidadospeca;"Evite o contato de uma joia com a outra. Guarde-as separadamente nas embalagens fornecidas pela Jack Vartanian;
Com o uso, fechos e tarraxas podem necessitar de ajustes para que fiquem com a pressão adequada. Entre em contato conosco;
Após o uso, aconselhamos limpar a joia com flanela de algodão para tirar possíveis resíduos de produtos como maquiagem e perfume;
Evite o contato com água do mar, cremes, perfumes e produtos químicos.";gid://shopify/Product/8577779007783
gid://shopify/Product/8577779171623;Brinco Ear Cuff Rock Star De Ouro 18K Com Ródio Negro E Esmeralda - M;;;
gid://shopify/Metafield/30885839110439;;genero;"[""Feminino""]";gid://shopify/Product/8577779171623
gid://shopify/Metafield/30885839143207;;metal;Ouro Amarelo;gid://shopify/Product/8577779171623
gid://shopify/Metafield/30885839175975;;cobertura;Ródio Negro;gid://shopify/Product/8577779171623
gid://shopify/Metafield/30885839208743;;pedra;"[""Esmeralda""]";gid://shopify/Product/8577779171623
gid://shopify/Metafield/30885839241511;;cuidadospeca;"Evite o contato de uma joia com a outra. Guarde-as separadamente nas embalagens fornecidas pela Jack Vartanian;
Com o uso, fechos e tarraxas podem necessitar de ajustes para que fiquem com a pressão adequada. Entre em contato conosco;
Após o uso, aconselhamos limpar a joia com flanela de algodão para tirar possíveis resíduos de produtos como maquiagem e perfume;
Evite o contato com água do mar, cremes, perfumes e produtos químicos.";gid://shopify/Product/8577779171623
gid://shopify/Product/8577779204391;Brinco Ear Cuff Rock Star De Ouro 18K Com Ródio Negro E Safira - M;;;
gid://shopify/Metafield/30885839307047;;genero;"[""Feminino""]";gid://shopify/Product/8577779204391
gid://shopify/Metafield/30885839339815;;metal;Ouro Amarelo;gid://shopify/Product/8577779204391
gid://shopify/Metafield/30885839405351;;cobertura;Ródio Negro;gid://shopify/Product/8577779204391
gid://shopify/Metafield/30885839438119;;pedra;"[""Safira""]";gid://shopify/Product/8577779204391
gid://shopify/Metafield/30885839470887;;cuidadospeca;"Evite o contato de uma joia com a outra. Guarde-as separadamente nas embalagens fornecidas pela Jack Vartanian;
Com o uso, fechos e tarraxas podem necessitar de ajustes para que fiquem com a pressão adequada. Entre em contato conosco;
Após o uso, aconselhamos limpar a joia com flanela de algodão para tirar possíveis resíduos de produtos como maquiagem e perfume;
Evite o contato com água do mar, cremes, perfumes e produtos químicos.";gid://shopify/Product/8577779204391
gid://shopify/Metafield/31165195649319;;related_products_display;ahead;gid://shopify/Product/8577779204391
gid://shopify/Metafield/31165195682087;;related_products;[];gid://shopify/Product/8577779204391
gid://shopify/Metafield/31165195714855;;complementary_products;"[""gid://shopify/Product/8573617799463"",""gid://shopify/Product/8577779204391"",""gid://shopify/Product/8573598007591"",""gid://shopify/Product/8577751744807"",""gid://shopify/Product/8577769308455"",""gid://shopify/Product/8577769373991"",""gid://shopify/Product/8608791232807"",""gid://shopify/Product/8573594861863"",""gid://shopify/Product/8573594566951"",""gid://shopify/Product/8573594665255""]";gid://shopify/Product/8577779204391
gid://shopify/Product/8577779269927;Brinco Ear Cuff Rock Star De Ouro 18K Com Ródio Negro E Diamante - P;;;
gid://shopify/Metafield/30885840519463;;genero;"[""Feminino""]";gid://shopify/Product/8577779269927
gid://shopify/Metafield/30885840552231;;metal;Ouro Amarelo;gid://shopify/Product/8577779269927
gid://shopify/Metafield/30885840584999;;cobertura;Ródio Negro;gid://shopify/Product/8577779269927
gid://shopify/Metafield/30885840617767;;pedra;"[""Diamante""]";gid://shopify/Product/8577779269927
gid://shopify/Metafield/30885840650535;;cuidadospeca;"Evite o contato de uma joia com a outra. Guarde-as separadamente nas embalagens fornecidas pela Jack Vartanian;
Com o uso, fechos e tarraxas podem necessitar de ajustes para que fiquem com a pressão adequada. Entre em contato conosco;
Após o uso, aconselhamos limpar a joia com flanela de algodão para tirar possíveis resíduos de produtos como maquiagem e perfume;
Evite o contato com água do mar, cremes, perfumes e produtos químicos.";gid://shopify/Product/8577779269927
gid://shopify/Product/8577779433767;Brinco Ear Cuff Rock Star De Ouro 18K Com Ródio Negro E Safira - M;;;
gid://shopify/Metafield/30885843534119;;genero;"[""Feminino""]";gid://shopify/Product/8577779433767
gid://shopify/Metafield/30885843566887;;metal;Ouro Amarelo;gid://shopify/Product/8577779433767
gid://shopify/Metafield/30885843599655;;cobertura;Ródio Negro;gid://shopify/Product/8577779433767
gid://shopify/Metafield/30885843632423;;pedra;"[""Safira""]";gid://shopify/Product/8577779433767
gid://shopify/Metafield/30885843665191;;cuidadospeca;"Evite o contato de uma joia com a outra. Guarde-as separadamente nas embalagens fornecidas pela Jack Vartanian;
Com o uso, fechos e tarraxas podem necessitar de ajustes para que fiquem com a pressão adequada. Entre em contato conosco;
Após o uso, aconselhamos limpar a joia com flanela de algodão para tirar possíveis resíduos de produtos como maquiagem e perfume;
Evite o contato com água do mar, cremes, perfumes e produtos químicos.";gid://shopify/Product/8577779433767
gid://shopify/Product/8577779532071;Brinco Rock Star De Ouro Branco 18K E Diamante;;;
gid://shopify/Metafield/30885843730727;;genero;"[""Feminino""]";gid://shopify/Product/8577779532071
gid://shopify/Metafield/30885843763495;;metal;Ouro Branco;gid://shopify/Product/8577779532071
gid://shopify/Metafield/30885843796263;;cobertura;Ouro Branco;gid://shopify/Product/8577779532071
gid://shopify/Metafield/30885843829031;;pedra;"[""Diamante""]";gid://shopify/Product/8577779532071
gid://shopify/Metafield/30885843861799;;cuidadospeca;"Evite o contato de uma joia com a outra. Guarde-as separadamente nas embalagens fornecidas pela Jack Vartanian;
Com o uso, fechos e tarraxas podem necessitar de ajustes para que fiquem com a pressão adequada. Entre em contato conosco;
Após o uso, aconselhamos limpar a joia com flanela de algodão para tirar possíveis resíduos de produtos como maquiagem e perfume;
Evite o contato com água do mar, cremes, perfumes e produtos químicos.";gid://shopify/Product/8577779532071
gid://shopify/Product/8577779630375;Brinco Ear Cuff Rock Star De Ouro Branco 18K E Diamante - P;;;
gid://shopify/Metafield/30885844648231;;genero;"[""Feminino""]";gid://shopify/Product/8577779630375
gid://shopify/Metafield/30885844680999;;metal;Ouro Branco;gid://shopify/Product/8577779630375
gid://shopify/Metafield/30885844713767;;cobertura;Ouro Branco;gid://shopify/Product/8577779630375
gid://shopify/Metafield/30885844746535;;pedra;"[""Diamante""]";gid://shopify/Product/8577779630375
gid://shopify/Metafield/30885844779303;;cuidadospeca;"Evite o contato de uma joia com a outra. Guarde-as separadamente nas embalagens fornecidas pela Jack Vartanian;
Com o uso, fechos e tarraxas podem necessitar de ajustes para que fiquem com a pressão adequada. Entre em contato conosco;
Após o uso, aconselhamos limpar a joia com flanela de algodão para tirar possíveis resíduos de produtos como maquiagem e perfume;
Evite o contato com água do mar, cremes, perfumes e produtos químicos.";gid://shopify/Product/8577779630375
gid://shopify/Product/8577780908327;Pulseira Rock Star De Ouro 18K Com Ródio Negro E Diamante Negro;;;
gid://shopify/Metafield/30885848285479;;genero;"[""Feminino""]";gid://shopify/Product/8577780908327
gid://shopify/Metafield/30885848318247;;metal;Ouro Amarelo;gid://shopify/Product/8577780908327
gid://shopify/Metafield/30885848351015;;cobertura;Ródio Negro;gid://shopify/Product/8577780908327
gid://shopify/Metafield/30885848383783;;pedra;"[""Diamante Negro""]";gid://shopify/Product/8577780908327
gid://shopify/Metafield/30885848416551;;cuidadospeca;"Evite o contato de uma joia com a outra. Guarde-as separadamente nas embalagens fornecidas pela Jack Vartanian;
Com o uso, fechos e tarraxas podem necessitar de ajustes para que fiquem com a pressão adequada. Entre em contato conosco;
Após o uso, aconselhamos limpar a joia com flanela de algodão para tirar possíveis resíduos de produtos como maquiagem e perfume;
Evite o contato com água do mar, cremes, perfumes e produtos químicos.";gid://shopify/Product/8577780908327
gid://shopify/Product/8577781530919;Pulseira Rock Star De Ouro 18K Com Ródio Negro E Safira;;;
gid://shopify/Metafield/30885850317095;;genero;"[""Feminino""]";gid://shopify/Product/8577781530919
gid://shopify/Metafield/30885850349863;;metal;Ouro Amarelo;gid://shopify/Product/8577781530919
gid://shopify/Metafield/30885850382631;;cobertura;Ródio Negro;gid://shopify/Product/8577781530919
gid://shopify/Metafield/30885850415399;;pedra;"[""Safira""]";gid://shopify/Product/8577781530919
gid://shopify/Metafield/30885850448167;;cuidadospeca;"Evite o contato de uma joia com a outra. Guarde-as separadamente nas embalagens fornecidas pela Jack Vartanian;
Com o uso, fechos e tarraxas podem necessitar de ajustes para que fiquem com a pressão adequada. Entre em contato conosco;
Após o uso, aconselhamos limpar a joia com flanela de algodão para tirar possíveis resíduos de produtos como maquiagem e perfume;
Evite o contato com água do mar, cremes, perfumes e produtos químicos.";gid://shopify/Product/8577781530919
gid://shopify/Product/8577782022439;Pulseira Rock Star De Ouro 18K Com Ródio Negro E Esmeralda;;;
gid://shopify/Metafield/30885851037991;;genero;"[""Feminino""]";gid://shopify/Product/8577782022439
gid://shopify/Metafield/30885851103527;;metal;Ouro Amarelo;gid://shopify/Product/8577782022439
gid://shopify/Metafield/30885851136295;;cobertura;Ródio Negro;gid://shopify/Product/8577782022439
gid://shopify/Metafield/30885851169063;;pedra;"[""Esmeralda""]";gid://shopify/Product/8577782022439
gid://shopify/Metafield/30885851201831;;cuidadospeca;"Evite o contato de uma joia com a outra. Guarde-as separadamente nas embalagens fornecidas pela Jack Vartanian;
Com o uso, fechos e tarraxas podem necessitar de ajustes para que fiquem com a pressão adequada. Entre em contato conosco;
Após o uso, aconselhamos limpar a joia com flanela de algodão para tirar possíveis resíduos de produtos como maquiagem e perfume;
Evite o contato com água do mar, cremes, perfumes e produtos químicos.";gid://shopify/Product/8577782022439
gid://shopify/Product/8577782710567;Pulseira Rock Star De Ouro 18K Com Ródio Negro E Diamante;;;
gid://shopify/Metafield/30885851463975;;genero;"[""Feminino""]";gid://shopify/Product/8577782710567
gid://shopify/Metafield/30885851496743;;metal;Ouro Amarelo;gid://shopify/Product/8577782710567
gid://shopify/Metafield/30885851529511;;cobertura;Ródio Negro;gid://shopify/Product/8577782710567
gid://shopify/Metafield/30885851562279;;pedra;"[""Diamante""]";gid://shopify/Product/8577782710567
gid://shopify/Metafield/30885851595047;;cuidadospeca;"Evite o contato de uma joia com a outra. Guarde-as separadamente nas embalagens fornecidas pela Jack Vartanian;
Com o uso, fechos e tarraxas podem necessitar de ajustes para que fiquem com a pressão adequada. Entre em contato conosco;
Após o uso, aconselhamos limpar a joia com flanela de algodão para tirar possíveis resíduos de produtos como maquiagem e perfume;
Evite o contato com água do mar, cremes, perfumes e produtos químicos.";gid://shopify/Product/8577782710567
gid://shopify/Product/8577782972711;Pulseira Rock Star De Ouro 18K Com Ródio Negro E Rubi;;;
gid://shopify/Metafield/30885851693351;;genero;"[""Feminino""]";gid://shopify/Product/8577782972711
gid://shopify/Metafield/30885851726119;;metal;Ouro Amarelo;gid://shopify/Product/8577782972711
gid://shopify/Metafield/30885851758887;;cobertura;Ródio Negro;gid://shopify/Product/8577782972711
gid://shopify/Metafield/30885851791655;;pedra;"[""Rubi""]";gid://shopify/Product/8577782972711
gid://shopify/Metafield/30885851824423;;cuidadospeca;"Evite o contato de uma joia com a outra. Guarde-as separadamente nas embalagens fornecidas pela Jack Vartanian;
Com o uso, fechos e tarraxas podem necessitar de ajustes para que fiquem com a pressão adequada. Entre em contato conosco;
Após o uso, aconselhamos limpar a joia com flanela de algodão para tirar possíveis resíduos de produtos como maquiagem e perfume;
Evite o contato com água do mar, cremes, perfumes e produtos químicos.";gid://shopify/Product/8577782972711
gid://shopify/Product/8577784316199;Pulseira Rock Star De Ouro Branco 18K E Diamante;;;
gid://shopify/Metafield/30885857362215;;genero;"[""Feminino""]";gid://shopify/Product/8577784316199
gid://shopify/Metafield/30885857394983;;metal;Ouro Branco;gid://shopify/Product/8577784316199
gid://shopify/Metafield/30885857427751;;cobertura;Ouro Branco;gid://shopify/Product/8577784316199
gid://shopify/Metafield/30885857460519;;pedra;"[""Diamante""]";gid://shopify/Product/8577784316199
gid://shopify/Metafield/30885857493287;;cuidadospeca;"Evite o contato de uma joia com a outra. Guarde-as separadamente nas embalagens fornecidas pela Jack Vartanian;
Com o uso, fechos e tarraxas podem necessitar de ajustes para que fiquem com a pressão adequada. Entre em contato conosco;
Após o uso, aconselhamos limpar a joia com flanela de algodão para tirar possíveis resíduos de produtos como maquiagem e perfume;
Evite o contato com água do mar, cremes, perfumes e produtos químicos.";gid://shopify/Product/8577784316199
gid://shopify/Product/8577837564199;Brinco Pop De Prata Com Ouro Amarelo - P;;;
gid://shopify/Metafield/30885982994727;;genero;"[""Feminino""]";gid://shopify/Product/8577837564199
gid://shopify/Metafield/30885983060263;;metal;Prata;gid://shopify/Product/8577837564199
gid://shopify/Metafield/30885983093031;;cobertura;Ouro Amarelo;gid://shopify/Product/8577837564199
gid://shopify/Metafield/30885983125799;;cuidadospeca;"Evite o contato de uma joia com a outra. Guarde-as separadamente nas embalagens fornecidas pela Jack Vartanian;
Com o uso, fechos e tarraxas podem necessitar de ajustes para que fiquem com a pressão adequada. Entre em contato conosco;
Após o uso, aconselhamos limpar a joia com flanela de algodão para tirar possíveis resíduos de produtos como maquiagem e perfume;
Evite o contato com água do mar, cremes, perfumes e produtos químicos;
Para peças em prata o primeiro banho é cortesia;
Para peças ocas, evite atritos ou batidas.";gid://shopify/Product/8577837564199
gid://shopify/Product/8577837793575;Brinco Pop De Prata Com Ouro Amarelo - M;;;
gid://shopify/Metafield/30885983191335;;genero;"[""Feminino""]";gid://shopify/Product/8577837793575
gid://shopify/Metafield/30885983224103;;metal;Prata;gid://shopify/Product/8577837793575
gid://shopify/Metafield/30885983256871;;cobertura;Ouro Amarelo;gid://shopify/Product/8577837793575
gid://shopify/Metafield/30885983289639;;cuidadospeca;"Evite o contato de uma joia com a outra. Guarde-as separadamente nas embalagens fornecidas pela Jack Vartanian;
Com o uso, fechos e tarraxas podem necessitar de ajustes para que fiquem com a pressão adequada. Entre em contato conosco;
Após o uso, aconselhamos limpar a joia com flanela de algodão para tirar possíveis resíduos de produtos como maquiagem e perfume;
Evite o contato com água do mar, cremes, perfumes e produtos químicos;
Para peças em prata o primeiro banho é cortesia;
Para peças ocas, evite atritos ou batidas.";gid://shopify/Product/8577837793575
gid://shopify/Product/8577838088487;Brinco Pop De Prata Com Ouro Amarelo - G;;;
gid://shopify/Metafield/30885983912231;;genero;"[""Feminino""]";gid://shopify/Product/8577838088487
gid://shopify/Metafield/30885983944999;;metal;Prata;gid://shopify/Product/8577838088487
gid://shopify/Metafield/30885983977767;;cobertura;Ouro Amarelo;gid://shopify/Product/8577838088487
gid://shopify/Metafield/30885984010535;;cuidadospeca;"Evite o contato de uma joia com a outra. Guarde-as separadamente nas embalagens fornecidas pela Jack Vartanian;
Com o uso, fechos e tarraxas podem necessitar de ajustes para que fiquem com a pressão adequada. Entre em contato conosco;
Após o uso, aconselhamos limpar a joia com flanela de algodão para tirar possíveis resíduos de produtos como maquiagem e perfume;
Evite o contato com água do mar, cremes, perfumes e produtos químicos;
Para peças em prata o primeiro banho é cortesia;
Para peças ocas, evite atritos ou batidas.";gid://shopify/Product/8577838088487
gid://shopify/Product/8577838285095;Brinco Pop De Prata Com Ouro Amarelo;;;
gid://shopify/Metafield/30885984141607;;genero;"[""Feminino""]";gid://shopify/Product/8577838285095
gid://shopify/Metafield/30885984174375;;metal;Prata;gid://shopify/Product/8577838285095
gid://shopify/Metafield/30885984207143;;cobertura;Ouro Amarelo;gid://shopify/Product/8577838285095
gid://shopify/Metafield/30885984239911;;cuidadospeca;"Evite o contato de uma joia com a outra. Guarde-as separadamente nas embalagens fornecidas pela Jack Vartanian;
Com o uso, fechos e tarraxas podem necessitar de ajustes para que fiquem com a pressão adequada. Entre em contato conosco;
Após o uso, aconselhamos limpar a joia com flanela de algodão para tirar possíveis resíduos de produtos como maquiagem e perfume;
Evite o contato com água do mar, cremes, perfumes e produtos químicos;
Para peças em prata o primeiro banho é cortesia;
Para peças ocas, evite atritos ou batidas.";gid://shopify/Product/8577838285095
gid://shopify/Product/8577838448935;Corrente Pop De Prata Com Ouro Amarelo;;;
gid://shopify/Metafield/30885985157415;;genero;"[""Feminino""]";gid://shopify/Product/8577838448935
gid://shopify/Metafield/30885985190183;;metal;Prata;gid://shopify/Product/8577838448935
gid://shopify/Metafield/30885985222951;;cobertura;Ouro Amarelo;gid://shopify/Product/8577838448935
gid://shopify/Metafield/30885985255719;;cuidadospeca;"Evite o contato de uma joia com a outra. Guarde-as separadamente nas embalagens fornecidas pela Jack Vartanian;
Com o uso, fechos e tarraxas podem necessitar de ajustes para que fiquem com a pressão adequada. Entre em contato conosco;
Após o uso, aconselhamos limpar a joia com flanela de algodão para tirar possíveis resíduos de produtos como maquiagem e perfume;
Evite o contato com água do mar, cremes, perfumes e produtos químicos;
Para peças em prata o primeiro banho é cortesia;
Para peças ocas, evite atritos ou batidas.";gid://shopify/Product/8577838448935
gid://shopify/Product/8577838547239;Corrente Pop De Prata Com Ouro Amarelo;;;
gid://shopify/Metafield/30885985452327;;genero;"[""Feminino""]";gid://shopify/Product/8577838547239
gid://shopify/Metafield/30885985485095;;metal;Prata;gid://shopify/Product/8577838547239
gid://shopify/Metafield/30885985517863;;cobertura;Ouro Amarelo;gid://shopify/Product/8577838547239
gid://shopify/Metafield/30885985550631;;cuidadospeca;"Evite o contato de uma joia com a outra. Guarde-as separadamente nas embalagens fornecidas pela Jack Vartanian;
Com o uso, fechos e tarraxas podem necessitar de ajustes para que fiquem com a pressão adequada. Entre em contato conosco;
Após o uso, aconselhamos limpar a joia com flanela de algodão para tirar possíveis resíduos de produtos como maquiagem e perfume;
Evite o contato com água do mar, cremes, perfumes e produtos químicos;
Para peças em prata o primeiro banho é cortesia;
Para peças ocas, evite atritos ou batidas.";gid://shopify/Product/8577838547239
gid://shopify/Product/8577838711079;Corrente Pop De Prata Com Ouro Amarelo;;;
gid://shopify/Metafield/30885986238759;;genero;"[""Feminino""]";gid://shopify/Product/8577838711079
gid://shopify/Metafield/30885986271527;;metal;Prata;gid://shopify/Product/8577838711079
gid://shopify/Metafield/30885986304295;;cobertura;Ouro Amarelo;gid://shopify/Product/8577838711079
gid://shopify/Metafield/30885986337063;;cuidadospeca;"Evite o contato de uma joia com a outra. Guarde-as separadamente nas embalagens fornecidas pela Jack Vartanian;
Com o uso, fechos e tarraxas podem necessitar de ajustes para que fiquem com a pressão adequada. Entre em contato conosco;
Após o uso, aconselhamos limpar a joia com flanela de algodão para tirar possíveis resíduos de produtos como maquiagem e perfume;
Evite o contato com água do mar, cremes, perfumes e produtos químicos;
Para peças em prata o primeiro banho é cortesia;
Para peças ocas, evite atritos ou batidas.";gid://shopify/Product/8577838711079
gid://shopify/Product/8577838842151;Corrente Pop De Prata Com Ouro Amarelo;;;
gid://shopify/Metafield/30885986369831;;genero;"[""Feminino""]";gid://shopify/Product/8577838842151
gid://shopify/Metafield/30885986402599;;metal;Prata;gid://shopify/Product/8577838842151
gid://shopify/Metafield/30885986435367;;cobertura;Ouro Amarelo;gid://shopify/Product/8577838842151
gid://shopify/Metafield/30885986468135;;cuidadospeca;"Evite o contato de uma joia com a outra. Guarde-as separadamente nas embalagens fornecidas pela Jack Vartanian;
Com o uso, fechos e tarraxas podem necessitar de ajustes para que fiquem com a pressão adequada. Entre em contato conosco;
Após o uso, aconselhamos limpar a joia com flanela de algodão para tirar possíveis resíduos de produtos como maquiagem e perfume;
Evite o contato com água do mar, cremes, perfumes e produtos químicos;
Para peças em prata o primeiro banho é cortesia;
Para peças ocas, evite atritos ou batidas.";gid://shopify/Product/8577838842151
gid://shopify/Product/8577838973223;Corrente Pop De Prata Com Ouro Amarelo;;;
gid://shopify/Metafield/30885987418407;;genero;"[""Infantil""]";gid://shopify/Product/8577838973223
gid://shopify/Metafield/30885987451175;;metal;Prata;gid://shopify/Product/8577838973223
gid://shopify/Metafield/30885987483943;;cobertura;Ouro Amarelo;gid://shopify/Product/8577838973223
gid://shopify/Metafield/30885987516711;;cuidadospeca;"Evite o contato de uma joia com a outra. Guarde-as separadamente nas embalagens fornecidas pela Jack Vartanian;
Com o uso, fechos e tarraxas podem necessitar de ajustes para que fiquem com a pressão adequada. Entre em contato conosco;
Após o uso, aconselhamos limpar a joia com flanela de algodão para tirar possíveis resíduos de produtos como maquiagem e perfume;
Evite o contato com água do mar, cremes, perfumes e produtos químicos;
Para peças em prata o primeiro banho é cortesia;
Para peças ocas, evite atritos ou batidas.";gid://shopify/Product/8577838973223
gid://shopify/Product/8577852866855;Brinco Mare De Prata Com Ouro Amarelo;;;
gid://shopify/Metafield/30886024511783;;genero;"[""Feminino""]";gid://shopify/Product/8577852866855
gid://shopify/Metafield/30886024544551;;metal;Prata;gid://shopify/Product/8577852866855
gid://shopify/Metafield/30886024577319;;cobertura;Ouro Amarelo;gid://shopify/Product/8577852866855
gid://shopify/Metafield/30886024610087;;cuidadospeca;"Evite o contato de uma joia com a outra. Guarde-as separadamente nas embalagens fornecidas pela Jack Vartanian;
Com o uso, fechos e tarraxas podem necessitar de ajustes para que fiquem com a pressão adequada. Entre em contato conosco;
Após o uso, aconselhamos limpar a joia com flanela de algodão para tirar possíveis resíduos de produtos como maquiagem e perfume;
Evite o contato com água do mar, cremes, perfumes e produtos químicos;
Para peças em prata o primeiro banho é cortesia;
Para peças ocas, evite atritos ou batidas.";gid://shopify/Product/8577852866855
gid://shopify/Product/8577852965159;Brinco Mare De Prata Com Ouro Amarelo;;;
gid://shopify/Metafield/30886025691431;;genero;"[""Feminino""]";gid://shopify/Product/8577852965159
gid://shopify/Metafield/30886025724199;;metal;Prata;gid://shopify/Product/8577852965159
gid://shopify/Metafield/30886025756967;;cobertura;Ouro Amarelo;gid://shopify/Product/8577852965159
gid://shopify/Metafield/30886025789735;;cuidadospeca;"Evite o contato de uma joia com a outra. Guarde-as separadamente nas embalagens fornecidas pela Jack Vartanian;
Com o uso, fechos e tarraxas podem necessitar de ajustes para que fiquem com a pressão adequada. Entre em contato conosco;
Após o uso, aconselhamos limpar a joia com flanela de algodão para tirar possíveis resíduos de produtos como maquiagem e perfume;
Evite o contato com água do mar, cremes, perfumes e produtos químicos;
Para peças em prata o primeiro banho é cortesia;
Para peças ocas, evite atritos ou batidas.";gid://shopify/Product/8577852965159
gid://shopify/Product/8577853194535;Brinco Mare De Prata Com Ouro Amarelo;;;
gid://shopify/Metafield/30886026150183;;genero;"[""Feminino""]";gid://shopify/Product/8577853194535
gid://shopify/Metafield/30886026182951;;metal;Prata;gid://shopify/Product/8577853194535
gid://shopify/Metafield/30886026215719;;cobertura;Ouro Amarelo;gid://shopify/Product/8577853194535
gid://shopify/Metafield/30886026248487;;cuidadospeca;"Evite o contato de uma joia com a outra. Guarde-as separadamente nas embalagens fornecidas pela Jack Vartanian;
Com o uso, fechos e tarraxas podem necessitar de ajustes para que fiquem com a pressão adequada. Entre em contato conosco;
Após o uso, aconselhamos limpar a joia com flanela de algodão para tirar possíveis resíduos de produtos como maquiagem e perfume;
Evite o contato com água do mar, cremes, perfumes e produtos químicos;
Para peças em prata o primeiro banho é cortesia;
Para peças ocas, evite atritos ou batidas.";gid://shopify/Product/8577853194535
gid://shopify/Product/8577853358375;Brinco Mare De Prata Com Ouro Amarelo;;;
gid://shopify/Metafield/30886029656359;;genero;"[""Feminino""]";gid://shopify/Product/8577853358375
gid://shopify/Metafield/30886029689127;;metal;Prata;gid://shopify/Product/8577853358375
gid://shopify/Metafield/30886029721895;;cobertura;Ouro Amarelo;gid://shopify/Product/8577853358375
gid://shopify/Metafield/30886029754663;;cuidadospeca;"Evite o contato de uma joia com a outra. Guarde-as separadamente nas embalagens fornecidas pela Jack Vartanian;
Com o uso, fechos e tarraxas podem necessitar de ajustes para que fiquem com a pressão adequada. Entre em contato conosco;
Após o uso, aconselhamos limpar a joia com flanela de algodão para tirar possíveis resíduos de produtos como maquiagem e perfume;
Evite o contato com água do mar, cremes, perfumes e produtos químicos;
Para peças em prata o primeiro banho é cortesia;
Para peças ocas, evite atritos ou batidas.";gid://shopify/Product/8577853358375
gid://shopify/Product/8577853587751;Brinco Mare De Prata Com Ouro Amarelo;;;
gid://shopify/Metafield/30886030639399;;genero;"[""Feminino""]";gid://shopify/Product/8577853587751
gid://shopify/Metafield/30886030672167;;metal;Prata;gid://shopify/Product/8577853587751
gid://shopify/Metafield/30886030704935;;cobertura;Ouro Amarelo;gid://shopify/Product/8577853587751
gid://shopify/Metafield/30886030770471;;cuidadospeca;"Evite o contato de uma joia com a outra. Guarde-as separadamente nas embalagens fornecidas pela Jack Vartanian;
Com o uso, fechos e tarraxas podem necessitar de ajustes para que fiquem com a pressão adequada. Entre em contato conosco;
Após o uso, aconselhamos limpar a joia com flanela de algodão para tirar possíveis resíduos de produtos como maquiagem e perfume;
Evite o contato com água do mar, cremes, perfumes e produtos químicos;
Para peças em prata o primeiro banho é cortesia;
Para peças ocas, evite atritos ou batidas.";gid://shopify/Product/8577853587751
gid://shopify/Product/8577853718823;Brinco Mare De Prata Com Ouro Amarelo;;;
gid://shopify/Metafield/30886031196455;;genero;"[""Feminino""]";gid://shopify/Product/8577853718823
gid://shopify/Metafield/30886031229223;;metal;Prata;gid://shopify/Product/8577853718823
gid://shopify/Metafield/30886031294759;;cobertura;Ouro Amarelo;gid://shopify/Product/8577853718823
gid://shopify/Metafield/30886031425831;;cuidadospeca;"Evite o contato de uma joia com a outra. Guarde-as separadamente nas embalagens fornecidas pela Jack Vartanian;
Com o uso, fechos e tarraxas podem necessitar de ajustes para que fiquem com a pressão adequada. Entre em contato conosco;
Após o uso, aconselhamos limpar a joia com flanela de algodão para tirar possíveis resíduos de produtos como maquiagem e perfume;
Evite o contato com água do mar, cremes, perfumes e produtos químicos;
Para peças em prata o primeiro banho é cortesia;
Para peças ocas, evite atritos ou batidas.";gid://shopify/Product/8577853718823
gid://shopify/Product/8577853751591;Brinco Mare De Prata Com Ouro Amarelo;;;
gid://shopify/Metafield/30886031982887;;genero;"[""Feminino""]";gid://shopify/Product/8577853751591
gid://shopify/Metafield/30886032015655;;metal;Prata;gid://shopify/Product/8577853751591
gid://shopify/Metafield/30886032048423;;cobertura;Ouro Amarelo;gid://shopify/Product/8577853751591
gid://shopify/Metafield/30886032081191;;cuidadospeca;"Evite o contato de uma joia com a outra. Guarde-as separadamente nas embalagens fornecidas pela Jack Vartanian;
Com o uso, fechos e tarraxas podem necessitar de ajustes para que fiquem com a pressão adequada. Entre em contato conosco;
Após o uso, aconselhamos limpar a joia com flanela de algodão para tirar possíveis resíduos de produtos como maquiagem e perfume;
Evite o contato com água do mar, cremes, perfumes e produtos químicos;
Para peças em prata o primeiro banho é cortesia;
Para peças ocas, evite atritos ou batidas.";gid://shopify/Product/8577853751591
gid://shopify/Product/8577853817127;Brinco Mare De Prata Com Ouro Amarelo;;;
gid://shopify/Metafield/30886032834855;;genero;"[""Feminino""]";gid://shopify/Product/8577853817127
gid://shopify/Metafield/30886032867623;;metal;Prata;gid://shopify/Product/8577853817127
gid://shopify/Metafield/30886032900391;;cobertura;Ouro Amarelo;gid://shopify/Product/8577853817127
gid://shopify/Metafield/30886032933159;;cuidadospeca;"Evite o contato de uma joia com a outra. Guarde-as separadamente nas embalagens fornecidas pela Jack Vartanian;
Com o uso, fechos e tarraxas podem necessitar de ajustes para que fiquem com a pressão adequada. Entre em contato conosco;
Após o uso, aconselhamos limpar a joia com flanela de algodão para tirar possíveis resíduos de produtos como maquiagem e perfume;
Evite o contato com água do mar, cremes, perfumes e produtos químicos;
Para peças em prata o primeiro banho é cortesia;
Para peças ocas, evite atritos ou batidas.";gid://shopify/Product/8577853817127
gid://shopify/Product/8577853948199;Colar Mare De Prata Com Ouro Amarelo - P;;;
gid://shopify/Metafield/30886032998695;;genero;"[""Feminino""]";gid://shopify/Product/8577853948199
gid://shopify/Metafield/30886033031463;;metal;Prata;gid://shopify/Product/8577853948199
gid://shopify/Metafield/30886033064231;;cobertura;Ouro Amarelo;gid://shopify/Product/8577853948199
gid://shopify/Metafield/30886033096999;;cuidadospeca;"Evite o contato de uma joia com a outra. Guarde-as separadamente nas embalagens fornecidas pela Jack Vartanian;
Com o uso, fechos e tarraxas podem necessitar de ajustes para que fiquem com a pressão adequada. Entre em contato conosco;
Após o uso, aconselhamos limpar a joia com flanela de algodão para tirar possíveis resíduos de produtos como maquiagem e perfume;
Evite o contato com água do mar, cremes, perfumes e produtos químicos;
Para peças em prata o primeiro banho é cortesia;
Para peças ocas, evite atritos ou batidas.";gid://shopify/Product/8577853948199
gid://shopify/Product/8577853980967;Colar Mare De Prata Com Ouro Amarelo - M;;;
gid://shopify/Metafield/30886033883431;;genero;"[""Feminino""]";gid://shopify/Product/8577853980967
gid://shopify/Metafield/30886033916199;;metal;Prata;gid://shopify/Product/8577853980967
gid://shopify/Metafield/30886033948967;;cobertura;Ouro Amarelo;gid://shopify/Product/8577853980967
gid://shopify/Metafield/30886033981735;;cuidadospeca;"Evite o contato de uma joia com a outra. Guarde-as separadamente nas embalagens fornecidas pela Jack Vartanian;
Com o uso, fechos e tarraxas podem necessitar de ajustes para que fiquem com a pressão adequada. Entre em contato conosco;
Após o uso, aconselhamos limpar a joia com flanela de algodão para tirar possíveis resíduos de produtos como maquiagem e perfume;
Evite o contato com água do mar, cremes, perfumes e produtos químicos;
Para peças em prata o primeiro banho é cortesia;
Para peças ocas, evite atritos ou batidas.";gid://shopify/Product/8577853980967
gid://shopify/Product/8577854243111;Colar Mare De Prata Com Ouro Amarelo - G;;;
gid://shopify/Metafield/30886035161383;;genero;"[""Feminino""]";gid://shopify/Product/8577854243111
gid://shopify/Metafield/30886035194151;;metal;Prata;gid://shopify/Product/8577854243111
gid://shopify/Metafield/30886035226919;;cobertura;Ouro Amarelo;gid://shopify/Product/8577854243111
gid://shopify/Metafield/30886035259687;;cuidadospeca;"Evite o contato de uma joia com a outra. Guarde-as separadamente nas embalagens fornecidas pela Jack Vartanian;
Com o uso, fechos e tarraxas podem necessitar de ajustes para que fiquem com a pressão adequada. Entre em contato conosco;
Após o uso, aconselhamos limpar a joia com flanela de algodão para tirar possíveis resíduos de produtos como maquiagem e perfume;
Evite o contato com água do mar, cremes, perfumes e produtos químicos;
Para peças em prata o primeiro banho é cortesia;
Para peças ocas, evite atritos ou batidas.";gid://shopify/Product/8577854243111
gid://shopify/Product/8577854800167;Colar Mare De Prata Com Ouro Amarelo;;;
gid://shopify/Metafield/30886036373799;;genero;"[""Feminino""]";gid://shopify/Product/8577854800167
gid://shopify/Metafield/30886036406567;;metal;Prata;gid://shopify/Product/8577854800167
gid://shopify/Metafield/30886036439335;;cobertura;Ouro Amarelo;gid://shopify/Product/8577854800167
gid://shopify/Metafield/30886036472103;;cuidadospeca;"Evite o contato de uma joia com a outra. Guarde-as separadamente nas embalagens fornecidas pela Jack Vartanian;
Com o uso, fechos e tarraxas podem necessitar de ajustes para que fiquem com a pressão adequada. Entre em contato conosco;
Após o uso, aconselhamos limpar a joia com flanela de algodão para tirar possíveis resíduos de produtos como maquiagem e perfume;
Evite o contato com água do mar, cremes, perfumes e produtos químicos;
Para peças em prata o primeiro banho é cortesia;
Para peças ocas, evite atritos ou batidas.";gid://shopify/Product/8577854800167
gid://shopify/Product/8577855422759;Piercing Mare De Prata Com Ouro Amarelo;;;
gid://shopify/Metafield/30886038044967;;genero;"[""Feminino""]";gid://shopify/Product/8577855422759
gid://shopify/Metafield/30886038077735;;metal;Prata;gid://shopify/Product/8577855422759
gid://shopify/Metafield/30886038110503;;cobertura;Ouro Amarelo;gid://shopify/Product/8577855422759
gid://shopify/Metafield/30886038143271;;cuidadospeca;"Evite o contato de uma joia com a outra. Guarde-as separadamente nas embalagens fornecidas pela Jack Vartanian;
Com o uso, fechos e tarraxas podem necessitar de ajustes para que fiquem com a pressão adequada. Entre em contato conosco;
Após o uso, aconselhamos limpar a joia com flanela de algodão para tirar possíveis resíduos de produtos como maquiagem e perfume;
Evite o contato com água do mar, cremes, perfumes e produtos químicos;
Para peças em prata o primeiro banho é cortesia;
Para peças ocas, evite atritos ou batidas.";gid://shopify/Product/8577855422759
gid://shopify/Product/8577858339111;Piercing Mare De Prata Com Ouro Amarelo;;;
gid://shopify/Metafield/30886052823335;;genero;"[""Feminino""]";gid://shopify/Product/8577858339111
gid://shopify/Metafield/30886052856103;;metal;Prata;gid://shopify/Product/8577858339111
gid://shopify/Metafield/30886052888871;;cobertura;Ouro Amarelo;gid://shopify/Product/8577858339111
gid://shopify/Metafield/30886052921639;;cuidadospeca;"Evite o contato de uma joia com a outra. Guarde-as separadamente nas embalagens fornecidas pela Jack Vartanian;
Com o uso, fechos e tarraxas podem necessitar de ajustes para que fiquem com a pressão adequada. Entre em contato conosco;
Após o uso, aconselhamos limpar a joia com flanela de algodão para tirar possíveis resíduos de produtos como maquiagem e perfume;
Evite o contato com água do mar, cremes, perfumes e produtos químicos;
Para peças em prata o primeiro banho é cortesia;
Para peças ocas, evite atritos ou batidas.";gid://shopify/Product/8577858339111
gid://shopify/Product/8577859551527;Brinco Dolce Vita De Ouro Amarelo 18K E Lápis Lazuli;;;
gid://shopify/Metafield/30886061310247;;genero;"[""Feminino""]";gid://shopify/Product/8577859551527
gid://shopify/Metafield/30886061343015;;metal;Ouro Amarelo;gid://shopify/Product/8577859551527
gid://shopify/Metafield/30886061375783;;cobertura;Ouro Amarelo;gid://shopify/Product/8577859551527
gid://shopify/Metafield/30886061408551;;pedra;"[""Lápis Lazuli""]";gid://shopify/Product/8577859551527
gid://shopify/Metafield/30886061441319;;cuidadospeca;"Evite o contato de uma joia com a outra. Guarde-as separadamente nas embalagens fornecidas pela Jack Vartanian;
Com o uso, fechos e tarraxas podem necessitar de ajustes para que fiquem com a pressão adequada. Entre em contato conosco;
Após o uso, aconselhamos limpar a joia com flanela de algodão para tirar possíveis resíduos de produtos como maquiagem e perfume;
Evite o contato com água do mar, cremes, perfumes e produtos químicos.";gid://shopify/Product/8577859551527
gid://shopify/Product/8577859715367;Brinco Dolce Vita De Ouro Amarelo 18K E Ágata;;;
gid://shopify/Metafield/30886061572391;;genero;"[""Feminino""]";gid://shopify/Product/8577859715367
gid://shopify/Metafield/30886061605159;;metal;Ouro Amarelo;gid://shopify/Product/8577859715367
gid://shopify/Metafield/30886061637927;;cobertura;Ouro Amarelo;gid://shopify/Product/8577859715367
gid://shopify/Metafield/30886061670695;;pedra;"[""Ágata""]";gid://shopify/Product/8577859715367
gid://shopify/Metafield/30886061703463;;cuidadospeca;"Evite o contato de uma joia com a outra. Guarde-as separadamente nas embalagens fornecidas pela Jack Vartanian;
Com o uso, fechos e tarraxas podem necessitar de ajustes para que fiquem com a pressão adequada. Entre em contato conosco;
Após o uso, aconselhamos limpar a joia com flanela de algodão para tirar possíveis resíduos de produtos como maquiagem e perfume;
Evite o contato com água do mar, cremes, perfumes e produtos químicos.";gid://shopify/Product/8577859715367
gid://shopify/Product/8577859879207;Brinco Dolce Vita De Ouro Amarelo 18K E Quartzo;;;
gid://shopify/Metafield/30886062555431;;genero;"[""Feminino""]";gid://shopify/Product/8577859879207
gid://shopify/Metafield/30886062588199;;metal;Ouro Amarelo;gid://shopify/Product/8577859879207
gid://shopify/Metafield/30886062620967;;cobertura;Ouro Amarelo;gid://shopify/Product/8577859879207
gid://shopify/Metafield/30886062653735;;pedra;"[""Quartzo""]";gid://shopify/Product/8577859879207
gid://shopify/Metafield/30886062686503;;cuidadospeca;"Evite o contato de uma joia com a outra. Guarde-as separadamente nas embalagens fornecidas pela Jack Vartanian;
Com o uso, fechos e tarraxas podem necessitar de ajustes para que fiquem com a pressão adequada. Entre em contato conosco;
Após o uso, aconselhamos limpar a joia com flanela de algodão para tirar possíveis resíduos de produtos como maquiagem e perfume;
Evite o contato com água do mar, cremes, perfumes e produtos químicos.";gid://shopify/Product/8577859879207
gid://shopify/Product/8577860010279;Brinco Dolce Vita De Ouro Amarelo 18K E Malaquita;;;
gid://shopify/Metafield/30886062915879;;genero;"[""Feminino""]";gid://shopify/Product/8577860010279
gid://shopify/Metafield/30886062948647;;metal;Ouro Amarelo;gid://shopify/Product/8577860010279
gid://shopify/Metafield/30886062981415;;cobertura;Ouro Amarelo;gid://shopify/Product/8577860010279
gid://shopify/Metafield/30886063014183;;pedra;"[""Malaquita""]";gid://shopify/Product/8577860010279
gid://shopify/Metafield/30886063046951;;cuidadospeca;"Evite o contato de uma joia com a outra. Guarde-as separadamente nas embalagens fornecidas pela Jack Vartanian;
Com o uso, fechos e tarraxas podem necessitar de ajustes para que fiquem com a pressão adequada. Entre em contato conosco;
Após o uso, aconselhamos limpar a joia com flanela de algodão para tirar possíveis resíduos de produtos como maquiagem e perfume;
Evite o contato com água do mar, cremes, perfumes e produtos químicos.";gid://shopify/Product/8577860010279
gid://shopify/Product/8577860174119;Brinco Dolce Vita De Ouro Amarelo 18K E Ágata E Diamante;;;
gid://shopify/Metafield/30886063898919;;genero;"[""Feminino""]";gid://shopify/Product/8577860174119
gid://shopify/Metafield/30886063931687;;metal;Ouro Amarelo;gid://shopify/Product/8577860174119
gid://shopify/Metafield/30886063964455;;cobertura;Ouro Amarelo;gid://shopify/Product/8577860174119
gid://shopify/Metafield/30886063997223;;pedra;"[""Ágata"",""Diamante""]";gid://shopify/Product/8577860174119
gid://shopify/Metafield/30886064029991;;cuidadospeca;"Evite o contato de uma joia com a outra. Guarde-as separadamente nas embalagens fornecidas pela Jack Vartanian;
Com o uso, fechos e tarraxas podem necessitar de ajustes para que fiquem com a pressão adequada. Entre em contato conosco;
Após o uso, aconselhamos limpar a joia com flanela de algodão para tirar possíveis resíduos de produtos como maquiagem e perfume;
Evite o contato com água do mar, cremes, perfumes e produtos químicos.";gid://shopify/Product/8577860174119
gid://shopify/Product/8577860370727;Brinco Dolce Vita De Ouro Amarelo 18K E Lápis Lazuli E Diamante;;;
gid://shopify/Metafield/30886064357671;;genero;"[""Feminino""]";gid://shopify/Product/8577860370727
gid://shopify/Metafield/30886064390439;;metal;Ouro Amarelo;gid://shopify/Product/8577860370727
gid://shopify/Metafield/30886064423207;;cobertura;Ouro Amarelo;gid://shopify/Product/8577860370727
gid://shopify/Metafield/30886064455975;;pedra;"[""Lápis Lazuli"",""Diamante""]";gid://shopify/Product/8577860370727
gid://shopify/Metafield/30886064488743;;cuidadospeca;"Evite o contato de uma joia com a outra. Guarde-as separadamente nas embalagens fornecidas pela Jack Vartanian;
Com o uso, fechos e tarraxas podem necessitar de ajustes para que fiquem com a pressão adequada. Entre em contato conosco;
Após o uso, aconselhamos limpar a joia com flanela de algodão para tirar possíveis resíduos de produtos como maquiagem e perfume;
Evite o contato com água do mar, cremes, perfumes e produtos químicos.";gid://shopify/Product/8577860370727
gid://shopify/Product/8577860469031;Brinco Dolce Vita De Ouro Amarelo 18K E Coral E Diamante;;;
gid://shopify/Metafield/30886065242407;;genero;"[""Feminino""]";gid://shopify/Product/8577860469031
gid://shopify/Metafield/30886065275175;;metal;Ouro Amarelo;gid://shopify/Product/8577860469031
gid://shopify/Metafield/30886065406247;;cobertura;Ouro Amarelo;gid://shopify/Product/8577860469031
gid://shopify/Metafield/30886065471783;;pedra;"[""Coral"",""Diamante""]";gid://shopify/Product/8577860469031
gid://shopify/Metafield/30886065504551;;cuidadospeca;"Evite o contato de uma joia com a outra. Guarde-as separadamente nas embalagens fornecidas pela Jack Vartanian;
Com o uso, fechos e tarraxas podem necessitar de ajustes para que fiquem com a pressão adequada. Entre em contato conosco;
Após o uso, aconselhamos limpar a joia com flanela de algodão para tirar possíveis resíduos de produtos como maquiagem e perfume;
Evite o contato com água do mar, cremes, perfumes e produtos químicos.";gid://shopify/Product/8577860469031
gid://shopify/Product/8577860600103;Brinco Dolce Vita De Ouro Amarelo 18K E Malaquita E Diamante;;;
gid://shopify/Metafield/30886065766695;;genero;"[""Feminino""]";gid://shopify/Product/8577860600103
gid://shopify/Metafield/30886065799463;;metal;Ouro Amarelo;gid://shopify/Product/8577860600103
gid://shopify/Metafield/30886065832231;;cobertura;Ouro Amarelo;gid://shopify/Product/8577860600103
gid://shopify/Metafield/30886065864999;;pedra;"[""Malaquita"",""Diamante""]";gid://shopify/Product/8577860600103
gid://shopify/Metafield/30886065897767;;cuidadospeca;"Evite o contato de uma joia com a outra. Guarde-as separadamente nas embalagens fornecidas pela Jack Vartanian;
Com o uso, fechos e tarraxas podem necessitar de ajustes para que fiquem com a pressão adequada. Entre em contato conosco;
Após o uso, aconselhamos limpar a joia com flanela de algodão para tirar possíveis resíduos de produtos como maquiagem e perfume;
Evite o contato com água do mar, cremes, perfumes e produtos químicos.";gid://shopify/Product/8577860600103
gid://shopify/Product/8577860796711;Brinco Dolce Vita De Ouro Amarelo 18K E Turquesa E Diamante;;;
gid://shopify/Metafield/30886065963303;;genero;"[""Feminino""]";gid://shopify/Product/8577860796711
gid://shopify/Metafield/30886065996071;;metal;Ouro Amarelo;gid://shopify/Product/8577860796711
gid://shopify/Metafield/30886066028839;;cobertura;Ouro Amarelo;gid://shopify/Product/8577860796711
gid://shopify/Metafield/30886066061607;;pedra;"[""Turquesa"",""Diamante""]";gid://shopify/Product/8577860796711
gid://shopify/Metafield/30886066094375;;cuidadospeca;"Evite o contato de uma joia com a outra. Guarde-as separadamente nas embalagens fornecidas pela Jack Vartanian;
Com o uso, fechos e tarraxas podem necessitar de ajustes para que fiquem com a pressão adequada. Entre em contato conosco;
Após o uso, aconselhamos limpar a joia com flanela de algodão para tirar possíveis resíduos de produtos como maquiagem e perfume;
Evite o contato com água do mar, cremes, perfumes e produtos químicos.";gid://shopify/Product/8577860796711
gid://shopify/Product/8577860960551;Brinco Dolce Vita De Ouro Amarelo 18K E Malaquita E Diamante;;;
gid://shopify/Metafield/30886066749735;;genero;"[""Feminino""]";gid://shopify/Product/8577860960551
gid://shopify/Metafield/30886066782503;;metal;Ouro Amarelo;gid://shopify/Product/8577860960551
gid://shopify/Metafield/30886066815271;;cobertura;Ouro Amarelo;gid://shopify/Product/8577860960551
gid://shopify/Metafield/30886066848039;;pedra;"[""Malaquita"",""Diamante""]";gid://shopify/Product/8577860960551
gid://shopify/Metafield/30886066880807;;cuidadospeca;"Evite o contato de uma joia com a outra. Guarde-as separadamente nas embalagens fornecidas pela Jack Vartanian;
Com o uso, fechos e tarraxas podem necessitar de ajustes para que fiquem com a pressão adequada. Entre em contato conosco;
Após o uso, aconselhamos limpar a joia com flanela de algodão para tirar possíveis resíduos de produtos como maquiagem e perfume;
Evite o contato com água do mar, cremes, perfumes e produtos químicos.";gid://shopify/Product/8577860960551
gid://shopify/Product/8577861157159;Brinco Dolce Vita De Ouro Amarelo 18K E Ágata E Diamante;;;
gid://shopify/Metafield/30886067175719;;genero;"[""Feminino""]";gid://shopify/Product/8577861157159
gid://shopify/Metafield/30886067274023;;metal;Ouro Amarelo;gid://shopify/Product/8577861157159
gid://shopify/Metafield/30886067306791;;cobertura;Ouro Amarelo;gid://shopify/Product/8577861157159
gid://shopify/Metafield/30886067339559;;pedra;"[""Ágata"",""Diamante""]";gid://shopify/Product/8577861157159
gid://shopify/Metafield/30886067372327;;cuidadospeca;"Evite o contato de uma joia com a outra. Guarde-as separadamente nas embalagens fornecidas pela Jack Vartanian;
Com o uso, fechos e tarraxas podem necessitar de ajustes para que fiquem com a pressão adequada. Entre em contato conosco;
Após o uso, aconselhamos limpar a joia com flanela de algodão para tirar possíveis resíduos de produtos como maquiagem e perfume;
Evite o contato com água do mar, cremes, perfumes e produtos químicos.";gid://shopify/Product/8577861157159
gid://shopify/Product/8577861320999;Brinco Dolce Vita De Ouro Amarelo 18K E Ágata E Diamante;;;
gid://shopify/Metafield/30886067929383;;genero;"[""Feminino""]";gid://shopify/Product/8577861320999
gid://shopify/Metafield/30886067962151;;metal;Ouro Amarelo;gid://shopify/Product/8577861320999
gid://shopify/Metafield/30886067994919;;cobertura;Ouro Amarelo;gid://shopify/Product/8577861320999
gid://shopify/Metafield/30886068027687;;pedra;"[""Ágata"",""Diamante""]";gid://shopify/Product/8577861320999
gid://shopify/Metafield/30886068060455;;cuidadospeca;"Evite o contato de uma joia com a outra. Guarde-as separadamente nas embalagens fornecidas pela Jack Vartanian;
Com o uso, fechos e tarraxas podem necessitar de ajustes para que fiquem com a pressão adequada. Entre em contato conosco;
Após o uso, aconselhamos limpar a joia com flanela de algodão para tirar possíveis resíduos de produtos como maquiagem e perfume;
Evite o contato com água do mar, cremes, perfumes e produtos químicos.";gid://shopify/Product/8577861320999
gid://shopify/Product/8577861419303;Brinco Dolce Vita De Ouro Amarelo 18K E Ágata;;;
gid://shopify/Metafield/30886068846887;;genero;"[""Feminino""]";gid://shopify/Product/8577861419303
gid://shopify/Metafield/30886068879655;;metal;Ouro Amarelo;gid://shopify/Product/8577861419303
gid://shopify/Metafield/30886068912423;;cobertura;Ouro Amarelo;gid://shopify/Product/8577861419303
gid://shopify/Metafield/30886068945191;;pedra;"[""Ágata""]";gid://shopify/Product/8577861419303
gid://shopify/Metafield/30886068977959;;cuidadospeca;"Evite o contato de uma joia com a outra. Guarde-as separadamente nas embalagens fornecidas pela Jack Vartanian;
Com o uso, fechos e tarraxas podem necessitar de ajustes para que fiquem com a pressão adequada. Entre em contato conosco;
Após o uso, aconselhamos limpar a joia com flanela de algodão para tirar possíveis resíduos de produtos como maquiagem e perfume;
Evite o contato com água do mar, cremes, perfumes e produtos químicos.";gid://shopify/Product/8577861419303
gid://shopify/Product/8577861484839;Brinco Dolce Vita De Ouro Amarelo 18K E Ágata;;;
gid://shopify/Metafield/30886069305639;;genero;"[""Feminino""]";gid://shopify/Product/8577861484839
gid://shopify/Metafield/30886069338407;;metal;Ouro Amarelo;gid://shopify/Product/8577861484839
gid://shopify/Metafield/30886069371175;;cobertura;Ouro Amarelo;gid://shopify/Product/8577861484839
gid://shopify/Metafield/30886069403943;;pedra;"[""Ágata""]";gid://shopify/Product/8577861484839
gid://shopify/Metafield/30886069436711;;cuidadospeca;"Evite o contato de uma joia com a outra. Guarde-as separadamente nas embalagens fornecidas pela Jack Vartanian;
Com o uso, fechos e tarraxas podem necessitar de ajustes para que fiquem com a pressão adequada. Entre em contato conosco;
Após o uso, aconselhamos limpar a joia com flanela de algodão para tirar possíveis resíduos de produtos como maquiagem e perfume;
Evite o contato com água do mar, cremes, perfumes e produtos químicos.";gid://shopify/Product/8577861484839
gid://shopify/Product/8577861583143;Brinco Dolce Vita De Ouro Rosa 18K E Opala;;;
gid://shopify/Metafield/30886069633319;;genero;"[""Feminino""]";gid://shopify/Product/8577861583143
gid://shopify/Metafield/30886069666087;;metal;Ouro Rosa;gid://shopify/Product/8577861583143
gid://shopify/Metafield/30886069698855;;cobertura;Ouro Rosa;gid://shopify/Product/8577861583143
gid://shopify/Metafield/30886069731623;;pedra;"[""Opala""]";gid://shopify/Product/8577861583143
gid://shopify/Metafield/30886069764391;;cuidadospeca;"Evite o contato de uma joia com a outra. Guarde-as separadamente nas embalagens fornecidas pela Jack Vartanian;
Com o uso, fechos e tarraxas podem necessitar de ajustes para que fiquem com a pressão adequada. Entre em contato conosco;
Após o uso, aconselhamos limpar a joia com flanela de algodão para tirar possíveis resíduos de produtos como maquiagem e perfume;
Evite o contato com água do mar, cremes, perfumes e produtos químicos.";gid://shopify/Product/8577861583143
gid://shopify/Product/8577861714215;Corrente Dolce Vita De Ouro Amarelo 18K;;;
gid://shopify/Metafield/30886069895463;;genero;"[""Feminino""]";gid://shopify/Product/8577861714215
gid://shopify/Metafield/30886069928231;;metal;Ouro Amarelo;gid://shopify/Product/8577861714215
gid://shopify/Metafield/30886069960999;;cobertura;Ouro Amarelo;gid://shopify/Product/8577861714215
gid://shopify/Metafield/30886069993767;;cuidadospeca;"Evite o contato de uma joia com a outra. Guarde-as separadamente nas embalagens fornecidas pela Jack Vartanian;
Com o uso, fechos e tarraxas podem necessitar de ajustes para que fiquem com a pressão adequada. Entre em contato conosco;
Após o uso, aconselhamos limpar a joia com flanela de algodão para tirar possíveis resíduos de produtos como maquiagem e perfume;
Evite o contato com água do mar, cremes, perfumes e produtos químicos.";gid://shopify/Product/8577861714215
gid://shopify/Product/8577861746983;Corrente Dolce Vita De Ouro Amarelo 18K;;;
gid://shopify/Metafield/30886070157607;;genero;"[""Feminino""]";gid://shopify/Product/8577861746983
gid://shopify/Metafield/30886070190375;;metal;Ouro Amarelo;gid://shopify/Product/8577861746983
gid://shopify/Metafield/30886070223143;;cobertura;Ouro Amarelo;gid://shopify/Product/8577861746983
gid://shopify/Metafield/30886070255911;;cuidadospeca;"Evite o contato de uma joia com a outra. Guarde-as separadamente nas embalagens fornecidas pela Jack Vartanian;
Com o uso, fechos e tarraxas podem necessitar de ajustes para que fiquem com a pressão adequada. Entre em contato conosco;
Após o uso, aconselhamos limpar a joia com flanela de algodão para tirar possíveis resíduos de produtos como maquiagem e perfume;
Evite o contato com água do mar, cremes, perfumes e produtos químicos.";gid://shopify/Product/8577861746983
gid://shopify/Product/8577861943591;Corrente Dolce Vita De Ouro Rosa 18K E Ágata;;;
gid://shopify/Metafield/30886071009575;;genero;"[""Feminino""]";gid://shopify/Product/8577861943591
gid://shopify/Metafield/30886071042343;;metal;Ouro Rosa;gid://shopify/Product/8577861943591
gid://shopify/Metafield/30886071075111;;cobertura;Ouro Rosa;gid://shopify/Product/8577861943591
gid://shopify/Metafield/30886071107879;;pedra;"[""Ágata""]";gid://shopify/Product/8577861943591
gid://shopify/Metafield/30886071140647;;cuidadospeca;"Evite o contato de uma joia com a outra. Guarde-as separadamente nas embalagens fornecidas pela Jack Vartanian;
Com o uso, fechos e tarraxas podem necessitar de ajustes para que fiquem com a pressão adequada. Entre em contato conosco;
Após o uso, aconselhamos limpar a joia com flanela de algodão para tirar possíveis resíduos de produtos como maquiagem e perfume;
Evite o contato com água do mar, cremes, perfumes e produtos químicos.";gid://shopify/Product/8577861943591
gid://shopify/Product/8577862140199;Corrente Dolce Vita De Ouro Rosa 18K;;;
gid://shopify/Metafield/30886071828775;;genero;"[""Feminino""]";gid://shopify/Product/8577862140199
gid://shopify/Metafield/30886071861543;;metal;Ouro Rosa;gid://shopify/Product/8577862140199
gid://shopify/Metafield/30886071894311;;cobertura;Ouro Rosa;gid://shopify/Product/8577862140199
gid://shopify/Metafield/30886071927079;;cuidadospeca;"Evite o contato de uma joia com a outra. Guarde-as separadamente nas embalagens fornecidas pela Jack Vartanian;
Com o uso, fechos e tarraxas podem necessitar de ajustes para que fiquem com a pressão adequada. Entre em contato conosco;
Após o uso, aconselhamos limpar a joia com flanela de algodão para tirar possíveis resíduos de produtos como maquiagem e perfume;
Evite o contato com água do mar, cremes, perfumes e produtos químicos.";gid://shopify/Product/8577862140199
gid://shopify/Product/8577862336807;Pingente Dolce Vita De Ouro Amarelo 18K E Lápis Lazuli E Diamante;;;
gid://shopify/Metafield/30886072418599;;genero;"[""Feminino""]";gid://shopify/Product/8577862336807
gid://shopify/Metafield/30886072451367;;metal;Ouro Amarelo;gid://shopify/Product/8577862336807
gid://shopify/Metafield/30886072484135;;cobertura;Ouro Amarelo;gid://shopify/Product/8577862336807
gid://shopify/Metafield/30886072516903;;pedra;"[""Lápis Lazuli"",""Diamante""]";gid://shopify/Product/8577862336807
gid://shopify/Metafield/30886072549671;;cuidadospeca;"Evite o contato de uma joia com a outra. Guarde-as separadamente nas embalagens fornecidas pela Jack Vartanian;
Com o uso, fechos e tarraxas podem necessitar de ajustes para que fiquem com a pressão adequada. Entre em contato conosco;
Após o uso, aconselhamos limpar a joia com flanela de algodão para tirar possíveis resíduos de produtos como maquiagem e perfume;
Evite o contato com água do mar, cremes, perfumes e produtos químicos.";gid://shopify/Product/8577862336807
gid://shopify/Product/8577862467879;Pingente Dolce Vita De Ouro Amarelo 18K E Ágata E Diamante;;;
gid://shopify/Metafield/30886072746279;;genero;"[""Feminino""]";gid://shopify/Product/8577862467879
gid://shopify/Metafield/30886072779047;;metal;Ouro Amarelo;gid://shopify/Product/8577862467879
gid://shopify/Metafield/30886072811815;;cobertura;Ouro Amarelo;gid://shopify/Product/8577862467879
gid://shopify/Metafield/30886072844583;;pedra;"[""Ágata"",""Diamante""]";gid://shopify/Product/8577862467879
gid://shopify/Metafield/30886072877351;;cuidadospeca;"Evite o contato de uma joia com a outra. Guarde-as separadamente nas embalagens fornecidas pela Jack Vartanian;
Com o uso, fechos e tarraxas podem necessitar de ajustes para que fiquem com a pressão adequada. Entre em contato conosco;
Após o uso, aconselhamos limpar a joia com flanela de algodão para tirar possíveis resíduos de produtos como maquiagem e perfume;
Evite o contato com água do mar, cremes, perfumes e produtos químicos.";gid://shopify/Product/8577862467879
gid://shopify/Product/8577862664487;Pingente Dolce Vita De Ouro Amarelo 18K E Malaquita E Diamante;;;
gid://shopify/Metafield/30886073631015;;genero;"[""Feminino""]";gid://shopify/Product/8577862664487
gid://shopify/Metafield/30886073663783;;metal;Ouro Amarelo;gid://shopify/Product/8577862664487
gid://shopify/Metafield/30886073696551;;cobertura;Ouro Amarelo;gid://shopify/Product/8577862664487
gid://shopify/Metafield/30886073729319;;pedra;"[""Malaquita"",""Diamante""]";gid://shopify/Product/8577862664487
gid://shopify/Metafield/30886073762087;;cuidadospeca;"Evite o contato de uma joia com a outra. Guarde-as separadamente nas embalagens fornecidas pela Jack Vartanian;
Com o uso, fechos e tarraxas podem necessitar de ajustes para que fiquem com a pressão adequada. Entre em contato conosco;
Após o uso, aconselhamos limpar a joia com flanela de algodão para tirar possíveis resíduos de produtos como maquiagem e perfume;
Evite o contato com água do mar, cremes, perfumes e produtos químicos.";gid://shopify/Product/8577862664487
gid://shopify/Product/8577862828327;Pingente Dolce Vita De Ouro Amarelo 18K E Turquesa E Diamante;;;
gid://shopify/Metafield/30886073958695;;genero;"[""Feminino""]";gid://shopify/Product/8577862828327
gid://shopify/Metafield/30886073991463;;metal;Ouro Amarelo;gid://shopify/Product/8577862828327
gid://shopify/Metafield/30886074024231;;cobertura;Ouro Amarelo;gid://shopify/Product/8577862828327
gid://shopify/Metafield/30886074056999;;pedra;"[""Turquesa"",""Diamante""]";gid://shopify/Product/8577862828327
gid://shopify/Metafield/30886074089767;;cuidadospeca;"Evite o contato de uma joia com a outra. Guarde-as separadamente nas embalagens fornecidas pela Jack Vartanian;
Com o uso, fechos e tarraxas podem necessitar de ajustes para que fiquem com a pressão adequada. Entre em contato conosco;
Após o uso, aconselhamos limpar a joia com flanela de algodão para tirar possíveis resíduos de produtos como maquiagem e perfume;
Evite o contato com água do mar, cremes, perfumes e produtos químicos.";gid://shopify/Product/8577862828327
gid://shopify/Product/8577863024935;Pingente Dolce Vita De Ouro Amarelo 18K E Ágata E Diamante;;;
gid://shopify/Metafield/30886075400487;;genero;"[""Feminino""]";gid://shopify/Product/8577863024935
gid://shopify/Metafield/30886075433255;;metal;Ouro Amarelo;gid://shopify/Product/8577863024935
gid://shopify/Metafield/30886075466023;;cobertura;Ouro Amarelo;gid://shopify/Product/8577863024935
gid://shopify/Metafield/30886075498791;;pedra;"[""Ágata"",""Diamante""]";gid://shopify/Product/8577863024935
gid://shopify/Metafield/30886075531559;;cuidadospeca;"Evite o contato de uma joia com a outra. Guarde-as separadamente nas embalagens fornecidas pela Jack Vartanian;
Com o uso, fechos e tarraxas podem necessitar de ajustes para que fiquem com a pressão adequada. Entre em contato conosco;
Após o uso, aconselhamos limpar a joia com flanela de algodão para tirar possíveis resíduos de produtos como maquiagem e perfume;
Evite o contato com água do mar, cremes, perfumes e produtos químicos.";gid://shopify/Product/8577863024935
gid://shopify/Product/8577863254311;Pingente Dolce Vita De Ouro Amarelo 18K E Lápis Lazuli;;;
gid://shopify/Metafield/30886075629863;;genero;"[""Feminino""]";gid://shopify/Product/8577863254311
gid://shopify/Metafield/30886075662631;;metal;Ouro Amarelo;gid://shopify/Product/8577863254311
gid://shopify/Metafield/30886075695399;;cobertura;Ouro Amarelo;gid://shopify/Product/8577863254311
gid://shopify/Metafield/30886075728167;;pedra;"[""Lápis Lazuli""]";gid://shopify/Product/8577863254311
gid://shopify/Metafield/30886075760935;;cuidadospeca;"Evite o contato de uma joia com a outra. Guarde-as separadamente nas embalagens fornecidas pela Jack Vartanian;
Com o uso, fechos e tarraxas podem necessitar de ajustes para que fiquem com a pressão adequada. Entre em contato conosco;
Após o uso, aconselhamos limpar a joia com flanela de algodão para tirar possíveis resíduos de produtos como maquiagem e perfume;
Evite o contato com água do mar, cremes, perfumes e produtos químicos.";gid://shopify/Product/8577863254311
gid://shopify/Product/8577863418151;Pingente Dolce Vita De Ouro Amarelo 18K E Malaquita;;;
gid://shopify/Metafield/30886076547367;;genero;"[""Feminino""]";gid://shopify/Product/8577863418151
gid://shopify/Metafield/30886076580135;;metal;Ouro Amarelo;gid://shopify/Product/8577863418151
gid://shopify/Metafield/30886076612903;;cobertura;Ouro Amarelo;gid://shopify/Product/8577863418151
gid://shopify/Metafield/30886076645671;;pedra;"[""Malaquita""]";gid://shopify/Product/8577863418151
gid://shopify/Metafield/30886076678439;;cuidadospeca;"Evite o contato de uma joia com a outra. Guarde-as separadamente nas embalagens fornecidas pela Jack Vartanian;
Com o uso, fechos e tarraxas podem necessitar de ajustes para que fiquem com a pressão adequada. Entre em contato conosco;
Após o uso, aconselhamos limpar a joia com flanela de algodão para tirar possíveis resíduos de produtos como maquiagem e perfume;
Evite o contato com água do mar, cremes, perfumes e produtos químicos.";gid://shopify/Product/8577863418151
gid://shopify/Product/8577863581991;Pingente Dolce Vita De Ouro Amarelo 18K E Ágata;;;
gid://shopify/Metafield/30886077530407;;genero;"[""Feminino""]";gid://shopify/Product/8577863581991
gid://shopify/Metafield/30886077563175;;metal;Ouro Amarelo;gid://shopify/Product/8577863581991
gid://shopify/Metafield/30886077595943;;cobertura;Ouro Amarelo;gid://shopify/Product/8577863581991
gid://shopify/Metafield/30886077628711;;pedra;"[""Ágata""]";gid://shopify/Product/8577863581991
gid://shopify/Metafield/30886077661479;;cuidadospeca;"Evite o contato de uma joia com a outra. Guarde-as separadamente nas embalagens fornecidas pela Jack Vartanian;
Com o uso, fechos e tarraxas podem necessitar de ajustes para que fiquem com a pressão adequada. Entre em contato conosco;
Após o uso, aconselhamos limpar a joia com flanela de algodão para tirar possíveis resíduos de produtos como maquiagem e perfume;
Evite o contato com água do mar, cremes, perfumes e produtos químicos.";gid://shopify/Product/8577863581991
gid://shopify/Product/8577869381927;Brinco Dolce Vita De Ouro Amarelo 18K E Olho De Tigre;;;
gid://shopify/Metafield/30886114099495;;genero;"[""Feminino""]";gid://shopify/Product/8577869381927
gid://shopify/Metafield/30886114132263;;metal;Ouro Amarelo;gid://shopify/Product/8577869381927
gid://shopify/Metafield/30886114165031;;cobertura;Ouro Amarelo;gid://shopify/Product/8577869381927
gid://shopify/Metafield/30886114197799;;pedra;"[""Olho De Tigre""]";gid://shopify/Product/8577869381927
gid://shopify/Metafield/30886114230567;;cuidadospeca;"Evite o contato de uma joia com a outra. Guarde-as separadamente nas embalagens fornecidas pela Jack Vartanian;
Com o uso, fechos e tarraxas podem necessitar de ajustes para que fiquem com a pressão adequada. Entre em contato conosco;
Após o uso, aconselhamos limpar a joia com flanela de algodão para tirar possíveis resíduos de produtos como maquiagem e perfume;
Evite o contato com água do mar, cremes, perfumes e produtos químicos.";gid://shopify/Product/8577869381927
gid://shopify/Product/8577869676839;Brinco Dolce Vita De Ouro Amarelo 18K E Safira E Olho De Tigre;;;
gid://shopify/Metafield/30886114558247;;genero;"[""Feminino""]";gid://shopify/Product/8577869676839
gid://shopify/Metafield/30886114591015;;metal;Ouro Amarelo;gid://shopify/Product/8577869676839
gid://shopify/Metafield/30886114623783;;cobertura;Ouro Amarelo;gid://shopify/Product/8577869676839
gid://shopify/Metafield/30886114656551;;pedra;"[""Safira"",""Olho De Tigre""]";gid://shopify/Product/8577869676839
gid://shopify/Metafield/30886114689319;;cuidadospeca;"Evite o contato de uma joia com a outra. Guarde-as separadamente nas embalagens fornecidas pela Jack Vartanian;
Com o uso, fechos e tarraxas podem necessitar de ajustes para que fiquem com a pressão adequada. Entre em contato conosco;
Após o uso, aconselhamos limpar a joia com flanela de algodão para tirar possíveis resíduos de produtos como maquiagem e perfume;
Evite o contato com água do mar, cremes, perfumes e produtos químicos.";gid://shopify/Product/8577869676839
gid://shopify/Product/8577870004519;Pingente Dolce Vita De Ouro Amarelo 18K E Olho De Tigre E Safira;;;
gid://shopify/Metafield/30886114951463;;genero;"[""Feminino""]";gid://shopify/Product/8577870004519
gid://shopify/Metafield/30886114984231;;metal;Ouro Amarelo;gid://shopify/Product/8577870004519
gid://shopify/Metafield/30886115016999;;cobertura;Ouro Amarelo;gid://shopify/Product/8577870004519
gid://shopify/Metafield/30886115049767;;pedra;"[""Olho De Tigre"",""Safira""]";gid://shopify/Product/8577870004519
gid://shopify/Metafield/30886115082535;;cuidadospeca;"Evite o contato de uma joia com a outra. Guarde-as separadamente nas embalagens fornecidas pela Jack Vartanian;
Com o uso, fechos e tarraxas podem necessitar de ajustes para que fiquem com a pressão adequada. Entre em contato conosco;
Após o uso, aconselhamos limpar a joia com flanela de algodão para tirar possíveis resíduos de produtos como maquiagem e perfume;
Evite o contato com água do mar, cremes, perfumes e produtos químicos.";gid://shopify/Product/8577870004519
gid://shopify/Product/8577870135591;Pingente Dolce Vita De Ouro Amarelo 18K E Crioprásio;;;
gid://shopify/Metafield/30886115246375;;genero;"[""Feminino""]";gid://shopify/Product/8577870135591
gid://shopify/Metafield/30886115279143;;metal;Ouro Amarelo;gid://shopify/Product/8577870135591
gid://shopify/Metafield/30886115311911;;cobertura;Ouro Amarelo;gid://shopify/Product/8577870135591
gid://shopify/Metafield/30886115344679;;pedra;"[""Crioprásio""]";gid://shopify/Product/8577870135591
gid://shopify/Metafield/30886115377447;;cuidadospeca;"Evite o contato de uma joia com a outra. Guarde-as separadamente nas embalagens fornecidas pela Jack Vartanian;
Com o uso, fechos e tarraxas podem necessitar de ajustes para que fiquem com a pressão adequada. Entre em contato conosco;
Após o uso, aconselhamos limpar a joia com flanela de algodão para tirar possíveis resíduos de produtos como maquiagem e perfume;
Evite o contato com água do mar, cremes, perfumes e produtos químicos.";gid://shopify/Product/8577870135591
gid://shopify/Product/8577870299431;Pingente Dolce Vita De Ouro Amarelo 18K E Olho De Tigre;;;
gid://shopify/Metafield/30886115541287;;genero;"[""Feminino""]";gid://shopify/Product/8577870299431
gid://shopify/Metafield/30886115574055;;metal;Ouro Amarelo;gid://shopify/Product/8577870299431
gid://shopify/Metafield/30886115606823;;cobertura;Ouro Amarelo;gid://shopify/Product/8577870299431
gid://shopify/Metafield/30886115639591;;pedra;"[""Olho De Tigre""]";gid://shopify/Product/8577870299431
gid://shopify/Metafield/30886115672359;;cuidadospeca;"Evite o contato de uma joia com a outra. Guarde-as separadamente nas embalagens fornecidas pela Jack Vartanian;
Com o uso, fechos e tarraxas podem necessitar de ajustes para que fiquem com a pressão adequada. Entre em contato conosco;
Após o uso, aconselhamos limpar a joia com flanela de algodão para tirar possíveis resíduos de produtos como maquiagem e perfume;
Evite o contato com água do mar, cremes, perfumes e produtos químicos.";gid://shopify/Product/8577870299431
gid://shopify/Product/8577874886951;Brinco Dolce Vita De Ouro Amarelo 18K E Quartzo, Safira;;;
gid://shopify/Metafield/30886124945703;;genero;"[""Feminino""]";gid://shopify/Product/8577874886951
gid://shopify/Metafield/30886124978471;;metal;Ouro Amarelo;gid://shopify/Product/8577874886951
gid://shopify/Metafield/30886125011239;;cobertura;Ouro Amarelo;gid://shopify/Product/8577874886951
gid://shopify/Metafield/30886125044007;;pedra;"[""Quartzo"",""Safira""]";gid://shopify/Product/8577874886951
gid://shopify/Metafield/30886125076775;;cuidadospeca;"Evite o contato de uma joia com a outra. Guarde-as separadamente nas embalagens fornecidas pela Jack Vartanian;
Com o uso, fechos e tarraxas podem necessitar de ajustes para que fiquem com a pressão adequada. Entre em contato conosco;
Após o uso, aconselhamos limpar a joia com flanela de algodão para tirar possíveis resíduos de produtos como maquiagem e perfume;
Evite o contato com água do mar, cremes, perfumes e produtos químicos.";gid://shopify/Product/8577874886951
gid://shopify/Product/8577875149095;Pingente Dolce Vita De Ouro Rosa 18K E Opala E Safira;;;
gid://shopify/Metafield/30886125175079;;genero;"[""Feminino""]";gid://shopify/Product/8577875149095
gid://shopify/Metafield/30886125207847;;metal;Ouro Rosa;gid://shopify/Product/8577875149095
gid://shopify/Metafield/30886125240615;;cobertura;Ouro Rosa;gid://shopify/Product/8577875149095
gid://shopify/Metafield/30886125273383;;pedra;"[""Opala"",""Safira""]";gid://shopify/Product/8577875149095
gid://shopify/Metafield/30886125306151;;cuidadospeca;"Evite o contato de uma joia com a outra. Guarde-as separadamente nas embalagens fornecidas pela Jack Vartanian;
Com o uso, fechos e tarraxas podem necessitar de ajustes para que fiquem com a pressão adequada. Entre em contato conosco;
Após o uso, aconselhamos limpar a joia com flanela de algodão para tirar possíveis resíduos de produtos como maquiagem e perfume;
Evite o contato com água do mar, cremes, perfumes e produtos químicos.";gid://shopify/Product/8577875149095
gid://shopify/Product/8577922335015;Colar JV MAN II De Prata Com Ouro Branco;;;
gid://shopify/Metafield/30886239535399;;genero;"[""Masculino""]";gid://shopify/Product/8577922335015
gid://shopify/Metafield/30886239568167;;metal;Prata;gid://shopify/Product/8577922335015
gid://shopify/Metafield/30886239600935;;cobertura;Ouro Branco;gid://shopify/Product/8577922335015
gid://shopify/Metafield/30886239633703;;cuidadospeca;"Evite o contato de uma joia com a outra. Guarde-as separadamente nas embalagens fornecidas pela Jack Vartanian;
Com o uso, fechos e tarraxas podem necessitar de ajustes para que fiquem com a pressão adequada. Entre em contato conosco;
Após o uso, aconselhamos limpar a joia com flanela de algodão para tirar possíveis resíduos de produtos como maquiagem e perfume;
Evite o contato com água do mar, cremes, perfumes e produtos químicos;
Para peças em prata o primeiro banho é cortesia;
Para peças ocas, evite atritos ou batidas.";gid://shopify/Product/8577922335015
gid://shopify/Product/8577922466087;Colar JV MAN II De Prata Com Ródio Negro;;;
gid://shopify/Metafield/30886239764775;;genero;"[""Masculino""]";gid://shopify/Product/8577922466087
gid://shopify/Metafield/30886239797543;;metal;Prata;gid://shopify/Product/8577922466087
gid://shopify/Metafield/30886239830311;;cobertura;Ródio Negro;gid://shopify/Product/8577922466087
gid://shopify/Metafield/30886239863079;;cuidadospeca;"Evite o contato de uma joia com a outra. Guarde-as separadamente nas embalagens fornecidas pela Jack Vartanian;
Com o uso, fechos e tarraxas podem necessitar de ajustes para que fiquem com a pressão adequada. Entre em contato conosco;
Após o uso, aconselhamos limpar a joia com flanela de algodão para tirar possíveis resíduos de produtos como maquiagem e perfume;
Evite o contato com água do mar, cremes, perfumes e produtos químicos;
Para peças em prata o primeiro banho é cortesia;
Para peças ocas, evite atritos ou batidas.";gid://shopify/Product/8577922466087
gid://shopify/Product/8577922531623;Corrente JV MAN II De Prata Com Ródio Negro;;;
gid://shopify/Metafield/30886239961383;;genero;"[""Masculino""]";gid://shopify/Product/8577922531623
gid://shopify/Metafield/30886239994151;;metal;Prata;gid://shopify/Product/8577922531623
gid://shopify/Metafield/30886240026919;;cobertura;Ródio Negro;gid://shopify/Product/8577922531623
gid://shopify/Metafield/30886240059687;;cuidadospeca;"Evite o contato de uma joia com a outra. Guarde-as separadamente nas embalagens fornecidas pela Jack Vartanian;
Com o uso, fechos e tarraxas podem necessitar de ajustes para que fiquem com a pressão adequada. Entre em contato conosco;
Após o uso, aconselhamos limpar a joia com flanela de algodão para tirar possíveis resíduos de produtos como maquiagem e perfume;
Evite o contato com água do mar, cremes, perfumes e produtos químicos;
Para peças em prata o primeiro banho é cortesia;
Para peças ocas, evite atritos ou batidas.";gid://shopify/Product/8577922531623
gid://shopify/Product/8577922564391;Corrente JV MAN II De Prata Com Ouro Branco;;;
gid://shopify/Metafield/30886240878887;;genero;"[""Masculino""]";gid://shopify/Product/8577922564391
gid://shopify/Metafield/30886240911655;;metal;Prata;gid://shopify/Product/8577922564391
gid://shopify/Metafield/30886240944423;;cobertura;Ouro Branco;gid://shopify/Product/8577922564391
gid://shopify/Metafield/30886240977191;;cuidadospeca;"Evite o contato de uma joia com a outra. Guarde-as separadamente nas embalagens fornecidas pela Jack Vartanian;
Com o uso, fechos e tarraxas podem necessitar de ajustes para que fiquem com a pressão adequada. Entre em contato conosco;
Após o uso, aconselhamos limpar a joia com flanela de algodão para tirar possíveis resíduos de produtos como maquiagem e perfume;
Evite o contato com água do mar, cremes, perfumes e produtos químicos;
Para peças em prata o primeiro banho é cortesia;
Para peças ocas, evite atritos ou batidas.";gid://shopify/Product/8577922564391
gid://shopify/Product/8577922662695;Pingente JV MAN II De Prata Com Ródio Negro E Diamante Negro;;;
gid://shopify/Metafield/30886241141031;;genero;"[""Masculino""]";gid://shopify/Product/8577922662695
gid://shopify/Metafield/30886241173799;;metal;Prata;gid://shopify/Product/8577922662695
gid://shopify/Metafield/30886241206567;;cobertura;Ródio Negro;gid://shopify/Product/8577922662695
gid://shopify/Metafield/30886241239335;;pedra;"[""Diamante Negro""]";gid://shopify/Product/8577922662695
gid://shopify/Metafield/30886241272103;;cuidadospeca;"Evite o contato de uma joia com a outra. Guarde-as separadamente nas embalagens fornecidas pela Jack Vartanian;
Com o uso, fechos e tarraxas podem necessitar de ajustes para que fiquem com a pressão adequada. Entre em contato conosco;
Após o uso, aconselhamos limpar a joia com flanela de algodão para tirar possíveis resíduos de produtos como maquiagem e perfume;
Evite o contato com água do mar, cremes, perfumes e produtos químicos;
Para peças em prata o primeiro banho é cortesia;
Para peças ocas, evite atritos ou batidas.";gid://shopify/Product/8577922662695
gid://shopify/Product/8577922728231;Pingente JV MAN II De Prata Com Ródio Negro E Diamante Negro;;;
gid://shopify/Metafield/30886241698087;;genero;"[""Masculino""]";gid://shopify/Product/8577922728231
gid://shopify/Metafield/30886241730855;;metal;Prata;gid://shopify/Product/8577922728231
gid://shopify/Metafield/30886241763623;;cobertura;Ródio Negro;gid://shopify/Product/8577922728231
gid://shopify/Metafield/30886241796391;;pedra;"[""Diamante Negro""]";gid://shopify/Product/8577922728231
gid://shopify/Metafield/30886241829159;;cuidadospeca;"Evite o contato de uma joia com a outra. Guarde-as separadamente nas embalagens fornecidas pela Jack Vartanian;
Com o uso, fechos e tarraxas podem necessitar de ajustes para que fiquem com a pressão adequada. Entre em contato conosco;
Após o uso, aconselhamos limpar a joia com flanela de algodão para tirar possíveis resíduos de produtos como maquiagem e perfume;
Evite o contato com água do mar, cremes, perfumes e produtos químicos;
Para peças em prata o primeiro banho é cortesia;
Para peças ocas, evite atritos ou batidas.";gid://shopify/Product/8577922728231
gid://shopify/Product/8577922957607;Pingente JV MAN II De Prata Com Ródio Negro E Esmeralda;;;
gid://shopify/Metafield/30886242058535;;genero;"[""Masculino""]";gid://shopify/Product/8577922957607
gid://shopify/Metafield/30886242091303;;metal;Prata;gid://shopify/Product/8577922957607
gid://shopify/Metafield/30886242124071;;cobertura;Ródio Negro;gid://shopify/Product/8577922957607
gid://shopify/Metafield/30886242156839;;pedra;"[""Esmeralda""]";gid://shopify/Product/8577922957607
gid://shopify/Metafield/30886242189607;;cuidadospeca;"Evite o contato de uma joia com a outra. Guarde-as separadamente nas embalagens fornecidas pela Jack Vartanian;
Com o uso, fechos e tarraxas podem necessitar de ajustes para que fiquem com a pressão adequada. Entre em contato conosco;
Após o uso, aconselhamos limpar a joia com flanela de algodão para tirar possíveis resíduos de produtos como maquiagem e perfume;
Evite o contato com água do mar, cremes, perfumes e produtos químicos;
Para peças em prata o primeiro banho é cortesia;
Para peças ocas, evite atritos ou batidas.";gid://shopify/Product/8577922957607
gid://shopify/Product/8577923219751;Pingente JV MAN II De Prata Com Ródio Negro E Ágata;;;
gid://shopify/Metafield/30886242386215;;genero;"[""Masculino""]";gid://shopify/Product/8577923219751
gid://shopify/Metafield/30886242418983;;metal;Prata;gid://shopify/Product/8577923219751
gid://shopify/Metafield/30886242451751;;cobertura;Ródio Negro;gid://shopify/Product/8577923219751
gid://shopify/Metafield/30886242484519;;pedra;"[""Ágata""]";gid://shopify/Product/8577923219751
gid://shopify/Metafield/30886242517287;;cuidadospeca;"Evite o contato de uma joia com a outra. Guarde-as separadamente nas embalagens fornecidas pela Jack Vartanian;
Com o uso, fechos e tarraxas podem necessitar de ajustes para que fiquem com a pressão adequada. Entre em contato conosco;
Após o uso, aconselhamos limpar a joia com flanela de algodão para tirar possíveis resíduos de produtos como maquiagem e perfume;
Evite o contato com água do mar, cremes, perfumes e produtos químicos;
Para peças em prata o primeiro banho é cortesia;
Para peças ocas, evite atritos ou batidas.";gid://shopify/Product/8577923219751
gid://shopify/Product/8577923416359;Pingente JV MAN II De Prata Com Ródio Negro E Olho De Tigre;;;
gid://shopify/Metafield/30886242648359;;genero;"[""Masculino""]";gid://shopify/Product/8577923416359
gid://shopify/Metafield/30886242681127;;metal;Prata;gid://shopify/Product/8577923416359
gid://shopify/Metafield/30886242713895;;cobertura;Ródio Negro;gid://shopify/Product/8577923416359
gid://shopify/Metafield/30886242746663;;pedra;"[""Olho De Tigre""]";gid://shopify/Product/8577923416359
gid://shopify/Metafield/30886242779431;;cuidadospeca;"Evite o contato de uma joia com a outra. Guarde-as separadamente nas embalagens fornecidas pela Jack Vartanian;
Com o uso, fechos e tarraxas podem necessitar de ajustes para que fiquem com a pressão adequada. Entre em contato conosco;
Após o uso, aconselhamos limpar a joia com flanela de algodão para tirar possíveis resíduos de produtos como maquiagem e perfume;
Evite o contato com água do mar, cremes, perfumes e produtos químicos;
Para peças em prata o primeiro banho é cortesia;
Para peças ocas, evite atritos ou batidas.";gid://shopify/Product/8577923416359
gid://shopify/Product/8577923678503;Pingente JV MAN II De Prata Com Ródio Negro E Malaquita;;;
gid://shopify/Metafield/30886243008807;;genero;"[""Masculino""]";gid://shopify/Product/8577923678503
gid://shopify/Metafield/30886243041575;;metal;Prata;gid://shopify/Product/8577923678503
gid://shopify/Metafield/30886243074343;;cobertura;Ródio Negro;gid://shopify/Product/8577923678503
gid://shopify/Metafield/30886243107111;;pedra;"[""Malaquita""]";gid://shopify/Product/8577923678503
gid://shopify/Metafield/30886243139879;;cuidadospeca;"Evite o contato de uma joia com a outra. Guarde-as separadamente nas embalagens fornecidas pela Jack Vartanian;
Com o uso, fechos e tarraxas podem necessitar de ajustes para que fiquem com a pressão adequada. Entre em contato conosco;
Após o uso, aconselhamos limpar a joia com flanela de algodão para tirar possíveis resíduos de produtos como maquiagem e perfume;
Evite o contato com água do mar, cremes, perfumes e produtos químicos;
Para peças em prata o primeiro banho é cortesia;
Para peças ocas, evite atritos ou batidas.";gid://shopify/Product/8577923678503
gid://shopify/Product/8577923907879;Pingente JV MAN II De Prata Com Ródio Negro;;;
gid://shopify/Metafield/30886243434791;;genero;"[""Masculino""]";gid://shopify/Product/8577923907879
gid://shopify/Metafield/30886243467559;;metal;Prata;gid://shopify/Product/8577923907879
gid://shopify/Metafield/30886243500327;;cobertura;Ródio Negro;gid://shopify/Product/8577923907879
gid://shopify/Metafield/30886243533095;;cuidadospeca;"Evite o contato de uma joia com a outra. Guarde-as separadamente nas embalagens fornecidas pela Jack Vartanian;
Com o uso, fechos e tarraxas podem necessitar de ajustes para que fiquem com a pressão adequada. Entre em contato conosco;
Após o uso, aconselhamos limpar a joia com flanela de algodão para tirar possíveis resíduos de produtos como maquiagem e perfume;
Evite o contato com água do mar, cremes, perfumes e produtos químicos;
Para peças em prata o primeiro banho é cortesia;
Para peças ocas, evite atritos ou batidas.";gid://shopify/Product/8577923907879
gid://shopify/Product/8577924071719;Pingente JV MAN II De Prata Com Ouro Branco;;;
gid://shopify/Metafield/30886243762471;;genero;"[""Masculino""]";gid://shopify/Product/8577924071719
gid://shopify/Metafield/30886243795239;;metal;Prata;gid://shopify/Product/8577924071719
gid://shopify/Metafield/30886243828007;;cobertura;Ouro Branco;gid://shopify/Product/8577924071719
gid://shopify/Metafield/30886243860775;;cuidadospeca;"Evite o contato de uma joia com a outra. Guarde-as separadamente nas embalagens fornecidas pela Jack Vartanian;
Com o uso, fechos e tarraxas podem necessitar de ajustes para que fiquem com a pressão adequada. Entre em contato conosco;
Após o uso, aconselhamos limpar a joia com flanela de algodão para tirar possíveis resíduos de produtos como maquiagem e perfume;
Evite o contato com água do mar, cremes, perfumes e produtos químicos;
Para peças em prata o primeiro banho é cortesia;
Para peças ocas, evite atritos ou batidas.";gid://shopify/Product/8577924071719
gid://shopify/Product/8577924268327;Pulseira JV MAN II De Prata Com Ródio Negro E Diamante Negro;;;
gid://shopify/Metafield/30886244221223;;genero;"[""Masculino""]";gid://shopify/Product/8577924268327
gid://shopify/Metafield/30886244253991;;metal;Prata;gid://shopify/Product/8577924268327
gid://shopify/Metafield/30886244286759;;cobertura;Ródio Negro;gid://shopify/Product/8577924268327
gid://shopify/Metafield/30886244319527;;pedra;"[""Diamante Negro""]";gid://shopify/Product/8577924268327
gid://shopify/Metafield/30886244352295;;cuidadospeca;"Evite o contato de uma joia com a outra. Guarde-as separadamente nas embalagens fornecidas pela Jack Vartanian;
Com o uso, fechos e tarraxas podem necessitar de ajustes para que fiquem com a pressão adequada. Entre em contato conosco;
Após o uso, aconselhamos limpar a joia com flanela de algodão para tirar possíveis resíduos de produtos como maquiagem e perfume;
Evite o contato com água do mar, cremes, perfumes e produtos químicos;
Para peças em prata o primeiro banho é cortesia;
Para peças ocas, evite atritos ou batidas.";gid://shopify/Product/8577924268327
gid://shopify/Product/8577925054759;Pulseira JV MAN II De Prata Com Ródio Negro;;;
gid://shopify/Metafield/30886245695783;;genero;"[""Masculino""]";gid://shopify/Product/8577925054759
gid://shopify/Metafield/30886245728551;;metal;Prata;gid://shopify/Product/8577925054759
gid://shopify/Metafield/30886245761319;;cobertura;Ródio Negro;gid://shopify/Product/8577925054759
gid://shopify/Metafield/30886245794087;;cuidadospeca;"Evite o contato de uma joia com a outra. Guarde-as separadamente nas embalagens fornecidas pela Jack Vartanian;
Com o uso, fechos e tarraxas podem necessitar de ajustes para que fiquem com a pressão adequada. Entre em contato conosco;
Após o uso, aconselhamos limpar a joia com flanela de algodão para tirar possíveis resíduos de produtos como maquiagem e perfume;
Evite o contato com água do mar, cremes, perfumes e produtos químicos;
Para peças em prata o primeiro banho é cortesia;
Para peças ocas, evite atritos ou batidas.";gid://shopify/Product/8577925054759
gid://shopify/Product/8577926824231;Pulseira JV MAN II De Prata Com Ródio Negro;;;
gid://shopify/Metafield/30886249431335;;genero;"[""Masculino""]";gid://shopify/Product/8577926824231
gid://shopify/Metafield/30886249464103;;metal;Prata;gid://shopify/Product/8577926824231
gid://shopify/Metafield/30886249496871;;cobertura;Ródio Negro;gid://shopify/Product/8577926824231
gid://shopify/Metafield/30886249529639;;cuidadospeca;"Evite o contato de uma joia com a outra. Guarde-as separadamente nas embalagens fornecidas pela Jack Vartanian;
Com o uso, fechos e tarraxas podem necessitar de ajustes para que fiquem com a pressão adequada. Entre em contato conosco;
Após o uso, aconselhamos limpar a joia com flanela de algodão para tirar possíveis resíduos de produtos como maquiagem e perfume;
Evite o contato com água do mar, cremes, perfumes e produtos químicos;
Para peças em prata o primeiro banho é cortesia;
Para peças ocas, evite atritos ou batidas.";gid://shopify/Product/8577926824231
gid://shopify/Product/8577927053607;Pulseira JV MAN II De Prata Com Ródio Negro;;;
gid://shopify/Metafield/30886249562407;;genero;"[""Masculino""]";gid://shopify/Product/8577927053607
gid://shopify/Metafield/30886249595175;;metal;Prata;gid://shopify/Product/8577927053607
gid://shopify/Metafield/30886249627943;;cobertura;Ródio Negro;gid://shopify/Product/8577927053607
gid://shopify/Metafield/30886249660711;;cuidadospeca;"Evite o contato de uma joia com a outra. Guarde-as separadamente nas embalagens fornecidas pela Jack Vartanian;
Com o uso, fechos e tarraxas podem necessitar de ajustes para que fiquem com a pressão adequada. Entre em contato conosco;
Após o uso, aconselhamos limpar a joia com flanela de algodão para tirar possíveis resíduos de produtos como maquiagem e perfume;
Evite o contato com água do mar, cremes, perfumes e produtos químicos;
Para peças em prata o primeiro banho é cortesia;
Para peças ocas, evite atritos ou batidas.";gid://shopify/Product/8577927053607
gid://shopify/Product/8577927676199;Pulseira JV MAN II De Prata Com Ouro Branco;;;
gid://shopify/Metafield/30886250348839;;genero;"[""Masculino""]";gid://shopify/Product/8577927676199
gid://shopify/Metafield/30886250381607;;metal;Prata;gid://shopify/Product/8577927676199
gid://shopify/Metafield/30886250414375;;cobertura;Ouro Branco;gid://shopify/Product/8577927676199
gid://shopify/Metafield/30886250447143;;cuidadospeca;"Evite o contato de uma joia com a outra. Guarde-as separadamente nas embalagens fornecidas pela Jack Vartanian;
Com o uso, fechos e tarraxas podem necessitar de ajustes para que fiquem com a pressão adequada. Entre em contato conosco;
Após o uso, aconselhamos limpar a joia com flanela de algodão para tirar possíveis resíduos de produtos como maquiagem e perfume;
Evite o contato com água do mar, cremes, perfumes e produtos químicos;
Para peças em prata o primeiro banho é cortesia;
Para peças ocas, evite atritos ou batidas.";gid://shopify/Product/8577927676199
gid://shopify/Product/8577930985767;Pulseira JV MAN II De Prata Com Ródio Negro;;;
gid://shopify/Metafield/30886258376999;;genero;"[""Masculino""]";gid://shopify/Product/8577930985767
gid://shopify/Metafield/30886258409767;;metal;Prata;gid://shopify/Product/8577930985767
gid://shopify/Metafield/30886258442535;;cobertura;Ródio Negro;gid://shopify/Product/8577930985767
gid://shopify/Metafield/30886258475303;;cuidadospeca;"Evite o contato de uma joia com a outra. Guarde-as separadamente nas embalagens fornecidas pela Jack Vartanian;
Com o uso, fechos e tarraxas podem necessitar de ajustes para que fiquem com a pressão adequada. Entre em contato conosco;
Após o uso, aconselhamos limpar a joia com flanela de algodão para tirar possíveis resíduos de produtos como maquiagem e perfume;
Evite o contato com água do mar, cremes, perfumes e produtos químicos;
Para peças em prata o primeiro banho é cortesia;
Para peças ocas, evite atritos ou batidas.";gid://shopify/Product/8577930985767
gid://shopify/Product/8577931280679;Pulseira JV MAN II De Prata Com Ouro Branco;;;
gid://shopify/Metafield/30886259261735;;genero;"[""Masculino""]";gid://shopify/Product/8577931280679
gid://shopify/Metafield/30886259294503;;metal;Prata;gid://shopify/Product/8577931280679
gid://shopify/Metafield/30886259327271;;cobertura;Ouro Branco;gid://shopify/Product/8577931280679
gid://shopify/Metafield/30886259360039;;cuidadospeca;"Evite o contato de uma joia com a outra. Guarde-as separadamente nas embalagens fornecidas pela Jack Vartanian;
Com o uso, fechos e tarraxas podem necessitar de ajustes para que fiquem com a pressão adequada. Entre em contato conosco;
Após o uso, aconselhamos limpar a joia com flanela de algodão para tirar possíveis resíduos de produtos como maquiagem e perfume;
Evite o contato com água do mar, cremes, perfumes e produtos químicos;
Para peças em prata o primeiro banho é cortesia;
Para peças ocas, evite atritos ou batidas.";gid://shopify/Product/8577931280679
gid://shopify/Product/8577941307687;Pulseira JV MAN II De Prata Com Ródio Negro Fosco;;;
gid://shopify/Metafield/30886291243303;;genero;"[""Masculino""]";gid://shopify/Product/8577941307687
gid://shopify/Metafield/30886291276071;;metal;Prata;gid://shopify/Product/8577941307687
gid://shopify/Metafield/30886291308839;;cobertura;Ródio Negro Fosco;gid://shopify/Product/8577941307687
gid://shopify/Metafield/30886291341607;;cuidadospeca;"Evite o contato de uma joia com a outra. Guarde-as separadamente nas embalagens fornecidas pela Jack Vartanian;
Com o uso, fechos e tarraxas podem necessitar de ajustes para que fiquem com a pressão adequada. Entre em contato conosco;
Após o uso, aconselhamos limpar a joia com flanela de algodão para tirar possíveis resíduos de produtos como maquiagem e perfume;
Evite o contato com água do mar, cremes, perfumes e produtos químicos;
Para peças em prata o primeiro banho é cortesia;
Para peças ocas, evite atritos ou batidas.";gid://shopify/Product/8577941307687
gid://shopify/Product/8577942192423;Pulseira JV MAN II De Prata Com Ouro Branco Fosco;;;
gid://shopify/Metafield/30886293209383;;genero;"[""Masculino""]";gid://shopify/Product/8577942192423
gid://shopify/Metafield/30886293242151;;metal;Prata;gid://shopify/Product/8577942192423
gid://shopify/Metafield/30886293274919;;cobertura;Ouro Branco Fosco;gid://shopify/Product/8577942192423
gid://shopify/Metafield/30886293340455;;cuidadospeca;"Evite o contato de uma joia com a outra. Guarde-as separadamente nas embalagens fornecidas pela Jack Vartanian;
Com o uso, fechos e tarraxas podem necessitar de ajustes para que fiquem com a pressão adequada. Entre em contato conosco;
Após o uso, aconselhamos limpar a joia com flanela de algodão para tirar possíveis resíduos de produtos como maquiagem e perfume;
Evite o contato com água do mar, cremes, perfumes e produtos químicos;
Para peças em prata o primeiro banho é cortesia;
Para peças ocas, evite atritos ou batidas.";gid://shopify/Product/8577942192423
gid://shopify/Product/8577943175463;Pulseira JV MAN II De Prata Com Ouro Branco Fosco;;;
gid://shopify/Metafield/30886296224039;;genero;"[""Masculino""]";gid://shopify/Product/8577943175463
gid://shopify/Metafield/30886296256807;;metal;Prata;gid://shopify/Product/8577943175463
gid://shopify/Metafield/30886296289575;;cobertura;Ouro Branco Fosco;gid://shopify/Product/8577943175463
gid://shopify/Metafield/30886296322343;;cuidadospeca;"Evite o contato de uma joia com a outra. Guarde-as separadamente nas embalagens fornecidas pela Jack Vartanian;
Com o uso, fechos e tarraxas podem necessitar de ajustes para que fiquem com a pressão adequada. Entre em contato conosco;
Após o uso, aconselhamos limpar a joia com flanela de algodão para tirar possíveis resíduos de produtos como maquiagem e perfume;
Evite o contato com água do mar, cremes, perfumes e produtos químicos;
Para peças em prata o primeiro banho é cortesia;
Para peças ocas, evite atritos ou batidas.";gid://shopify/Product/8577943175463
gid://shopify/Product/8577943830823;Pulseira JV MAN II De Prata Com Ródio Negro Fosco;;;
gid://shopify/Metafield/30886297469223;;genero;"[""Masculino""]";gid://shopify/Product/8577943830823
gid://shopify/Metafield/30886297501991;;metal;Prata;gid://shopify/Product/8577943830823
gid://shopify/Metafield/30886297534759;;cobertura;Ródio Negro Fosco;gid://shopify/Product/8577943830823
gid://shopify/Metafield/30886297567527;;cuidadospeca;"Evite o contato de uma joia com a outra. Guarde-as separadamente nas embalagens fornecidas pela Jack Vartanian;
Com o uso, fechos e tarraxas podem necessitar de ajustes para que fiquem com a pressão adequada. Entre em contato conosco;
Após o uso, aconselhamos limpar a joia com flanela de algodão para tirar possíveis resíduos de produtos como maquiagem e perfume;
Evite o contato com água do mar, cremes, perfumes e produtos químicos;
Para peças em prata o primeiro banho é cortesia;
Para peças ocas, evite atritos ou batidas.";gid://shopify/Product/8577943830823
gid://shopify/Product/8577943961895;Pulseira JV MAN II De Prata Com Ródio Negro Fosco;;;
gid://shopify/Metafield/30886297665831;;genero;"[""Masculino""]";gid://shopify/Product/8577943961895
gid://shopify/Metafield/30886297698599;;metal;Prata;gid://shopify/Product/8577943961895
gid://shopify/Metafield/30886297731367;;cobertura;Ródio Negro Fosco;gid://shopify/Product/8577943961895
gid://shopify/Metafield/30886297764135;;cuidadospeca;"Evite o contato de uma joia com a outra. Guarde-as separadamente nas embalagens fornecidas pela Jack Vartanian;
Com o uso, fechos e tarraxas podem necessitar de ajustes para que fiquem com a pressão adequada. Entre em contato conosco;
Após o uso, aconselhamos limpar a joia com flanela de algodão para tirar possíveis resíduos de produtos como maquiagem e perfume;
Evite o contato com água do mar, cremes, perfumes e produtos químicos;
Para peças em prata o primeiro banho é cortesia;
Para peças ocas, evite atritos ou batidas.";gid://shopify/Product/8577943961895
gid://shopify/Product/8577944191271;Pulseira JV MAN II De Prata Com Ouro Branco Fosco;;;
gid://shopify/Metafield/30886301532455;;genero;"[""Masculino""]";gid://shopify/Product/8577944191271
gid://shopify/Metafield/30886301597991;;metal;Prata;gid://shopify/Product/8577944191271
gid://shopify/Metafield/30886301630759;;cobertura;Ouro Branco Fosco;gid://shopify/Product/8577944191271
gid://shopify/Metafield/30886301663527;;cuidadospeca;"Evite o contato de uma joia com a outra. Guarde-as separadamente nas embalagens fornecidas pela Jack Vartanian;
Com o uso, fechos e tarraxas podem necessitar de ajustes para que fiquem com a pressão adequada. Entre em contato conosco;
Após o uso, aconselhamos limpar a joia com flanela de algodão para tirar possíveis resíduos de produtos como maquiagem e perfume;
Evite o contato com água do mar, cremes, perfumes e produtos químicos;
Para peças em prata o primeiro banho é cortesia;
Para peças ocas, evite atritos ou batidas.";gid://shopify/Product/8577944191271
gid://shopify/Product/8577944781095;Pulseira JV MAN II De Prata Com Ródio Negro Fosco E Diamante Negro;;;
gid://shopify/Metafield/30886302548263;;genero;"[""Masculino""]";gid://shopify/Product/8577944781095
gid://shopify/Metafield/30886302581031;;metal;Prata;gid://shopify/Product/8577944781095
gid://shopify/Metafield/30886302613799;;cobertura;Ródio Negro Fosco;gid://shopify/Product/8577944781095
gid://shopify/Metafield/30886302646567;;pedra;"[""Diamante Negro""]";gid://shopify/Product/8577944781095
gid://shopify/Metafield/30886302679335;;cuidadospeca;"Evite o contato de uma joia com a outra. Guarde-as separadamente nas embalagens fornecidas pela Jack Vartanian;
Com o uso, fechos e tarraxas podem necessitar de ajustes para que fiquem com a pressão adequada. Entre em contato conosco;
Após o uso, aconselhamos limpar a joia com flanela de algodão para tirar possíveis resíduos de produtos como maquiagem e perfume;
Evite o contato com água do mar, cremes, perfumes e produtos químicos;
Para peças em prata o primeiro banho é cortesia;
Para peças ocas, evite atritos ou batidas.";gid://shopify/Product/8577944781095
gid://shopify/Product/8577997570343;Brinco Rock Chain De Prata Com Ouro Amarelo;;;
gid://shopify/Metafield/30886445285671;;genero;"[""Feminino""]";gid://shopify/Product/8577997570343
gid://shopify/Metafield/30886445318439;;metal;Prata;gid://shopify/Product/8577997570343
gid://shopify/Metafield/30886445351207;;cobertura;Ouro Amarelo;gid://shopify/Product/8577997570343
gid://shopify/Metafield/30886445416743;;cuidadospeca;"Evite o contato de uma joia com a outra. Guarde-as separadamente nas embalagens fornecidas pela Jack Vartanian;
Com o uso, fechos e tarraxas podem necessitar de ajustes para que fiquem com a pressão adequada. Entre em contato conosco;
Após o uso, aconselhamos limpar a joia com flanela de algodão para tirar possíveis resíduos de produtos como maquiagem e perfume;
Evite o contato com água do mar, cremes, perfumes e produtos químicos;
Para peças em prata o primeiro banho é cortesia;
Para peças ocas, evite atritos ou batidas.";gid://shopify/Product/8577997570343
gid://shopify/Product/8577997734183;Brinco Rock Chain De Prata Com Ouro Amarelo;;;
gid://shopify/Metafield/30886445482279;;genero;"[""Feminino""]";gid://shopify/Product/8577997734183
gid://shopify/Metafield/30886445515047;;metal;Prata;gid://shopify/Product/8577997734183
gid://shopify/Metafield/30886445547815;;cobertura;Ouro Amarelo;gid://shopify/Product/8577997734183
gid://shopify/Metafield/30886445580583;;pedra;"[""Ágata""]";gid://shopify/Product/8577997734183
gid://shopify/Metafield/30886445613351;;cuidadospeca;"Evite o contato de uma joia com a outra. Guarde-as separadamente nas embalagens fornecidas pela Jack Vartanian;
Com o uso, fechos e tarraxas podem necessitar de ajustes para que fiquem com a pressão adequada. Entre em contato conosco;
Após o uso, aconselhamos limpar a joia com flanela de algodão para tirar possíveis resíduos de produtos como maquiagem e perfume;
Evite o contato com água do mar, cremes, perfumes e produtos químicos;
Para peças em prata o primeiro banho é cortesia;
Para peças ocas, evite atritos ou batidas.";gid://shopify/Product/8577997734183
gid://shopify/Product/8578001436967;Brinco Rock Chain De Prata Com Ouro Amarelo;;;
gid://shopify/Metafield/30886454100263;;genero;"[""Feminino""]";gid://shopify/Product/8578001436967
gid://shopify/Metafield/30886454133031;;metal;Prata;gid://shopify/Product/8578001436967
gid://shopify/Metafield/30886454165799;;cobertura;Ouro Amarelo;gid://shopify/Product/8578001436967
gid://shopify/Metafield/30886454198567;;pedra;"[""Ágata""]";gid://shopify/Product/8578001436967
gid://shopify/Metafield/30886454231335;;cuidadospeca;"Evite o contato de uma joia com a outra. Guarde-as separadamente nas embalagens fornecidas pela Jack Vartanian;
Com o uso, fechos e tarraxas podem necessitar de ajustes para que fiquem com a pressão adequada. Entre em contato conosco;
Após o uso, aconselhamos limpar a joia com flanela de algodão para tirar possíveis resíduos de produtos como maquiagem e perfume;
Evite o contato com água do mar, cremes, perfumes e produtos químicos;
Para peças em prata o primeiro banho é cortesia;
Para peças ocas, evite atritos ou batidas.";gid://shopify/Product/8578001436967
gid://shopify/Product/8578001633575;Colar Rock Chain De Prata Com Ouro Amarelo;;;
gid://shopify/Metafield/30886454886695;;genero;"[""Feminino""]";gid://shopify/Product/8578001633575
gid://shopify/Metafield/30886454919463;;metal;Prata;gid://shopify/Product/8578001633575
gid://shopify/Metafield/30886454952231;;cobertura;Ouro Amarelo;gid://shopify/Product/8578001633575
gid://shopify/Metafield/30886454984999;;cuidadospeca;"Evite o contato de uma joia com a outra. Guarde-as separadamente nas embalagens fornecidas pela Jack Vartanian;
Com o uso, fechos e tarraxas podem necessitar de ajustes para que fiquem com a pressão adequada. Entre em contato conosco;
Após o uso, aconselhamos limpar a joia com flanela de algodão para tirar possíveis resíduos de produtos como maquiagem e perfume;
Evite o contato com água do mar, cremes, perfumes e produtos químicos;
Para peças em prata o primeiro banho é cortesia;
Para peças ocas, evite atritos ou batidas.";gid://shopify/Product/8578001633575
gid://shopify/Product/8578001797415;Piercing Rock Chain De Prata Com Ouro Amarelo;;;
gid://shopify/Metafield/30886455640359;;genero;"[""Feminino""]";gid://shopify/Product/8578001797415
gid://shopify/Metafield/30886455673127;;metal;Prata;gid://shopify/Product/8578001797415
gid://shopify/Metafield/30886455705895;;cobertura;Ouro Amarelo;gid://shopify/Product/8578001797415
gid://shopify/Metafield/30886455738663;;cuidadospeca;"Evite o contato de uma joia com a outra. Guarde-as separadamente nas embalagens fornecidas pela Jack Vartanian;
Com o uso, fechos e tarraxas podem necessitar de ajustes para que fiquem com a pressão adequada. Entre em contato conosco;
Após o uso, aconselhamos limpar a joia com flanela de algodão para tirar possíveis resíduos de produtos como maquiagem e perfume;
Evite o contato com água do mar, cremes, perfumes e produtos químicos;
Para peças em prata o primeiro banho é cortesia;
Para peças ocas, evite atritos ou batidas.";gid://shopify/Product/8578001797415
gid://shopify/Product/8578001961255;Pingente Rock Chain De Prata Com Ouro Amarelo E Quartzo - P;;;
gid://shopify/Metafield/30886455771431;;genero;"[""Feminino""]";gid://shopify/Product/8578001961255
gid://shopify/Metafield/30886455804199;;metal;Prata;gid://shopify/Product/8578001961255
gid://shopify/Metafield/30886455836967;;cobertura;Ouro Amarelo;gid://shopify/Product/8578001961255
gid://shopify/Metafield/30886455869735;;pedra;"[""Quartzo""]";gid://shopify/Product/8578001961255
gid://shopify/Metafield/30886455902503;;cuidadospeca;"Evite o contato de uma joia com a outra. Guarde-as separadamente nas embalagens fornecidas pela Jack Vartanian;
Com o uso, fechos e tarraxas podem necessitar de ajustes para que fiquem com a pressão adequada. Entre em contato conosco;
Após o uso, aconselhamos limpar a joia com flanela de algodão para tirar possíveis resíduos de produtos como maquiagem e perfume;
Evite o contato com água do mar, cremes, perfumes e produtos químicos;
Para peças em prata o primeiro banho é cortesia;
Para peças ocas, evite atritos ou batidas.";gid://shopify/Product/8578001961255
gid://shopify/Product/8578002092327;Pingente Rock Chain De Prata Com Ouro Amarelo E Quartzo - G;;;
gid://shopify/Metafield/30886456000807;;genero;"[""Feminino""]";gid://shopify/Product/8578002092327
gid://shopify/Metafield/30886456033575;;metal;Prata;gid://shopify/Product/8578002092327
gid://shopify/Metafield/30886456066343;;cobertura;Ouro Amarelo;gid://shopify/Product/8578002092327
gid://shopify/Metafield/30886456099111;;pedra;"[""Quartzo""]";gid://shopify/Product/8578002092327
gid://shopify/Metafield/30886456131879;;cuidadospeca;"Evite o contato de uma joia com a outra. Guarde-as separadamente nas embalagens fornecidas pela Jack Vartanian;
Com o uso, fechos e tarraxas podem necessitar de ajustes para que fiquem com a pressão adequada. Entre em contato conosco;
Após o uso, aconselhamos limpar a joia com flanela de algodão para tirar possíveis resíduos de produtos como maquiagem e perfume;
Evite o contato com água do mar, cremes, perfumes e produtos químicos;
Para peças em prata o primeiro banho é cortesia;
Para peças ocas, evite atritos ou batidas.";gid://shopify/Product/8578002092327
gid://shopify/Product/8578002256167;Pingente Rock Chain De Prata Com Ouro Amarelo E Quartzo - P;;;
gid://shopify/Metafield/30886456787239;;genero;"[""Feminino""]";gid://shopify/Product/8578002256167
gid://shopify/Metafield/30886456820007;;metal;Prata;gid://shopify/Product/8578002256167
gid://shopify/Metafield/30886456852775;;cobertura;Ouro Amarelo;gid://shopify/Product/8578002256167
gid://shopify/Metafield/30886456885543;;pedra;"[""Quartzo""]";gid://shopify/Product/8578002256167
gid://shopify/Metafield/30886456918311;;cuidadospeca;"Evite o contato de uma joia com a outra. Guarde-as separadamente nas embalagens fornecidas pela Jack Vartanian;
Com o uso, fechos e tarraxas podem necessitar de ajustes para que fiquem com a pressão adequada. Entre em contato conosco;
Após o uso, aconselhamos limpar a joia com flanela de algodão para tirar possíveis resíduos de produtos como maquiagem e perfume;
Evite o contato com água do mar, cremes, perfumes e produtos químicos;
Para peças em prata o primeiro banho é cortesia;
Para peças ocas, evite atritos ou batidas.";gid://shopify/Product/8578002256167
gid://shopify/Product/8578002387239;Pingente Rock Chain De Prata Com Ouro Amarelo E Quartzo - G;;;
gid://shopify/Metafield/30886456951079;;genero;"[""Feminino""]";gid://shopify/Product/8578002387239
gid://shopify/Metafield/30886456983847;;metal;Prata;gid://shopify/Product/8578002387239
gid://shopify/Metafield/30886457016615;;cobertura;Ouro Amarelo;gid://shopify/Product/8578002387239
gid://shopify/Metafield/30886457049383;;pedra;"[""Quartzo""]";gid://shopify/Product/8578002387239
gid://shopify/Metafield/30886457082151;;cuidadospeca;"Evite o contato de uma joia com a outra. Guarde-as separadamente nas embalagens fornecidas pela Jack Vartanian;
Com o uso, fechos e tarraxas podem necessitar de ajustes para que fiquem com a pressão adequada. Entre em contato conosco;
Após o uso, aconselhamos limpar a joia com flanela de algodão para tirar possíveis resíduos de produtos como maquiagem e perfume;
Evite o contato com água do mar, cremes, perfumes e produtos químicos;
Para peças em prata o primeiro banho é cortesia;
Para peças ocas, evite atritos ou batidas.";gid://shopify/Product/8578002387239
gid://shopify/Product/8578002485543;Pingente Rock Chain De Prata Com Ouro Amarelo E Quartzo - P;;;
gid://shopify/Metafield/30886457147687;;genero;"[""Feminino""]";gid://shopify/Product/8578002485543
gid://shopify/Metafield/30886457180455;;metal;Prata;gid://shopify/Product/8578002485543
gid://shopify/Metafield/30886457213223;;cobertura;Ouro Amarelo;gid://shopify/Product/8578002485543
gid://shopify/Metafield/30886457245991;;pedra;"[""Quartzo""]";gid://shopify/Product/8578002485543
gid://shopify/Metafield/30886457278759;;cuidadospeca;"Evite o contato de uma joia com a outra. Guarde-as separadamente nas embalagens fornecidas pela Jack Vartanian;
Com o uso, fechos e tarraxas podem necessitar de ajustes para que fiquem com a pressão adequada. Entre em contato conosco;
Após o uso, aconselhamos limpar a joia com flanela de algodão para tirar possíveis resíduos de produtos como maquiagem e perfume;
Evite o contato com água do mar, cremes, perfumes e produtos químicos;
Para peças em prata o primeiro banho é cortesia;
Para peças ocas, evite atritos ou batidas.";gid://shopify/Product/8578002485543
gid://shopify/Product/8578002583847;Pingente Rock Chain De Prata Com Ouro Amarelo E Ametista - P;;;
gid://shopify/Metafield/30886457704743;;genero;"[""Feminino""]";gid://shopify/Product/8578002583847
gid://shopify/Metafield/30886457737511;;metal;Prata;gid://shopify/Product/8578002583847
gid://shopify/Metafield/30886457770279;;cobertura;Ouro Amarelo;gid://shopify/Product/8578002583847
gid://shopify/Metafield/30886457803047;;pedra;"[""Ametista""]";gid://shopify/Product/8578002583847
gid://shopify/Metafield/30886457835815;;cuidadospeca;"Evite o contato de uma joia com a outra. Guarde-as separadamente nas embalagens fornecidas pela Jack Vartanian;
Com o uso, fechos e tarraxas podem necessitar de ajustes para que fiquem com a pressão adequada. Entre em contato conosco;
Após o uso, aconselhamos limpar a joia com flanela de algodão para tirar possíveis resíduos de produtos como maquiagem e perfume;
Evite o contato com água do mar, cremes, perfumes e produtos químicos;
Para peças em prata o primeiro banho é cortesia;
Para peças ocas, evite atritos ou batidas.";gid://shopify/Product/8578002583847
gid://shopify/Product/8578002682151;Pingente Rock Chain De Prata Com Ouro Amarelo E Quartzo - G;;;
gid://shopify/Metafield/30886458196263;;genero;"[""Feminino""]";gid://shopify/Product/8578002682151
gid://shopify/Metafield/30886458229031;;metal;Prata;gid://shopify/Product/8578002682151
gid://shopify/Metafield/30886458261799;;cobertura;Ouro Amarelo;gid://shopify/Product/8578002682151
gid://shopify/Metafield/30886458294567;;pedra;"[""Quartzo""]";gid://shopify/Product/8578002682151
gid://shopify/Metafield/30886458327335;;cuidadospeca;"Evite o contato de uma joia com a outra. Guarde-as separadamente nas embalagens fornecidas pela Jack Vartanian;
Com o uso, fechos e tarraxas podem necessitar de ajustes para que fiquem com a pressão adequada. Entre em contato conosco;
Após o uso, aconselhamos limpar a joia com flanela de algodão para tirar possíveis resíduos de produtos como maquiagem e perfume;
Evite o contato com água do mar, cremes, perfumes e produtos químicos;
Para peças em prata o primeiro banho é cortesia;
Para peças ocas, evite atritos ou batidas.";gid://shopify/Product/8578002682151
gid://shopify/Product/8578002780455;Pingente Rock Chain De Prata Com Ouro Amarelo E Ametista - G;;;
gid://shopify/Metafield/30886458425639;;genero;"[""Feminino""]";gid://shopify/Product/8578002780455
gid://shopify/Metafield/30886458458407;;metal;Prata;gid://shopify/Product/8578002780455
gid://shopify/Metafield/30886458491175;;cobertura;Ouro Amarelo;gid://shopify/Product/8578002780455
gid://shopify/Metafield/30886458556711;;pedra;"[""Ametista""]";gid://shopify/Product/8578002780455
gid://shopify/Metafield/30886458589479;;cuidadospeca;"Evite o contato de uma joia com a outra. Guarde-as separadamente nas embalagens fornecidas pela Jack Vartanian;
Com o uso, fechos e tarraxas podem necessitar de ajustes para que fiquem com a pressão adequada. Entre em contato conosco;
Após o uso, aconselhamos limpar a joia com flanela de algodão para tirar possíveis resíduos de produtos como maquiagem e perfume;
Evite o contato com água do mar, cremes, perfumes e produtos químicos;
Para peças em prata o primeiro banho é cortesia;
Para peças ocas, evite atritos ou batidas.";gid://shopify/Product/8578002780455
gid://shopify/Product/8578002878759;Pingente Rock Chain De Prata Com Ouro Amarelo E Quartzo - P;;;
gid://shopify/Metafield/30886458917159;;genero;"[""Feminino""]";gid://shopify/Product/8578002878759
gid://shopify/Metafield/30886458949927;;metal;Prata;gid://shopify/Product/8578002878759
gid://shopify/Metafield/30886458982695;;cobertura;Ouro Amarelo;gid://shopify/Product/8578002878759
gid://shopify/Metafield/30886459015463;;pedra;"[""Quartzo""]";gid://shopify/Product/8578002878759
gid://shopify/Metafield/30886459048231;;cuidadospeca;"Evite o contato de uma joia com a outra. Guarde-as separadamente nas embalagens fornecidas pela Jack Vartanian;
Com o uso, fechos e tarraxas podem necessitar de ajustes para que fiquem com a pressão adequada. Entre em contato conosco;
Após o uso, aconselhamos limpar a joia com flanela de algodão para tirar possíveis resíduos de produtos como maquiagem e perfume;
Evite o contato com água do mar, cremes, perfumes e produtos químicos;
Para peças em prata o primeiro banho é cortesia;
Para peças ocas, evite atritos ou batidas.";gid://shopify/Product/8578002878759
gid://shopify/Product/8578003042599;Pingente Rock Chain De Prata Com Ouro Amarelo E Ametista - P;;;
gid://shopify/Metafield/30886459408679;;genero;"[""Feminino""]";gid://shopify/Product/8578003042599
gid://shopify/Metafield/30886459441447;;metal;Prata;gid://shopify/Product/8578003042599
gid://shopify/Metafield/30886459474215;;cobertura;Ouro Amarelo;gid://shopify/Product/8578003042599
gid://shopify/Metafield/30886459506983;;pedra;"[""Ametista""]";gid://shopify/Product/8578003042599
gid://shopify/Metafield/30886459539751;;cuidadospeca;"Evite o contato de uma joia com a outra. Guarde-as separadamente nas embalagens fornecidas pela Jack Vartanian;
Com o uso, fechos e tarraxas podem necessitar de ajustes para que fiquem com a pressão adequada. Entre em contato conosco;
Após o uso, aconselhamos limpar a joia com flanela de algodão para tirar possíveis resíduos de produtos como maquiagem e perfume;
Evite o contato com água do mar, cremes, perfumes e produtos químicos;
Para peças em prata o primeiro banho é cortesia;
Para peças ocas, evite atritos ou batidas.";gid://shopify/Product/8578003042599
gid://shopify/Product/8578003173671;Pingente Rock Chain De Prata Com Ouro Amarelo E Quartzo - G;;;
gid://shopify/Metafield/30886459638055;;genero;"[""Feminino""]";gid://shopify/Product/8578003173671
gid://shopify/Metafield/30886459670823;;metal;Prata;gid://shopify/Product/8578003173671
gid://shopify/Metafield/30886459703591;;cobertura;Ouro Amarelo;gid://shopify/Product/8578003173671
gid://shopify/Metafield/30886459736359;;pedra;"[""Quartzo""]";gid://shopify/Product/8578003173671
gid://shopify/Metafield/30886459769127;;cuidadospeca;"Evite o contato de uma joia com a outra. Guarde-as separadamente nas embalagens fornecidas pela Jack Vartanian;
Com o uso, fechos e tarraxas podem necessitar de ajustes para que fiquem com a pressão adequada. Entre em contato conosco;
Após o uso, aconselhamos limpar a joia com flanela de algodão para tirar possíveis resíduos de produtos como maquiagem e perfume;
Evite o contato com água do mar, cremes, perfumes e produtos químicos;
Para peças em prata o primeiro banho é cortesia;
Para peças ocas, evite atritos ou batidas.";gid://shopify/Product/8578003173671
gid://shopify/Product/8578003304743;Pingente Rock Chain De Prata Com Ouro Amarelo E Ametista - G;;;
gid://shopify/Metafield/30886460227879;;genero;"[""Feminino""]";gid://shopify/Product/8578003304743
gid://shopify/Metafield/30886460260647;;metal;Prata;gid://shopify/Product/8578003304743
gid://shopify/Metafield/30886460293415;;cobertura;Ouro Amarelo;gid://shopify/Product/8578003304743
gid://shopify/Metafield/30886460326183;;pedra;"[""Ametista""]";gid://shopify/Product/8578003304743
gid://shopify/Metafield/30886460358951;;cuidadospeca;"Evite o contato de uma joia com a outra. Guarde-as separadamente nas embalagens fornecidas pela Jack Vartanian;
Com o uso, fechos e tarraxas podem necessitar de ajustes para que fiquem com a pressão adequada. Entre em contato conosco;
Após o uso, aconselhamos limpar a joia com flanela de algodão para tirar possíveis resíduos de produtos como maquiagem e perfume;
Evite o contato com água do mar, cremes, perfumes e produtos químicos;
Para peças em prata o primeiro banho é cortesia;
Para peças ocas, evite atritos ou batidas.";gid://shopify/Product/8578003304743
gid://shopify/Product/8578003501351;Pingente Rock Chain De Prata Com Ouro Amarelo E Quartzo - P;;;
gid://shopify/Metafield/30886460391719;;genero;"[""Feminino""]";gid://shopify/Product/8578003501351
gid://shopify/Metafield/30886460424487;;metal;Prata;gid://shopify/Product/8578003501351
gid://shopify/Metafield/30886460457255;;cobertura;Ouro Amarelo;gid://shopify/Product/8578003501351
gid://shopify/Metafield/30886460490023;;pedra;"[""Quartzo""]";gid://shopify/Product/8578003501351
gid://shopify/Metafield/30886460522791;;cuidadospeca;"Evite o contato de uma joia com a outra. Guarde-as separadamente nas embalagens fornecidas pela Jack Vartanian;
Com o uso, fechos e tarraxas podem necessitar de ajustes para que fiquem com a pressão adequada. Entre em contato conosco;
Após o uso, aconselhamos limpar a joia com flanela de algodão para tirar possíveis resíduos de produtos como maquiagem e perfume;
Evite o contato com água do mar, cremes, perfumes e produtos químicos;
Para peças em prata o primeiro banho é cortesia;
Para peças ocas, evite atritos ou batidas.";gid://shopify/Product/8578003501351
gid://shopify/Product/8578003730727;Pingente Rock Chain De Prata Com Ouro Amarelo E Ametista - P;;;
gid://shopify/Metafield/30886461079847;;genero;"[""Feminino""]";gid://shopify/Product/8578003730727
gid://shopify/Metafield/30886461112615;;metal;Prata;gid://shopify/Product/8578003730727
gid://shopify/Metafield/30886461145383;;cobertura;Ouro Amarelo;gid://shopify/Product/8578003730727
gid://shopify/Metafield/30886461178151;;pedra;"[""Ametista""]";gid://shopify/Product/8578003730727
gid://shopify/Metafield/30886461210919;;cuidadospeca;"Evite o contato de uma joia com a outra. Guarde-as separadamente nas embalagens fornecidas pela Jack Vartanian;
Com o uso, fechos e tarraxas podem necessitar de ajustes para que fiquem com a pressão adequada. Entre em contato conosco;
Após o uso, aconselhamos limpar a joia com flanela de algodão para tirar possíveis resíduos de produtos como maquiagem e perfume;
Evite o contato com água do mar, cremes, perfumes e produtos químicos;
Para peças em prata o primeiro banho é cortesia;
Para peças ocas, evite atritos ou batidas.";gid://shopify/Product/8578003730727
gid://shopify/Product/8578004189479;Pingente Rock Chain De Prata Com Ouro Amarelo E Quartzo - P;;;
gid://shopify/Metafield/30886461243687;;genero;"[""Feminino""]";gid://shopify/Product/8578004189479
gid://shopify/Metafield/30886461276455;;metal;Prata;gid://shopify/Product/8578004189479
gid://shopify/Metafield/30886461309223;;cobertura;Ouro Amarelo;gid://shopify/Product/8578004189479
gid://shopify/Metafield/30886461341991;;pedra;"[""Quartzo""]";gid://shopify/Product/8578004189479
gid://shopify/Metafield/30886461374759;;cuidadospeca;"Evite o contato de uma joia com a outra. Guarde-as separadamente nas embalagens fornecidas pela Jack Vartanian;
Com o uso, fechos e tarraxas podem necessitar de ajustes para que fiquem com a pressão adequada. Entre em contato conosco;
Após o uso, aconselhamos limpar a joia com flanela de algodão para tirar possíveis resíduos de produtos como maquiagem e perfume;
Evite o contato com água do mar, cremes, perfumes e produtos químicos;
Para peças em prata o primeiro banho é cortesia;
Para peças ocas, evite atritos ou batidas.";gid://shopify/Product/8578004189479
gid://shopify/Product/8578004353319;Pingente Rock Chain De Prata Com Ouro Amarelo E Quartzo;;;
gid://shopify/Metafield/30886461702439;;genero;"[""Feminino""]";gid://shopify/Product/8578004353319
gid://shopify/Metafield/30886461735207;;metal;Prata;gid://shopify/Product/8578004353319
gid://shopify/Metafield/30886461767975;;cobertura;Ouro Amarelo;gid://shopify/Product/8578004353319
gid://shopify/Metafield/30886461800743;;pedra;"[""Quartzo""]";gid://shopify/Product/8578004353319
gid://shopify/Metafield/30886461833511;;cuidadospeca;"Evite o contato de uma joia com a outra. Guarde-as separadamente nas embalagens fornecidas pela Jack Vartanian;
Com o uso, fechos e tarraxas podem necessitar de ajustes para que fiquem com a pressão adequada. Entre em contato conosco;
Após o uso, aconselhamos limpar a joia com flanela de algodão para tirar possíveis resíduos de produtos como maquiagem e perfume;
Evite o contato com água do mar, cremes, perfumes e produtos químicos;
Para peças em prata o primeiro banho é cortesia;
Para peças ocas, evite atritos ou batidas.";gid://shopify/Product/8578004353319
gid://shopify/Product/8578004549927;Pingente Rock Chain De Prata Com Ouro Amarelo E Quartzo;;;
gid://shopify/Metafield/30886462161191;;genero;"[""Feminino""]";gid://shopify/Product/8578004549927
gid://shopify/Metafield/30886462193959;;metal;Prata;gid://shopify/Product/8578004549927
gid://shopify/Metafield/30886462226727;;cobertura;Ouro Amarelo;gid://shopify/Product/8578004549927
gid://shopify/Metafield/30886462259495;;pedra;"[""Quartzo""]";gid://shopify/Product/8578004549927
gid://shopify/Metafield/30886462292263;;cuidadospeca;"Evite o contato de uma joia com a outra. Guarde-as separadamente nas embalagens fornecidas pela Jack Vartanian;
Com o uso, fechos e tarraxas podem necessitar de ajustes para que fiquem com a pressão adequada. Entre em contato conosco;
Após o uso, aconselhamos limpar a joia com flanela de algodão para tirar possíveis resíduos de produtos como maquiagem e perfume;
Evite o contato com água do mar, cremes, perfumes e produtos químicos;
Para peças em prata o primeiro banho é cortesia;
Para peças ocas, evite atritos ou batidas.";gid://shopify/Product/8578004549927
gid://shopify/Product/8578004975911;Pingente Rock Chain De Prata Com Ouro Amarelo E Quartzo;;;
gid://shopify/Metafield/30886462718247;;genero;"[""Feminino""]";gid://shopify/Product/8578004975911
gid://shopify/Metafield/30886462751015;;metal;Prata;gid://shopify/Product/8578004975911
gid://shopify/Metafield/30886462783783;;cobertura;Ouro Amarelo;gid://shopify/Product/8578004975911
gid://shopify/Metafield/30886462816551;;pedra;"[""Quartzo""]";gid://shopify/Product/8578004975911
gid://shopify/Metafield/30886462849319;;cuidadospeca;"Evite o contato de uma joia com a outra. Guarde-as separadamente nas embalagens fornecidas pela Jack Vartanian;
Com o uso, fechos e tarraxas podem necessitar de ajustes para que fiquem com a pressão adequada. Entre em contato conosco;
Após o uso, aconselhamos limpar a joia com flanela de algodão para tirar possíveis resíduos de produtos como maquiagem e perfume;
Evite o contato com água do mar, cremes, perfumes e produtos químicos;
Para peças em prata o primeiro banho é cortesia;
Para peças ocas, evite atritos ou batidas.";gid://shopify/Product/8578004975911
gid://shopify/Product/8578005106983;Pingente Rock Chain De Prata Com Ouro Amarelo;;;
gid://shopify/Metafield/30886463111463;;genero;"[""Feminino""]";gid://shopify/Product/8578005106983
gid://shopify/Metafield/30886463144231;;metal;Prata;gid://shopify/Product/8578005106983
gid://shopify/Metafield/30886463176999;;cobertura;Ouro Amarelo;gid://shopify/Product/8578005106983
gid://shopify/Metafield/30886463209767;;cuidadospeca;"Evite o contato de uma joia com a outra. Guarde-as separadamente nas embalagens fornecidas pela Jack Vartanian;
Com o uso, fechos e tarraxas podem necessitar de ajustes para que fiquem com a pressão adequada. Entre em contato conosco;
Após o uso, aconselhamos limpar a joia com flanela de algodão para tirar possíveis resíduos de produtos como maquiagem e perfume;
Evite o contato com água do mar, cremes, perfumes e produtos químicos;
Para peças em prata o primeiro banho é cortesia;
Para peças ocas, evite atritos ou batidas.";gid://shopify/Product/8578005106983
gid://shopify/Product/8578005369127;Pulseira Rock Chain De Prata Com Ouro Amarelo;;;
gid://shopify/Metafield/30886463701287;;genero;"[""Feminino""]";gid://shopify/Product/8578005369127
gid://shopify/Metafield/30886463734055;;metal;Prata;gid://shopify/Product/8578005369127
gid://shopify/Metafield/30886463766823;;cobertura;Ouro Amarelo;gid://shopify/Product/8578005369127
gid://shopify/Metafield/30886463799591;;cuidadospeca;"Evite o contato de uma joia com a outra. Guarde-as separadamente nas embalagens fornecidas pela Jack Vartanian;
Com o uso, fechos e tarraxas podem necessitar de ajustes para que fiquem com a pressão adequada. Entre em contato conosco;
Após o uso, aconselhamos limpar a joia com flanela de algodão para tirar possíveis resíduos de produtos como maquiagem e perfume;
Evite o contato com água do mar, cremes, perfumes e produtos químicos;
Para peças em prata o primeiro banho é cortesia;
Para peças ocas, evite atritos ou batidas.";gid://shopify/Product/8578005369127
gid://shopify/Product/8578005827879;Pulseira Rock Chain De Prata Com Ródio Negro - P;;;
gid://shopify/Metafield/30886465012007;;genero;"[""Feminino""]";gid://shopify/Product/8578005827879
gid://shopify/Metafield/30886465077543;;metal;Prata;gid://shopify/Product/8578005827879
gid://shopify/Metafield/30886465110311;;cobertura;Ródio Negro;gid://shopify/Product/8578005827879
gid://shopify/Metafield/30886465143079;;cuidadospeca;"Evite o contato de uma joia com a outra. Guarde-as separadamente nas embalagens fornecidas pela Jack Vartanian;
Com o uso, fechos e tarraxas podem necessitar de ajustes para que fiquem com a pressão adequada. Entre em contato conosco;
Após o uso, aconselhamos limpar a joia com flanela de algodão para tirar possíveis resíduos de produtos como maquiagem e perfume;
Evite o contato com água do mar, cremes, perfumes e produtos químicos;
Para peças em prata o primeiro banho é cortesia;
Para peças ocas, evite atritos ou batidas.";gid://shopify/Product/8578005827879
gid://shopify/Product/8578006384935;Pulseira Rock Chain De Prata Com Ouro Amarelo;;;
gid://shopify/Metafield/30886465601831;;genero;"[""Feminino""]";gid://shopify/Product/8578006384935
gid://shopify/Metafield/30886465634599;;metal;Prata;gid://shopify/Product/8578006384935
gid://shopify/Metafield/30886465667367;;cobertura;Ouro Amarelo;gid://shopify/Product/8578006384935
gid://shopify/Metafield/30886465700135;;cuidadospeca;"Evite o contato de uma joia com a outra. Guarde-as separadamente nas embalagens fornecidas pela Jack Vartanian;
Com o uso, fechos e tarraxas podem necessitar de ajustes para que fiquem com a pressão adequada. Entre em contato conosco;
Após o uso, aconselhamos limpar a joia com flanela de algodão para tirar possíveis resíduos de produtos como maquiagem e perfume;
Evite o contato com água do mar, cremes, perfumes e produtos químicos;
Para peças em prata o primeiro banho é cortesia;
Para peças ocas, evite atritos ou batidas.";gid://shopify/Product/8578006384935
gid://shopify/Product/8578012283175;Pingente Rock Chain De Prata Com Ouro Amarelo E Quartzo Negro;;;
gid://shopify/Metafield/30886492176679;;genero;"[""Feminino""]";gid://shopify/Product/8578012283175
gid://shopify/Metafield/30886492209447;;metal;Prata;gid://shopify/Product/8578012283175
gid://shopify/Metafield/30886492242215;;cobertura;Ouro Amarelo;gid://shopify/Product/8578012283175
gid://shopify/Metafield/30886492274983;;pedra;"[""Quartzo Negro""]";gid://shopify/Product/8578012283175
gid://shopify/Metafield/30886492307751;;cuidadospeca;"Evite o contato de uma joia com a outra. Guarde-as separadamente nas embalagens fornecidas pela Jack Vartanian;
Com o uso, fechos e tarraxas podem necessitar de ajustes para que fiquem com a pressão adequada. Entre em contato conosco;
Após o uso, aconselhamos limpar a joia com flanela de algodão para tirar possíveis resíduos de produtos como maquiagem e perfume;
Evite o contato com água do mar, cremes, perfumes e produtos químicos;
Para peças em prata o primeiro banho é cortesia;
Para peças ocas, evite atritos ou batidas.";gid://shopify/Product/8578012283175
gid://shopify/Product/8578012905767;Abotoadura JV MAN De Prata Com Ródio Negro;;;
gid://shopify/Metafield/30886496567591;;genero;"[""Masculino""]";gid://shopify/Product/8578012905767
gid://shopify/Metafield/30886496600359;;metal;Prata;gid://shopify/Product/8578012905767
gid://shopify/Metafield/30886496633127;;cobertura;Ródio Negro;gid://shopify/Product/8578012905767
gid://shopify/Metafield/30886496665895;;cuidadospeca;"Evite o contato de uma joia com a outra. Guarde-as separadamente nas embalagens fornecidas pela Jack Vartanian;
Com o uso, fechos e tarraxas podem necessitar de ajustes para que fiquem com a pressão adequada. Entre em contato conosco;
Após o uso, aconselhamos limpar a joia com flanela de algodão para tirar possíveis resíduos de produtos como maquiagem e perfume;
Evite o contato com água do mar, cremes, perfumes e produtos químicos;
Para peças em prata o primeiro banho é cortesia;
Para peças ocas, evite atritos ou batidas.";gid://shopify/Product/8578012905767
gid://shopify/Product/8578013069607;Abotoadura JV MAN De Prata Com Ródio Negro;;;
gid://shopify/Metafield/30886497517863;;genero;"[""Masculino""]";gid://shopify/Product/8578013069607
gid://shopify/Metafield/30886497550631;;metal;Prata;gid://shopify/Product/8578013069607
gid://shopify/Metafield/30886497583399;;cobertura;Ródio Negro;gid://shopify/Product/8578013069607
gid://shopify/Metafield/30886497616167;;cuidadospeca;"Evite o contato de uma joia com a outra. Guarde-as separadamente nas embalagens fornecidas pela Jack Vartanian;
Com o uso, fechos e tarraxas podem necessitar de ajustes para que fiquem com a pressão adequada. Entre em contato conosco;
Após o uso, aconselhamos limpar a joia com flanela de algodão para tirar possíveis resíduos de produtos como maquiagem e perfume;
Evite o contato com água do mar, cremes, perfumes e produtos químicos;
Para peças em prata o primeiro banho é cortesia;
Para peças ocas, evite atritos ou batidas.";gid://shopify/Product/8578013069607
gid://shopify/Product/8578013233447;Abotoadura JV MAN De Prata Com Ouro Branco;;;
gid://shopify/Metafield/30886498337063;;genero;"[""Masculino""]";gid://shopify/Product/8578013233447
gid://shopify/Metafield/30886498369831;;metal;Prata;gid://shopify/Product/8578013233447
gid://shopify/Metafield/30886498402599;;cobertura;Ouro Branco;gid://shopify/Product/8578013233447
gid://shopify/Metafield/30886498435367;;cuidadospeca;"Evite o contato de uma joia com a outra. Guarde-as separadamente nas embalagens fornecidas pela Jack Vartanian;
Com o uso, fechos e tarraxas podem necessitar de ajustes para que fiquem com a pressão adequada. Entre em contato conosco;
Após o uso, aconselhamos limpar a joia com flanela de algodão para tirar possíveis resíduos de produtos como maquiagem e perfume;
Evite o contato com água do mar, cremes, perfumes e produtos químicos;
Para peças em prata o primeiro banho é cortesia;
Para peças ocas, evite atritos ou batidas.";gid://shopify/Product/8578013233447
gid://shopify/Metafield/31082349330727;;related_products_display;ahead;gid://shopify/Product/8578013233447
gid://shopify/Metafield/31082349363495;;related_products;[];gid://shopify/Product/8578013233447
gid://shopify/Metafield/31082349396263;;complementary_products;"[""gid://shopify/Product/8578012905767"",""gid://shopify/Product/8578013069607""]";gid://shopify/Product/8578013233447
gid://shopify/Product/8578013364519;Colar JV MAN De Ouro 18K Com Ródio Negro E Diamante Negro - P;;;
gid://shopify/Metafield/30886498631975;;genero;"[""Masculino""]";gid://shopify/Product/8578013364519
gid://shopify/Metafield/30886498664743;;metal;Ouro Amarelo;gid://shopify/Product/8578013364519
gid://shopify/Metafield/30886498697511;;cobertura;Ródio Negro;gid://shopify/Product/8578013364519
gid://shopify/Metafield/30886498730279;;pedra;"[""Diamante Negro""]";gid://shopify/Product/8578013364519
gid://shopify/Metafield/30886498763047;;cuidadospeca;"Evite o contato de uma joia com a outra. Guarde-as separadamente nas embalagens fornecidas pela Jack Vartanian;
Com o uso, fechos e tarraxas podem necessitar de ajustes para que fiquem com a pressão adequada. Entre em contato conosco;
Após o uso, aconselhamos limpar a joia com flanela de algodão para tirar possíveis resíduos de produtos como maquiagem e perfume;
Evite o contato com água do mar, cremes, perfumes e produtos químicos.";gid://shopify/Product/8578013364519
gid://shopify/Product/8578013528359;Colar JV MAN De Ouro Branco 18K E Diamante Negro - P;;;
gid://shopify/Metafield/30886499123495;;genero;"[""Masculino""]";gid://shopify/Product/8578013528359
gid://shopify/Metafield/30886499156263;;metal;Ouro Branco;gid://shopify/Product/8578013528359
gid://shopify/Metafield/30886499189031;;cobertura;Ouro Branco;gid://shopify/Product/8578013528359
gid://shopify/Metafield/30886499221799;;pedra;"[""Diamante Negro""]";gid://shopify/Product/8578013528359
gid://shopify/Metafield/30886499254567;;cuidadospeca;"Evite o contato de uma joia com a outra. Guarde-as separadamente nas embalagens fornecidas pela Jack Vartanian;
Com o uso, fechos e tarraxas podem necessitar de ajustes para que fiquem com a pressão adequada. Entre em contato conosco;
Após o uso, aconselhamos limpar a joia com flanela de algodão para tirar possíveis resíduos de produtos como maquiagem e perfume;
Evite o contato com água do mar, cremes, perfumes e produtos químicos.";gid://shopify/Product/8578013528359
gid://shopify/Product/8578013757735;Colar JV MAN De Prata Com Ródio Negro E Diamante Negro;;;
gid://shopify/Metafield/30886499483943;;genero;"[""Masculino""]";gid://shopify/Product/8578013757735
gid://shopify/Metafield/30886499516711;;metal;Prata;gid://shopify/Product/8578013757735
gid://shopify/Metafield/30886499549479;;cobertura;Ródio Negro;gid://shopify/Product/8578013757735
gid://shopify/Metafield/30886499582247;;pedra;"[""Diamante Negro""]";gid://shopify/Product/8578013757735
gid://shopify/Metafield/30886499615015;;cuidadospeca;"Evite o contato de uma joia com a outra. Guarde-as separadamente nas embalagens fornecidas pela Jack Vartanian;
Com o uso, fechos e tarraxas podem necessitar de ajustes para que fiquem com a pressão adequada. Entre em contato conosco;
Após o uso, aconselhamos limpar a joia com flanela de algodão para tirar possíveis resíduos de produtos como maquiagem e perfume;
Evite o contato com água do mar, cremes, perfumes e produtos químicos;
Para peças em prata o primeiro banho é cortesia;
Para peças ocas, evite atritos ou batidas.";gid://shopify/Product/8578013757735
gid://shopify/Product/8578164850983;Pingente Letra De Ouro Rosa 18K E Diamante;;;
gid://shopify/Product/8578165080359;Pingente Letra De Ouro Amarelo 18K E Diamante;;;
gid://shopify/Product/8578165244199;Pingente Letra De Ouro Branco 18K E Diamante;;;
gid://shopify/Metafield/30887920697639;;genero;"[""Feminino""]";gid://shopify/Product/8578165244199
gid://shopify/Metafield/30887920730407;;metal;Ouro Branco;gid://shopify/Product/8578165244199
gid://shopify/Metafield/30887920763175;;cobertura;Ouro Branco;gid://shopify/Product/8578165244199
gid://shopify/Metafield/30887920795943;;pedra;"[""Diamante""]";gid://shopify/Product/8578165244199
gid://shopify/Metafield/30887920828711;;cuidadospeca;"Evite o contato de uma joia com a outra. Guarde-as separadamente nas embalagens fornecidas pela Jack Vartanian;
Com o uso, fechos e tarraxas podem necessitar de ajustes para que fiquem com a pressão adequada. Entre em contato conosco;
Após o uso, aconselhamos limpar a joia com flanela de algodão para tirar possíveis resíduos de produtos como maquiagem e perfume;
Evite o contato com água do mar, cremes, perfumes e produtos químicos.";gid://shopify/Product/8578165244199
gid://shopify/Product/8578290483495;Pingente Letra Rock Chain De Prata Com Ouro Amarelo;;;
gid://shopify/Metafield/30889574367527;;genero;"[""Feminino""]";gid://shopify/Product/8578290483495
gid://shopify/Metafield/30889574400295;;metal;Prata;gid://shopify/Product/8578290483495
gid://shopify/Metafield/30889574433063;;cobertura;Ouro Amarelo;gid://shopify/Product/8578290483495
gid://shopify/Metafield/30889574465831;;cuidadospeca;"Evite o contato de uma joia com a outra. Guarde-as separadamente nas embalagens fornecidas pela Jack Vartanian;
Com o uso, fechos e tarraxas podem necessitar de ajustes para que fiquem com a pressão adequada. Entre em contato conosco;
Após o uso, aconselhamos limpar a joia com flanela de algodão para tirar possíveis resíduos de produtos como maquiagem e perfume;
Evite o contato com água do mar, cremes, perfumes e produtos químicos;
Para peças em prata o primeiro banho é cortesia;
Para peças ocas, evite atritos ou batidas.";gid://shopify/Product/8578290483495
gid://shopify/Product/8578318860583;Pingente Pop De Prata Com Ouro Amarelo - M;;;
gid://shopify/Metafield/30890519265575;;genero;"[""Feminino""]";gid://shopify/Product/8578318860583
gid://shopify/Metafield/30890519298343;;metal;Prata;gid://shopify/Product/8578318860583
gid://shopify/Metafield/30890519331111;;cobertura;Ouro Amarelo;gid://shopify/Product/8578318860583
gid://shopify/Metafield/30890519363879;;cuidadospeca;"Evite o contato de uma joia com a outra. Guarde-as separadamente nas embalagens fornecidas pela Jack Vartanian;
Com o uso, fechos e tarraxas podem necessitar de ajustes para que fiquem com a pressão adequada. Entre em contato conosco;
Após o uso, aconselhamos limpar a joia com flanela de algodão para tirar possíveis resíduos de produtos como maquiagem e perfume;
Evite o contato com água do mar, cremes, perfumes e produtos químicos;
Para peças em prata o primeiro banho é cortesia;
Para peças ocas, evite atritos ou batidas.";gid://shopify/Product/8578318860583
gid://shopify/Product/8578319089959;Pingente Pop De Prata Com Ouro Amarelo - M;;;
gid://shopify/Metafield/30890524279079;;genero;"[""Feminino""]";gid://shopify/Product/8578319089959
gid://shopify/Metafield/30890524311847;;metal;Prata;gid://shopify/Product/8578319089959
gid://shopify/Metafield/30890524344615;;cobertura;Ouro Amarelo;gid://shopify/Product/8578319089959
gid://shopify/Metafield/30890524377383;;cuidadospeca;"Evite o contato de uma joia com a outra. Guarde-as separadamente nas embalagens fornecidas pela Jack Vartanian;
Com o uso, fechos e tarraxas podem necessitar de ajustes para que fiquem com a pressão adequada. Entre em contato conosco;
Após o uso, aconselhamos limpar a joia com flanela de algodão para tirar possíveis resíduos de produtos como maquiagem e perfume;
Evite o contato com água do mar, cremes, perfumes e produtos químicos;
Para peças em prata o primeiro banho é cortesia;
Para peças ocas, evite atritos ou batidas.";gid://shopify/Product/8578319089959
gid://shopify/Product/8578319286567;Pingente Pop De Prata Com Ouro Amarelo - G;;;
gid://shopify/Metafield/30890529227047;;genero;"[""Feminino""]";gid://shopify/Product/8578319286567
gid://shopify/Metafield/30890529259815;;metal;Prata;gid://shopify/Product/8578319286567
gid://shopify/Metafield/30890529292583;;cobertura;Ouro Amarelo;gid://shopify/Product/8578319286567
gid://shopify/Metafield/30890529325351;;cuidadospeca;"Evite o contato de uma joia com a outra. Guarde-as separadamente nas embalagens fornecidas pela Jack Vartanian;
Com o uso, fechos e tarraxas podem necessitar de ajustes para que fiquem com a pressão adequada. Entre em contato conosco;
Após o uso, aconselhamos limpar a joia com flanela de algodão para tirar possíveis resíduos de produtos como maquiagem e perfume;
Evite o contato com água do mar, cremes, perfumes e produtos químicos;
Para peças em prata o primeiro banho é cortesia;
Para peças ocas, evite atritos ou batidas.";gid://shopify/Product/8578319286567
gid://shopify/Product/8578411102503;Colar Black Leopardo De Prata Com Ródio Negro;;;
gid://shopify/Metafield/30892325994791;;genero;"[""Feminino""]";gid://shopify/Product/8578411102503
gid://shopify/Metafield/30892326027559;;metal;Prata;gid://shopify/Product/8578411102503
gid://shopify/Metafield/30892326060327;;cobertura;Ródio Negro;gid://shopify/Product/8578411102503
gid://shopify/Metafield/30892326093095;;cuidadospeca;"Evite o contato de uma joia com a outra. Guarde-as separadamente nas embalagens fornecidas pela Jack Vartanian;
Com o uso, fechos e tarraxas podem necessitar de ajustes para que fiquem com a pressão adequada. Entre em contato conosco;
Após o uso, aconselhamos limpar a joia com flanela de algodão para tirar possíveis resíduos de produtos como maquiagem e perfume;
Evite o contato com água do mar, cremes, perfumes e produtos químicos;
Para peças em prata o primeiro banho é cortesia;
Para peças ocas, evite atritos ou batidas.";gid://shopify/Product/8578411102503
gid://shopify/Product/8578411659559;Pulseira Black Leopardo De Prata Com Ródio Negro;;;
gid://shopify/Metafield/30892329271591;;genero;"[""Feminino""]";gid://shopify/Product/8578411659559
gid://shopify/Metafield/30892329304359;;metal;Prata;gid://shopify/Product/8578411659559
gid://shopify/Metafield/30892329337127;;cobertura;Ródio Negro;gid://shopify/Product/8578411659559
gid://shopify/Metafield/30892329369895;;cuidadospeca;"Evite o contato de uma joia com a outra. Guarde-as separadamente nas embalagens fornecidas pela Jack Vartanian;
Com o uso, fechos e tarraxas podem necessitar de ajustes para que fiquem com a pressão adequada. Entre em contato conosco;
Após o uso, aconselhamos limpar a joia com flanela de algodão para tirar possíveis resíduos de produtos como maquiagem e perfume;
Evite o contato com água do mar, cremes, perfumes e produtos químicos;
Para peças em prata o primeiro banho é cortesia;
Para peças ocas, evite atritos ou batidas.";gid://shopify/Product/8578411659559
gid://shopify/Product/8578425356583;Pulseira Mare De Prata Com Ouro Amarelo;;;
gid://shopify/Metafield/30892470042919;;genero;"[""Feminino""]";gid://shopify/Product/8578425356583
gid://shopify/Metafield/30892470075687;;metal;Prata;gid://shopify/Product/8578425356583
gid://shopify/Metafield/30892470108455;;cobertura;Ouro Amarelo;gid://shopify/Product/8578425356583
gid://shopify/Metafield/30892470141223;;cuidadospeca;"Evite o contato de uma joia com a outra. Guarde-as separadamente nas embalagens fornecidas pela Jack Vartanian;
Com o uso, fechos e tarraxas podem necessitar de ajustes para que fiquem com a pressão adequada. Entre em contato conosco;
Após o uso, aconselhamos limpar a joia com flanela de algodão para tirar possíveis resíduos de produtos como maquiagem e perfume;
Evite o contato com água do mar, cremes, perfumes e produtos químicos;
Para peças em prata o primeiro banho é cortesia;
Para peças ocas, evite atritos ou batidas.";gid://shopify/Product/8578425356583
gid://shopify/Product/8578429944103;Pulseira Mare De Prata Com Ouro Amarelo;;;
gid://shopify/Metafield/30892542296359;;genero;"[""Feminino""]";gid://shopify/Product/8578429944103
gid://shopify/Metafield/30892542329127;;metal;Prata;gid://shopify/Product/8578429944103
gid://shopify/Metafield/30892542361895;;cobertura;Ouro Amarelo;gid://shopify/Product/8578429944103
gid://shopify/Metafield/30892542394663;;cuidadospeca;"Evite o contato de uma joia com a outra. Guarde-as separadamente nas embalagens fornecidas pela Jack Vartanian;
Com o uso, fechos e tarraxas podem necessitar de ajustes para que fiquem com a pressão adequada. Entre em contato conosco;
Após o uso, aconselhamos limpar a joia com flanela de algodão para tirar possíveis resíduos de produtos como maquiagem e perfume;
Evite o contato com água do mar, cremes, perfumes e produtos químicos;
Para peças em prata o primeiro banho é cortesia;
Para peças ocas, evite atritos ou batidas.";gid://shopify/Product/8578429944103
gid://shopify/Product/8578434957607;Pulseira Riviera De Prata Com Ouro Amarelo;;;
gid://shopify/Metafield/30892579651879;;genero;"[""Feminino""]";gid://shopify/Product/8578434957607
gid://shopify/Metafield/30892579684647;;metal;Prata;gid://shopify/Product/8578434957607
gid://shopify/Metafield/30892579750183;;cobertura;Ouro Amarelo;gid://shopify/Product/8578434957607
gid://shopify/Metafield/30892579782951;;cuidadospeca;"Evite o contato de uma joia com a outra. Guarde-as separadamente nas embalagens fornecidas pela Jack Vartanian;
Com o uso, fechos e tarraxas podem necessitar de ajustes para que fiquem com a pressão adequada. Entre em contato conosco;
Após o uso, aconselhamos limpar a joia com flanela de algodão para tirar possíveis resíduos de produtos como maquiagem e perfume;
Evite o contato com água do mar, cremes, perfumes e produtos químicos;
Para peças em prata o primeiro banho é cortesia;
Para peças ocas, evite atritos ou batidas.";gid://shopify/Product/8578434957607
gid://shopify/Product/8578435481895;Pulseira Riviera De Prata Com Ouro Amarelo;;;
gid://shopify/Metafield/30892582011175;;genero;"[""Feminino""]";gid://shopify/Product/8578435481895
gid://shopify/Metafield/30892582076711;;metal;Prata;gid://shopify/Product/8578435481895
gid://shopify/Metafield/30892582109479;;cobertura;Ouro Amarelo;gid://shopify/Product/8578435481895
gid://shopify/Metafield/30892582175015;;cuidadospeca;"Evite o contato de uma joia com a outra. Guarde-as separadamente nas embalagens fornecidas pela Jack Vartanian;
Com o uso, fechos e tarraxas podem necessitar de ajustes para que fiquem com a pressão adequada. Entre em contato conosco;
Após o uso, aconselhamos limpar a joia com flanela de algodão para tirar possíveis resíduos de produtos como maquiagem e perfume;
Evite o contato com água do mar, cremes, perfumes e produtos químicos;
Para peças em prata o primeiro banho é cortesia;
Para peças ocas, evite atritos ou batidas.";gid://shopify/Product/8578435481895
gid://shopify/Product/8578438136103;Pulseira Pop Chain De Prata Com Ouro Amarelo;;;
gid://shopify/Metafield/30892598231335;;genero;"[""Feminino""]";gid://shopify/Product/8578438136103
gid://shopify/Metafield/30892598264103;;metal;Prata;gid://shopify/Product/8578438136103
gid://shopify/Metafield/30892598296871;;cobertura;Ouro Amarelo;gid://shopify/Product/8578438136103
gid://shopify/Metafield/30892598395175;;cuidadospeca;"Evite o contato de uma joia com a outra. Guarde-as separadamente nas embalagens fornecidas pela Jack Vartanian;
Com o uso, fechos e tarraxas podem necessitar de ajustes para que fiquem com a pressão adequada. Entre em contato conosco;
Após o uso, aconselhamos limpar a joia com flanela de algodão para tirar possíveis resíduos de produtos como maquiagem e perfume;
Evite o contato com água do mar, cremes, perfumes e produtos químicos;
Para peças em prata o primeiro banho é cortesia;
Para peças ocas, evite atritos ou batidas.";gid://shopify/Product/8578438136103
gid://shopify/Product/8578438824231;Pulseira Pop Chain De Prata Com Ródio Negro;;;
gid://shopify/Metafield/30892601016615;;genero;"[""Feminino""]";gid://shopify/Product/8578438824231
gid://shopify/Metafield/30892601049383;;metal;Prata;gid://shopify/Product/8578438824231
gid://shopify/Metafield/30892601082151;;cobertura;Ródio Negro;gid://shopify/Product/8578438824231
gid://shopify/Metafield/30892601114919;;cuidadospeca;"Evite o contato de uma joia com a outra. Guarde-as separadamente nas embalagens fornecidas pela Jack Vartanian;
Com o uso, fechos e tarraxas podem necessitar de ajustes para que fiquem com a pressão adequada. Entre em contato conosco;
Após o uso, aconselhamos limpar a joia com flanela de algodão para tirar possíveis resíduos de produtos como maquiagem e perfume;
Evite o contato com água do mar, cremes, perfumes e produtos químicos;
Para peças em prata o primeiro banho é cortesia;
Para peças ocas, evite atritos ou batidas.";gid://shopify/Product/8578438824231
gid://shopify/Product/8578445705511;Colar Leopardo De Prata Com Ouro Amarelo;;;
gid://shopify/Metafield/30892634734887;;genero;"[""Feminino""]";gid://shopify/Product/8578445705511
gid://shopify/Metafield/30892634767655;;metal;Prata;gid://shopify/Product/8578445705511
gid://shopify/Metafield/30892634833191;;cobertura;Ouro Amarelo;gid://shopify/Product/8578445705511
gid://shopify/Metafield/30892634865959;;cuidadospeca;"Evite o contato de uma joia com a outra. Guarde-as separadamente nas embalagens fornecidas pela Jack Vartanian;
Com o uso, fechos e tarraxas podem necessitar de ajustes para que fiquem com a pressão adequada. Entre em contato conosco;
Após o uso, aconselhamos limpar a joia com flanela de algodão para tirar possíveis resíduos de produtos como maquiagem e perfume;
Evite o contato com água do mar, cremes, perfumes e produtos químicos;
Para peças em prata o primeiro banho é cortesia;
Para peças ocas, evite atritos ou batidas.";gid://shopify/Product/8578445705511
gid://shopify/Product/8578446229799;Pulseira Leopardo De Prata Com Ouro Amarelo;;;
gid://shopify/Metafield/30892637126951;;genero;"[""Feminino""]";gid://shopify/Product/8578446229799
gid://shopify/Metafield/30892637159719;;metal;Prata;gid://shopify/Product/8578446229799
gid://shopify/Metafield/30892637225255;;cobertura;Ouro Amarelo;gid://shopify/Product/8578446229799
gid://shopify/Metafield/30892637258023;;cuidadospeca;"Evite o contato de uma joia com a outra. Guarde-as separadamente nas embalagens fornecidas pela Jack Vartanian;
Com o uso, fechos e tarraxas podem necessitar de ajustes para que fiquem com a pressão adequada. Entre em contato conosco;
Após o uso, aconselhamos limpar a joia com flanela de algodão para tirar possíveis resíduos de produtos como maquiagem e perfume;
Evite o contato com água do mar, cremes, perfumes e produtos químicos;
Para peças em prata o primeiro banho é cortesia;
Para peças ocas, evite atritos ou batidas.";gid://shopify/Product/8578446229799
gid://shopify/Product/8578447868199;Pulseira Voyeur De Ouro 18K Com Ródio Negro E Diamante;;;
gid://shopify/Metafield/30892643582247;;genero;"[""Feminino""]";gid://shopify/Product/8578447868199
gid://shopify/Metafield/30892643615015;;metal;Ouro Amarelo;gid://shopify/Product/8578447868199
gid://shopify/Metafield/30892643647783;;cobertura;Ródio Negro;gid://shopify/Product/8578447868199
gid://shopify/Metafield/30892643713319;;pedra;"[""Diamante""]";gid://shopify/Product/8578447868199
gid://shopify/Metafield/30892643746087;;cuidadospeca;"Evite o contato de uma joia com a outra. Guarde-as separadamente nas embalagens fornecidas pela Jack Vartanian;
Com o uso, fechos e tarraxas podem necessitar de ajustes para que fiquem com a pressão adequada. Entre em contato conosco;
Após o uso, aconselhamos limpar a joia com flanela de algodão para tirar possíveis resíduos de produtos como maquiagem e perfume;
Evite o contato com água do mar, cremes, perfumes e produtos químicos.";gid://shopify/Product/8578447868199
gid://shopify/Product/8578448359719;Pulseira Voyeur De Ouro 18K Com Ródio Negro E Diamante Negro;;;
gid://shopify/Metafield/30892645843239;;genero;"[""Feminino""]";gid://shopify/Product/8578448359719
gid://shopify/Metafield/30892645876007;;metal;Ouro Amarelo;gid://shopify/Product/8578448359719
gid://shopify/Metafield/30892645908775;;cobertura;Ródio Negro;gid://shopify/Product/8578448359719
gid://shopify/Metafield/30892646007079;;pedra;"[""Diamante Negro""]";gid://shopify/Product/8578448359719
gid://shopify/Metafield/30892646039847;;cuidadospeca;"Evite o contato de uma joia com a outra. Guarde-as separadamente nas embalagens fornecidas pela Jack Vartanian;
Com o uso, fechos e tarraxas podem necessitar de ajustes para que fiquem com a pressão adequada. Entre em contato conosco;
Após o uso, aconselhamos limpar a joia com flanela de algodão para tirar possíveis resíduos de produtos como maquiagem e perfume;
Evite o contato com água do mar, cremes, perfumes e produtos químicos.";gid://shopify/Product/8578448359719
gid://shopify/Product/8578448916775;Pulseira Voyeur De Ouro Branco 18K E Diamante;;;
gid://shopify/Metafield/30892652331303;;genero;"[""Feminino""]";gid://shopify/Product/8578448916775
gid://shopify/Metafield/30892652364071;;metal;Ouro Branco;gid://shopify/Product/8578448916775
gid://shopify/Metafield/30892652396839;;cobertura;Ouro Branco;gid://shopify/Product/8578448916775
gid://shopify/Metafield/30892652429607;;pedra;"[""Diamante""]";gid://shopify/Product/8578448916775
gid://shopify/Metafield/30892652462375;;cuidadospeca;"Evite o contato de uma joia com a outra. Guarde-as separadamente nas embalagens fornecidas pela Jack Vartanian;
Com o uso, fechos e tarraxas podem necessitar de ajustes para que fiquem com a pressão adequada. Entre em contato conosco;
Após o uso, aconselhamos limpar a joia com flanela de algodão para tirar possíveis resíduos de produtos como maquiagem e perfume;
Evite o contato com água do mar, cremes, perfumes e produtos químicos.";gid://shopify/Product/8578448916775
gid://shopify/Product/8582010962215;Pingente Pop De Prata Com Ouro Amarelo;;;
gid://shopify/Metafield/30924035883303;;genero;"[""Feminino""]";gid://shopify/Product/8582010962215
gid://shopify/Metafield/30924035916071;;metal;Prata;gid://shopify/Product/8582010962215
gid://shopify/Metafield/30924035948839;;cobertura;Ouro Amarelo;gid://shopify/Product/8582010962215
gid://shopify/Metafield/30924035981607;;cuidadospeca;"Evite o contato de uma joia com a outra. Guarde-as separadamente nas embalagens fornecidas pela Jack Vartanian;
Com o uso, fechos e tarraxas podem necessitar de ajustes para que fiquem com a pressão adequada. Entre em contato conosco;
Após o uso, aconselhamos limpar a joia com flanela de algodão para tirar possíveis resíduos de produtos como maquiagem e perfume;
Evite o contato com água do mar, cremes, perfumes e produtos químicos;
Para peças em prata o primeiro banho é cortesia;
Para peças ocas, evite atritos ou batidas.";gid://shopify/Product/8582010962215
gid://shopify/Product/8582011060519;Pingente Pop De Prata Com Ouro Amarelo - G;;;
gid://shopify/Metafield/30924037456167;;genero;"[""Feminino""]";gid://shopify/Product/8582011060519
gid://shopify/Metafield/30924037488935;;metal;Prata;gid://shopify/Product/8582011060519
gid://shopify/Metafield/30924037587239;;cobertura;Ouro Amarelo;gid://shopify/Product/8582011060519
gid://shopify/Metafield/30924037652775;;cuidadospeca;"Evite o contato de uma joia com a outra. Guarde-as separadamente nas embalagens fornecidas pela Jack Vartanian;
Com o uso, fechos e tarraxas podem necessitar de ajustes para que fiquem com a pressão adequada. Entre em contato conosco;
Após o uso, aconselhamos limpar a joia com flanela de algodão para tirar possíveis resíduos de produtos como maquiagem e perfume;
Evite o contato com água do mar, cremes, perfumes e produtos químicos;
Para peças em prata o primeiro banho é cortesia;
Para peças ocas, evite atritos ou batidas.";gid://shopify/Product/8582011060519
gid://shopify/Product/8582011158823;Pingente Pop De Prata Com Ouro Amarelo - G;;;
gid://shopify/Metafield/30924043321639;;genero;"[""Feminino""]";gid://shopify/Product/8582011158823
gid://shopify/Metafield/30924043387175;;metal;Prata;gid://shopify/Product/8582011158823
gid://shopify/Metafield/30924043452711;;cobertura;Ouro Amarelo;gid://shopify/Product/8582011158823
gid://shopify/Metafield/30924043485479;;cuidadospeca;"Evite o contato de uma joia com a outra. Guarde-as separadamente nas embalagens fornecidas pela Jack Vartanian;
Com o uso, fechos e tarraxas podem necessitar de ajustes para que fiquem com a pressão adequada. Entre em contato conosco;
Após o uso, aconselhamos limpar a joia com flanela de algodão para tirar possíveis resíduos de produtos como maquiagem e perfume;
Evite o contato com água do mar, cremes, perfumes e produtos químicos;
Para peças em prata o primeiro banho é cortesia;
Para peças ocas, evite atritos ou batidas.";gid://shopify/Product/8582011158823
gid://shopify/Product/8582011224359;Pingente Pop De Prata Com Ouro Amarelo - G;;;
gid://shopify/Metafield/30924047024423;;genero;"[""Feminino""]";gid://shopify/Product/8582011224359
gid://shopify/Metafield/30924047122727;;metal;Prata;gid://shopify/Product/8582011224359
gid://shopify/Metafield/30924047155495;;cobertura;Ouro Amarelo;gid://shopify/Product/8582011224359
gid://shopify/Metafield/30924047221031;;cuidadospeca;"Evite o contato de uma joia com a outra. Guarde-as separadamente nas embalagens fornecidas pela Jack Vartanian;
Com o uso, fechos e tarraxas podem necessitar de ajustes para que fiquem com a pressão adequada. Entre em contato conosco;
Após o uso, aconselhamos limpar a joia com flanela de algodão para tirar possíveis resíduos de produtos como maquiagem e perfume;
Evite o contato com água do mar, cremes, perfumes e produtos químicos;
Para peças em prata o primeiro banho é cortesia;
Para peças ocas, evite atritos ou batidas.";gid://shopify/Product/8582011224359
gid://shopify/Product/8582011257127;Pingente Pop De Prata Com Ouro Amarelo - P;;;
gid://shopify/Metafield/30924048957735;;genero;"[""Feminino""]";gid://shopify/Product/8582011257127
gid://shopify/Metafield/30924048990503;;metal;Prata;gid://shopify/Product/8582011257127
gid://shopify/Metafield/30924049023271;;cobertura;Ouro Amarelo;gid://shopify/Product/8582011257127
gid://shopify/Metafield/30924049056039;;cuidadospeca;"Evite o contato de uma joia com a outra. Guarde-as separadamente nas embalagens fornecidas pela Jack Vartanian;
Com o uso, fechos e tarraxas podem necessitar de ajustes para que fiquem com a pressão adequada. Entre em contato conosco;
Após o uso, aconselhamos limpar a joia com flanela de algodão para tirar possíveis resíduos de produtos como maquiagem e perfume;
Evite o contato com água do mar, cremes, perfumes e produtos químicos;
Para peças em prata o primeiro banho é cortesia;
Para peças ocas, evite atritos ou batidas.";gid://shopify/Product/8582011257127
gid://shopify/Product/8582011289895;Pingente Pop De Prata Com Ouro Amarelo - P;;;
gid://shopify/Metafield/30924051743015;;genero;"[""Feminino""]";gid://shopify/Product/8582011289895
gid://shopify/Metafield/30924051808551;;metal;Prata;gid://shopify/Product/8582011289895
gid://shopify/Metafield/30924051906855;;cobertura;Ouro Amarelo;gid://shopify/Product/8582011289895
gid://shopify/Metafield/30924051939623;;cuidadospeca;"Evite o contato de uma joia com a outra. Guarde-as separadamente nas embalagens fornecidas pela Jack Vartanian;
Com o uso, fechos e tarraxas podem necessitar de ajustes para que fiquem com a pressão adequada. Entre em contato conosco;
Após o uso, aconselhamos limpar a joia com flanela de algodão para tirar possíveis resíduos de produtos como maquiagem e perfume;
Evite o contato com água do mar, cremes, perfumes e produtos químicos;
Para peças em prata o primeiro banho é cortesia;
Para peças ocas, evite atritos ou batidas.";gid://shopify/Product/8582011289895
gid://shopify/Product/8582011355431;Pingente Pop De Prata Com Ouro Amarelo - P;;;
gid://shopify/Metafield/30924060098855;;genero;"[""Feminino""]";gid://shopify/Product/8582011355431
gid://shopify/Metafield/30924060197159;;metal;Prata;gid://shopify/Product/8582011355431
gid://shopify/Metafield/30924060295463;;cobertura;Ouro Amarelo;gid://shopify/Product/8582011355431
gid://shopify/Metafield/30924060328231;;cuidadospeca;"Evite o contato de uma joia com a outra. Guarde-as separadamente nas embalagens fornecidas pela Jack Vartanian;
Com o uso, fechos e tarraxas podem necessitar de ajustes para que fiquem com a pressão adequada. Entre em contato conosco;
Após o uso, aconselhamos limpar a joia com flanela de algodão para tirar possíveis resíduos de produtos como maquiagem e perfume;
Evite o contato com água do mar, cremes, perfumes e produtos químicos;
Para peças em prata o primeiro banho é cortesia;
Para peças ocas, evite atritos ou batidas.";gid://shopify/Product/8582011355431
gid://shopify/Product/8582011453735;Pingente Pop De Prata Com Ouro Amarelo;;;
gid://shopify/Metafield/30924061278503;;genero;"[""Feminino""]";gid://shopify/Product/8582011453735
gid://shopify/Metafield/30924061311271;;metal;Prata;gid://shopify/Product/8582011453735
gid://shopify/Metafield/30924061344039;;cobertura;Ouro Amarelo;gid://shopify/Product/8582011453735
gid://shopify/Metafield/30924061376807;;cuidadospeca;"Evite o contato de uma joia com a outra. Guarde-as separadamente nas embalagens fornecidas pela Jack Vartanian;
Com o uso, fechos e tarraxas podem necessitar de ajustes para que fiquem com a pressão adequada. Entre em contato conosco;
Após o uso, aconselhamos limpar a joia com flanela de algodão para tirar possíveis resíduos de produtos como maquiagem e perfume;
Evite o contato com água do mar, cremes, perfumes e produtos químicos;
Para peças em prata o primeiro banho é cortesia;
Para peças ocas, evite atritos ou batidas.";gid://shopify/Product/8582011453735
gid://shopify/Product/8582011519271;Pingente Pop De Prata Com Ouro Amarelo;;;
gid://shopify/Metafield/30924065472807;;genero;"[""Infantil""]";gid://shopify/Product/8582011519271
gid://shopify/Metafield/30924065505575;;metal;Prata;gid://shopify/Product/8582011519271
gid://shopify/Metafield/30924065571111;;cobertura;Ouro Amarelo;gid://shopify/Product/8582011519271
gid://shopify/Metafield/30924065636647;;cuidadospeca;"Evite o contato de uma joia com a outra. Guarde-as separadamente nas embalagens fornecidas pela Jack Vartanian;
Com o uso, fechos e tarraxas podem necessitar de ajustes para que fiquem com a pressão adequada. Entre em contato conosco;
Após o uso, aconselhamos limpar a joia com flanela de algodão para tirar possíveis resíduos de produtos como maquiagem e perfume;
Evite o contato com água do mar, cremes, perfumes e produtos químicos;
Para peças em prata o primeiro banho é cortesia;
Para peças ocas, evite atritos ou batidas.";gid://shopify/Product/8582011519271
gid://shopify/Product/8582011650343;Pingente Pop De Prata Com Ouro Amarelo;;;
gid://shopify/Metafield/30924073107751;;genero;"[""Infantil""]";gid://shopify/Product/8582011650343
gid://shopify/Metafield/30924073140519;;metal;Prata;gid://shopify/Product/8582011650343
gid://shopify/Metafield/30924073173287;;cobertura;Ouro Amarelo;gid://shopify/Product/8582011650343
gid://shopify/Metafield/30924073206055;;cuidadospeca;"Evite o contato de uma joia com a outra. Guarde-as separadamente nas embalagens fornecidas pela Jack Vartanian;
Com o uso, fechos e tarraxas podem necessitar de ajustes para que fiquem com a pressão adequada. Entre em contato conosco;
Após o uso, aconselhamos limpar a joia com flanela de algodão para tirar possíveis resíduos de produtos como maquiagem e perfume;
Evite o contato com água do mar, cremes, perfumes e produtos químicos;
Para peças em prata o primeiro banho é cortesia;
Para peças ocas, evite atritos ou batidas.";gid://shopify/Product/8582011650343
gid://shopify/Product/8582011715879;Pingente Pop De Prata Com Ouro Amarelo;;;
gid://shopify/Metafield/30924075893031;;genero;"[""Infantil""]";gid://shopify/Product/8582011715879
gid://shopify/Metafield/30924075925799;;metal;Prata;gid://shopify/Product/8582011715879
gid://shopify/Metafield/30924075958567;;cobertura;Ouro Amarelo;gid://shopify/Product/8582011715879
gid://shopify/Metafield/30924075991335;;cuidadospeca;"Evite o contato de uma joia com a outra. Guarde-as separadamente nas embalagens fornecidas pela Jack Vartanian;
Com o uso, fechos e tarraxas podem necessitar de ajustes para que fiquem com a pressão adequada. Entre em contato conosco;
Após o uso, aconselhamos limpar a joia com flanela de algodão para tirar possíveis resíduos de produtos como maquiagem e perfume;
Evite o contato com água do mar, cremes, perfumes e produtos químicos;
Para peças em prata o primeiro banho é cortesia;
Para peças ocas, evite atritos ou batidas.";gid://shopify/Product/8582011715879
gid://shopify/Product/8582014763303;Pingente Pop De Prata Com Ouro Amarelo - G;;;
gid://shopify/Metafield/30924306415911;;genero;"[""Feminino""]";gid://shopify/Product/8582014763303
gid://shopify/Metafield/30924306448679;;metal;Prata;gid://shopify/Product/8582014763303
gid://shopify/Metafield/30924306481447;;cobertura;Ouro Amarelo;gid://shopify/Product/8582014763303
gid://shopify/Metafield/30924306514215;;cuidadospeca;"Evite o contato de uma joia com a outra. Guarde-as separadamente nas embalagens fornecidas pela Jack Vartanian;
Com o uso, fechos e tarraxas podem necessitar de ajustes para que fiquem com a pressão adequada. Entre em contato conosco;
Após o uso, aconselhamos limpar a joia com flanela de algodão para tirar possíveis resíduos de produtos como maquiagem e perfume;
Evite o contato com água do mar, cremes, perfumes e produtos químicos;
Para peças em prata o primeiro banho é cortesia;
Para peças ocas, evite atritos ou batidas.";gid://shopify/Product/8582014763303
gid://shopify/Product/8582014894375;Pingente Pop De Prata Com Ouro Amarelo;;;
gid://shopify/Metafield/30924307726631;;genero;"[""Infantil""]";gid://shopify/Product/8582014894375
gid://shopify/Metafield/30924307759399;;metal;Prata;gid://shopify/Product/8582014894375
gid://shopify/Metafield/30924307792167;;cobertura;Ouro Amarelo;gid://shopify/Product/8582014894375
gid://shopify/Metafield/30924307857703;;cuidadospeca;"Evite o contato de uma joia com a outra. Guarde-as separadamente nas embalagens fornecidas pela Jack Vartanian;
Com o uso, fechos e tarraxas podem necessitar de ajustes para que fiquem com a pressão adequada. Entre em contato conosco;
Após o uso, aconselhamos limpar a joia com flanela de algodão para tirar possíveis resíduos de produtos como maquiagem e perfume;
Evite o contato com água do mar, cremes, perfumes e produtos químicos;
Para peças em prata o primeiro banho é cortesia;
Para peças ocas, evite atritos ou batidas.";gid://shopify/Product/8582014894375
gid://shopify/Product/8582654230823;Anel 15 Anos De Ouro 18K Com Ródio Negro E Diamante Negro;;;
gid://shopify/Metafield/30935279567143;;genero;"[""Feminino""]";gid://shopify/Product/8582654230823
gid://shopify/Metafield/30935279599911;;metal;Ouro Amarelo;gid://shopify/Product/8582654230823
gid://shopify/Metafield/30935279632679;;cobertura;Ródio Negro;gid://shopify/Product/8582654230823
gid://shopify/Metafield/30935279665447;;pedra;"[""Diamante Negro""]";gid://shopify/Product/8582654230823
gid://shopify/Metafield/30935279698215;;cuidadospeca;"Evite o contato de uma joia com a outra. Guarde-as separadamente nas embalagens fornecidas pela Jack Vartanian;
Com o uso, fechos e tarraxas podem necessitar de ajustes para que fiquem com a pressão adequada. Entre em contato conosco;
Após o uso, aconselhamos limpar a joia com flanela de algodão para tirar possíveis resíduos de produtos como maquiagem e perfume;
Evite o contato com água do mar, cremes, perfumes e produtos químicos.";gid://shopify/Product/8582654230823
gid://shopify/Product/8582654296359;Anel 15 Anos De Ouro 18K Com Ródio Negro E Diamante;;;
gid://shopify/Metafield/30935281369383;;genero;"[""Feminino""]";gid://shopify/Product/8582654296359
gid://shopify/Metafield/30935281402151;;metal;Ouro Amarelo;gid://shopify/Product/8582654296359
gid://shopify/Metafield/30935281500455;;cobertura;Ródio Negro;gid://shopify/Product/8582654296359
gid://shopify/Metafield/30935281565991;;pedra;"[""Diamante""]";gid://shopify/Product/8582654296359
gid://shopify/Metafield/30935281631527;;cuidadospeca;"Evite o contato de uma joia com a outra. Guarde-as separadamente nas embalagens fornecidas pela Jack Vartanian;
Com o uso, fechos e tarraxas podem necessitar de ajustes para que fiquem com a pressão adequada. Entre em contato conosco;
Após o uso, aconselhamos limpar a joia com flanela de algodão para tirar possíveis resíduos de produtos como maquiagem e perfume;
Evite o contato com água do mar, cremes, perfumes e produtos químicos.";gid://shopify/Product/8582654296359
gid://shopify/Product/8582654427431;Anel 15 Anos De Ouro Branco 18K E Diamante;;;
gid://shopify/Metafield/30935290413351;;genero;"[""Feminino""]";gid://shopify/Product/8582654427431
gid://shopify/Metafield/30935290446119;;metal;Ouro Branco;gid://shopify/Product/8582654427431
gid://shopify/Metafield/30935290478887;;cobertura;Ouro Branco;gid://shopify/Product/8582654427431
gid://shopify/Metafield/30935290511655;;pedra;"[""Diamante""]";gid://shopify/Product/8582654427431
gid://shopify/Metafield/30935290609959;;cuidadospeca;"Evite o contato de uma joia com a outra. Guarde-as separadamente nas embalagens fornecidas pela Jack Vartanian;
Com o uso, fechos e tarraxas podem necessitar de ajustes para que fiquem com a pressão adequada. Entre em contato conosco;
Após o uso, aconselhamos limpar a joia com flanela de algodão para tirar possíveis resíduos de produtos como maquiagem e perfume;
Evite o contato com água do mar, cremes, perfumes e produtos químicos.";gid://shopify/Product/8582654427431
gid://shopify/Product/8582654525735;Anel Avantgarde De Ouro 18K Com Ródio Negro E Diamante;;;
gid://shopify/Metafield/30935292150055;;genero;"[""Feminino""]";gid://shopify/Product/8582654525735
gid://shopify/Metafield/30935292182823;;metal;Ouro Amarelo;gid://shopify/Product/8582654525735
gid://shopify/Metafield/30935292215591;;cobertura;Ródio Negro;gid://shopify/Product/8582654525735
gid://shopify/Metafield/30935292248359;;pedra;"[""Diamante""]";gid://shopify/Product/8582654525735
gid://shopify/Metafield/30935292281127;;cuidadospeca;"Evite o contato de uma joia com a outra. Guarde-as separadamente nas embalagens fornecidas pela Jack Vartanian;
Com o uso, fechos e tarraxas podem necessitar de ajustes para que fiquem com a pressão adequada. Entre em contato conosco;
Após o uso, aconselhamos limpar a joia com flanela de algodão para tirar possíveis resíduos de produtos como maquiagem e perfume;
Evite o contato com água do mar, cremes, perfumes e produtos químicos.";gid://shopify/Product/8582654525735
gid://shopify/Product/8582654656807;Anel Avantgarde De Ouro Branco 18K E Diamante;;;
gid://shopify/Metafield/30935298113831;;genero;"[""Feminino""]";gid://shopify/Product/8582654656807
gid://shopify/Metafield/30935298179367;;metal;Ouro Branco;gid://shopify/Product/8582654656807
gid://shopify/Metafield/30935298244903;;cobertura;Ouro Branco;gid://shopify/Product/8582654656807
gid://shopify/Metafield/30935298310439;;pedra;"[""Diamante""]";gid://shopify/Product/8582654656807
gid://shopify/Metafield/30935298375975;;cuidadospeca;"Evite o contato de uma joia com a outra. Guarde-as separadamente nas embalagens fornecidas pela Jack Vartanian;
Com o uso, fechos e tarraxas podem necessitar de ajustes para que fiquem com a pressão adequada. Entre em contato conosco;
Após o uso, aconselhamos limpar a joia com flanela de algodão para tirar possíveis resíduos de produtos como maquiagem e perfume;
Evite o contato com água do mar, cremes, perfumes e produtos químicos.";gid://shopify/Product/8582654656807
gid://shopify/Product/8582654787879;Anel Blossom De Prata Com Ouro Amarelo E Safira;;;
gid://shopify/Metafield/30935305748775;;genero;"[""Feminino""]";gid://shopify/Product/8582654787879
gid://shopify/Metafield/30935305781543;;metal;Prata;gid://shopify/Product/8582654787879
gid://shopify/Metafield/30935305814311;;cobertura;Ouro Amarelo;gid://shopify/Product/8582654787879
gid://shopify/Metafield/30935305847079;;pedra;"[""Safira""]";gid://shopify/Product/8582654787879
gid://shopify/Metafield/30935305879847;;cuidadospeca;"Evite o contato de uma joia com a outra. Guarde-as separadamente nas embalagens fornecidas pela Jack Vartanian;
Com o uso, fechos e tarraxas podem necessitar de ajustes para que fiquem com a pressão adequada. Entre em contato conosco;
Após o uso, aconselhamos limpar a joia com flanela de algodão para tirar possíveis resíduos de produtos como maquiagem e perfume;
Evite o contato com água do mar, cremes, perfumes e produtos químicos;
Para peças em prata o primeiro banho é cortesia;
Para peças ocas, evite atritos ou batidas.";gid://shopify/Product/8582654787879
gid://shopify/Product/8582654820647;Anel Blossom De Prata Com Ródio Negro E Safira;;;
gid://shopify/Metafield/30935306797351;;genero;"[""Feminino""]";gid://shopify/Product/8582654820647
gid://shopify/Metafield/30935306830119;;metal;Prata;gid://shopify/Product/8582654820647
gid://shopify/Metafield/30935306862887;;cobertura;Ródio Negro;gid://shopify/Product/8582654820647
gid://shopify/Metafield/30935306895655;;pedra;"[""Safira""]";gid://shopify/Product/8582654820647
gid://shopify/Metafield/30935306928423;;cuidadospeca;"Evite o contato de uma joia com a outra. Guarde-as separadamente nas embalagens fornecidas pela Jack Vartanian;
Com o uso, fechos e tarraxas podem necessitar de ajustes para que fiquem com a pressão adequada. Entre em contato conosco;
Após o uso, aconselhamos limpar a joia com flanela de algodão para tirar possíveis resíduos de produtos como maquiagem e perfume;
Evite o contato com água do mar, cremes, perfumes e produtos químicos;
Para peças em prata o primeiro banho é cortesia;
Para peças ocas, evite atritos ou batidas.";gid://shopify/Product/8582654820647
gid://shopify/Product/8582654984487;Anel Blossom De Prata Com Ródio Negro E Safira;;;
gid://shopify/Metafield/30935314628903;;genero;"[""Feminino""]";gid://shopify/Product/8582654984487
gid://shopify/Metafield/30935314661671;;metal;Prata;gid://shopify/Product/8582654984487
gid://shopify/Metafield/30935314694439;;cobertura;Ródio Negro;gid://shopify/Product/8582654984487
gid://shopify/Metafield/30935314759975;;pedra;"[""Safira""]";gid://shopify/Product/8582654984487
gid://shopify/Metafield/30935314792743;;cuidadospeca;"Evite o contato de uma joia com a outra. Guarde-as separadamente nas embalagens fornecidas pela Jack Vartanian;
Com o uso, fechos e tarraxas podem necessitar de ajustes para que fiquem com a pressão adequada. Entre em contato conosco;
Após o uso, aconselhamos limpar a joia com flanela de algodão para tirar possíveis resíduos de produtos como maquiagem e perfume;
Evite o contato com água do mar, cremes, perfumes e produtos químicos;
Para peças em prata o primeiro banho é cortesia;
Para peças ocas, evite atritos ou batidas.";gid://shopify/Product/8582654984487
gid://shopify/Product/8582655082791;Anel Celebrate De Ouro Amarelo 18K E Diamante E Esmeralda;;;
gid://shopify/Metafield/30935322165543;;genero;"[""Feminino""]";gid://shopify/Product/8582655082791
gid://shopify/Metafield/30935322231079;;metal;Ouro Amarelo;gid://shopify/Product/8582655082791
gid://shopify/Metafield/30935322263847;;cobertura;Ouro Amarelo;gid://shopify/Product/8582655082791
gid://shopify/Metafield/30935322296615;;pedra;"[""Diamante"",""Esmeralda""]";gid://shopify/Product/8582655082791
gid://shopify/Metafield/30935322329383;;cuidadospeca;"Evite o contato de uma joia com a outra. Guarde-as separadamente nas embalagens fornecidas pela Jack Vartanian;
Com o uso, fechos e tarraxas podem necessitar de ajustes para que fiquem com a pressão adequada. Entre em contato conosco;
Após o uso, aconselhamos limpar a joia com flanela de algodão para tirar possíveis resíduos de produtos como maquiagem e perfume;
Evite o contato com água do mar, cremes, perfumes e produtos químicos.";gid://shopify/Product/8582655082791
gid://shopify/Product/8582655213863;Anel Celebrate De Ouro Amarelo 18K E Diamante E Esmeralda;;;
gid://shopify/Metafield/30935322951975;;genero;"[""Feminino""]";gid://shopify/Product/8582655213863
gid://shopify/Metafield/30935322984743;;metal;Ouro Amarelo;gid://shopify/Product/8582655213863
gid://shopify/Metafield/30935323017511;;cobertura;Ouro Amarelo;gid://shopify/Product/8582655213863
gid://shopify/Metafield/30935323050279;;pedra;"[""Diamante"",""Esmeralda""]";gid://shopify/Product/8582655213863
gid://shopify/Metafield/30935323083047;;cuidadospeca;"Evite o contato de uma joia com a outra. Guarde-as separadamente nas embalagens fornecidas pela Jack Vartanian;
Com o uso, fechos e tarraxas podem necessitar de ajustes para que fiquem com a pressão adequada. Entre em contato conosco;
Após o uso, aconselhamos limpar a joia com flanela de algodão para tirar possíveis resíduos de produtos como maquiagem e perfume;
Evite o contato com água do mar, cremes, perfumes e produtos químicos.";gid://shopify/Product/8582655213863
gid://shopify/Product/8582655312167;Anel Celebrate De Ouro Amarelo 18K E Diamante E Esmeralda;;;
gid://shopify/Metafield/30935324295463;;genero;"[""Feminino""]";gid://shopify/Product/8582655312167
gid://shopify/Metafield/30935324328231;;metal;Ouro Amarelo;gid://shopify/Product/8582655312167
gid://shopify/Metafield/30935324360999;;cobertura;Ouro Amarelo;gid://shopify/Product/8582655312167
gid://shopify/Metafield/30935324393767;;pedra;"[""Diamante"",""Esmeralda""]";gid://shopify/Product/8582655312167
gid://shopify/Metafield/30935324426535;;cuidadospeca;"Evite o contato de uma joia com a outra. Guarde-as separadamente nas embalagens fornecidas pela Jack Vartanian;
Com o uso, fechos e tarraxas podem necessitar de ajustes para que fiquem com a pressão adequada. Entre em contato conosco;
Após o uso, aconselhamos limpar a joia com flanela de algodão para tirar possíveis resíduos de produtos como maquiagem e perfume;
Evite o contato com água do mar, cremes, perfumes e produtos químicos.";gid://shopify/Product/8582655312167
gid://shopify/Product/8582655443239;Anel Celebrate De Ouro Amarelo 18K E Diamante E Esmeralda;;;
gid://shopify/Metafield/30935325901095;;genero;"[""Feminino""]";gid://shopify/Product/8582655443239
gid://shopify/Metafield/30935325933863;;metal;Ouro Amarelo;gid://shopify/Product/8582655443239
gid://shopify/Metafield/30935325966631;;cobertura;Ouro Amarelo;gid://shopify/Product/8582655443239
gid://shopify/Metafield/30935325999399;;pedra;"[""Diamante"",""Esmeralda""]";gid://shopify/Product/8582655443239
gid://shopify/Metafield/30935326032167;;cuidadospeca;"Evite o contato de uma joia com a outra. Guarde-as separadamente nas embalagens fornecidas pela Jack Vartanian;
Com o uso, fechos e tarraxas podem necessitar de ajustes para que fiquem com a pressão adequada. Entre em contato conosco;
Após o uso, aconselhamos limpar a joia com flanela de algodão para tirar possíveis resíduos de produtos como maquiagem e perfume;
Evite o contato com água do mar, cremes, perfumes e produtos químicos.";gid://shopify/Product/8582655443239
gid://shopify/Product/8582655705383;Anel Celebrate De Ouro Amarelo 18K E Diamante;;;
gid://shopify/Metafield/30935333306663;;genero;"[""Feminino""]";gid://shopify/Product/8582655705383
gid://shopify/Metafield/30935333339431;;metal;Ouro Amarelo;gid://shopify/Product/8582655705383
gid://shopify/Metafield/30935333437735;;cobertura;Ouro Amarelo;gid://shopify/Product/8582655705383
gid://shopify/Metafield/30935333536039;;pedra;"[""Diamante""]";gid://shopify/Product/8582655705383
gid://shopify/Metafield/30935333568807;;cuidadospeca;"Evite o contato de uma joia com a outra. Guarde-as separadamente nas embalagens fornecidas pela Jack Vartanian;
Com o uso, fechos e tarraxas podem necessitar de ajustes para que fiquem com a pressão adequada. Entre em contato conosco;
Após o uso, aconselhamos limpar a joia com flanela de algodão para tirar possíveis resíduos de produtos como maquiagem e perfume;
Evite o contato com água do mar, cremes, perfumes e produtos químicos.";gid://shopify/Product/8582655705383
gid://shopify/Product/8582655901991;Anel Celebrate De Ouro Amarelo 18K E Esmeralda;;;
gid://shopify/Metafield/30935340122407;;genero;"[""Feminino""]";gid://shopify/Product/8582655901991
gid://shopify/Metafield/30935340155175;;metal;Ouro Amarelo;gid://shopify/Product/8582655901991
gid://shopify/Metafield/30935340187943;;cobertura;Ouro Amarelo;gid://shopify/Product/8582655901991
gid://shopify/Metafield/30935340220711;;pedra;"[""Esmeralda""]";gid://shopify/Product/8582655901991
gid://shopify/Metafield/30935340253479;;cuidadospeca;"Evite o contato de uma joia com a outra. Guarde-as separadamente nas embalagens fornecidas pela Jack Vartanian;
Com o uso, fechos e tarraxas podem necessitar de ajustes para que fiquem com a pressão adequada. Entre em contato conosco;
Após o uso, aconselhamos limpar a joia com flanela de algodão para tirar possíveis resíduos de produtos como maquiagem e perfume;
Evite o contato com água do mar, cremes, perfumes e produtos químicos.";gid://shopify/Product/8582655901991
gid://shopify/Product/8582656098599;Anel Celebrate De Ouro Branco 18K E Diamante;;;
gid://shopify/Metafield/30935341957415;;genero;"[""Feminino""]";gid://shopify/Product/8582656098599
gid://shopify/Metafield/30935341990183;;metal;Ouro Branco;gid://shopify/Product/8582656098599
gid://shopify/Metafield/30935342022951;;cobertura;Ouro Branco;gid://shopify/Product/8582656098599
gid://shopify/Metafield/30935342055719;;pedra;"[""Diamante""]";gid://shopify/Product/8582656098599
gid://shopify/Metafield/30935342121255;;cuidadospeca;"Evite o contato de uma joia com a outra. Guarde-as separadamente nas embalagens fornecidas pela Jack Vartanian;
Com o uso, fechos e tarraxas podem necessitar de ajustes para que fiquem com a pressão adequada. Entre em contato conosco;
Após o uso, aconselhamos limpar a joia com flanela de algodão para tirar possíveis resíduos de produtos como maquiagem e perfume;
Evite o contato com água do mar, cremes, perfumes e produtos químicos.";gid://shopify/Product/8582656098599
gid://shopify/Product/8582656327975;Anel Celebrate De Ouro Branco 18K E Esmeralda;;;
gid://shopify/Metafield/30935351492903;;genero;"[""Feminino""]";gid://shopify/Product/8582656327975
gid://shopify/Metafield/30935351558439;;metal;Ouro Branco;gid://shopify/Product/8582656327975
gid://shopify/Metafield/30935351591207;;cobertura;Ouro Branco;gid://shopify/Product/8582656327975
gid://shopify/Metafield/30935351656743;;pedra;"[""Esmeralda""]";gid://shopify/Product/8582656327975
gid://shopify/Metafield/30935351755047;;cuidadospeca;"Evite o contato de uma joia com a outra. Guarde-as separadamente nas embalagens fornecidas pela Jack Vartanian;
Com o uso, fechos e tarraxas podem necessitar de ajustes para que fiquem com a pressão adequada. Entre em contato conosco;
Após o uso, aconselhamos limpar a joia com flanela de algodão para tirar possíveis resíduos de produtos como maquiagem e perfume;
Evite o contato com água do mar, cremes, perfumes e produtos químicos.";gid://shopify/Product/8582656327975
gid://shopify/Product/8582656426279;Anel Chain De Prata Com Ouro Amarelo;;;
gid://shopify/Metafield/30935356604711;;genero;"[""Feminino""]";gid://shopify/Product/8582656426279
gid://shopify/Metafield/30935356637479;;metal;Prata;gid://shopify/Product/8582656426279
gid://shopify/Metafield/30935356670247;;cobertura;Ouro Amarelo;gid://shopify/Product/8582656426279
gid://shopify/Metafield/30935356703015;;cuidadospeca;"Evite o contato de uma joia com a outra. Guarde-as separadamente nas embalagens fornecidas pela Jack Vartanian;
Com o uso, fechos e tarraxas podem necessitar de ajustes para que fiquem com a pressão adequada. Entre em contato conosco;
Após o uso, aconselhamos limpar a joia com flanela de algodão para tirar possíveis resíduos de produtos como maquiagem e perfume;
Evite o contato com água do mar, cremes, perfumes e produtos químicos;
Para peças em prata o primeiro banho é cortesia;
Para peças ocas, evite atritos ou batidas.";gid://shopify/Product/8582656426279
gid://shopify/Product/8582656590119;Anel Chain De Prata Com Ródio Negro;;;
gid://shopify/Metafield/30935357522215;;genero;"[""Feminino""]";gid://shopify/Product/8582656590119
gid://shopify/Metafield/30935357554983;;metal;Prata;gid://shopify/Product/8582656590119
gid://shopify/Metafield/30935357587751;;cobertura;Ródio Negro;gid://shopify/Product/8582656590119
gid://shopify/Metafield/30935357620519;;cuidadospeca;"Evite o contato de uma joia com a outra. Guarde-as separadamente nas embalagens fornecidas pela Jack Vartanian;
Com o uso, fechos e tarraxas podem necessitar de ajustes para que fiquem com a pressão adequada. Entre em contato conosco;
Após o uso, aconselhamos limpar a joia com flanela de algodão para tirar possíveis resíduos de produtos como maquiagem e perfume;
Evite o contato com água do mar, cremes, perfumes e produtos químicos;
Para peças em prata o primeiro banho é cortesia;
Para peças ocas, evite atritos ou batidas.";gid://shopify/Product/8582656590119
gid://shopify/Product/8582656655655;Alianca Clássico De Ouro Amarelo 18K;;;
gid://shopify/Metafield/30935363977511;;genero;"[""Feminino""]";gid://shopify/Product/8582656655655
gid://shopify/Metafield/30935364043047;;metal;Ouro Amarelo;gid://shopify/Product/8582656655655
gid://shopify/Metafield/30935364108583;;cobertura;Ouro Amarelo;gid://shopify/Product/8582656655655
gid://shopify/Metafield/30935364174119;;cuidadospeca;"Evite o contato de uma joia com a outra. Guarde-as separadamente nas embalagens fornecidas pela Jack Vartanian;
Com o uso, fechos e tarraxas podem necessitar de ajustes para que fiquem com a pressão adequada. Entre em contato conosco;
Após o uso, aconselhamos limpar a joia com flanela de algodão para tirar possíveis resíduos de produtos como maquiagem e perfume;
Evite o contato com água do mar, cremes, perfumes e produtos químicos.";gid://shopify/Product/8582656655655
gid://shopify/Metafield/31221764423975;;metal_filters;"[""OURO""]";gid://shopify/Product/8582656655655
gid://shopify/Product/8582656786727;Alianca Clássico De Ouro Amarelo 18K;;;
gid://shopify/Metafield/30935369318695;;genero;"[""Feminino""]";gid://shopify/Product/8582656786727
gid://shopify/Metafield/30935369351463;;metal;Ouro Amarelo;gid://shopify/Product/8582656786727
gid://shopify/Metafield/30935369384231;;cobertura;Ouro Amarelo;gid://shopify/Product/8582656786727
gid://shopify/Metafield/30935369416999;;cuidadospeca;"Evite o contato de uma joia com a outra. Guarde-as separadamente nas embalagens fornecidas pela Jack Vartanian;
Com o uso, fechos e tarraxas podem necessitar de ajustes para que fiquem com a pressão adequada. Entre em contato conosco;
Após o uso, aconselhamos limpar a joia com flanela de algodão para tirar possíveis resíduos de produtos como maquiagem e perfume;
Evite o contato com água do mar, cremes, perfumes e produtos químicos.";gid://shopify/Product/8582656786727
gid://shopify/Product/8582656819495;Alianca Clássico De Ouro Amarelo 18K;;;
gid://shopify/Metafield/30935370957095;;genero;"[""Feminino""]";gid://shopify/Product/8582656819495
gid://shopify/Metafield/30935370989863;;metal;Ouro Amarelo;gid://shopify/Product/8582656819495
gid://shopify/Metafield/30935371022631;;cobertura;Ouro Amarelo;gid://shopify/Product/8582656819495
gid://shopify/Metafield/30935371120935;;cuidadospeca;"Evite o contato de uma joia com a outra. Guarde-as separadamente nas embalagens fornecidas pela Jack Vartanian;
Com o uso, fechos e tarraxas podem necessitar de ajustes para que fiquem com a pressão adequada. Entre em contato conosco;
Após o uso, aconselhamos limpar a joia com flanela de algodão para tirar possíveis resíduos de produtos como maquiagem e perfume;
Evite o contato com água do mar, cremes, perfumes e produtos químicos.";gid://shopify/Product/8582656819495
gid://shopify/Product/8582657016103;Alianca Clássico De Ouro Amarelo 18K;;;
gid://shopify/Metafield/30935373119783;;genero;"[""Feminino""]";gid://shopify/Product/8582657016103
gid://shopify/Metafield/30935373152551;;metal;Ouro Amarelo;gid://shopify/Product/8582657016103
gid://shopify/Metafield/30935373185319;;cobertura;Ouro Amarelo;gid://shopify/Product/8582657016103
gid://shopify/Metafield/30935373218087;;cuidadospeca;"Evite o contato de uma joia com a outra. Guarde-as separadamente nas embalagens fornecidas pela Jack Vartanian;
Com o uso, fechos e tarraxas podem necessitar de ajustes para que fiquem com a pressão adequada. Entre em contato conosco;
Após o uso, aconselhamos limpar a joia com flanela de algodão para tirar possíveis resíduos de produtos como maquiagem e perfume;
Evite o contato com água do mar, cremes, perfumes e produtos químicos.";gid://shopify/Product/8582657016103
gid://shopify/Product/8582657147175;Alianca Clássico De Ouro Amarelo 18K;;;
gid://shopify/Metafield/30935378624807;;genero;"[""Feminino""]";gid://shopify/Product/8582657147175
gid://shopify/Metafield/30935378657575;;metal;Ouro Amarelo;gid://shopify/Product/8582657147175
gid://shopify/Metafield/30935378723111;;cobertura;Ouro Amarelo;gid://shopify/Product/8582657147175
gid://shopify/Metafield/30935378788647;;cuidadospeca;"Evite o contato de uma joia com a outra. Guarde-as separadamente nas embalagens fornecidas pela Jack Vartanian;
Com o uso, fechos e tarraxas podem necessitar de ajustes para que fiquem com a pressão adequada. Entre em contato conosco;
Após o uso, aconselhamos limpar a joia com flanela de algodão para tirar possíveis resíduos de produtos como maquiagem e perfume;
Evite o contato com água do mar, cremes, perfumes e produtos químicos.";gid://shopify/Product/8582657147175
gid://shopify/Product/8582657311015;Alianca Clássico De Ouro Branco 18K;;;
gid://shopify/Metafield/30935385014567;;genero;"[""Feminino""]";gid://shopify/Product/8582657311015
gid://shopify/Metafield/30935385080103;;metal;Ouro Branco;gid://shopify/Product/8582657311015
gid://shopify/Metafield/30935385112871;;cobertura;Ouro Branco;gid://shopify/Product/8582657311015
gid://shopify/Metafield/30935385145639;;cuidadospeca;"Evite o contato de uma joia com a outra. Guarde-as separadamente nas embalagens fornecidas pela Jack Vartanian;
Com o uso, fechos e tarraxas podem necessitar de ajustes para que fiquem com a pressão adequada. Entre em contato conosco;
Após o uso, aconselhamos limpar a joia com flanela de algodão para tirar possíveis resíduos de produtos como maquiagem e perfume;
Evite o contato com água do mar, cremes, perfumes e produtos químicos.";gid://shopify/Product/8582657311015
gid://shopify/Product/8582657442087;Alianca Clássico De Ouro Branco 18K;;;
gid://shopify/Metafield/30935387996455;;genero;"[""Feminino""]";gid://shopify/Product/8582657442087
gid://shopify/Metafield/30935388029223;;metal;Ouro Branco;gid://shopify/Product/8582657442087
gid://shopify/Metafield/30935388061991;;cobertura;Ouro Branco;gid://shopify/Product/8582657442087
gid://shopify/Metafield/30935388094759;;cuidadospeca;"Evite o contato de uma joia com a outra. Guarde-as separadamente nas embalagens fornecidas pela Jack Vartanian;
Com o uso, fechos e tarraxas podem necessitar de ajustes para que fiquem com a pressão adequada. Entre em contato conosco;
Após o uso, aconselhamos limpar a joia com flanela de algodão para tirar possíveis resíduos de produtos como maquiagem e perfume;
Evite o contato com água do mar, cremes, perfumes e produtos químicos.";gid://shopify/Product/8582657442087
gid://shopify/Product/8582657573159;Alianca Clássico De Ouro Branco 18K;;;
gid://shopify/Metafield/30935388750119;;genero;"[""Feminino""]";gid://shopify/Product/8582657573159
gid://shopify/Metafield/30935388782887;;metal;Ouro Branco;gid://shopify/Product/8582657573159
gid://shopify/Metafield/30935388815655;;cobertura;Ouro Branco;gid://shopify/Product/8582657573159
gid://shopify/Metafield/30935388848423;;cuidadospeca;"Evite o contato de uma joia com a outra. Guarde-as separadamente nas embalagens fornecidas pela Jack Vartanian;
Com o uso, fechos e tarraxas podem necessitar de ajustes para que fiquem com a pressão adequada. Entre em contato conosco;
Após o uso, aconselhamos limpar a joia com flanela de algodão para tirar possíveis resíduos de produtos como maquiagem e perfume;
Evite o contato com água do mar, cremes, perfumes e produtos químicos.";gid://shopify/Product/8582657573159
gid://shopify/Product/8582657736999;Alianca Clássico De Ouro Branco 18K;;;
gid://shopify/Metafield/30935389864231;;genero;"[""Feminino""]";gid://shopify/Product/8582657736999
gid://shopify/Metafield/30935389929767;;metal;Ouro Branco;gid://shopify/Product/8582657736999
gid://shopify/Metafield/30935389962535;;cobertura;Ouro Branco;gid://shopify/Product/8582657736999
gid://shopify/Metafield/30935389995303;;cuidadospeca;"Evite o contato de uma joia com a outra. Guarde-as separadamente nas embalagens fornecidas pela Jack Vartanian;
Com o uso, fechos e tarraxas podem necessitar de ajustes para que fiquem com a pressão adequada. Entre em contato conosco;
Após o uso, aconselhamos limpar a joia com flanela de algodão para tirar possíveis resíduos de produtos como maquiagem e perfume;
Evite o contato com água do mar, cremes, perfumes e produtos químicos.";gid://shopify/Product/8582657736999
gid://shopify/Product/8582657835303;Alianca Clássico De Ouro Branco 18K;;;
gid://shopify/Metafield/30935391043879;;genero;"[""Feminino""]";gid://shopify/Product/8582657835303
gid://shopify/Metafield/30935391076647;;metal;Ouro Branco;gid://shopify/Product/8582657835303
gid://shopify/Metafield/30935391109415;;cobertura;Ouro Branco;gid://shopify/Product/8582657835303
gid://shopify/Metafield/30935391207719;;cuidadospeca;"Evite o contato de uma joia com a outra. Guarde-as separadamente nas embalagens fornecidas pela Jack Vartanian;
Com o uso, fechos e tarraxas podem necessitar de ajustes para que fiquem com a pressão adequada. Entre em contato conosco;
Após o uso, aconselhamos limpar a joia com flanela de algodão para tirar possíveis resíduos de produtos como maquiagem e perfume;
Evite o contato com água do mar, cremes, perfumes e produtos químicos.";gid://shopify/Product/8582657835303
gid://shopify/Product/8582657900839;Alianca Clássico De Ouro Rosa 18K;;;
gid://shopify/Metafield/30935400382759;;genero;"[""Feminino""]";gid://shopify/Product/8582657900839
gid://shopify/Metafield/30935400415527;;metal;Ouro Rosa;gid://shopify/Product/8582657900839
gid://shopify/Metafield/30935400481063;;cobertura;Ouro Rosa;gid://shopify/Product/8582657900839
gid://shopify/Metafield/30935400546599;;cuidadospeca;"Evite o contato de uma joia com a outra. Guarde-as separadamente nas embalagens fornecidas pela Jack Vartanian;
Com o uso, fechos e tarraxas podem necessitar de ajustes para que fiquem com a pressão adequada. Entre em contato conosco;
Após o uso, aconselhamos limpar a joia com flanela de algodão para tirar possíveis resíduos de produtos como maquiagem e perfume;
Evite o contato com água do mar, cremes, perfumes e produtos químicos.";gid://shopify/Product/8582657900839
gid://shopify/Product/8582657966375;Alianca Clássico De Ouro Rosa 18K;;;
gid://shopify/Metafield/30935403954471;;genero;"[""Feminino""]";gid://shopify/Product/8582657966375
gid://shopify/Metafield/30935403987239;;metal;Ouro Rosa;gid://shopify/Product/8582657966375
gid://shopify/Metafield/30935404020007;;cobertura;Ouro Rosa;gid://shopify/Product/8582657966375
gid://shopify/Metafield/30935404052775;;cuidadospeca;"Evite o contato de uma joia com a outra. Guarde-as separadamente nas embalagens fornecidas pela Jack Vartanian;
Com o uso, fechos e tarraxas podem necessitar de ajustes para que fiquem com a pressão adequada. Entre em contato conosco;
Após o uso, aconselhamos limpar a joia com flanela de algodão para tirar possíveis resíduos de produtos como maquiagem e perfume;
Evite o contato com água do mar, cremes, perfumes e produtos químicos.";gid://shopify/Product/8582657966375
gid://shopify/Product/8582658031911;Alianca Clássico De Ouro Rosa 18K;;;
gid://shopify/Metafield/30935407264039;;genero;"[""Feminino""]";gid://shopify/Product/8582658031911
gid://shopify/Metafield/30935407329575;;metal;Ouro Rosa;gid://shopify/Product/8582658031911
gid://shopify/Metafield/30935407362343;;cobertura;Ouro Rosa;gid://shopify/Product/8582658031911
gid://shopify/Metafield/30935407460647;;cuidadospeca;"Evite o contato de uma joia com a outra. Guarde-as separadamente nas embalagens fornecidas pela Jack Vartanian;
Com o uso, fechos e tarraxas podem necessitar de ajustes para que fiquem com a pressão adequada. Entre em contato conosco;
Após o uso, aconselhamos limpar a joia com flanela de algodão para tirar possíveis resíduos de produtos como maquiagem e perfume;
Evite o contato com água do mar, cremes, perfumes e produtos químicos.";gid://shopify/Product/8582658031911
gid://shopify/Product/8582658162983;Alianca Clássico De Ouro Rosa 18K;;;
gid://shopify/Metafield/30935416504615;;genero;"[""Feminino""]";gid://shopify/Product/8582658162983
gid://shopify/Metafield/30935416537383;;metal;Ouro Rosa;gid://shopify/Product/8582658162983
gid://shopify/Metafield/30935416570151;;cobertura;Ouro Rosa;gid://shopify/Product/8582658162983
gid://shopify/Metafield/30935416635687;;cuidadospeca;"Evite o contato de uma joia com a outra. Guarde-as separadamente nas embalagens fornecidas pela Jack Vartanian;
Com o uso, fechos e tarraxas podem necessitar de ajustes para que fiquem com a pressão adequada. Entre em contato conosco;
Após o uso, aconselhamos limpar a joia com flanela de algodão para tirar possíveis resíduos de produtos como maquiagem e perfume;
Evite o contato com água do mar, cremes, perfumes e produtos químicos.";gid://shopify/Product/8582658162983
gid://shopify/Product/8582658294055;Anel Deco 2019 De Ouro Amarelo 18K E Diamante;;;
gid://shopify/Metafield/30935417979175;;genero;"[""Feminino""]";gid://shopify/Product/8582658294055
gid://shopify/Metafield/30935418011943;;metal;Ouro Amarelo;gid://shopify/Product/8582658294055
gid://shopify/Metafield/30935418044711;;cobertura;Ouro Amarelo;gid://shopify/Product/8582658294055
gid://shopify/Metafield/30935418077479;;pedra;"[""Diamante""]";gid://shopify/Product/8582658294055
gid://shopify/Metafield/30935418110247;;cuidadospeca;"Evite o contato de uma joia com a outra. Guarde-as separadamente nas embalagens fornecidas pela Jack Vartanian;
Com o uso, fechos e tarraxas podem necessitar de ajustes para que fiquem com a pressão adequada. Entre em contato conosco;
Após o uso, aconselhamos limpar a joia com flanela de algodão para tirar possíveis resíduos de produtos como maquiagem e perfume;
Evite o contato com água do mar, cremes, perfumes e produtos químicos.";gid://shopify/Product/8582658294055
gid://shopify/Product/8582658359591;Anel Deco 2019 De Ouro 18K Com Ródio Negro E Diamante;;;
gid://shopify/Metafield/30935426924839;;genero;"[""Feminino""]";gid://shopify/Product/8582658359591
gid://shopify/Metafield/30935427023143;;metal;Ouro Amarelo;gid://shopify/Product/8582658359591
gid://shopify/Metafield/30935427055911;;cobertura;Ródio Negro;gid://shopify/Product/8582658359591
gid://shopify/Metafield/30935427121447;;pedra;"[""Diamante""]";gid://shopify/Product/8582658359591
gid://shopify/Metafield/30935427186983;;cuidadospeca;"Evite o contato de uma joia com a outra. Guarde-as separadamente nas embalagens fornecidas pela Jack Vartanian;
Com o uso, fechos e tarraxas podem necessitar de ajustes para que fiquem com a pressão adequada. Entre em contato conosco;
Após o uso, aconselhamos limpar a joia com flanela de algodão para tirar possíveis resíduos de produtos como maquiagem e perfume;
Evite o contato com água do mar, cremes, perfumes e produtos químicos.";gid://shopify/Product/8582658359591
gid://shopify/Product/8582658457895;Anel Deco 2019 De Ouro Branco 18K E Diamante;;;
gid://shopify/Metafield/30935431282983;;genero;"[""Feminino""]";gid://shopify/Product/8582658457895
gid://shopify/Metafield/30935431315751;;metal;Ouro Branco;gid://shopify/Product/8582658457895
gid://shopify/Metafield/30935431381287;;cobertura;Ouro Branco;gid://shopify/Product/8582658457895
gid://shopify/Metafield/30935431414055;;pedra;"[""Diamante""]";gid://shopify/Product/8582658457895
gid://shopify/Metafield/30935431446823;;cuidadospeca;"Evite o contato de uma joia com a outra. Guarde-as separadamente nas embalagens fornecidas pela Jack Vartanian;
Com o uso, fechos e tarraxas podem necessitar de ajustes para que fiquem com a pressão adequada. Entre em contato conosco;
Após o uso, aconselhamos limpar a joia com flanela de algodão para tirar possíveis resíduos de produtos como maquiagem e perfume;
Evite o contato com água do mar, cremes, perfumes e produtos químicos.";gid://shopify/Product/8582658457895
gid://shopify/Product/8582658490663;Anel Dolce Vita De Ouro Amarelo 18K E Ágata E Diamante;;;
gid://shopify/Metafield/30935434592551;;genero;"[""Feminino""]";gid://shopify/Product/8582658490663
gid://shopify/Metafield/30935434658087;;metal;Ouro Amarelo;gid://shopify/Product/8582658490663
gid://shopify/Metafield/30935434690855;;cobertura;Ouro Amarelo;gid://shopify/Product/8582658490663
gid://shopify/Metafield/30935434756391;;pedra;"[""Ágata"",""Diamante""]";gid://shopify/Product/8582658490663
gid://shopify/Metafield/30935434821927;;cuidadospeca;"Evite o contato de uma joia com a outra. Guarde-as separadamente nas embalagens fornecidas pela Jack Vartanian;
Com o uso, fechos e tarraxas podem necessitar de ajustes para que fiquem com a pressão adequada. Entre em contato conosco;
Após o uso, aconselhamos limpar a joia com flanela de algodão para tirar possíveis resíduos de produtos como maquiagem e perfume;
Evite o contato com água do mar, cremes, perfumes e produtos químicos.";gid://shopify/Product/8582658490663
gid://shopify/Product/8582658588967;Anel Dolce Vita De Ouro Amarelo 18K E Safira E Quartzo;;;
gid://shopify/Metafield/30935444259111;;genero;"[""Feminino""]";gid://shopify/Product/8582658588967
gid://shopify/Metafield/30935444324647;;metal;Ouro Amarelo;gid://shopify/Product/8582658588967
gid://shopify/Metafield/30935444390183;;cobertura;Ouro Amarelo;gid://shopify/Product/8582658588967
gid://shopify/Metafield/30935444422951;;pedra;"[""Safira"",""Quartzo""]";gid://shopify/Product/8582658588967
gid://shopify/Metafield/30935444455719;;cuidadospeca;"Evite o contato de uma joia com a outra. Guarde-as separadamente nas embalagens fornecidas pela Jack Vartanian;
Com o uso, fechos e tarraxas podem necessitar de ajustes para que fiquem com a pressão adequada. Entre em contato conosco;
Após o uso, aconselhamos limpar a joia com flanela de algodão para tirar possíveis resíduos de produtos como maquiagem e perfume;
Evite o contato com água do mar, cremes, perfumes e produtos químicos.";gid://shopify/Product/8582658588967
gid://shopify/Product/8582658654503;Anel Dolce Vita De Ouro Amarelo 18K E Turquesa E Diamante;;;
gid://shopify/Metafield/30935445864743;;genero;"[""Feminino""]";gid://shopify/Product/8582658654503
gid://shopify/Metafield/30935445897511;;metal;Ouro Amarelo;gid://shopify/Product/8582658654503
gid://shopify/Metafield/30935445930279;;cobertura;Ouro Amarelo;gid://shopify/Product/8582658654503
gid://shopify/Metafield/30935445963047;;pedra;"[""Turquesa"",""Diamante""]";gid://shopify/Product/8582658654503
gid://shopify/Metafield/30935445995815;;cuidadospeca;"Evite o contato de uma joia com a outra. Guarde-as separadamente nas embalagens fornecidas pela Jack Vartanian;
Com o uso, fechos e tarraxas podem necessitar de ajustes para que fiquem com a pressão adequada. Entre em contato conosco;
Após o uso, aconselhamos limpar a joia com flanela de algodão para tirar possíveis resíduos de produtos como maquiagem e perfume;
Evite o contato com água do mar, cremes, perfumes e produtos químicos.";gid://shopify/Product/8582658654503
gid://shopify/Product/8582658720039;Anel Dolce Vita De Ouro Amarelo 18K E Ágata E Diamante;;;
gid://shopify/Metafield/30935450681639;;genero;"[""Feminino""]";gid://shopify/Product/8582658720039
gid://shopify/Metafield/30935450812711;;metal;Ouro Amarelo;gid://shopify/Product/8582658720039
gid://shopify/Metafield/30935450845479;;cobertura;Ouro Amarelo;gid://shopify/Product/8582658720039
gid://shopify/Metafield/30935450911015;;pedra;"[""Ágata"",""Diamante""]";gid://shopify/Product/8582658720039
gid://shopify/Metafield/30935450943783;;cuidadospeca;"Evite o contato de uma joia com a outra. Guarde-as separadamente nas embalagens fornecidas pela Jack Vartanian;
Com o uso, fechos e tarraxas podem necessitar de ajustes para que fiquem com a pressão adequada. Entre em contato conosco;
Após o uso, aconselhamos limpar a joia com flanela de algodão para tirar possíveis resíduos de produtos como maquiagem e perfume;
Evite o contato com água do mar, cremes, perfumes e produtos químicos.";gid://shopify/Product/8582658720039
gid://shopify/Product/8582658851111;Anel Dolce Vita De Ouro Amarelo 18K E Malaquita E Diamante;;;
gid://shopify/Metafield/30935459103015;;genero;"[""Feminino""]";gid://shopify/Product/8582658851111
gid://shopify/Metafield/30935459135783;;metal;Ouro Amarelo;gid://shopify/Product/8582658851111
gid://shopify/Metafield/30935459201319;;cobertura;Ouro Amarelo;gid://shopify/Product/8582658851111
gid://shopify/Metafield/30935459234087;;pedra;"[""Malaquita"",""Diamante""]";gid://shopify/Product/8582658851111
gid://shopify/Metafield/30935459266855;;cuidadospeca;"Evite o contato de uma joia com a outra. Guarde-as separadamente nas embalagens fornecidas pela Jack Vartanian;
Com o uso, fechos e tarraxas podem necessitar de ajustes para que fiquem com a pressão adequada. Entre em contato conosco;
Após o uso, aconselhamos limpar a joia com flanela de algodão para tirar possíveis resíduos de produtos como maquiagem e perfume;
Evite o contato com água do mar, cremes, perfumes e produtos químicos.";gid://shopify/Product/8582658851111
gid://shopify/Product/8582659014951;Anel Dolce Vita De Ouro Amarelo 18K E Lápis Lazuli;;;
gid://shopify/Metafield/30935460184359;;genero;"[""Feminino""]";gid://shopify/Product/8582659014951
gid://shopify/Metafield/30935460217127;;metal;Ouro Amarelo;gid://shopify/Product/8582659014951
gid://shopify/Metafield/30935460249895;;cobertura;Ouro Amarelo;gid://shopify/Product/8582659014951
gid://shopify/Metafield/30935460282663;;pedra;"[""Lápis Lazuli""]";gid://shopify/Product/8582659014951
gid://shopify/Metafield/30935460348199;;cuidadospeca;"Evite o contato de uma joia com a outra. Guarde-as separadamente nas embalagens fornecidas pela Jack Vartanian;
Com o uso, fechos e tarraxas podem necessitar de ajustes para que fiquem com a pressão adequada. Entre em contato conosco;
Após o uso, aconselhamos limpar a joia com flanela de algodão para tirar possíveis resíduos de produtos como maquiagem e perfume;
Evite o contato com água do mar, cremes, perfumes e produtos químicos.";gid://shopify/Product/8582659014951
gid://shopify/Product/8582659080487;Anel Dolce Vita De Ouro Amarelo 18K E Ágata;;;
gid://shopify/Metafield/30935460839719;;genero;"[""Feminino""]";gid://shopify/Product/8582659080487
gid://shopify/Metafield/30935460872487;;metal;Ouro Amarelo;gid://shopify/Product/8582659080487
gid://shopify/Metafield/30935460905255;;cobertura;Ouro Amarelo;gid://shopify/Product/8582659080487
gid://shopify/Metafield/30935460938023;;pedra;"[""Ágata""]";gid://shopify/Product/8582659080487
gid://shopify/Metafield/30935460970791;;cuidadospeca;"Evite o contato de uma joia com a outra. Guarde-as separadamente nas embalagens fornecidas pela Jack Vartanian;
Com o uso, fechos e tarraxas podem necessitar de ajustes para que fiquem com a pressão adequada. Entre em contato conosco;
Após o uso, aconselhamos limpar a joia com flanela de algodão para tirar possíveis resíduos de produtos como maquiagem e perfume;
Evite o contato com água do mar, cremes, perfumes e produtos químicos.";gid://shopify/Product/8582659080487
gid://shopify/Product/8582659178791;Anel Dolce Vita De Ouro Amarelo 18K E Quartzo;;;
gid://shopify/Metafield/30935461429543;;genero;"[""Feminino""]";gid://shopify/Product/8582659178791
gid://shopify/Metafield/30935461462311;;metal;Ouro Amarelo;gid://shopify/Product/8582659178791
gid://shopify/Metafield/30935461495079;;cobertura;Ouro Amarelo;gid://shopify/Product/8582659178791
gid://shopify/Metafield/30935461527847;;pedra;"[""Quartzo""]";gid://shopify/Product/8582659178791
gid://shopify/Metafield/30935461560615;;cuidadospeca;"Evite o contato de uma joia com a outra. Guarde-as separadamente nas embalagens fornecidas pela Jack Vartanian;
Com o uso, fechos e tarraxas podem necessitar de ajustes para que fiquem com a pressão adequada. Entre em contato conosco;
Após o uso, aconselhamos limpar a joia com flanela de algodão para tirar possíveis resíduos de produtos como maquiagem e perfume;
Evite o contato com água do mar, cremes, perfumes e produtos químicos.";gid://shopify/Product/8582659178791
gid://shopify/Product/8582659309863;Anel Dolce Vita De Ouro Amarelo 18K E Turquesa;;;
gid://shopify/Metafield/30935468540199;;genero;"[""Feminino""]";gid://shopify/Product/8582659309863
gid://shopify/Metafield/30935468572967;;metal;Ouro Amarelo;gid://shopify/Product/8582659309863
gid://shopify/Metafield/30935468671271;;cobertura;Ouro Amarelo;gid://shopify/Product/8582659309863
gid://shopify/Metafield/30935468769575;;pedra;"[""Turquesa""]";gid://shopify/Product/8582659309863
gid://shopify/Metafield/30935468802343;;cuidadospeca;"Evite o contato de uma joia com a outra. Guarde-as separadamente nas embalagens fornecidas pela Jack Vartanian;
Com o uso, fechos e tarraxas podem necessitar de ajustes para que fiquem com a pressão adequada. Entre em contato conosco;
Após o uso, aconselhamos limpar a joia com flanela de algodão para tirar possíveis resíduos de produtos como maquiagem e perfume;
Evite o contato com água do mar, cremes, perfumes e produtos químicos.";gid://shopify/Product/8582659309863
gid://shopify/Product/8582659506471;Anel Dolce Vita De Ouro Amarelo 18K E Ágata;;;
gid://shopify/Metafield/30935475388711;;genero;"[""Feminino""]";gid://shopify/Product/8582659506471
gid://shopify/Metafield/30935475421479;;metal;Ouro Amarelo;gid://shopify/Product/8582659506471
gid://shopify/Metafield/30935475454247;;cobertura;Ouro Amarelo;gid://shopify/Product/8582659506471
gid://shopify/Metafield/30935475487015;;pedra;"[""Ágata""]";gid://shopify/Product/8582659506471
gid://shopify/Metafield/30935475519783;;cuidadospeca;"Evite o contato de uma joia com a outra. Guarde-as separadamente nas embalagens fornecidas pela Jack Vartanian;
Com o uso, fechos e tarraxas podem necessitar de ajustes para que fiquem com a pressão adequada. Entre em contato conosco;
Após o uso, aconselhamos limpar a joia com flanela de algodão para tirar possíveis resíduos de produtos como maquiagem e perfume;
Evite o contato com água do mar, cremes, perfumes e produtos químicos.";gid://shopify/Product/8582659506471
gid://shopify/Product/8582659703079;Anel Dolce Vita De Ouro Amarelo 18K E Malaquita;;;
gid://shopify/Metafield/30935476240679;;genero;"[""Feminino""]";gid://shopify/Product/8582659703079
gid://shopify/Metafield/30935476273447;;metal;Ouro Amarelo;gid://shopify/Product/8582659703079
gid://shopify/Metafield/30935476306215;;cobertura;Ouro Amarelo;gid://shopify/Product/8582659703079
gid://shopify/Metafield/30935476338983;;pedra;"[""Malaquita""]";gid://shopify/Product/8582659703079
gid://shopify/Metafield/30935476371751;;cuidadospeca;"Evite o contato de uma joia com a outra. Guarde-as separadamente nas embalagens fornecidas pela Jack Vartanian;
Com o uso, fechos e tarraxas podem necessitar de ajustes para que fiquem com a pressão adequada. Entre em contato conosco;
Após o uso, aconselhamos limpar a joia com flanela de algodão para tirar possíveis resíduos de produtos como maquiagem e perfume;
Evite o contato com água do mar, cremes, perfumes e produtos químicos.";gid://shopify/Product/8582659703079
gid://shopify/Product/8582659866919;Anel Dolce Vita De Ouro Amarelo 18K E Olho De Tigre;;;
gid://shopify/Metafield/30935485546791;;genero;"[""Feminino""]";gid://shopify/Product/8582659866919
gid://shopify/Metafield/30935485579559;;metal;Ouro Amarelo;gid://shopify/Product/8582659866919
gid://shopify/Metafield/30935485645095;;cobertura;Ouro Amarelo;gid://shopify/Product/8582659866919
gid://shopify/Metafield/30935485743399;;pedra;"[""Olho De Tigre""]";gid://shopify/Product/8582659866919
gid://shopify/Metafield/30935485808935;;cuidadospeca;"Evite o contato de uma joia com a outra. Guarde-as separadamente nas embalagens fornecidas pela Jack Vartanian;
Com o uso, fechos e tarraxas podem necessitar de ajustes para que fiquem com a pressão adequada. Entre em contato conosco;
Após o uso, aconselhamos limpar a joia com flanela de algodão para tirar possíveis resíduos de produtos como maquiagem e perfume;
Evite o contato com água do mar, cremes, perfumes e produtos químicos.";gid://shopify/Product/8582659866919
gid://shopify/Product/8582659965223;Anel Dolce Vita De Ouro Amarelo 18K E Safira E Olho De Tigre;;;
gid://shopify/Metafield/30935488987431;;genero;"[""Feminino""]";gid://shopify/Product/8582659965223
gid://shopify/Metafield/30935489020199;;metal;Ouro Amarelo;gid://shopify/Product/8582659965223
gid://shopify/Metafield/30935489052967;;cobertura;Ouro Amarelo;gid://shopify/Product/8582659965223
gid://shopify/Metafield/30935489085735;;pedra;"[""Safira"",""Olho De Tigre""]";gid://shopify/Product/8582659965223
gid://shopify/Metafield/30935489118503;;cuidadospeca;"Evite o contato de uma joia com a outra. Guarde-as separadamente nas embalagens fornecidas pela Jack Vartanian;
Com o uso, fechos e tarraxas podem necessitar de ajustes para que fiquem com a pressão adequada. Entre em contato conosco;
Após o uso, aconselhamos limpar a joia com flanela de algodão para tirar possíveis resíduos de produtos como maquiagem e perfume;
Evite o contato com água do mar, cremes, perfumes e produtos químicos.";gid://shopify/Product/8582659965223
gid://shopify/Product/8582660063527;Anel Dolce Vita De Ouro Rosa 18K E Safira;;;
gid://shopify/Metafield/30935496884519;;genero;"[""Feminino""]";gid://shopify/Product/8582660063527
gid://shopify/Metafield/30935496917287;;metal;Ouro Rosa;gid://shopify/Product/8582660063527
gid://shopify/Metafield/30935497015591;;cobertura;Ouro Rosa;gid://shopify/Product/8582660063527
gid://shopify/Metafield/30935497113895;;pedra;"[""Safira""]";gid://shopify/Product/8582660063527
gid://shopify/Metafield/30935497146663;;cuidadospeca;"Evite o contato de uma joia com a outra. Guarde-as separadamente nas embalagens fornecidas pela Jack Vartanian;
Com o uso, fechos e tarraxas podem necessitar de ajustes para que fiquem com a pressão adequada. Entre em contato conosco;
Após o uso, aconselhamos limpar a joia com flanela de algodão para tirar possíveis resíduos de produtos como maquiagem e perfume;
Evite o contato com água do mar, cremes, perfumes e produtos químicos.";gid://shopify/Product/8582660063527
gid://shopify/Product/8582660129063;Anel Dolce Vita De Ouro Rosa 18K E Opala;;;
gid://shopify/Metafield/30935501439271;;genero;"[""Feminino""]";gid://shopify/Product/8582660129063
gid://shopify/Metafield/30935501472039;;metal;Ouro Rosa;gid://shopify/Product/8582660129063
gid://shopify/Metafield/30935501504807;;cobertura;Ouro Rosa;gid://shopify/Product/8582660129063
gid://shopify/Metafield/30935501537575;;pedra;"[""Opala""]";gid://shopify/Product/8582660129063
gid://shopify/Metafield/30935501570343;;cuidadospeca;"Evite o contato de uma joia com a outra. Guarde-as separadamente nas embalagens fornecidas pela Jack Vartanian;
Com o uso, fechos e tarraxas podem necessitar de ajustes para que fiquem com a pressão adequada. Entre em contato conosco;
Após o uso, aconselhamos limpar a joia com flanela de algodão para tirar possíveis resíduos de produtos como maquiagem e perfume;
Evite o contato com água do mar, cremes, perfumes e produtos químicos.";gid://shopify/Product/8582660129063
gid://shopify/Product/8582660194599;Anel Especial De Ouro Branco 18K E Diamante Solitário;;;
gid://shopify/Metafield/30935502586151;;genero;"[""Feminino""]";gid://shopify/Product/8582660194599
gid://shopify/Metafield/30935502618919;;metal;Ouro Branco;gid://shopify/Product/8582660194599
gid://shopify/Metafield/30935502651687;;cobertura;Ouro Branco;gid://shopify/Product/8582660194599
gid://shopify/Metafield/30935502684455;;pedra;"[""Diamante Solitário""]";gid://shopify/Product/8582660194599
gid://shopify/Metafield/30935502717223;;cuidadospeca;"Evite o contato de uma joia com a outra. Guarde-as separadamente nas embalagens fornecidas pela Jack Vartanian;
Com o uso, fechos e tarraxas podem necessitar de ajustes para que fiquem com a pressão adequada. Entre em contato conosco;
Após o uso, aconselhamos limpar a joia com flanela de algodão para tirar possíveis resíduos de produtos como maquiagem e perfume;
Evite o contato com água do mar, cremes, perfumes e produtos químicos.";gid://shopify/Product/8582660194599
gid://shopify/Product/8582660292903;Anel Fetiche De Ouro Amarelo 18K;;;
gid://shopify/Metafield/30935512121639;;genero;"[""Feminino""]";gid://shopify/Product/8582660292903
gid://shopify/Metafield/30935512187175;;metal;Ouro Amarelo;gid://shopify/Product/8582660292903
gid://shopify/Metafield/30935512252711;;cobertura;Ouro Amarelo;gid://shopify/Product/8582660292903
gid://shopify/Metafield/30935512318247;;cuidadospeca;"Evite o contato de uma joia com a outra. Guarde-as separadamente nas embalagens fornecidas pela Jack Vartanian;
Com o uso, fechos e tarraxas podem necessitar de ajustes para que fiquem com a pressão adequada. Entre em contato conosco;
Após o uso, aconselhamos limpar a joia com flanela de algodão para tirar possíveis resíduos de produtos como maquiagem e perfume;
Evite o contato com água do mar, cremes, perfumes e produtos químicos.";gid://shopify/Product/8582660292903
gid://shopify/Product/8582660358439;Anel Fetiche De Ouro 18K Com Ródio Negro;;;
gid://shopify/Metafield/30935516152103;;genero;"[""Feminino""]";gid://shopify/Product/8582660358439
gid://shopify/Metafield/30935516184871;;metal;Ouro Amarelo;gid://shopify/Product/8582660358439
gid://shopify/Metafield/30935516217639;;cobertura;Ródio Negro;gid://shopify/Product/8582660358439
gid://shopify/Metafield/30935516250407;;cuidadospeca;"Evite o contato de uma joia com a outra. Guarde-as separadamente nas embalagens fornecidas pela Jack Vartanian;
Com o uso, fechos e tarraxas podem necessitar de ajustes para que fiquem com a pressão adequada. Entre em contato conosco;
Após o uso, aconselhamos limpar a joia com flanela de algodão para tirar possíveis resíduos de produtos como maquiagem e perfume;
Evite o contato com água do mar, cremes, perfumes e produtos químicos.";gid://shopify/Product/8582660358439
gid://shopify/Product/8582660456743;Anel Fetiche De Ouro Branco 18K;;;
gid://shopify/Metafield/30935516971303;;genero;"[""Feminino""]";gid://shopify/Product/8582660456743
gid://shopify/Metafield/30935517036839;;metal;Ouro Branco;gid://shopify/Product/8582660456743
gid://shopify/Metafield/30935517069607;;cobertura;Ouro Branco;gid://shopify/Product/8582660456743
gid://shopify/Metafield/30935517135143;;cuidadospeca;"Evite o contato de uma joia com a outra. Guarde-as separadamente nas embalagens fornecidas pela Jack Vartanian;
Com o uso, fechos e tarraxas podem necessitar de ajustes para que fiquem com a pressão adequada. Entre em contato conosco;
Após o uso, aconselhamos limpar a joia com flanela de algodão para tirar possíveis resíduos de produtos como maquiagem e perfume;
Evite o contato com água do mar, cremes, perfumes e produtos químicos.";gid://shopify/Product/8582660456743
gid://shopify/Product/8582660587815;Anel Fetiche De Ouro Rosa 18K;;;
gid://shopify/Metafield/30935525425447;;genero;"[""Feminino""]";gid://shopify/Product/8582660587815
gid://shopify/Metafield/30935525490983;;metal;Ouro Rosa;gid://shopify/Product/8582660587815
gid://shopify/Metafield/30935525556519;;cobertura;Ouro Rosa;gid://shopify/Product/8582660587815
gid://shopify/Metafield/30935525589287;;cuidadospeca;"Evite o contato de uma joia com a outra. Guarde-as separadamente nas embalagens fornecidas pela Jack Vartanian;
Com o uso, fechos e tarraxas podem necessitar de ajustes para que fiquem com a pressão adequada. Entre em contato conosco;
Após o uso, aconselhamos limpar a joia com flanela de algodão para tirar possíveis resíduos de produtos como maquiagem e perfume;
Evite o contato com água do mar, cremes, perfumes e produtos químicos.";gid://shopify/Product/8582660587815
gid://shopify/Product/8582660653351;Anel First De Ouro 18K Com Ródio Negro E Diamante;;;
gid://shopify/Metafield/30935528964391;;genero;"[""Feminino""]";gid://shopify/Product/8582660653351
gid://shopify/Metafield/30935528997159;;metal;Ouro Amarelo;gid://shopify/Product/8582660653351
gid://shopify/Metafield/30935529029927;;cobertura;Ródio Negro;gid://shopify/Product/8582660653351
gid://shopify/Metafield/30935529062695;;pedra;"[""Diamante""]";gid://shopify/Product/8582660653351
gid://shopify/Metafield/30935529095463;;cuidadospeca;"Evite o contato de uma joia com a outra. Guarde-as separadamente nas embalagens fornecidas pela Jack Vartanian;
Com o uso, fechos e tarraxas podem necessitar de ajustes para que fiquem com a pressão adequada. Entre em contato conosco;
Após o uso, aconselhamos limpar a joia com flanela de algodão para tirar possíveis resíduos de produtos como maquiagem e perfume;
Evite o contato com água do mar, cremes, perfumes e produtos químicos.";gid://shopify/Product/8582660653351
gid://shopify/Product/8582660751655;Anel First De Ouro Branco 18K E Diamante;;;
gid://shopify/Metafield/30935531028775;;genero;"[""Feminino""]";gid://shopify/Product/8582660751655
gid://shopify/Metafield/30935531094311;;metal;Ouro Branco;gid://shopify/Product/8582660751655
gid://shopify/Metafield/30935531127079;;cobertura;Ouro Branco;gid://shopify/Product/8582660751655
gid://shopify/Metafield/30935531159847;;pedra;"[""Diamante""]";gid://shopify/Product/8582660751655
gid://shopify/Metafield/30935531225383;;cuidadospeca;"Evite o contato de uma joia com a outra. Guarde-as separadamente nas embalagens fornecidas pela Jack Vartanian;
Com o uso, fechos e tarraxas podem necessitar de ajustes para que fiquem com a pressão adequada. Entre em contato conosco;
Após o uso, aconselhamos limpar a joia com flanela de algodão para tirar possíveis resíduos de produtos como maquiagem e perfume;
Evite o contato com água do mar, cremes, perfumes e produtos químicos.";gid://shopify/Product/8582660751655
gid://shopify/Product/8582660817191;Anel First De Ouro Rosa 18K E Diamante;;;
gid://shopify/Metafield/30935531913511;;genero;"[""Feminino""]";gid://shopify/Product/8582660817191
gid://shopify/Metafield/30935531946279;;metal;Ouro Rosa;gid://shopify/Product/8582660817191
gid://shopify/Metafield/30935531979047;;cobertura;Ouro Rosa;gid://shopify/Product/8582660817191
gid://shopify/Metafield/30935532011815;;pedra;"[""Diamante""]";gid://shopify/Product/8582660817191
gid://shopify/Metafield/30935532044583;;cuidadospeca;"Evite o contato de uma joia com a outra. Guarde-as separadamente nas embalagens fornecidas pela Jack Vartanian;
Com o uso, fechos e tarraxas podem necessitar de ajustes para que fiquem com a pressão adequada. Entre em contato conosco;
Após o uso, aconselhamos limpar a joia com flanela de algodão para tirar possíveis resíduos de produtos como maquiagem e perfume;
Evite o contato com água do mar, cremes, perfumes e produtos químicos.";gid://shopify/Product/8582660817191
gid://shopify/Product/8582660882727;Anel Lifestyle De Ouro 18K Com Ródio Negro E Diamante E Esmeralda;;;
gid://shopify/Metafield/30935536271655;;genero;"[""Feminino""]";gid://shopify/Product/8582660882727
gid://shopify/Metafield/30935536304423;;metal;Ouro Amarelo;gid://shopify/Product/8582660882727
gid://shopify/Metafield/30935536337191;;cobertura;Ródio Negro;gid://shopify/Product/8582660882727
gid://shopify/Metafield/30935536369959;;pedra;"[""Diamante"",""Esmeralda""]";gid://shopify/Product/8582660882727
gid://shopify/Metafield/30935536468263;;cuidadospeca;"Evite o contato de uma joia com a outra. Guarde-as separadamente nas embalagens fornecidas pela Jack Vartanian;
Com o uso, fechos e tarraxas podem necessitar de ajustes para que fiquem com a pressão adequada. Entre em contato conosco;
Após o uso, aconselhamos limpar a joia com flanela de algodão para tirar possíveis resíduos de produtos como maquiagem e perfume;
Evite o contato com água do mar, cremes, perfumes e produtos químicos.";gid://shopify/Product/8582660882727
gid://shopify/Product/8582660981031;Anel Lifestyle De Ouro 18K Com Ródio Negro E Diamante;;;
gid://shopify/Metafield/30935544496423;;genero;"[""Feminino""]";gid://shopify/Product/8582660981031
gid://shopify/Metafield/30935544529191;;metal;Ouro Amarelo;gid://shopify/Product/8582660981031
gid://shopify/Metafield/30935544561959;;cobertura;Ródio Negro;gid://shopify/Product/8582660981031
gid://shopify/Metafield/30935544627495;;pedra;"[""Diamante""]";gid://shopify/Product/8582660981031
gid://shopify/Metafield/30935544660263;;cuidadospeca;"Evite o contato de uma joia com a outra. Guarde-as separadamente nas embalagens fornecidas pela Jack Vartanian;
Com o uso, fechos e tarraxas podem necessitar de ajustes para que fiquem com a pressão adequada. Entre em contato conosco;
Após o uso, aconselhamos limpar a joia com flanela de algodão para tirar possíveis resíduos de produtos como maquiagem e perfume;
Evite o contato com água do mar, cremes, perfumes e produtos químicos.";gid://shopify/Product/8582660981031
gid://shopify/Product/8582661046567;Anel Lifestyle De Ouro 18K Com Ródio Negro E Diamante;;;
gid://shopify/Metafield/30935545282855;;genero;"[""Feminino""]";gid://shopify/Product/8582661046567
gid://shopify/Metafield/30935545315623;;metal;Ouro Amarelo;gid://shopify/Product/8582661046567
gid://shopify/Metafield/30935545348391;;cobertura;Ródio Negro;gid://shopify/Product/8582661046567
gid://shopify/Metafield/30935545381159;;pedra;"[""Diamante""]";gid://shopify/Product/8582661046567
gid://shopify/Metafield/30935545413927;;cuidadospeca;"Evite o contato de uma joia com a outra. Guarde-as separadamente nas embalagens fornecidas pela Jack Vartanian;
Com o uso, fechos e tarraxas podem necessitar de ajustes para que fiquem com a pressão adequada. Entre em contato conosco;
Após o uso, aconselhamos limpar a joia com flanela de algodão para tirar possíveis resíduos de produtos como maquiagem e perfume;
Evite o contato com água do mar, cremes, perfumes e produtos químicos.";gid://shopify/Product/8582661046567
gid://shopify/Product/8582661079335;Anel Lifestyle De Ouro 18K Com Ródio Negro E Diamante Negro;;;
gid://shopify/Metafield/30935550787879;;genero;"[""Feminino""]";gid://shopify/Product/8582661079335
gid://shopify/Metafield/30935550853415;;metal;Ouro Amarelo;gid://shopify/Product/8582661079335
gid://shopify/Metafield/30935550886183;;cobertura;Ródio Negro;gid://shopify/Product/8582661079335
gid://shopify/Metafield/30935550951719;;pedra;"[""Diamante Negro""]";gid://shopify/Product/8582661079335
gid://shopify/Metafield/30935551017255;;cuidadospeca;"Evite o contato de uma joia com a outra. Guarde-as separadamente nas embalagens fornecidas pela Jack Vartanian;
Com o uso, fechos e tarraxas podem necessitar de ajustes para que fiquem com a pressão adequada. Entre em contato conosco;
Após o uso, aconselhamos limpar a joia com flanela de algodão para tirar possíveis resíduos de produtos como maquiagem e perfume;
Evite o contato com água do mar, cremes, perfumes e produtos químicos.";gid://shopify/Product/8582661079335
gid://shopify/Product/8582661144871;Anel Lifestyle De Ouro Branco 18K E Diamante - G;;;
gid://shopify/Metafield/30935558455591;;genero;"[""Feminino""]";gid://shopify/Product/8582661144871
gid://shopify/Metafield/30935558488359;;metal;Ouro Branco;gid://shopify/Product/8582661144871
gid://shopify/Metafield/30935558521127;;cobertura;Ouro Branco;gid://shopify/Product/8582661144871
gid://shopify/Metafield/30935558553895;;pedra;"[""Diamante""]";gid://shopify/Product/8582661144871
gid://shopify/Metafield/30935558586663;;cuidadospeca;"Evite o contato de uma joia com a outra. Guarde-as separadamente nas embalagens fornecidas pela Jack Vartanian;
Com o uso, fechos e tarraxas podem necessitar de ajustes para que fiquem com a pressão adequada. Entre em contato conosco;
Após o uso, aconselhamos limpar a joia com flanela de algodão para tirar possíveis resíduos de produtos como maquiagem e perfume;
Evite o contato com água do mar, cremes, perfumes e produtos químicos.";gid://shopify/Product/8582661144871
gid://shopify/Product/8582661210407;Anel Lifestyle De Ouro Branco 18K E Diamante;;;
gid://shopify/Metafield/30935562944807;;genero;"[""Feminino""]";gid://shopify/Product/8582661210407
gid://shopify/Metafield/30935563043111;;metal;Ouro Branco;gid://shopify/Product/8582661210407
gid://shopify/Metafield/30935563075879;;cobertura;Ouro Branco;gid://shopify/Product/8582661210407
gid://shopify/Metafield/30935563239719;;pedra;"[""Diamante""]";gid://shopify/Product/8582661210407
gid://shopify/Metafield/30935563305255;;cuidadospeca;"Evite o contato de uma joia com a outra. Guarde-as separadamente nas embalagens fornecidas pela Jack Vartanian;
Com o uso, fechos e tarraxas podem necessitar de ajustes para que fiquem com a pressão adequada. Entre em contato conosco;
Após o uso, aconselhamos limpar a joia com flanela de algodão para tirar possíveis resíduos de produtos como maquiagem e perfume;
Evite o contato com água do mar, cremes, perfumes e produtos químicos.";gid://shopify/Product/8582661210407
gid://shopify/Product/8582661308711;Anel Lifestyle De Ouro Branco 18K E Diamante;;;
gid://shopify/Metafield/30935571530023;;genero;"[""Feminino""]";gid://shopify/Product/8582661308711
gid://shopify/Metafield/30935571562791;;metal;Ouro Branco;gid://shopify/Product/8582661308711
gid://shopify/Metafield/30935571628327;;cobertura;Ouro Branco;gid://shopify/Product/8582661308711
gid://shopify/Metafield/30935571661095;;pedra;"[""Diamante""]";gid://shopify/Product/8582661308711
gid://shopify/Metafield/30935571693863;;cuidadospeca;"Evite o contato de uma joia com a outra. Guarde-as separadamente nas embalagens fornecidas pela Jack Vartanian;
Com o uso, fechos e tarraxas podem necessitar de ajustes para que fiquem com a pressão adequada. Entre em contato conosco;
Após o uso, aconselhamos limpar a joia com flanela de algodão para tirar possíveis resíduos de produtos como maquiagem e perfume;
Evite o contato com água do mar, cremes, perfumes e produtos químicos.";gid://shopify/Product/8582661308711
gid://shopify/Product/8582661341479;Anel Lifestyle De Ouro Amarelo 18K;;;
gid://shopify/Metafield/30935573004583;;genero;"[""Feminino""]";gid://shopify/Product/8582661341479
gid://shopify/Metafield/30935573037351;;metal;Ouro Amarelo;gid://shopify/Product/8582661341479
gid://shopify/Metafield/30935573070119;;cobertura;Ouro Amarelo;gid://shopify/Product/8582661341479
gid://shopify/Metafield/30935573102887;;cuidadospeca;"Evite o contato de uma joia com a outra. Guarde-as separadamente nas embalagens fornecidas pela Jack Vartanian;
Com o uso, fechos e tarraxas podem necessitar de ajustes para que fiquem com a pressão adequada. Entre em contato conosco;
Após o uso, aconselhamos limpar a joia com flanela de algodão para tirar possíveis resíduos de produtos como maquiagem e perfume;
Evite o contato com água do mar, cremes, perfumes e produtos químicos.";gid://shopify/Product/8582661341479
gid://shopify/Product/8582661407015;Anel Love NY De Ouro 18K Com Ródio Negro E Diamante;;;
gid://shopify/Metafield/30935579722023;;genero;"[""Feminino""]";gid://shopify/Product/8582661407015
gid://shopify/Metafield/30935579820327;;metal;Ouro Amarelo;gid://shopify/Product/8582661407015
gid://shopify/Metafield/30935579853095;;cobertura;Ródio Negro;gid://shopify/Product/8582661407015
gid://shopify/Metafield/30935579951399;;pedra;"[""Diamante""]";gid://shopify/Product/8582661407015
gid://shopify/Metafield/30935580016935;;cuidadospeca;"Evite o contato de uma joia com a outra. Guarde-as separadamente nas embalagens fornecidas pela Jack Vartanian;
Com o uso, fechos e tarraxas podem necessitar de ajustes para que fiquem com a pressão adequada. Entre em contato conosco;
Após o uso, aconselhamos limpar a joia com flanela de algodão para tirar possíveis resíduos de produtos como maquiagem e perfume;
Evite o contato com água do mar, cremes, perfumes e produtos químicos.";gid://shopify/Product/8582661407015
gid://shopify/Product/8582661472551;Anel Love Ny De Ouro Branco 18K E Diamante;;;
gid://shopify/Metafield/30935586308391;;genero;"[""Feminino""]";gid://shopify/Product/8582661472551
gid://shopify/Metafield/30935586341159;;metal;Ouro Branco;gid://shopify/Product/8582661472551
gid://shopify/Metafield/30935586373927;;cobertura;Ouro Branco;gid://shopify/Product/8582661472551
gid://shopify/Metafield/30935586406695;;pedra;"[""Diamante""]";gid://shopify/Product/8582661472551
gid://shopify/Metafield/30935586439463;;cuidadospeca;"Evite o contato de uma joia com a outra. Guarde-as separadamente nas embalagens fornecidas pela Jack Vartanian;
Com o uso, fechos e tarraxas podem necessitar de ajustes para que fiquem com a pressão adequada. Entre em contato conosco;
Após o uso, aconselhamos limpar a joia com flanela de algodão para tirar possíveis resíduos de produtos como maquiagem e perfume;
Evite o contato com água do mar, cremes, perfumes e produtos químicos.";gid://shopify/Product/8582661472551
gid://shopify/Product/8582661538087;Anel Love Ny De Ouro Amarelo 18K;;;
gid://shopify/Metafield/30935592304935;;genero;"[""Feminino""]";gid://shopify/Product/8582661538087
gid://shopify/Metafield/30935592370471;;metal;Ouro Amarelo;gid://shopify/Product/8582661538087
gid://shopify/Metafield/30935592468775;;cobertura;Ouro Amarelo;gid://shopify/Product/8582661538087
gid://shopify/Metafield/30935592501543;;cuidadospeca;"Evite o contato de uma joia com a outra. Guarde-as separadamente nas embalagens fornecidas pela Jack Vartanian;
Com o uso, fechos e tarraxas podem necessitar de ajustes para que fiquem com a pressão adequada. Entre em contato conosco;
Após o uso, aconselhamos limpar a joia com flanela de algodão para tirar possíveis resíduos de produtos como maquiagem e perfume;
Evite o contato com água do mar, cremes, perfumes e produtos químicos.";gid://shopify/Product/8582661538087
gid://shopify/Product/8582661636391;Anel Maes 2013 De Ouro Branco 18K E Diamante Solitário;;;
gid://shopify/Metafield/30935598530855;;genero;"[""Feminino""]";gid://shopify/Product/8582661636391
gid://shopify/Metafield/30935598563623;;metal;Ouro Branco;gid://shopify/Product/8582661636391
gid://shopify/Metafield/30935598596391;;cobertura;Ouro Branco;gid://shopify/Product/8582661636391
gid://shopify/Metafield/30935598629159;;pedra;"[""Diamante Solitário""]";gid://shopify/Product/8582661636391
gid://shopify/Metafield/30935598661927;;cuidadospeca;"Evite o contato de uma joia com a outra. Guarde-as separadamente nas embalagens fornecidas pela Jack Vartanian;
Com o uso, fechos e tarraxas podem necessitar de ajustes para que fiquem com a pressão adequada. Entre em contato conosco;
Após o uso, aconselhamos limpar a joia com flanela de algodão para tirar possíveis resíduos de produtos como maquiagem e perfume;
Evite o contato com água do mar, cremes, perfumes e produtos químicos.";gid://shopify/Product/8582661636391
gid://shopify/Product/8582661734695;Anel Mare De Prata Com Ouro Amarelo;;;
gid://shopify/Metafield/30935600988455;;genero;"[""Feminino""]";gid://shopify/Product/8582661734695
gid://shopify/Metafield/30935601021223;;metal;Prata;gid://shopify/Product/8582661734695
gid://shopify/Metafield/30935601086759;;cobertura;Ouro Amarelo;gid://shopify/Product/8582661734695
gid://shopify/Metafield/30935601152295;;cuidadospeca;"Evite o contato de uma joia com a outra. Guarde-as separadamente nas embalagens fornecidas pela Jack Vartanian;
Com o uso, fechos e tarraxas podem necessitar de ajustes para que fiquem com a pressão adequada. Entre em contato conosco;
Após o uso, aconselhamos limpar a joia com flanela de algodão para tirar possíveis resíduos de produtos como maquiagem e perfume;
Evite o contato com água do mar, cremes, perfumes e produtos químicos;
Para peças em prata o primeiro banho é cortesia;
Para peças ocas, evite atritos ou batidas.";gid://shopify/Product/8582661734695
gid://shopify/Product/8582661865767;Anel Mare De Prata Com Ouro Amarelo;;;
gid://shopify/Metafield/30935610130727;;genero;"[""Feminino""]";gid://shopify/Product/8582661865767
gid://shopify/Metafield/30935610163495;;metal;Prata;gid://shopify/Product/8582661865767
gid://shopify/Metafield/30935610196263;;cobertura;Ouro Amarelo;gid://shopify/Product/8582661865767
gid://shopify/Metafield/30935610229031;;cuidadospeca;"Evite o contato de uma joia com a outra. Guarde-as separadamente nas embalagens fornecidas pela Jack Vartanian;
Com o uso, fechos e tarraxas podem necessitar de ajustes para que fiquem com a pressão adequada. Entre em contato conosco;
Após o uso, aconselhamos limpar a joia com flanela de algodão para tirar possíveis resíduos de produtos como maquiagem e perfume;
Evite o contato com água do mar, cremes, perfumes e produtos químicos;
Para peças em prata o primeiro banho é cortesia;
Para peças ocas, evite atritos ou batidas.";gid://shopify/Product/8582661865767
gid://shopify/Product/8582661996839;Anel Namo 2012 De Ouro 18K Com Ródio Negro E Diamante;;;
gid://shopify/Metafield/30935611572519;;genero;"[""Feminino""]";gid://shopify/Product/8582661996839
gid://shopify/Metafield/30935611605287;;metal;Ouro Amarelo;gid://shopify/Product/8582661996839
gid://shopify/Metafield/30935611638055;;cobertura;Ródio Negro;gid://shopify/Product/8582661996839
gid://shopify/Metafield/30935611670823;;pedra;"[""Diamante""]";gid://shopify/Product/8582661996839
gid://shopify/Metafield/30935611703591;;cuidadospeca;"Evite o contato de uma joia com a outra. Guarde-as separadamente nas embalagens fornecidas pela Jack Vartanian;
Com o uso, fechos e tarraxas podem necessitar de ajustes para que fiquem com a pressão adequada. Entre em contato conosco;
Após o uso, aconselhamos limpar a joia com flanela de algodão para tirar possíveis resíduos de produtos como maquiagem e perfume;
Evite o contato com água do mar, cremes, perfumes e produtos químicos.";gid://shopify/Product/8582661996839
gid://shopify/Product/8582662095143;Anel Namo 2012 De Ouro Branco 18K E Diamante;;;
gid://shopify/Metafield/30935613014311;;genero;"[""Feminino""]";gid://shopify/Product/8582662095143
gid://shopify/Metafield/30935613047079;;metal;Ouro Branco;gid://shopify/Product/8582662095143
gid://shopify/Metafield/30935613079847;;cobertura;Ouro Branco;gid://shopify/Product/8582662095143
gid://shopify/Metafield/30935613112615;;pedra;"[""Diamante""]";gid://shopify/Product/8582662095143
gid://shopify/Metafield/30935613145383;;cuidadospeca;"Evite o contato de uma joia com a outra. Guarde-as separadamente nas embalagens fornecidas pela Jack Vartanian;
Com o uso, fechos e tarraxas podem necessitar de ajustes para que fiquem com a pressão adequada. Entre em contato conosco;
Após o uso, aconselhamos limpar a joia com flanela de algodão para tirar possíveis resíduos de produtos como maquiagem e perfume;
Evite o contato com água do mar, cremes, perfumes e produtos químicos.";gid://shopify/Product/8582662095143
gid://shopify/Product/8582662226215;Anel Namo 2012 De Ouro Rosa 18K E Diamante;;;
gid://shopify/Metafield/30935613309223;;genero;"[""Feminino""]";gid://shopify/Product/8582662226215
gid://shopify/Metafield/30935613341991;;metal;Ouro Rosa;gid://shopify/Product/8582662226215
gid://shopify/Metafield/30935613374759;;cobertura;Ouro Rosa;gid://shopify/Product/8582662226215
gid://shopify/Metafield/30935613407527;;pedra;"[""Diamante""]";gid://shopify/Product/8582662226215
gid://shopify/Metafield/30935613440295;;cuidadospeca;"Evite o contato de uma joia com a outra. Guarde-as separadamente nas embalagens fornecidas pela Jack Vartanian;
Com o uso, fechos e tarraxas podem necessitar de ajustes para que fiquem com a pressão adequada. Entre em contato conosco;
Após o uso, aconselhamos limpar a joia com flanela de algodão para tirar possíveis resíduos de produtos como maquiagem e perfume;
Evite o contato com água do mar, cremes, perfumes e produtos químicos.";gid://shopify/Product/8582662226215
gid://shopify/Product/8582662324519;Anel Namo 2012 De Ouro Amarelo 18K E Diamante;;;
gid://shopify/Metafield/30935614062887;;genero;"[""Feminino""]";gid://shopify/Product/8582662324519
gid://shopify/Metafield/30935614095655;;metal;Ouro Amarelo;gid://shopify/Product/8582662324519
gid://shopify/Metafield/30935614128423;;cobertura;Ouro Amarelo;gid://shopify/Product/8582662324519
gid://shopify/Metafield/30935614161191;;pedra;"[""Diamante""]";gid://shopify/Product/8582662324519
gid://shopify/Metafield/30935614193959;;cuidadospeca;"Evite o contato de uma joia com a outra. Guarde-as separadamente nas embalagens fornecidas pela Jack Vartanian;
Com o uso, fechos e tarraxas podem necessitar de ajustes para que fiquem com a pressão adequada. Entre em contato conosco;
Após o uso, aconselhamos limpar a joia com flanela de algodão para tirar possíveis resíduos de produtos como maquiagem e perfume;
Evite o contato com água do mar, cremes, perfumes e produtos químicos.";gid://shopify/Product/8582662324519
gid://shopify/Product/8582662390055;Anel Namo 2012 De Ouro Amarelo 18K;;;
gid://shopify/Metafield/30935618781479;;genero;"[""Feminino""]";gid://shopify/Product/8582662390055
gid://shopify/Metafield/30935618814247;;metal;Ouro Amarelo;gid://shopify/Product/8582662390055
gid://shopify/Metafield/30935618879783;;cobertura;Ouro Amarelo;gid://shopify/Product/8582662390055
gid://shopify/Metafield/30935618912551;;cuidadospeca;"Evite o contato de uma joia com a outra. Guarde-as separadamente nas embalagens fornecidas pela Jack Vartanian;
Com o uso, fechos e tarraxas podem necessitar de ajustes para que fiquem com a pressão adequada. Entre em contato conosco;
Após o uso, aconselhamos limpar a joia com flanela de algodão para tirar possíveis resíduos de produtos como maquiagem e perfume;
Evite o contato com água do mar, cremes, perfumes e produtos químicos.";gid://shopify/Product/8582662390055
gid://shopify/Product/8582662455591;Anel Namo 2012 De Ouro 18K Com Ródio Negro;;;
gid://shopify/Metafield/30935625204007;;genero;"[""Feminino""]";gid://shopify/Product/8582662455591
gid://shopify/Metafield/30935625236775;;metal;Ouro Amarelo;gid://shopify/Product/8582662455591
gid://shopify/Metafield/30935625269543;;cobertura;Ródio Negro;gid://shopify/Product/8582662455591
gid://shopify/Metafield/30935625302311;;cuidadospeca;"Evite o contato de uma joia com a outra. Guarde-as separadamente nas embalagens fornecidas pela Jack Vartanian;
Com o uso, fechos e tarraxas podem necessitar de ajustes para que fiquem com a pressão adequada. Entre em contato conosco;
Após o uso, aconselhamos limpar a joia com flanela de algodão para tirar possíveis resíduos de produtos como maquiagem e perfume;
Evite o contato com água do mar, cremes, perfumes e produtos químicos.";gid://shopify/Product/8582662455591
gid://shopify/Product/8582662521127;Anel Namo 2012 De Ouro Branco 18K;;;
gid://shopify/Metafield/30935629070631;;genero;"[""Feminino""]";gid://shopify/Product/8582662521127
gid://shopify/Metafield/30935629136167;;metal;Ouro Branco;gid://shopify/Product/8582662521127
gid://shopify/Metafield/30935629201703;;cobertura;Ouro Branco;gid://shopify/Product/8582662521127
gid://shopify/Metafield/30935629267239;;cuidadospeca;"Evite o contato de uma joia com a outra. Guarde-as separadamente nas embalagens fornecidas pela Jack Vartanian;
Com o uso, fechos e tarraxas podem necessitar de ajustes para que fiquem com a pressão adequada. Entre em contato conosco;
Após o uso, aconselhamos limpar a joia com flanela de algodão para tirar possíveis resíduos de produtos como maquiagem e perfume;
Evite o contato com água do mar, cremes, perfumes e produtos químicos.";gid://shopify/Product/8582662521127
gid://shopify/Product/8582662619431;Anel Namo 2012 De Ouro Rosa 18K;;;
gid://shopify/Metafield/30935637492007;;genero;"[""Feminino""]";gid://shopify/Product/8582662619431
gid://shopify/Metafield/30935637524775;;metal;Ouro Rosa;gid://shopify/Product/8582662619431
gid://shopify/Metafield/30935637557543;;cobertura;Ouro Rosa;gid://shopify/Product/8582662619431
gid://shopify/Metafield/30935637590311;;cuidadospeca;"Evite o contato de uma joia com a outra. Guarde-as separadamente nas embalagens fornecidas pela Jack Vartanian;
Com o uso, fechos e tarraxas podem necessitar de ajustes para que fiquem com a pressão adequada. Entre em contato conosco;
Após o uso, aconselhamos limpar a joia com flanela de algodão para tirar possíveis resíduos de produtos como maquiagem e perfume;
Evite o contato com água do mar, cremes, perfumes e produtos químicos.";gid://shopify/Product/8582662619431
gid://shopify/Product/8582662816039;Anel Orquidea De Prata Com Ouro Rosa E Diamante;;;
gid://shopify/Metafield/30935637983527;;genero;"[""Feminino""]";gid://shopify/Product/8582662816039
gid://shopify/Metafield/30935638016295;;metal;Prata;gid://shopify/Product/8582662816039
gid://shopify/Metafield/30935638049063;;cobertura;Ouro Rosa;gid://shopify/Product/8582662816039
gid://shopify/Metafield/30935638114599;;pedra;"[""Diamante""]";gid://shopify/Product/8582662816039
gid://shopify/Metafield/30935638180135;;cuidadospeca;"Evite o contato de uma joia com a outra. Guarde-as separadamente nas embalagens fornecidas pela Jack Vartanian;
Com o uso, fechos e tarraxas podem necessitar de ajustes para que fiquem com a pressão adequada. Entre em contato conosco;
Após o uso, aconselhamos limpar a joia com flanela de algodão para tirar possíveis resíduos de produtos como maquiagem e perfume;
Evite o contato com água do mar, cremes, perfumes e produtos químicos;
Para peças em prata o primeiro banho é cortesia;
Para peças ocas, evite atritos ou batidas.";gid://shopify/Product/8582662816039
gid://shopify/Product/8582663078183;Anel Orquidea De Prata Com Ródio Negro E Diamante;;;
gid://shopify/Metafield/30935647944999;;genero;"[""Feminino""]";gid://shopify/Product/8582663078183
gid://shopify/Metafield/30935647977767;;metal;Prata;gid://shopify/Product/8582663078183
gid://shopify/Metafield/30935648108839;;cobertura;Ródio Negro;gid://shopify/Product/8582663078183
gid://shopify/Metafield/30935648207143;;pedra;"[""Diamante""]";gid://shopify/Product/8582663078183
gid://shopify/Metafield/30935648305447;;cuidadospeca;"Evite o contato de uma joia com a outra. Guarde-as separadamente nas embalagens fornecidas pela Jack Vartanian;
Com o uso, fechos e tarraxas podem necessitar de ajustes para que fiquem com a pressão adequada. Entre em contato conosco;
Após o uso, aconselhamos limpar a joia com flanela de algodão para tirar possíveis resíduos de produtos como maquiagem e perfume;
Evite o contato com água do mar, cremes, perfumes e produtos químicos;
Para peças em prata o primeiro banho é cortesia;
Para peças ocas, evite atritos ou batidas.";gid://shopify/Product/8582663078183
gid://shopify/Product/8582663176487;Anel Pop Chain De Prata Com Ouro Amarelo;;;
gid://shopify/Metafield/30935650042151;;genero;"[""Feminino""]";gid://shopify/Product/8582663176487
gid://shopify/Metafield/30935650074919;;metal;Prata;gid://shopify/Product/8582663176487
gid://shopify/Metafield/30935650107687;;cobertura;Ouro Amarelo;gid://shopify/Product/8582663176487
gid://shopify/Metafield/30935650140455;;cuidadospeca;"Evite o contato de uma joia com a outra. Guarde-as separadamente nas embalagens fornecidas pela Jack Vartanian;
Com o uso, fechos e tarraxas podem necessitar de ajustes para que fiquem com a pressão adequada. Entre em contato conosco;
Após o uso, aconselhamos limpar a joia com flanela de algodão para tirar possíveis resíduos de produtos como maquiagem e perfume;
Evite o contato com água do mar, cremes, perfumes e produtos químicos;
Para peças em prata o primeiro banho é cortesia;
Para peças ocas, evite atritos ou batidas.";gid://shopify/Product/8582663176487
gid://shopify/Product/8582663340327;Anel Pop Chain De Prata Com Ródio Negro;;;
gid://shopify/Metafield/30935656595751;;genero;"[""Feminino""]";gid://shopify/Product/8582663340327
gid://shopify/Metafield/30935656661287;;metal;Prata;gid://shopify/Product/8582663340327
gid://shopify/Metafield/30935656694055;;cobertura;Ródio Negro;gid://shopify/Product/8582663340327
gid://shopify/Metafield/30935656825127;;cuidadospeca;"Evite o contato de uma joia com a outra. Guarde-as separadamente nas embalagens fornecidas pela Jack Vartanian;
Com o uso, fechos e tarraxas podem necessitar de ajustes para que fiquem com a pressão adequada. Entre em contato conosco;
Após o uso, aconselhamos limpar a joia com flanela de algodão para tirar possíveis resíduos de produtos como maquiagem e perfume;
Evite o contato com água do mar, cremes, perfumes e produtos químicos;
Para peças em prata o primeiro banho é cortesia;
Para peças ocas, evite atritos ou batidas.";gid://shopify/Product/8582663340327
gid://shopify/Product/8582663471399;Anel Rock Star De Ouro Rosa E Branco 18K E Morganita E Diamante;;;
gid://shopify/Metafield/30935662461223;;genero;"[""Feminino""]";gid://shopify/Product/8582663471399
gid://shopify/Metafield/30935662493991;;metal;Ouro Rosa;gid://shopify/Product/8582663471399
gid://shopify/Metafield/30935662526759;;cobertura;Ouro Rosa E Branco;gid://shopify/Product/8582663471399
gid://shopify/Metafield/30935662559527;;pedra;"[""Morganita"",""Diamante""]";gid://shopify/Product/8582663471399
gid://shopify/Metafield/30935662592295;;cuidadospeca;"Evite o contato de uma joia com a outra. Guarde-as separadamente nas embalagens fornecidas pela Jack Vartanian;
Com o uso, fechos e tarraxas podem necessitar de ajustes para que fiquem com a pressão adequada. Entre em contato conosco;
Após o uso, aconselhamos limpar a joia com flanela de algodão para tirar possíveis resíduos de produtos como maquiagem e perfume;
Evite o contato com água do mar, cremes, perfumes e produtos químicos.";gid://shopify/Product/8582663471399
gid://shopify/Product/8582663504167;Anel Rock Star De Ouro Amarelo 18K E Citrino E Diamante;;;
gid://shopify/Metafield/30935662821671;;genero;"[""Feminino""]";gid://shopify/Product/8582663504167
gid://shopify/Metafield/30935662854439;;metal;Ouro Amarelo;gid://shopify/Product/8582663504167
gid://shopify/Metafield/30935662887207;;cobertura;Ouro Amarelo;gid://shopify/Product/8582663504167
gid://shopify/Metafield/30935662919975;;pedra;"[""Citrino"",""Diamante""]";gid://shopify/Product/8582663504167
gid://shopify/Metafield/30935662985511;;cuidadospeca;"Evite o contato de uma joia com a outra. Guarde-as separadamente nas embalagens fornecidas pela Jack Vartanian;
Com o uso, fechos e tarraxas podem necessitar de ajustes para que fiquem com a pressão adequada. Entre em contato conosco;
Após o uso, aconselhamos limpar a joia com flanela de algodão para tirar possíveis resíduos de produtos como maquiagem e perfume;
Evite o contato com água do mar, cremes, perfumes e produtos químicos.";gid://shopify/Product/8582663504167
gid://shopify/Product/8582663569703;Anel Rock Star De Ouro 18K Com Ródio Negro E Diamante E Esmeralda - M;;;
gid://shopify/Metafield/30935671341351;;genero;"[""Feminino""]";gid://shopify/Product/8582663569703
gid://shopify/Metafield/30935671374119;;metal;Ouro Amarelo;gid://shopify/Product/8582663569703
gid://shopify/Metafield/30935671439655;;cobertura;Ródio Negro;gid://shopify/Product/8582663569703
gid://shopify/Metafield/30935671472423;;pedra;"[""Diamante"",""Esmeralda""]";gid://shopify/Product/8582663569703
gid://shopify/Metafield/30935671505191;;cuidadospeca;"Evite o contato de uma joia com a outra. Guarde-as separadamente nas embalagens fornecidas pela Jack Vartanian;
Com o uso, fechos e tarraxas podem necessitar de ajustes para que fiquem com a pressão adequada. Entre em contato conosco;
Após o uso, aconselhamos limpar a joia com flanela de algodão para tirar possíveis resíduos de produtos como maquiagem e perfume;
Evite o contato com água do mar, cremes, perfumes e produtos químicos.";gid://shopify/Product/8582663569703
gid://shopify/Product/8582663700775;Anel Rock Star De Ouro 18K Com Ródio Negro E Diamante E Rubi - M;;;
gid://shopify/Metafield/30935674847527;;genero;"[""Feminino""]";gid://shopify/Product/8582663700775
gid://shopify/Metafield/30935674880295;;metal;Ouro Amarelo;gid://shopify/Product/8582663700775
gid://shopify/Metafield/30935674913063;;cobertura;Ródio Negro;gid://shopify/Product/8582663700775
gid://shopify/Metafield/30935674945831;;pedra;"[""Diamante"",""Rubi""]";gid://shopify/Product/8582663700775
gid://shopify/Metafield/30935674978599;;cuidadospeca;"Evite o contato de uma joia com a outra. Guarde-as separadamente nas embalagens fornecidas pela Jack Vartanian;
Com o uso, fechos e tarraxas podem necessitar de ajustes para que fiquem com a pressão adequada. Entre em contato conosco;
Após o uso, aconselhamos limpar a joia com flanela de algodão para tirar possíveis resíduos de produtos como maquiagem e perfume;
Evite o contato com água do mar, cremes, perfumes e produtos químicos.";gid://shopify/Product/8582663700775
gid://shopify/Product/8582663799079;Anel Rock Star De Ouro 18K Com Ródio Negro E Diamante E Safira - M;;;
gid://shopify/Metafield/30935682416935;;genero;"[""Feminino""]";gid://shopify/Product/8582663799079
gid://shopify/Metafield/30935682449703;;metal;Ouro Amarelo;gid://shopify/Product/8582663799079
gid://shopify/Metafield/30935682548007;;cobertura;Ródio Negro;gid://shopify/Product/8582663799079
gid://shopify/Metafield/30935682613543;;pedra;"[""Diamante"",""Safira""]";gid://shopify/Product/8582663799079
gid://shopify/Metafield/30935682646311;;cuidadospeca;"Evite o contato de uma joia com a outra. Guarde-as separadamente nas embalagens fornecidas pela Jack Vartanian;
Com o uso, fechos e tarraxas podem necessitar de ajustes para que fiquem com a pressão adequada. Entre em contato conosco;
Após o uso, aconselhamos limpar a joia com flanela de algodão para tirar possíveis resíduos de produtos como maquiagem e perfume;
Evite o contato com água do mar, cremes, perfumes e produtos químicos.";gid://shopify/Product/8582663799079
gid://shopify/Product/8582663930151;Anel Rock Star De Ouro 18K Com Ródio Negro E Diamante E Safira - M;;;
gid://shopify/Metafield/30935686611239;;genero;"[""Feminino""]";gid://shopify/Product/8582663930151
gid://shopify/Metafield/30935686676775;;metal;Ouro Amarelo;gid://shopify/Product/8582663930151
gid://shopify/Metafield/30935686709543;;cobertura;Ródio Negro;gid://shopify/Product/8582663930151
gid://shopify/Metafield/30935686742311;;pedra;"[""Diamante"",""Safira""]";gid://shopify/Product/8582663930151
gid://shopify/Metafield/30935686775079;;cuidadospeca;"Evite o contato de uma joia com a outra. Guarde-as separadamente nas embalagens fornecidas pela Jack Vartanian;
Com o uso, fechos e tarraxas podem necessitar de ajustes para que fiquem com a pressão adequada. Entre em contato conosco;
Após o uso, aconselhamos limpar a joia com flanela de algodão para tirar possíveis resíduos de produtos como maquiagem e perfume;
Evite o contato com água do mar, cremes, perfumes e produtos químicos.";gid://shopify/Product/8582663930151
gid://shopify/Product/8582664028455;Anel Rock Star De Ouro 18K Com Ródio Negro E Diamante E Esmeralda - G;;;
gid://shopify/Metafield/30935687332135;;genero;"[""Feminino""]";gid://shopify/Product/8582664028455
gid://shopify/Metafield/30935687364903;;metal;Ouro Amarelo;gid://shopify/Product/8582664028455
gid://shopify/Metafield/30935687397671;;cobertura;Ródio Negro;gid://shopify/Product/8582664028455
gid://shopify/Metafield/30935687430439;;pedra;"[""Diamante"",""Esmeralda""]";gid://shopify/Product/8582664028455
gid://shopify/Metafield/30935687463207;;cuidadospeca;"Evite o contato de uma joia com a outra. Guarde-as separadamente nas embalagens fornecidas pela Jack Vartanian;
Com o uso, fechos e tarraxas podem necessitar de ajustes para que fiquem com a pressão adequada. Entre em contato conosco;
Após o uso, aconselhamos limpar a joia com flanela de algodão para tirar possíveis resíduos de produtos como maquiagem e perfume;
Evite o contato com água do mar, cremes, perfumes e produtos químicos.";gid://shopify/Product/8582664028455
gid://shopify/Product/8582664093991;Anel Rock Star De Ouro 18K Com Ródio Negro E Diamante E Rubi - G;;;
gid://shopify/Metafield/30935688773927;;genero;"[""Feminino""]";gid://shopify/Product/8582664093991
gid://shopify/Metafield/30935688806695;;metal;Ouro Amarelo;gid://shopify/Product/8582664093991
gid://shopify/Metafield/30935688839463;;cobertura;Ródio Negro;gid://shopify/Product/8582664093991
gid://shopify/Metafield/30935688872231;;pedra;"[""Diamante"",""Rubi""]";gid://shopify/Product/8582664093991
gid://shopify/Metafield/30935688904999;;cuidadospeca;"Evite o contato de uma joia com a outra. Guarde-as separadamente nas embalagens fornecidas pela Jack Vartanian;
Com o uso, fechos e tarraxas podem necessitar de ajustes para que fiquem com a pressão adequada. Entre em contato conosco;
Após o uso, aconselhamos limpar a joia com flanela de algodão para tirar possíveis resíduos de produtos como maquiagem e perfume;
Evite o contato com água do mar, cremes, perfumes e produtos químicos.";gid://shopify/Product/8582664093991
gid://shopify/Product/8582664126759;Anel Rock Star De Ouro 18K Com Ródio Negro E Diamante E Safira - G;;;
gid://shopify/Metafield/30935692247335;;genero;"[""Feminino""]";gid://shopify/Product/8582664126759
gid://shopify/Metafield/30935692280103;;metal;Ouro Amarelo;gid://shopify/Product/8582664126759
gid://shopify/Metafield/30935692312871;;cobertura;Ródio Negro;gid://shopify/Product/8582664126759
gid://shopify/Metafield/30935692345639;;pedra;"[""Diamante"",""Safira""]";gid://shopify/Product/8582664126759
gid://shopify/Metafield/30935692411175;;cuidadospeca;"Evite o contato de uma joia com a outra. Guarde-as separadamente nas embalagens fornecidas pela Jack Vartanian;
Com o uso, fechos e tarraxas podem necessitar de ajustes para que fiquem com a pressão adequada. Entre em contato conosco;
Após o uso, aconselhamos limpar a joia com flanela de algodão para tirar possíveis resíduos de produtos como maquiagem e perfume;
Evite o contato com água do mar, cremes, perfumes e produtos químicos.";gid://shopify/Product/8582664126759
gid://shopify/Product/8582664290599;Anel Rock Star De Ouro 18K Com Ródio Negro E Quartzo E Diamante;;;
gid://shopify/Metafield/30935700242727;;genero;"[""Feminino""]";gid://shopify/Product/8582664290599
gid://shopify/Metafield/30935700341031;;metal;Ouro Amarelo;gid://shopify/Product/8582664290599
gid://shopify/Metafield/30935700373799;;cobertura;Ródio Negro;gid://shopify/Product/8582664290599
gid://shopify/Metafield/30935700472103;;pedra;"[""Quartzo"",""Diamante""]";gid://shopify/Product/8582664290599
gid://shopify/Metafield/30935700504871;;cuidadospeca;"Evite o contato de uma joia com a outra. Guarde-as separadamente nas embalagens fornecidas pela Jack Vartanian;
Com o uso, fechos e tarraxas podem necessitar de ajustes para que fiquem com a pressão adequada. Entre em contato conosco;
Após o uso, aconselhamos limpar a joia com flanela de algodão para tirar possíveis resíduos de produtos como maquiagem e perfume;
Evite o contato com água do mar, cremes, perfumes e produtos químicos.";gid://shopify/Product/8582664290599
gid://shopify/Product/8582664323367;Anel Rock Star De Ouro 18K Com Ródio Negro E Diamante E Rubi;;;
gid://shopify/Metafield/30935707746599;;genero;"[""Feminino""]";gid://shopify/Product/8582664323367
gid://shopify/Metafield/30935707812135;;metal;Ouro Amarelo;gid://shopify/Product/8582664323367
gid://shopify/Metafield/30935707844903;;cobertura;Ródio Negro;gid://shopify/Product/8582664323367
gid://shopify/Metafield/30935707877671;;pedra;"[""Diamante"",""Rubi""]";gid://shopify/Product/8582664323367
gid://shopify/Metafield/30935707910439;;cuidadospeca;"Evite o contato de uma joia com a outra. Guarde-as separadamente nas embalagens fornecidas pela Jack Vartanian;
Com o uso, fechos e tarraxas podem necessitar de ajustes para que fiquem com a pressão adequada. Entre em contato conosco;
Após o uso, aconselhamos limpar a joia com flanela de algodão para tirar possíveis resíduos de produtos como maquiagem e perfume;
Evite o contato com água do mar, cremes, perfumes e produtos químicos.";gid://shopify/Product/8582664323367
gid://shopify/Product/8582664388903;Anel Rock Star De Ouro Branco 18K E Ametista E Diamante;;;
gid://shopify/Metafield/30935710794023;;genero;"[""Feminino""]";gid://shopify/Product/8582664388903
gid://shopify/Metafield/30935710826791;;metal;Ouro Branco;gid://shopify/Product/8582664388903
gid://shopify/Metafield/30935710859559;;cobertura;Ouro Branco;gid://shopify/Product/8582664388903
gid://shopify/Metafield/30935710892327;;pedra;"[""Ametista"",""Diamante""]";gid://shopify/Product/8582664388903
gid://shopify/Metafield/30935710925095;;cuidadospeca;"Evite o contato de uma joia com a outra. Guarde-as separadamente nas embalagens fornecidas pela Jack Vartanian;
Com o uso, fechos e tarraxas podem necessitar de ajustes para que fiquem com a pressão adequada. Entre em contato conosco;
Após o uso, aconselhamos limpar a joia com flanela de algodão para tirar possíveis resíduos de produtos como maquiagem e perfume;
Evite o contato com água do mar, cremes, perfumes e produtos químicos.";gid://shopify/Product/8582664388903
gid://shopify/Product/8582664585511;Anel Rock Star De Ouro 18K Com Ródio Negro E Diamante E Safira;;;
gid://shopify/Metafield/30935712170279;;genero;"[""Feminino""]";gid://shopify/Product/8582664585511
gid://shopify/Metafield/30935712203047;;metal;Ouro Amarelo;gid://shopify/Product/8582664585511
gid://shopify/Metafield/30935712235815;;cobertura;Ródio Negro;gid://shopify/Product/8582664585511
gid://shopify/Metafield/30935712268583;;pedra;"[""Diamante"",""Safira""]";gid://shopify/Product/8582664585511
gid://shopify/Metafield/30935712301351;;cuidadospeca;"Evite o contato de uma joia com a outra. Guarde-as separadamente nas embalagens fornecidas pela Jack Vartanian;
Com o uso, fechos e tarraxas podem necessitar de ajustes para que fiquem com a pressão adequada. Entre em contato conosco;
Após o uso, aconselhamos limpar a joia com flanela de algodão para tirar possíveis resíduos de produtos como maquiagem e perfume;
Evite o contato com água do mar, cremes, perfumes e produtos químicos.";gid://shopify/Product/8582664585511
gid://shopify/Product/8582664782119;Anel Rock Star De Ouro 18K Com Ródio Negro E Diamante E Safira;;;
gid://shopify/Metafield/30935719477543;;genero;"[""Feminino""]";gid://shopify/Product/8582664782119
gid://shopify/Metafield/30935719510311;;metal;Ouro Amarelo;gid://shopify/Product/8582664782119
gid://shopify/Metafield/30935719641383;;cobertura;Ródio Negro;gid://shopify/Product/8582664782119
gid://shopify/Metafield/30935719706919;;pedra;"[""Diamante"",""Safira""]";gid://shopify/Product/8582664782119
gid://shopify/Metafield/30935719739687;;cuidadospeca;"Evite o contato de uma joia com a outra. Guarde-as separadamente nas embalagens fornecidas pela Jack Vartanian;
Com o uso, fechos e tarraxas podem necessitar de ajustes para que fiquem com a pressão adequada. Entre em contato conosco;
Após o uso, aconselhamos limpar a joia com flanela de algodão para tirar possíveis resíduos de produtos como maquiagem e perfume;
Evite o contato com água do mar, cremes, perfumes e produtos químicos.";gid://shopify/Product/8582664782119
gid://shopify/Product/8582664913191;Anel Rock Star De Ouro 18K Com Ródio Negro E Diamante Negro - P;;;
gid://shopify/Metafield/30935725441319;;genero;"[""Feminino""]";gid://shopify/Product/8582664913191
gid://shopify/Metafield/30935725474087;;metal;Ouro Amarelo;gid://shopify/Product/8582664913191
gid://shopify/Metafield/30935725506855;;cobertura;Ródio Negro;gid://shopify/Product/8582664913191
gid://shopify/Metafield/30935725539623;;pedra;"[""Diamante Negro""]";gid://shopify/Product/8582664913191
gid://shopify/Metafield/30935725572391;;cuidadospeca;"Evite o contato de uma joia com a outra. Guarde-as separadamente nas embalagens fornecidas pela Jack Vartanian;
Com o uso, fechos e tarraxas podem necessitar de ajustes para que fiquem com a pressão adequada. Entre em contato conosco;
Após o uso, aconselhamos limpar a joia com flanela de algodão para tirar possíveis resíduos de produtos como maquiagem e perfume;
Evite o contato com água do mar, cremes, perfumes e produtos químicos.";gid://shopify/Product/8582664913191
gid://shopify/Product/8582665077031;Anel Rock Star De Ouro 18K Com Ródio Negro E Esmeralda - P;;;
gid://shopify/Metafield/30935727243559;;genero;"[""Feminino""]";gid://shopify/Product/8582665077031
gid://shopify/Metafield/30935727309095;;metal;Ouro Amarelo;gid://shopify/Product/8582665077031
gid://shopify/Metafield/30935727341863;;cobertura;Ródio Negro;gid://shopify/Product/8582665077031
gid://shopify/Metafield/30935727374631;;pedra;"[""Esmeralda""]";gid://shopify/Product/8582665077031
gid://shopify/Metafield/30935727505703;;cuidadospeca;"Evite o contato de uma joia com a outra. Guarde-as separadamente nas embalagens fornecidas pela Jack Vartanian;
Com o uso, fechos e tarraxas podem necessitar de ajustes para que fiquem com a pressão adequada. Entre em contato conosco;
Após o uso, aconselhamos limpar a joia com flanela de algodão para tirar possíveis resíduos de produtos como maquiagem e perfume;
Evite o contato com água do mar, cremes, perfumes e produtos químicos.";gid://shopify/Product/8582665077031
gid://shopify/Product/8582665273639;Anel Rock Star De Ouro 18K Com Ródio Negro E Rubi - P;;;
gid://shopify/Metafield/30935737139495;;genero;"[""Feminino""]";gid://shopify/Product/8582665273639
gid://shopify/Metafield/30935737172263;;metal;Ouro Amarelo;gid://shopify/Product/8582665273639
gid://shopify/Metafield/30935737205031;;cobertura;Ródio Negro;gid://shopify/Product/8582665273639
gid://shopify/Metafield/30935737270567;;pedra;"[""Rubi""]";gid://shopify/Product/8582665273639
gid://shopify/Metafield/30935737336103;;cuidadospeca;"Evite o contato de uma joia com a outra. Guarde-as separadamente nas embalagens fornecidas pela Jack Vartanian;
Com o uso, fechos e tarraxas podem necessitar de ajustes para que fiquem com a pressão adequada. Entre em contato conosco;
Após o uso, aconselhamos limpar a joia com flanela de algodão para tirar possíveis resíduos de produtos como maquiagem e perfume;
Evite o contato com água do mar, cremes, perfumes e produtos químicos.";gid://shopify/Product/8582665273639
gid://shopify/Product/8582665371943;Anel Rock Star De Ouro 18K Com Ródio Negro E Safira - P;;;
gid://shopify/Metafield/30935738941735;;genero;"[""Feminino""]";gid://shopify/Product/8582665371943
gid://shopify/Metafield/30935738974503;;metal;Ouro Amarelo;gid://shopify/Product/8582665371943
gid://shopify/Metafield/30935739007271;;cobertura;Ródio Negro;gid://shopify/Product/8582665371943
gid://shopify/Metafield/30935739040039;;pedra;"[""Safira""]";gid://shopify/Product/8582665371943
gid://shopify/Metafield/30935739072807;;cuidadospeca;"Evite o contato de uma joia com a outra. Guarde-as separadamente nas embalagens fornecidas pela Jack Vartanian;
Com o uso, fechos e tarraxas podem necessitar de ajustes para que fiquem com a pressão adequada. Entre em contato conosco;
Após o uso, aconselhamos limpar a joia com flanela de algodão para tirar possíveis resíduos de produtos como maquiagem e perfume;
Evite o contato com água do mar, cremes, perfumes e produtos químicos.";gid://shopify/Product/8582665371943
gid://shopify/Product/8582665404711;Anel Rock Star De Ouro 18K Com Ródio Negro E Diamante E Safira;;;
gid://shopify/Metafield/30935743824167;;genero;"[""Feminino""]";gid://shopify/Product/8582665404711
gid://shopify/Metafield/30935743889703;;metal;Ouro Amarelo;gid://shopify/Product/8582665404711
gid://shopify/Metafield/30935743922471;;cobertura;Ródio Negro;gid://shopify/Product/8582665404711
gid://shopify/Metafield/30935744053543;;pedra;"[""Diamante"",""Safira""]";gid://shopify/Product/8582665404711
gid://shopify/Metafield/30935744086311;;cuidadospeca;"Evite o contato de uma joia com a outra. Guarde-as separadamente nas embalagens fornecidas pela Jack Vartanian;
Com o uso, fechos e tarraxas podem necessitar de ajustes para que fiquem com a pressão adequada. Entre em contato conosco;
Após o uso, aconselhamos limpar a joia com flanela de algodão para tirar possíveis resíduos de produtos como maquiagem e perfume;
Evite o contato com água do mar, cremes, perfumes e produtos químicos.";gid://shopify/Product/8582665404711
gid://shopify/Product/8582665437479;Anel Rock Star De Ouro 18K Com Ródio Negro E Diamante;;;
gid://shopify/Metafield/30935751000359;;genero;"[""Feminino""]";gid://shopify/Product/8582665437479
gid://shopify/Metafield/30935751033127;;metal;Ouro Amarelo;gid://shopify/Product/8582665437479
gid://shopify/Metafield/30935751065895;;cobertura;Ródio Negro;gid://shopify/Product/8582665437479
gid://shopify/Metafield/30935751098663;;pedra;"[""Diamante""]";gid://shopify/Product/8582665437479
gid://shopify/Metafield/30935751131431;;cuidadospeca;"Evite o contato de uma joia com a outra. Guarde-as separadamente nas embalagens fornecidas pela Jack Vartanian;
Com o uso, fechos e tarraxas podem necessitar de ajustes para que fiquem com a pressão adequada. Entre em contato conosco;
Após o uso, aconselhamos limpar a joia com flanela de algodão para tirar possíveis resíduos de produtos como maquiagem e perfume;
Evite o contato com água do mar, cremes, perfumes e produtos químicos.";gid://shopify/Product/8582665437479
gid://shopify/Product/8582665503015;Anel Rock Star De Ouro Branco 18K E Diamante;;;
gid://shopify/Metafield/30935754801447;;genero;"[""Feminino""]";gid://shopify/Product/8582665503015
gid://shopify/Metafield/30935754866983;;metal;Ouro Branco;gid://shopify/Product/8582665503015
gid://shopify/Metafield/30935754932519;;cobertura;Ouro Branco;gid://shopify/Product/8582665503015
gid://shopify/Metafield/30935754965287;;pedra;"[""Diamante""]";gid://shopify/Product/8582665503015
gid://shopify/Metafield/30935755063591;;cuidadospeca;"Evite o contato de uma joia com a outra. Guarde-as separadamente nas embalagens fornecidas pela Jack Vartanian;
Com o uso, fechos e tarraxas podem necessitar de ajustes para que fiquem com a pressão adequada. Entre em contato conosco;
Após o uso, aconselhamos limpar a joia com flanela de algodão para tirar possíveis resíduos de produtos como maquiagem e perfume;
Evite o contato com água do mar, cremes, perfumes e produtos químicos.";gid://shopify/Product/8582665503015
gid://shopify/Product/8582665568551;Anel Rock&Hot De Prata Com Ouro Amarelo E Ágata;;;
gid://shopify/Metafield/30935764336935;;genero;"[""Feminino""]";gid://shopify/Product/8582665568551
gid://shopify/Metafield/30935764369703;;metal;Prata;gid://shopify/Product/8582665568551
gid://shopify/Metafield/30935764402471;;cobertura;Ouro Amarelo;gid://shopify/Product/8582665568551
gid://shopify/Metafield/30935764435239;;pedra;"[""Ágata""]";gid://shopify/Product/8582665568551
gid://shopify/Metafield/30935764468007;;cuidadospeca;"Evite o contato de uma joia com a outra. Guarde-as separadamente nas embalagens fornecidas pela Jack Vartanian;
Com o uso, fechos e tarraxas podem necessitar de ajustes para que fiquem com a pressão adequada. Entre em contato conosco;
Após o uso, aconselhamos limpar a joia com flanela de algodão para tirar possíveis resíduos de produtos como maquiagem e perfume;
Evite o contato com água do mar, cremes, perfumes e produtos químicos;
Para peças em prata o primeiro banho é cortesia;
Para peças ocas, evite atritos ou batidas.";gid://shopify/Product/8582665568551
gid://shopify/Product/8582665634087;Anel Savage De Ouro Amarelo 18K E Diamante Solitário;;;
gid://shopify/Metafield/30935764697383;;genero;"[""Feminino""]";gid://shopify/Product/8582665634087
gid://shopify/Metafield/30935764730151;;metal;Ouro Amarelo;gid://shopify/Product/8582665634087
gid://shopify/Metafield/30935764762919;;cobertura;Ouro Amarelo;gid://shopify/Product/8582665634087
gid://shopify/Metafield/30935764795687;;pedra;"[""Diamante Solitário""]";gid://shopify/Product/8582665634087
gid://shopify/Metafield/30935764828455;;cuidadospeca;"Evite o contato de uma joia com a outra. Guarde-as separadamente nas embalagens fornecidas pela Jack Vartanian;
Com o uso, fechos e tarraxas podem necessitar de ajustes para que fiquem com a pressão adequada. Entre em contato conosco;
Após o uso, aconselhamos limpar a joia com flanela de algodão para tirar possíveis resíduos de produtos como maquiagem e perfume;
Evite o contato com água do mar, cremes, perfumes e produtos químicos.";gid://shopify/Product/8582665634087
gid://shopify/Product/8582665699623;Anel Savage De Ouro 18K Com Ródio Negro E Safira;;;
gid://shopify/Metafield/30935768957223;;genero;"[""Feminino""]";gid://shopify/Product/8582665699623
gid://shopify/Metafield/30935768989991;;metal;Ouro Amarelo;gid://shopify/Product/8582665699623
gid://shopify/Metafield/30935769121063;;cobertura;Ródio Negro;gid://shopify/Product/8582665699623
gid://shopify/Metafield/30935769186599;;pedra;"[""Safira""]";gid://shopify/Product/8582665699623
gid://shopify/Metafield/30935769252135;;cuidadospeca;"Evite o contato de uma joia com a outra. Guarde-as separadamente nas embalagens fornecidas pela Jack Vartanian;
Com o uso, fechos e tarraxas podem necessitar de ajustes para que fiquem com a pressão adequada. Entre em contato conosco;
Após o uso, aconselhamos limpar a joia com flanela de algodão para tirar possíveis resíduos de produtos como maquiagem e perfume;
Evite o contato com água do mar, cremes, perfumes e produtos químicos.";gid://shopify/Product/8582665699623
gid://shopify/Product/8582665830695;Anel Savage De Ouro 18K Com Ródio Negro E Esmeralda;;;
gid://shopify/Metafield/30935777640743;;genero;"[""Feminino""]";gid://shopify/Product/8582665830695
gid://shopify/Metafield/30935777673511;;metal;Ouro Amarelo;gid://shopify/Product/8582665830695
gid://shopify/Metafield/30935777706279;;cobertura;Ródio Negro;gid://shopify/Product/8582665830695
gid://shopify/Metafield/30935777739047;;pedra;"[""Esmeralda""]";gid://shopify/Product/8582665830695
gid://shopify/Metafield/30935777771815;;cuidadospeca;"Evite o contato de uma joia com a outra. Guarde-as separadamente nas embalagens fornecidas pela Jack Vartanian;
Com o uso, fechos e tarraxas podem necessitar de ajustes para que fiquem com a pressão adequada. Entre em contato conosco;
Após o uso, aconselhamos limpar a joia com flanela de algodão para tirar possíveis resíduos de produtos como maquiagem e perfume;
Evite o contato com água do mar, cremes, perfumes e produtos químicos.";gid://shopify/Product/8582665830695
gid://shopify/Product/8582665896231;Anel Savage De Ouro 18K Com Ródio Negro E Diamante Solitário;;;
gid://shopify/Metafield/30935781015847;;genero;"[""Feminino""]";gid://shopify/Product/8582665896231
gid://shopify/Metafield/30935781048615;;metal;Ouro Amarelo;gid://shopify/Product/8582665896231
gid://shopify/Metafield/30935781146919;;cobertura;Ródio Negro;gid://shopify/Product/8582665896231
gid://shopify/Metafield/30935781179687;;pedra;"[""Diamante Solitário""]";gid://shopify/Product/8582665896231
gid://shopify/Metafield/30935781212455;;cuidadospeca;"Evite o contato de uma joia com a outra. Guarde-as separadamente nas embalagens fornecidas pela Jack Vartanian;
Com o uso, fechos e tarraxas podem necessitar de ajustes para que fiquem com a pressão adequada. Entre em contato conosco;
Após o uso, aconselhamos limpar a joia com flanela de algodão para tirar possíveis resíduos de produtos como maquiagem e perfume;
Evite o contato com água do mar, cremes, perfumes e produtos químicos.";gid://shopify/Product/8582665896231
gid://shopify/Product/8582665928999;Anel Savage De Ouro 18K Com Ródio Negro E Safira;;;
gid://shopify/Metafield/30935789764903;;genero;"[""Feminino""]";gid://shopify/Product/8582665928999
gid://shopify/Metafield/30935789830439;;metal;Ouro Amarelo;gid://shopify/Product/8582665928999
gid://shopify/Metafield/30935789928743;;cobertura;Ródio Negro;gid://shopify/Product/8582665928999
gid://shopify/Metafield/30935790059815;;pedra;"[""Safira""]";gid://shopify/Product/8582665928999
gid://shopify/Metafield/30935790092583;;cuidadospeca;"Evite o contato de uma joia com a outra. Guarde-as separadamente nas embalagens fornecidas pela Jack Vartanian;
Com o uso, fechos e tarraxas podem necessitar de ajustes para que fiquem com a pressão adequada. Entre em contato conosco;
Após o uso, aconselhamos limpar a joia com flanela de algodão para tirar possíveis resíduos de produtos como maquiagem e perfume;
Evite o contato com água do mar, cremes, perfumes e produtos químicos.";gid://shopify/Product/8582665928999
gid://shopify/Product/8582665961767;Anel Savage De Ouro Branco 18K E Diamante Solitário;;;
gid://shopify/Metafield/30935792124199;;genero;"[""Feminino""]";gid://shopify/Product/8582665961767
gid://shopify/Metafield/30935792189735;;metal;Ouro Branco;gid://shopify/Product/8582665961767
gid://shopify/Metafield/30935792255271;;cobertura;Ouro Branco;gid://shopify/Product/8582665961767
gid://shopify/Metafield/30935792320807;;pedra;"[""Diamante Solitário""]";gid://shopify/Product/8582665961767
gid://shopify/Metafield/30935792419111;;cuidadospeca;"Evite o contato de uma joia com a outra. Guarde-as separadamente nas embalagens fornecidas pela Jack Vartanian;
Com o uso, fechos e tarraxas podem necessitar de ajustes para que fiquem com a pressão adequada. Entre em contato conosco;
Após o uso, aconselhamos limpar a joia com flanela de algodão para tirar possíveis resíduos de produtos como maquiagem e perfume;
Evite o contato com água do mar, cremes, perfumes e produtos químicos.";gid://shopify/Product/8582665961767
gid://shopify/Product/8582665994535;Anel Savage De Ouro Branco 18K E Diamante Solitário;;;
gid://shopify/Metafield/30935801495847;;genero;"[""Feminino""]";gid://shopify/Product/8582665994535
gid://shopify/Metafield/30935801528615;;metal;Ouro Branco;gid://shopify/Product/8582665994535
gid://shopify/Metafield/30935801561383;;cobertura;Ouro Branco;gid://shopify/Product/8582665994535
gid://shopify/Metafield/30935801594151;;pedra;"[""Diamante Solitário""]";gid://shopify/Product/8582665994535
gid://shopify/Metafield/30935801626919;;cuidadospeca;"Evite o contato de uma joia com a outra. Guarde-as separadamente nas embalagens fornecidas pela Jack Vartanian;
Com o uso, fechos e tarraxas podem necessitar de ajustes para que fiquem com a pressão adequada. Entre em contato conosco;
Após o uso, aconselhamos limpar a joia com flanela de algodão para tirar possíveis resíduos de produtos como maquiagem e perfume;
Evite o contato com água do mar, cremes, perfumes e produtos químicos.";gid://shopify/Product/8582665994535
gid://shopify/Product/8582666092839;Anel Savage De Ouro Branco 18K E Diamante Solitário;;;
gid://shopify/Metafield/30935802642727;;genero;"[""Feminino""]";gid://shopify/Product/8582666092839
gid://shopify/Metafield/30935802675495;;metal;Ouro Branco;gid://shopify/Product/8582666092839
gid://shopify/Metafield/30935802708263;;cobertura;Ouro Branco;gid://shopify/Product/8582666092839
gid://shopify/Metafield/30935802741031;;pedra;"[""Diamante Solitário""]";gid://shopify/Product/8582666092839
gid://shopify/Metafield/30935802806567;;cuidadospeca;"Evite o contato de uma joia com a outra. Guarde-as separadamente nas embalagens fornecidas pela Jack Vartanian;
Com o uso, fechos e tarraxas podem necessitar de ajustes para que fiquem com a pressão adequada. Entre em contato conosco;
Após o uso, aconselhamos limpar a joia com flanela de algodão para tirar possíveis resíduos de produtos como maquiagem e perfume;
Evite o contato com água do mar, cremes, perfumes e produtos químicos.";gid://shopify/Product/8582666092839
gid://shopify/Product/8582666125607;Anel Savage De Ouro Rosa 18K E Diamante Solitário;;;
gid://shopify/Metafield/30935807361319;;genero;"[""Feminino""]";gid://shopify/Product/8582666125607
gid://shopify/Metafield/30935807426855;;metal;Ouro Rosa;gid://shopify/Product/8582666125607
gid://shopify/Metafield/30935807492391;;cobertura;Ouro Rosa;gid://shopify/Product/8582666125607
gid://shopify/Metafield/30935807590695;;pedra;"[""Diamante Solitário""]";gid://shopify/Product/8582666125607
gid://shopify/Metafield/30935807623463;;cuidadospeca;"Evite o contato de uma joia com a outra. Guarde-as separadamente nas embalagens fornecidas pela Jack Vartanian;
Com o uso, fechos e tarraxas podem necessitar de ajustes para que fiquem com a pressão adequada. Entre em contato conosco;
Após o uso, aconselhamos limpar a joia com flanela de algodão para tirar possíveis resíduos de produtos como maquiagem e perfume;
Evite o contato com água do mar, cremes, perfumes e produtos químicos.";gid://shopify/Product/8582666125607
gid://shopify/Product/8582666158375;Anel Tropical De Prata Com Ouro Amarelo;;;
gid://shopify/Metafield/30935815029031;;genero;"[""Feminino""]";gid://shopify/Product/8582666158375
gid://shopify/Metafield/30935815061799;;metal;Prata;gid://shopify/Product/8582666158375
gid://shopify/Metafield/30935815094567;;cobertura;Ouro Amarelo;gid://shopify/Product/8582666158375
gid://shopify/Metafield/30935815127335;;cuidadospeca;"Evite o contato de uma joia com a outra. Guarde-as separadamente nas embalagens fornecidas pela Jack Vartanian;
Com o uso, fechos e tarraxas podem necessitar de ajustes para que fiquem com a pressão adequada. Entre em contato conosco;
Após o uso, aconselhamos limpar a joia com flanela de algodão para tirar possíveis resíduos de produtos como maquiagem e perfume;
Evite o contato com água do mar, cremes, perfumes e produtos químicos;
Para peças em prata o primeiro banho é cortesia;
Para peças ocas, evite atritos ou batidas.";gid://shopify/Product/8582666158375
gid://shopify/Product/8582666191143;Anel Tropical De Prata Com Ródio Negro;;;
gid://shopify/Metafield/30935817912615;;genero;"[""Feminino""]";gid://shopify/Product/8582666191143
gid://shopify/Metafield/30935817978151;;metal;Prata;gid://shopify/Product/8582666191143
gid://shopify/Metafield/30935818010919;;cobertura;Ródio Negro;gid://shopify/Product/8582666191143
gid://shopify/Metafield/30935818109223;;cuidadospeca;"Evite o contato de uma joia com a outra. Guarde-as separadamente nas embalagens fornecidas pela Jack Vartanian;
Com o uso, fechos e tarraxas podem necessitar de ajustes para que fiquem com a pressão adequada. Entre em contato conosco;
Após o uso, aconselhamos limpar a joia com flanela de algodão para tirar possíveis resíduos de produtos como maquiagem e perfume;
Evite o contato com água do mar, cremes, perfumes e produtos químicos;
Para peças em prata o primeiro banho é cortesia;
Para peças ocas, evite atritos ou batidas.";gid://shopify/Product/8582666191143
gid://shopify/Product/8582666223911;Anel Universo De Ouro 18K Com Ródio Negro E Esmeralda;;;
gid://shopify/Metafield/30935826563367;;genero;"[""Feminino""]";gid://shopify/Product/8582666223911
gid://shopify/Metafield/30935826628903;;metal;Ouro Amarelo;gid://shopify/Product/8582666223911
gid://shopify/Metafield/30935826661671;;cobertura;Ródio Negro;gid://shopify/Product/8582666223911
gid://shopify/Metafield/30935826694439;;pedra;"[""Esmeralda""]";gid://shopify/Product/8582666223911
gid://shopify/Metafield/30935826759975;;cuidadospeca;"Evite o contato de uma joia com a outra. Guarde-as separadamente nas embalagens fornecidas pela Jack Vartanian;
Com o uso, fechos e tarraxas podem necessitar de ajustes para que fiquem com a pressão adequada. Entre em contato conosco;
Após o uso, aconselhamos limpar a joia com flanela de algodão para tirar possíveis resíduos de produtos como maquiagem e perfume;
Evite o contato com água do mar, cremes, perfumes e produtos químicos.";gid://shopify/Product/8582666223911
gid://shopify/Product/8582666322215;Anel Universo De Ouro 18K Com Ródio Negro E Rubi;;;
gid://shopify/Metafield/30935828005159;;genero;"[""Feminino""]";gid://shopify/Product/8582666322215
gid://shopify/Metafield/30935828037927;;metal;Ouro Amarelo;gid://shopify/Product/8582666322215
gid://shopify/Metafield/30935828136231;;cobertura;Ródio Negro;gid://shopify/Product/8582666322215
gid://shopify/Metafield/30935828168999;;pedra;"[""Rubi""]";gid://shopify/Product/8582666322215
gid://shopify/Metafield/30935828234535;;cuidadospeca;"Evite o contato de uma joia com a outra. Guarde-as separadamente nas embalagens fornecidas pela Jack Vartanian;
Com o uso, fechos e tarraxas podem necessitar de ajustes para que fiquem com a pressão adequada. Entre em contato conosco;
Após o uso, aconselhamos limpar a joia com flanela de algodão para tirar possíveis resíduos de produtos como maquiagem e perfume;
Evite o contato com água do mar, cremes, perfumes e produtos químicos.";gid://shopify/Product/8582666322215
gid://shopify/Product/8582666453287;Anel Universo De Ouro 18K Com Ródio Negro E Safira;;;
gid://shopify/Metafield/30935836721447;;genero;"[""Feminino""]";gid://shopify/Product/8582666453287
gid://shopify/Metafield/30935836786983;;metal;Ouro Amarelo;gid://shopify/Product/8582666453287
gid://shopify/Metafield/30935836819751;;cobertura;Ródio Negro;gid://shopify/Product/8582666453287
gid://shopify/Metafield/30935836885287;;pedra;"[""Safira""]";gid://shopify/Product/8582666453287
gid://shopify/Metafield/30935836918055;;cuidadospeca;"Evite o contato de uma joia com a outra. Guarde-as separadamente nas embalagens fornecidas pela Jack Vartanian;
Com o uso, fechos e tarraxas podem necessitar de ajustes para que fiquem com a pressão adequada. Entre em contato conosco;
Após o uso, aconselhamos limpar a joia com flanela de algodão para tirar possíveis resíduos de produtos como maquiagem e perfume;
Evite o contato com água do mar, cremes, perfumes e produtos químicos.";gid://shopify/Product/8582666453287
gid://shopify/Product/8582666649895;Anel Universo De Ouro 18K Com Ródio Negro E Diamante Negro;;;
gid://shopify/Metafield/30935839899943;;genero;"[""Feminino""]";gid://shopify/Product/8582666649895
gid://shopify/Metafield/30935839932711;;metal;Ouro Amarelo;gid://shopify/Product/8582666649895
gid://shopify/Metafield/30935839965479;;cobertura;Ródio Negro;gid://shopify/Product/8582666649895
gid://shopify/Metafield/30935839998247;;pedra;"[""Diamante Negro""]";gid://shopify/Product/8582666649895
gid://shopify/Metafield/30935840031015;;cuidadospeca;"Evite o contato de uma joia com a outra. Guarde-as separadamente nas embalagens fornecidas pela Jack Vartanian;
Com o uso, fechos e tarraxas podem necessitar de ajustes para que fiquem com a pressão adequada. Entre em contato conosco;
Após o uso, aconselhamos limpar a joia com flanela de algodão para tirar possíveis resíduos de produtos como maquiagem e perfume;
Evite o contato com água do mar, cremes, perfumes e produtos químicos.";gid://shopify/Product/8582666649895
gid://shopify/Product/8582666846503;Anel Universo De Ouro 18K Com Ródio Negro E Diamante;;;
gid://shopify/Metafield/30935841538343;;genero;"[""Feminino""]";gid://shopify/Product/8582666846503
gid://shopify/Metafield/30935841603879;;metal;Ouro Amarelo;gid://shopify/Product/8582666846503
gid://shopify/Metafield/30935841669415;;cobertura;Ródio Negro;gid://shopify/Product/8582666846503
gid://shopify/Metafield/30935841734951;;pedra;"[""Diamante""]";gid://shopify/Product/8582666846503
gid://shopify/Metafield/30935841997095;;cuidadospeca;"Evite o contato de uma joia com a outra. Guarde-as separadamente nas embalagens fornecidas pela Jack Vartanian;
Com o uso, fechos e tarraxas podem necessitar de ajustes para que fiquem com a pressão adequada. Entre em contato conosco;
Após o uso, aconselhamos limpar a joia com flanela de algodão para tirar possíveis resíduos de produtos como maquiagem e perfume;
Evite o contato com água do mar, cremes, perfumes e produtos químicos.";gid://shopify/Product/8582666846503
gid://shopify/Product/8582666977575;Anel Vita Eterna De Ouro Amarelo E Branco 18K E Diamante E Esmeralda;;;
gid://shopify/Metafield/30935853596967;;genero;"[""Feminino""]";gid://shopify/Product/8582666977575
gid://shopify/Metafield/30935853629735;;metal;Ouro Amarelo;gid://shopify/Product/8582666977575
gid://shopify/Metafield/30935853662503;;cobertura;Ouro Amarelo E Branco;gid://shopify/Product/8582666977575
gid://shopify/Metafield/30935853728039;;pedra;"[""Diamante"",""Esmeralda""]";gid://shopify/Product/8582666977575
gid://shopify/Metafield/30935853793575;;cuidadospeca;"Evite o contato de uma joia com a outra. Guarde-as separadamente nas embalagens fornecidas pela Jack Vartanian;
Com o uso, fechos e tarraxas podem necessitar de ajustes para que fiquem com a pressão adequada. Entre em contato conosco;
Após o uso, aconselhamos limpar a joia com flanela de algodão para tirar possíveis resíduos de produtos como maquiagem e perfume;
Evite o contato com água do mar, cremes, perfumes e produtos químicos.";gid://shopify/Product/8582666977575
gid://shopify/Product/8582667010343;Anel Whitechain De Prata Com Ouro Branco;;;
gid://shopify/Metafield/30935855825191;;genero;"[""Feminino""]";gid://shopify/Product/8582667010343
gid://shopify/Metafield/30935855857959;;metal;Prata;gid://shopify/Product/8582667010343
gid://shopify/Metafield/30935855890727;;cobertura;Ouro Branco;gid://shopify/Product/8582667010343
gid://shopify/Metafield/30935855923495;;cuidadospeca;"Evite o contato de uma joia com a outra. Guarde-as separadamente nas embalagens fornecidas pela Jack Vartanian;
Com o uso, fechos e tarraxas podem necessitar de ajustes para que fiquem com a pressão adequada. Entre em contato conosco;
Após o uso, aconselhamos limpar a joia com flanela de algodão para tirar possíveis resíduos de produtos como maquiagem e perfume;
Evite o contato com água do mar, cremes, perfumes e produtos químicos;
Para peças em prata o primeiro banho é cortesia;
Para peças ocas, evite atritos ou batidas.";gid://shopify/Product/8582667010343
gid://shopify/Product/8582667108647;Anel Celebrate De Ouro Branco 18K E Diamante E Safira;;;
gid://shopify/Metafield/30935867752743;;genero;"[""Feminino""]";gid://shopify/Product/8582667108647
gid://shopify/Metafield/30935867818279;;metal;Ouro Branco;gid://shopify/Product/8582667108647
gid://shopify/Metafield/30935867883815;;cobertura;Ouro Branco;gid://shopify/Product/8582667108647
gid://shopify/Metafield/30935867949351;;pedra;"[""Diamante"",""Safira""]";gid://shopify/Product/8582667108647
gid://shopify/Metafield/30935868014887;;cuidadospeca;"Evite o contato de uma joia com a outra. Guarde-as separadamente nas embalagens fornecidas pela Jack Vartanian;
Com o uso, fechos e tarraxas podem necessitar de ajustes para que fiquem com a pressão adequada. Entre em contato conosco;
Após o uso, aconselhamos limpar a joia com flanela de algodão para tirar possíveis resíduos de produtos como maquiagem e perfume;
Evite o contato com água do mar, cremes, perfumes e produtos químicos.";gid://shopify/Product/8582667108647
gid://shopify/Product/8582667174183;Anel Deco 2019 De Ouro Branco 18K E Diamante E Esmeralda;;;
gid://shopify/Metafield/30935870832935;;genero;"[""Feminino""]";gid://shopify/Product/8582667174183
gid://shopify/Metafield/30935870898471;;metal;Ouro Branco;gid://shopify/Product/8582667174183
gid://shopify/Metafield/30935870931239;;cobertura;Ouro Branco;gid://shopify/Product/8582667174183
gid://shopify/Metafield/30935870964007;;pedra;"[""Diamante"",""Esmeralda""]";gid://shopify/Product/8582667174183
gid://shopify/Metafield/30935871062311;;cuidadospeca;"Evite o contato de uma joia com a outra. Guarde-as separadamente nas embalagens fornecidas pela Jack Vartanian;
Com o uso, fechos e tarraxas podem necessitar de ajustes para que fiquem com a pressão adequada. Entre em contato conosco;
Após o uso, aconselhamos limpar a joia com flanela de algodão para tirar possíveis resíduos de produtos como maquiagem e perfume;
Evite o contato com água do mar, cremes, perfumes e produtos químicos.";gid://shopify/Product/8582667174183
gid://shopify/Product/8582667436327;Anel Especial De Ouro Branco 18K E Diamante Negro;;;
gid://shopify/Metafield/30935884661031;;genero;"[""Feminino""]";gid://shopify/Product/8582667436327
gid://shopify/Metafield/30935884693799;;metal;Ouro Branco;gid://shopify/Product/8582667436327
gid://shopify/Metafield/30935884726567;;cobertura;Ouro Branco;gid://shopify/Product/8582667436327
gid://shopify/Metafield/30935884759335;;pedra;"[""Diamante Negro""]";gid://shopify/Product/8582667436327
gid://shopify/Metafield/30935884792103;;cuidadospeca;"Evite o contato de uma joia com a outra. Guarde-as separadamente nas embalagens fornecidas pela Jack Vartanian;
Com o uso, fechos e tarraxas podem necessitar de ajustes para que fiquem com a pressão adequada. Entre em contato conosco;
Após o uso, aconselhamos limpar a joia com flanela de algodão para tirar possíveis resíduos de produtos como maquiagem e perfume;
Evite o contato com água do mar, cremes, perfumes e produtos químicos.";gid://shopify/Product/8582667436327
gid://shopify/Product/8582667567399;Anel Especial De Ouro Branco 18K E Diamante Negro;;;
gid://shopify/Metafield/30935887446311;;genero;"[""Feminino""]";gid://shopify/Product/8582667567399
gid://shopify/Metafield/30935887511847;;metal;Ouro Branco;gid://shopify/Product/8582667567399
gid://shopify/Metafield/30935887577383;;cobertura;Ouro Branco;gid://shopify/Product/8582667567399
gid://shopify/Metafield/30935887642919;;pedra;"[""Diamante Negro""]";gid://shopify/Product/8582667567399
gid://shopify/Metafield/30935887741223;;cuidadospeca;"Evite o contato de uma joia com a outra. Guarde-as separadamente nas embalagens fornecidas pela Jack Vartanian;
Com o uso, fechos e tarraxas podem necessitar de ajustes para que fiquem com a pressão adequada. Entre em contato conosco;
Após o uso, aconselhamos limpar a joia com flanela de algodão para tirar possíveis resíduos de produtos como maquiagem e perfume;
Evite o contato com água do mar, cremes, perfumes e produtos químicos.";gid://shopify/Product/8582667567399
gid://shopify/Product/8582667632935;Anel Especial De Ouro Branco 18K E Diamante Negro;;;
gid://shopify/Metafield/30935896949031;;genero;"[""Feminino""]";gid://shopify/Product/8582667632935
gid://shopify/Metafield/30935897014567;;metal;Ouro Branco;gid://shopify/Product/8582667632935
gid://shopify/Metafield/30935897112871;;cobertura;Ouro Branco;gid://shopify/Product/8582667632935
gid://shopify/Metafield/30935897145639;;pedra;"[""Diamante Negro""]";gid://shopify/Product/8582667632935
gid://shopify/Metafield/30935897178407;;cuidadospeca;"Evite o contato de uma joia com a outra. Guarde-as separadamente nas embalagens fornecidas pela Jack Vartanian;
Com o uso, fechos e tarraxas podem necessitar de ajustes para que fiquem com a pressão adequada. Entre em contato conosco;
Após o uso, aconselhamos limpar a joia com flanela de algodão para tirar possíveis resíduos de produtos como maquiagem e perfume;
Evite o contato com água do mar, cremes, perfumes e produtos químicos.";gid://shopify/Product/8582667632935
gid://shopify/Product/8582668353831;Anel Maes 2013 De Ouro Branco 18K E Diamante Negro;;;
gid://shopify/Metafield/30935918051623;;genero;"[""Feminino""]";gid://shopify/Product/8582668353831
gid://shopify/Metafield/30935918149927;;metal;Ouro Branco;gid://shopify/Product/8582668353831
gid://shopify/Metafield/30935918182695;;cobertura;Ouro Branco;gid://shopify/Product/8582668353831
gid://shopify/Metafield/30935918248231;;pedra;"[""Diamante Negro""]";gid://shopify/Product/8582668353831
gid://shopify/Metafield/30935918346535;;cuidadospeca;"Evite o contato de uma joia com a outra. Guarde-as separadamente nas embalagens fornecidas pela Jack Vartanian;
Com o uso, fechos e tarraxas podem necessitar de ajustes para que fiquem com a pressão adequada. Entre em contato conosco;
Após o uso, aconselhamos limpar a joia com flanela de algodão para tirar possíveis resíduos de produtos como maquiagem e perfume;
Evite o contato com água do mar, cremes, perfumes e produtos químicos.";gid://shopify/Product/8582668353831
gid://shopify/Product/8582668386599;Anel Maes 2013 De Ouro Amarelo 18K E Diamante Fancy;;;
gid://shopify/Metafield/30935926014247;;genero;"[""Feminino""]";gid://shopify/Product/8582668386599
gid://shopify/Metafield/30935926047015;;metal;Ouro Branco;gid://shopify/Product/8582668386599
gid://shopify/Metafield/30935926079783;;cobertura;Ouro Amarelo;gid://shopify/Product/8582668386599
gid://shopify/Metafield/30935926112551;;pedra;"[""Diamante Fancy""]";gid://shopify/Product/8582668386599
gid://shopify/Metafield/30935926145319;;cuidadospeca;"Evite o contato de uma joia com a outra. Guarde-as separadamente nas embalagens fornecidas pela Jack Vartanian;
Com o uso, fechos e tarraxas podem necessitar de ajustes para que fiquem com a pressão adequada. Entre em contato conosco;
Após o uso, aconselhamos limpar a joia com flanela de algodão para tirar possíveis resíduos de produtos como maquiagem e perfume;
Evite o contato com água do mar, cremes, perfumes e produtos químicos.";gid://shopify/Product/8582668386599
gid://shopify/Product/8582668714279;Anel Maes 2013 De Ouro Branco 18K E Diamante E Rubi;;;
gid://shopify/Metafield/30935931912487;;genero;"[""Feminino""]";gid://shopify/Product/8582668714279
gid://shopify/Metafield/30935931945255;;metal;Ouro Branco;gid://shopify/Product/8582668714279
gid://shopify/Metafield/30935932043559;;cobertura;Ouro Branco;gid://shopify/Product/8582668714279
gid://shopify/Metafield/30935932076327;;pedra;"[""Diamante"",""Rubi""]";gid://shopify/Product/8582668714279
gid://shopify/Metafield/30935932174631;;cuidadospeca;"Evite o contato de uma joia com a outra. Guarde-as separadamente nas embalagens fornecidas pela Jack Vartanian;
Com o uso, fechos e tarraxas podem necessitar de ajustes para que fiquem com a pressão adequada. Entre em contato conosco;
Após o uso, aconselhamos limpar a joia com flanela de algodão para tirar possíveis resíduos de produtos como maquiagem e perfume;
Evite o contato com água do mar, cremes, perfumes e produtos químicos.";gid://shopify/Product/8582668714279
gid://shopify/Product/8582668812583;Anel Maes 2013 De Ouro Branco 18K E Diamante E Rubi;;;
gid://shopify/Metafield/30935940104487;;genero;"[""Feminino""]";gid://shopify/Product/8582668812583
gid://shopify/Metafield/30935940137255;;metal;Ouro Branco;gid://shopify/Product/8582668812583
gid://shopify/Metafield/30935940170023;;cobertura;Ouro Branco;gid://shopify/Product/8582668812583
gid://shopify/Metafield/30935940202791;;pedra;"[""Diamante"",""Rubi""]";gid://shopify/Product/8582668812583
gid://shopify/Metafield/30935940235559;;cuidadospeca;"Evite o contato de uma joia com a outra. Guarde-as separadamente nas embalagens fornecidas pela Jack Vartanian;
Com o uso, fechos e tarraxas podem necessitar de ajustes para que fiquem com a pressão adequada. Entre em contato conosco;
Após o uso, aconselhamos limpar a joia com flanela de algodão para tirar possíveis resíduos de produtos como maquiagem e perfume;
Evite o contato com água do mar, cremes, perfumes e produtos químicos.";gid://shopify/Product/8582668812583
gid://shopify/Product/8582669140263;Anel Rock Star De Ouro Branco 18K E Kunzita E Diamante;;;
gid://shopify/Metafield/30935952884007;;genero;"[""Feminino""]";gid://shopify/Product/8582669140263
gid://shopify/Metafield/30935952949543;;metal;Ouro Branco;gid://shopify/Product/8582669140263
gid://shopify/Metafield/30935952982311;;cobertura;Ouro Branco;gid://shopify/Product/8582669140263
gid://shopify/Metafield/30935953015079;;pedra;"[""Kunzita"",""Diamante""]";gid://shopify/Product/8582669140263
gid://shopify/Metafield/30935953047847;;cuidadospeca;"Evite o contato de uma joia com a outra. Guarde-as separadamente nas embalagens fornecidas pela Jack Vartanian;
Com o uso, fechos e tarraxas podem necessitar de ajustes para que fiquem com a pressão adequada. Entre em contato conosco;
Após o uso, aconselhamos limpar a joia com flanela de algodão para tirar possíveis resíduos de produtos como maquiagem e perfume;
Evite o contato com água do mar, cremes, perfumes e produtos químicos.";gid://shopify/Product/8582669140263
gid://shopify/Product/8582669238567;Anel Rock Star De Ouro Branco 18K E Ametista E Diamante;;;
gid://shopify/Metafield/30935953342759;;genero;"[""Feminino""]";gid://shopify/Product/8582669238567
gid://shopify/Metafield/30935953375527;;metal;Ouro Branco;gid://shopify/Product/8582669238567
gid://shopify/Metafield/30935953408295;;cobertura;Ouro Branco;gid://shopify/Product/8582669238567
gid://shopify/Metafield/30935953441063;;pedra;"[""Ametista"",""Diamante""]";gid://shopify/Product/8582669238567
gid://shopify/Metafield/30935953473831;;cuidadospeca;"Evite o contato de uma joia com a outra. Guarde-as separadamente nas embalagens fornecidas pela Jack Vartanian;
Com o uso, fechos e tarraxas podem necessitar de ajustes para que fiquem com a pressão adequada. Entre em contato conosco;
Após o uso, aconselhamos limpar a joia com flanela de algodão para tirar possíveis resíduos de produtos como maquiagem e perfume;
Evite o contato com água do mar, cremes, perfumes e produtos químicos.";gid://shopify/Product/8582669238567
gid://shopify/Product/8582669304103;Anel Rock Star De Ouro Branco 18K E Topázio E Diamante;;;
gid://shopify/Metafield/30935962616103;;genero;"[""Feminino""]";gid://shopify/Product/8582669304103
gid://shopify/Metafield/30935962714407;;metal;Ouro Branco;gid://shopify/Product/8582669304103
gid://shopify/Metafield/30935962747175;;cobertura;Ouro Branco;gid://shopify/Product/8582669304103
gid://shopify/Metafield/30935962812711;;pedra;"[""Topázio"",""Diamante""]";gid://shopify/Product/8582669304103
gid://shopify/Metafield/30935962878247;;cuidadospeca;"Evite o contato de uma joia com a outra. Guarde-as separadamente nas embalagens fornecidas pela Jack Vartanian;
Com o uso, fechos e tarraxas podem necessitar de ajustes para que fiquem com a pressão adequada. Entre em contato conosco;
Após o uso, aconselhamos limpar a joia com flanela de algodão para tirar possíveis resíduos de produtos como maquiagem e perfume;
Evite o contato com água do mar, cremes, perfumes e produtos químicos.";gid://shopify/Product/8582669304103
gid://shopify/Product/8582669435175;Anel Rock Star De Ouro Branco 18K E Kunzita E Diamante;;;
gid://shopify/Metafield/30935965499687;;genero;"[""Feminino""]";gid://shopify/Product/8582669435175
gid://shopify/Metafield/30935965532455;;metal;Ouro Branco;gid://shopify/Product/8582669435175
gid://shopify/Metafield/30935965565223;;cobertura;Ouro Branco;gid://shopify/Product/8582669435175
gid://shopify/Metafield/30935965597991;;pedra;"[""Kunzita"",""Diamante""]";gid://shopify/Product/8582669435175
gid://shopify/Metafield/30935965630759;;cuidadospeca;"Evite o contato de uma joia com a outra. Guarde-as separadamente nas embalagens fornecidas pela Jack Vartanian;
Com o uso, fechos e tarraxas podem necessitar de ajustes para que fiquem com a pressão adequada. Entre em contato conosco;
Após o uso, aconselhamos limpar a joia com flanela de algodão para tirar possíveis resíduos de produtos como maquiagem e perfume;
Evite o contato com água do mar, cremes, perfumes e produtos químicos.";gid://shopify/Product/8582669435175
gid://shopify/Product/8582669631783;Anel Rock Star De Ouro Branco 18K E Kunzita E Diamante;;;
gid://shopify/Metafield/30935970447655;;genero;"[""Feminino""]";gid://shopify/Product/8582669631783
gid://shopify/Metafield/30935970545959;;metal;Ouro Branco;gid://shopify/Product/8582669631783
gid://shopify/Metafield/30935970578727;;cobertura;Ouro Branco;gid://shopify/Product/8582669631783
gid://shopify/Metafield/30935970611495;;pedra;"[""Kunzita"",""Diamante""]";gid://shopify/Product/8582669631783
gid://shopify/Metafield/30935970709799;;cuidadospeca;"Evite o contato de uma joia com a outra. Guarde-as separadamente nas embalagens fornecidas pela Jack Vartanian;
Com o uso, fechos e tarraxas podem necessitar de ajustes para que fiquem com a pressão adequada. Entre em contato conosco;
Após o uso, aconselhamos limpar a joia com flanela de algodão para tirar possíveis resíduos de produtos como maquiagem e perfume;
Evite o contato com água do mar, cremes, perfumes e produtos químicos.";gid://shopify/Product/8582669631783
gid://shopify/Product/8582669762855;Anel Rock Star De Ouro Branco 18K E Topázio E Diamante;;;
gid://shopify/Metafield/30935978213671;;genero;"[""Feminino""]";gid://shopify/Product/8582669762855
gid://shopify/Metafield/30935978246439;;metal;Ouro Branco;gid://shopify/Product/8582669762855
gid://shopify/Metafield/30935978279207;;cobertura;Ouro Branco;gid://shopify/Product/8582669762855
gid://shopify/Metafield/30935978311975;;pedra;"[""Topázio"",""Diamante""]";gid://shopify/Product/8582669762855
gid://shopify/Metafield/30935978344743;;cuidadospeca;"Evite o contato de uma joia com a outra. Guarde-as separadamente nas embalagens fornecidas pela Jack Vartanian;
Com o uso, fechos e tarraxas podem necessitar de ajustes para que fiquem com a pressão adequada. Entre em contato conosco;
Após o uso, aconselhamos limpar a joia com flanela de algodão para tirar possíveis resíduos de produtos como maquiagem e perfume;
Evite o contato com água do mar, cremes, perfumes e produtos químicos.";gid://shopify/Product/8582669762855
gid://shopify/Product/8582669926695;Anel Rock Star De Ouro Branco 18K E Topázio E Diamante;;;
gid://shopify/Metafield/30935984210215;;genero;"[""Feminino""]";gid://shopify/Product/8582669926695
gid://shopify/Metafield/30935984242983;;metal;Ouro Branco;gid://shopify/Product/8582669926695
gid://shopify/Metafield/30935984275751;;cobertura;Ouro Branco;gid://shopify/Product/8582669926695
gid://shopify/Metafield/30935984341287;;pedra;"[""Topázio"",""Diamante""]";gid://shopify/Product/8582669926695
gid://shopify/Metafield/30935984439591;;cuidadospeca;"Evite o contato de uma joia com a outra. Guarde-as separadamente nas embalagens fornecidas pela Jack Vartanian;
Com o uso, fechos e tarraxas podem necessitar de ajustes para que fiquem com a pressão adequada. Entre em contato conosco;
Após o uso, aconselhamos limpar a joia com flanela de algodão para tirar possíveis resíduos de produtos como maquiagem e perfume;
Evite o contato com água do mar, cremes, perfumes e produtos químicos.";gid://shopify/Product/8582669926695
gid://shopify/Product/8608703316263;Brinco Celebrate De Ouro Branco 18K E Diamante E Esmeralda;;;
gid://shopify/Metafield/31061617606951;;genero;"[""Feminino""]";gid://shopify/Product/8608703316263
gid://shopify/Metafield/31061617639719;;metal;Ouro Branco;gid://shopify/Product/8608703316263
gid://shopify/Metafield/31061617672487;;cobertura;Ouro Branco;gid://shopify/Product/8608703316263
gid://shopify/Metafield/31061617705255;;pedra;"[""Diamante"",""Esmeralda""]";gid://shopify/Product/8608703316263
gid://shopify/Metafield/31061617738023;;cuidadospeca;"Evite o contato de uma joia com a outra. Guarde-as separadamente nas embalagens fornecidas pela Jack Vartanian;
Com o uso, fechos e tarraxas podem necessitar de ajustes para que fiquem com a pressão adequada. Entre em contato conosco;
Após o uso, aconselhamos limpar a joia com flanela de algodão para tirar possíveis resíduos de produtos como maquiagem e perfume;
Evite o contato com água do mar, cremes, perfumes e produtos químicos.";gid://shopify/Product/8608703316263
gid://shopify/Product/8608707641639;Brinco Brasil De Ouro 18K Com Rodio Negro E Turmalina;;;
gid://shopify/Metafield/31061655945511;;genero;"[""Feminino""]";gid://shopify/Product/8608707641639
gid://shopify/Metafield/31061655978279;;metal;Ouro Amarelo;gid://shopify/Product/8608707641639
gid://shopify/Metafield/31061656011047;;cobertura;Ródio Negro;gid://shopify/Product/8608707641639
gid://shopify/Metafield/31061656043815;;pedra;"[""Turmalina""]";gid://shopify/Product/8608707641639
gid://shopify/Metafield/31061656076583;;cuidadospeca;"Evite o contato de uma joia com a outra. Guarde-as separadamente nas embalagens fornecidas pela Jack Vartanian;
Com o uso, fechos e tarraxas podem necessitar de ajustes para que fiquem com a pressão adequada. Entre em contato conosco;
Após o uso, aconselhamos limpar a joia com flanela de algodão para tirar possíveis resíduos de produtos como maquiagem e perfume;
Evite o contato com água do mar, cremes, perfumes e produtos químicos.";gid://shopify/Product/8608707641639
gid://shopify/Product/8608707871015;Brinco Celebrate De Ouro Amarelo E Branco 18K E Diamante E Esmeralda;;;
gid://shopify/Metafield/31061660696871;;genero;"[""Feminino""]";gid://shopify/Product/8608707871015
gid://shopify/Metafield/31061660729639;;metal;Ouro Amarelo;gid://shopify/Product/8608707871015
gid://shopify/Metafield/31061660762407;;cobertura;Ouro Amarelo E Branco;gid://shopify/Product/8608707871015
gid://shopify/Metafield/31061660795175;;pedra;"[""Diamante"",""Esmeralda""]";gid://shopify/Product/8608707871015
gid://shopify/Metafield/31061660827943;;cuidadospeca;"Evite o contato de uma joia com a outra. Guarde-as separadamente nas embalagens fornecidas pela Jack Vartanian;
Com o uso, fechos e tarraxas podem necessitar de ajustes para que fiquem com a pressão adequada. Entre em contato conosco;
Após o uso, aconselhamos limpar a joia com flanela de algodão para tirar possíveis resíduos de produtos como maquiagem e perfume;
Evite o contato com água do mar, cremes, perfumes e produtos químicos.";gid://shopify/Product/8608707871015
gid://shopify/Product/8608784843047;Brinco Celebrate De Ouro Branco 18K E Diamante E Turmalina Paraiba;;;
gid://shopify/Metafield/31061993685287;;genero;"[""Feminino""]";gid://shopify/Product/8608784843047
gid://shopify/Metafield/31061993718055;;metal;Ouro Branco;gid://shopify/Product/8608784843047
gid://shopify/Metafield/31061993750823;;cobertura;Ouro Branco;gid://shopify/Product/8608784843047
gid://shopify/Metafield/31061993783591;;pedra;"[""Diamante"",""Turmalina Paraíba""]";gid://shopify/Product/8608784843047
gid://shopify/Metafield/31061993816359;;cuidadospeca;"Evite o contato de uma joia com a outra. Guarde-as separadamente nas embalagens fornecidas pela Jack Vartanian;
Com o uso, fechos e tarraxas podem necessitar de ajustes para que fiquem com a pressão adequada. Entre em contato conosco;
Após o uso, aconselhamos limpar a joia com flanela de algodão para tirar possíveis resíduos de produtos como maquiagem e perfume;
Evite o contato com água do mar, cremes, perfumes e produtos químicos.";gid://shopify/Product/8608784843047
gid://shopify/Product/8608785105191;Brinco Celebrate De Ouro Branco 18K E Diamante E Rubi;;;
gid://shopify/Metafield/31061993849127;;genero;"[""Feminino""]";gid://shopify/Product/8608785105191
gid://shopify/Metafield/31061993881895;;metal;Ouro Branco;gid://shopify/Product/8608785105191
gid://shopify/Metafield/31061993914663;;cobertura;Ouro Branco;gid://shopify/Product/8608785105191
gid://shopify/Metafield/31061993947431;;pedra;"[""Diamante"",""Rubi""]";gid://shopify/Product/8608785105191
gid://shopify/Metafield/31061993980199;;cuidadospeca;"Evite o contato de uma joia com a outra. Guarde-as separadamente nas embalagens fornecidas pela Jack Vartanian;
Com o uso, fechos e tarraxas podem necessitar de ajustes para que fiquem com a pressão adequada. Entre em contato conosco;
Após o uso, aconselhamos limpar a joia com flanela de algodão para tirar possíveis resíduos de produtos como maquiagem e perfume;
Evite o contato com água do mar, cremes, perfumes e produtos químicos.";gid://shopify/Product/8608785105191
gid://shopify/Product/8608785498407;Brinco Especial De Ouro Branco 18K E Diamante Negro;;;
gid://shopify/Metafield/31061994799399;;genero;"[""Feminino""]";gid://shopify/Product/8608785498407
gid://shopify/Metafield/31061994832167;;metal;Ouro Branco;gid://shopify/Product/8608785498407
gid://shopify/Metafield/31061994864935;;cobertura;Ouro Branco;gid://shopify/Product/8608785498407
gid://shopify/Metafield/31061994897703;;pedra;"[""Diamante Negro""]";gid://shopify/Product/8608785498407
gid://shopify/Metafield/31061994930471;;cuidadospeca;"Evite o contato de uma joia com a outra. Guarde-as separadamente nas embalagens fornecidas pela Jack Vartanian;
Com o uso, fechos e tarraxas podem necessitar de ajustes para que fiquem com a pressão adequada. Entre em contato conosco;
Após o uso, aconselhamos limpar a joia com flanela de algodão para tirar possíveis resíduos de produtos como maquiagem e perfume;
Evite o contato com água do mar, cremes, perfumes e produtos químicos.";gid://shopify/Product/8608785498407
gid://shopify/Product/8608785793319;Brinco Ear Cuff Especial De Ouro 18K Com Rodio Negro E Rubi;;;
gid://shopify/Metafield/31061995913511;;genero;"[""Feminino""]";gid://shopify/Product/8608785793319
gid://shopify/Metafield/31061995946279;;metal;Ouro Amarelo;gid://shopify/Product/8608785793319
gid://shopify/Metafield/31061995979047;;cobertura;Ródio Negro;gid://shopify/Product/8608785793319
gid://shopify/Metafield/31061996011815;;pedra;"[""Rubi""]";gid://shopify/Product/8608785793319
gid://shopify/Metafield/31061996044583;;cuidadospeca;"Evite o contato de uma joia com a outra. Guarde-as separadamente nas embalagens fornecidas pela Jack Vartanian;
Com o uso, fechos e tarraxas podem necessitar de ajustes para que fiquem com a pressão adequada. Entre em contato conosco;
Após o uso, aconselhamos limpar a joia com flanela de algodão para tirar possíveis resíduos de produtos como maquiagem e perfume;
Evite o contato com água do mar, cremes, perfumes e produtos químicos.";gid://shopify/Product/8608785793319
gid://shopify/Product/8608786022695;Brinco Especial De Ouro Branco 18K E Diamante;;;
gid://shopify/Metafield/31061996699943;;genero;"[""Feminino""]";gid://shopify/Product/8608786022695
gid://shopify/Metafield/31061996732711;;metal;Ouro Branco;gid://shopify/Product/8608786022695
gid://shopify/Metafield/31061996765479;;cobertura;Ouro Branco;gid://shopify/Product/8608786022695
gid://shopify/Metafield/31061996798247;;pedra;"[""Diamante""]";gid://shopify/Product/8608786022695
gid://shopify/Metafield/31061996831015;;cuidadospeca;"Evite o contato de uma joia com a outra. Guarde-as separadamente nas embalagens fornecidas pela Jack Vartanian;
Com o uso, fechos e tarraxas podem necessitar de ajustes para que fiquem com a pressão adequada. Entre em contato conosco;
Após o uso, aconselhamos limpar a joia com flanela de algodão para tirar possíveis resíduos de produtos como maquiagem e perfume;
Evite o contato com água do mar, cremes, perfumes e produtos químicos.";gid://shopify/Product/8608786022695
gid://shopify/Product/8608786317607;Brinco Especial De Ouro 18K Com Rodio Negro E Diamante E Rubi;;;
gid://shopify/Metafield/31061997584679;;genero;"[""Feminino""]";gid://shopify/Product/8608786317607
gid://shopify/Metafield/31061997617447;;metal;Ouro Amarelo;gid://shopify/Product/8608786317607
gid://shopify/Metafield/31061997650215;;cobertura;Ródio Negro;gid://shopify/Product/8608786317607
gid://shopify/Metafield/31061997682983;;pedra;"[""Diamante"",""Rubi""]";gid://shopify/Product/8608786317607
gid://shopify/Metafield/31061997715751;;cuidadospeca;"Evite o contato de uma joia com a outra. Guarde-as separadamente nas embalagens fornecidas pela Jack Vartanian;
Com o uso, fechos e tarraxas podem necessitar de ajustes para que fiquem com a pressão adequada. Entre em contato conosco;
Após o uso, aconselhamos limpar a joia com flanela de algodão para tirar possíveis resíduos de produtos como maquiagem e perfume;
Evite o contato com água do mar, cremes, perfumes e produtos químicos.";gid://shopify/Product/8608786317607
gid://shopify/Product/8608786546983;Brinco Especial De Ouro 18K Com Rodio Negro E Esmeralda;;;
gid://shopify/Metafield/31061998272807;;genero;"[""Feminino""]";gid://shopify/Product/8608786546983
gid://shopify/Metafield/31061998305575;;metal;Ouro Amarelo;gid://shopify/Product/8608786546983
gid://shopify/Metafield/31061998338343;;cobertura;Ródio Negro;gid://shopify/Product/8608786546983
gid://shopify/Metafield/31061998371111;;pedra;"[""Esmeralda""]";gid://shopify/Product/8608786546983
gid://shopify/Metafield/31061998403879;;cuidadospeca;"Evite o contato de uma joia com a outra. Guarde-as separadamente nas embalagens fornecidas pela Jack Vartanian;
Com o uso, fechos e tarraxas podem necessitar de ajustes para que fiquem com a pressão adequada. Entre em contato conosco;
Após o uso, aconselhamos limpar a joia com flanela de algodão para tirar possíveis resíduos de produtos como maquiagem e perfume;
Evite o contato com água do mar, cremes, perfumes e produtos químicos.";gid://shopify/Product/8608786546983
gid://shopify/Product/8608786776359;Brinco Especial De Ouro 18K Com Rodio Negro E Safira;;;
gid://shopify/Metafield/31061999157543;;genero;"[""Feminino""]";gid://shopify/Product/8608786776359
gid://shopify/Metafield/31061999190311;;metal;Ouro Amarelo;gid://shopify/Product/8608786776359
gid://shopify/Metafield/31061999223079;;cobertura;Ródio Negro;gid://shopify/Product/8608786776359
gid://shopify/Metafield/31061999288615;;pedra;"[""Safira""]";gid://shopify/Product/8608786776359
gid://shopify/Metafield/31061999321383;;cuidadospeca;"Evite o contato de uma joia com a outra. Guarde-as separadamente nas embalagens fornecidas pela Jack Vartanian;
Com o uso, fechos e tarraxas podem necessitar de ajustes para que fiquem com a pressão adequada. Entre em contato conosco;
Após o uso, aconselhamos limpar a joia com flanela de algodão para tirar possíveis resíduos de produtos como maquiagem e perfume;
Evite o contato com água do mar, cremes, perfumes e produtos químicos.";gid://shopify/Product/8608786776359
gid://shopify/Product/8608786972967;Brinco Especial De Ouro 18K Com Rodio Negro E Diamante E Esmeralda;;;
gid://shopify/Metafield/31061999386919;;genero;"[""Feminino""]";gid://shopify/Product/8608786972967
gid://shopify/Metafield/31061999419687;;metal;Ouro Amarelo;gid://shopify/Product/8608786972967
gid://shopify/Metafield/31061999452455;;cobertura;Ródio Negro;gid://shopify/Product/8608786972967
gid://shopify/Metafield/31061999485223;;pedra;"[""Diamante"",""Esmeralda""]";gid://shopify/Product/8608786972967
gid://shopify/Metafield/31061999517991;;cuidadospeca;"Evite o contato de uma joia com a outra. Guarde-as separadamente nas embalagens fornecidas pela Jack Vartanian;
Com o uso, fechos e tarraxas podem necessitar de ajustes para que fiquem com a pressão adequada. Entre em contato conosco;
Após o uso, aconselhamos limpar a joia com flanela de algodão para tirar possíveis resíduos de produtos como maquiagem e perfume;
Evite o contato com água do mar, cremes, perfumes e produtos químicos.";gid://shopify/Product/8608786972967
gid://shopify/Product/8608787169575;Brinco Especial De Ouro Rosa 18K E Rubi;;;
gid://shopify/Metafield/31062000075047;;genero;"[""Feminino""]";gid://shopify/Product/8608787169575
gid://shopify/Metafield/31062000107815;;metal;Ouro Rosa;gid://shopify/Product/8608787169575
gid://shopify/Metafield/31062000140583;;cobertura;Ouro Rosa;gid://shopify/Product/8608787169575
gid://shopify/Metafield/31062000173351;;pedra;"[""Rubi""]";gid://shopify/Product/8608787169575
gid://shopify/Metafield/31062000206119;;cuidadospeca;"Evite o contato de uma joia com a outra. Guarde-as separadamente nas embalagens fornecidas pela Jack Vartanian;
Com o uso, fechos e tarraxas podem necessitar de ajustes para que fiquem com a pressão adequada. Entre em contato conosco;
Após o uso, aconselhamos limpar a joia com flanela de algodão para tirar possíveis resíduos de produtos como maquiagem e perfume;
Evite o contato com água do mar, cremes, perfumes e produtos químicos.";gid://shopify/Product/8608787169575
gid://shopify/Product/8608787300647;Brinco Especial De Ouro 18K Com Rodio Negro E Esmeralda;;;
gid://shopify/Metafield/31062000828711;;genero;"[""Feminino""]";gid://shopify/Product/8608787300647
gid://shopify/Metafield/31062000861479;;metal;Ouro Amarelo;gid://shopify/Product/8608787300647
gid://shopify/Metafield/31062000894247;;cobertura;Ródio Negro;gid://shopify/Product/8608787300647
gid://shopify/Metafield/31062000927015;;pedra;"[""Esmeralda""]";gid://shopify/Product/8608787300647
gid://shopify/Metafield/31062000959783;;cuidadospeca;"Evite o contato de uma joia com a outra. Guarde-as separadamente nas embalagens fornecidas pela Jack Vartanian;
Com o uso, fechos e tarraxas podem necessitar de ajustes para que fiquem com a pressão adequada. Entre em contato conosco;
Após o uso, aconselhamos limpar a joia com flanela de algodão para tirar possíveis resíduos de produtos como maquiagem e perfume;
Evite o contato com água do mar, cremes, perfumes e produtos químicos.";gid://shopify/Product/8608787300647
gid://shopify/Product/8608787530023;Brinco Especial De Ouro 18K Com Rodio Negro E Esmeralda;;;
gid://shopify/Metafield/31062001418535;;genero;"[""Feminino""]";gid://shopify/Product/8608787530023
gid://shopify/Metafield/31062001451303;;metal;Ouro Amarelo;gid://shopify/Product/8608787530023
gid://shopify/Metafield/31062001484071;;cobertura;Ródio Negro;gid://shopify/Product/8608787530023
gid://shopify/Metafield/31062001516839;;pedra;"[""Esmeralda""]";gid://shopify/Product/8608787530023
gid://shopify/Metafield/31062001549607;;cuidadospeca;"Evite o contato de uma joia com a outra. Guarde-as separadamente nas embalagens fornecidas pela Jack Vartanian;
Com o uso, fechos e tarraxas podem necessitar de ajustes para que fiquem com a pressão adequada. Entre em contato conosco;
Após o uso, aconselhamos limpar a joia com flanela de algodão para tirar possíveis resíduos de produtos como maquiagem e perfume;
Evite o contato com água do mar, cremes, perfumes e produtos químicos.";gid://shopify/Product/8608787530023
gid://shopify/Product/8608787759399;Brinco Especial De Ouro 18K Com Rodio Negro E Esmeralda;;;
gid://shopify/Metafield/31062001680679;;genero;"[""Feminino""]";gid://shopify/Product/8608787759399
gid://shopify/Metafield/31062001713447;;metal;Ouro Amarelo;gid://shopify/Product/8608787759399
gid://shopify/Metafield/31062001746215;;cobertura;Ródio Negro;gid://shopify/Product/8608787759399
gid://shopify/Metafield/31062001778983;;pedra;"[""Esmeralda""]";gid://shopify/Product/8608787759399
gid://shopify/Metafield/31062001811751;;cuidadospeca;"Evite o contato de uma joia com a outra. Guarde-as separadamente nas embalagens fornecidas pela Jack Vartanian;
Com o uso, fechos e tarraxas podem necessitar de ajustes para que fiquem com a pressão adequada. Entre em contato conosco;
Após o uso, aconselhamos limpar a joia com flanela de algodão para tirar possíveis resíduos de produtos como maquiagem e perfume;
Evite o contato com água do mar, cremes, perfumes e produtos químicos.";gid://shopify/Product/8608787759399
gid://shopify/Product/8608787890471;Brinco Especial De Ouro Amarelo E Branco 18K E Diamante E Esmeralda;;;
gid://shopify/Metafield/31062002172199;;genero;"[""Feminino""]";gid://shopify/Product/8608787890471
gid://shopify/Metafield/31062002204967;;metal;Ouro Amarelo;gid://shopify/Product/8608787890471
gid://shopify/Metafield/31062002237735;;cobertura;Ouro Amarelo E Branco;gid://shopify/Product/8608787890471
gid://shopify/Metafield/31062002270503;;pedra;"[""Diamante"",""Esmeralda""]";gid://shopify/Product/8608787890471
gid://shopify/Metafield/31062002303271;;cuidadospeca;"Evite o contato de uma joia com a outra. Guarde-as separadamente nas embalagens fornecidas pela Jack Vartanian;
Com o uso, fechos e tarraxas podem necessitar de ajustes para que fiquem com a pressão adequada. Entre em contato conosco;
Após o uso, aconselhamos limpar a joia com flanela de algodão para tirar possíveis resíduos de produtos como maquiagem e perfume;
Evite o contato com água do mar, cremes, perfumes e produtos químicos.";gid://shopify/Product/8608787890471
gid://shopify/Product/8608788119847;Brinco Especial De Ouro 18K Com Rodio Negro E Safira;;;
gid://shopify/Metafield/31062002925863;;genero;"[""Feminino""]";gid://shopify/Product/8608788119847
gid://shopify/Metafield/31062002958631;;metal;Ouro Amarelo;gid://shopify/Product/8608788119847
gid://shopify/Metafield/31062002991399;;cobertura;Ródio Negro;gid://shopify/Product/8608788119847
gid://shopify/Metafield/31062003024167;;pedra;"[""Safira""]";gid://shopify/Product/8608788119847
gid://shopify/Metafield/31062003056935;;cuidadospeca;"Evite o contato de uma joia com a outra. Guarde-as separadamente nas embalagens fornecidas pela Jack Vartanian;
Com o uso, fechos e tarraxas podem necessitar de ajustes para que fiquem com a pressão adequada. Entre em contato conosco;
Após o uso, aconselhamos limpar a joia com flanela de algodão para tirar possíveis resíduos de produtos como maquiagem e perfume;
Evite o contato com água do mar, cremes, perfumes e produtos químicos.";gid://shopify/Product/8608788119847
gid://shopify/Product/8608788349223;Brinco Especial De Ouro 18K Com Rodio Negro E Esmeralda;;;
gid://shopify/Metafield/31062003450151;;genero;"[""Feminino""]";gid://shopify/Product/8608788349223
gid://shopify/Metafield/31062003482919;;metal;Ouro Amarelo;gid://shopify/Product/8608788349223
gid://shopify/Metafield/31062003515687;;cobertura;Ródio Negro;gid://shopify/Product/8608788349223
gid://shopify/Metafield/31062003548455;;pedra;"[""Esmeralda""]";gid://shopify/Product/8608788349223
gid://shopify/Metafield/31062003581223;;cuidadospeca;"Evite o contato de uma joia com a outra. Guarde-as separadamente nas embalagens fornecidas pela Jack Vartanian;
Com o uso, fechos e tarraxas podem necessitar de ajustes para que fiquem com a pressão adequada. Entre em contato conosco;
Após o uso, aconselhamos limpar a joia com flanela de algodão para tirar possíveis resíduos de produtos como maquiagem e perfume;
Evite o contato com água do mar, cremes, perfumes e produtos químicos.";gid://shopify/Product/8608788349223
gid://shopify/Product/8608788480295;Brinco Especial De Ouro 18K Com Rodio Negro E Esmeralda;;;
gid://shopify/Metafield/31062004171047;;genero;"[""Feminino""]";gid://shopify/Product/8608788480295
gid://shopify/Metafield/31062004203815;;metal;Ouro Amarelo;gid://shopify/Product/8608788480295
gid://shopify/Metafield/31062004236583;;cobertura;Ródio Negro;gid://shopify/Product/8608788480295
gid://shopify/Metafield/31062004269351;;pedra;"[""Esmeralda""]";gid://shopify/Product/8608788480295
gid://shopify/Metafield/31062004302119;;cuidadospeca;"Evite o contato de uma joia com a outra. Guarde-as separadamente nas embalagens fornecidas pela Jack Vartanian;
Com o uso, fechos e tarraxas podem necessitar de ajustes para que fiquem com a pressão adequada. Entre em contato conosco;
Após o uso, aconselhamos limpar a joia com flanela de algodão para tirar possíveis resíduos de produtos como maquiagem e perfume;
Evite o contato com água do mar, cremes, perfumes e produtos químicos.";gid://shopify/Product/8608788480295
gid://shopify/Product/8608788676903;Brinco Especial De Ouro 18K Com Rodio Negro E Esmeralda;;;
gid://shopify/Metafield/31062004891943;;genero;"[""Feminino""]";gid://shopify/Product/8608788676903
gid://shopify/Metafield/31062004924711;;metal;Ouro Amarelo;gid://shopify/Product/8608788676903
gid://shopify/Metafield/31062004957479;;cobertura;Ródio Negro;gid://shopify/Product/8608788676903
gid://shopify/Metafield/31062004990247;;pedra;"[""Esmeralda""]";gid://shopify/Product/8608788676903
gid://shopify/Metafield/31062005023015;;cuidadospeca;"Evite o contato de uma joia com a outra. Guarde-as separadamente nas embalagens fornecidas pela Jack Vartanian;
Com o uso, fechos e tarraxas podem necessitar de ajustes para que fiquem com a pressão adequada. Entre em contato conosco;
Após o uso, aconselhamos limpar a joia com flanela de algodão para tirar possíveis resíduos de produtos como maquiagem e perfume;
Evite o contato com água do mar, cremes, perfumes e produtos químicos.";gid://shopify/Product/8608788676903
gid://shopify/Product/8608788775207;Brinco Especial De Ouro 18K Com Rodio Negro E Esmeralda;;;
gid://shopify/Metafield/31062005121319;;genero;"[""Feminino""]";gid://shopify/Product/8608788775207
gid://shopify/Metafield/31062005154087;;metal;Ouro Amarelo;gid://shopify/Product/8608788775207
gid://shopify/Metafield/31062005186855;;cobertura;Ródio Negro;gid://shopify/Product/8608788775207
gid://shopify/Metafield/31062005219623;;pedra;"[""Esmeralda""]";gid://shopify/Product/8608788775207
gid://shopify/Metafield/31062005252391;;cuidadospeca;"Evite o contato de uma joia com a outra. Guarde-as separadamente nas embalagens fornecidas pela Jack Vartanian;
Com o uso, fechos e tarraxas podem necessitar de ajustes para que fiquem com a pressão adequada. Entre em contato conosco;
Após o uso, aconselhamos limpar a joia com flanela de algodão para tirar possíveis resíduos de produtos como maquiagem e perfume;
Evite o contato com água do mar, cremes, perfumes e produtos químicos.";gid://shopify/Product/8608788775207
gid://shopify/Product/8608789201191;Brinco Lifestyle De Ouro 18K Com Rodio Negro E Diamante E Esmeralda;;;
gid://shopify/Metafield/31062006726951;;genero;"[""Feminino""]";gid://shopify/Product/8608789201191
gid://shopify/Metafield/31062006759719;;metal;Ouro Amarelo;gid://shopify/Product/8608789201191
gid://shopify/Metafield/31062006792487;;cobertura;Ródio Negro;gid://shopify/Product/8608789201191
gid://shopify/Metafield/31062006825255;;pedra;"[""Diamante"",""Esmeralda""]";gid://shopify/Product/8608789201191
gid://shopify/Metafield/31062006858023;;cuidadospeca;"Evite o contato de uma joia com a outra. Guarde-as separadamente nas embalagens fornecidas pela Jack Vartanian;
Com o uso, fechos e tarraxas podem necessitar de ajustes para que fiquem com a pressão adequada. Entre em contato conosco;
Após o uso, aconselhamos limpar a joia com flanela de algodão para tirar possíveis resíduos de produtos como maquiagem e perfume;
Evite o contato com água do mar, cremes, perfumes e produtos químicos.";gid://shopify/Product/8608789201191
gid://shopify/Product/8608789430567;Brinco Ear Cuff Maes 2013 De Ouro 18K Com Rodio Negro E Esmeralda;;;
gid://shopify/Metafield/31062007709991;;genero;"[""Feminino""]";gid://shopify/Product/8608789430567
gid://shopify/Metafield/31062007742759;;metal;Ouro Amarelo;gid://shopify/Product/8608789430567
gid://shopify/Metafield/31062007775527;;cobertura;Ródio Negro;gid://shopify/Product/8608789430567
gid://shopify/Metafield/31062007808295;;pedra;"[""Esmeralda""]";gid://shopify/Product/8608789430567
gid://shopify/Metafield/31062007841063;;cuidadospeca;"Evite o contato de uma joia com a outra. Guarde-as separadamente nas embalagens fornecidas pela Jack Vartanian;
Com o uso, fechos e tarraxas podem necessitar de ajustes para que fiquem com a pressão adequada. Entre em contato conosco;
Após o uso, aconselhamos limpar a joia com flanela de algodão para tirar possíveis resíduos de produtos como maquiagem e perfume;
Evite o contato com água do mar, cremes, perfumes e produtos químicos.";gid://shopify/Product/8608789430567
gid://shopify/Product/8608789594407;Brinco Rock Star De Ouro 18K Com Rodio Negro E Diamante E Safira;;;
gid://shopify/Metafield/31062008496423;;genero;"[""Feminino""]";gid://shopify/Product/8608789594407
gid://shopify/Metafield/31062008529191;;metal;Ouro Amarelo;gid://shopify/Product/8608789594407
gid://shopify/Metafield/31062008561959;;cobertura;Ródio Negro;gid://shopify/Product/8608789594407
gid://shopify/Metafield/31062008594727;;pedra;"[""Diamante"",""Safira""]";gid://shopify/Product/8608789594407
gid://shopify/Metafield/31062008627495;;cuidadospeca;"Evite o contato de uma joia com a outra. Guarde-as separadamente nas embalagens fornecidas pela Jack Vartanian;
Com o uso, fechos e tarraxas podem necessitar de ajustes para que fiquem com a pressão adequada. Entre em contato conosco;
Após o uso, aconselhamos limpar a joia com flanela de algodão para tirar possíveis resíduos de produtos como maquiagem e perfume;
Evite o contato com água do mar, cremes, perfumes e produtos químicos.";gid://shopify/Product/8608789594407
gid://shopify/Product/8608789758247;Brinco Tlj De Ouro 18K Com Rodio Negro E Diamante;;;
gid://shopify/Metafield/31062009053479;;genero;"[""Feminino""]";gid://shopify/Product/8608789758247
gid://shopify/Metafield/31062009086247;;metal;Ouro Amarelo;gid://shopify/Product/8608789758247
gid://shopify/Metafield/31062009119015;;cobertura;Ródio Negro;gid://shopify/Product/8608789758247
gid://shopify/Metafield/31062009151783;;pedra;"[""Diamante""]";gid://shopify/Product/8608789758247
gid://shopify/Metafield/31062009184551;;cuidadospeca;"Evite o contato de uma joia com a outra. Guarde-as separadamente nas embalagens fornecidas pela Jack Vartanian;
Com o uso, fechos e tarraxas podem necessitar de ajustes para que fiquem com a pressão adequada. Entre em contato conosco;
Após o uso, aconselhamos limpar a joia com flanela de algodão para tirar possíveis resíduos de produtos como maquiagem e perfume;
Evite o contato com água do mar, cremes, perfumes e produtos químicos.";gid://shopify/Product/8608789758247
gid://shopify/Product/8608789987623;Brinco Ear Cuff Universo De Ouro 18K Com Rodio Negro E Diamante;;;
gid://shopify/Metafield/31062010102055;;genero;"[""Feminino""]";gid://shopify/Product/8608789987623
gid://shopify/Metafield/31062010134823;;metal;Ouro Amarelo;gid://shopify/Product/8608789987623
gid://shopify/Metafield/31062010167591;;cobertura;Ródio Negro;gid://shopify/Product/8608789987623
gid://shopify/Metafield/31062010200359;;pedra;"[""Diamante""]";gid://shopify/Product/8608789987623
gid://shopify/Metafield/31062010233127;;cuidadospeca;"Evite o contato de uma joia com a outra. Guarde-as separadamente nas embalagens fornecidas pela Jack Vartanian;
Com o uso, fechos e tarraxas podem necessitar de ajustes para que fiquem com a pressão adequada. Entre em contato conosco;
Após o uso, aconselhamos limpar a joia com flanela de algodão para tirar possíveis resíduos de produtos como maquiagem e perfume;
Evite o contato com água do mar, cremes, perfumes e produtos químicos.";gid://shopify/Product/8608789987623
gid://shopify/Product/8608790184231;Brinco Ear Cuff Universo De Ouro 18K Com Rodio Negro E Turmalina Paraiba;;;
gid://shopify/Metafield/31062010757415;;genero;"[""Feminino""]";gid://shopify/Product/8608790184231
gid://shopify/Metafield/31062010790183;;metal;Ouro Amarelo;gid://shopify/Product/8608790184231
gid://shopify/Metafield/31062010822951;;cobertura;Ródio Negro;gid://shopify/Product/8608790184231
gid://shopify/Metafield/31062010855719;;pedra;"[""Turmalina Paraíba""]";gid://shopify/Product/8608790184231
gid://shopify/Metafield/31062010888487;;cuidadospeca;"Evite o contato de uma joia com a outra. Guarde-as separadamente nas embalagens fornecidas pela Jack Vartanian;
Com o uso, fechos e tarraxas podem necessitar de ajustes para que fiquem com a pressão adequada. Entre em contato conosco;
Após o uso, aconselhamos limpar a joia com flanela de algodão para tirar possíveis resíduos de produtos como maquiagem e perfume;
Evite o contato com água do mar, cremes, perfumes e produtos químicos.";gid://shopify/Product/8608790184231
gid://shopify/Product/8608790348071;Colar Choker De Ouro 18K Com Rodio Negro E Diamante;;;
gid://shopify/Metafield/31062011511079;;genero;"[""Feminino""]";gid://shopify/Product/8608790348071
gid://shopify/Metafield/31062011543847;;metal;Ouro Amarelo;gid://shopify/Product/8608790348071
gid://shopify/Metafield/31062011576615;;cobertura;Ródio Negro;gid://shopify/Product/8608790348071
gid://shopify/Metafield/31062011609383;;pedra;"[""Diamante""]";gid://shopify/Product/8608790348071
gid://shopify/Metafield/31062011642151;;cuidadospeca;"Evite o contato de uma joia com a outra. Guarde-as separadamente nas embalagens fornecidas pela Jack Vartanian;
Com o uso, fechos e tarraxas podem necessitar de ajustes para que fiquem com a pressão adequada. Entre em contato conosco;
Após o uso, aconselhamos limpar a joia com flanela de algodão para tirar possíveis resíduos de produtos como maquiagem e perfume;
Evite o contato com água do mar, cremes, perfumes e produtos químicos.";gid://shopify/Product/8608790348071
gid://shopify/Product/8608790479143;Colar Clássico De Ouro Branco 18K E Diamante;;;
gid://shopify/Metafield/31062011773223;;genero;"[""Feminino""]";gid://shopify/Product/8608790479143
gid://shopify/Metafield/31062011805991;;metal;Ouro Branco;gid://shopify/Product/8608790479143
gid://shopify/Metafield/31062011904295;;cobertura;Ouro Branco;gid://shopify/Product/8608790479143
gid://shopify/Metafield/31062012002599;;pedra;"[""Diamante""]";gid://shopify/Product/8608790479143
gid://shopify/Metafield/31062012035367;;cuidadospeca;"Evite o contato de uma joia com a outra. Guarde-as separadamente nas embalagens fornecidas pela Jack Vartanian;
Com o uso, fechos e tarraxas podem necessitar de ajustes para que fiquem com a pressão adequada. Entre em contato conosco;
Após o uso, aconselhamos limpar a joia com flanela de algodão para tirar possíveis resíduos de produtos como maquiagem e perfume;
Evite o contato com água do mar, cremes, perfumes e produtos químicos.";gid://shopify/Product/8608790479143
gid://shopify/Product/8608790642983;Colar Clássico De Ouro 18K Com Rodio Negro E Diamante;;;
gid://shopify/Metafield/31062012690727;;genero;"[""Feminino""]";gid://shopify/Product/8608790642983
gid://shopify/Metafield/31062012723495;;metal;Ouro Amarelo;gid://shopify/Product/8608790642983
gid://shopify/Metafield/31062012756263;;cobertura;Ródio Negro;gid://shopify/Product/8608790642983
gid://shopify/Metafield/31062012789031;;pedra;"[""Diamante""]";gid://shopify/Product/8608790642983
gid://shopify/Metafield/31062012821799;;cuidadospeca;"Evite o contato de uma joia com a outra. Guarde-as separadamente nas embalagens fornecidas pela Jack Vartanian;
Com o uso, fechos e tarraxas podem necessitar de ajustes para que fiquem com a pressão adequada. Entre em contato conosco;
Após o uso, aconselhamos limpar a joia com flanela de algodão para tirar possíveis resíduos de produtos como maquiagem e perfume;
Evite o contato com água do mar, cremes, perfumes e produtos químicos.";gid://shopify/Product/8608790642983
gid://shopify/Product/8608790839591;Colar Clássico De Ouro Branco 18K E Diamante;;;
gid://shopify/Metafield/31062013378855;;genero;"[""Feminino""]";gid://shopify/Product/8608790839591
gid://shopify/Metafield/31062013411623;;metal;Ouro Branco;gid://shopify/Product/8608790839591
gid://shopify/Metafield/31062013444391;;cobertura;Ouro Branco;gid://shopify/Product/8608790839591
gid://shopify/Metafield/31062013477159;;pedra;"[""Diamante""]";gid://shopify/Product/8608790839591
gid://shopify/Metafield/31062013509927;;cuidadospeca;"Evite o contato de uma joia com a outra. Guarde-as separadamente nas embalagens fornecidas pela Jack Vartanian;
Com o uso, fechos e tarraxas podem necessitar de ajustes para que fiquem com a pressão adequada. Entre em contato conosco;
Após o uso, aconselhamos limpar a joia com flanela de algodão para tirar possíveis resíduos de produtos como maquiagem e perfume;
Evite o contato com água do mar, cremes, perfumes e produtos químicos.";gid://shopify/Product/8608790839591
gid://shopify/Product/8608791003431;Colar Clássico De Ouro 18K Com Rodio Negro E Diamante Negro;;;
gid://shopify/Metafield/31062013673767;;genero;"[""Feminino""]";gid://shopify/Product/8608791003431
gid://shopify/Metafield/31062013739303;;metal;Ouro Amarelo;gid://shopify/Product/8608791003431
gid://shopify/Metafield/31062013772071;;cobertura;Ródio Negro;gid://shopify/Product/8608791003431
gid://shopify/Metafield/31062013870375;;pedra;"[""Diamante Negro""]";gid://shopify/Product/8608791003431
gid://shopify/Metafield/31062013935911;;cuidadospeca;"Evite o contato de uma joia com a outra. Guarde-as separadamente nas embalagens fornecidas pela Jack Vartanian;
Com o uso, fechos e tarraxas podem necessitar de ajustes para que fiquem com a pressão adequada. Entre em contato conosco;
Após o uso, aconselhamos limpar a joia com flanela de algodão para tirar possíveis resíduos de produtos como maquiagem e perfume;
Evite o contato com água do mar, cremes, perfumes e produtos químicos.";gid://shopify/Product/8608791003431
gid://shopify/Product/8608791134503;Colar Especial De Ouro 18K Com Rodio Negro E Turmalina Paraiba;;;
gid://shopify/Metafield/31062014230823;;genero;"[""Feminino""]";gid://shopify/Product/8608791134503
gid://shopify/Metafield/31062014263591;;metal;Ouro Amarelo;gid://shopify/Product/8608791134503
gid://shopify/Metafield/31062014296359;;cobertura;Ródio Negro;gid://shopify/Product/8608791134503
gid://shopify/Metafield/31062014329127;;pedra;"[""Turmalina Paraíba""]";gid://shopify/Product/8608791134503
gid://shopify/Metafield/31062014394663;;cuidadospeca;"Evite o contato de uma joia com a outra. Guarde-as separadamente nas embalagens fornecidas pela Jack Vartanian;
Com o uso, fechos e tarraxas podem necessitar de ajustes para que fiquem com a pressão adequada. Entre em contato conosco;
Após o uso, aconselhamos limpar a joia com flanela de algodão para tirar possíveis resíduos de produtos como maquiagem e perfume;
Evite o contato com água do mar, cremes, perfumes e produtos químicos.";gid://shopify/Product/8608791134503
gid://shopify/Product/8608791232807;Colar Especial De Ouro 18K Com Rodio Negro E Safira;;;
gid://shopify/Metafield/31062015017255;;genero;"[""Feminino""]";gid://shopify/Product/8608791232807
gid://shopify/Metafield/31062015050023;;metal;Ouro Amarelo;gid://shopify/Product/8608791232807
gid://shopify/Metafield/31062015082791;;cobertura;Ródio Negro;gid://shopify/Product/8608791232807
gid://shopify/Metafield/31062015115559;;pedra;"[""Safira""]";gid://shopify/Product/8608791232807
gid://shopify/Metafield/31062015148327;;cuidadospeca;"Evite o contato de uma joia com a outra. Guarde-as separadamente nas embalagens fornecidas pela Jack Vartanian;
Com o uso, fechos e tarraxas podem necessitar de ajustes para que fiquem com a pressão adequada. Entre em contato conosco;
Após o uso, aconselhamos limpar a joia com flanela de algodão para tirar possíveis resíduos de produtos como maquiagem e perfume;
Evite o contato com água do mar, cremes, perfumes e produtos químicos.";gid://shopify/Product/8608791232807
gid://shopify/Product/8608791429415;Colar Especial De Ouro 18K Com Rodio Negro E Diamante E Turmalina Paraiba;;;
gid://shopify/Metafield/31062015213863;;genero;"[""Feminino""]";gid://shopify/Product/8608791429415
gid://shopify/Metafield/31062015246631;;metal;Ouro Amarelo;gid://shopify/Product/8608791429415
gid://shopify/Metafield/31062015279399;;cobertura;Ródio Negro;gid://shopify/Product/8608791429415
gid://shopify/Metafield/31062015312167;;pedra;"[""Diamante"",""Turmalina Paraíba""]";gid://shopify/Product/8608791429415
gid://shopify/Metafield/31062015344935;;cuidadospeca;"Evite o contato de uma joia com a outra. Guarde-as separadamente nas embalagens fornecidas pela Jack Vartanian;
Com o uso, fechos e tarraxas podem necessitar de ajustes para que fiquem com a pressão adequada. Entre em contato conosco;
Após o uso, aconselhamos limpar a joia com flanela de algodão para tirar possíveis resíduos de produtos como maquiagem e perfume;
Evite o contato com água do mar, cremes, perfumes e produtos químicos.";gid://shopify/Product/8608791429415
gid://shopify/Product/8608791757095;Colar Especial De Ouro 18K Com Rodio Negro E Esmeralda;;;
gid://shopify/Metafield/31062015901991;;genero;"[""Feminino""]";gid://shopify/Product/8608791757095
gid://shopify/Metafield/31062015934759;;metal;Ouro Amarelo;gid://shopify/Product/8608791757095
gid://shopify/Metafield/31062015967527;;cobertura;Ródio Negro;gid://shopify/Product/8608791757095
gid://shopify/Metafield/31062016000295;;pedra;"[""Esmeralda""]";gid://shopify/Product/8608791757095
gid://shopify/Metafield/31062016033063;;cuidadospeca;"Evite o contato de uma joia com a outra. Guarde-as separadamente nas embalagens fornecidas pela Jack Vartanian;
Com o uso, fechos e tarraxas podem necessitar de ajustes para que fiquem com a pressão adequada. Entre em contato conosco;
Após o uso, aconselhamos limpar a joia com flanela de algodão para tirar possíveis resíduos de produtos como maquiagem e perfume;
Evite o contato com água do mar, cremes, perfumes e produtos químicos.";gid://shopify/Product/8608791757095
gid://shopify/Product/8608791953703;Colar Especial De Ouro 18K Com Rodio Negro E Esmeralda;;;
gid://shopify/Metafield/31062016655655;;genero;"[""Feminino""]";gid://shopify/Product/8608791953703
gid://shopify/Metafield/31062016688423;;metal;Ouro Amarelo;gid://shopify/Product/8608791953703
gid://shopify/Metafield/31062016721191;;cobertura;Ródio Negro;gid://shopify/Product/8608791953703
gid://shopify/Metafield/31062016753959;;pedra;"[""Esmeralda""]";gid://shopify/Product/8608791953703
gid://shopify/Metafield/31062016786727;;cuidadospeca;"Evite o contato de uma joia com a outra. Guarde-as separadamente nas embalagens fornecidas pela Jack Vartanian;
Com o uso, fechos e tarraxas podem necessitar de ajustes para que fiquem com a pressão adequada. Entre em contato conosco;
Após o uso, aconselhamos limpar a joia com flanela de algodão para tirar possíveis resíduos de produtos como maquiagem e perfume;
Evite o contato com água do mar, cremes, perfumes e produtos químicos.";gid://shopify/Product/8608791953703
gid://shopify/Product/8608792150311;Colar Especial De Ouro 18K Com Rodio Negro E Rubi;;;
gid://shopify/Metafield/31062017442087;;genero;"[""Feminino""]";gid://shopify/Product/8608792150311
gid://shopify/Metafield/31062017474855;;metal;Ouro Amarelo;gid://shopify/Product/8608792150311
gid://shopify/Metafield/31062017507623;;cobertura;Ródio Negro;gid://shopify/Product/8608792150311
gid://shopify/Metafield/31062017540391;;pedra;"[""Rubi""]";gid://shopify/Product/8608792150311
gid://shopify/Metafield/31062017573159;;cuidadospeca;"Evite o contato de uma joia com a outra. Guarde-as separadamente nas embalagens fornecidas pela Jack Vartanian;
Com o uso, fechos e tarraxas podem necessitar de ajustes para que fiquem com a pressão adequada. Entre em contato conosco;
Após o uso, aconselhamos limpar a joia com flanela de algodão para tirar possíveis resíduos de produtos como maquiagem e perfume;
Evite o contato com água do mar, cremes, perfumes e produtos químicos.";gid://shopify/Product/8608792150311
gid://shopify/Product/8608792445223;Colar Especial De Ouro 18K Com Rodio Negro E Esmeralda;;;
gid://shopify/Metafield/31062018162983;;genero;"[""Feminino""]";gid://shopify/Product/8608792445223
gid://shopify/Metafield/31062018261287;;metal;Ouro Amarelo;gid://shopify/Product/8608792445223
gid://shopify/Metafield/31062018294055;;cobertura;Ródio Negro;gid://shopify/Product/8608792445223
gid://shopify/Metafield/31062018359591;;pedra;"[""Esmeralda""]";gid://shopify/Product/8608792445223
gid://shopify/Metafield/31062018425127;;cuidadospeca;"Evite o contato de uma joia com a outra. Guarde-as separadamente nas embalagens fornecidas pela Jack Vartanian;
Com o uso, fechos e tarraxas podem necessitar de ajustes para que fiquem com a pressão adequada. Entre em contato conosco;
Após o uso, aconselhamos limpar a joia com flanela de algodão para tirar possíveis resíduos de produtos como maquiagem e perfume;
Evite o contato com água do mar, cremes, perfumes e produtos químicos.";gid://shopify/Product/8608792445223
gid://shopify/Product/8608792576295;Colar Especial De Ouro 18K Com Rodio Negro E Diamante Negro;;;
gid://shopify/Metafield/31062018588967;;genero;"[""Feminino""]";gid://shopify/Product/8608792576295
gid://shopify/Metafield/31062018621735;;metal;Ouro Amarelo;gid://shopify/Product/8608792576295
gid://shopify/Metafield/31062018654503;;cobertura;Ródio Negro;gid://shopify/Product/8608792576295
gid://shopify/Metafield/31062018687271;;pedra;"[""Diamante Negro""]";gid://shopify/Product/8608792576295
gid://shopify/Metafield/31062018720039;;cuidadospeca;"Evite o contato de uma joia com a outra. Guarde-as separadamente nas embalagens fornecidas pela Jack Vartanian;
Com o uso, fechos e tarraxas podem necessitar de ajustes para que fiquem com a pressão adequada. Entre em contato conosco;
Após o uso, aconselhamos limpar a joia com flanela de algodão para tirar possíveis resíduos de produtos como maquiagem e perfume;
Evite o contato com água do mar, cremes, perfumes e produtos químicos.";gid://shopify/Product/8608792576295
gid://shopify/Product/8608792969511;Colar Love Ny De Ouro Amarelo 18K E Diamante - P;;;
gid://shopify/Metafield/31062020292903;;genero;"[""Feminino""]";gid://shopify/Product/8608792969511
gid://shopify/Metafield/31062020325671;;metal;Ouro Amarelo;gid://shopify/Product/8608792969511
gid://shopify/Metafield/31062020358439;;cobertura;Ouro Amarelo;gid://shopify/Product/8608792969511
gid://shopify/Metafield/31062020391207;;pedra;"[""Diamante""]";gid://shopify/Product/8608792969511
gid://shopify/Metafield/31062020423975;;cuidadospeca;"Evite o contato de uma joia com a outra. Guarde-as separadamente nas embalagens fornecidas pela Jack Vartanian;
Com o uso, fechos e tarraxas podem necessitar de ajustes para que fiquem com a pressão adequada. Entre em contato conosco;
Após o uso, aconselhamos limpar a joia com flanela de algodão para tirar possíveis resíduos de produtos como maquiagem e perfume;
Evite o contato com água do mar, cremes, perfumes e produtos químicos.";gid://shopify/Product/8608792969511
gid://shopify/Product/8608793493799;Colar Pura De Ouro 18K Com Rodio Negro E Rubi;;;
gid://shopify/Metafield/31062021570855;;genero;"[""Feminino""]";gid://shopify/Product/8608793493799
gid://shopify/Metafield/31062021603623;;metal;Ouro Amarelo;gid://shopify/Product/8608793493799
gid://shopify/Metafield/31062021636391;;cobertura;Ródio Negro;gid://shopify/Product/8608793493799
gid://shopify/Metafield/31062021669159;;pedra;"[""Rubi""]";gid://shopify/Product/8608793493799
gid://shopify/Metafield/31062021701927;;cuidadospeca;"Evite o contato de uma joia com a outra. Guarde-as separadamente nas embalagens fornecidas pela Jack Vartanian;
Com o uso, fechos e tarraxas podem necessitar de ajustes para que fiquem com a pressão adequada. Entre em contato conosco;
Após o uso, aconselhamos limpar a joia com flanela de algodão para tirar possíveis resíduos de produtos como maquiagem e perfume;
Evite o contato com água do mar, cremes, perfumes e produtos químicos.";gid://shopify/Product/8608793493799
gid://shopify/Product/8608793755943;Colar Pura De Ouro 18K Com Rodio Negro E Turmalina Paraiba;;;
gid://shopify/Metafield/31062022291751;;genero;"[""Feminino""]";gid://shopify/Product/8608793755943
gid://shopify/Metafield/31062022324519;;metal;Ouro Amarelo;gid://shopify/Product/8608793755943
gid://shopify/Metafield/31062022357287;;cobertura;Ródio Negro;gid://shopify/Product/8608793755943
gid://shopify/Metafield/31062022390055;;pedra;"[""Turmalina Paraíba""]";gid://shopify/Product/8608793755943
gid://shopify/Metafield/31062022422823;;cuidadospeca;"Evite o contato de uma joia com a outra. Guarde-as separadamente nas embalagens fornecidas pela Jack Vartanian;
Com o uso, fechos e tarraxas podem necessitar de ajustes para que fiquem com a pressão adequada. Entre em contato conosco;
Após o uso, aconselhamos limpar a joia com flanela de algodão para tirar possíveis resíduos de produtos como maquiagem e perfume;
Evite o contato com água do mar, cremes, perfumes e produtos químicos.";gid://shopify/Product/8608793755943
gid://shopify/Product/8608793952551;Colar Tlj De Ouro Branco 18K E Diamante;;;
gid://shopify/Metafield/31062022881575;;genero;"[""Feminino""]";gid://shopify/Product/8608793952551
gid://shopify/Metafield/31062022947111;;metal;Ouro Branco;gid://shopify/Product/8608793952551
gid://shopify/Metafield/31062022979879;;cobertura;Ouro Branco;gid://shopify/Product/8608793952551
gid://shopify/Metafield/31062023078183;;pedra;"[""Diamante""]";gid://shopify/Product/8608793952551
gid://shopify/Metafield/31062023110951;;cuidadospeca;"Evite o contato de uma joia com a outra. Guarde-as separadamente nas embalagens fornecidas pela Jack Vartanian;
Com o uso, fechos e tarraxas podem necessitar de ajustes para que fiquem com a pressão adequada. Entre em contato conosco;
Após o uso, aconselhamos limpar a joia com flanela de algodão para tirar possíveis resíduos de produtos como maquiagem e perfume;
Evite o contato com água do mar, cremes, perfumes e produtos químicos.";gid://shopify/Product/8608793952551
gid://shopify/Product/8608794247463;Corrente Clássico De Ouro 18K Com Rodio Negro;;;
gid://shopify/Metafield/31062023143719;;genero;"[""Feminino""]";gid://shopify/Product/8608794247463
gid://shopify/Metafield/31062023176487;;metal;Ouro Amarelo;gid://shopify/Product/8608794247463
gid://shopify/Metafield/31062023209255;;cobertura;Ródio Negro;gid://shopify/Product/8608794247463
gid://shopify/Metafield/31062023242023;;cuidadospeca;"Evite o contato de uma joia com a outra. Guarde-as separadamente nas embalagens fornecidas pela Jack Vartanian;
Com o uso, fechos e tarraxas podem necessitar de ajustes para que fiquem com a pressão adequada. Entre em contato conosco;
Após o uso, aconselhamos limpar a joia com flanela de algodão para tirar possíveis resíduos de produtos como maquiagem e perfume;
Evite o contato com água do mar, cremes, perfumes e produtos químicos.";gid://shopify/Product/8608794247463
gid://shopify/Product/8608794542375;Corrente Clássico De Ouro Amarelo 18K;;;
gid://shopify/Metafield/31062023864615;;genero;"[""Feminino""]";gid://shopify/Product/8608794542375
gid://shopify/Metafield/31062023897383;;metal;Ouro Amarelo;gid://shopify/Product/8608794542375
gid://shopify/Metafield/31062023930151;;cobertura;Ouro Amarelo;gid://shopify/Product/8608794542375
gid://shopify/Metafield/31062023962919;;cuidadospeca;"Evite o contato de uma joia com a outra. Guarde-as separadamente nas embalagens fornecidas pela Jack Vartanian;
Com o uso, fechos e tarraxas podem necessitar de ajustes para que fiquem com a pressão adequada. Entre em contato conosco;
Após o uso, aconselhamos limpar a joia com flanela de algodão para tirar possíveis resíduos de produtos como maquiagem e perfume;
Evite o contato com água do mar, cremes, perfumes e produtos químicos.";gid://shopify/Product/8608794542375
gid://shopify/Product/8608794673447;Corrente Clássico De Ouro 18K Com Rodio Negro;;;
gid://shopify/Metafield/31062024585511;;genero;"[""Feminino""]";gid://shopify/Product/8608794673447
gid://shopify/Metafield/31062024618279;;metal;Ouro Amarelo;gid://shopify/Product/8608794673447
gid://shopify/Metafield/31062024651047;;cobertura;Ródio Negro;gid://shopify/Product/8608794673447
gid://shopify/Metafield/31062024683815;;cuidadospeca;"Evite o contato de uma joia com a outra. Guarde-as separadamente nas embalagens fornecidas pela Jack Vartanian;
Com o uso, fechos e tarraxas podem necessitar de ajustes para que fiquem com a pressão adequada. Entre em contato conosco;
Após o uso, aconselhamos limpar a joia com flanela de algodão para tirar possíveis resíduos de produtos como maquiagem e perfume;
Evite o contato com água do mar, cremes, perfumes e produtos químicos.";gid://shopify/Product/8608794673447
gid://shopify/Product/8608794837287;Corrente Clássico De Ouro Branco 18K;;;
gid://shopify/Metafield/31062024716583;;genero;"[""Feminino""]";gid://shopify/Product/8608794837287
gid://shopify/Metafield/31062024749351;;metal;Ouro Branco;gid://shopify/Product/8608794837287
gid://shopify/Metafield/31062024782119;;cobertura;Ouro Branco;gid://shopify/Product/8608794837287
gid://shopify/Metafield/31062024814887;;cuidadospeca;"Evite o contato de uma joia com a outra. Guarde-as separadamente nas embalagens fornecidas pela Jack Vartanian;
Com o uso, fechos e tarraxas podem necessitar de ajustes para que fiquem com a pressão adequada. Entre em contato conosco;
Após o uso, aconselhamos limpar a joia com flanela de algodão para tirar possíveis resíduos de produtos como maquiagem e perfume;
Evite o contato com água do mar, cremes, perfumes e produtos químicos.";gid://shopify/Product/8608794837287
gid://shopify/Product/8608795033895;Corrente Clássico De Ouro Rosa 18K;;;
gid://shopify/Metafield/31062025371943;;genero;"[""Feminino""]";gid://shopify/Product/8608795033895
gid://shopify/Metafield/31062025404711;;metal;Ouro Rosa;gid://shopify/Product/8608795033895
gid://shopify/Metafield/31062025437479;;cobertura;Ouro Rosa;gid://shopify/Product/8608795033895
gid://shopify/Metafield/31062025470247;;cuidadospeca;"Evite o contato de uma joia com a outra. Guarde-as separadamente nas embalagens fornecidas pela Jack Vartanian;
Com o uso, fechos e tarraxas podem necessitar de ajustes para que fiquem com a pressão adequada. Entre em contato conosco;
Após o uso, aconselhamos limpar a joia com flanela de algodão para tirar possíveis resíduos de produtos como maquiagem e perfume;
Evite o contato com água do mar, cremes, perfumes e produtos químicos.";gid://shopify/Product/8608795033895
gid://shopify/Product/8608795164967;Corrente Clássico De Ouro Rosa 18K;;;
gid://shopify/Metafield/31062026027303;;genero;"[""Feminino""]";gid://shopify/Product/8608795164967
gid://shopify/Metafield/31062026060071;;metal;Ouro Rosa;gid://shopify/Product/8608795164967
gid://shopify/Metafield/31062026092839;;cobertura;Ouro Rosa;gid://shopify/Product/8608795164967
gid://shopify/Metafield/31062026125607;;cuidadospeca;"Evite o contato de uma joia com a outra. Guarde-as separadamente nas embalagens fornecidas pela Jack Vartanian;
Com o uso, fechos e tarraxas podem necessitar de ajustes para que fiquem com a pressão adequada. Entre em contato conosco;
Após o uso, aconselhamos limpar a joia com flanela de algodão para tirar possíveis resíduos de produtos como maquiagem e perfume;
Evite o contato com água do mar, cremes, perfumes e produtos químicos.";gid://shopify/Product/8608795164967
gid://shopify/Product/8608795328807;Corrente Clássico De Ouro 18K Com Rodio Negro;;;
gid://shopify/Metafield/31062026158375;;genero;"[""Feminino""]";gid://shopify/Product/8608795328807
gid://shopify/Metafield/31062026191143;;metal;Ouro Amarelo;gid://shopify/Product/8608795328807
gid://shopify/Metafield/31062026223911;;cobertura;Ródio Negro;gid://shopify/Product/8608795328807
gid://shopify/Metafield/31062026256679;;cuidadospeca;"Evite o contato de uma joia com a outra. Guarde-as separadamente nas embalagens fornecidas pela Jack Vartanian;
Com o uso, fechos e tarraxas podem necessitar de ajustes para que fiquem com a pressão adequada. Entre em contato conosco;
Após o uso, aconselhamos limpar a joia com flanela de algodão para tirar possíveis resíduos de produtos como maquiagem e perfume;
Evite o contato com água do mar, cremes, perfumes e produtos químicos.";gid://shopify/Product/8608795328807
gid://shopify/Product/8608795394343;Corrente Clássico De Ouro Rosa 18K;;;
gid://shopify/Metafield/31062026813735;;genero;"[""Feminino""]";gid://shopify/Product/8608795394343
gid://shopify/Metafield/31062026846503;;metal;Ouro Rosa;gid://shopify/Product/8608795394343
gid://shopify/Metafield/31062026879271;;cobertura;Ouro Rosa;gid://shopify/Product/8608795394343
gid://shopify/Metafield/31062026912039;;cuidadospeca;"Evite o contato de uma joia com a outra. Guarde-as separadamente nas embalagens fornecidas pela Jack Vartanian;
Com o uso, fechos e tarraxas podem necessitar de ajustes para que fiquem com a pressão adequada. Entre em contato conosco;
Após o uso, aconselhamos limpar a joia com flanela de algodão para tirar possíveis resíduos de produtos como maquiagem e perfume;
Evite o contato com água do mar, cremes, perfumes e produtos químicos.";gid://shopify/Product/8608795394343
gid://shopify/Product/8608795590951;Piercing Savage De Ouro 18K Com Rodio Negro E Esmeralda - P;;;
gid://shopify/Metafield/31062027469095;;genero;"[""Feminino""]";gid://shopify/Product/8608795590951
gid://shopify/Metafield/31062027501863;;metal;Ouro Amarelo;gid://shopify/Product/8608795590951
gid://shopify/Metafield/31062027534631;;cobertura;Ródio Negro;gid://shopify/Product/8608795590951
gid://shopify/Metafield/31062027567399;;pedra;"[""Esmeralda""]";gid://shopify/Product/8608795590951
gid://shopify/Metafield/31062027600167;;cuidadospeca;"Evite o contato de uma joia com a outra. Guarde-as separadamente nas embalagens fornecidas pela Jack Vartanian;
Com o uso, fechos e tarraxas podem necessitar de ajustes para que fiquem com a pressão adequada. Entre em contato conosco;
Após o uso, aconselhamos limpar a joia com flanela de algodão para tirar possíveis resíduos de produtos como maquiagem e perfume;
Evite o contato com água do mar, cremes, perfumes e produtos químicos.";gid://shopify/Product/8608795590951
gid://shopify/Product/8608795820327;Brinco Savage De Ouro 18K Com Rodio Negro E Diamante Negro - P;;;
gid://shopify/Metafield/31062027632935;;genero;"[""Feminino""]";gid://shopify/Product/8608795820327
gid://shopify/Metafield/31062027665703;;metal;Ouro Amarelo;gid://shopify/Product/8608795820327
gid://shopify/Metafield/31062027698471;;cobertura;Ródio Negro;gid://shopify/Product/8608795820327
gid://shopify/Metafield/31062027731239;;pedra;"[""Diamante Negro""]";gid://shopify/Product/8608795820327
gid://shopify/Metafield/31062027764007;;cuidadospeca;"Evite o contato de uma joia com a outra. Guarde-as separadamente nas embalagens fornecidas pela Jack Vartanian;
Com o uso, fechos e tarraxas podem necessitar de ajustes para que fiquem com a pressão adequada. Entre em contato conosco;
Após o uso, aconselhamos limpar a joia com flanela de algodão para tirar possíveis resíduos de produtos como maquiagem e perfume;
Evite o contato com água do mar, cremes, perfumes e produtos químicos.";gid://shopify/Product/8608795820327
gid://shopify/Product/8608795951399;Brinco Savage De Ouro 18K Com Rodio Negro E Rubi - P;;;
gid://shopify/Metafield/31062028321063;;genero;"[""Feminino""]";gid://shopify/Product/8608795951399
gid://shopify/Metafield/31062028353831;;metal;Ouro Amarelo;gid://shopify/Product/8608795951399
gid://shopify/Metafield/31062028386599;;cobertura;Ródio Negro;gid://shopify/Product/8608795951399
gid://shopify/Metafield/31062028419367;;pedra;"[""Rubi""]";gid://shopify/Product/8608795951399
gid://shopify/Metafield/31062028452135;;cuidadospeca;"Evite o contato de uma joia com a outra. Guarde-as separadamente nas embalagens fornecidas pela Jack Vartanian;
Com o uso, fechos e tarraxas podem necessitar de ajustes para que fiquem com a pressão adequada. Entre em contato conosco;
Após o uso, aconselhamos limpar a joia com flanela de algodão para tirar possíveis resíduos de produtos como maquiagem e perfume;
Evite o contato com água do mar, cremes, perfumes e produtos químicos.";gid://shopify/Product/8608795951399
gid://shopify/Product/8608796049703;Pingente Celebrate De Ouro Branco 18K E Esmeralda;;;
gid://shopify/Metafield/31062028517671;;genero;"[""Feminino""]";gid://shopify/Product/8608796049703
gid://shopify/Metafield/31062028550439;;metal;Ouro Branco;gid://shopify/Product/8608796049703
gid://shopify/Metafield/31062028583207;;cobertura;Ouro Branco;gid://shopify/Product/8608796049703
gid://shopify/Metafield/31062028615975;;pedra;"[""Esmeralda""]";gid://shopify/Product/8608796049703
gid://shopify/Metafield/31062028648743;;cuidadospeca;"Evite o contato de uma joia com a outra. Guarde-as separadamente nas embalagens fornecidas pela Jack Vartanian;
Com o uso, fechos e tarraxas podem necessitar de ajustes para que fiquem com a pressão adequada. Entre em contato conosco;
Após o uso, aconselhamos limpar a joia com flanela de algodão para tirar possíveis resíduos de produtos como maquiagem e perfume;
Evite o contato com água do mar, cremes, perfumes e produtos químicos.";gid://shopify/Product/8608796049703
gid://shopify/Product/8608797688103;Pingente Rock Chain De Prata Com Ouro Amarelo - G;;;
gid://shopify/Metafield/31062033039655;;genero;"[""Feminino""]";gid://shopify/Product/8608797688103
gid://shopify/Metafield/31062033072423;;metal;Prata;gid://shopify/Product/8608797688103
gid://shopify/Metafield/31062033105191;;cobertura;Ouro Amarelo;gid://shopify/Product/8608797688103
gid://shopify/Metafield/31062033137959;;cuidadospeca;"Evite o contato de uma joia com a outra. Guarde-as separadamente nas embalagens fornecidas pela Jack Vartanian;
Com o uso, fechos e tarraxas podem necessitar de ajustes para que fiquem com a pressão adequada. Entre em contato conosco;
Após o uso, aconselhamos limpar a joia com flanela de algodão para tirar possíveis resíduos de produtos como maquiagem e perfume;
Evite o contato com água do mar, cremes, perfumes e produtos químicos;
Para peças em prata o primeiro banho é cortesia;
Para peças ocas, evite atritos ou batidas.";gid://shopify/Product/8608797688103
gid://shopify/Product/8608797851943;Pingente Rock Chain De Prata Com Ouro Amarelo - P;;;
gid://shopify/Metafield/31062033170727;;genero;"[""Feminino""]";gid://shopify/Product/8608797851943
gid://shopify/Metafield/31062033203495;;metal;Prata;gid://shopify/Product/8608797851943
gid://shopify/Metafield/31062033236263;;cobertura;Ouro Amarelo;gid://shopify/Product/8608797851943
gid://shopify/Metafield/31062033269031;;cuidadospeca;"Evite o contato de uma joia com a outra. Guarde-as separadamente nas embalagens fornecidas pela Jack Vartanian;
Com o uso, fechos e tarraxas podem necessitar de ajustes para que fiquem com a pressão adequada. Entre em contato conosco;
Após o uso, aconselhamos limpar a joia com flanela de algodão para tirar possíveis resíduos de produtos como maquiagem e perfume;
Evite o contato com água do mar, cremes, perfumes e produtos químicos;
Para peças em prata o primeiro banho é cortesia;
Para peças ocas, evite atritos ou batidas.";gid://shopify/Product/8608797851943
gid://shopify/Product/8608798998823;Pingente Rock Chain De Prata Com Ouro Amarelo E Quartzo Negro - P;;;
gid://shopify/Metafield/31062037004583;;genero;"[""Feminino""]";gid://shopify/Product/8608798998823
gid://shopify/Metafield/31062037037351;;metal;Prata;gid://shopify/Product/8608798998823
gid://shopify/Metafield/31062037070119;;cobertura;Ouro Amarelo;gid://shopify/Product/8608798998823
gid://shopify/Metafield/31062037102887;;pedra;"[""Quartzo Negro""]";gid://shopify/Product/8608798998823
gid://shopify/Metafield/31062037135655;;cuidadospeca;"Evite o contato de uma joia com a outra. Guarde-as separadamente nas embalagens fornecidas pela Jack Vartanian;
Com o uso, fechos e tarraxas podem necessitar de ajustes para que fiquem com a pressão adequada. Entre em contato conosco;
Após o uso, aconselhamos limpar a joia com flanela de algodão para tirar possíveis resíduos de produtos como maquiagem e perfume;
Evite o contato com água do mar, cremes, perfumes e produtos químicos;
Para peças em prata o primeiro banho é cortesia;
Para peças ocas, evite atritos ou batidas.";gid://shopify/Product/8608798998823
gid://shopify/Product/8608799555879;Pingente Rock Chain De Prata Com Ouro Amarelo E Quartzo Negro - P;;;
gid://shopify/Metafield/31062039068967;;genero;"[""Feminino""]";gid://shopify/Product/8608799555879
gid://shopify/Metafield/31062039101735;;metal;Prata;gid://shopify/Product/8608799555879
gid://shopify/Metafield/31062039134503;;cobertura;Ouro Amarelo;gid://shopify/Product/8608799555879
gid://shopify/Metafield/31062039200039;;pedra;"[""Quartzo Negro""]";gid://shopify/Product/8608799555879
gid://shopify/Metafield/31062039232807;;cuidadospeca;"Evite o contato de uma joia com a outra. Guarde-as separadamente nas embalagens fornecidas pela Jack Vartanian;
Com o uso, fechos e tarraxas podem necessitar de ajustes para que fiquem com a pressão adequada. Entre em contato conosco;
Após o uso, aconselhamos limpar a joia com flanela de algodão para tirar possíveis resíduos de produtos como maquiagem e perfume;
Evite o contato com água do mar, cremes, perfumes e produtos químicos;
Para peças em prata o primeiro banho é cortesia;
Para peças ocas, evite atritos ou batidas.";gid://shopify/Product/8608799555879
gid://shopify/Product/8608800669991;Pulseira Clássico De Ouro Branco 18K E Diamante Negro;;;
gid://shopify/Metafield/31062041919783;;genero;"[""Feminino""]";gid://shopify/Product/8608800669991
gid://shopify/Metafield/31062041952551;;metal;Ouro Branco;gid://shopify/Product/8608800669991
gid://shopify/Metafield/31062041985319;;cobertura;Ouro Branco;gid://shopify/Product/8608800669991
gid://shopify/Metafield/31062042018087;;pedra;"[""Diamante Negro""]";gid://shopify/Product/8608800669991
gid://shopify/Metafield/31062042050855;;cuidadospeca;"Evite o contato de uma joia com a outra. Guarde-as separadamente nas embalagens fornecidas pela Jack Vartanian;
Com o uso, fechos e tarraxas podem necessitar de ajustes para que fiquem com a pressão adequada. Entre em contato conosco;
Após o uso, aconselhamos limpar a joia com flanela de algodão para tirar possíveis resíduos de produtos como maquiagem e perfume;
Evite o contato com água do mar, cremes, perfumes e produtos químicos.";gid://shopify/Product/8608800669991
gid://shopify/Product/8608800866599;Pulseira Clássico De Ouro Branco 18K E Diamante Negro;;;
gid://shopify/Metafield/31062042345767;;genero;"[""Feminino""]";gid://shopify/Product/8608800866599
gid://shopify/Metafield/31062042378535;;metal;Ouro Branco;gid://shopify/Product/8608800866599
gid://shopify/Metafield/31062042411303;;cobertura;Ouro Branco;gid://shopify/Product/8608800866599
gid://shopify/Metafield/31062042444071;;pedra;"[""Diamante Negro""]";gid://shopify/Product/8608800866599
gid://shopify/Metafield/31062042476839;;cuidadospeca;"Evite o contato de uma joia com a outra. Guarde-as separadamente nas embalagens fornecidas pela Jack Vartanian;
Com o uso, fechos e tarraxas podem necessitar de ajustes para que fiquem com a pressão adequada. Entre em contato conosco;
Após o uso, aconselhamos limpar a joia com flanela de algodão para tirar possíveis resíduos de produtos como maquiagem e perfume;
Evite o contato com água do mar, cremes, perfumes e produtos químicos.";gid://shopify/Product/8608800866599
gid://shopify/Product/8608801128743;Pulseira Clássico De Ouro Branco 18K E Diamante Negro;;;
gid://shopify/Metafield/31062043230503;;genero;"[""Feminino""]";gid://shopify/Product/8608801128743
gid://shopify/Metafield/31062043263271;;metal;Ouro Branco;gid://shopify/Product/8608801128743
gid://shopify/Metafield/31062043296039;;cobertura;Ouro Branco;gid://shopify/Product/8608801128743
gid://shopify/Metafield/31062043328807;;pedra;"[""Diamante Negro""]";gid://shopify/Product/8608801128743
gid://shopify/Metafield/31062043361575;;cuidadospeca;"Evite o contato de uma joia com a outra. Guarde-as separadamente nas embalagens fornecidas pela Jack Vartanian;
Com o uso, fechos e tarraxas podem necessitar de ajustes para que fiquem com a pressão adequada. Entre em contato conosco;
Após o uso, aconselhamos limpar a joia com flanela de algodão para tirar possíveis resíduos de produtos como maquiagem e perfume;
Evite o contato com água do mar, cremes, perfumes e produtos químicos.";gid://shopify/Product/8608801128743
gid://shopify/Product/8608801259815;Pulseira Clássico De Ouro 18K Com Rodio Negro E Esmeralda;;;
gid://shopify/Metafield/31062043918631;;genero;"[""Feminino""]";gid://shopify/Product/8608801259815
gid://shopify/Metafield/31062043951399;;metal;Ouro Amarelo;gid://shopify/Product/8608801259815
gid://shopify/Metafield/31062043984167;;cobertura;Ródio Negro;gid://shopify/Product/8608801259815
gid://shopify/Metafield/31062044016935;;pedra;"[""Esmeralda""]";gid://shopify/Product/8608801259815
gid://shopify/Metafield/31062044049703;;cuidadospeca;"Evite o contato de uma joia com a outra. Guarde-as separadamente nas embalagens fornecidas pela Jack Vartanian;
Com o uso, fechos e tarraxas podem necessitar de ajustes para que fiquem com a pressão adequada. Entre em contato conosco;
Após o uso, aconselhamos limpar a joia com flanela de algodão para tirar possíveis resíduos de produtos como maquiagem e perfume;
Evite o contato com água do mar, cremes, perfumes e produtos químicos.";gid://shopify/Product/8608801259815
gid://shopify/Product/8608801423655;Pulseira Clássico De Ouro Branco 18K E Diamante Negro;;;
gid://shopify/Metafield/31062044213543;;genero;"[""Feminino""]";gid://shopify/Product/8608801423655
gid://shopify/Metafield/31062044279079;;metal;Ouro Branco;gid://shopify/Product/8608801423655
gid://shopify/Metafield/31062044311847;;cobertura;Ouro Branco;gid://shopify/Product/8608801423655
gid://shopify/Metafield/31062044344615;;pedra;"[""Diamante Negro""]";gid://shopify/Product/8608801423655
gid://shopify/Metafield/31062044442919;;cuidadospeca;"Evite o contato de uma joia com a outra. Guarde-as separadamente nas embalagens fornecidas pela Jack Vartanian;
Com o uso, fechos e tarraxas podem necessitar de ajustes para que fiquem com a pressão adequada. Entre em contato conosco;
Após o uso, aconselhamos limpar a joia com flanela de algodão para tirar possíveis resíduos de produtos como maquiagem e perfume;
Evite o contato com água do mar, cremes, perfumes e produtos químicos.";gid://shopify/Product/8608801423655
gid://shopify/Product/8608801554727;Pulseira Clássico De Ouro Branco 18K E Diamante;;;
gid://shopify/Metafield/31062044868903;;genero;"[""Feminino""]";gid://shopify/Product/8608801554727
gid://shopify/Metafield/31062044901671;;metal;Ouro Branco;gid://shopify/Product/8608801554727
gid://shopify/Metafield/31062044934439;;cobertura;Ouro Branco;gid://shopify/Product/8608801554727
gid://shopify/Metafield/31062044967207;;pedra;"[""Diamante""]";gid://shopify/Product/8608801554727
gid://shopify/Metafield/31062044999975;;cuidadospeca;"Evite o contato de uma joia com a outra. Guarde-as separadamente nas embalagens fornecidas pela Jack Vartanian;
Com o uso, fechos e tarraxas podem necessitar de ajustes para que fiquem com a pressão adequada. Entre em contato conosco;
Após o uso, aconselhamos limpar a joia com flanela de algodão para tirar possíveis resíduos de produtos como maquiagem e perfume;
Evite o contato com água do mar, cremes, perfumes e produtos químicos.";gid://shopify/Product/8608801554727
gid://shopify/Product/8608801751335;Pulseira Clássico De Ouro 18K Com Rodio Negro E Safira;;;
gid://shopify/Metafield/31062045786407;;genero;"[""Feminino""]";gid://shopify/Product/8608801751335
gid://shopify/Metafield/31062045819175;;metal;Ouro Amarelo;gid://shopify/Product/8608801751335
gid://shopify/Metafield/31062045851943;;cobertura;Ródio Negro;gid://shopify/Product/8608801751335
gid://shopify/Metafield/31062045884711;;pedra;"[""Safira""]";gid://shopify/Product/8608801751335
gid://shopify/Metafield/31062045917479;;cuidadospeca;"Evite o contato de uma joia com a outra. Guarde-as separadamente nas embalagens fornecidas pela Jack Vartanian;
Com o uso, fechos e tarraxas podem necessitar de ajustes para que fiquem com a pressão adequada. Entre em contato conosco;
Após o uso, aconselhamos limpar a joia com flanela de algodão para tirar possíveis resíduos de produtos como maquiagem e perfume;
Evite o contato com água do mar, cremes, perfumes e produtos químicos.";gid://shopify/Product/8608801751335
gid://shopify/Product/8608801980711;Pulseira Clássico De Ouro Branco 18K E Diamante Negro;;;
gid://shopify/Metafield/31062046834983;;genero;"[""Feminino""]";gid://shopify/Product/8608801980711
gid://shopify/Metafield/31062046867751;;metal;Ouro Branco;gid://shopify/Product/8608801980711
gid://shopify/Metafield/31062046900519;;cobertura;Ouro Branco;gid://shopify/Product/8608801980711
gid://shopify/Metafield/31062046933287;;pedra;"[""Diamante Negro""]";gid://shopify/Product/8608801980711
gid://shopify/Metafield/31062046966055;;cuidadospeca;"Evite o contato de uma joia com a outra. Guarde-as separadamente nas embalagens fornecidas pela Jack Vartanian;
Com o uso, fechos e tarraxas podem necessitar de ajustes para que fiquem com a pressão adequada. Entre em contato conosco;
Após o uso, aconselhamos limpar a joia com flanela de algodão para tirar possíveis resíduos de produtos como maquiagem e perfume;
Evite o contato com água do mar, cremes, perfumes e produtos químicos.";gid://shopify/Product/8608801980711
gid://shopify/Product/8608802242855;Pulseira Clássico De Ouro Branco 18K E Diamante Negro;;;
gid://shopify/Metafield/31062047129895;;genero;"[""Feminino""]";gid://shopify/Product/8608802242855
gid://shopify/Metafield/31062047162663;;metal;Ouro Branco;gid://shopify/Product/8608802242855
gid://shopify/Metafield/31062047195431;;cobertura;Ouro Branco;gid://shopify/Product/8608802242855
gid://shopify/Metafield/31062047228199;;pedra;"[""Diamante Negro""]";gid://shopify/Product/8608802242855
gid://shopify/Metafield/31062047260967;;cuidadospeca;"Evite o contato de uma joia com a outra. Guarde-as separadamente nas embalagens fornecidas pela Jack Vartanian;
Com o uso, fechos e tarraxas podem necessitar de ajustes para que fiquem com a pressão adequada. Entre em contato conosco;
Após o uso, aconselhamos limpar a joia com flanela de algodão para tirar possíveis resíduos de produtos como maquiagem e perfume;
Evite o contato com água do mar, cremes, perfumes e produtos químicos.";gid://shopify/Product/8608802242855
gid://shopify/Product/8608802341159;Pulseira Clássico De Ouro 18K Com Rodio Negro E Diamante Negro;;;
gid://shopify/Metafield/31062047981863;;genero;"[""Feminino""]";gid://shopify/Product/8608802341159
gid://shopify/Metafield/31062048014631;;metal;Ouro Amarelo;gid://shopify/Product/8608802341159
gid://shopify/Metafield/31062048047399;;cobertura;Ródio Negro;gid://shopify/Product/8608802341159
gid://shopify/Metafield/31062048080167;;pedra;"[""Diamante Negro""]";gid://shopify/Product/8608802341159
gid://shopify/Metafield/31062048112935;;cuidadospeca;"Evite o contato de uma joia com a outra. Guarde-as separadamente nas embalagens fornecidas pela Jack Vartanian;
Com o uso, fechos e tarraxas podem necessitar de ajustes para que fiquem com a pressão adequada. Entre em contato conosco;
Após o uso, aconselhamos limpar a joia com flanela de algodão para tirar possíveis resíduos de produtos como maquiagem e perfume;
Evite o contato com água do mar, cremes, perfumes e produtos químicos.";gid://shopify/Product/8608802341159
gid://shopify/Product/8608802537767;Pulseira Clássico De Ouro 18K Com Rodio Negro E Diamante Negro;;;
gid://shopify/Metafield/31062048702759;;genero;"[""Feminino""]";gid://shopify/Product/8608802537767
gid://shopify/Metafield/31062048735527;;metal;Ouro Amarelo;gid://shopify/Product/8608802537767
gid://shopify/Metafield/31062048768295;;cobertura;Ródio Negro;gid://shopify/Product/8608802537767
gid://shopify/Metafield/31062048801063;;pedra;"[""Diamante Negro""]";gid://shopify/Product/8608802537767
gid://shopify/Metafield/31062048833831;;cuidadospeca;"Evite o contato de uma joia com a outra. Guarde-as separadamente nas embalagens fornecidas pela Jack Vartanian;
Com o uso, fechos e tarraxas podem necessitar de ajustes para que fiquem com a pressão adequada. Entre em contato conosco;
Após o uso, aconselhamos limpar a joia com flanela de algodão para tirar possíveis resíduos de produtos como maquiagem e perfume;
Evite o contato com água do mar, cremes, perfumes e produtos químicos.";gid://shopify/Product/8608802537767
gid://shopify/Product/8608802865447;Pulseira Especial De Ouro Branco 18K E Diamante;;;
gid://shopify/Metafield/31062049358119;;genero;"[""Feminino""]";gid://shopify/Product/8608802865447
gid://shopify/Metafield/31062049390887;;metal;Ouro Branco;gid://shopify/Product/8608802865447
gid://shopify/Metafield/31062049423655;;cobertura;Ouro Branco;gid://shopify/Product/8608802865447
gid://shopify/Metafield/31062049456423;;pedra;"[""Diamante""]";gid://shopify/Product/8608802865447
gid://shopify/Metafield/31062049489191;;cuidadospeca;"Evite o contato de uma joia com a outra. Guarde-as separadamente nas embalagens fornecidas pela Jack Vartanian;
Com o uso, fechos e tarraxas podem necessitar de ajustes para que fiquem com a pressão adequada. Entre em contato conosco;
Após o uso, aconselhamos limpar a joia com flanela de algodão para tirar possíveis resíduos de produtos como maquiagem e perfume;
Evite o contato com água do mar, cremes, perfumes e produtos químicos.";gid://shopify/Product/8608802865447
gid://shopify/Product/8608803062055;Pulseira Especial De Ouro Branco 18K E Diamante;;;
gid://shopify/Metafield/31062050079015;;genero;"[""Feminino""]";gid://shopify/Product/8608803062055
gid://shopify/Metafield/31062050111783;;metal;Ouro Branco;gid://shopify/Product/8608803062055
gid://shopify/Metafield/31062050144551;;cobertura;Ouro Branco;gid://shopify/Product/8608803062055
gid://shopify/Metafield/31062050177319;;pedra;"[""Diamante""]";gid://shopify/Product/8608803062055
gid://shopify/Metafield/31062050210087;;cuidadospeca;"Evite o contato de uma joia com a outra. Guarde-as separadamente nas embalagens fornecidas pela Jack Vartanian;
Com o uso, fechos e tarraxas podem necessitar de ajustes para que fiquem com a pressão adequada. Entre em contato conosco;
Após o uso, aconselhamos limpar a joia com flanela de algodão para tirar possíveis resíduos de produtos como maquiagem e perfume;
Evite o contato com água do mar, cremes, perfumes e produtos químicos.";gid://shopify/Product/8608803062055
gid://shopify/Product/8608803160359;Pulseira Especial De Ouro 18K Com Rodio Negro E Esmeralda;;;
gid://shopify/Metafield/31062050242855;;genero;"[""Feminino""]";gid://shopify/Product/8608803160359
gid://shopify/Metafield/31062050275623;;metal;Ouro Amarelo;gid://shopify/Product/8608803160359
gid://shopify/Metafield/31062050308391;;cobertura;Ródio Negro;gid://shopify/Product/8608803160359
gid://shopify/Metafield/31062050341159;;pedra;"[""Esmeralda""]";gid://shopify/Product/8608803160359
gid://shopify/Metafield/31062050373927;;cuidadospeca;"Evite o contato de uma joia com a outra. Guarde-as separadamente nas embalagens fornecidas pela Jack Vartanian;
Com o uso, fechos e tarraxas podem necessitar de ajustes para que fiquem com a pressão adequada. Entre em contato conosco;
Após o uso, aconselhamos limpar a joia com flanela de algodão para tirar possíveis resíduos de produtos como maquiagem e perfume;
Evite o contato com água do mar, cremes, perfumes e produtos químicos.";gid://shopify/Product/8608803160359
gid://shopify/Product/8608803520807;Pulseira Lifestyle De Ouro 18K Com Rodio Negro E Diamante E Esmeralda;;;
gid://shopify/Metafield/31062051258663;;genero;"[""Feminino""]";gid://shopify/Product/8608803520807
gid://shopify/Metafield/31062051291431;;metal;Ouro Amarelo;gid://shopify/Product/8608803520807
gid://shopify/Metafield/31062051324199;;cobertura;Ródio Negro;gid://shopify/Product/8608803520807
gid://shopify/Metafield/31062051356967;;pedra;"[""Diamante"",""Esmeralda""]";gid://shopify/Product/8608803520807
gid://shopify/Metafield/31062051389735;;cuidadospeca;"Evite o contato de uma joia com a outra. Guarde-as separadamente nas embalagens fornecidas pela Jack Vartanian;
Com o uso, fechos e tarraxas podem necessitar de ajustes para que fiquem com a pressão adequada. Entre em contato conosco;
Após o uso, aconselhamos limpar a joia com flanela de algodão para tirar possíveis resíduos de produtos como maquiagem e perfume;
Evite o contato com água do mar, cremes, perfumes e produtos químicos.";gid://shopify/Product/8608803520807
gid://shopify/Product/8608803684647;Pulseira Orquidea De Prata Com Rodio Negro E Diamante - P;;;
gid://shopify/Metafield/31062052307239;;genero;"[""Feminino""]";gid://shopify/Product/8608803684647
gid://shopify/Metafield/31062052340007;;metal;Prata;gid://shopify/Product/8608803684647
gid://shopify/Metafield/31062052372775;;cobertura;Ródio Negro;gid://shopify/Product/8608803684647
gid://shopify/Metafield/31062052405543;;pedra;"[""Diamante""]";gid://shopify/Product/8608803684647
gid://shopify/Metafield/31062052438311;;cuidadospeca;"Evite o contato de uma joia com a outra. Guarde-as separadamente nas embalagens fornecidas pela Jack Vartanian;
Com o uso, fechos e tarraxas podem necessitar de ajustes para que fiquem com a pressão adequada. Entre em contato conosco;
Após o uso, aconselhamos limpar a joia com flanela de algodão para tirar possíveis resíduos de produtos como maquiagem e perfume;
Evite o contato com água do mar, cremes, perfumes e produtos químicos;
Para peças em prata o primeiro banho é cortesia;
Para peças ocas, evite atritos ou batidas.";gid://shopify/Product/8608803684647
gid://shopify/Product/8608879870247;Brinco I Don't Care De Ouro 18K Com Ródio Negro E Esmeralda;;;
gid://shopify/Metafield/31062316024103;;genero;"[""Feminino""]";gid://shopify/Product/8608879870247
gid://shopify/Metafield/31062316056871;;metal;Ouro Amarelo;gid://shopify/Product/8608879870247
gid://shopify/Metafield/31062316089639;;cobertura;Ródio Negro;gid://shopify/Product/8608879870247
gid://shopify/Metafield/31062316122407;;pedra;"[""Esmeralda""]";gid://shopify/Product/8608879870247
gid://shopify/Metafield/31062316155175;;cuidadospeca;"Evite o contato de uma joia com a outra. Guarde-as separadamente nas embalagens fornecidas pela Jack Vartanian;
Com o uso, fechos e tarraxas podem necessitar de ajustes para que fiquem com a pressão adequada. Entre em contato conosco;
Após o uso, aconselhamos limpar a joia com flanela de algodão para tirar possíveis resíduos de produtos como maquiagem e perfume;
Evite o contato com água do mar, cremes, perfumes e produtos químicos.";gid://shopify/Product/8608879870247
gid://shopify/Product/8608879968551;Brinco Dont Care De Ouro 18K Com Rodio Negro E Esmeralda;;;
gid://shopify/Metafield/31062316187943;;genero;"[""Feminino""]";gid://shopify/Product/8608879968551
gid://shopify/Metafield/31062316220711;;metal;Ouro Amarelo;gid://shopify/Product/8608879968551
gid://shopify/Metafield/31062316253479;;cobertura;Ródio Negro;gid://shopify/Product/8608879968551
gid://shopify/Metafield/31062316286247;;pedra;"[""Esmeralda""]";gid://shopify/Product/8608879968551
gid://shopify/Metafield/31062316319015;;cuidadospeca;"Evite o contato de uma joia com a outra. Guarde-as separadamente nas embalagens fornecidas pela Jack Vartanian;
Com o uso, fechos e tarraxas podem necessitar de ajustes para que fiquem com a pressão adequada. Entre em contato conosco;
Após o uso, aconselhamos limpar a joia com flanela de algodão para tirar possíveis resíduos de produtos como maquiagem e perfume;
Evite o contato com água do mar, cremes, perfumes e produtos químicos.";gid://shopify/Product/8608879968551
gid://shopify/Product/8608880132391;Brinco Ear Cuff Dont Care De Ouro 18K Com Rodio Negro E Esmeralda;;;
gid://shopify/Metafield/31062316384551;;genero;"[""Feminino""]";gid://shopify/Product/8608880132391
gid://shopify/Metafield/31062316417319;;metal;Ouro Amarelo;gid://shopify/Product/8608880132391
gid://shopify/Metafield/31062316450087;;cobertura;Ródio Negro;gid://shopify/Product/8608880132391
gid://shopify/Metafield/31062316482855;;pedra;"[""Esmeralda""]";gid://shopify/Product/8608880132391
gid://shopify/Metafield/31062316515623;;cuidadospeca;"Evite o contato de uma joia com a outra. Guarde-as separadamente nas embalagens fornecidas pela Jack Vartanian;
Com o uso, fechos e tarraxas podem necessitar de ajustes para que fiquem com a pressão adequada. Entre em contato conosco;
Após o uso, aconselhamos limpar a joia com flanela de algodão para tirar possíveis resíduos de produtos como maquiagem e perfume;
Evite o contato com água do mar, cremes, perfumes e produtos químicos.";gid://shopify/Product/8608880132391
gid://shopify/Product/8608880263463;Brinco Especial De Ouro Rosa 18K E Diamante Solitario;;;
gid://shopify/Metafield/31062316548391;;genero;"[""Feminino""]";gid://shopify/Product/8608880263463
gid://shopify/Metafield/31062316581159;;metal;Ouro Branco;gid://shopify/Product/8608880263463
gid://shopify/Metafield/31062316613927;;cobertura;Ouro Rosa;gid://shopify/Product/8608880263463
gid://shopify/Metafield/31062316646695;;pedra;"[""Diamante Solitário""]";gid://shopify/Product/8608880263463
gid://shopify/Metafield/31062316679463;;cuidadospeca;"Evite o contato de uma joia com a outra. Guarde-as separadamente nas embalagens fornecidas pela Jack Vartanian;
Com o uso, fechos e tarraxas podem necessitar de ajustes para que fiquem com a pressão adequada. Entre em contato conosco;
Após o uso, aconselhamos limpar a joia com flanela de algodão para tirar possíveis resíduos de produtos como maquiagem e perfume;
Evite o contato com água do mar, cremes, perfumes e produtos químicos.";gid://shopify/Product/8608880263463
gid://shopify/Product/8608880460071;Brinco Especial De Ouro Rosa 18K E Diamante Solitario;;;
gid://shopify/Metafield/31062316843303;;genero;"[""Feminino""]";gid://shopify/Product/8608880460071
gid://shopify/Metafield/31062316876071;;metal;Ouro Rosa;gid://shopify/Product/8608880460071
gid://shopify/Metafield/31062316908839;;cobertura;Ouro Rosa;gid://shopify/Product/8608880460071
gid://shopify/Metafield/31062316941607;;pedra;"[""Diamante Solitário""]";gid://shopify/Product/8608880460071
gid://shopify/Metafield/31062316974375;;cuidadospeca;"Evite o contato de uma joia com a outra. Guarde-as separadamente nas embalagens fornecidas pela Jack Vartanian;
Com o uso, fechos e tarraxas podem necessitar de ajustes para que fiquem com a pressão adequada. Entre em contato conosco;
Após o uso, aconselhamos limpar a joia com flanela de algodão para tirar possíveis resíduos de produtos como maquiagem e perfume;
Evite o contato com água do mar, cremes, perfumes e produtos químicos.";gid://shopify/Product/8608880460071
gid://shopify/Product/8608880656679;Brinco Especial De Ouro Branco 18K E Diamante Solitario;;;
gid://shopify/Metafield/31062317007143;;genero;"[""Feminino""]";gid://shopify/Product/8608880656679
gid://shopify/Metafield/31062317039911;;metal;Ouro Branco;gid://shopify/Product/8608880656679
gid://shopify/Metafield/31062317072679;;cobertura;Ouro Branco;gid://shopify/Product/8608880656679
gid://shopify/Metafield/31062317105447;;pedra;"[""Diamante Solitário""]";gid://shopify/Product/8608880656679
gid://shopify/Metafield/31062317138215;;cuidadospeca;"Evite o contato de uma joia com a outra. Guarde-as separadamente nas embalagens fornecidas pela Jack Vartanian;
Com o uso, fechos e tarraxas podem necessitar de ajustes para que fiquem com a pressão adequada. Entre em contato conosco;
Após o uso, aconselhamos limpar a joia com flanela de algodão para tirar possíveis resíduos de produtos como maquiagem e perfume;
Evite o contato com água do mar, cremes, perfumes e produtos químicos.";gid://shopify/Product/8608880656679
gid://shopify/Product/8608880754983;Brinco Especial De Ouro Branco 18K E Diamante Solitario;;;
gid://shopify/Metafield/31062317695271;;genero;"[""Feminino""]";gid://shopify/Product/8608880754983
gid://shopify/Metafield/31062317728039;;metal;Ouro Branco;gid://shopify/Product/8608880754983
gid://shopify/Metafield/31062317760807;;cobertura;Ouro Branco;gid://shopify/Product/8608880754983
gid://shopify/Metafield/31062317793575;;pedra;"[""Diamante Solitário""]";gid://shopify/Product/8608880754983
gid://shopify/Metafield/31062317826343;;cuidadospeca;"Evite o contato de uma joia com a outra. Guarde-as separadamente nas embalagens fornecidas pela Jack Vartanian;
Com o uso, fechos e tarraxas podem necessitar de ajustes para que fiquem com a pressão adequada. Entre em contato conosco;
Após o uso, aconselhamos limpar a joia com flanela de algodão para tirar possíveis resíduos de produtos como maquiagem e perfume;
Evite o contato com água do mar, cremes, perfumes e produtos químicos.";gid://shopify/Product/8608880754983
gid://shopify/Product/8608880918823;Brinco Especial De Ouro Branco 18K E Diamante Solitario;;;
gid://shopify/Metafield/31062318121255;;genero;"[""Feminino""]";gid://shopify/Product/8608880918823
gid://shopify/Metafield/31062318186791;;metal;Ouro Branco;gid://shopify/Product/8608880918823
gid://shopify/Metafield/31062318252327;;cobertura;Ouro Branco;gid://shopify/Product/8608880918823
gid://shopify/Metafield/31062318285095;;pedra;"[""Diamante Solitário""]";gid://shopify/Product/8608880918823
gid://shopify/Metafield/31062318350631;;cuidadospeca;"Evite o contato de uma joia com a outra. Guarde-as separadamente nas embalagens fornecidas pela Jack Vartanian;
Com o uso, fechos e tarraxas podem necessitar de ajustes para que fiquem com a pressão adequada. Entre em contato conosco;
Após o uso, aconselhamos limpar a joia com flanela de algodão para tirar possíveis resíduos de produtos como maquiagem e perfume;
Evite o contato com água do mar, cremes, perfumes e produtos químicos.";gid://shopify/Product/8608880918823
gid://shopify/Product/8608881115431;Brinco Especial De Ouro 18K Com Rodio Negro E Diamante Solitario;;;
gid://shopify/Metafield/31062318645543;;genero;"[""Feminino""]";gid://shopify/Product/8608881115431
gid://shopify/Metafield/31062318678311;;metal;Ouro Amarelo;gid://shopify/Product/8608881115431
gid://shopify/Metafield/31062318711079;;cobertura;Ródio Negro;gid://shopify/Product/8608881115431
gid://shopify/Metafield/31062318743847;;pedra;"[""Diamante Solitário""]";gid://shopify/Product/8608881115431
gid://shopify/Metafield/31062318776615;;cuidadospeca;"Evite o contato de uma joia com a outra. Guarde-as separadamente nas embalagens fornecidas pela Jack Vartanian;
Com o uso, fechos e tarraxas podem necessitar de ajustes para que fiquem com a pressão adequada. Entre em contato conosco;
Após o uso, aconselhamos limpar a joia com flanela de algodão para tirar possíveis resíduos de produtos como maquiagem e perfume;
Evite o contato com água do mar, cremes, perfumes e produtos químicos.";gid://shopify/Product/8608881115431
gid://shopify/Product/8608881246503;Brinco Especial De Ouro 18K Com Rodio Negro E Diamante Solitario;;;
gid://shopify/Metafield/31062319464743;;genero;"[""Feminino""]";gid://shopify/Product/8608881246503
gid://shopify/Metafield/31062319497511;;metal;Ouro Amarelo;gid://shopify/Product/8608881246503
gid://shopify/Metafield/31062319530279;;cobertura;Ródio Negro;gid://shopify/Product/8608881246503
gid://shopify/Metafield/31062319563047;;pedra;"[""Diamante Solitário""]";gid://shopify/Product/8608881246503
gid://shopify/Metafield/31062319595815;;cuidadospeca;"Evite o contato de uma joia com a outra. Guarde-as separadamente nas embalagens fornecidas pela Jack Vartanian;
Com o uso, fechos e tarraxas podem necessitar de ajustes para que fiquem com a pressão adequada. Entre em contato conosco;
Após o uso, aconselhamos limpar a joia com flanela de algodão para tirar possíveis resíduos de produtos como maquiagem e perfume;
Evite o contato com água do mar, cremes, perfumes e produtos químicos.";gid://shopify/Product/8608881246503
gid://shopify/Product/8608881410343;Brinco Especial De Ouro Branco 18K E Diamante Solitario - G;;;
gid://shopify/Metafield/31062320251175;;genero;"[""Feminino""]";gid://shopify/Product/8608881410343
gid://shopify/Metafield/31062320283943;;metal;Ouro Branco;gid://shopify/Product/8608881410343
gid://shopify/Metafield/31062320316711;;cobertura;Ouro Branco;gid://shopify/Product/8608881410343
gid://shopify/Metafield/31062320349479;;pedra;"[""Diamante Solitário""]";gid://shopify/Product/8608881410343
gid://shopify/Metafield/31062320382247;;cuidadospeca;"Evite o contato de uma joia com a outra. Guarde-as separadamente nas embalagens fornecidas pela Jack Vartanian;
Com o uso, fechos e tarraxas podem necessitar de ajustes para que fiquem com a pressão adequada. Entre em contato conosco;
Após o uso, aconselhamos limpar a joia com flanela de algodão para tirar possíveis resíduos de produtos como maquiagem e perfume;
Evite o contato com água do mar, cremes, perfumes e produtos químicos.";gid://shopify/Product/8608881410343
gid://shopify/Product/8608881574183;Brinco Especial De Ouro Branco 18K E Diamante Solitario;;;
gid://shopify/Metafield/31062320415015;;genero;"[""Feminino""]";gid://shopify/Product/8608881574183
gid://shopify/Metafield/31062320447783;;metal;Ouro Branco;gid://shopify/Product/8608881574183
gid://shopify/Metafield/31062320480551;;cobertura;Ouro Branco;gid://shopify/Product/8608881574183
gid://shopify/Metafield/31062320513319;;pedra;"[""Diamante Solitário""]";gid://shopify/Product/8608881574183
gid://shopify/Metafield/31062320546087;;cuidadospeca;"Evite o contato de uma joia com a outra. Guarde-as separadamente nas embalagens fornecidas pela Jack Vartanian;
Com o uso, fechos e tarraxas podem necessitar de ajustes para que fiquem com a pressão adequada. Entre em contato conosco;
Após o uso, aconselhamos limpar a joia com flanela de algodão para tirar possíveis resíduos de produtos como maquiagem e perfume;
Evite o contato com água do mar, cremes, perfumes e produtos químicos.";gid://shopify/Product/8608881574183
gid://shopify/Product/8608881705255;Brinco Especial De Ouro Branco 18K E Diamante Solitario;;;
gid://shopify/Metafield/31062321103143;;genero;"[""Feminino""]";gid://shopify/Product/8608881705255
gid://shopify/Metafield/31062321135911;;metal;Ouro Branco;gid://shopify/Product/8608881705255
gid://shopify/Metafield/31062321168679;;cobertura;Ouro Branco;gid://shopify/Product/8608881705255
gid://shopify/Metafield/31062321201447;;pedra;"[""Diamante Solitário""]";gid://shopify/Product/8608881705255
gid://shopify/Metafield/31062321234215;;cuidadospeca;"Evite o contato de uma joia com a outra. Guarde-as separadamente nas embalagens fornecidas pela Jack Vartanian;
Com o uso, fechos e tarraxas podem necessitar de ajustes para que fiquem com a pressão adequada. Entre em contato conosco;
Após o uso, aconselhamos limpar a joia com flanela de algodão para tirar possíveis resíduos de produtos como maquiagem e perfume;
Evite o contato com água do mar, cremes, perfumes e produtos químicos.";gid://shopify/Product/8608881705255
gid://shopify/Product/8608881869095;Brinco Especial De Ouro Branco 18K E Diamante Solitario;;;
gid://shopify/Metafield/31062321856807;;genero;"[""Feminino""]";gid://shopify/Product/8608881869095
gid://shopify/Metafield/31062321889575;;metal;Ouro Branco;gid://shopify/Product/8608881869095
gid://shopify/Metafield/31062321922343;;cobertura;Ouro Branco;gid://shopify/Product/8608881869095
gid://shopify/Metafield/31062321955111;;pedra;"[""Diamante Solitário""]";gid://shopify/Product/8608881869095
gid://shopify/Metafield/31062321987879;;cuidadospeca;"Evite o contato de uma joia com a outra. Guarde-as separadamente nas embalagens fornecidas pela Jack Vartanian;
Com o uso, fechos e tarraxas podem necessitar de ajustes para que fiquem com a pressão adequada. Entre em contato conosco;
Após o uso, aconselhamos limpar a joia com flanela de algodão para tirar possíveis resíduos de produtos como maquiagem e perfume;
Evite o contato com água do mar, cremes, perfumes e produtos químicos.";gid://shopify/Product/8608881869095
gid://shopify/Product/8608882065703;Brinco Especial De Ouro Branco 18K E Diamante Solitario;;;
gid://shopify/Metafield/31062322053415;;genero;"[""Feminino""]";gid://shopify/Product/8608882065703
gid://shopify/Metafield/31062322086183;;metal;Ouro Branco;gid://shopify/Product/8608882065703
gid://shopify/Metafield/31062322118951;;cobertura;Ouro Branco;gid://shopify/Product/8608882065703
gid://shopify/Metafield/31062322151719;;pedra;"[""Diamante Solitário""]";gid://shopify/Product/8608882065703
gid://shopify/Metafield/31062322184487;;cuidadospeca;"Evite o contato de uma joia com a outra. Guarde-as separadamente nas embalagens fornecidas pela Jack Vartanian;
Com o uso, fechos e tarraxas podem necessitar de ajustes para que fiquem com a pressão adequada. Entre em contato conosco;
Após o uso, aconselhamos limpar a joia com flanela de algodão para tirar possíveis resíduos de produtos como maquiagem e perfume;
Evite o contato com água do mar, cremes, perfumes e produtos químicos.";gid://shopify/Product/8608882065703
gid://shopify/Product/8608882327847;Colar Especial De Ouro Branco 18K E Diamante Solitario;;;
gid://shopify/Metafield/31062322839847;;genero;"[""Feminino""]";gid://shopify/Product/8608882327847
gid://shopify/Metafield/31062322872615;;metal;Ouro Branco;gid://shopify/Product/8608882327847
gid://shopify/Metafield/31062322905383;;cobertura;Ouro Branco;gid://shopify/Product/8608882327847
gid://shopify/Metafield/31062322938151;;pedra;"[""Diamante Solitário""]";gid://shopify/Product/8608882327847
gid://shopify/Metafield/31062322970919;;cuidadospeca;"Evite o contato de uma joia com a outra. Guarde-as separadamente nas embalagens fornecidas pela Jack Vartanian;
Com o uso, fechos e tarraxas podem necessitar de ajustes para que fiquem com a pressão adequada. Entre em contato conosco;
Após o uso, aconselhamos limpar a joia com flanela de algodão para tirar possíveis resíduos de produtos como maquiagem e perfume;
Evite o contato com água do mar, cremes, perfumes e produtos químicos.";gid://shopify/Product/8608882327847
gid://shopify/Product/8608882491687;Colar Especial De Ouro Branco 18K E Diamante Solitario;;;
gid://shopify/Metafield/31062323527975;;genero;"[""Feminino""]";gid://shopify/Product/8608882491687
gid://shopify/Metafield/31062323560743;;metal;Ouro Branco;gid://shopify/Product/8608882491687
gid://shopify/Metafield/31062323593511;;cobertura;Ouro Branco;gid://shopify/Product/8608882491687
gid://shopify/Metafield/31062323626279;;pedra;"[""Diamante Solitário""]";gid://shopify/Product/8608882491687
gid://shopify/Metafield/31062323659047;;cuidadospeca;"Evite o contato de uma joia com a outra. Guarde-as separadamente nas embalagens fornecidas pela Jack Vartanian;
Com o uso, fechos e tarraxas podem necessitar de ajustes para que fiquem com a pressão adequada. Entre em contato conosco;
Após o uso, aconselhamos limpar a joia com flanela de algodão para tirar possíveis resíduos de produtos como maquiagem e perfume;
Evite o contato com água do mar, cremes, perfumes e produtos químicos.";gid://shopify/Product/8608882491687
gid://shopify/Product/8608882622759;Pulseira Clássico De Ouro Branco 18K E Diamante Solitario;;;
gid://shopify/Metafield/31062324281639;;genero;"[""Feminino""]";gid://shopify/Product/8608882622759
gid://shopify/Metafield/31062324314407;;metal;Ouro Branco;gid://shopify/Product/8608882622759
gid://shopify/Metafield/31062324347175;;cobertura;Ouro Branco;gid://shopify/Product/8608882622759
gid://shopify/Metafield/31062324379943;;pedra;"[""Diamante Solitário""]";gid://shopify/Product/8608882622759
gid://shopify/Metafield/31062324412711;;cuidadospeca;"Evite o contato de uma joia com a outra. Guarde-as separadamente nas embalagens fornecidas pela Jack Vartanian;
Com o uso, fechos e tarraxas podem necessitar de ajustes para que fiquem com a pressão adequada. Entre em contato conosco;
Após o uso, aconselhamos limpar a joia com flanela de algodão para tirar possíveis resíduos de produtos como maquiagem e perfume;
Evite o contato com água do mar, cremes, perfumes e produtos químicos.";gid://shopify/Product/8608882622759
gid://shopify/Product/8608882688295;Pulseira Clássico De Ouro Branco 18K E Diamante Solitario;;;
gid://shopify/Metafield/31062324969767;;genero;"[""Feminino""]";gid://shopify/Product/8608882688295
gid://shopify/Metafield/31062325002535;;metal;Ouro Branco;gid://shopify/Product/8608882688295
gid://shopify/Metafield/31062325035303;;cobertura;Ouro Branco;gid://shopify/Product/8608882688295
gid://shopify/Metafield/31062325068071;;pedra;"[""Diamante Solitário""]";gid://shopify/Product/8608882688295
gid://shopify/Metafield/31062325100839;;cuidadospeca;"Evite o contato de uma joia com a outra. Guarde-as separadamente nas embalagens fornecidas pela Jack Vartanian;
Com o uso, fechos e tarraxas podem necessitar de ajustes para que fiquem com a pressão adequada. Entre em contato conosco;
Após o uso, aconselhamos limpar a joia com flanela de algodão para tirar possíveis resíduos de produtos como maquiagem e perfume;
Evite o contato com água do mar, cremes, perfumes e produtos químicos.";gid://shopify/Product/8608882688295
gid://shopify/Product/8608882852135;Pulseira Clássico De Ouro 18K Com Rodio Negro E Diamante Solitario;;;
gid://shopify/Metafield/31062325133607;;genero;"[""Feminino""]";gid://shopify/Product/8608882852135
gid://shopify/Metafield/31062325166375;;metal;Ouro Amarelo;gid://shopify/Product/8608882852135
gid://shopify/Metafield/31062325199143;;cobertura;Ródio Negro;gid://shopify/Product/8608882852135
gid://shopify/Metafield/31062325231911;;pedra;"[""Diamante Solitário""]";gid://shopify/Product/8608882852135
gid://shopify/Metafield/31062325264679;;cuidadospeca;"Evite o contato de uma joia com a outra. Guarde-as separadamente nas embalagens fornecidas pela Jack Vartanian;
Com o uso, fechos e tarraxas podem necessitar de ajustes para que fiquem com a pressão adequada. Entre em contato conosco;
Após o uso, aconselhamos limpar a joia com flanela de algodão para tirar possíveis resíduos de produtos como maquiagem e perfume;
Evite o contato com água do mar, cremes, perfumes e produtos químicos.";gid://shopify/Product/8608882852135
gid://shopify/Product/8608883048743;Pulseira Clássico De Ouro Branco 18K E Diamante Solitario;;;
gid://shopify/Metafield/31062325821735;;genero;"[""Feminino""]";gid://shopify/Product/8608883048743
gid://shopify/Metafield/31062325854503;;metal;Ouro Branco;gid://shopify/Product/8608883048743
gid://shopify/Metafield/31062325887271;;cobertura;Ouro Branco;gid://shopify/Product/8608883048743
gid://shopify/Metafield/31062325920039;;pedra;"[""Diamante Solitário""]";gid://shopify/Product/8608883048743
gid://shopify/Metafield/31062325952807;;cuidadospeca;"Evite o contato de uma joia com a outra. Guarde-as separadamente nas embalagens fornecidas pela Jack Vartanian;
Com o uso, fechos e tarraxas podem necessitar de ajustes para que fiquem com a pressão adequada. Entre em contato conosco;
Após o uso, aconselhamos limpar a joia com flanela de algodão para tirar possíveis resíduos de produtos como maquiagem e perfume;
Evite o contato com água do mar, cremes, perfumes e produtos químicos.";gid://shopify/Product/8608883048743
gid://shopify/Product/8608883147047;Pulseira Clássico De Ouro 18K Com Rodio Negro E Diamante Solitario;;;
gid://shopify/Metafield/31062326083879;;genero;"[""Feminino""]";gid://shopify/Product/8608883147047
gid://shopify/Metafield/31062326116647;;metal;Ouro Amarelo;gid://shopify/Product/8608883147047
gid://shopify/Metafield/31062326149415;;cobertura;Ródio Negro;gid://shopify/Product/8608883147047
gid://shopify/Metafield/31062326182183;;pedra;"[""Diamante Solitário""]";gid://shopify/Product/8608883147047
gid://shopify/Metafield/31062326214951;;cuidadospeca;"Evite o contato de uma joia com a outra. Guarde-as separadamente nas embalagens fornecidas pela Jack Vartanian;
Com o uso, fechos e tarraxas podem necessitar de ajustes para que fiquem com a pressão adequada. Entre em contato conosco;
Após o uso, aconselhamos limpar a joia com flanela de algodão para tirar possíveis resíduos de produtos como maquiagem e perfume;
Evite o contato com água do mar, cremes, perfumes e produtos químicos.";gid://shopify/Product/8608883147047
gid://shopify/Product/8608883310887;Pulseira Clássico De Ouro Branco 18K E Diamante Solitario;;;
gid://shopify/Metafield/31062326280487;;genero;"[""Feminino""]";gid://shopify/Product/8608883310887
gid://shopify/Metafield/31062326313255;;metal;Ouro Branco;gid://shopify/Product/8608883310887
gid://shopify/Metafield/31062326346023;;cobertura;Ouro Branco;gid://shopify/Product/8608883310887
gid://shopify/Metafield/31062326378791;;pedra;"[""Diamante Solitário""]";gid://shopify/Product/8608883310887
gid://shopify/Metafield/31062326411559;;cuidadospeca;"Evite o contato de uma joia com a outra. Guarde-as separadamente nas embalagens fornecidas pela Jack Vartanian;
Com o uso, fechos e tarraxas podem necessitar de ajustes para que fiquem com a pressão adequada. Entre em contato conosco;
Após o uso, aconselhamos limpar a joia com flanela de algodão para tirar possíveis resíduos de produtos como maquiagem e perfume;
Evite o contato com água do mar, cremes, perfumes e produtos químicos.";gid://shopify/Product/8608883310887
gid://shopify/Product/8608883409191;Pulseira Clássico De Ouro Branco 18K E Diamante Solitario;;;
gid://shopify/Metafield/31062326968615;;genero;"[""Feminino""]";gid://shopify/Product/8608883409191
gid://shopify/Metafield/31062327001383;;metal;Ouro Branco;gid://shopify/Product/8608883409191
gid://shopify/Metafield/31062327034151;;cobertura;Ouro Branco;gid://shopify/Product/8608883409191
gid://shopify/Metafield/31062327066919;;pedra;"[""Diamante Solitário""]";gid://shopify/Product/8608883409191
gid://shopify/Metafield/31062327099687;;cuidadospeca;"Evite o contato de uma joia com a outra. Guarde-as separadamente nas embalagens fornecidas pela Jack Vartanian;
Com o uso, fechos e tarraxas podem necessitar de ajustes para que fiquem com a pressão adequada. Entre em contato conosco;
Após o uso, aconselhamos limpar a joia com flanela de algodão para tirar possíveis resíduos de produtos como maquiagem e perfume;
Evite o contato com água do mar, cremes, perfumes e produtos químicos.";gid://shopify/Product/8608883409191
gid://shopify/Product/8608883573031;Pulseira Lifestyle De Ouro Branco 18K E Diamante Solitario;;;
gid://shopify/Metafield/31062327165223;;genero;"[""Feminino""]";gid://shopify/Product/8608883573031
gid://shopify/Metafield/31062327197991;;metal;Ouro Branco;gid://shopify/Product/8608883573031
gid://shopify/Metafield/31062327230759;;cobertura;Ouro Branco;gid://shopify/Product/8608883573031
gid://shopify/Metafield/31062327263527;;pedra;"[""Diamante Solitário""]";gid://shopify/Product/8608883573031
gid://shopify/Metafield/31062327296295;;cuidadospeca;"Evite o contato de uma joia com a outra. Guarde-as separadamente nas embalagens fornecidas pela Jack Vartanian;
Com o uso, fechos e tarraxas podem necessitar de ajustes para que fiquem com a pressão adequada. Entre em contato conosco;
Após o uso, aconselhamos limpar a joia com flanela de algodão para tirar possíveis resíduos de produtos como maquiagem e perfume;
Evite o contato com água do mar, cremes, perfumes e produtos químicos.";gid://shopify/Product/8608883573031
gid://shopify/Product/8608939376935;Brinco Eterna Rock De Ouro 18K Com Rodio Negro E Diamante E Esmeralda;;;
gid://shopify/Metafield/31062509814055;;genero;"[""Feminino""]";gid://shopify/Product/8608939376935
gid://shopify/Metafield/31062509846823;;metal;Ouro Amarelo;gid://shopify/Product/8608939376935
gid://shopify/Metafield/31062509879591;;cobertura;Ródio Negro;gid://shopify/Product/8608939376935
gid://shopify/Metafield/31062509912359;;pedra;"[""Diamante"",""Esmeralda""]";gid://shopify/Product/8608939376935
gid://shopify/Metafield/31062509945127;;cuidadospeca;"Evite o contato de uma joia com a outra. Guarde-as separadamente nas embalagens fornecidas pela Jack Vartanian;
Com o uso, fechos e tarraxas podem necessitar de ajustes para que fiquem com a pressão adequada. Entre em contato conosco;
Após o uso, aconselhamos limpar a joia com flanela de algodão para tirar possíveis resíduos de produtos como maquiagem e perfume;
Evite o contato com água do mar, cremes, perfumes e produtos químicos.";gid://shopify/Product/8608939376935
gid://shopify/Product/8608939508007;Brinco Eterna Rock De Ouro 18K Com Rodio Negro E Diamante E Rubi;;;
gid://shopify/Metafield/31062509977895;;genero;"[""Feminino""]";gid://shopify/Product/8608939508007
gid://shopify/Metafield/31062510010663;;metal;Ouro Amarelo;gid://shopify/Product/8608939508007
gid://shopify/Metafield/31062510043431;;cobertura;Ródio Negro;gid://shopify/Product/8608939508007
gid://shopify/Metafield/31062510076199;;pedra;"[""Diamante"",""Rubi""]";gid://shopify/Product/8608939508007
gid://shopify/Metafield/31062510108967;;cuidadospeca;"Evite o contato de uma joia com a outra. Guarde-as separadamente nas embalagens fornecidas pela Jack Vartanian;
Com o uso, fechos e tarraxas podem necessitar de ajustes para que fiquem com a pressão adequada. Entre em contato conosco;
Após o uso, aconselhamos limpar a joia com flanela de algodão para tirar possíveis resíduos de produtos como maquiagem e perfume;
Evite o contato com água do mar, cremes, perfumes e produtos químicos.";gid://shopify/Product/8608939508007
gid://shopify/Product/8608939639079;Brinco Eterna Rock De Ouro 18K Com Rodio Negro E Diamante E Esmeralda;;;
gid://shopify/Metafield/31062510141735;;genero;"[""Feminino""]";gid://shopify/Product/8608939639079
gid://shopify/Metafield/31062510174503;;metal;Ouro Amarelo;gid://shopify/Product/8608939639079
gid://shopify/Metafield/31062510207271;;cobertura;Ródio Negro;gid://shopify/Product/8608939639079
gid://shopify/Metafield/31062510240039;;pedra;"[""Diamante"",""Esmeralda""]";gid://shopify/Product/8608939639079
gid://shopify/Metafield/31062510272807;;cuidadospeca;"Evite o contato de uma joia com a outra. Guarde-as separadamente nas embalagens fornecidas pela Jack Vartanian;
Com o uso, fechos e tarraxas podem necessitar de ajustes para que fiquem com a pressão adequada. Entre em contato conosco;
Após o uso, aconselhamos limpar a joia com flanela de algodão para tirar possíveis resíduos de produtos como maquiagem e perfume;
Evite o contato com água do mar, cremes, perfumes e produtos químicos.";gid://shopify/Product/8608939639079
gid://shopify/Product/8608939737383;Brinco Eterna Rock De Ouro 18K Com Rodio Negro E Diamante E Esmeralda;;;
gid://shopify/Metafield/31062510600487;;genero;"[""Feminino""]";gid://shopify/Product/8608939737383
gid://shopify/Metafield/31062510633255;;metal;Ouro Amarelo;gid://shopify/Product/8608939737383
gid://shopify/Metafield/31062510666023;;cobertura;Ródio Negro;gid://shopify/Product/8608939737383
gid://shopify/Metafield/31062510698791;;pedra;"[""Diamante"",""Esmeralda""]";gid://shopify/Product/8608939737383
gid://shopify/Metafield/31062510731559;;cuidadospeca;"Evite o contato de uma joia com a outra. Guarde-as separadamente nas embalagens fornecidas pela Jack Vartanian;
Com o uso, fechos e tarraxas podem necessitar de ajustes para que fiquem com a pressão adequada. Entre em contato conosco;
Após o uso, aconselhamos limpar a joia com flanela de algodão para tirar possíveis resíduos de produtos como maquiagem e perfume;
Evite o contato com água do mar, cremes, perfumes e produtos químicos.";gid://shopify/Product/8608939737383
gid://shopify/Product/8608939868455;Brinco Eterna Rock De Ouro 18K Com Rodio Negro E Diamante E Esmeralda;;;
gid://shopify/Metafield/31062510797095;;genero;"[""Feminino""]";gid://shopify/Product/8608939868455
gid://shopify/Metafield/31062510829863;;metal;Ouro Amarelo;gid://shopify/Product/8608939868455
gid://shopify/Metafield/31062510862631;;cobertura;Ródio Negro;gid://shopify/Product/8608939868455
gid://shopify/Metafield/31062510895399;;pedra;"[""Diamante"",""Esmeralda""]";gid://shopify/Product/8608939868455
gid://shopify/Metafield/31062510928167;;cuidadospeca;"Evite o contato de uma joia com a outra. Guarde-as separadamente nas embalagens fornecidas pela Jack Vartanian;
Com o uso, fechos e tarraxas podem necessitar de ajustes para que fiquem com a pressão adequada. Entre em contato conosco;
Após o uso, aconselhamos limpar a joia com flanela de algodão para tirar possíveis resíduos de produtos como maquiagem e perfume;
Evite o contato com água do mar, cremes, perfumes e produtos químicos.";gid://shopify/Product/8608939868455
gid://shopify/Product/8608939999527;Brinco Eterna Rock De Ouro Branco 18K E Diamante E Turmalina Paraiba;;;
gid://shopify/Metafield/31062511517991;;genero;"[""Feminino""]";gid://shopify/Product/8608939999527
gid://shopify/Metafield/31062511550759;;metal;Ouro Branco;gid://shopify/Product/8608939999527
gid://shopify/Metafield/31062511583527;;cobertura;Ouro Branco;gid://shopify/Product/8608939999527
gid://shopify/Metafield/31062511616295;;pedra;"[""Diamante"",""Turmalina Paraíba""]";gid://shopify/Product/8608939999527
gid://shopify/Metafield/31062511649063;;cuidadospeca;"Evite o contato de uma joia com a outra. Guarde-as separadamente nas embalagens fornecidas pela Jack Vartanian;
Com o uso, fechos e tarraxas podem necessitar de ajustes para que fiquem com a pressão adequada. Entre em contato conosco;
Após o uso, aconselhamos limpar a joia com flanela de algodão para tirar possíveis resíduos de produtos como maquiagem e perfume;
Evite o contato com água do mar, cremes, perfumes e produtos químicos.";gid://shopify/Product/8608939999527
gid://shopify/Product/8608940097831;Brinco Vita Eterna De Ouro Amarelo E Branco 18K E Diamante E Esmeralda;;;
gid://shopify/Metafield/31062511681831;;genero;"[""Feminino""]";gid://shopify/Product/8608940097831
gid://shopify/Metafield/31062511714599;;metal;Ouro Amarelo;gid://shopify/Product/8608940097831
gid://shopify/Metafield/31062511747367;;cobertura;Ouro Amarelo E Branco;gid://shopify/Product/8608940097831
gid://shopify/Metafield/31062511780135;;pedra;"[""Diamante"",""Esmeralda""]";gid://shopify/Product/8608940097831
gid://shopify/Metafield/31062511812903;;cuidadospeca;"Evite o contato de uma joia com a outra. Guarde-as separadamente nas embalagens fornecidas pela Jack Vartanian;
Com o uso, fechos e tarraxas podem necessitar de ajustes para que fiquem com a pressão adequada. Entre em contato conosco;
Após o uso, aconselhamos limpar a joia com flanela de algodão para tirar possíveis resíduos de produtos como maquiagem e perfume;
Evite o contato com água do mar, cremes, perfumes e produtos químicos.";gid://shopify/Product/8608940097831
gid://shopify/Product/8608940294439;Brinco Vita Eterna De Ouro Branco 18K E Topázio E Diamante;;;
gid://shopify/Metafield/31062511845671;;genero;"[""Feminino""]";gid://shopify/Product/8608940294439
gid://shopify/Metafield/31062511878439;;metal;Ouro Branco;gid://shopify/Product/8608940294439
gid://shopify/Metafield/31062511911207;;cobertura;Ouro Branco;gid://shopify/Product/8608940294439
gid://shopify/Metafield/31062511943975;;pedra;"[""Topázio"",""Diamante""]";gid://shopify/Product/8608940294439
gid://shopify/Metafield/31062511976743;;cuidadospeca;"Evite o contato de uma joia com a outra. Guarde-as separadamente nas embalagens fornecidas pela Jack Vartanian;
Com o uso, fechos e tarraxas podem necessitar de ajustes para que fiquem com a pressão adequada. Entre em contato conosco;
Após o uso, aconselhamos limpar a joia com flanela de algodão para tirar possíveis resíduos de produtos como maquiagem e perfume;
Evite o contato com água do mar, cremes, perfumes e produtos químicos.";gid://shopify/Product/8608940294439
gid://shopify/Product/8608940458279;Brinco Vita Eterna De Ouro Branco 18K E Diamante E Safira;;;
gid://shopify/Metafield/31062512304423;;genero;"[""Feminino""]";gid://shopify/Product/8608940458279
gid://shopify/Metafield/31062512337191;;metal;Ouro Branco;gid://shopify/Product/8608940458279
gid://shopify/Metafield/31062512369959;;cobertura;Ouro Branco;gid://shopify/Product/8608940458279
gid://shopify/Metafield/31062512402727;;pedra;"[""Diamante"",""Safira""]";gid://shopify/Product/8608940458279
gid://shopify/Metafield/31062512435495;;cuidadospeca;"Evite o contato de uma joia com a outra. Guarde-as separadamente nas embalagens fornecidas pela Jack Vartanian;
Com o uso, fechos e tarraxas podem necessitar de ajustes para que fiquem com a pressão adequada. Entre em contato conosco;
Após o uso, aconselhamos limpar a joia com flanela de algodão para tirar possíveis resíduos de produtos como maquiagem e perfume;
Evite o contato com água do mar, cremes, perfumes e produtos químicos.";gid://shopify/Product/8608940458279
gid://shopify/Product/8608940622119;Brinco Vita Eterna De Ouro Amarelo E Branco 18K E Diamante E Esmeralda;;;
gid://shopify/Metafield/31062512992551;;genero;"[""Feminino""]";gid://shopify/Product/8608940622119
gid://shopify/Metafield/31062513025319;;metal;Ouro Amarelo;gid://shopify/Product/8608940622119
gid://shopify/Metafield/31062513058087;;cobertura;Ouro Amarelo E Branco;gid://shopify/Product/8608940622119
gid://shopify/Metafield/31062513090855;;pedra;"[""Diamante"",""Esmeralda""]";gid://shopify/Product/8608940622119
gid://shopify/Metafield/31062513123623;;cuidadospeca;"Evite o contato de uma joia com a outra. Guarde-as separadamente nas embalagens fornecidas pela Jack Vartanian;
Com o uso, fechos e tarraxas podem necessitar de ajustes para que fiquem com a pressão adequada. Entre em contato conosco;
Após o uso, aconselhamos limpar a joia com flanela de algodão para tirar possíveis resíduos de produtos como maquiagem e perfume;
Evite o contato com água do mar, cremes, perfumes e produtos químicos.";gid://shopify/Product/8608940622119
gid://shopify/Product/8608940785959;Colar Eterna Rock De Ouro Branco 18K E Morganita E Diamante;;;
gid://shopify/Metafield/31062513156391;;genero;"[""Feminino""]";gid://shopify/Product/8608940785959
gid://shopify/Metafield/31062513189159;;metal;Ouro Branco;gid://shopify/Product/8608940785959
gid://shopify/Metafield/31062513221927;;cobertura;Ouro Branco;gid://shopify/Product/8608940785959
gid://shopify/Metafield/31062513254695;;pedra;"[""Morganita"",""Diamante""]";gid://shopify/Product/8608940785959
gid://shopify/Metafield/31062513287463;;cuidadospeca;"Evite o contato de uma joia com a outra. Guarde-as separadamente nas embalagens fornecidas pela Jack Vartanian;
Com o uso, fechos e tarraxas podem necessitar de ajustes para que fiquem com a pressão adequada. Entre em contato conosco;
Após o uso, aconselhamos limpar a joia com flanela de algodão para tirar possíveis resíduos de produtos como maquiagem e perfume;
Evite o contato com água do mar, cremes, perfumes e produtos químicos.";gid://shopify/Product/8608940785959
gid://shopify/Product/8608940917031;Colar Eterna Rock De Ouro 18K Com Rodio Negro E Diamante E Esmeralda;;;
gid://shopify/Metafield/31062514172199;;genero;"[""Feminino""]";gid://shopify/Product/8608940917031
gid://shopify/Metafield/31062514204967;;metal;Ouro Amarelo;gid://shopify/Product/8608940917031
gid://shopify/Metafield/31062514237735;;cobertura;Ródio Negro;gid://shopify/Product/8608940917031
gid://shopify/Metafield/31062514270503;;pedra;"[""Diamante"",""Esmeralda""]";gid://shopify/Product/8608940917031
gid://shopify/Metafield/31062514303271;;cuidadospeca;"Evite o contato de uma joia com a outra. Guarde-as separadamente nas embalagens fornecidas pela Jack Vartanian;
Com o uso, fechos e tarraxas podem necessitar de ajustes para que fiquem com a pressão adequada. Entre em contato conosco;
Após o uso, aconselhamos limpar a joia com flanela de algodão para tirar possíveis resíduos de produtos como maquiagem e perfume;
Evite o contato com água do mar, cremes, perfumes e produtos químicos.";gid://shopify/Product/8608940917031
gid://shopify/Product/8608941015335;Colar Eterna Rock De Ouro Branco 18K E Diamante E Safira;;;
gid://shopify/Metafield/31062514336039;;genero;"[""Feminino""]";gid://shopify/Product/8608941015335
gid://shopify/Metafield/31062514368807;;metal;Ouro Branco;gid://shopify/Product/8608941015335
gid://shopify/Metafield/31062514401575;;cobertura;Ouro Branco;gid://shopify/Product/8608941015335
gid://shopify/Metafield/31062514434343;;pedra;"[""Diamante"",""Safira""]";gid://shopify/Product/8608941015335
gid://shopify/Metafield/31062514467111;;cuidadospeca;"Evite o contato de uma joia com a outra. Guarde-as separadamente nas embalagens fornecidas pela Jack Vartanian;
Com o uso, fechos e tarraxas podem necessitar de ajustes para que fiquem com a pressão adequada. Entre em contato conosco;
Após o uso, aconselhamos limpar a joia com flanela de algodão para tirar possíveis resíduos de produtos como maquiagem e perfume;
Evite o contato com água do mar, cremes, perfumes e produtos químicos.";gid://shopify/Product/8608941015335
gid://shopify/Product/8608941211943;Colar Eterna Rock De Ouro 18K Com Rodio Negro E Diamante E Safira;;;
gid://shopify/Metafield/31062515024167;;genero;"[""Feminino""]";gid://shopify/Product/8608941211943
gid://shopify/Metafield/31062515056935;;metal;Ouro Branco;gid://shopify/Product/8608941211943
gid://shopify/Metafield/31062515089703;;cobertura;Ródio Negro;gid://shopify/Product/8608941211943
gid://shopify/Metafield/31062515122471;;pedra;"[""Diamante"",""Safira""]";gid://shopify/Product/8608941211943
gid://shopify/Metafield/31062515155239;;cuidadospeca;"Evite o contato de uma joia com a outra. Guarde-as separadamente nas embalagens fornecidas pela Jack Vartanian;
Com o uso, fechos e tarraxas podem necessitar de ajustes para que fiquem com a pressão adequada. Entre em contato conosco;
Após o uso, aconselhamos limpar a joia com flanela de algodão para tirar possíveis resíduos de produtos como maquiagem e perfume;
Evite o contato com água do mar, cremes, perfumes e produtos químicos.";gid://shopify/Product/8608941211943
gid://shopify/Product/8608941408551;Colar Eterna Rock De Ouro Branco 18K E Topázio E Diamante;;;
gid://shopify/Metafield/31062515876135;;genero;"[""Feminino""]";gid://shopify/Product/8608941408551
gid://shopify/Metafield/31062515908903;;metal;Ouro Branco;gid://shopify/Product/8608941408551
gid://shopify/Metafield/31062515941671;;cobertura;Ouro Branco;gid://shopify/Product/8608941408551
gid://shopify/Metafield/31062515974439;;pedra;"[""Topázio"",""Diamante""]";gid://shopify/Product/8608941408551
gid://shopify/Metafield/31062516007207;;cuidadospeca;"Evite o contato de uma joia com a outra. Guarde-as separadamente nas embalagens fornecidas pela Jack Vartanian;
Com o uso, fechos e tarraxas podem necessitar de ajustes para que fiquem com a pressão adequada. Entre em contato conosco;
Após o uso, aconselhamos limpar a joia com flanela de algodão para tirar possíveis resíduos de produtos como maquiagem e perfume;
Evite o contato com água do mar, cremes, perfumes e produtos químicos.";gid://shopify/Product/8608941408551
gid://shopify/Product/8608941572391;Colar Eterna Rock De Ouro Branco 18K E Kunzita E Diamante;;;
gid://shopify/Metafield/31062516171047;;genero;"[""Feminino""]";gid://shopify/Product/8608941572391
gid://shopify/Metafield/31062516203815;;metal;Ouro Branco;gid://shopify/Product/8608941572391
gid://shopify/Metafield/31062516236583;;cobertura;Ouro Branco;gid://shopify/Product/8608941572391
gid://shopify/Metafield/31062516269351;;pedra;"[""Kunzita"",""Diamante""]";gid://shopify/Product/8608941572391
gid://shopify/Metafield/31062516302119;;cuidadospeca;"Evite o contato de uma joia com a outra. Guarde-as separadamente nas embalagens fornecidas pela Jack Vartanian;
Com o uso, fechos e tarraxas podem necessitar de ajustes para que fiquem com a pressão adequada. Entre em contato conosco;
Após o uso, aconselhamos limpar a joia com flanela de algodão para tirar possíveis resíduos de produtos como maquiagem e perfume;
Evite o contato com água do mar, cremes, perfumes e produtos químicos.";gid://shopify/Product/8608941572391
gid://shopify/Product/8608941768999;Colar Vita Eterna De Ouro Amarelo 18K E Diamante E Esmeralda;;;
gid://shopify/Metafield/31062516924711;;genero;"[""Feminino""]";gid://shopify/Product/8608941768999
gid://shopify/Metafield/31062516957479;;metal;Ouro Amarelo;gid://shopify/Product/8608941768999
gid://shopify/Metafield/31062516990247;;cobertura;Ouro Amarelo;gid://shopify/Product/8608941768999
gid://shopify/Metafield/31062517023015;;pedra;"[""Diamante"",""Esmeralda""]";gid://shopify/Product/8608941768999
gid://shopify/Metafield/31062517055783;;cuidadospeca;"Evite o contato de uma joia com a outra. Guarde-as separadamente nas embalagens fornecidas pela Jack Vartanian;
Com o uso, fechos e tarraxas podem necessitar de ajustes para que fiquem com a pressão adequada. Entre em contato conosco;
Após o uso, aconselhamos limpar a joia com flanela de algodão para tirar possíveis resíduos de produtos como maquiagem e perfume;
Evite o contato com água do mar, cremes, perfumes e produtos químicos.";gid://shopify/Product/8608941768999
gid://shopify/Product/8609017037095;Colar Eterna Rock De Ouro 18K Com Rodio Negro E Tumalina E Diamante;;;
gid://shopify/Metafield/31062758850855;;genero;"[""Feminino""]";gid://shopify/Product/8609017037095
gid://shopify/Metafield/31062758883623;;metal;Ouro Branco;gid://shopify/Product/8609017037095
gid://shopify/Metafield/31062758916391;;cobertura;Ródio Negro;gid://shopify/Product/8609017037095
gid://shopify/Metafield/31062758949159;;pedra;"[""Turmalina"",""Diamante""]";gid://shopify/Product/8609017037095
gid://shopify/Metafield/31062758981927;;cuidadospeca;"Evite o contato de uma joia com a outra. Guarde-as separadamente nas embalagens fornecidas pela Jack Vartanian;
Com o uso, fechos e tarraxas podem necessitar de ajustes para que fiquem com a pressão adequada. Entre em contato conosco;
Após o uso, aconselhamos limpar a joia com flanela de algodão para tirar possíveis resíduos de produtos como maquiagem e perfume;
Evite o contato com água do mar, cremes, perfumes e produtos químicos.";gid://shopify/Product/8609017037095
gid://shopify/Product/8609680589095;Anel Celebrate De Ouro Amarelo E Branco 18K E Diamante E Esmeralda;;;
gid://shopify/Metafield/31064785060135;;genero;"[""Feminino""]";gid://shopify/Product/8609680589095
gid://shopify/Metafield/31064785092903;;metal;Ouro Amarelo;gid://shopify/Product/8609680589095
gid://shopify/Metafield/31064785125671;;cobertura;Ouro Amarelo E Branco;gid://shopify/Product/8609680589095
gid://shopify/Metafield/31064785158439;;pedra;"[""Diamante"",""Esmeralda""]";gid://shopify/Product/8609680589095
gid://shopify/Metafield/31064785191207;;cuidadospeca;"Evite o contato de uma joia com a outra. Guarde-as separadamente nas embalagens fornecidas pela Jack Vartanian;
Com o uso, fechos e tarraxas podem necessitar de ajustes para que fiquem com a pressão adequada. Entre em contato conosco;
Após o uso, aconselhamos limpar a joia com flanela de algodão para tirar possíveis resíduos de produtos como maquiagem e perfume;
Evite o contato com água do mar, cremes, perfumes e produtos químicos.";gid://shopify/Product/8609680589095
gid://shopify/Product/8609680982311;Anel Celebrate De Ouro Amarelo E Branco 18K E Diamante E Esmeralda;;;
gid://shopify/Metafield/31064786305319;;genero;"[""Feminino""]";gid://shopify/Product/8609680982311
gid://shopify/Metafield/31064786338087;;metal;Ouro Amarelo;gid://shopify/Product/8609680982311
gid://shopify/Metafield/31064786370855;;cobertura;Ouro Amarelo E Branco;gid://shopify/Product/8609680982311
gid://shopify/Metafield/31064786403623;;pedra;"[""Diamante"",""Esmeralda""]";gid://shopify/Product/8609680982311
gid://shopify/Metafield/31064786436391;;cuidadospeca;"Evite o contato de uma joia com a outra. Guarde-as separadamente nas embalagens fornecidas pela Jack Vartanian;
Com o uso, fechos e tarraxas podem necessitar de ajustes para que fiquem com a pressão adequada. Entre em contato conosco;
Após o uso, aconselhamos limpar a joia com flanela de algodão para tirar possíveis resíduos de produtos como maquiagem e perfume;
Evite o contato com água do mar, cremes, perfumes e produtos químicos.";gid://shopify/Product/8609680982311
gid://shopify/Product/8609682620711;Anel Especial De Ouro Amarelo E Branco 18K E Diamante E Esmeralda;;;
gid://shopify/Metafield/31064790106407;;genero;"[""Feminino""]";gid://shopify/Product/8609682620711
gid://shopify/Metafield/31064790139175;;metal;Ouro Amarelo;gid://shopify/Product/8609682620711
gid://shopify/Metafield/31064790171943;;cobertura;Ouro Amarelo E Branco;gid://shopify/Product/8609682620711
gid://shopify/Metafield/31064790204711;;pedra;"[""Diamante"",""Esmeralda""]";gid://shopify/Product/8609682620711
gid://shopify/Metafield/31064790237479;;cuidadospeca;"Evite o contato de uma joia com a outra. Guarde-as separadamente nas embalagens fornecidas pela Jack Vartanian;
Com o uso, fechos e tarraxas podem necessitar de ajustes para que fiquem com a pressão adequada. Entre em contato conosco;
Após o uso, aconselhamos limpar a joia com flanela de algodão para tirar possíveis resíduos de produtos como maquiagem e perfume;
Evite o contato com água do mar, cremes, perfumes e produtos químicos.";gid://shopify/Product/8609682620711
gid://shopify/Product/8609683538215;Anel Especial De Ouro Amarelo E Branco 18K E Diamante E Esmeralda;;;
gid://shopify/Metafield/31064793088295;;genero;"[""Feminino""]";gid://shopify/Product/8609683538215
gid://shopify/Metafield/31064793121063;;metal;Ouro Amarelo;gid://shopify/Product/8609683538215
gid://shopify/Metafield/31064793153831;;cobertura;Ouro Amarelo E Branco;gid://shopify/Product/8609683538215
gid://shopify/Metafield/31064793186599;;pedra;"[""Diamante"",""Esmeralda""]";gid://shopify/Product/8609683538215
gid://shopify/Metafield/31064793219367;;cuidadospeca;"Evite o contato de uma joia com a outra. Guarde-as separadamente nas embalagens fornecidas pela Jack Vartanian;
Com o uso, fechos e tarraxas podem necessitar de ajustes para que fiquem com a pressão adequada. Entre em contato conosco;
Após o uso, aconselhamos limpar a joia com flanela de algodão para tirar possíveis resíduos de produtos como maquiagem e perfume;
Evite o contato com água do mar, cremes, perfumes e produtos químicos.";gid://shopify/Product/8609683538215
gid://shopify/Product/8609683931431;Anel Especial De Ouro Amarelo E Branco 18K E Diamante E Esmeralda;;;
gid://shopify/Metafield/31064793809191;;genero;"[""Feminino""]";gid://shopify/Product/8609683931431
gid://shopify/Metafield/31064793841959;;metal;Ouro Amarelo;gid://shopify/Product/8609683931431
gid://shopify/Metafield/31064793874727;;cobertura;Ouro Amarelo E Branco;gid://shopify/Product/8609683931431
gid://shopify/Metafield/31064793907495;;pedra;"[""Diamante"",""Esmeralda""]";gid://shopify/Product/8609683931431
gid://shopify/Metafield/31064793940263;;cuidadospeca;"Evite o contato de uma joia com a outra. Guarde-as separadamente nas embalagens fornecidas pela Jack Vartanian;
Com o uso, fechos e tarraxas podem necessitar de ajustes para que fiquem com a pressão adequada. Entre em contato conosco;
Após o uso, aconselhamos limpar a joia com flanela de algodão para tirar possíveis resíduos de produtos como maquiagem e perfume;
Evite o contato com água do mar, cremes, perfumes e produtos químicos.";gid://shopify/Product/8609683931431
gid://shopify/Product/8609684291879;Anel Especial De Ouro Amarelo E Branco 18K E Diamante E Esmeralda;;;
gid://shopify/Metafield/31064794956071;;genero;"[""Feminino""]";gid://shopify/Product/8609684291879
gid://shopify/Metafield/31064794988839;;metal;Ouro Amarelo;gid://shopify/Product/8609684291879
gid://shopify/Metafield/31064795021607;;cobertura;Ouro Amarelo E Branco;gid://shopify/Product/8609684291879
gid://shopify/Metafield/31064795054375;;pedra;"[""Diamante"",""Esmeralda""]";gid://shopify/Product/8609684291879
gid://shopify/Metafield/31064795087143;;cuidadospeca;"Evite o contato de uma joia com a outra. Guarde-as separadamente nas embalagens fornecidas pela Jack Vartanian;
Com o uso, fechos e tarraxas podem necessitar de ajustes para que fiquem com a pressão adequada. Entre em contato conosco;
Após o uso, aconselhamos limpar a joia com flanela de algodão para tirar possíveis resíduos de produtos como maquiagem e perfume;
Evite o contato com água do mar, cremes, perfumes e produtos químicos.";gid://shopify/Product/8609684291879
gid://shopify/Product/8609684947239;Anel Especial De Ouro Amarelo E Branco 18K E Diamante E Esmeralda;;;
gid://shopify/Metafield/31064796102951;;genero;"[""Feminino""]";gid://shopify/Product/8609684947239
gid://shopify/Metafield/31064796135719;;metal;Ouro Amarelo;gid://shopify/Product/8609684947239
gid://shopify/Metafield/31064796168487;;cobertura;Ouro Amarelo E Branco;gid://shopify/Product/8609684947239
gid://shopify/Metafield/31064796201255;;pedra;"[""Diamante"",""Esmeralda""]";gid://shopify/Product/8609684947239
gid://shopify/Metafield/31064796234023;;cuidadospeca;"Evite o contato de uma joia com a outra. Guarde-as separadamente nas embalagens fornecidas pela Jack Vartanian;
Com o uso, fechos e tarraxas podem necessitar de ajustes para que fiquem com a pressão adequada. Entre em contato conosco;
Após o uso, aconselhamos limpar a joia com flanela de algodão para tirar possíveis resíduos de produtos como maquiagem e perfume;
Evite o contato com água do mar, cremes, perfumes e produtos químicos.";gid://shopify/Product/8609684947239
gid://shopify/Product/8609685602599;Anel Galeria De Ouro Amarelo E Branco 18K E Diamante E Esmeralda;;;
gid://shopify/Metafield/31064797380903;;genero;"[""Feminino""]";gid://shopify/Product/8609685602599
gid://shopify/Metafield/31064797413671;;metal;Ouro Amarelo;gid://shopify/Product/8609685602599
gid://shopify/Metafield/31064797446439;;cobertura;Ouro Amarelo E Branco;gid://shopify/Product/8609685602599
gid://shopify/Metafield/31064797511975;;pedra;"[""Diamante"",""Esmeralda""]";gid://shopify/Product/8609685602599
gid://shopify/Metafield/31064797544743;;cuidadospeca;"Evite o contato de uma joia com a outra. Guarde-as separadamente nas embalagens fornecidas pela Jack Vartanian;
Com o uso, fechos e tarraxas podem necessitar de ajustes para que fiquem com a pressão adequada. Entre em contato conosco;
Após o uso, aconselhamos limpar a joia com flanela de algodão para tirar possíveis resíduos de produtos como maquiagem e perfume;
Evite o contato com água do mar, cremes, perfumes e produtos químicos.";gid://shopify/Product/8609685602599
gid://shopify/Product/8609688256807;Anel Vita Eterna De Ouro Amarelo E Branco 18K E Diamante E Esmeralda;;;
gid://shopify/Metafield/31064805310759;;genero;"[""Feminino""]";gid://shopify/Product/8609688256807
gid://shopify/Metafield/31064805343527;;metal;Ouro Amarelo;gid://shopify/Product/8609688256807
gid://shopify/Metafield/31064805376295;;cobertura;Ouro Amarelo E Branco;gid://shopify/Product/8609688256807
gid://shopify/Metafield/31064805409063;;pedra;"[""Diamante"",""Esmeralda""]";gid://shopify/Product/8609688256807
gid://shopify/Metafield/31064805441831;;cuidadospeca;"Evite o contato de uma joia com a outra. Guarde-as separadamente nas embalagens fornecidas pela Jack Vartanian;
Com o uso, fechos e tarraxas podem necessitar de ajustes para que fiquem com a pressão adequada. Entre em contato conosco;
Após o uso, aconselhamos limpar a joia com flanela de algodão para tirar possíveis resíduos de produtos como maquiagem e perfume;
Evite o contato com água do mar, cremes, perfumes e produtos químicos.";gid://shopify/Product/8609688256807
gid://shopify/Product/8609688682791;Anel Vita Eterna De Ouro Amarelo E Branco 18K E Diamante E Esmeralda;;;
gid://shopify/Metafield/31064805966119;;genero;"[""Feminino""]";gid://shopify/Product/8609688682791
gid://shopify/Metafield/31064805998887;;metal;Ouro Amarelo;gid://shopify/Product/8609688682791
gid://shopify/Metafield/31064806064423;;cobertura;Ouro Amarelo E Branco;gid://shopify/Product/8609688682791
gid://shopify/Metafield/31064806129959;;pedra;"[""Diamante"",""Esmeralda""]";gid://shopify/Product/8609688682791
gid://shopify/Metafield/31064806162727;;cuidadospeca;"Evite o contato de uma joia com a outra. Guarde-as separadamente nas embalagens fornecidas pela Jack Vartanian;
Com o uso, fechos e tarraxas podem necessitar de ajustes para que fiquem com a pressão adequada. Entre em contato conosco;
Após o uso, aconselhamos limpar a joia com flanela de algodão para tirar possíveis resíduos de produtos como maquiagem e perfume;
Evite o contato com água do mar, cremes, perfumes e produtos químicos.";gid://shopify/Product/8609688682791
gid://shopify/Product/8612227383591;Anel Especial De Ouro Branco 18K E Diamante Solitario;;;
gid://shopify/Metafield/31074077180199;;genero;"[""Feminino""]";gid://shopify/Product/8612227383591
gid://shopify/Metafield/31074077212967;;metal;Ouro Branco;gid://shopify/Product/8612227383591
gid://shopify/Metafield/31074077245735;;cobertura;Ouro Branco;gid://shopify/Product/8612227383591
gid://shopify/Metafield/31074077278503;;pedra;"[""Diamante Solitário""]";gid://shopify/Product/8612227383591
gid://shopify/Metafield/31074077311271;;cuidadospeca;"Evite o contato de uma joia com a outra. Guarde-as separadamente nas embalagens fornecidas pela Jack Vartanian;
Com o uso, fechos e tarraxas podem necessitar de ajustes para que fiquem com a pressão adequada. Entre em contato conosco;
Após o uso, aconselhamos limpar a joia com flanela de algodão para tirar possíveis resíduos de produtos como maquiagem e perfume;
Evite o contato com água do mar, cremes, perfumes e produtos químicos.";gid://shopify/Product/8612227383591
gid://shopify/Product/8612227416359;Anel Especial De Ouro Branco 18K E Diamante Solitario;;;
gid://shopify/Metafield/31074077770023;;genero;"[""Feminino""]";gid://shopify/Product/8612227416359
gid://shopify/Metafield/31074077802791;;metal;Ouro Branco;gid://shopify/Product/8612227416359
gid://shopify/Metafield/31074077868327;;cobertura;Ouro Branco;gid://shopify/Product/8612227416359
gid://shopify/Metafield/31074077933863;;pedra;"[""Diamante Solitário""]";gid://shopify/Product/8612227416359
gid://shopify/Metafield/31074077999399;;cuidadospeca;"Evite o contato de uma joia com a outra. Guarde-as separadamente nas embalagens fornecidas pela Jack Vartanian;
Com o uso, fechos e tarraxas podem necessitar de ajustes para que fiquem com a pressão adequada. Entre em contato conosco;
Após o uso, aconselhamos limpar a joia com flanela de algodão para tirar possíveis resíduos de produtos como maquiagem e perfume;
Evite o contato com água do mar, cremes, perfumes e produtos químicos.";gid://shopify/Product/8612227416359
gid://shopify/Product/8612227449127;Anel Especial De Ouro Branco 18K E Diamante Solitario;;;
gid://shopify/Metafield/31074078294311;;genero;"[""Feminino""]";gid://shopify/Product/8612227449127
gid://shopify/Metafield/31074078327079;;metal;Ouro Branco;gid://shopify/Product/8612227449127
gid://shopify/Metafield/31074078359847;;cobertura;Ouro Branco;gid://shopify/Product/8612227449127
gid://shopify/Metafield/31074078392615;;pedra;"[""Diamante Solitário""]";gid://shopify/Product/8612227449127
gid://shopify/Metafield/31074078425383;;cuidadospeca;"Evite o contato de uma joia com a outra. Guarde-as separadamente nas embalagens fornecidas pela Jack Vartanian;
Com o uso, fechos e tarraxas podem necessitar de ajustes para que fiquem com a pressão adequada. Entre em contato conosco;
Após o uso, aconselhamos limpar a joia com flanela de algodão para tirar possíveis resíduos de produtos como maquiagem e perfume;
Evite o contato com água do mar, cremes, perfumes e produtos químicos.";gid://shopify/Product/8612227449127
gid://shopify/Product/8612227481895;Anel Especial De Ouro Branco 18K E Diamante Solitario;;;
gid://shopify/Metafield/31074078851367;;genero;"[""Feminino""]";gid://shopify/Product/8612227481895
gid://shopify/Metafield/31074078884135;;metal;Ouro Branco;gid://shopify/Product/8612227481895
gid://shopify/Metafield/31074078916903;;cobertura;Ouro Branco;gid://shopify/Product/8612227481895
gid://shopify/Metafield/31074078949671;;pedra;"[""Diamante Solitário""]";gid://shopify/Product/8612227481895
gid://shopify/Metafield/31074078982439;;cuidadospeca;"Evite o contato de uma joia com a outra. Guarde-as separadamente nas embalagens fornecidas pela Jack Vartanian;
Com o uso, fechos e tarraxas podem necessitar de ajustes para que fiquem com a pressão adequada. Entre em contato conosco;
Após o uso, aconselhamos limpar a joia com flanela de algodão para tirar possíveis resíduos de produtos como maquiagem e perfume;
Evite o contato com água do mar, cremes, perfumes e produtos químicos.";gid://shopify/Product/8612227481895
gid://shopify/Product/8612627841319;Anel Especial De Ouro Branco 18K E Diamante Solitario;;;
gid://shopify/Metafield/31076469997863;;genero;"[""Feminino""]";gid://shopify/Product/8612627841319
gid://shopify/Metafield/31076470030631;;metal;Ouro Branco;gid://shopify/Product/8612627841319
gid://shopify/Metafield/31076470063399;;cobertura;Ouro Branco;gid://shopify/Product/8612627841319
gid://shopify/Metafield/31076470096167;;pedra;"[""Diamante Solitário""]";gid://shopify/Product/8612627841319
gid://shopify/Metafield/31076470128935;;cuidadospeca;"Evite o contato de uma joia com a outra. Guarde-as separadamente nas embalagens fornecidas pela Jack Vartanian;
Com o uso, fechos e tarraxas podem necessitar de ajustes para que fiquem com a pressão adequada. Entre em contato conosco;
Após o uso, aconselhamos limpar a joia com flanela de algodão para tirar possíveis resíduos de produtos como maquiagem e perfume;
Evite o contato com água do mar, cremes, perfumes e produtos químicos.";gid://shopify/Product/8612627841319
gid://shopify/Product/8612628037927;Anel Especial De Ouro Branco 18K E Diamante Solitario;;;
gid://shopify/Metafield/31076470423847;;genero;"[""Feminino""]";gid://shopify/Product/8612628037927
gid://shopify/Metafield/31076470456615;;metal;Ouro Branco;gid://shopify/Product/8612628037927
gid://shopify/Metafield/31076470489383;;cobertura;Ouro Branco;gid://shopify/Product/8612628037927
gid://shopify/Metafield/31076470522151;;pedra;"[""Diamante Solitário""]";gid://shopify/Product/8612628037927
gid://shopify/Metafield/31076470554919;;cuidadospeca;"Evite o contato de uma joia com a outra. Guarde-as separadamente nas embalagens fornecidas pela Jack Vartanian;
Com o uso, fechos e tarraxas podem necessitar de ajustes para que fiquem com a pressão adequada. Entre em contato conosco;
Após o uso, aconselhamos limpar a joia com flanela de algodão para tirar possíveis resíduos de produtos como maquiagem e perfume;
Evite o contato com água do mar, cremes, perfumes e produtos químicos.";gid://shopify/Product/8612628037927
gid://shopify/Product/8612628201767;Anel Especial De Ouro Branco 18K E Diamante Solitario;;;
gid://shopify/Metafield/31076470620455;;genero;"[""Feminino""]";gid://shopify/Product/8612628201767
gid://shopify/Metafield/31076470653223;;metal;Ouro Branco;gid://shopify/Product/8612628201767
gid://shopify/Metafield/31076470685991;;cobertura;Ouro Branco;gid://shopify/Product/8612628201767
gid://shopify/Metafield/31076470718759;;pedra;"[""Diamante Solitário""]";gid://shopify/Product/8612628201767
gid://shopify/Metafield/31076470751527;;cuidadospeca;"Evite o contato de uma joia com a outra. Guarde-as separadamente nas embalagens fornecidas pela Jack Vartanian;
Com o uso, fechos e tarraxas podem necessitar de ajustes para que fiquem com a pressão adequada. Entre em contato conosco;
Após o uso, aconselhamos limpar a joia com flanela de algodão para tirar possíveis resíduos de produtos como maquiagem e perfume;
Evite o contato com água do mar, cremes, perfumes e produtos químicos.";gid://shopify/Product/8612628201767
gid://shopify/Product/8612628267303;Anel Especial De Ouro 18K Com Rodio Negro E Diamante Solitario;;;
gid://shopify/Metafield/31076470784295;;genero;"[""Feminino""]";gid://shopify/Product/8612628267303
gid://shopify/Metafield/31076470817063;;metal;Ouro Amarelo;gid://shopify/Product/8612628267303
gid://shopify/Metafield/31076470849831;;cobertura;Ródio Negro;gid://shopify/Product/8612628267303
gid://shopify/Metafield/31076470882599;;pedra;"[""Diamante Solitário""]";gid://shopify/Product/8612628267303
gid://shopify/Metafield/31076470915367;;cuidadospeca;"Evite o contato de uma joia com a outra. Guarde-as separadamente nas embalagens fornecidas pela Jack Vartanian;
Com o uso, fechos e tarraxas podem necessitar de ajustes para que fiquem com a pressão adequada. Entre em contato conosco;
Após o uso, aconselhamos limpar a joia com flanela de algodão para tirar possíveis resíduos de produtos como maquiagem e perfume;
Evite o contato com água do mar, cremes, perfumes e produtos químicos.";gid://shopify/Product/8612628267303
gid://shopify/Product/8612628398375;Anel Especial De Ouro Branco 18K E Diamante Solitario;;;
gid://shopify/Metafield/31076471570727;;genero;"[""Feminino""]";gid://shopify/Product/8612628398375
gid://shopify/Metafield/31076471603495;;metal;Ouro Branco;gid://shopify/Product/8612628398375
gid://shopify/Metafield/31076471636263;;cobertura;Ouro Branco;gid://shopify/Product/8612628398375
gid://shopify/Metafield/31076471669031;;pedra;"[""Diamante Solitário""]";gid://shopify/Product/8612628398375
gid://shopify/Metafield/31076471701799;;cuidadospeca;"Evite o contato de uma joia com a outra. Guarde-as separadamente nas embalagens fornecidas pela Jack Vartanian;
Com o uso, fechos e tarraxas podem necessitar de ajustes para que fiquem com a pressão adequada. Entre em contato conosco;
Após o uso, aconselhamos limpar a joia com flanela de algodão para tirar possíveis resíduos de produtos como maquiagem e perfume;
Evite o contato com água do mar, cremes, perfumes e produtos químicos.";gid://shopify/Product/8612628398375
gid://shopify/Product/8612628529447;Anel Especial De Ouro Branco 18K E Diamante Solitario;;;
gid://shopify/Metafield/31076471898407;;genero;"[""Feminino""]";gid://shopify/Product/8612628529447
gid://shopify/Metafield/31076471931175;;metal;Ouro Branco;gid://shopify/Product/8612628529447
gid://shopify/Metafield/31076471963943;;cobertura;Ouro Branco;gid://shopify/Product/8612628529447
gid://shopify/Metafield/31076471996711;;pedra;"[""Diamante Solitário""]";gid://shopify/Product/8612628529447
gid://shopify/Metafield/31076472029479;;cuidadospeca;"Evite o contato de uma joia com a outra. Guarde-as separadamente nas embalagens fornecidas pela Jack Vartanian;
Com o uso, fechos e tarraxas podem necessitar de ajustes para que fiquem com a pressão adequada. Entre em contato conosco;
Após o uso, aconselhamos limpar a joia com flanela de algodão para tirar possíveis resíduos de produtos como maquiagem e perfume;
Evite o contato com água do mar, cremes, perfumes e produtos químicos.";gid://shopify/Product/8612628529447
gid://shopify/Product/8612628693287;Anel Especial De Ouro Branco 18K E Diamante Solitario;;;
gid://shopify/Metafield/31076472095015;;genero;"[""Feminino""]";gid://shopify/Product/8612628693287
gid://shopify/Metafield/31076472127783;;metal;Ouro Branco;gid://shopify/Product/8612628693287
gid://shopify/Metafield/31076472160551;;cobertura;Ouro Branco;gid://shopify/Product/8612628693287
gid://shopify/Metafield/31076472193319;;pedra;"[""Diamante Solitário""]";gid://shopify/Product/8612628693287
gid://shopify/Metafield/31076472226087;;cuidadospeca;"Evite o contato de uma joia com a outra. Guarde-as separadamente nas embalagens fornecidas pela Jack Vartanian;
Com o uso, fechos e tarraxas podem necessitar de ajustes para que fiquem com a pressão adequada. Entre em contato conosco;
Após o uso, aconselhamos limpar a joia com flanela de algodão para tirar possíveis resíduos de produtos como maquiagem e perfume;
Evite o contato com água do mar, cremes, perfumes e produtos químicos.";gid://shopify/Product/8612628693287
gid://shopify/Product/8612628857127;Anel Especial De Ouro Branco 18K E Diamante Solitario;;;
gid://shopify/Metafield/31076472881447;;genero;"[""Feminino""]";gid://shopify/Product/8612628857127
gid://shopify/Metafield/31076472914215;;metal;Ouro Branco;gid://shopify/Product/8612628857127
gid://shopify/Metafield/31076472946983;;cobertura;Ouro Branco;gid://shopify/Product/8612628857127
gid://shopify/Metafield/31076472979751;;pedra;"[""Diamante Solitário""]";gid://shopify/Product/8612628857127
gid://shopify/Metafield/31076473012519;;cuidadospeca;"Evite o contato de uma joia com a outra. Guarde-as separadamente nas embalagens fornecidas pela Jack Vartanian;
Com o uso, fechos e tarraxas podem necessitar de ajustes para que fiquem com a pressão adequada. Entre em contato conosco;
Após o uso, aconselhamos limpar a joia com flanela de algodão para tirar possíveis resíduos de produtos como maquiagem e perfume;
Evite o contato com água do mar, cremes, perfumes e produtos químicos.";gid://shopify/Product/8612628857127
gid://shopify/Product/8612629086503;Anel Especial De Ouro Branco 18K E Diamante Solitario;;;
gid://shopify/Metafield/31076474421543;;genero;"[""Feminino""]";gid://shopify/Product/8612629086503
gid://shopify/Metafield/31076474454311;;metal;Ouro Branco;gid://shopify/Product/8612629086503
gid://shopify/Metafield/31076474487079;;cobertura;Ouro Branco;gid://shopify/Product/8612629086503
gid://shopify/Metafield/31076474519847;;pedra;"[""Diamante Solitário""]";gid://shopify/Product/8612629086503
gid://shopify/Metafield/31076474552615;;cuidadospeca;"Evite o contato de uma joia com a outra. Guarde-as separadamente nas embalagens fornecidas pela Jack Vartanian;
Com o uso, fechos e tarraxas podem necessitar de ajustes para que fiquem com a pressão adequada. Entre em contato conosco;
Após o uso, aconselhamos limpar a joia com flanela de algodão para tirar possíveis resíduos de produtos como maquiagem e perfume;
Evite o contato com água do mar, cremes, perfumes e produtos químicos.";gid://shopify/Product/8612629086503
gid://shopify/Product/8612629217575;Anel Lifestyle De Ouro 18K Com Rodio Negro E Diamante;;;
gid://shopify/Metafield/31076474814759;;genero;"[""Feminino""]";gid://shopify/Product/8612629217575
gid://shopify/Metafield/31076474847527;;metal;Ouro Amarelo;gid://shopify/Product/8612629217575
gid://shopify/Metafield/31076474880295;;cobertura;Ródio Negro;gid://shopify/Product/8612629217575
gid://shopify/Metafield/31076474913063;;pedra;"[""Diamante""]";gid://shopify/Product/8612629217575
gid://shopify/Metafield/31076474945831;;cuidadospeca;"Evite o contato de uma joia com a outra. Guarde-as separadamente nas embalagens fornecidas pela Jack Vartanian;
Com o uso, fechos e tarraxas podem necessitar de ajustes para que fiquem com a pressão adequada. Entre em contato conosco;
Após o uso, aconselhamos limpar a joia com flanela de algodão para tirar possíveis resíduos de produtos como maquiagem e perfume;
Evite o contato com água do mar, cremes, perfumes e produtos químicos.";gid://shopify/Product/8612629217575
gid://shopify/Product/8612629381415;Anel Lifestyle De Ouro 18K Com Rodio Negro E Diamante;;;
gid://shopify/Metafield/31076475175207;;genero;"[""Feminino""]";gid://shopify/Product/8612629381415
gid://shopify/Metafield/31076475207975;;metal;Ouro Amarelo;gid://shopify/Product/8612629381415
gid://shopify/Metafield/31076475240743;;cobertura;Ródio Negro;gid://shopify/Product/8612629381415
gid://shopify/Metafield/31076475273511;;pedra;"[""Diamante""]";gid://shopify/Product/8612629381415
gid://shopify/Metafield/31076475306279;;cuidadospeca;"Evite o contato de uma joia com a outra. Guarde-as separadamente nas embalagens fornecidas pela Jack Vartanian;
Com o uso, fechos e tarraxas podem necessitar de ajustes para que fiquem com a pressão adequada. Entre em contato conosco;
Após o uso, aconselhamos limpar a joia com flanela de algodão para tirar possíveis resíduos de produtos como maquiagem e perfume;
Evite o contato com água do mar, cremes, perfumes e produtos químicos.";gid://shopify/Product/8612629381415
gid://shopify/Product/8612629512487;Anel Lifestyle De Ouro Branco 18K E Diamante Solitario;;;
gid://shopify/Metafield/31076475896103;;genero;"[""Feminino""]";gid://shopify/Product/8612629512487
gid://shopify/Metafield/31076475928871;;metal;Ouro Branco;gid://shopify/Product/8612629512487
gid://shopify/Metafield/31076475961639;;cobertura;Ouro Branco;gid://shopify/Product/8612629512487
gid://shopify/Metafield/31076475994407;;pedra;"[""Diamante Solitário""]";gid://shopify/Product/8612629512487
gid://shopify/Metafield/31076476027175;;cuidadospeca;"Evite o contato de uma joia com a outra. Guarde-as separadamente nas embalagens fornecidas pela Jack Vartanian;
Com o uso, fechos e tarraxas podem necessitar de ajustes para que fiquem com a pressão adequada. Entre em contato conosco;
Após o uso, aconselhamos limpar a joia com flanela de algodão para tirar possíveis resíduos de produtos como maquiagem e perfume;
Evite o contato com água do mar, cremes, perfumes e produtos químicos.";gid://shopify/Product/8612629512487
gid://shopify/Product/8612629709095;Anel Maes 2013 De Ouro 18K Com Rodio Negro E Diamante E Safira;;;
gid://shopify/Metafield/31076476256551;;genero;"[""Feminino""]";gid://shopify/Product/8612629709095
gid://shopify/Metafield/31076476289319;;metal;Ouro Amarelo;gid://shopify/Product/8612629709095
gid://shopify/Metafield/31076476322087;;cobertura;Ródio Negro;gid://shopify/Product/8612629709095
gid://shopify/Metafield/31076476354855;;pedra;"[""Diamante"",""Safira""]";gid://shopify/Product/8612629709095
gid://shopify/Metafield/31076476387623;;cuidadospeca;"Evite o contato de uma joia com a outra. Guarde-as separadamente nas embalagens fornecidas pela Jack Vartanian;
Com o uso, fechos e tarraxas podem necessitar de ajustes para que fiquem com a pressão adequada. Entre em contato conosco;
Após o uso, aconselhamos limpar a joia com flanela de algodão para tirar possíveis resíduos de produtos como maquiagem e perfume;
Evite o contato com água do mar, cremes, perfumes e produtos químicos.";gid://shopify/Product/8612629709095
gid://shopify/Product/8612629938471;Anel Maes 2013 De Ouro Branco 18K E Diamante Solitario;;;
gid://shopify/Metafield/31076477108519;;genero;"[""Feminino""]";gid://shopify/Product/8612629938471
gid://shopify/Metafield/31076477141287;;metal;Ouro Branco;gid://shopify/Product/8612629938471
gid://shopify/Metafield/31076477174055;;cobertura;Ouro Branco;gid://shopify/Product/8612629938471
gid://shopify/Metafield/31076477206823;;pedra;"[""Diamante Solitário""]";gid://shopify/Product/8612629938471
gid://shopify/Metafield/31076477239591;;cuidadospeca;"Evite o contato de uma joia com a outra. Guarde-as separadamente nas embalagens fornecidas pela Jack Vartanian;
Com o uso, fechos e tarraxas podem necessitar de ajustes para que fiquem com a pressão adequada. Entre em contato conosco;
Após o uso, aconselhamos limpar a joia com flanela de algodão para tirar possíveis resíduos de produtos como maquiagem e perfume;
Evite o contato com água do mar, cremes, perfumes e produtos químicos.";gid://shopify/Product/8612629938471
gid://shopify/Product/8612630036775;Anel Maes 2013 De Ouro 18K Com Rodio Negro E Diamante E Esmeralda;;;
gid://shopify/Metafield/31076477796647;;genero;"[""Feminino""]";gid://shopify/Product/8612630036775
gid://shopify/Metafield/31076477829415;;metal;Ouro Amarelo;gid://shopify/Product/8612630036775
gid://shopify/Metafield/31076477862183;;cobertura;Ródio Negro;gid://shopify/Product/8612630036775
gid://shopify/Metafield/31076477894951;;pedra;"[""Diamante"",""Esmeralda""]";gid://shopify/Product/8612630036775
gid://shopify/Metafield/31076477927719;;cuidadospeca;"Evite o contato de uma joia com a outra. Guarde-as separadamente nas embalagens fornecidas pela Jack Vartanian;
Com o uso, fechos e tarraxas podem necessitar de ajustes para que fiquem com a pressão adequada. Entre em contato conosco;
Após o uso, aconselhamos limpar a joia com flanela de algodão para tirar possíveis resíduos de produtos como maquiagem e perfume;
Evite o contato com água do mar, cremes, perfumes e produtos químicos.";gid://shopify/Product/8612630036775
gid://shopify/Product/8612630167847;Anel Maes 2013 De Ouro 18K Com Rodio Negro E Diamante E Esmeralda;;;
gid://shopify/Metafield/31076478222631;;genero;"[""Feminino""]";gid://shopify/Product/8612630167847
gid://shopify/Metafield/31076478255399;;metal;Ouro Amarelo;gid://shopify/Product/8612630167847
gid://shopify/Metafield/31076478288167;;cobertura;Ródio Negro;gid://shopify/Product/8612630167847
gid://shopify/Metafield/31076478320935;;pedra;"[""Diamante"",""Esmeralda""]";gid://shopify/Product/8612630167847
gid://shopify/Metafield/31076478452007;;cuidadospeca;"Evite o contato de uma joia com a outra. Guarde-as separadamente nas embalagens fornecidas pela Jack Vartanian;
Com o uso, fechos e tarraxas podem necessitar de ajustes para que fiquem com a pressão adequada. Entre em contato conosco;
Após o uso, aconselhamos limpar a joia com flanela de algodão para tirar possíveis resíduos de produtos como maquiagem e perfume;
Evite o contato com água do mar, cremes, perfumes e produtos químicos.";gid://shopify/Product/8612630167847
gid://shopify/Product/8612630397223;Anel Maes 2013 De Ouro 18K Com Rodio Negro E Diamante E Safira;;;
gid://shopify/Metafield/31076478681383;;genero;"[""Feminino""]";gid://shopify/Product/8612630397223
gid://shopify/Metafield/31076478714151;;metal;Ouro Amarelo;gid://shopify/Product/8612630397223
gid://shopify/Metafield/31076478746919;;cobertura;Ródio Negro;gid://shopify/Product/8612630397223
gid://shopify/Metafield/31076478779687;;pedra;"[""Diamante"",""Safira""]";gid://shopify/Product/8612630397223
gid://shopify/Metafield/31076478812455;;cuidadospeca;"Evite o contato de uma joia com a outra. Guarde-as separadamente nas embalagens fornecidas pela Jack Vartanian;
Com o uso, fechos e tarraxas podem necessitar de ajustes para que fiquem com a pressão adequada. Entre em contato conosco;
Após o uso, aconselhamos limpar a joia com flanela de algodão para tirar possíveis resíduos de produtos como maquiagem e perfume;
Evite o contato com água do mar, cremes, perfumes e produtos químicos.";gid://shopify/Product/8612630397223
gid://shopify/Product/8612630626599;Anel Maes 2013 De Ouro 18K Com Rodio Negro E Diamante E Safira;;;
gid://shopify/Metafield/31076479074599;;genero;"[""Feminino""]";gid://shopify/Product/8612630626599
gid://shopify/Metafield/31076479107367;;metal;Ouro Amarelo;gid://shopify/Product/8612630626599
gid://shopify/Metafield/31076479140135;;cobertura;Ródio Negro;gid://shopify/Product/8612630626599
gid://shopify/Metafield/31076479172903;;pedra;"[""Diamante"",""Safira""]";gid://shopify/Product/8612630626599
gid://shopify/Metafield/31076479205671;;cuidadospeca;"Evite o contato de uma joia com a outra. Guarde-as separadamente nas embalagens fornecidas pela Jack Vartanian;
Com o uso, fechos e tarraxas podem necessitar de ajustes para que fiquem com a pressão adequada. Entre em contato conosco;
Após o uso, aconselhamos limpar a joia com flanela de algodão para tirar possíveis resíduos de produtos como maquiagem e perfume;
Evite o contato com água do mar, cremes, perfumes e produtos químicos.";gid://shopify/Product/8612630626599
gid://shopify/Product/8612630790439;Anel Maes 2013 De Ouro 18K Com Rodio Negro E Diamante E Rubi;;;
gid://shopify/Metafield/31076479336743;;genero;"[""Feminino""]";gid://shopify/Product/8612630790439
gid://shopify/Metafield/31076479369511;;metal;Ouro Amarelo;gid://shopify/Product/8612630790439
gid://shopify/Metafield/31076479402279;;cobertura;Ródio Negro;gid://shopify/Product/8612630790439
gid://shopify/Metafield/31076479435047;;pedra;"[""Diamante"",""Rubi""]";gid://shopify/Product/8612630790439
gid://shopify/Metafield/31076479467815;;cuidadospeca;"Evite o contato de uma joia com a outra. Guarde-as separadamente nas embalagens fornecidas pela Jack Vartanian;
Com o uso, fechos e tarraxas podem necessitar de ajustes para que fiquem com a pressão adequada. Entre em contato conosco;
Após o uso, aconselhamos limpar a joia com flanela de algodão para tirar possíveis resíduos de produtos como maquiagem e perfume;
Evite o contato com água do mar, cremes, perfumes e produtos químicos.";gid://shopify/Product/8612630790439
gid://shopify/Product/8612630921511;Anel Maes 2013 De Ouro 18K Com Rodio Negro E Diamante E Safira;;;
gid://shopify/Metafield/31076480188711;;genero;"[""Feminino""]";gid://shopify/Product/8612630921511
gid://shopify/Metafield/31076480221479;;metal;Ouro Amarelo;gid://shopify/Product/8612630921511
gid://shopify/Metafield/31076480254247;;cobertura;Ródio Negro;gid://shopify/Product/8612630921511
gid://shopify/Metafield/31076480287015;;pedra;"[""Diamante"",""Safira""]";gid://shopify/Product/8612630921511
gid://shopify/Metafield/31076480319783;;cuidadospeca;"Evite o contato de uma joia com a outra. Guarde-as separadamente nas embalagens fornecidas pela Jack Vartanian;
Com o uso, fechos e tarraxas podem necessitar de ajustes para que fiquem com a pressão adequada. Entre em contato conosco;
Após o uso, aconselhamos limpar a joia com flanela de algodão para tirar possíveis resíduos de produtos como maquiagem e perfume;
Evite o contato com água do mar, cremes, perfumes e produtos químicos.";gid://shopify/Product/8612630921511
gid://shopify/Product/8612631150887;Anel Maes 2013 De Ouro 18K Com Rodio Negro E Diamante E Safira;;;
gid://shopify/Metafield/31076480549159;;genero;"[""Feminino""]";gid://shopify/Product/8612631150887
gid://shopify/Metafield/31076480581927;;metal;Ouro Amarelo;gid://shopify/Product/8612631150887
gid://shopify/Metafield/31076480614695;;cobertura;Ródio Negro;gid://shopify/Product/8612631150887
gid://shopify/Metafield/31076480647463;;pedra;"[""Diamante"",""Safira""]";gid://shopify/Product/8612631150887
gid://shopify/Metafield/31076480680231;;cuidadospeca;"Evite o contato de uma joia com a outra. Guarde-as separadamente nas embalagens fornecidas pela Jack Vartanian;
Com o uso, fechos e tarraxas podem necessitar de ajustes para que fiquem com a pressão adequada. Entre em contato conosco;
Após o uso, aconselhamos limpar a joia com flanela de algodão para tirar possíveis resíduos de produtos como maquiagem e perfume;
Evite o contato com água do mar, cremes, perfumes e produtos químicos.";gid://shopify/Product/8612631150887
gid://shopify/Product/8612631216423;Anel Maes 2013 De Ouro 18K Com Rodio Negro E Diamante E Esmeralda;;;
gid://shopify/Metafield/31076481237287;;genero;"[""Feminino""]";gid://shopify/Product/8612631216423
gid://shopify/Metafield/31076481270055;;metal;Ouro Amarelo;gid://shopify/Product/8612631216423
gid://shopify/Metafield/31076481302823;;cobertura;Ródio Negro;gid://shopify/Product/8612631216423
gid://shopify/Metafield/31076481335591;;pedra;"[""Diamante"",""Esmeralda""]";gid://shopify/Product/8612631216423
gid://shopify/Metafield/31076481368359;;cuidadospeca;"Evite o contato de uma joia com a outra. Guarde-as separadamente nas embalagens fornecidas pela Jack Vartanian;
Com o uso, fechos e tarraxas podem necessitar de ajustes para que fiquem com a pressão adequada. Entre em contato conosco;
Após o uso, aconselhamos limpar a joia com flanela de algodão para tirar possíveis resíduos de produtos como maquiagem e perfume;
Evite o contato com água do mar, cremes, perfumes e produtos químicos.";gid://shopify/Product/8612631216423
gid://shopify/Product/8612631380263;Anel Pura De Ouro 18K Com Rodio Negro E Rubi;;;
gid://shopify/Metafield/31076482285863;;genero;"[""Feminino""]";gid://shopify/Product/8612631380263
gid://shopify/Metafield/31076482318631;;metal;Ouro Amarelo;gid://shopify/Product/8612631380263
gid://shopify/Metafield/31076482351399;;cobertura;Ródio Negro;gid://shopify/Product/8612631380263
gid://shopify/Metafield/31076482384167;;pedra;"[""Rubi""]";gid://shopify/Product/8612631380263
gid://shopify/Metafield/31076482416935;;cuidadospeca;"Evite o contato de uma joia com a outra. Guarde-as separadamente nas embalagens fornecidas pela Jack Vartanian;
Com o uso, fechos e tarraxas podem necessitar de ajustes para que fiquem com a pressão adequada. Entre em contato conosco;
Após o uso, aconselhamos limpar a joia com flanela de algodão para tirar possíveis resíduos de produtos como maquiagem e perfume;
Evite o contato com água do mar, cremes, perfumes e produtos químicos.";gid://shopify/Product/8612631380263
gid://shopify/Product/8612631642407;Anel Rock Star De Ouro 18K Com Rodio Negro E Diamante E Safira - G;;;
gid://shopify/Metafield/31076482515239;;genero;"[""Feminino""]";gid://shopify/Product/8612631642407
gid://shopify/Metafield/31076482613543;;metal;Ouro Amarelo;gid://shopify/Product/8612631642407
gid://shopify/Metafield/31076482646311;;cobertura;Ródio Negro;gid://shopify/Product/8612631642407
gid://shopify/Metafield/31076482711847;;pedra;"[""Diamante"",""Safira""]";gid://shopify/Product/8612631642407
gid://shopify/Metafield/31076482744615;;cuidadospeca;"Evite o contato de uma joia com a outra. Guarde-as separadamente nas embalagens fornecidas pela Jack Vartanian;
Com o uso, fechos e tarraxas podem necessitar de ajustes para que fiquem com a pressão adequada. Entre em contato conosco;
Após o uso, aconselhamos limpar a joia com flanela de algodão para tirar possíveis resíduos de produtos como maquiagem e perfume;
Evite o contato com água do mar, cremes, perfumes e produtos químicos.";gid://shopify/Product/8612631642407
gid://shopify/Product/8612631806247;Anel Rock Star De Ouro 18K Com Rodio Negro E Quartzo E Diamante;;;
gid://shopify/Metafield/31076483203367;;genero;"[""Feminino""]";gid://shopify/Product/8612631806247
gid://shopify/Metafield/31076483236135;;metal;Ouro Amarelo;gid://shopify/Product/8612631806247
gid://shopify/Metafield/31076483268903;;cobertura;Ródio Negro;gid://shopify/Product/8612631806247
gid://shopify/Metafield/31076483334439;;pedra;"[""Quartzo"",""Diamante""]";gid://shopify/Product/8612631806247
gid://shopify/Metafield/31076483367207;;cuidadospeca;"Evite o contato de uma joia com a outra. Guarde-as separadamente nas embalagens fornecidas pela Jack Vartanian;
Com o uso, fechos e tarraxas podem necessitar de ajustes para que fiquem com a pressão adequada. Entre em contato conosco;
Após o uso, aconselhamos limpar a joia com flanela de algodão para tirar possíveis resíduos de produtos como maquiagem e perfume;
Evite o contato com água do mar, cremes, perfumes e produtos químicos.";gid://shopify/Product/8612631806247
gid://shopify/Product/8612632002855;Anel Rock Star De Ouro 18K Com Rodio Negro E Morganita E Diamante;;;
gid://shopify/Metafield/31076484120871;;genero;"[""Feminino""]";gid://shopify/Product/8612632002855
gid://shopify/Metafield/31076484153639;;metal;Ouro Amarelo;gid://shopify/Product/8612632002855
gid://shopify/Metafield/31076484186407;;cobertura;Ródio Negro;gid://shopify/Product/8612632002855
gid://shopify/Metafield/31076484219175;;pedra;"[""Morganita"",""Diamante""]";gid://shopify/Product/8612632002855
gid://shopify/Metafield/31076484251943;;cuidadospeca;"Evite o contato de uma joia com a outra. Guarde-as separadamente nas embalagens fornecidas pela Jack Vartanian;
Com o uso, fechos e tarraxas podem necessitar de ajustes para que fiquem com a pressão adequada. Entre em contato conosco;
Após o uso, aconselhamos limpar a joia com flanela de algodão para tirar possíveis resíduos de produtos como maquiagem e perfume;
Evite o contato com água do mar, cremes, perfumes e produtos químicos.";gid://shopify/Product/8612632002855
gid://shopify/Product/8612632133927;Anel Rock Star De Ouro Amarelo E Negro 18K E Diamante E Esmeralda;;;
gid://shopify/Metafield/31076484841767;;genero;"[""Feminino""]";gid://shopify/Product/8612632133927
gid://shopify/Metafield/31076484874535;;metal;Ouro Amarelo;gid://shopify/Product/8612632133927
gid://shopify/Metafield/31076484907303;;cobertura;Ródio Negro;gid://shopify/Product/8612632133927
gid://shopify/Metafield/31076484940071;;pedra;"[""Diamante"",""Esmeralda""]";gid://shopify/Product/8612632133927
gid://shopify/Metafield/31076484972839;;cuidadospeca;"Evite o contato de uma joia com a outra. Guarde-as separadamente nas embalagens fornecidas pela Jack Vartanian;
Com o uso, fechos e tarraxas podem necessitar de ajustes para que fiquem com a pressão adequada. Entre em contato conosco;
Após o uso, aconselhamos limpar a joia com flanela de algodão para tirar possíveis resíduos de produtos como maquiagem e perfume;
Evite o contato com água do mar, cremes, perfumes e produtos químicos.";gid://shopify/Product/8612632133927
gid://shopify/Product/8612632199463;Anel Rock Star De Ouro 18K Com Rodio Negro E Ametista E Diamante;;;
gid://shopify/Metafield/31076485005607;;genero;"[""Feminino""]";gid://shopify/Product/8612632199463
gid://shopify/Metafield/31076485038375;;metal;Ouro Amarelo;gid://shopify/Product/8612632199463
gid://shopify/Metafield/31076485071143;;cobertura;Ródio Negro;gid://shopify/Product/8612632199463
gid://shopify/Metafield/31076485103911;;pedra;"[""Ametista"",""Diamante""]";gid://shopify/Product/8612632199463
gid://shopify/Metafield/31076485136679;;cuidadospeca;"Evite o contato de uma joia com a outra. Guarde-as separadamente nas embalagens fornecidas pela Jack Vartanian;
Com o uso, fechos e tarraxas podem necessitar de ajustes para que fiquem com a pressão adequada. Entre em contato conosco;
Após o uso, aconselhamos limpar a joia com flanela de algodão para tirar possíveis resíduos de produtos como maquiagem e perfume;
Evite o contato com água do mar, cremes, perfumes e produtos químicos.";gid://shopify/Product/8612632199463
gid://shopify/Product/8612632461607;Anel Rock Star De Ouro 18K Com Rodio Negro E Diamante E Safira;;;
gid://shopify/Metafield/31076485955879;;genero;"[""Feminino""]";gid://shopify/Product/8612632461607
gid://shopify/Metafield/31076485988647;;metal;Ouro Branco;gid://shopify/Product/8612632461607
gid://shopify/Metafield/31076486021415;;cobertura;Ródio Negro;gid://shopify/Product/8612632461607
gid://shopify/Metafield/31076486054183;;pedra;"[""Diamante"",""Safira""]";gid://shopify/Product/8612632461607
gid://shopify/Metafield/31076486086951;;cuidadospeca;"Evite o contato de uma joia com a outra. Guarde-as separadamente nas embalagens fornecidas pela Jack Vartanian;
Com o uso, fechos e tarraxas podem necessitar de ajustes para que fiquem com a pressão adequada. Entre em contato conosco;
Após o uso, aconselhamos limpar a joia com flanela de algodão para tirar possíveis resíduos de produtos como maquiagem e perfume;
Evite o contato com água do mar, cremes, perfumes e produtos químicos.";gid://shopify/Product/8612632461607
gid://shopify/Product/8612632658215;Anel Rock Star De Ouro 18K Com Rodio Negro E Kunzita E Diamante;;;
gid://shopify/Metafield/31076487069991;;genero;"[""Feminino""]";gid://shopify/Product/8612632658215
gid://shopify/Metafield/31076487102759;;metal;Ouro Branco;gid://shopify/Product/8612632658215
gid://shopify/Metafield/31076487135527;;cobertura;Ródio Negro;gid://shopify/Product/8612632658215
gid://shopify/Metafield/31076487168295;;pedra;"[""Kunzita"",""Diamante""]";gid://shopify/Product/8612632658215
gid://shopify/Metafield/31076487201063;;cuidadospeca;"Evite o contato de uma joia com a outra. Guarde-as separadamente nas embalagens fornecidas pela Jack Vartanian;
Com o uso, fechos e tarraxas podem necessitar de ajustes para que fiquem com a pressão adequada. Entre em contato conosco;
Após o uso, aconselhamos limpar a joia com flanela de algodão para tirar possíveis resíduos de produtos como maquiagem e perfume;
Evite o contato com água do mar, cremes, perfumes e produtos químicos.";gid://shopify/Product/8612632658215
gid://shopify/Product/8612632822055;Anel Rock Star De Ouro 18K Com Rodio Negro E Morganita E Diamante;;;
gid://shopify/Metafield/31076487266599;;genero;"[""Feminino""]";gid://shopify/Product/8612632822055
gid://shopify/Metafield/31076487299367;;metal;Ouro Amarelo;gid://shopify/Product/8612632822055
gid://shopify/Metafield/31076487332135;;cobertura;Ródio Negro;gid://shopify/Product/8612632822055
gid://shopify/Metafield/31076487364903;;pedra;"[""Morganita"",""Diamante""]";gid://shopify/Product/8612632822055
gid://shopify/Metafield/31076487430439;;cuidadospeca;"Evite o contato de uma joia com a outra. Guarde-as separadamente nas embalagens fornecidas pela Jack Vartanian;
Com o uso, fechos e tarraxas podem necessitar de ajustes para que fiquem com a pressão adequada. Entre em contato conosco;
Após o uso, aconselhamos limpar a joia com flanela de algodão para tirar possíveis resíduos de produtos como maquiagem e perfume;
Evite o contato com água do mar, cremes, perfumes e produtos químicos.";gid://shopify/Product/8612632822055
gid://shopify/Product/8612632920359;Anel Rock Star De Ouro 18K Com Rodio Negro E Diamante E Rubi;;;
gid://shopify/Metafield/31076488151335;;genero;"[""Feminino""]";gid://shopify/Product/8612632920359
gid://shopify/Metafield/31076488184103;;metal;Ouro Amarelo;gid://shopify/Product/8612632920359
gid://shopify/Metafield/31076488216871;;cobertura;Ródio Negro;gid://shopify/Product/8612632920359
gid://shopify/Metafield/31076488249639;;pedra;"[""Diamante"",""Rubi""]";gid://shopify/Product/8612632920359
gid://shopify/Metafield/31076488282407;;cuidadospeca;"Evite o contato de uma joia com a outra. Guarde-as separadamente nas embalagens fornecidas pela Jack Vartanian;
Com o uso, fechos e tarraxas podem necessitar de ajustes para que fiquem com a pressão adequada. Entre em contato conosco;
Após o uso, aconselhamos limpar a joia com flanela de algodão para tirar possíveis resíduos de produtos como maquiagem e perfume;
Evite o contato com água do mar, cremes, perfumes e produtos químicos.";gid://shopify/Product/8612632920359
gid://shopify/Product/8612659036455;Anel Especial De Ouro Branco 18K E Diamante E Turmalina Paraiba;;;
gid://shopify/Metafield/31076621582631;;genero;"[""Feminino""]";gid://shopify/Product/8612659036455
gid://shopify/Metafield/31076621615399;;metal;Ouro Branco;gid://shopify/Product/8612659036455
gid://shopify/Metafield/31076621648167;;cobertura;Ouro Branco;gid://shopify/Product/8612659036455
gid://shopify/Metafield/31076621680935;;pedra;"[""Diamante"",""Turmalina Paraíba""]";gid://shopify/Product/8612659036455
gid://shopify/Metafield/31076621713703;;cuidadospeca;"Evite o contato de uma joia com a outra. Guarde-as separadamente nas embalagens fornecidas pela Jack Vartanian;
Com o uso, fechos e tarraxas podem necessitar de ajustes para que fiquem com a pressão adequada. Entre em contato conosco;
Após o uso, aconselhamos limpar a joia com flanela de algodão para tirar possíveis resíduos de produtos como maquiagem e perfume;
Evite o contato com água do mar, cremes, perfumes e produtos químicos.";gid://shopify/Product/8612659036455
gid://shopify/Product/8612659200295;Anel Especial De Ouro Branco 18K E Diamantes Mix;;;
gid://shopify/Metafield/31076622303527;;genero;"[""Feminino""]";gid://shopify/Product/8612659200295
gid://shopify/Metafield/31076622336295;;metal;Ouro Branco;gid://shopify/Product/8612659200295
gid://shopify/Metafield/31076622369063;;cobertura;Ouro Branco;gid://shopify/Product/8612659200295
gid://shopify/Metafield/31076622401831;;pedra;"[""Diamantes Mix""]";gid://shopify/Product/8612659200295
gid://shopify/Metafield/31076622434599;;cuidadospeca;"Evite o contato de uma joia com a outra. Guarde-as separadamente nas embalagens fornecidas pela Jack Vartanian;
Com o uso, fechos e tarraxas podem necessitar de ajustes para que fiquem com a pressão adequada. Entre em contato conosco;
Após o uso, aconselhamos limpar a joia com flanela de algodão para tirar possíveis resíduos de produtos como maquiagem e perfume;
Evite o contato com água do mar, cremes, perfumes e produtos químicos.";gid://shopify/Product/8612659200295
gid://shopify/Product/8612659364135;Anel Especial De Ouro Branco 18K E Diamantes Mix;;;
gid://shopify/Metafield/31076623483175;;genero;"[""Feminino""]";gid://shopify/Product/8612659364135
gid://shopify/Metafield/31076623515943;;metal;Ouro Branco;gid://shopify/Product/8612659364135
gid://shopify/Metafield/31076623548711;;cobertura;Ouro Branco;gid://shopify/Product/8612659364135
gid://shopify/Metafield/31076623581479;;pedra;"[""Diamantes Mix""]";gid://shopify/Product/8612659364135
gid://shopify/Metafield/31076623614247;;cuidadospeca;"Evite o contato de uma joia com a outra. Guarde-as separadamente nas embalagens fornecidas pela Jack Vartanian;
Com o uso, fechos e tarraxas podem necessitar de ajustes para que fiquem com a pressão adequada. Entre em contato conosco;
Após o uso, aconselhamos limpar a joia com flanela de algodão para tirar possíveis resíduos de produtos como maquiagem e perfume;
Evite o contato com água do mar, cremes, perfumes e produtos químicos.";gid://shopify/Product/8612659364135
gid://shopify/Product/8612659659047;Anel Rock Star De Ouro Branco 18K E Rubelita E Diamante;;;
gid://shopify/Metafield/31076624400679;;genero;"[""Feminino""]";gid://shopify/Product/8612659659047
gid://shopify/Metafield/31076624433447;;metal;Ouro Branco;gid://shopify/Product/8612659659047
gid://shopify/Metafield/31076624466215;;cobertura;Ouro Branco;gid://shopify/Product/8612659659047
gid://shopify/Metafield/31076624498983;;pedra;"[""Rubelita"",""Diamante""]";gid://shopify/Product/8612659659047
gid://shopify/Metafield/31076624531751;;cuidadospeca;"Evite o contato de uma joia com a outra. Guarde-as separadamente nas embalagens fornecidas pela Jack Vartanian;
Com o uso, fechos e tarraxas podem necessitar de ajustes para que fiquem com a pressão adequada. Entre em contato conosco;
Após o uso, aconselhamos limpar a joia com flanela de algodão para tirar possíveis resíduos de produtos como maquiagem e perfume;
Evite o contato com água do mar, cremes, perfumes e produtos químicos.";gid://shopify/Product/8612659659047
gid://shopify/Product/8613205868839;Pulseira Clássico De Ouro 18K Com Ródio Negro E Diamante Solitário;;;
gid://shopify/Metafield/31082008477991;;genero;"[""Feminino""]";gid://shopify/Product/8613205868839
gid://shopify/Metafield/31082008510759;;metal;Ouro Amarelo;gid://shopify/Product/8613205868839
gid://shopify/Metafield/31082008543527;;cobertura;Ródio Negro;gid://shopify/Product/8613205868839
gid://shopify/Metafield/31082008576295;;pedra;"[""Diamante Solitário""]";gid://shopify/Product/8613205868839
gid://shopify/Metafield/31082008609063;;cuidadospeca;"Evite o contato de uma joia com a outra. Guarde-as separadamente nas embalagens fornecidas pela Jack Vartanian;
Com o uso, fechos e tarraxas podem necessitar de ajustes para que fiquem com a pressão adequada. Entre em contato conosco;
Após o uso, aconselhamos limpar a joia com flanela de algodão para tirar possíveis resíduos de produtos como maquiagem e perfume;
Evite o contato com água do mar, cremes, perfumes e produtos químicos.";gid://shopify/Product/8613205868839
gid://shopify/Product/8613205967143;Brinco Dolce Vita De Ouro Amarelo 18K E Olho De Tigre E Safira;;;
gid://shopify/Metafield/31082008674599;;genero;"[""Feminino""]";gid://shopify/Product/8613205967143
gid://shopify/Metafield/31082008707367;;metal;Ouro Amarelo;gid://shopify/Product/8613205967143
gid://shopify/Metafield/31082008740135;;cobertura;Ouro Amarelo;gid://shopify/Product/8613205967143
gid://shopify/Metafield/31082008772903;;pedra;"[""Olho De Tigre"",""Safira""]";gid://shopify/Product/8613205967143
gid://shopify/Metafield/31082008838439;;cuidadospeca;"Evite o contato de uma joia com a outra. Guarde-as separadamente nas embalagens fornecidas pela Jack Vartanian;
Com o uso, fechos e tarraxas podem necessitar de ajustes para que fiquem com a pressão adequada. Entre em contato conosco;
Após o uso, aconselhamos limpar a joia com flanela de algodão para tirar possíveis resíduos de produtos como maquiagem e perfume;
Evite o contato com água do mar, cremes, perfumes e produtos químicos.";gid://shopify/Product/8613205967143
gid://shopify/Product/8613206065447;Brinco Dolce Vita De Ouro Amarelo 18K E Olho De Tigre;;;
gid://shopify/Metafield/31082009461031;;genero;"[""Feminino""]";gid://shopify/Product/8613206065447
gid://shopify/Metafield/31082009493799;;metal;Ouro Amarelo;gid://shopify/Product/8613206065447
gid://shopify/Metafield/31082009526567;;cobertura;Ouro Amarelo;gid://shopify/Product/8613206065447
gid://shopify/Metafield/31082009559335;;pedra;"[""Olho De Tigre""]";gid://shopify/Product/8613206065447
gid://shopify/Metafield/31082009592103;;cuidadospeca;"Evite o contato de uma joia com a outra. Guarde-as separadamente nas embalagens fornecidas pela Jack Vartanian;
Com o uso, fechos e tarraxas podem necessitar de ajustes para que fiquem com a pressão adequada. Entre em contato conosco;
Após o uso, aconselhamos limpar a joia com flanela de algodão para tirar possíveis resíduos de produtos como maquiagem e perfume;
Evite o contato com água do mar, cremes, perfumes e produtos químicos.";gid://shopify/Product/8613206065447
gid://shopify/Product/8613206130983;Anel Especial De Ouro Amarelo E Branco 18K E Diamante E Esmeralda;;;
gid://shopify/Metafield/31082010116391;;genero;"[""Feminino""]";gid://shopify/Product/8613206130983
gid://shopify/Metafield/31082010149159;;metal;Ouro Amarelo;gid://shopify/Product/8613206130983
gid://shopify/Metafield/31082010214695;;cobertura;Ouro Amarelo E Branco;gid://shopify/Product/8613206130983
gid://shopify/Metafield/31082010247463;;pedra;"[""Diamante"",""Esmeralda""]";gid://shopify/Product/8613206130983
gid://shopify/Metafield/31082010280231;;cuidadospeca;"Evite o contato de uma joia com a outra. Guarde-as separadamente nas embalagens fornecidas pela Jack Vartanian;
Com o uso, fechos e tarraxas podem necessitar de ajustes para que fiquem com a pressão adequada. Entre em contato conosco;
Após o uso, aconselhamos limpar a joia com flanela de algodão para tirar possíveis resíduos de produtos como maquiagem e perfume;
Evite o contato com água do mar, cremes, perfumes e produtos químicos.";gid://shopify/Product/8613206130983
gid://shopify/Product/8613206294823;Anel Especial De Ouro Branco 18K E Diamante Solitário;;;
gid://shopify/Metafield/31082010345767;;genero;"[""Feminino""]";gid://shopify/Product/8613206294823
gid://shopify/Metafield/31082010378535;;metal;Ouro Branco;gid://shopify/Product/8613206294823
gid://shopify/Metafield/31082010411303;;cobertura;Ouro Branco;gid://shopify/Product/8613206294823
gid://shopify/Metafield/31082010444071;;pedra;"[""Diamante Solitário""]";gid://shopify/Product/8613206294823
gid://shopify/Metafield/31082010476839;;cuidadospeca;"Evite o contato de uma joia com a outra. Guarde-as separadamente nas embalagens fornecidas pela Jack Vartanian;
Com o uso, fechos e tarraxas podem necessitar de ajustes para que fiquem com a pressão adequada. Entre em contato conosco;
Após o uso, aconselhamos limpar a joia com flanela de algodão para tirar possíveis resíduos de produtos como maquiagem e perfume;
Evite o contato com água do mar, cremes, perfumes e produtos químicos.";gid://shopify/Product/8613206294823
gid://shopify/Product/8613206327591;Brinco Especial De Ouro Branco 18K E Diamante Solitário;;;
gid://shopify/Metafield/31082011066663;;genero;"[""Feminino""]";gid://shopify/Product/8613206327591
gid://shopify/Metafield/31082011099431;;metal;Ouro Branco;gid://shopify/Product/8613206327591
gid://shopify/Metafield/31082011132199;;cobertura;Ouro Branco;gid://shopify/Product/8613206327591
gid://shopify/Metafield/31082011164967;;pedra;"[""Diamante Solitário""]";gid://shopify/Product/8613206327591
gid://shopify/Metafield/31082011230503;;cuidadospeca;"Evite o contato de uma joia com a outra. Guarde-as separadamente nas embalagens fornecidas pela Jack Vartanian;
Com o uso, fechos e tarraxas podem necessitar de ajustes para que fiquem com a pressão adequada. Entre em contato conosco;
Após o uso, aconselhamos limpar a joia com flanela de algodão para tirar possíveis resíduos de produtos como maquiagem e perfume;
Evite o contato com água do mar, cremes, perfumes e produtos químicos.";gid://shopify/Product/8613206327591
gid://shopify/Product/8613206393127;Brinco Especial De Ouro Branco 18K E Diamante Solitário;;;
gid://shopify/Metafield/31082011853095;;genero;"[""Feminino""]";gid://shopify/Product/8613206393127
gid://shopify/Metafield/31082011885863;;metal;Ouro Branco;gid://shopify/Product/8613206393127
gid://shopify/Metafield/31082011918631;;cobertura;Ouro Branco;gid://shopify/Product/8613206393127
gid://shopify/Metafield/31082011951399;;pedra;"[""Diamante Solitário""]";gid://shopify/Product/8613206393127
gid://shopify/Metafield/31082011984167;;cuidadospeca;"Evite o contato de uma joia com a outra. Guarde-as separadamente nas embalagens fornecidas pela Jack Vartanian;
Com o uso, fechos e tarraxas podem necessitar de ajustes para que fiquem com a pressão adequada. Entre em contato conosco;
Após o uso, aconselhamos limpar a joia com flanela de algodão para tirar possíveis resíduos de produtos como maquiagem e perfume;
Evite o contato com água do mar, cremes, perfumes e produtos químicos.";gid://shopify/Product/8613206393127
gid://shopify/Product/8613206589735;Brinco Especial De Ouro Amarelo 18K E Esmeralda;;;
gid://shopify/Metafield/31082012016935;;genero;"[""Feminino""]";gid://shopify/Product/8613206589735
gid://shopify/Metafield/31082012049703;;metal;Ouro Amarelo;gid://shopify/Product/8613206589735
gid://shopify/Metafield/31082012082471;;cobertura;Ouro Amarelo;gid://shopify/Product/8613206589735
gid://shopify/Metafield/31082012115239;;pedra;"[""Esmeralda""]";gid://shopify/Product/8613206589735
gid://shopify/Metafield/31082012148007;;cuidadospeca;"Evite o contato de uma joia com a outra. Guarde-as separadamente nas embalagens fornecidas pela Jack Vartanian;
Com o uso, fechos e tarraxas podem necessitar de ajustes para que fiquem com a pressão adequada. Entre em contato conosco;
Após o uso, aconselhamos limpar a joia com flanela de algodão para tirar possíveis resíduos de produtos como maquiagem e perfume;
Evite o contato com água do mar, cremes, perfumes e produtos químicos.";gid://shopify/Product/8613206589735
gid://shopify/Product/8613206622503;Colar Especial De Ouro 18K Com Ródio Negro E Rubi;;;
gid://shopify/Metafield/31082012705063;;genero;"[""Feminino""]";gid://shopify/Product/8613206622503
gid://shopify/Metafield/31082012737831;;metal;Ouro Amarelo;gid://shopify/Product/8613206622503
gid://shopify/Metafield/31082012770599;;cobertura;Ródio Negro;gid://shopify/Product/8613206622503
gid://shopify/Metafield/31082012803367;;pedra;"[""Rubi""]";gid://shopify/Product/8613206622503
gid://shopify/Metafield/31082012836135;;cuidadospeca;"Evite o contato de uma joia com a outra. Guarde-as separadamente nas embalagens fornecidas pela Jack Vartanian;
Com o uso, fechos e tarraxas podem necessitar de ajustes para que fiquem com a pressão adequada. Entre em contato conosco;
Após o uso, aconselhamos limpar a joia com flanela de algodão para tirar possíveis resíduos de produtos como maquiagem e perfume;
Evite o contato com água do mar, cremes, perfumes e produtos químicos.";gid://shopify/Product/8613206622503
gid://shopify/Product/8613206688039;Colar JV MAN De Ouro Branco 18K E Diamante Negro - G;;;
gid://shopify/Metafield/31082013425959;;genero;"[""Masculino""]";gid://shopify/Product/8613206688039
gid://shopify/Metafield/31082013458727;;metal;Ouro Branco;gid://shopify/Product/8613206688039
gid://shopify/Metafield/31082013491495;;cobertura;Ouro Branco;gid://shopify/Product/8613206688039
gid://shopify/Metafield/31082013524263;;pedra;"[""Diamante Negro""]";gid://shopify/Product/8613206688039
gid://shopify/Metafield/31082013557031;;cuidadospeca;"Evite o contato de uma joia com a outra. Guarde-as separadamente nas embalagens fornecidas pela Jack Vartanian;
Com o uso, fechos e tarraxas podem necessitar de ajustes para que fiquem com a pressão adequada. Entre em contato conosco;
Após o uso, aconselhamos limpar a joia com flanela de algodão para tirar possíveis resíduos de produtos como maquiagem e perfume;
Evite o contato com água do mar, cremes, perfumes e produtos químicos.";gid://shopify/Product/8613206688039
gid://shopify/Product/8613206786343;Colar JV MAN De Ouro 18K Com Ródio Negro E Diamante Negro - G;;;
gid://shopify/Metafield/31082013589799;;genero;"[""Masculino""]";gid://shopify/Product/8613206786343
gid://shopify/Metafield/31082013622567;;metal;Ouro Amarelo;gid://shopify/Product/8613206786343
gid://shopify/Metafield/31082013655335;;cobertura;Ródio Negro;gid://shopify/Product/8613206786343
gid://shopify/Metafield/31082013688103;;pedra;"[""Diamante Negro""]";gid://shopify/Product/8613206786343
gid://shopify/Metafield/31082013720871;;cuidadospeca;"Evite o contato de uma joia com a outra. Guarde-as separadamente nas embalagens fornecidas pela Jack Vartanian;
Com o uso, fechos e tarraxas podem necessitar de ajustes para que fiquem com a pressão adequada. Entre em contato conosco;
Após o uso, aconselhamos limpar a joia com flanela de algodão para tirar possíveis resíduos de produtos como maquiagem e perfume;
Evite o contato com água do mar, cremes, perfumes e produtos químicos.";gid://shopify/Product/8613206786343
gid://shopify/Product/8613206819111;Colar JV MAN De Ouro 18K Com Ródio Negro E Diamante Negro - M;;;
gid://shopify/Metafield/31082014310695;;genero;"[""Masculino""]";gid://shopify/Product/8613206819111
gid://shopify/Metafield/31082014343463;;metal;Ouro Amarelo;gid://shopify/Product/8613206819111
gid://shopify/Metafield/31082014376231;;cobertura;Ródio Negro;gid://shopify/Product/8613206819111
gid://shopify/Metafield/31082014408999;;pedra;"[""Diamante Negro""]";gid://shopify/Product/8613206819111
gid://shopify/Metafield/31082014441767;;cuidadospeca;"Evite o contato de uma joia com a outra. Guarde-as separadamente nas embalagens fornecidas pela Jack Vartanian;
Com o uso, fechos e tarraxas podem necessitar de ajustes para que fiquem com a pressão adequada. Entre em contato conosco;
Após o uso, aconselhamos limpar a joia com flanela de algodão para tirar possíveis resíduos de produtos como maquiagem e perfume;
Evite o contato com água do mar, cremes, perfumes e produtos químicos.";gid://shopify/Product/8613206819111
gid://shopify/Product/8613206851879;Colar JV MAN De Ouro Branco 18K E Diamante Negro - M;;;
gid://shopify/Metafield/31082014540071;;genero;"[""Masculino""]";gid://shopify/Product/8613206851879
gid://shopify/Metafield/31082014572839;;metal;Ouro Branco;gid://shopify/Product/8613206851879
gid://shopify/Metafield/31082014605607;;cobertura;Ouro Branco;gid://shopify/Product/8613206851879
gid://shopify/Metafield/31082014638375;;pedra;"[""Diamante Negro""]";gid://shopify/Product/8613206851879
gid://shopify/Metafield/31082014671143;;cuidadospeca;"Evite o contato de uma joia com a outra. Guarde-as separadamente nas embalagens fornecidas pela Jack Vartanian;
Com o uso, fechos e tarraxas podem necessitar de ajustes para que fiquem com a pressão adequada. Entre em contato conosco;
Após o uso, aconselhamos limpar a joia com flanela de algodão para tirar possíveis resíduos de produtos como maquiagem e perfume;
Evite o contato com água do mar, cremes, perfumes e produtos químicos.";gid://shopify/Product/8613206851879
gid://shopify/Product/8613206917415;Colar JV MAN De Ouro Branco 18K E Diamante Negro - G;;;
gid://shopify/Metafield/31082014703911;;genero;"[""Masculino""]";gid://shopify/Product/8613206917415
gid://shopify/Metafield/31082014736679;;metal;Ouro Branco;gid://shopify/Product/8613206917415
gid://shopify/Metafield/31082014769447;;cobertura;Ouro Branco;gid://shopify/Product/8613206917415
gid://shopify/Metafield/31082014802215;;pedra;"[""Diamante Negro""]";gid://shopify/Product/8613206917415
gid://shopify/Metafield/31082014834983;;cuidadospeca;"Evite o contato de uma joia com a outra. Guarde-as separadamente nas embalagens fornecidas pela Jack Vartanian;
Com o uso, fechos e tarraxas podem necessitar de ajustes para que fiquem com a pressão adequada. Entre em contato conosco;
Após o uso, aconselhamos limpar a joia com flanela de algodão para tirar possíveis resíduos de produtos como maquiagem e perfume;
Evite o contato com água do mar, cremes, perfumes e produtos químicos.";gid://shopify/Product/8613206917415
gid://shopify/Product/8613206950183;Colar JV MAN De Ouro 18K Com Ródio Negro E Diamante Negro - G;;;
gid://shopify/Metafield/31082015392039;;genero;"[""Masculino""]";gid://shopify/Product/8613206950183
gid://shopify/Metafield/31082015424807;;metal;Ouro Amarelo;gid://shopify/Product/8613206950183
gid://shopify/Metafield/31082015457575;;cobertura;Ródio Negro;gid://shopify/Product/8613206950183
gid://shopify/Metafield/31082015490343;;pedra;"[""Diamante Negro""]";gid://shopify/Product/8613206950183
gid://shopify/Metafield/31082015523111;;cuidadospeca;"Evite o contato de uma joia com a outra. Guarde-as separadamente nas embalagens fornecidas pela Jack Vartanian;
Com o uso, fechos e tarraxas podem necessitar de ajustes para que fiquem com a pressão adequada. Entre em contato conosco;
Após o uso, aconselhamos limpar a joia com flanela de algodão para tirar possíveis resíduos de produtos como maquiagem e perfume;
Evite o contato com água do mar, cremes, perfumes e produtos químicos.";gid://shopify/Product/8613206950183
gid://shopify/Product/8613207015719;Colar JV MAN De Ouro Branco 18K E Diamante Negro - M;;;
gid://shopify/Metafield/31082016080167;;genero;"[""Masculino""]";gid://shopify/Product/8613207015719
gid://shopify/Metafield/31082016112935;;metal;Ouro Branco;gid://shopify/Product/8613207015719
gid://shopify/Metafield/31082016145703;;cobertura;Ouro Branco;gid://shopify/Product/8613207015719
gid://shopify/Metafield/31082016178471;;pedra;"[""Diamante Negro""]";gid://shopify/Product/8613207015719
gid://shopify/Metafield/31082016211239;;cuidadospeca;"Evite o contato de uma joia com a outra. Guarde-as separadamente nas embalagens fornecidas pela Jack Vartanian;
Com o uso, fechos e tarraxas podem necessitar de ajustes para que fiquem com a pressão adequada. Entre em contato conosco;
Após o uso, aconselhamos limpar a joia com flanela de algodão para tirar possíveis resíduos de produtos como maquiagem e perfume;
Evite o contato com água do mar, cremes, perfumes e produtos químicos.";gid://shopify/Product/8613207015719
gid://shopify/Product/8613207179559;Anel Maes 2013 De Ouro 18K Com Ródio Negro E Diamante E Safira;;;
gid://shopify/Metafield/31082016964903;;genero;"[""Feminino""]";gid://shopify/Product/8613207179559
gid://shopify/Metafield/31082016997671;;metal;Ouro Amarelo;gid://shopify/Product/8613207179559
gid://shopify/Metafield/31082017030439;;cobertura;Ródio Negro;gid://shopify/Product/8613207179559
gid://shopify/Metafield/31082017063207;;pedra;"[""Diamante"",""Safira""]";gid://shopify/Product/8613207179559
gid://shopify/Metafield/31082017095975;;cuidadospeca;"Evite o contato de uma joia com a outra. Guarde-as separadamente nas embalagens fornecidas pela Jack Vartanian;
Com o uso, fechos e tarraxas podem necessitar de ajustes para que fiquem com a pressão adequada. Entre em contato conosco;
Após o uso, aconselhamos limpar a joia com flanela de algodão para tirar possíveis resíduos de produtos como maquiagem e perfume;
Evite o contato com água do mar, cremes, perfumes e produtos químicos.";gid://shopify/Product/8613207179559
gid://shopify/Product/8613207212327;Anel Maes 2013 De Ouro Rosa E Branco 18K E Diamante Solitário;;;
gid://shopify/Metafield/31082017718567;;genero;"[""Feminino""]";gid://shopify/Product/8613207212327
gid://shopify/Metafield/31082017751335;;metal;Ouro Branco;gid://shopify/Product/8613207212327
gid://shopify/Metafield/31082017784103;;cobertura;Ouro Rosa E Branco;gid://shopify/Product/8613207212327
gid://shopify/Metafield/31082017816871;;pedra;"[""Diamante Solitário""]";gid://shopify/Product/8613207212327
gid://shopify/Metafield/31082017849639;;cuidadospeca;"Evite o contato de uma joia com a outra. Guarde-as separadamente nas embalagens fornecidas pela Jack Vartanian;
Com o uso, fechos e tarraxas podem necessitar de ajustes para que fiquem com a pressão adequada. Entre em contato conosco;
Após o uso, aconselhamos limpar a joia com flanela de algodão para tirar possíveis resíduos de produtos como maquiagem e perfume;
Evite o contato com água do mar, cremes, perfumes e produtos químicos.";gid://shopify/Product/8613207212327
gid://shopify/Product/8613207343399;Corrente Pop De Prata Com Ouro Rosa;;;
gid://shopify/Metafield/31082018177319;;genero;"[""Feminino""]";gid://shopify/Product/8613207343399
gid://shopify/Metafield/31082018210087;;metal;Prata;gid://shopify/Product/8613207343399
gid://shopify/Metafield/31082018275623;;cobertura;Ouro Rosa;gid://shopify/Product/8613207343399
gid://shopify/Metafield/31082018308391;;cuidadospeca;"Evite o contato de uma joia com a outra. Guarde-as separadamente nas embalagens fornecidas pela Jack Vartanian;
Com o uso, fechos e tarraxas podem necessitar de ajustes para que fiquem com a pressão adequada. Entre em contato conosco;
Após o uso, aconselhamos limpar a joia com flanela de algodão para tirar possíveis resíduos de produtos como maquiagem e perfume;
Evite o contato com água do mar, cremes, perfumes e produtos químicos;
Para peças em prata o primeiro banho é cortesia;
Para peças ocas, evite atritos ou batidas.";gid://shopify/Product/8613207343399
gid://shopify/Product/8613207441703;Brinco Voyeur De Ouro 18K Com Ródio Negro E Diamante Negro - G;;;
gid://shopify/Metafield/31082019520807;;genero;"[""Feminino""]";gid://shopify/Product/8613207441703
gid://shopify/Metafield/31082019553575;;metal;Ouro Amarelo;gid://shopify/Product/8613207441703
gid://shopify/Metafield/31082019586343;;cobertura;Ródio Negro;gid://shopify/Product/8613207441703
gid://shopify/Metafield/31082019619111;;pedra;"[""Diamante Negro""]";gid://shopify/Product/8613207441703
gid://shopify/Metafield/31082019651879;;cuidadospeca;"Evite o contato de uma joia com a outra. Guarde-as separadamente nas embalagens fornecidas pela Jack Vartanian;
Com o uso, fechos e tarraxas podem necessitar de ajustes para que fiquem com a pressão adequada. Entre em contato conosco;
Após o uso, aconselhamos limpar a joia com flanela de algodão para tirar possíveis resíduos de produtos como maquiagem e perfume;
Evite o contato com água do mar, cremes, perfumes e produtos químicos.";gid://shopify/Product/8613207441703
gid://shopify/Product/8613207540007;Colar Especial De Ouro Amarelo 18K E Esmeralda;;;
gid://shopify/Metafield/31082019717415;;genero;"[""Feminino""]";gid://shopify/Product/8613207540007
gid://shopify/Metafield/31082019750183;;metal;Ouro Amarelo;gid://shopify/Product/8613207540007
gid://shopify/Metafield/31082019782951;;cobertura;Ouro Amarelo;gid://shopify/Product/8613207540007
gid://shopify/Metafield/31082019815719;;pedra;"[""Esmeralda""]";gid://shopify/Product/8613207540007
gid://shopify/Metafield/31082019848487;;cuidadospeca;"Evite o contato de uma joia com a outra. Guarde-as separadamente nas embalagens fornecidas pela Jack Vartanian;
Com o uso, fechos e tarraxas podem necessitar de ajustes para que fiquem com a pressão adequada. Entre em contato conosco;
Após o uso, aconselhamos limpar a joia com flanela de algodão para tirar possíveis resíduos de produtos como maquiagem e perfume;
Evite o contato com água do mar, cremes, perfumes e produtos químicos.";gid://shopify/Product/8613207540007
gid://shopify/Product/8629906014503;Corrente + Letra;;;
gid://shopify/Product/8630831677735;Anel New Vintage De Ouro Branco 18K E Safira E Diamante;;;
gid://shopify/Metafield/31214131380519;;genero;"[""Feminino""]";gid://shopify/Product/8630831677735
gid://shopify/Metafield/31214131446055;;metal;Ouro Branco;gid://shopify/Product/8630831677735
gid://shopify/Metafield/31214131478823;;cobertura;Ouro Branco;gid://shopify/Product/8630831677735
gid://shopify/Metafield/31214131511591;;pedra;"[""Safira"",""Diamante""]";gid://shopify/Product/8630831677735
gid://shopify/Metafield/31214131544359;;cuidadospeca;"Evite o contato de uma joia com a outra. Guarde-as separadamente nas embalagens fornecidas pela Jack Vartanian;
Com o uso, fechos e tarraxas podem necessitar de ajustes para que fiquem com a pressão adequada. Entre em contato conosco;
Após o uso, aconselhamos limpar a joia com flanela de algodão para tirar possíveis resíduos de produtos como maquiagem e perfume;
Evite o contato com água do mar, cremes, perfumes e produtos químicos.";gid://shopify/Product/8630831677735
gid://shopify/Product/8630832005415;Anel New Vintage De Ouro Amarelo 18K E Rodonita E Diamante;;;
gid://shopify/Metafield/31214133051687;;genero;"[""Feminino""]";gid://shopify/Product/8630832005415
gid://shopify/Metafield/31214133084455;;metal;Ouro Amarelo;gid://shopify/Product/8630832005415
gid://shopify/Metafield/31214133117223;;cobertura;Ouro Amarelo;gid://shopify/Product/8630832005415
gid://shopify/Metafield/31214133149991;;pedra;"[""Rodonita"",""Diamante""]";gid://shopify/Product/8630832005415
gid://shopify/Metafield/31214133182759;;cuidadospeca;"Evite o contato de uma joia com a outra. Guarde-as separadamente nas embalagens fornecidas pela Jack Vartanian;
Com o uso, fechos e tarraxas podem necessitar de ajustes para que fiquem com a pressão adequada. Entre em contato conosco;
Após o uso, aconselhamos limpar a joia com flanela de algodão para tirar possíveis resíduos de produtos como maquiagem e perfume;
Evite o contato com água do mar, cremes, perfumes e produtos químicos.";gid://shopify/Product/8630832005415
gid://shopify/Product/8630832431399;Anel New Vintage De Ouro Amarelo 18K E Esmeralda E Diamante;;;
gid://shopify/Metafield/31214134984999;;genero;"[""Feminino""]";gid://shopify/Product/8630832431399
gid://shopify/Metafield/31214135017767;;metal;Ouro Amarelo;gid://shopify/Product/8630832431399
gid://shopify/Metafield/31214135050535;;cobertura;Ouro Amarelo;gid://shopify/Product/8630832431399
gid://shopify/Metafield/31214135083303;;pedra;"[""Esmeralda"",""Diamante""]";gid://shopify/Product/8630832431399
gid://shopify/Metafield/31214135148839;;cuidadospeca;"Evite o contato de uma joia com a outra. Guarde-as separadamente nas embalagens fornecidas pela Jack Vartanian;
Com o uso, fechos e tarraxas podem necessitar de ajustes para que fiquem com a pressão adequada. Entre em contato conosco;
Após o uso, aconselhamos limpar a joia com flanela de algodão para tirar possíveis resíduos de produtos como maquiagem e perfume;
Evite o contato com água do mar, cremes, perfumes e produtos químicos.";gid://shopify/Product/8630832431399
gid://shopify/Product/8630832824615;Anel New Vintage De Ouro Amarelo 18K E Rodonita E Diamante;;;
gid://shopify/Metafield/31214136131879;;genero;"[""Feminino""]";gid://shopify/Product/8630832824615
gid://shopify/Metafield/31214136164647;;metal;Ouro Amarelo;gid://shopify/Product/8630832824615
gid://shopify/Metafield/31214136197415;;cobertura;Ouro Amarelo;gid://shopify/Product/8630832824615
gid://shopify/Metafield/31214136230183;;pedra;"[""Rodonita"",""Diamante""]";gid://shopify/Product/8630832824615
gid://shopify/Metafield/31214136262951;;cuidadospeca;"Evite o contato de uma joia com a outra. Guarde-as separadamente nas embalagens fornecidas pela Jack Vartanian;
Com o uso, fechos e tarraxas podem necessitar de ajustes para que fiquem com a pressão adequada. Entre em contato conosco;
Após o uso, aconselhamos limpar a joia com flanela de algodão para tirar possíveis resíduos de produtos como maquiagem e perfume;
Evite o contato com água do mar, cremes, perfumes e produtos químicos.";gid://shopify/Product/8630832824615
gid://shopify/Product/8630833185063;Brinco New Vintage De Ouro Amarelo 18K E Diamante;;;
gid://shopify/Metafield/31214137016615;;genero;"[""Feminino""]";gid://shopify/Product/8630833185063
gid://shopify/Metafield/31214137082151;;metal;Ouro Amarelo;gid://shopify/Product/8630833185063
gid://shopify/Metafield/31214137114919;;cobertura;Ouro Amarelo;gid://shopify/Product/8630833185063
gid://shopify/Metafield/31214137147687;;pedra;"[""Diamante""]";gid://shopify/Product/8630833185063
gid://shopify/Metafield/31214137180455;;cuidadospeca;"Evite o contato de uma joia com a outra. Guarde-as separadamente nas embalagens fornecidas pela Jack Vartanian;
Com o uso, fechos e tarraxas podem necessitar de ajustes para que fiquem com a pressão adequada. Entre em contato conosco;
Após o uso, aconselhamos limpar a joia com flanela de algodão para tirar possíveis resíduos de produtos como maquiagem e perfume;
Evite o contato com água do mar, cremes, perfumes e produtos químicos.";gid://shopify/Product/8630833185063
gid://shopify/Product/8630833545511;Brinco New Vintage De Ouro Amarelo 18K E Diamante;;;
gid://shopify/Metafield/31214137671975;;genero;"[""Feminino""]";gid://shopify/Product/8630833545511
gid://shopify/Metafield/31214137704743;;metal;Ouro Amarelo;gid://shopify/Product/8630833545511
gid://shopify/Metafield/31214137737511;;cobertura;Ouro Amarelo;gid://shopify/Product/8630833545511
gid://shopify/Metafield/31214137770279;;pedra;"[""Diamante""]";gid://shopify/Product/8630833545511
gid://shopify/Metafield/31214137835815;;cuidadospeca;"Evite o contato de uma joia com a outra. Guarde-as separadamente nas embalagens fornecidas pela Jack Vartanian;
Com o uso, fechos e tarraxas podem necessitar de ajustes para que fiquem com a pressão adequada. Entre em contato conosco;
Após o uso, aconselhamos limpar a joia com flanela de algodão para tirar possíveis resíduos de produtos como maquiagem e perfume;
Evite o contato com água do mar, cremes, perfumes e produtos químicos.";gid://shopify/Product/8630833545511
gid://shopify/Product/8630833709351;Brinco New Vintage De Ouro Amarelo 18K E Diamante;;;
gid://shopify/Metafield/31214138327335;;genero;"[""Feminino""]";gid://shopify/Product/8630833709351
gid://shopify/Metafield/31214138360103;;metal;Ouro Amarelo;gid://shopify/Product/8630833709351
gid://shopify/Metafield/31214138392871;;cobertura;Ouro Amarelo;gid://shopify/Product/8630833709351
gid://shopify/Metafield/31214138425639;;pedra;"[""Diamante""]";gid://shopify/Product/8630833709351
gid://shopify/Metafield/31214138458407;;cuidadospeca;"Evite o contato de uma joia com a outra. Guarde-as separadamente nas embalagens fornecidas pela Jack Vartanian;
Com o uso, fechos e tarraxas podem necessitar de ajustes para que fiquem com a pressão adequada. Entre em contato conosco;
Após o uso, aconselhamos limpar a joia com flanela de algodão para tirar possíveis resíduos de produtos como maquiagem e perfume;
Evite o contato com água do mar, cremes, perfumes e produtos químicos.";gid://shopify/Product/8630833709351
gid://shopify/Product/8630834004263;Brinco New Vintage De Ouro Amarelo E Branco 18K E Rodonita E Safira E Diamante;;;
gid://shopify/Metafield/31214139080999;;genero;"[""Feminino""]";gid://shopify/Product/8630834004263
gid://shopify/Metafield/31214139113767;;metal;Ouro Amarelo;gid://shopify/Product/8630834004263
gid://shopify/Metafield/31214139146535;;cobertura;Ouro Amarelo E Branco;gid://shopify/Product/8630834004263
gid://shopify/Metafield/31214139179303;;pedra;"[""Rodonita""]";gid://shopify/Product/8630834004263
gid://shopify/Metafield/31214139212071;;cuidadospeca;"Evite o contato de uma joia com a outra. Guarde-as separadamente nas embalagens fornecidas pela Jack Vartanian;
Com o uso, fechos e tarraxas podem necessitar de ajustes para que fiquem com a pressão adequada. Entre em contato conosco;
Após o uso, aconselhamos limpar a joia com flanela de algodão para tirar possíveis resíduos de produtos como maquiagem e perfume;
Evite o contato com água do mar, cremes, perfumes e produtos químicos.";gid://shopify/Product/8630834004263
gid://shopify/Product/8630834299175;Brinco New Vintage De Ouro Amarelo 18K E Diamante - G;;;
gid://shopify/Metafield/31214139670823;;genero;"[""Feminino""]";gid://shopify/Product/8630834299175
gid://shopify/Metafield/31214139703591;;metal;Ouro Amarelo;gid://shopify/Product/8630834299175
gid://shopify/Metafield/31214139736359;;cobertura;Ouro Amarelo;gid://shopify/Product/8630834299175
gid://shopify/Metafield/31214139769127;;pedra;"[""Diamante""]";gid://shopify/Product/8630834299175
gid://shopify/Metafield/31214139801895;;cuidadospeca;"Evite o contato de uma joia com a outra. Guarde-as separadamente nas embalagens fornecidas pela Jack Vartanian;
Com o uso, fechos e tarraxas podem necessitar de ajustes para que fiquem com a pressão adequada. Entre em contato conosco;
Após o uso, aconselhamos limpar a joia com flanela de algodão para tirar possíveis resíduos de produtos como maquiagem e perfume;
Evite o contato com água do mar, cremes, perfumes e produtos químicos.";gid://shopify/Product/8630834299175
gid://shopify/Product/8630834528551;Brinco New Vintage De Ouro Branco 18K E Diamante;;;
gid://shopify/Metafield/31214140293415;;genero;"[""Feminino""]";gid://shopify/Product/8630834528551
gid://shopify/Metafield/31214140326183;;metal;Ouro Branco;gid://shopify/Product/8630834528551
gid://shopify/Metafield/31214140358951;;cobertura;Ouro Branco;gid://shopify/Product/8630834528551
gid://shopify/Metafield/31214140391719;;pedra;"[""Diamante""]";gid://shopify/Product/8630834528551
gid://shopify/Metafield/31214140424487;;cuidadospeca;"Evite o contato de uma joia com a outra. Guarde-as separadamente nas embalagens fornecidas pela Jack Vartanian;
Com o uso, fechos e tarraxas podem necessitar de ajustes para que fiquem com a pressão adequada. Entre em contato conosco;
Após o uso, aconselhamos limpar a joia com flanela de algodão para tirar possíveis resíduos de produtos como maquiagem e perfume;
Evite o contato com água do mar, cremes, perfumes e produtos químicos.";gid://shopify/Product/8630834528551
gid://shopify/Product/8630834725159;Brinco New Vintage De Ouro Branco 18K E Diamante;;;
gid://shopify/Metafield/31214140981543;;genero;"[""Feminino""]";gid://shopify/Product/8630834725159
gid://shopify/Metafield/31214141014311;;metal;Ouro Branco;gid://shopify/Product/8630834725159
gid://shopify/Metafield/31214141047079;;cobertura;Ouro Branco;gid://shopify/Product/8630834725159
gid://shopify/Metafield/31214141079847;;pedra;"[""Diamante""]";gid://shopify/Product/8630834725159
gid://shopify/Metafield/31214141112615;;cuidadospeca;"Evite o contato de uma joia com a outra. Guarde-as separadamente nas embalagens fornecidas pela Jack Vartanian;
Com o uso, fechos e tarraxas podem necessitar de ajustes para que fiquem com a pressão adequada. Entre em contato conosco;
Após o uso, aconselhamos limpar a joia com flanela de algodão para tirar possíveis resíduos de produtos como maquiagem e perfume;
Evite o contato com água do mar, cremes, perfumes e produtos químicos.";gid://shopify/Product/8630834725159
gid://shopify/Product/8630834954535;Brinco New Vintage De Ouro Branco 18K E Diamante;;;
gid://shopify/Metafield/31214141767975;;genero;"[""Feminino""]";gid://shopify/Product/8630834954535
gid://shopify/Metafield/31214141800743;;metal;Ouro Branco;gid://shopify/Product/8630834954535
gid://shopify/Metafield/31214141833511;;cobertura;Ouro Branco;gid://shopify/Product/8630834954535
gid://shopify/Metafield/31214141866279;;pedra;"[""Diamante""]";gid://shopify/Product/8630834954535
gid://shopify/Metafield/31214141899047;;cuidadospeca;"Evite o contato de uma joia com a outra. Guarde-as separadamente nas embalagens fornecidas pela Jack Vartanian;
Com o uso, fechos e tarraxas podem necessitar de ajustes para que fiquem com a pressão adequada. Entre em contato conosco;
Após o uso, aconselhamos limpar a joia com flanela de algodão para tirar possíveis resíduos de produtos como maquiagem e perfume;
Evite o contato com água do mar, cremes, perfumes e produtos químicos.";gid://shopify/Product/8630834954535
gid://shopify/Product/8630835249447;Brinco New Vintage De Ouro Branco 18K E Diamante;;;
gid://shopify/Metafield/31214142587175;;genero;"[""Feminino""]";gid://shopify/Product/8630835249447
gid://shopify/Metafield/31214142619943;;metal;Ouro Branco;gid://shopify/Product/8630835249447
gid://shopify/Metafield/31214142652711;;cobertura;Ouro Branco;gid://shopify/Product/8630835249447
gid://shopify/Metafield/31214142685479;;pedra;"[""Diamante""]";gid://shopify/Product/8630835249447
gid://shopify/Metafield/31214142718247;;cuidadospeca;"Evite o contato de uma joia com a outra. Guarde-as separadamente nas embalagens fornecidas pela Jack Vartanian;
Com o uso, fechos e tarraxas podem necessitar de ajustes para que fiquem com a pressão adequada. Entre em contato conosco;
Após o uso, aconselhamos limpar a joia com flanela de algodão para tirar possíveis resíduos de produtos como maquiagem e perfume;
Evite o contato com água do mar, cremes, perfumes e produtos químicos.";gid://shopify/Product/8630835249447
gid://shopify/Product/8630835478823;Brinco New Vintage De Ouro Amarelo 18K E Diamante;;;
gid://shopify/Metafield/31214143242535;;genero;"[""Feminino""]";gid://shopify/Product/8630835478823
gid://shopify/Metafield/31214143275303;;metal;Ouro Amarelo;gid://shopify/Product/8630835478823
gid://shopify/Metafield/31214143308071;;cobertura;Ouro Amarelo;gid://shopify/Product/8630835478823
gid://shopify/Metafield/31214143340839;;pedra;"[""Diamante""]";gid://shopify/Product/8630835478823
gid://shopify/Metafield/31214143373607;;cuidadospeca;"Evite o contato de uma joia com a outra. Guarde-as separadamente nas embalagens fornecidas pela Jack Vartanian;
Com o uso, fechos e tarraxas podem necessitar de ajustes para que fiquem com a pressão adequada. Entre em contato conosco;
Após o uso, aconselhamos limpar a joia com flanela de algodão para tirar possíveis resíduos de produtos como maquiagem e perfume;
Evite o contato com água do mar, cremes, perfumes e produtos químicos.";gid://shopify/Product/8630835478823
gid://shopify/Product/8630835773735;Brinco New Vintage De Ouro Branco 18K E Diamante;;;
gid://shopify/Metafield/31214143897895;;genero;"[""Feminino""]";gid://shopify/Product/8630835773735
gid://shopify/Metafield/31214143930663;;metal;Ouro Branco;gid://shopify/Product/8630835773735
gid://shopify/Metafield/31214143996199;;cobertura;Ouro Branco;gid://shopify/Product/8630835773735
gid://shopify/Metafield/31214144028967;;pedra;"[""Diamante""]";gid://shopify/Product/8630835773735
gid://shopify/Metafield/31214144094503;;cuidadospeca;"Evite o contato de uma joia com a outra. Guarde-as separadamente nas embalagens fornecidas pela Jack Vartanian;
Com o uso, fechos e tarraxas podem necessitar de ajustes para que fiquem com a pressão adequada. Entre em contato conosco;
Após o uso, aconselhamos limpar a joia com flanela de algodão para tirar possíveis resíduos de produtos como maquiagem e perfume;
Evite o contato com água do mar, cremes, perfumes e produtos químicos.";gid://shopify/Product/8630835773735
gid://shopify/Product/8630836068647;Brinco New Vintage De Ouro Amarelo 18K E Diamante - M;;;
gid://shopify/Metafield/31214144586023;;genero;"[""Feminino""]";gid://shopify/Product/8630836068647
gid://shopify/Metafield/31214144618791;;metal;Ouro Amarelo;gid://shopify/Product/8630836068647
gid://shopify/Metafield/31214144651559;;cobertura;Ouro Amarelo;gid://shopify/Product/8630836068647
gid://shopify/Metafield/31214144684327;;pedra;"[""Diamante""]";gid://shopify/Product/8630836068647
gid://shopify/Metafield/31214144717095;;cuidadospeca;"Evite o contato de uma joia com a outra. Guarde-as separadamente nas embalagens fornecidas pela Jack Vartanian;
Com o uso, fechos e tarraxas podem necessitar de ajustes para que fiquem com a pressão adequada. Entre em contato conosco;
Após o uso, aconselhamos limpar a joia com flanela de algodão para tirar possíveis resíduos de produtos como maquiagem e perfume;
Evite o contato com água do mar, cremes, perfumes e produtos químicos.";gid://shopify/Product/8630836068647
gid://shopify/Product/8630836298023;Brinco New Vintage De Ouro Branco 18K E Diamante - M;;;
gid://shopify/Metafield/31214145241383;;genero;"[""Feminino""]";gid://shopify/Product/8630836298023
gid://shopify/Metafield/31214145274151;;metal;Ouro Branco;gid://shopify/Product/8630836298023
gid://shopify/Metafield/31214145306919;;cobertura;Ouro Branco;gid://shopify/Product/8630836298023
gid://shopify/Metafield/31214145339687;;pedra;"[""Diamante""]";gid://shopify/Product/8630836298023
gid://shopify/Metafield/31214145372455;;cuidadospeca;"Evite o contato de uma joia com a outra. Guarde-as separadamente nas embalagens fornecidas pela Jack Vartanian;
Com o uso, fechos e tarraxas podem necessitar de ajustes para que fiquem com a pressão adequada. Entre em contato conosco;
Após o uso, aconselhamos limpar a joia com flanela de algodão para tirar possíveis resíduos de produtos como maquiagem e perfume;
Evite o contato com água do mar, cremes, perfumes e produtos químicos.";gid://shopify/Product/8630836298023
gid://shopify/Product/8630836592935;Brinco New Vintage De Ouro Branco 18K E Diamante - G;;;
gid://shopify/Metafield/31214146027815;;genero;"[""Feminino""]";gid://shopify/Product/8630836592935
gid://shopify/Metafield/31214146060583;;metal;Ouro Branco;gid://shopify/Product/8630836592935
gid://shopify/Metafield/31214146093351;;cobertura;Ouro Branco;gid://shopify/Product/8630836592935
gid://shopify/Metafield/31214146126119;;pedra;"[""Diamante""]";gid://shopify/Product/8630836592935
gid://shopify/Metafield/31214146158887;;cuidadospeca;"Evite o contato de uma joia com a outra. Guarde-as separadamente nas embalagens fornecidas pela Jack Vartanian;
Com o uso, fechos e tarraxas podem necessitar de ajustes para que fiquem com a pressão adequada. Entre em contato conosco;
Após o uso, aconselhamos limpar a joia com flanela de algodão para tirar possíveis resíduos de produtos como maquiagem e perfume;
Evite o contato com água do mar, cremes, perfumes e produtos químicos.";gid://shopify/Product/8630836592935
gid://shopify/Product/8630836789543;Brinco New Vintage De Ouro Amarelo 18K E Diamante;;;
gid://shopify/Metafield/31214147174695;;genero;"[""Feminino""]";gid://shopify/Product/8630836789543
gid://shopify/Metafield/31214147207463;;metal;Ouro Amarelo;gid://shopify/Product/8630836789543
gid://shopify/Metafield/31214147272999;;cobertura;Ouro Amarelo;gid://shopify/Product/8630836789543
gid://shopify/Metafield/31214147305767;;pedra;"[""Diamante""]";gid://shopify/Product/8630836789543
gid://shopify/Metafield/31214147338535;;cuidadospeca;"Evite o contato de uma joia com a outra. Guarde-as separadamente nas embalagens fornecidas pela Jack Vartanian;
Com o uso, fechos e tarraxas podem necessitar de ajustes para que fiquem com a pressão adequada. Entre em contato conosco;
Após o uso, aconselhamos limpar a joia com flanela de algodão para tirar possíveis resíduos de produtos como maquiagem e perfume;
Evite o contato com água do mar, cremes, perfumes e produtos químicos.";gid://shopify/Product/8630836789543
gid://shopify/Product/8630837084455;Brinco New Vintage De Ouro Amarelo 18K E Diamante;;;
gid://shopify/Metafield/31214148419879;;genero;"[""Feminino""]";gid://shopify/Product/8630837084455
gid://shopify/Metafield/31214148452647;;metal;Ouro Amarelo;gid://shopify/Product/8630837084455
gid://shopify/Metafield/31214148485415;;cobertura;Ouro Amarelo;gid://shopify/Product/8630837084455
gid://shopify/Metafield/31214148518183;;pedra;"[""Diamante""]";gid://shopify/Product/8630837084455
gid://shopify/Metafield/31214148550951;;cuidadospeca;"Evite o contato de uma joia com a outra. Guarde-as separadamente nas embalagens fornecidas pela Jack Vartanian;
Com o uso, fechos e tarraxas podem necessitar de ajustes para que fiquem com a pressão adequada. Entre em contato conosco;
Após o uso, aconselhamos limpar a joia com flanela de algodão para tirar possíveis resíduos de produtos como maquiagem e perfume;
Evite o contato com água do mar, cremes, perfumes e produtos químicos.";gid://shopify/Product/8630837084455
gid://shopify/Product/8630837248295;Brinco New Vintage De Ouro Branco 18K E Safira E Diamante;;;
gid://shopify/Metafield/31214149206311;;genero;"[""Feminino""]";gid://shopify/Product/8630837248295
gid://shopify/Metafield/31214149239079;;metal;Ouro Branco;gid://shopify/Product/8630837248295
gid://shopify/Metafield/31214149271847;;cobertura;Ouro Branco;gid://shopify/Product/8630837248295
gid://shopify/Metafield/31214149304615;;pedra;"[""Safira"",""Diamante""]";gid://shopify/Product/8630837248295
gid://shopify/Metafield/31214149337383;;cuidadospeca;"Evite o contato de uma joia com a outra. Guarde-as separadamente nas embalagens fornecidas pela Jack Vartanian;
Com o uso, fechos e tarraxas podem necessitar de ajustes para que fiquem com a pressão adequada. Entre em contato conosco;
Após o uso, aconselhamos limpar a joia com flanela de algodão para tirar possíveis resíduos de produtos como maquiagem e perfume;
Evite o contato com água do mar, cremes, perfumes e produtos químicos.";gid://shopify/Product/8630837248295
gid://shopify/Product/8630837477671;Brinco New Vintage De Ouro Branco 18K E Diamante;;;
gid://shopify/Metafield/31214150222119;;genero;"[""Feminino""]";gid://shopify/Product/8630837477671
gid://shopify/Metafield/31214150254887;;metal;Ouro Branco;gid://shopify/Product/8630837477671
gid://shopify/Metafield/31214150287655;;cobertura;Ouro Branco;gid://shopify/Product/8630837477671
gid://shopify/Metafield/31214150353191;;pedra;"[""Diamante""]";gid://shopify/Product/8630837477671
gid://shopify/Metafield/31214150385959;;cuidadospeca;"Evite o contato de uma joia com a outra. Guarde-as separadamente nas embalagens fornecidas pela Jack Vartanian;
Com o uso, fechos e tarraxas podem necessitar de ajustes para que fiquem com a pressão adequada. Entre em contato conosco;
Após o uso, aconselhamos limpar a joia com flanela de algodão para tirar possíveis resíduos de produtos como maquiagem e perfume;
Evite o contato com água do mar, cremes, perfumes e produtos químicos.";gid://shopify/Product/8630837477671
gid://shopify/Product/8630837805351;Brinco New Vintage De Ouro Amarelo E Branco 18K E Esmeralda E Diamante;;;
gid://shopify/Metafield/31214151532839;;genero;"[""Feminino""]";gid://shopify/Product/8630837805351
gid://shopify/Metafield/31214151565607;;metal;Ouro Amarelo;gid://shopify/Product/8630837805351
gid://shopify/Metafield/31214151598375;;cobertura;Ouro Amarelo E Branco;gid://shopify/Product/8630837805351
gid://shopify/Metafield/31214151631143;;pedra;"[""Esmeralda"",""Diamante""]";gid://shopify/Product/8630837805351
gid://shopify/Metafield/31214151663911;;cuidadospeca;"Evite o contato de uma joia com a outra. Guarde-as separadamente nas embalagens fornecidas pela Jack Vartanian;
Com o uso, fechos e tarraxas podem necessitar de ajustes para que fiquem com a pressão adequada. Entre em contato conosco;
Após o uso, aconselhamos limpar a joia com flanela de algodão para tirar possíveis resíduos de produtos como maquiagem e perfume;
Evite o contato com água do mar, cremes, perfumes e produtos químicos.";gid://shopify/Product/8630837805351
gid://shopify/Product/8630838067495;Brinco New Vintage De Ouro Amarelo E Branco 18K E Esmeralda E Diamante;;;
gid://shopify/Metafield/31214152778023;;genero;"[""Feminino""]";gid://shopify/Product/8630838067495
gid://shopify/Metafield/31214152843559;;metal;Ouro Amarelo;gid://shopify/Product/8630838067495
gid://shopify/Metafield/31214152876327;;cobertura;Ouro Amarelo E Branco;gid://shopify/Product/8630838067495
gid://shopify/Metafield/31214152909095;;pedra;"[""Esmeralda"",""Diamante""]";gid://shopify/Product/8630838067495
gid://shopify/Metafield/31214152941863;;cuidadospeca;"Evite o contato de uma joia com a outra. Guarde-as separadamente nas embalagens fornecidas pela Jack Vartanian;
Com o uso, fechos e tarraxas podem necessitar de ajustes para que fiquem com a pressão adequada. Entre em contato conosco;
Após o uso, aconselhamos limpar a joia com flanela de algodão para tirar possíveis resíduos de produtos como maquiagem e perfume;
Evite o contato com água do mar, cremes, perfumes e produtos químicos.";gid://shopify/Product/8630838067495
gid://shopify/Product/8630838165799;Colar New Vintage De Ouro Amarelo 18K E Esmeralda E Diamante;;;
gid://shopify/Metafield/31214153826599;;genero;"[""Feminino""]";gid://shopify/Product/8630838165799
gid://shopify/Metafield/31214153859367;;metal;Ouro Amarelo;gid://shopify/Product/8630838165799
gid://shopify/Metafield/31214153892135;;cobertura;Ouro Amarelo;gid://shopify/Product/8630838165799
gid://shopify/Metafield/31214153924903;;pedra;"[""Esmeralda"",""Diamante""]";gid://shopify/Product/8630838165799
gid://shopify/Metafield/31214153957671;;cuidadospeca;"Evite o contato de uma joia com a outra. Guarde-as separadamente nas embalagens fornecidas pela Jack Vartanian;
Com o uso, fechos e tarraxas podem necessitar de ajustes para que fiquem com a pressão adequada. Entre em contato conosco;
Após o uso, aconselhamos limpar a joia com flanela de algodão para tirar possíveis resíduos de produtos como maquiagem e perfume;
Evite o contato com água do mar, cremes, perfumes e produtos químicos.";gid://shopify/Product/8630838165799
gid://shopify/Product/8630838460711;Colar New Vintage De Ouro Amarelo 18K E Rodonita E Diamante;;;
gid://shopify/Metafield/31214154776871;;genero;"[""Feminino""]";gid://shopify/Product/8630838460711
gid://shopify/Metafield/31214154809639;;metal;Ouro Amarelo;gid://shopify/Product/8630838460711
gid://shopify/Metafield/31214154842407;;cobertura;Ouro Amarelo;gid://shopify/Product/8630838460711
gid://shopify/Metafield/31214154875175;;pedra;"[""Rodonita"",""Diamante""]";gid://shopify/Product/8630838460711
gid://shopify/Metafield/31214154907943;;cuidadospeca;"Evite o contato de uma joia com a outra. Guarde-as separadamente nas embalagens fornecidas pela Jack Vartanian;
Com o uso, fechos e tarraxas podem necessitar de ajustes para que fiquem com a pressão adequada. Entre em contato conosco;
Após o uso, aconselhamos limpar a joia com flanela de algodão para tirar possíveis resíduos de produtos como maquiagem e perfume;
Evite o contato com água do mar, cremes, perfumes e produtos químicos.";gid://shopify/Product/8630838460711
gid://shopify/Product/8630838755623;Pulseira New Vintage De Ouro Amarelo 18K E Rodonita E Diamante;;;
gid://shopify/Metafield/31214155464999;;genero;"[""Feminino""]";gid://shopify/Product/8630838755623
gid://shopify/Metafield/31214155497767;;metal;Ouro Amarelo;gid://shopify/Product/8630838755623
gid://shopify/Metafield/31214155530535;;cobertura;Ouro Amarelo;gid://shopify/Product/8630838755623
gid://shopify/Metafield/31214155563303;;pedra;"[""Rodonita"",""Diamante""]";gid://shopify/Product/8630838755623
gid://shopify/Metafield/31214155596071;;cuidadospeca;"Evite o contato de uma joia com a outra. Guarde-as separadamente nas embalagens fornecidas pela Jack Vartanian;
Com o uso, fechos e tarraxas podem necessitar de ajustes para que fiquem com a pressão adequada. Entre em contato conosco;
Após o uso, aconselhamos limpar a joia com flanela de algodão para tirar possíveis resíduos de produtos como maquiagem e perfume;
Evite o contato com água do mar, cremes, perfumes e produtos químicos.";gid://shopify/Product/8630838755623
gid://shopify/Product/8630839017767;Pulseira New Vintage De Ouro Amarelo 18K E Diamante - M;;;
gid://shopify/Metafield/31214156480807;;genero;"[""Feminino""]";gid://shopify/Product/8630839017767
gid://shopify/Metafield/31214156513575;;metal;Ouro Amarelo;gid://shopify/Product/8630839017767
gid://shopify/Metafield/31214156546343;;cobertura;Ouro Amarelo;gid://shopify/Product/8630839017767
gid://shopify/Metafield/31214156579111;;pedra;"[""Diamante""]";gid://shopify/Product/8630839017767
gid://shopify/Metafield/31214156611879;;cuidadospeca;"Evite o contato de uma joia com a outra. Guarde-as separadamente nas embalagens fornecidas pela Jack Vartanian;
Com o uso, fechos e tarraxas podem necessitar de ajustes para que fiquem com a pressão adequada. Entre em contato conosco;
Após o uso, aconselhamos limpar a joia com flanela de algodão para tirar possíveis resíduos de produtos como maquiagem e perfume;
Evite o contato com água do mar, cremes, perfumes e produtos químicos.";gid://shopify/Product/8630839017767
gid://shopify/Product/8630839279911;Pulseira New Vintage De Ouro Branco 18K E Diamante - M;;;
gid://shopify/Metafield/31214157463847;;genero;"[""Feminino""]";gid://shopify/Product/8630839279911
gid://shopify/Metafield/31214157496615;;metal;Ouro Branco;gid://shopify/Product/8630839279911
gid://shopify/Metafield/31214157529383;;cobertura;Ouro Branco;gid://shopify/Product/8630839279911
gid://shopify/Metafield/31214157562151;;pedra;"[""Diamante""]";gid://shopify/Product/8630839279911
gid://shopify/Metafield/31214157594919;;cuidadospeca;"Evite o contato de uma joia com a outra. Guarde-as separadamente nas embalagens fornecidas pela Jack Vartanian;
Com o uso, fechos e tarraxas podem necessitar de ajustes para que fiquem com a pressão adequada. Entre em contato conosco;
Após o uso, aconselhamos limpar a joia com flanela de algodão para tirar possíveis resíduos de produtos como maquiagem e perfume;
Evite o contato com água do mar, cremes, perfumes e produtos químicos.";gid://shopify/Product/8630839279911
gid://shopify/Product/8631433986343;Brinco New Vintage De Ouro 18K Com Rodio Negro E Safira E Diamante;;;
gid://shopify/Metafield/31216396173607;;genero;"[""Feminino""]";gid://shopify/Product/8631433986343
gid://shopify/Metafield/31216396206375;;metal;Ouro Branco;gid://shopify/Product/8631433986343
gid://shopify/Metafield/31216396239143;;cobertura;Ródio Negro;gid://shopify/Product/8631433986343
gid://shopify/Metafield/31216396271911;;pedra;"[""Safira"",""Diamante""]";gid://shopify/Product/8631433986343
gid://shopify/Metafield/31216396304679;;cuidadospeca;"Evite o contato de uma joia com a outra. Guarde-as separadamente nas embalagens fornecidas pela Jack Vartanian;
Com o uso, fechos e tarraxas podem necessitar de ajustes para que fiquem com a pressão adequada. Entre em contato conosco;
Após o uso, aconselhamos limpar a joia com flanela de algodão para tirar possíveis resíduos de produtos como maquiagem e perfume;
Evite o contato com água do mar, cremes, perfumes e produtos químicos.";gid://shopify/Product/8631433986343
