Cod_Produto;Id_Product;Title_Product;image_url;Sku;Id_Variant;Title_Variant;Price
BR04014T;gid://shopify/Product/8572968665383;Brinco 15 Anos De Ouro Branco 18K E Diamante - P;BR04014T;gid://shopify/ProductVariant/46330657636647;P;15200.0
BR04127T;gid://shopify/Product/8572968960295;Brinco 15 Anos De Ouro Branco 18K E Diamante - M;BR04127T;gid://shopify/ProductVariant/46330660913447;M;31000.0
BR04027T;gid://shopify/Product/8573060383015;Brinco 15 Anos De Ouro 18K Com Ródio Negro E Diamante Negro - P;BR04027T;gid://shopify/ProductVariant/46331458519335;P;9900.0
BR04355T;gid://shopify/Product/8573060677927;Brinco 15 Anos De Ouro 18K Com Ródio Negro E Diamante Negro - M;BR04355T;gid://shopify/ProductVariant/46331460780327;M;18200.0
BR05117T;gid://shopify/Product/8573061038375;Brinco 15 Anos De Ouro 18K Com Ródio Negro E Diamante - P;BR05117T;gid://shopify/ProductVariant/46331464122663;P;11800.0
CL04023;gid://shopify/Product/8573203317031;Colar Amore De Ouro Amarelo 18K;CL04023;gid://shopify/ProductVariant/46332394570023;Default Title;3400.0
CL04025;gid://shopify/Product/8573203808551;Colar Amore De Ouro Amarelo 18K;CL04025;gid://shopify/ProductVariant/46332398502183;Default Title;3400.0
CL04022;gid://shopify/Product/8573204300071;Colar Amore De Ouro 18K Com Ródio Negro;CL04022;gid://shopify/ProductVariant/46332404007207;Default Title;3400.0
CL04024;gid://shopify/Product/8573204758823;Colar Amore De Ouro 18K Com Ródio Negro;CL04024;gid://shopify/ProductVariant/46332407382311;Default Title;3400.0
BR05813T;gid://shopify/Product/8573252272423;Brinco Avantgarde De Ouro 18K Com Ródio Negro E Diamante - G;BR05813T;gid://shopify/ProductVariant/46332840935719;G;12500.0
BR05812T;gid://shopify/Product/8573252960551;Brinco Avantgarde De Ouro Branco 18K E Diamante - G;BR05812T;gid://shopify/ProductVariant/46332847554855;G;15200.0
BR06282T;gid://shopify/Product/8573441376551;Brinco Black Leopardo De Prata Com Ródio Negro - G;BR06282T;gid://shopify/ProductVariant/46334665654567;G;4600.0
BR06283T;gid://shopify/Product/8573441868071;Brinco Black Leopardo De Prata Com Ródio Negro - M;BR06283T;gid://shopify/ProductVariant/46334669095207;M;4300.0
CL04551;gid://shopify/Product/8573442294055;Colar Black Leopardo De Prata Com Ródio Negro - M;CL04551;gid://shopify/ProductVariant/46334672273703;M;7800.0
BR05931T;gid://shopify/Product/8573469065511;Brinco Blossom De Prata Com Ouro Amarelo E Safira - G;BR05931T;gid://shopify/ProductVariant/46334857085223;G;4700.0
BR05938T;gid://shopify/Product/8573469491495;Brinco Blossom De Prata Com Ouro Amarelo E Safira;BR05938T;gid://shopify/ProductVariant/46334858985767;Default Title;3700.0
BR05932T;gid://shopify/Product/8573469917479;Brinco Blossom De Prata Com Ródio Negro E Safira - G;BR05932T;gid://shopify/ProductVariant/46334861377831;G;4300.0
BR05933T;gid://shopify/Product/8573470408999;Brinco Blossom De Prata Com Ródio Negro E Safira - P;BR05933T;gid://shopify/ProductVariant/46334865015079;P;3500.0
BR05937T;gid://shopify/Product/8573470703911;Brinco Blossom De Prata Com Ródio Negro E Safira;BR05937T;gid://shopify/ProductVariant/46334867767591;Default Title;3500.0
BR04476T;gid://shopify/Product/8573475946791;Brinco Brasil De Ouro 18K Com Ródio Negro E Turmalina;BR04476T;gid://shopify/ProductVariant/46334897094951;Default Title;16000.0
BR06373T;gid://shopify/Product/8573490659623;Brinco Celebrate De Ouro Amarelo 18K E Diamante;BR06373T;gid://shopify/ProductVariant/46335058542887;Default Title;78000.0
BR06375T;gid://shopify/Product/8573491052839;Brinco Celebrate De Ouro Amarelo 18K E Diamante;BR06375T;gid://shopify/ProductVariant/46335063916839;Default Title;59000.0
BR06377T;gid://shopify/Product/8573491413287;Brinco Celebrate De Ouro Amarelo 18K E Diamante;BR06377T;gid://shopify/ProductVariant/46335067750695;Default Title;33000.0
BR06379T;gid://shopify/Product/8573492003111;Brinco Celebrate De Ouro Amarelo 18K E Diamante;BR06379T;gid://shopify/ProductVariant/46335074533671;Default Title;22000.0
BR06380T;gid://shopify/Product/8573492298023;Brinco Celebrate De Ouro Amarelo 18K E Diamante;BR06380T;gid://shopify/ProductVariant/46335077777703;Default Title;14000.0
BR06381T;gid://shopify/Product/8573492592935;Brinco Celebrate De Ouro Amarelo 18K E Diamante;BR06381T;gid://shopify/ProductVariant/46335081349415;Default Title;4500.0
BR06387T;gid://shopify/Product/8573492986151;Brinco Celebrate De Ouro Amarelo 18K E Diamante;BR06387T;gid://shopify/ProductVariant/46335086264615;Default Title;9100.0
BR06299T;gid://shopify/Product/8573493510439;Brinco Celebrate De Ouro Branco 18K E Diamante;BR06299T;gid://shopify/ProductVariant/46335092654375;Default Title;15000.0
BR06301T;gid://shopify/Product/8573493870887;Brinco Celebrate De Ouro Branco 18K E Diamante;BR06301T;gid://shopify/ProductVariant/46335096095015;Default Title;4500.0
BR06302T;gid://shopify/Product/8573494231335;Brinco Celebrate De Ouro Branco 18K E Diamante;BR06302T;gid://shopify/ProductVariant/46335101468967;Default Title;9400.0
BR06372T;gid://shopify/Product/8573494559015;Brinco Celebrate De Ouro Branco 18K E Diamante;BR06372T;gid://shopify/ProductVariant/46335104123175;Default Title;89000.0
BR06374T;gid://shopify/Product/8573494853927;Brinco Celebrate De Ouro Branco 18K E Diamante;BR06374T;gid://shopify/ProductVariant/46335107072295;Default Title;68000.0
BR06376T;gid://shopify/Product/8573495181607;Brinco Celebrate De Ouro Branco 18K E Diamante;BR06376T;gid://shopify/ProductVariant/46335110545703;Default Title;38000.0
BR06378T;gid://shopify/Product/8573495607591;Brinco Celebrate De Ouro Branco 18K E Diamante;BR06378T;gid://shopify/ProductVariant/46335115788583;Default Title;26000.0
BR06388T;gid://shopify/Product/8573495968039;Brinco Celebrate De Ouro Branco 18K E Esmeralda;BR06388T;gid://shopify/ProductVariant/46335121588519;Default Title;50000.0
PI01465;gid://shopify/Product/8573496361255;Pingente Celebrate De Ouro Amarelo 18K E Esmeralda;PI01465;gid://shopify/ProductVariant/46335125422375;Default Title;78000.0
BR05398T;gid://shopify/Product/8573505634599;Brinco Chain De Prata Com Ouro Amarelo;BR05398T;gid://shopify/ProductVariant/46335226708263;Default Title;1250.0
BR05400T;gid://shopify/Product/8573505896743;Brinco Chain De Prata Com Ouro Amarelo - G;BR05400T;gid://shopify/ProductVariant/46335229755687;G;2300.0
BR05404T;gid://shopify/Product/8573506093351;Brinco Chain De Prata Com Ouro Amarelo;BR05404T;gid://shopify/ProductVariant/46335232704807;Default Title;980.0
BR05407T;gid://shopify/Product/8573506322727;Brinco Ear Cuff Chain De Prata Com Ouro Amarelo;BR05407T;gid://shopify/ProductVariant/46335235391783;Default Title;1800.0
BR05411T;gid://shopify/Product/8573506486567;Brinco Chain De Prata Com Ouro Amarelo - P;BR05411T;gid://shopify/ProductVariant/46335237685543;P;1600.0
BR05602T;gid://shopify/Product/8573506617639;Brinco Chain De Prata Com Ouro Amarelo;BR05602T;gid://shopify/ProductVariant/46335239291175;Default Title;1400.0
BR05399T;gid://shopify/Product/8573506715943;Brinco Chain De Prata Com Ródio Negro;BR05399T;gid://shopify/ProductVariant/46335240372519;Default Title;1250.0
BR05405T;gid://shopify/Product/8573506879783;Brinco Chain De Prata Com Ródio Negro;BR05405T;gid://shopify/ProductVariant/46335241519399;Default Title;980.0
BR05408T;gid://shopify/Product/8573506978087;Brinco Ear Cuff Chain De Prata Com Ródio Negro;BR05408T;gid://shopify/ProductVariant/46335242633511;Default Title;1800.0
BR05412T;gid://shopify/Product/8573507240231;Brinco Chain De Prata Com Ródio Negro - P;BR05412T;gid://shopify/ProductVariant/46335245091111;P;1600.0
CL04178;gid://shopify/Product/8573507469607;Colar Chain De Prata Com Ouro Amarelo - P;CL04178;gid://shopify/ProductVariant/46335247352103;P;6200.0
CL04182;gid://shopify/Product/8573507830055;Colar Chain De Prata Com Ouro Amarelo - G;CL04182;gid://shopify/ProductVariant/46335251644711;G;8500.0
CL04179;gid://shopify/Product/8573508124967;Colar Chain De Prata Com Ródio Negro - P;CL04179;gid://shopify/ProductVariant/46335255904551;P;6200.0
BR05606T;gid://shopify/Product/8573508452647;Piercing Chain De Prata Com Ouro Amarelo;BR05606T;gid://shopify/ProductVariant/46335260197159;Default Title;980.0
PU01791T;gid://shopify/Product/8573508714791;Pulseira Chain De Prata Com Ouro Amarelo - P;PU01791T;gid://shopify/ProductVariant/46335263408423;P;3700.0
PU01801T;gid://shopify/Product/8573509173543;Pulseira Chain De Prata Com Ouro Amarelo - P;PU01801T;gid://shopify/ProductVariant/46335268290855;P;3900.0
PU01803T;gid://shopify/Product/8573509468455;Pulseira Chain De Prata Com Ouro Amarelo - P;PU01803T;gid://shopify/ProductVariant/46335271207207;P;4100.0
PU01805T;gid://shopify/Product/8573509730599;Pulseira Chain De Prata Com Ouro Amarelo - G;PU01805T;gid://shopify/ProductVariant/46335274320167;G;4900.0
PU01792T;gid://shopify/Product/8573509992743;Pulseira Chain De Prata Com Ródio Negro - P;PU01792T;gid://shopify/ProductVariant/46335277662503;P;3700.0
PU01802T;gid://shopify/Product/8573510287655;Pulseira Chain De Prata Com Ródio Negro - P;PU01802T;gid://shopify/ProductVariant/46335280873767;P;3900.0
PU01804T;gid://shopify/Product/8573510648103;Pulseira Chain De Prata Com Ródio Negro - P;PU01804T;gid://shopify/ProductVariant/46335285297447;P;4100.0
PU01806T;gid://shopify/Product/8573510975783;Pulseira Chain De Prata Com Ródio Negro - G;PU01806T;gid://shopify/ProductVariant/46335289983271;G;4900.0
BR05581T;gid://shopify/Product/8573576708391;Brinco Chain Love De Ouro 18K Com Ródio Negro E Diamante;BR05581T;gid://shopify/ProductVariant/46336082936103;Default Title;2900.0
BR05603T;gid://shopify/Product/8573576937767;Brinco Chain Love De Ouro 18K Com Ródio Negro E Diamante;BR05603T;gid://shopify/ProductVariant/46336085983527;Default Title;5900.0
BR05580T;gid://shopify/Product/8573577265447;Brinco Chain Love De Ouro Branco 18K E Diamante;BR05580T;gid://shopify/ProductVariant/46336089096487;Default Title;3200.0
BR05604T;gid://shopify/Product/8573577593127;Brinco Chain Love De Ouro Branco 18K E Diamante;BR05604T;gid://shopify/ProductVariant/46336093389095;Default Title;6200.0
BR05777T;gid://shopify/Product/8573577920807;Piercing Chain Love De Ouro 18K Com Ródio Negro E Diamante;BR05777T;gid://shopify/ProductVariant/46336096796967;Default Title;12000.0
BR05778T;gid://shopify/Product/8573578215719;Piercing Chain Love De Ouro 18K Com Ródio Negro E Diamante Negro;BR05778T;gid://shopify/ProductVariant/46336099909927;Default Title;4200.0
BR05779T;gid://shopify/Product/8573578608935;Piercing Chain Love De Ouro 18K Com Ródio Negro E Esmeralda;BR05779T;gid://shopify/ProductVariant/46336104169767;Default Title;4600.0
CL01443;gid://shopify/Product/8573579919655;Colar Choker De Ouro Amarelo 18K;CL01443;gid://shopify/ProductVariant/46336121569575;Default Title;20900.0
CL01450;gid://shopify/Product/8573580116263;Colar Choker De Ouro Amarelo 18K;CL01450;gid://shopify/ProductVariant/46336123502887;Default Title;5500.0
CL01442;gid://shopify/Product/8573580673319;Colar Choker De Ouro 18K Com Ródio Negro E Diamante;CL01442;gid://shopify/ProductVariant/46336129794343;Default Title;23600.0
CL01447;gid://shopify/Product/8573581000999;Colar Choker De Ouro 18K Com Ródio Negro E Diamante;CL01447;gid://shopify/ProductVariant/46336133431591;Default Title;29000.0
CL01449;gid://shopify/Product/8573581426983;Colar Choker De Ouro 18K Com Ródio Negro E Diamante;CL01449;gid://shopify/ProductVariant/46336136773927;Default Title;5600.0
CL01451;gid://shopify/Product/8573581656359;Colar Choker De Ouro 18K Com Ródio Negro E Diamante;CL01451;gid://shopify/ProductVariant/46336139165991;Default Title;4200.0
CL03641;gid://shopify/Product/8573581787431;Colar Choker De Ouro 18K Com Ródio Negro E Rubi;CL03641;gid://shopify/ProductVariant/46336139264295;Default Title;4500.0
CL03642;gid://shopify/Product/8573581852967;Colar Choker De Ouro 18K Com Ródio Negro E Esmeralda;CL03642;gid://shopify/ProductVariant/46336139493671;Default Title;4900.0
CL03643;gid://shopify/Product/8573581918503;Colar Choker De Ouro 18K Com Ródio Negro E Safira;CL03643;gid://shopify/ProductVariant/46336139559207;Default Title;4500.0
CL03645;gid://shopify/Product/8573582016807;Colar Choker De Ouro 18K Com Ródio Negro E Diamante Negro;CL03645;gid://shopify/ProductVariant/46336139657511;Default Title;4900.0
CL01438;gid://shopify/Product/8573582213415;Colar Choker De Ouro Branco 18K E Diamante;CL01438;gid://shopify/ProductVariant/46336140837159;Default Title;26800.0
CL01446;gid://shopify/Product/8573582541095;Colar Choker De Ouro Branco 18K E Diamante;CL01446;gid://shopify/ProductVariant/46336144146727;Default Title;31200.0
CL01448;gid://shopify/Product/8573582901543;Colar Choker De Ouro Branco 18K E Diamante;CL01448;gid://shopify/ProductVariant/46336149192999;Default Title;5800.0
CL01452;gid://shopify/Product/8573583196455;Colar Choker De Ouro Branco 18K E Diamante;CL01452;gid://shopify/ProductVariant/46336152437031;Default Title;4400.0
BR05643T;gid://shopify/Product/8573584998695;Brinco Ear Cuff Deco 2019 De Ouro Amarelo 18K E Diamante;BR05643T;gid://shopify/ProductVariant/46336174981415;Default Title;9900.0
BR05649T;gid://shopify/Product/8573585326375;Brinco Ear Cuff Deco 2019 De Ouro Amarelo 18K E Diamante;BR05649T;gid://shopify/ProductVariant/46336178258215;Default Title;13500.0
BR05642T;gid://shopify/Product/8573585621287;Brinco Ear Cuff Deco 2019 De Ouro Branco 18K E Diamante;BR05642T;gid://shopify/ProductVariant/46336182747431;Default Title;13900.0
BR05650T;gid://shopify/Product/8573585883431;Brinco Ear Cuff Deco 2019 De Ouro Branco 18K E Diamante;BR05650T;gid://shopify/ProductVariant/46336185958695;Default Title;19900.0
CL04288;gid://shopify/Product/8573586145575;Colar Deco 2019 De Ouro Amarelo 18K E Diamante;CL04288;gid://shopify/ProductVariant/46336188449063;Default Title;36300.0
CL04279;gid://shopify/Product/8573586374951;Colar Deco 2019 De Ouro Branco 18K E Diamante;CL04279;gid://shopify/ProductVariant/46336190873895;Default Title;46000.0
BR02400T;gid://shopify/Product/8573591617831;Brinco Clássico De Ouro Amarelo 18K E Diamante;BR02400T;gid://shopify/ProductVariant/46336245661991;Default Title;5200.0
BR02108T;gid://shopify/Product/8573591716135;Brinco Clássico De Ouro Branco 18K E Diamante;BR02108T;gid://shopify/ProductVariant/46336245727527;Default Title;5200.0
BR02120T;gid://shopify/Product/8573591781671;Brinco Clássico De Ouro Rosa 18K E Diamante;BR02120T;gid://shopify/ProductVariant/46336246710567;Default Title;5200.0
BR02148T;gid://shopify/Product/8573591978279;Brinco Clássico De Ouro Rosa 18K E Diamante;BR02148T;gid://shopify/ProductVariant/46336249626919;Default Title;2200.0
CL01000;gid://shopify/Product/8573592142119;Colar Clássico De Ouro 18K Com Ródio Negro E Diamante Negro;CL01000;gid://shopify/ProductVariant/46336250675495;Default Title;3400.0
CL01042;gid://shopify/Product/8573592273191;Colar Clássico De Ouro 18K Com Ródio Negro E Diamante Negro;CL01042;gid://shopify/ProductVariant/46336251560231;Default Title;4100.0
CL01100;gid://shopify/Product/8573592371495;Colar Clássico De Ouro 18K Com Ródio Negro E Diamante;CL01100;gid://shopify/ProductVariant/46336252641575;Default Title;6100.0
CL00999;gid://shopify/Product/8573592568103;Colar Clássico De Ouro Branco 18K E Diamante Negro;CL00999;gid://shopify/ProductVariant/46336253985063;Default Title;3400.0
CL00016;gid://shopify/Product/8573592699175;Corrente Clássico De Ouro Amarelo 18K;CL00016;gid://shopify/ProductVariant/46336255263015;Default Title;1800.0
CO01314;gid://shopify/Product/8573592895783;Corrente Clássico De Ouro Amarelo 18K;CO01314;gid://shopify/ProductVariant/46336256606503;Default Title;2300.0
CO01318;gid://shopify/Product/8573593059623;Corrente Clássico De Ouro Amarelo 18K;CO01318;gid://shopify/ProductVariant/46336258277671;Default Title;3700.0
CO01312;gid://shopify/Product/8573593190695;Corrente Clássico De Ouro 18K Com Ródio Negro;CO01312;gid://shopify/ProductVariant/46336259391783;Default Title;2300.0
CO01316;gid://shopify/Product/8573593288999;Corrente Clássico De Ouro 18K Com Ródio Negro;CO01316;gid://shopify/ProductVariant/46336259981607;Default Title;3700.0
CO00023;gid://shopify/Product/8573593420071;Corrente Clássico De Ouro Branco 18K;CO00023;gid://shopify/ProductVariant/46336260899111;Default Title;2300.0
CO01277;gid://shopify/Product/8573593551143;Corrente Clássico De Ouro Branco 18K;CO01277;gid://shopify/ProductVariant/46336261521703;Default Title;1800.0
CO01315;gid://shopify/Product/8573593682215;Corrente Clássico De Ouro Branco 18K;CO01315;gid://shopify/ProductVariant/46336262603047;Default Title;3700.0
CO01313;gid://shopify/Product/8573593846055;Corrente Clássico De Ouro Rosa 18K;CO01313;gid://shopify/ProductVariant/46336263815463;Default Title;2300.0
CO01317;gid://shopify/Product/8573594009895;Corrente Clássico De Ouro Rosa 18K;CO01317;gid://shopify/ProductVariant/46336265126183;Default Title;3700.0
BR02212T;gid://shopify/Product/8573594140967;Piercing Clássico De Ouro Amarelo 18K E Diamante;BR02212T;gid://shopify/ProductVariant/46336266240295;Default Title;2200.0
BR03167T;gid://shopify/Product/8573594304807;Piercing Clássico De Ouro 18K Com Ródio Negro E Diamante Negro;BR03167T;gid://shopify/ProductVariant/46336267059495;Default Title;1600.0
BR03682T;gid://shopify/Product/8573594435879;Piercing Clássico De Ouro 18K Com Ródio Negro E Diamante;BR03682T;gid://shopify/ProductVariant/46336268009767;Default Title;1950.0
BR02192T;gid://shopify/Product/8573594534183;Piercing Clássico De Ouro Branco 18K E Diamante;BR02192T;gid://shopify/ProductVariant/46336268599591;Default Title;2200.0
PU01082T;gid://shopify/Product/8573594566951;Pulseira Clássico De Ouro Amarelo 18K E Safira;PU01082T;gid://shopify/ProductVariant/46336268632359;Default Title;1850.0
PU01936T;gid://shopify/Product/8573594665255;Pulseira Clássico De Ouro Amarelo 18K E Safira;PU01936T;gid://shopify/ProductVariant/46336269123879;Default Title;1500.0
PU01278T;gid://shopify/Product/8573594763559;Pulseira Clássico De Ouro 18K Com Ródio Negro E Diamante Negro;PU01278T;gid://shopify/ProductVariant/46336269353255;Default Title;1650.0
PU01293T;gid://shopify/Product/8573594796327;Pulseira Clássico De Ouro 18K Com Ródio Negro E Rubi;PU01293T;gid://shopify/ProductVariant/46336269386023;Default Title;21800.0
PU01314T;gid://shopify/Product/8573594861863;Pulseira Clássico De Ouro 18K Com Ródio Negro E Safira;PU01314T;gid://shopify/ProductVariant/46336269943079;Default Title;1850.0
PU01081T;gid://shopify/Product/8573595091239;Pulseira Clássico De Ouro Branco 18K E Safira;PU01081T;gid://shopify/ProductVariant/46336270631207;Default Title;1850.0
PU01422T;gid://shopify/Product/8573595222311;Pulseira Clássico De Ouro Branco 18K E Safira;PU01422T;gid://shopify/ProductVariant/46336272269607;Default Title;1500.0
PU01074T;gid://shopify/Product/8573595418919;Pulseira Clássico De Ouro Rosa 18K E Safira;PU01074T;gid://shopify/ProductVariant/46336274202919;Default Title;1850.0
PU01552T;gid://shopify/Product/8573595549991;Pulseira Clássico De Ouro Rosa 18K E Safira;PU01552T;gid://shopify/ProductVariant/46336276201767;Default Title;1500.0
BR04856T;gid://shopify/Product/8573597548839;Brinco Especial De Ouro Amarelo 18K E Esmeralda;BR04856T;gid://shopify/ProductVariant/46336295665959;Default Title;1100.0
BR04857T;gid://shopify/Product/8573597647143;Brinco Especial De Ouro Amarelo 18K E Esmeralda;BR04857T;gid://shopify/ProductVariant/46336296485159;Default Title;1600.0
BR05616T;gid://shopify/Product/8573597810983;Brinco Especial De Ouro 18K Com Ródio Negro E Esmeralda;BR05616T;gid://shopify/ProductVariant/46336297926951;Default Title;1100.0
BR05879T;gid://shopify/Product/8573598007591;Brinco Especial De Ouro 18K Com Ródio Negro E Safira;BR05879T;gid://shopify/ProductVariant/46336299598119;Default Title;23900.0
BR06472T;gid://shopify/Product/8573598236967;Brinco Especial De Ouro 18K Com Ródio Negro E Esmeralda;BR06472T;gid://shopify/ProductVariant/46336301924647;Default Title;8500.0
BR06513T;gid://shopify/Product/8573598368039;Brinco Especial De Ouro 18K Com Ródio Negro E Esmeralda;BR06513T;gid://shopify/ProductVariant/46336303038759;Default Title;18900.0
BR04220T;gid://shopify/Product/8573598564647;Brinco Especial De Ouro Branco 18K E Diamante Negro;BR04220T;gid://shopify/ProductVariant/46336304644391;Default Title;2200.0
BR04221T;gid://shopify/Product/8573598794023;Brinco Especial De Ouro Branco 18K E Diamante Negro;BR04221T;gid://shopify/ProductVariant/46336306708775;Default Title;5200.0
BR04223T;gid://shopify/Product/8573598957863;Brinco Especial De Ouro Branco 18K E Diamante Negro;BR04223T;gid://shopify/ProductVariant/46336308347175;Default Title;12400.0
BR06298T;gid://shopify/Product/8573599351079;Brinco Especial De Ouro Branco 18K E Diamante Negro;BR06298T;gid://shopify/ProductVariant/46336311230759;Default Title;3700.0
PU02059T;gid://shopify/Product/8573599711527;Pulseira Especial De Ouro Branco 18K E Diamante;PU02059T;gid://shopify/ProductVariant/46336312607015;Default Title;140000.0
BR05881T;gid://shopify/Product/8573608624423;Brinco Especial De Ouro Amarelo 18K E Diamante Fancy;BR05881T;gid://shopify/ProductVariant/46336405405991;Default Title;4700.0
BR03449T;gid://shopify/Product/8573608722727;Brinco Especial De Ouro Branco 18K E Diamante Solitário;BR03449T;gid://shopify/ProductVariant/46336405995815;Default Title;2000.0
BR05301T;gid://shopify/Product/8573608788263;Brinco Especial De Ouro Branco 18K E Diamante Solitário;BR05301T;gid://shopify/ProductVariant/46336406126887;Default Title;1400.0
BR06039T;gid://shopify/Product/8573608821031;Brinco Especial De Ouro Branco 18K E Diamante Solitário;BR06039T;gid://shopify/ProductVariant/46336406159655;Default Title;3100.0
BR06040T;gid://shopify/Product/8573608853799;Brinco Especial De Ouro Branco 18K E Diamante Solitário;BR06040T;gid://shopify/ProductVariant/46336406225191;Default Title;5300.0
BR06041T;gid://shopify/Product/8573608886567;Brinco Especial De Ouro Branco 18K E Diamante Solitário;BR06041T;gid://shopify/ProductVariant/46336406257959;Default Title;10500.0
BR06042T;gid://shopify/Product/8573609017639;Brinco Especial De Ouro Branco 18K E Diamante Solitário;BR06042T;gid://shopify/ProductVariant/46336406847783;Default Title;16800.0
BR06111T;gid://shopify/Product/8573609214247;Brinco Especial De Ouro Rosa 18K E Diamante Solitário;BR06111T;gid://shopify/ProductVariant/46336408060199;Default Title;1400.0
CL04318;gid://shopify/Product/8573609345319;Colar Especial De Ouro Branco 18K E Diamante Solitário;CL04318;gid://shopify/ProductVariant/46336408682791;Default Title;69000.0
CL04441;gid://shopify/Product/8573609476391;Colar Especial De Ouro Branco 18K E Diamante Solitário;CL04441;gid://shopify/ProductVariant/46336409796903;Default Title;5950.0
CL04442;gid://shopify/Product/8573609607463;Colar Especial De Ouro Branco 18K E Diamante Solitário;CL04442;gid://shopify/ProductVariant/46336410583335;Default Title;11000.0
CL04443;gid://shopify/Product/8573609705767;Colar Especial De Ouro Branco 18K E Diamante Solitário;CL04443;gid://shopify/ProductVariant/46336411205927;Default Title;11000.0
CL04328;gid://shopify/Product/8573611573543;Colar Especial De Ouro Amarelo E Branco 18K E Diamante Fancy;CL04328;gid://shopify/ProductVariant/46336427295015;Default Title;39000.0
BR06473T;gid://shopify/Product/8573617799463;Brinco Ear Cuff Eterna Rock De Ouro 18K Com Ródio Negro E Safira;BR06473T;gid://shopify/ProductVariant/46336489095463;Default Title;57000.0
BR06258T;gid://shopify/Product/8573617832231;Brinco Eterna Rock De Ouro Branco 18K E Morganita E Diamante;BR06258T;gid://shopify/ProductVariant/46336489128231;Default Title;18000.0
CL06397;gid://shopify/Product/8573617930535;Colar Eterna Rock De Ouro 18K Com Ródio Negro E Kunzita E Diamante;CL06397;gid://shopify/ProductVariant/46336489390375;Default Title;24000.0
BR06392T;gid://shopify/Product/8573624090919;Brinco Eterna Rock De Ouro Branco 18K E Topázio E Diamante;BR06392T;gid://shopify/ProductVariant/46336517308711;Default Title;31000.0
BR03582T;gid://shopify/Product/8573625237799;Brinco Gala De Ouro 18K Com Ródio Negro E Diamante;BR03582T;gid://shopify/ProductVariant/46336525238567;Default Title;44000.0
BR02064T;gid://shopify/Product/8573626286375;Brinco Galeria De Ouro Amarelo 18K;BR02064T;gid://shopify/ProductVariant/46336529334567;Default Title;8400.0
BR02005T;gid://shopify/Product/8573626679591;Brinco Galeria De Ouro Branco 18K E Diamante;BR02005T;gid://shopify/ProductVariant/46336531333415;Default Title;13900.0
CL00331;gid://shopify/Product/8573628023079;Colar Algema De Ouro Amarelo 18K E Diamante - P;CL00331;gid://shopify/ProductVariant/46336536477991;P;5200.0
CO0866;gid://shopify/Product/8573628252455;Colar Algema De Ouro Amarelo 18K E Diamante - M;CO0866;gid://shopify/ProductVariant/46336537592103;M;5700.0
CL00098;gid://shopify/Product/8573628481831;Colar Algema De Ouro 18K Com Ródio Negro E Diamante - M;CL00098;gid://shopify/ProductVariant/46336537854247;M;4800.0
CL00730;gid://shopify/Product/8573628940583;Colar Algema De Ouro 18K Com Ródio Negro E Diamante - P;CL00730;gid://shopify/ProductVariant/46336540541223;P;4400.0
CL00332;gid://shopify/Product/8573629301031;Colar Algema De Ouro Branco 18K E Diamante - P;CL00332;gid://shopify/ProductVariant/46336542605607;P;4400.0
CO0857;gid://shopify/Product/8573629727015;Colar Algema De Ouro Branco 18K E Diamante - M;CO0857;gid://shopify/ProductVariant/46336545063207;M;5700.0
CL00330;gid://shopify/Product/8573629956391;Colar Algema De Ouro Rosa 18K E Diamante - P;CL00330;gid://shopify/ProductVariant/46336546799911;P;5200.0
PU01335T;gid://shopify/Product/8573630185767;Pulseira Algeminha De Ouro Amarelo 18K E Diamante - P;PU01335T;gid://shopify/ProductVariant/46336548995367;P;3700.0
PU01336T;gid://shopify/Product/8573630251303;Pulseira Algeminha De Ouro 18K Com Ródio Negro E Diamante - P;PU01336T;gid://shopify/ProductVariant/46336549552423;P;3500.0
PU01333T;gid://shopify/Product/8573630546215;Pulseira Algeminha De Ouro Branco 18K E Diamante - P;PU01333T;gid://shopify/ProductVariant/46336551715111;P;3700.0
PU01334T;gid://shopify/Product/8573630939431;Pulseira Algeminha De Ouro Rosa 18K E Diamante - P;PU01334T;gid://shopify/ProductVariant/46336553550119;P;3700.0
BR04304T;gid://shopify/Product/8573634642215;Brinco First De Ouro 18K Com Ródio Negro E Diamante;BR04304T;gid://shopify/ProductVariant/46336572752167;Default Title;3200.0
BR04305T;gid://shopify/Product/8573635100967;Brinco First De Ouro Rosa 18K E Diamante;BR04305T;gid://shopify/ProductVariant/46336573538599;Default Title;3200.0
CL01285;gid://shopify/Product/8573635428647;Colar First De Ouro 18K Com Ródio Negro E Diamante;CL01285;gid://shopify/ProductVariant/46336573833511;Default Title;5500.0
CL01286;gid://shopify/Product/8573635723559;Colar First De Ouro Rosa 18K E Diamante;CL01286;gid://shopify/ProductVariant/46336574161191;Default Title;5500.0
PI01064;gid://shopify/Product/8573637853479;Pingente Pequeno De Ouro Amarelo 18K E Diamante;PI01064;gid://shopify/ProductVariant/46336588054823;Default Title;1650.0
PI01065;gid://shopify/Product/8573638148391;Pingente Pequeno De Ouro Amarelo 18K E Diamante;PI01065;gid://shopify/ProductVariant/46336590315815;Default Title;1650.0
PI01066;gid://shopify/Product/8573638541607;Pingente Pequeno De Ouro 18K Com Ródio Negro E Diamante;PI01066;gid://shopify/ProductVariant/46336592675111;Default Title;1650.0
PI01067;gid://shopify/Product/8573638902055;Pingente Pequeno De Ouro 18K Com Ródio Negro E Diamante;PI01067;gid://shopify/ProductVariant/46336594510119;Default Title;1650.0
PI01062;gid://shopify/Product/8573639262503;Pingente Pequeno De Ouro Branco 18K E Diamante;PI01062;gid://shopify/ProductVariant/46336597393703;Default Title;1650.0
PI01063;gid://shopify/Product/8573639622951;Pingente Pequeno De Ouro Branco 18K E Diamante;PI01063;gid://shopify/ProductVariant/46336599720231;Default Title;1650.0
BR05791T;gid://shopify/Product/8573641785639;Brinco Protea De Prata Com Ouro Rosa;BR05791T;gid://shopify/ProductVariant/46336613384487;Default Title;2200.0
BR06120T;gid://shopify/Product/8573647487271;Brinco Leopardo De Prata Com Ouro Amarelo - P;BR06120T;gid://shopify/ProductVariant/46336643760423;P;3800.0
BR06121T;gid://shopify/Product/8573648044327;Brinco Leopardo De Prata Com Ouro Amarelo - M;BR06121T;gid://shopify/ProductVariant/46336645759271;M;4300.0
BR06122T;gid://shopify/Product/8573648372007;Brinco Leopardo De Prata Com Ouro Amarelo - G;BR06122T;gid://shopify/ProductVariant/46336646086951;G;4600.0
CL04480;gid://shopify/Product/8573648732455;Colar Leopardo De Prata Com Ouro Amarelo - Maxi;CL04480;gid://shopify/ProductVariant/46336646447399;M;7800.0
BR04822T;gid://shopify/Product/8573650043175;Brinco Love Ny De Ouro Amarelo 18K E Diamante;BR04822T;gid://shopify/ProductVariant/46336653000999;Default Title;16500.0
BR04824T;gid://shopify/Product/8573650239783;Brinco Ear Cuff Love Ny De Ouro Amarelo 18K;BR04824T;gid://shopify/ProductVariant/46336654967079;Default Title;8300.0
BR04833T;gid://shopify/Product/8573650436391;Brinco Ear Cuff Love Ny De Ouro Amarelo 18K;BR04833T;gid://shopify/ProductVariant/46336656113959;Default Title;15000.0
BR04845T;gid://shopify/Product/8573650796839;Brinco Love Ny De Ouro Amarelo 18K E Diamante;BR04845T;gid://shopify/ProductVariant/46336657981735;Default Title;10000.0
BR04849T;gid://shopify/Product/8573651255591;Brinco Love Ny De Ouro 18K Com Ródio Negro E Diamante;BR04849T;gid://shopify/ProductVariant/46336659980583;Default Title;8900.0
BR04820T;gid://shopify/Product/8573651681575;Brinco Love Ny De Ouro Branco 18K E Diamante;BR04820T;gid://shopify/ProductVariant/46336660963623;Default Title;12000.0
BR04847T;gid://shopify/Product/8573652107559;Brinco Love Ny De Ouro Branco 18K E Diamante;BR04847T;gid://shopify/ProductVariant/46336662864167;Default Title;19400.0
BR04850T;gid://shopify/Product/8573652500775;Brinco Love Ny De Ouro Branco 18K E Diamante;BR04850T;gid://shopify/ProductVariant/46336664207655;Default Title;9500.0
BR04852T;gid://shopify/Product/8573652861223;Brinco Ear Cuff Love Ny De Ouro Branco 18K E Diamante;BR04852T;gid://shopify/ProductVariant/46336666075431;Default Title;15500.0
CL03693;gid://shopify/Product/8573653123367;Colar Love Ny De Ouro Amarelo 18K;CL03693;gid://shopify/ProductVariant/46336667812135;Default Title;29800.0
CL03714;gid://shopify/Product/8573653582119;Colar Love Ny De Ouro Amarelo 18K E Diamante - M;CL03714;gid://shopify/ProductVariant/46336669843751;M;16000.0
CL03783;gid://shopify/Product/8573654073639;Colar Love Ny De Ouro Amarelo 18K E Diamante - G;CL03783;gid://shopify/ProductVariant/46336672039207;G;16000.0
CL03712;gid://shopify/Product/8573654499623;Colar Love Ny De Ouro Branco 18K E Diamante;CL03712;gid://shopify/ProductVariant/46336673612071;Default Title;42000.0
CL03716;gid://shopify/Product/8573654860071;Colar Love Ny De Ouro Branco 18K E Diamante - M;CL03716;gid://shopify/ProductVariant/46336675283239;M;16600.0
CL03785;gid://shopify/Product/8573655187751;Colar Love Ny De Ouro Branco 18K E Diamante - G;CL03785;gid://shopify/ProductVariant/46336675610919;G;16600.0
BR05260T;gid://shopify/Product/8577717993767;Brinco Lifestyle De Ouro Amarelo 18K;BR05260T;gid://shopify/ProductVariant/46355364610343;Default Title;6900.0
BR05269T;gid://shopify/Product/8577718092071;Brinco Lifestyle De Ouro Amarelo 18K - P;BR05269T;gid://shopify/ProductVariant/46355364708647;P;12000.0
BR05271T;gid://shopify/Product/8577718190375;Brinco Lifestyle De Ouro Amarelo 18K;BR05271T;gid://shopify/ProductVariant/46355364806951;Default Title;9500.0
BR05254T;gid://shopify/Product/8577718288679;Brinco Lifestyle De Ouro 18K Com Ródio Negro E Diamante Negro;BR05254T;gid://shopify/ProductVariant/46355365134631;Default Title;12100.0
BR05257T;gid://shopify/Product/8577718583591;Brinco Ear Cuff Lifestyle De Ouro 18K Com Ródio Negro E Diamante;BR05257T;gid://shopify/ProductVariant/46355365265703;Default Title;10200.0
BR05258T;gid://shopify/Product/8577718681895;Brinco Lifestyle De Ouro 18K Com Ródio Negro E Diamante E Esmeralda;BR05258T;gid://shopify/ProductVariant/46355365364007;Default Title;10500.0
BR05262T;gid://shopify/Product/8577719206183;Brinco Lifestyle De Ouro 18K Com Ródio Negro E Diamante;BR05262T;gid://shopify/ProductVariant/46355366117671;Default Title;8700.0
BR05268T;gid://shopify/Product/8577719370023;Brinco Lifestyle De Ouro 18K Com Ródio Negro E Diamante - G;BR05268T;gid://shopify/ProductVariant/46355366543655;G;25800.0
BR05272T;gid://shopify/Product/8577719533863;Brinco Lifestyle De Ouro 18K Com Ródio Negro E Diamante;BR05272T;gid://shopify/ProductVariant/46355366936871;Default Title;12500.0
BR05392T;gid://shopify/Product/8577719632167;Brinco Lifestyle De Ouro 18K Com Ródio Negro E Diamante Negro;BR05392T;gid://shopify/ProductVariant/46355367067943;Default Title;9250.0
BR05240T;gid://shopify/Product/8577719664935;Brinco Lifestyle De Ouro Branco 18K E Diamante;BR05240T;gid://shopify/ProductVariant/46355367100711;Default Title;15500.0
BR05249T;gid://shopify/Product/8577719730471;Brinco Lifestyle De Ouro Branco 18K E Diamante;BR05249T;gid://shopify/ProductVariant/46355367166247;Default Title;33000.0
BR05256T;gid://shopify/Product/8577719828775;Brinco Ear Cuff Lifestyle De Ouro Branco 18K E Diamante;BR05256T;gid://shopify/ProductVariant/46355367231783;Default Title;14500.0
BR05259T;gid://shopify/Product/8577719861543;Brinco Lifestyle De Ouro Branco 18K E Diamante - P;BR05259T;gid://shopify/ProductVariant/46355367297319;P;24000.0
BR05261T;gid://shopify/Product/8577719894311;Brinco Lifestyle De Ouro Branco 18K E Diamante;BR05261T;gid://shopify/ProductVariant/46355367330087;Default Title;9900.0
BR05264T;gid://shopify/Product/8577719992615;Brinco Lifestyle De Ouro Branco 18K E Diamante - P;BR05264T;gid://shopify/ProductVariant/46355367624999;P;22200.0
BR05267T;gid://shopify/Product/8577720156455;Brinco Lifestyle De Ouro Branco 18K E Diamante - G;BR05267T;gid://shopify/ProductVariant/46355368182055;G;31000.0
BR05281T;gid://shopify/Product/8577720221991;Piercing Lifestyle De Ouro Amarelo 18K;BR05281T;gid://shopify/ProductVariant/46355368280359;Default Title;1900.0
BR05280T;gid://shopify/Product/8577720287527;Piercing Lifestyle De Ouro 18K Com Ródio Negro E Diamante;BR05280T;gid://shopify/ProductVariant/46355368444199;Default Title;2600.0
BR05283T;gid://shopify/Product/8577720353063;Piercing Lifestyle De Ouro 18K Com Ródio Negro E Diamante;BR05283T;gid://shopify/ProductVariant/46355368509735;Default Title;2550.0
BR05300T;gid://shopify/Product/8577720385831;Piercing Lifestyle De Ouro 18K Com Ródio Negro E Diamante;BR05300T;gid://shopify/ProductVariant/46355368542503;Default Title;4100.0
BR05279T;gid://shopify/Product/8577720615207;Piercing Lifestyle De Ouro Branco 18K E Diamante;BR05279T;gid://shopify/ProductVariant/46355369034023;Default Title;3100.0
BR05282T;gid://shopify/Product/8577720746279;Piercing Lifestyle De Ouro Branco 18K E Diamante;BR05282T;gid://shopify/ProductVariant/46355369165095;Default Title;3200.0
BR05299T;gid://shopify/Product/8577720811815;Piercing Lifestyle De Ouro Branco 18K E Diamante;BR05299T;gid://shopify/ProductVariant/46355369230631;Default Title;5000.0
PU01768T;gid://shopify/Product/8577720942887;Pulseira Lifestyle De Ouro 18K Com Ródio Negro E Diamante;PU01768T;gid://shopify/ProductVariant/46355369361703;Default Title;15000.0
PU01767T;gid://shopify/Product/8577721008423;Pulseira Lifestyle De Ouro Branco 18K E Diamante;PU01767T;gid://shopify/ProductVariant/46355369427239;Default Title;17000.0
BR04415T;gid://shopify/Product/8577722253607;Brinco Orquidea De Ouro Branco 18K E Diamante;BR04415T;gid://shopify/ProductVariant/46355371557159;Default Title;17400.0
BR04382T;gid://shopify/Product/8577722450215;Brinco Orquidea De Prata Com Ouro Rosa E Diamante;BR04382T;gid://shopify/ProductVariant/46355371753767;Default Title;2200.0
BR04385T;gid://shopify/Product/8577722548519;Brinco Orquidea De Prata Com Ouro Rosa E Diamante;BR04385T;gid://shopify/ProductVariant/46355371852071;Default Title;4200.0
BR04381T;gid://shopify/Product/8577722679591;Brinco Orquidea De Prata Com Ródio Negro E Diamante;BR04381T;gid://shopify/ProductVariant/46355371950375;Default Title;1950.0
BR04384T;gid://shopify/Product/8577722777895;Brinco Orquidea De Prata Com Ródio Negro E Diamante;BR04384T;gid://shopify/ProductVariant/46355372081447;Default Title;3800.0
CL01318;gid://shopify/Product/8577723007271;Colar Orquidea De Prata Com Ouro Rosa E Diamante;CL01318;gid://shopify/ProductVariant/46355372966183;Default Title;6900.0
PU01661T;gid://shopify/Product/8577723072807;Pulseira Orquidea De Prata Com Ouro Rosa E Diamante - M;PU01661T;gid://shopify/ProductVariant/46355373031719;M;4850.0
PU01662T;gid://shopify/Product/8577723203879;Pulseira Orquidea De Prata Com Ouro Rosa E Diamante - G;PU01662T;gid://shopify/ProductVariant/46355374145831;G;4850.0
PU01655T;gid://shopify/Product/8577723334951;Pulseira Orquidea De Prata Com Ródio Negro E Diamante - M;PU01655T;gid://shopify/ProductVariant/46355374276903;M;4400.0
BR05443T;gid://shopify/Product/8577728413991;Brinco Piscine De Ouro Amarelo 18K;BR05443T;gid://shopify/ProductVariant/46355391807783;Default Title;1700.0
BR05444T;gid://shopify/Product/8577728512295;Brinco Piscine De Ouro Amarelo 18K;BR05444T;gid://shopify/ProductVariant/46355392069927;Default Title;1800.0
BR05449T;gid://shopify/Product/8577728643367;Brinco Ear Cuff Piscine De Ouro 18K Com Ródio Negro E Diamante;BR05449T;gid://shopify/ProductVariant/46355392168231;Default Title;3900.0
BR05451T;gid://shopify/Product/8577728905511;Brinco Piscine De Ouro 18K Com Ródio Negro E Diamante;BR05451T;gid://shopify/ProductVariant/46355392495911;Default Title;2200.0
BR05453T;gid://shopify/Product/8577729102119;Brinco Piscine De Ouro 18K Com Ródio Negro E Diamante;BR05453T;gid://shopify/ProductVariant/46355393642791;Default Title;2300.0
BR05448T;gid://shopify/Product/8577729200423;Brinco Ear Cuff Piscine De Ouro Branco 18K E Diamante;BR05448T;gid://shopify/ProductVariant/46355393970471;Default Title;4600.0
BR05450T;gid://shopify/Product/8577729364263;Brinco Piscine De Ouro Branco 18K E Diamante;BR05450T;gid://shopify/ProductVariant/46355394134311;Default Title;2600.0
BR05452T;gid://shopify/Product/8577729462567;Brinco Piscine De Ouro Branco 18K E Diamante;BR05452T;gid://shopify/ProductVariant/46355394232615;Default Title;2700.0
CL04197;gid://shopify/Product/8577729659175;Colar Piscine De Ouro Amarelo 18K;CL04197;gid://shopify/ProductVariant/46355394429223;Default Title;5900.0
CL04199;gid://shopify/Product/8577729855783;Colar Piscine De Ouro 18K Com Ródio Negro E Diamante;CL04199;gid://shopify/ProductVariant/46355394625831;Default Title;6300.0
CL04198;gid://shopify/Product/8577730019623;Colar Piscine De Ouro Branco 18K E Diamante;CL04198;gid://shopify/ProductVariant/46355394789671;Default Title;6300.0
PU01808T;gid://shopify/Product/8577730150695;Pulseira Piscine De Ouro Amarelo 18K;PU01808T;gid://shopify/ProductVariant/46355394920743;Default Title;1700.0
CL04575;gid://shopify/Product/8577737654567;Colar Pura De Ouro 18K Com Ródio Negro E Esmeralda;CL04575;gid://shopify/ProductVariant/46355414057255;Default Title;48000.0
BR03453T;gid://shopify/Product/8577738015015;Brinco Tlj De Ouro Amarelo 18K E Diamante;BR03453T;gid://shopify/ProductVariant/46355414450471;Default Title;3800.0
BR02140T;gid://shopify/Product/8577738178855;Brinco Tlj De Ouro Branco 18K E Diamante;BR02140T;gid://shopify/ProductVariant/46355414614311;Default Title;3800.0
BR01992T;gid://shopify/Product/8577738277159;Brinco Tlj De Ouro Rosa 18K E Diamante;BR01992T;gid://shopify/ProductVariant/46355414712615;Default Title;3800.0
CL01040;gid://shopify/Product/8577738506535;Colar Tlj De Ouro Amarelo 18K E Diamante;CL01040;gid://shopify/ProductVariant/46355414941991;Default Title;4200.0
CL00737;gid://shopify/Product/8577738670375;Colar Tlj De Ouro 18K Com Ródio Negro E Diamante;CL00737;gid://shopify/ProductVariant/46355415073063;Default Title;4200.0
CO0993;gid://shopify/Product/8577738801447;Colar Tlj De Ouro Rosa 18K E Diamante;CO0993;gid://shopify/ProductVariant/46355415236903;Default Title;4200.0
BR05031T;gid://shopify/Product/8577746141479;Brinco Riviera De Prata Com Ouro Amarelo;BR05031T;gid://shopify/ProductVariant/46355437158695;Default Title;3300.0
BR05033T;gid://shopify/Product/8577746272551;Brinco Riviera De Prata Com Ouro Amarelo;BR05033T;gid://shopify/ProductVariant/46355437289767;Default Title;2900.0
CL03879;gid://shopify/Product/8577746403623;Colar Riviera De Prata Com Ouro Amarelo;CL03879;gid://shopify/ProductVariant/46355437584679;Default Title;3400.0
BR06522T;gid://shopify/Product/8577749844263;Brinco Vita Eterna De Ouro Amarelo E Branco 18K E Diamante E Esmeralda;BR06522T;gid://shopify/ProductVariant/46355448398119;Default Title;220000.0
BR06452T;gid://shopify/Product/8577750237479;Brinco Savage De Ouro Branco 18K E Diamante - P;BR06452T;gid://shopify/ProductVariant/46355448955175;P;7800.0
BR06454T;gid://shopify/Product/8577750368551;Brinco Savage De Ouro Branco 18K E Diamante - M;BR06454T;gid://shopify/ProductVariant/46355449151783;M;8400.0
BR04907T;gid://shopify/Product/8577750892839;Brinco Voyeur De Ouro 18K Com Ródio Negro E Diamante;BR04907T;gid://shopify/ProductVariant/46355450167591;Default Title;25400.0
BR04908T;gid://shopify/Product/8577751023911;Brinco Voyeur De Ouro 18K Com Ródio Negro E Diamante Negro;BR04908T;gid://shopify/ProductVariant/46355450298663;Default Title;12800.0
BR04910T;gid://shopify/Product/8577751122215;Brinco Voyeur De Ouro 18K Com Ródio Negro E Diamante;BR04910T;gid://shopify/ProductVariant/46355450396967;Default Title;11600.0
BR04911T;gid://shopify/Product/8577751187751;Brinco Voyeur De Ouro 18K Com Ródio Negro E Diamante Negro;BR04911T;gid://shopify/ProductVariant/46355451609383;Default Title;6400.0
BR04914T;gid://shopify/Product/8577751286055;Brinco Ear Cuff Voyeur De Ouro 18K Com Ródio Negro E Diamante;BR04914T;gid://shopify/ProductVariant/46355451707687;Default Title;25400.0
BR04915T;gid://shopify/Product/8577751384359;Brinco Ear Cuff Voyeur De Ouro 18K Com Ródio Negro E Diamante Negro;BR04915T;gid://shopify/ProductVariant/46355451805991;Default Title;12800.0
BR04917T;gid://shopify/Product/8577751515431;Brinco Voyeur De Ouro 18K Com Ródio Negro E Diamante;BR04917T;gid://shopify/ProductVariant/46355451937063;Default Title;74500.0
BR04918T;gid://shopify/Product/8577751580967;Brinco Voyeur De Ouro 18K Com Ródio Negro E Diamante Negro;BR04918T;gid://shopify/ProductVariant/46355452002599;Default Title;35200.0
BR04924T;gid://shopify/Product/8577751744807;Brinco Voyeur De Ouro 18K Com Ródio Negro E Diamante E Safira;BR04924T;gid://shopify/ProductVariant/46355452166439;Default Title;24900.0
BR04925T;gid://shopify/Product/8577751843111;Brinco Voyeur De Ouro 18K Com Ródio Negro E Diamante E Esmeralda;BR04925T;gid://shopify/ProductVariant/46355452264743;Default Title;24500.0
BR04913T;gid://shopify/Product/8577751941415;Brinco Ear Cuff Voyeur De Ouro Branco 18K E Diamante;BR04913T;gid://shopify/ProductVariant/46355452363047;Default Title;31800.0
BR04916T;gid://shopify/Product/8577752105255;Brinco Voyeur De Ouro Branco 18K E Diamante;BR04916T;gid://shopify/ProductVariant/46355452625191;Default Title;99000.0
BR04922T;gid://shopify/Product/8577752170791;Brinco Ear Cuff Voyeur De Ouro Branco 18K E Diamante E Safira;BR04922T;gid://shopify/ProductVariant/46355452690727;Default Title;29500.0
BR04923T;gid://shopify/Product/8577752301863;Brinco Ear Cuff Voyeur De Ouro Branco 18K E Diamante E Esmeralda;BR04923T;gid://shopify/ProductVariant/46355452821799;Default Title;29500.0
CL03837;gid://shopify/Product/8577752400167;Colar Voyeur De Ouro 18K Com Ródio Negro E Diamante;CL03837;gid://shopify/ProductVariant/46355453640999;Default Title;47700.0
CL03838;gid://shopify/Product/8577752531239;Colar Voyeur De Ouro 18K Com Ródio Negro E Diamante Negro;CL03838;gid://shopify/ProductVariant/46355453772071;Default Title;25500.0
CL03832;gid://shopify/Product/8577752695079;Colar Voyeur De Ouro Branco 18K E Diamante;CL03832;gid://shopify/ProductVariant/46355454099751;Default Title;55000.0
BR04920T;gid://shopify/Product/8577752760615;Piercing Voyeur De Ouro 18K Com Ródio Negro E Esmeralda;BR04920T;gid://shopify/ProductVariant/46355454165287;Default Title;3900.0
PU01704T;gid://shopify/Product/8577752891687;Pulseira Voyeur De Ouro 18K Com Ródio Negro E Diamante - M;PU01704T;gid://shopify/ProductVariant/46355454394663;M;23400.0
PU01705T;gid://shopify/Product/8577752989991;Pulseira Voyeur De Ouro 18K Com Ródio Negro E Diamante Negro - M;PU01705T;gid://shopify/ProductVariant/46355455148327;M;16000.0
BR03065T;gid://shopify/Product/8577761902887;Brinco Ear Cuff Universo De Ouro 18K Com Ródio Negro E Safira;BR03065T;gid://shopify/ProductVariant/46355473727783;Default Title;9900.0
BR03066T;gid://shopify/Product/8577761968423;Brinco Ear Cuff Universo De Ouro 18K Com Ródio Negro E Esmeralda;BR03066T;gid://shopify/ProductVariant/46355477070119;Default Title;11100.0
BR03067T;gid://shopify/Product/8577762099495;Brinco Ear Cuff Universo De Ouro 18K Com Ródio Negro E Rubi;BR03067T;gid://shopify/ProductVariant/46355477201191;Default Title;10400.0
BR03071T;gid://shopify/Product/8577762230567;Brinco Ear Cuff Universo De Ouro 18K Com Ródio Negro E Diamante Negro;BR03071T;gid://shopify/ProductVariant/46355477397799;Default Title;24000.0
BR03110T;gid://shopify/Product/8577762361639;Brinco Ear Cuff Universo De Ouro 18K Com Ródio Negro E Diamante Negro;BR03110T;gid://shopify/ProductVariant/46355477528871;Default Title;7500.0
BR03150T;gid://shopify/Product/8577762427175;Brinco Ear Cuff Universo De Ouro 18K Com Ródio Negro E Diamante;BR03150T;gid://shopify/ProductVariant/46355477594407;Default Title;23000.0
BR05002T;gid://shopify/Product/8577762656551;Brinco Ear Cuff Universo De Ouro 18K Com Ródio Negro E Diamante;BR05002T;gid://shopify/ProductVariant/46355477823783;Default Title;21000.0
BR03063T;gid://shopify/Product/8577762754855;Brinco Ear Cuff Universo De Ouro Branco 18K E Diamante;BR03063T;gid://shopify/ProductVariant/46355477922087;Default Title;16500.0
BR03070T;gid://shopify/Product/8577762885927;Brinco Ear Cuff Universo De Ouro Branco 18K E Diamante;BR03070T;gid://shopify/ProductVariant/46355478053159;Default Title;48000.0
BR04906T;gid://shopify/Product/8577763016999;Brinco Ear Cuff Universo De Ouro Branco 18K E Diamante;BR04906T;gid://shopify/ProductVariant/46355478184231;Default Title;25000.0
BR05598T;gid://shopify/Product/8577767112999;Brinco Whitechain De Prata Com Ouro Branco;BR05598T;gid://shopify/ProductVariant/46355489784103;Default Title;1250.0
BR05599T;gid://shopify/Product/8577767375143;Brinco Whitechain De Prata Com Ouro Branco;BR05599T;gid://shopify/ProductVariant/46355490537767;Default Title;980.0
CL04260;gid://shopify/Product/8577767571751;Colar Whitechain De Prata Com Ouro Branco - G;CL04260;gid://shopify/ProductVariant/46355491062055;G;8500.0
BR06049T;gid://shopify/Product/8577768292647;Brinco We Love Sapphire De Ouro Amarelo 18K E Safira - P;BR06049T;gid://shopify/ProductVariant/46355491979559;P;7200.0
BR06050T;gid://shopify/Product/8577768390951;Brinco We Love Sapphire De Ouro Amarelo 18K E Safira - G;BR06050T;gid://shopify/ProductVariant/46355492077863;G;14500.0
BR06051T;gid://shopify/Product/8577768489255;Brinco Ear Cuff We Love Sapphire De Ouro Amarelo 18K E Diamante - P;BR06051T;gid://shopify/ProductVariant/46355492471079;P;14800.0
BR06053T;gid://shopify/Product/8577768685863;Brinco We Love Sapphire De Ouro Amarelo 18K E Diamante - P;BR06053T;gid://shopify/ProductVariant/46355492700455;P;10500.0
BR06054T;gid://shopify/Product/8577768915239;Brinco We Love Sapphire De Ouro Amarelo 18K E Diamante - G;BR06054T;gid://shopify/ProductVariant/46355494469927;G;23500.0
BR06062T;gid://shopify/Product/8577769013543;Brinco Ear Cuff We Love Sapphire De Ouro 18K Com Ródio Negro E Safira - P;BR06062T;gid://shopify/ProductVariant/46355494568231;P;8500.0
BR06063T;gid://shopify/Product/8577769079079;Brinco Ear Cuff We Love Sapphire De Ouro 18K Com Ródio Negro E Safira - P;BR06063T;gid://shopify/ProductVariant/46355494633767;P;8500.0
BR06064T;gid://shopify/Product/8577769177383;Brinco Ear Cuff We Love Sapphire De Ouro 18K Com Ródio Negro E Diamante - P;BR06064T;gid://shopify/ProductVariant/46355494764839;P;13800.0
BR06068T;gid://shopify/Product/8577769308455;Brinco We Love Sapphire De Ouro 18K Com Ródio Negro E Safira - P;BR06068T;gid://shopify/ProductVariant/46355494895911;P;7200.0
BR06069T;gid://shopify/Product/8577769373991;Brinco We Love Sapphire De Ouro 18K Com Ródio Negro E Safira - P;BR06069T;gid://shopify/ProductVariant/46355494961447;P;7200.0
BR06070T;gid://shopify/Product/8577769537831;Brinco We Love Sapphire De Ouro 18K Com Ródio Negro E Diamante - P;BR06070T;gid://shopify/ProductVariant/46355498303783;P;9500.0
BR06072T;gid://shopify/Product/8577769734439;Brinco We Love Sapphire De Ouro 18K Com Ródio Negro E Safira - G;BR06072T;gid://shopify/ProductVariant/46355498696999;G;14500.0
BR06073T;gid://shopify/Product/8577769898279;Brinco We Love Sapphire De Ouro 18K Com Ródio Negro E Safira - G;BR06073T;gid://shopify/ProductVariant/46355502170407;G;14500.0
BR06074T;gid://shopify/Product/8577770094887;Brinco We Love Sapphire De Ouro 18K Com Ródio Negro E Diamante - G;BR06074T;gid://shopify/ProductVariant/46355502530855;G;21500.0
BR06105T;gid://shopify/Product/8577770258727;Brinco Ear Cuff We Love Sapphire De Ouro 18K Com Ródio Negro E Safira - G;BR06105T;gid://shopify/ProductVariant/46355502694695;G;9500.0
BR06055T;gid://shopify/Product/8577770324263;Brinco Ear Cuff We Love Sapphire De Ouro Rosa 18K E Safira - P;BR06055T;gid://shopify/ProductVariant/46355502760231;P;8500.0
BR06056T;gid://shopify/Product/8577770455335;Brinco Ear Cuff We Love Sapphire De Ouro Rosa 18K E Safira - G;BR06056T;gid://shopify/ProductVariant/46355502891303;G;9500.0
BR06057T;gid://shopify/Product/8577770651943;Brinco We Love Sapphire De Ouro Rosa 18K E Safira - P;BR06057T;gid://shopify/ProductVariant/46355503087911;P;7200.0
BR06058T;gid://shopify/Product/8577770848551;Brinco We Love Sapphire De Ouro Rosa 18K E Safira - G;BR06058T;gid://shopify/ProductVariant/46355503382823;G;14500.0
BR06059T;gid://shopify/Product/8577770979623;Brinco Ear Cuff We Love Sapphire De Ouro Rosa 18K E Diamante;BR06059T;gid://shopify/ProductVariant/46355503513895;Default Title;13800.0
BR06061T;gid://shopify/Product/8577771208999;Brinco We Love Sapphire De Ouro Rosa 18K E Diamante - P;BR06061T;gid://shopify/ProductVariant/46355505545511;P;9500.0
BR06071T;gid://shopify/Product/8577771307303;Brinco We Love Sapphire De Ouro Rosa 18K E Diamante - G;BR06071T;gid://shopify/ProductVariant/46355505643815;G;21500.0
PI01364;gid://shopify/Product/8577771438375;Piercing We Love Sapphire De Ouro Amarelo 18K E Diamante;PI01364;gid://shopify/ProductVariant/46355505807655;Default Title;6000.0
PI01457;gid://shopify/Product/8577771503911;Piercing We Love Sapphire De Ouro Branco 18K E Diamante;PI01457;gid://shopify/ProductVariant/46355505873191;Default Title;6800.0
PI01365;gid://shopify/Product/8577771667751;Piercing We Love Sapphire De Ouro Rosa 18K E Safira;PI01365;gid://shopify/ProductVariant/46355506004263;Default Title;3500.0
BR05983T;gid://shopify/Product/8577772454183;Brinco Pop Chain De Prata Com Ouro Amarelo - G;BR05983T;gid://shopify/ProductVariant/46355507872039;G;2400.0
BR05987T;gid://shopify/Product/8577772618023;Brinco Pop Chain De Prata Com Ouro Amarelo - P;BR05987T;gid://shopify/ProductVariant/46355508166951;P;1800.0
BR05991T;gid://shopify/Product/8577772716327;Brinco Pop Chain De Prata Com Ouro Amarelo;BR05991T;gid://shopify/ProductVariant/46355508265255;Default Title;1900.0
BR05995T;gid://shopify/Product/8577772814631;Brinco Pop Chain De Prata Com Ouro Amarelo;BR05995T;gid://shopify/ProductVariant/46355508396327;Default Title;1400.0
BR05999T;gid://shopify/Product/8577772945703;Brinco Pop Chain De Prata Com Ouro Amarelo;BR05999T;gid://shopify/ProductVariant/46355508527399;Default Title;1200.0
BR05984T;gid://shopify/Product/8577773076775;Brinco Pop Chain De Prata Com Ródio Negro - G;BR05984T;gid://shopify/ProductVariant/46355508625703;G;1900.0
BR05988T;gid://shopify/Product/8577773306151;Brinco Pop Chain De Prata Com Ródio Negro - P;BR05988T;gid://shopify/ProductVariant/46355510559015;P;1600.0
BR05992T;gid://shopify/Product/8577773404455;Brinco Pop Chain De Prata Com Ródio Negro;BR05992T;gid://shopify/ProductVariant/46355510821159;Default Title;1500.0
BR05996T;gid://shopify/Product/8577773502759;Brinco Pop Chain De Prata Com Ródio Negro;BR05996T;gid://shopify/ProductVariant/46355510952231;Default Title;1250.0
CL04429;gid://shopify/Product/8577773699367;Colar Pop Chain De Prata Com Ouro Amarelo;CL04429;gid://shopify/ProductVariant/46355511148839;Default Title;3900.0
CL04430;gid://shopify/Product/8577773797671;Colar Pop Chain De Prata Com Ródio Negro;CL04430;gid://shopify/ProductVariant/46355511312679;Default Title;3500.0
BR06004T;gid://shopify/Product/8577773928743;Piercing Pop Chain De Prata Com Ouro Amarelo;BR06004T;gid://shopify/ProductVariant/46355511476519;Default Title;980.0
PI01341;gid://shopify/Product/8577774059815;Pingente Pop Chain De Prata Com Ouro Amarelo - G;PI01341;gid://shopify/ProductVariant/46355511607591;G;1400.0
PI01345;gid://shopify/Product/8577774289191;Pingente Pop Chain De Prata Com Ouro Amarelo - P;PI01345;gid://shopify/ProductVariant/46355513213223;P;950.0
PI01350;gid://shopify/Product/8577774453031;Pingente Pop Chain De Prata Com Ouro Amarelo;PI01350;gid://shopify/ProductVariant/46355513573671;Default Title;1100.0
PI01342;gid://shopify/Product/8577774518567;Pingente Pop Chain De Prata Com Ródio Negro - G;PI01342;gid://shopify/ProductVariant/46355513737511;G;1200.0
PI01346;gid://shopify/Product/8577774649639;Pingente Pop Chain De Prata Com Ródio Negro - P;PI01346;gid://shopify/ProductVariant/46355513901351;P;800.0
PI01351;gid://shopify/Product/8577774780711;Pingente Pop Chain De Prata Com Ródio Negro;PI01351;gid://shopify/ProductVariant/46355514261799;Default Title;1000.0
BR05782T;gid://shopify/Product/8577776189735;Brinco Rock&Hot De Prata Com Ouro Amarelo;BR05782T;gid://shopify/ProductVariant/46355517276455;Default Title;3100.0
BR05783T;gid://shopify/Product/8577776320807;Brinco Rock&Hot De Prata Com Ouro Amarelo E Ágata;BR05783T;gid://shopify/ProductVariant/46355517669671;Default Title;3500.0
BR05784T;gid://shopify/Product/8577776386343;Brinco Rock&Hot De Prata Com Ouro Amarelo;BR05784T;gid://shopify/ProductVariant/46355517735207;Default Title;2650.0
BR05849T;gid://shopify/Product/8577776419111;Brinco Rock&Hot De Prata Com Ouro Amarelo - Gg;BR05849T;gid://shopify/ProductVariant/46355517767975;GG;3900.0
CL04336;gid://shopify/Product/8577776550183;Colar Rock&Hot De Prata Com Ouro Amarelo;CL04336;gid://shopify/ProductVariant/46355517899047;Default Title;4700.0
PU01915T;gid://shopify/Product/8577776582951;Pulseira Rock&Hot De Prata Com Ouro Amarelo - M;PU01915T;gid://shopify/ProductVariant/46355517931815;M;3100.0
BR06155T;gid://shopify/Product/8577777893671;Brinco Ear Cuff Rock Star De Ouro 18K Com Ródio Negro E Rubi - M;BR06155T;gid://shopify/ProductVariant/46355519308071;M;7800.0
BR06159T;gid://shopify/Product/8577777959207;Brinco Ear Cuff Rock Star De Ouro 18K Com Ródio Negro E Diamante Negro - P;BR06159T;gid://shopify/ProductVariant/46355519373607;P;5900.0
BR06168T;gid://shopify/Product/8577778024743;Brinco Rock Star De Ouro 18K Com Ródio Negro E Diamante E Safira;BR06168T;gid://shopify/ProductVariant/46355519439143;Default Title;11000.0
BR06170T;gid://shopify/Product/8577778090279;Brinco Rock Star De Ouro 18K Com Ródio Negro E Diamante;BR06170T;gid://shopify/ProductVariant/46355519504679;Default Title;9500.0
BR06171T;gid://shopify/Product/8577778221351;Brinco Rock Star De Ouro 18K Com Ródio Negro E Diamante E Esmeralda;BR06171T;gid://shopify/ProductVariant/46355519635751;Default Title;8000.0
BR06172T;gid://shopify/Product/8577778417959;Brinco Rock Star De Ouro 18K Com Ródio Negro E Diamante E Rubi;BR06172T;gid://shopify/ProductVariant/46355519865127;Default Title;7000.0
BR06173T;gid://shopify/Product/8577778581799;Brinco Rock Star De Ouro 18K Com Ródio Negro E Diamante E Safira;BR06173T;gid://shopify/ProductVariant/46355520192807;Default Title;7000.0
BR06174T;gid://shopify/Product/8577778680103;Brinco Rock Star De Ouro 18K Com Ródio Negro E Diamante E Safira;BR06174T;gid://shopify/ProductVariant/46355520454951;Default Title;11000.0
BR06175T;gid://shopify/Product/8577778745639;Brinco Ear Cuff Rock Star De Ouro 18K Com Ródio Negro E Safira - G;BR06175T;gid://shopify/ProductVariant/46355520520487;G;12500.0
BR06176T;gid://shopify/Product/8577778843943;Brinco Ear Cuff Rock Star De Ouro 18K Com Ródio Negro E Safira - G;BR06176T;gid://shopify/ProductVariant/46355520815399;G;12500.0
BR06177T;gid://shopify/Product/8577779007783;Brinco Rock Star De Ouro 18K Com Ródio Negro E Diamante E Safira;BR06177T;gid://shopify/ProductVariant/46355521044775;Default Title;12500.0
BR06178T;gid://shopify/Product/8577779171623;Brinco Ear Cuff Rock Star De Ouro 18K Com Ródio Negro E Esmeralda - M;BR06178T;gid://shopify/ProductVariant/46355521208615;M;9500.0
BR06179T;gid://shopify/Product/8577779204391;Brinco Ear Cuff Rock Star De Ouro 18K Com Ródio Negro E Safira - M;BR06179T;gid://shopify/ProductVariant/46355521274151;M;7800.0
BR06192T;gid://shopify/Product/8577779269927;Brinco Ear Cuff Rock Star De Ouro 18K Com Ródio Negro E Diamante - P;BR06192T;gid://shopify/ProductVariant/46355521339687;P;7800.0
BR06252T;gid://shopify/Product/8577779433767;Brinco Ear Cuff Rock Star De Ouro 18K Com Ródio Negro E Safira - M;BR06252T;gid://shopify/ProductVariant/46355521503527;M;7800.0
BR06152T;gid://shopify/Product/8577779532071;Brinco Rock Star De Ouro Branco 18K E Diamante;BR06152T;gid://shopify/ProductVariant/46355521601831;Default Title;11500.0
BR06158T;gid://shopify/Product/8577779630375;Brinco Ear Cuff Rock Star De Ouro Branco 18K E Diamante - P;BR06158T;gid://shopify/ProductVariant/46355521700135;P;9500.0
PU01988T;gid://shopify/Product/8577779826983;Pulseira Rock Star De Ouro 18K Com Ródio Negro E Esmeralda - M;PU01988T;gid://shopify/ProductVariant/46355521863975;M;19500.0
PU01990T;gid://shopify/Product/8577780056359;Pulseira Rock Star De Ouro 18K Com Ródio Negro E Rubi - M;PU01990T;gid://shopify/ProductVariant/46355522126119;M;18500.0
PU01993T;gid://shopify/Product/8577780384039;Pulseira Rock Star De Ouro 18K Com Ródio Negro E Safira - M;PU01993T;gid://shopify/ProductVariant/46355522453799;M;18500.0
PU01994T;gid://shopify/Product/8577780646183;Pulseira Rock Star De Ouro 18K Com Ródio Negro E Diamante Negro - M;PU01994T;gid://shopify/ProductVariant/46355522912551;M;19500.0
PU01999T;gid://shopify/Product/8577780908327;Pulseira Rock Star De Ouro 18K Com Ródio Negro E Diamante Negro - P;PU01999T;gid://shopify/ProductVariant/46355523174695;P;19500.0
PU02000T;gid://shopify/Product/8577781236007;Pulseira Rock Star De Ouro 18K Com Ródio Negro E Diamante Negro - G;PU02000T;gid://shopify/ProductVariant/46355523600679;G;19500.0
PU02001T;gid://shopify/Product/8577781530919;Pulseira Rock Star De Ouro 18K Com Ródio Negro E Safira - P;PU02001T;gid://shopify/ProductVariant/46355523895591;P;18500.0
PU02002T;gid://shopify/Product/8577781760295;Pulseira Rock Star De Ouro 18K Com Ródio Negro E Safira - G;PU02002T;gid://shopify/ProductVariant/46355524124967;G;19500.0
PU02003T;gid://shopify/Product/8577782022439;Pulseira Rock Star De Ouro 18K Com Ródio Negro E Esmeralda - P;PU02003T;gid://shopify/ProductVariant/46355524452647;P;19500.0
PU02004T;gid://shopify/Product/8577782317351;Pulseira Rock Star De Ouro 18K Com Ródio Negro E Esmeralda - G;PU02004T;gid://shopify/ProductVariant/46355524878631;G;19500.0
PU02006T;gid://shopify/Product/8577782710567;Pulseira Rock Star De Ouro 18K Com Ródio Negro E Diamante - P;PU02006T;gid://shopify/ProductVariant/46355525271847;P;25000.0
PU03422T;gid://shopify/Product/8577782972711;Pulseira Rock Star De Ouro 18K Com Ródio Negro E Rubi - P;PU03422T;gid://shopify/ProductVariant/46355525501223;P;18500.0
PU03423T;gid://shopify/Product/8577783103783;Pulseira Rock Star De Ouro 18K Com Ródio Negro E Rubi - G;PU03423T;gid://shopify/ProductVariant/46355525632295;G;18500.0
PU06193T;gid://shopify/Product/8577783300391;Pulseira Rock Star De Ouro 18K Com Ródio Negro E Diamante - M;PU06193T;gid://shopify/ProductVariant/46355525861671;M;25000.0
PU06194T;gid://shopify/Product/8577783628071;Pulseira Rock Star De Ouro 18K Com Ródio Negro E Diamante - G;PU06194T;gid://shopify/ProductVariant/46355526222119;G;25000.0
PU01989T;gid://shopify/Product/8577783922983;Pulseira Rock Star De Ouro Branco 18K E Diamante - M;PU01989T;gid://shopify/ProductVariant/46355526517031;M;29500.0
PU01997T;gid://shopify/Product/8577784316199;Pulseira Rock Star De Ouro Branco 18K E Diamante - P;PU01997T;gid://shopify/ProductVariant/46355527827751;P;29500.0
PU01998T;gid://shopify/Product/8577784578343;Pulseira Rock Star De Ouro Branco 18K E Diamante - G;PU01998T;gid://shopify/ProductVariant/46355528089895;G;29500.0
BR05350T;gid://shopify/Product/8577837564199;Brinco Pop De Prata Com Ouro Amarelo - P;BR05350T;gid://shopify/ProductVariant/46355606274343;P;1700.0
BR05351T;gid://shopify/Product/8577837793575;Brinco Pop De Prata Com Ouro Amarelo - M;BR05351T;gid://shopify/ProductVariant/46355606536487;M;2200.0
BR05352T;gid://shopify/Product/8577838088487;Brinco Pop De Prata Com Ouro Amarelo - G;BR05352T;gid://shopify/ProductVariant/46355606831399;G;2900.0
BR05353T;gid://shopify/Product/8577838285095;Brinco Pop De Prata Com Ouro Amarelo;BR05353T;gid://shopify/ProductVariant/46355607028007;Default Title;2550.0
CO01278;gid://shopify/Product/8577838448935;Corrente Pop De Prata Com Ouro Amarelo;CO01278;gid://shopify/ProductVariant/46355607814439;Default Title;1100.0
CO01279;gid://shopify/Product/8577838547239;Corrente Pop De Prata Com Ouro Amarelo;CO01279;gid://shopify/ProductVariant/46355607912743;Default Title;1300.0
CO01280;gid://shopify/Product/8577838711079;Corrente Pop De Prata Com Ouro Amarelo;CO01280;gid://shopify/ProductVariant/46355608142119;Default Title;1450.0
CO01281;gid://shopify/Product/8577838842151;Corrente Pop De Prata Com Ouro Amarelo;CO01281;gid://shopify/ProductVariant/46355608273191;Default Title;1700.0
CO01282;gid://shopify/Product/8577838973223;Corrente Pop De Prata Com Ouro Amarelo;CO01282;gid://shopify/ProductVariant/46355608404263;Default Title;880.0
BR06544T;gid://shopify/Product/8577852866855;Brinco Mare De Prata Com Ouro Amarelo;BR06544T;gid://shopify/ProductVariant/46355630096679;Default Title;3400.0
BR06545T;gid://shopify/Product/8577852965159;Brinco Mare De Prata Com Ouro Amarelo;BR06545T;gid://shopify/ProductVariant/46355630719271;Default Title;2600.0
BR06546T;gid://shopify/Product/8577853194535;Brinco Mare De Prata Com Ouro Amarelo;BR06546T;gid://shopify/ProductVariant/46355631440167;Default Title;3900.0
BR06547T;gid://shopify/Product/8577853358375;Brinco Mare De Prata Com Ouro Amarelo;BR06547T;gid://shopify/ProductVariant/46355633602855;Default Title;3900.0
BR06549T;gid://shopify/Product/8577853587751;Brinco Mare De Prata Com Ouro Amarelo;BR06549T;gid://shopify/ProductVariant/46355634782503;Default Title;1200.0
BR06554T;gid://shopify/Product/8577853718823;Brinco Mare De Prata Com Ouro Amarelo;BR06554T;gid://shopify/ProductVariant/46355635962151;Default Title;3900.0
BR06559T;gid://shopify/Product/8577853751591;Brinco Mare De Prata Com Ouro Amarelo;BR06559T;gid://shopify/ProductVariant/46355635994919;Default Title;1900.0
BR06560T;gid://shopify/Product/8577853817127;Brinco Mare De Prata Com Ouro Amarelo;BR06560T;gid://shopify/ProductVariant/46355636060455;Default Title;490.0
CL04619;gid://shopify/Product/8577853948199;Colar Mare De Prata Com Ouro Amarelo - P;CL04619;gid://shopify/ProductVariant/46355636191527;P;2200.0
CL04621;gid://shopify/Product/8577853980967;Colar Mare De Prata Com Ouro Amarelo - M;CL04621;gid://shopify/ProductVariant/46355636224295;M;2700.0
CL04622;gid://shopify/Product/8577854243111;Colar Mare De Prata Com Ouro Amarelo - G;CL04622;gid://shopify/ProductVariant/46355638059303;G;3500.0
CL04631;gid://shopify/Product/8577854800167;Colar Mare De Prata Com Ouro Amarelo;CL04631;gid://shopify/ProductVariant/46355641073959;Default Title;8700.0
PI01495;gid://shopify/Product/8577855422759;Piercing Mare De Prata Com Ouro Amarelo;PI01495;gid://shopify/ProductVariant/46355645202727;Default Title;980.0
PI01496;gid://shopify/Product/8577858339111;Piercing Mare De Prata Com Ouro Amarelo;PI01496;gid://shopify/ProductVariant/46355669713191;Default Title;1300.0
BR06486T;gid://shopify/Product/8577859551527;Brinco Dolce Vita De Ouro Amarelo 18K E Lápis Lazuli;BR06486T;gid://shopify/ProductVariant/46355678658855;Default Title;9800.0
BR06488T;gid://shopify/Product/8577859715367;Brinco Dolce Vita De Ouro Amarelo 18K E Ágata;BR06488T;gid://shopify/ProductVariant/46355679904039;Default Title;9800.0
BR06489T;gid://shopify/Product/8577859879207;Brinco Dolce Vita De Ouro Amarelo 18K E Quartzo;BR06489T;gid://shopify/ProductVariant/46355681050919;Default Title;9800.0
BR06490T;gid://shopify/Product/8577860010279;Brinco Dolce Vita De Ouro Amarelo 18K E Malaquita;BR06490T;gid://shopify/ProductVariant/46355681640743;Default Title;9800.0
BR06491T;gid://shopify/Product/8577860174119;Brinco Dolce Vita De Ouro Amarelo 18K E Ágata E Diamante;BR06491T;gid://shopify/ProductVariant/46355682885927;Default Title;14500.0
BR06493T;gid://shopify/Product/8577860370727;Brinco Dolce Vita De Ouro Amarelo 18K E Lápis Lazuli E Diamante;BR06493T;gid://shopify/ProductVariant/46355684229415;Default Title;14500.0
BR06495T;gid://shopify/Product/8577860469031;Brinco Dolce Vita De Ouro Amarelo 18K E Coral E Diamante;BR06495T;gid://shopify/ProductVariant/46355684819239;Default Title;14500.0
BR06496T;gid://shopify/Product/8577860600103;Brinco Dolce Vita De Ouro Amarelo 18K E Malaquita E Diamante;BR06496T;gid://shopify/ProductVariant/46355685441831;Default Title;14500.0
BR06497T;gid://shopify/Product/8577860796711;Brinco Dolce Vita De Ouro Amarelo 18K E Turquesa E Diamante;BR06497T;gid://shopify/ProductVariant/46355686621479;Default Title;15900.0
BR06500T;gid://shopify/Product/8577860960551;Brinco Dolce Vita De Ouro Amarelo 18K E Malaquita E Diamante;BR06500T;gid://shopify/ProductVariant/46355687801127;Default Title;32000.0
BR06501T;gid://shopify/Product/8577861157159;Brinco Dolce Vita De Ouro Amarelo 18K E Ágata E Diamante;BR06501T;gid://shopify/ProductVariant/46355689046311;Default Title;32000.0
BR06502T;gid://shopify/Product/8577861320999;Brinco Dolce Vita De Ouro Amarelo 18K E Ágata E Diamante;BR06502T;gid://shopify/ProductVariant/46355689701671;Default Title;32000.0
BR06506T;gid://shopify/Product/8577861419303;Brinco Dolce Vita De Ouro Amarelo 18K E Ágata;BR06506T;gid://shopify/ProductVariant/46355690291495;Default Title;20500.0
BR06508T;gid://shopify/Product/8577861484839;Brinco Dolce Vita De Ouro Amarelo 18K E Ágata;BR06508T;gid://shopify/ProductVariant/46355690422567;Default Title;20500.0
BR06503T;gid://shopify/Product/8577861583143;Brinco Dolce Vita De Ouro Rosa 18K E Opala;BR06503T;gid://shopify/ProductVariant/46355690520871;Default Title;20500.0
CO01329;gid://shopify/Product/8577861714215;Corrente Dolce Vita De Ouro Amarelo 18K;CO01329;gid://shopify/ProductVariant/46355691143463;Default Title;7400.0
CO01331;gid://shopify/Product/8577861746983;Corrente Dolce Vita De Ouro Amarelo 18K;CO01331;gid://shopify/ProductVariant/46355691208999;Default Title;8700.0
CO01328;gid://shopify/Product/8577861943591;Corrente Dolce Vita De Ouro Rosa 18K E Ágata;CO01328;gid://shopify/ProductVariant/46355691897127;Default Title;7400.0
CO01330;gid://shopify/Product/8577862140199;Corrente Dolce Vita De Ouro Rosa 18K;CO01330;gid://shopify/ProductVariant/46355693273383;Default Title;8700.0
PI01473;gid://shopify/Product/8577862336807;Pingente Dolce Vita De Ouro Amarelo 18K E Lápis Lazuli E Diamante;PI01473;gid://shopify/ProductVariant/46355694420263;Default Title;13800.0
PI01474;gid://shopify/Product/8577862467879;Pingente Dolce Vita De Ouro Amarelo 18K E Ágata E Diamante;PI01474;gid://shopify/ProductVariant/46355695042855;Default Title;13800.0
PI01475;gid://shopify/Product/8577862664487;Pingente Dolce Vita De Ouro Amarelo 18K E Malaquita E Diamante;PI01475;gid://shopify/ProductVariant/46355696353575;Default Title;13800.0
PI01476;gid://shopify/Product/8577862828327;Pingente Dolce Vita De Ouro Amarelo 18K E Turquesa E Diamante;PI01476;gid://shopify/ProductVariant/46355697565991;Default Title;15200.0
PI01479;gid://shopify/Product/8577863024935;Pingente Dolce Vita De Ouro Amarelo 18K E Ágata E Diamante;PI01479;gid://shopify/ProductVariant/46355699237159;Default Title;12900.0
PI01480;gid://shopify/Product/8577863254311;Pingente Dolce Vita De Ouro Amarelo 18K E Lápis Lazuli;PI01480;gid://shopify/ProductVariant/46355700482343;Default Title;10500.0
PI01482;gid://shopify/Product/8577863418151;Pingente Dolce Vita De Ouro Amarelo 18K E Malaquita;PI01482;gid://shopify/ProductVariant/46355701694759;Default Title;10500.0
PI01486;gid://shopify/Product/8577863581991;Pingente Dolce Vita De Ouro Amarelo 18K E Ágata;PI01486;gid://shopify/ProductVariant/46355702841639;Default Title;10500.0
BR06485T;gid://shopify/Product/8577869381927;Brinco Dolce Vita De Ouro Amarelo 18K E Olho De Tigre;BR06485T;gid://shopify/ProductVariant/46355747668263;Default Title;9800.0
BR06492T;gid://shopify/Product/8577869676839;Brinco Dolce Vita De Ouro Amarelo 18K E Safira E Olho De Tigre;BR06492T;gid://shopify/ProductVariant/46355748847911;Default Title;14500.0
PI01477;gid://shopify/Product/8577870004519;Pingente Dolce Vita De Ouro Amarelo 18K E Olho De Tigre E Safira;PI01477;gid://shopify/ProductVariant/46355750125863;Default Title;8900.0
PI01481;gid://shopify/Product/8577870135591;Pingente Dolce Vita De Ouro Amarelo 18K E Crioprásio;PI01481;gid://shopify/ProductVariant/46355751239975;Default Title;10500.0
PI01484;gid://shopify/Product/8577870299431;Pingente Dolce Vita De Ouro Amarelo 18K E Olho De Tigre;PI01484;gid://shopify/ProductVariant/46355752517927;Default Title;10500.0
BR06494T;gid://shopify/Product/8577874886951;Brinco Dolce Vita De Ouro Amarelo 18K E Quartzo, Safira;BR06494T;gid://shopify/ProductVariant/46355790758183;Default Title;14500.0
PI01478;gid://shopify/Product/8577875149095;Pingente Dolce Vita De Ouro Rosa 18K E Opala,Safira;PI01478;gid://shopify/ProductVariant/46355792429351;Default Title;8900.0
CL04313;gid://shopify/Product/8577922335015;Colar JV MAN II De Prata Com Ouro Branco;CL04313;gid://shopify/ProductVariant/46356154155303;Default Title;3500.0
CL04314;gid://shopify/Product/8577922466087;Colar JV MAN II De Prata Com Ródio Negro;CL04314;gid://shopify/ProductVariant/46356154351911;Default Title;3500.0
CO01305;gid://shopify/Product/8577922531623;Corrente JV MAN II De Prata Com Ródio Negro;CO01305;gid://shopify/ProductVariant/46356154417447;Default Title;1550.0
CO01308;gid://shopify/Product/8577922564391;Corrente JV MAN II De Prata Com Ouro Branco;CO01308;gid://shopify/ProductVariant/46356154482983;Default Title;1550.0
PI01321;gid://shopify/Product/8577922662695;Pingente JV MAN II De Prata Com Ródio Negro E Diamante Negro;PI01321;gid://shopify/ProductVariant/46356154614055;Default Title;1800.0
PI01330;gid://shopify/Product/8577922728231;Pingente JV MAN II De Prata Com Ródio Negro E Diamante Negro;PI01330;gid://shopify/ProductVariant/46356154712359;Default Title;2800.0
PI01320;gid://shopify/Product/8577922957607;Pingente JV MAN II De Prata Com Ródio Negro E Esmeralda;PI01320;gid://shopify/ProductVariant/46356157727015;Default Title;1590.0
PI01315;gid://shopify/Product/8577923219751;Pingente JV MAN II De Prata Com Ródio Negro E Ágata;PI01315;gid://shopify/ProductVariant/46356159562023;Default Title;950.0
PI01318;gid://shopify/Product/8577923416359;Pingente JV MAN II De Prata Com Ródio Negro E Olho De Tigre;PI01318;gid://shopify/ProductVariant/46356161265959;Default Title;950.0
PI01319;gid://shopify/Product/8577923678503;Pingente JV MAN II De Prata Com Ródio Negro E Malaquita;PI01319;gid://shopify/ProductVariant/46356163035431;Default Title;950.0
PI01331;gid://shopify/Product/8577923907879;Pingente JV MAN II De Prata Com Ródio Negro;PI01331;gid://shopify/ProductVariant/46356164804903;Default Title;950.0
PI01333;gid://shopify/Product/8577924071719;Pingente JV MAN II De Prata Com Ouro Branco;PI01333;gid://shopify/ProductVariant/46356165984551;Default Title;950.0
PU01853T;gid://shopify/Product/8577924268327;Pulseira JV MAN II De Prata Com Ródio Negro E Diamante Negro - M;PU01853T;gid://shopify/ProductVariant/46356167262503;M;6500.0
PU01854T;gid://shopify/Product/8577924497703;Pulseira JV MAN II De Prata Com Ródio Negro E Diamante Negro - G;PU01854T;gid://shopify/ProductVariant/46356168507687;G;6500.0
PU01852T;gid://shopify/Product/8577925054759;Pulseira JV MAN II De Prata Com Ródio Negro - P;PU01852T;gid://shopify/ProductVariant/46356170703143;P;6500.0
PU01862T;gid://shopify/Product/8577926824231;Pulseira JV MAN II De Prata Com Ródio Negro - Pp;PU01862T;gid://shopify/ProductVariant/46356181352743;PP;2700.0
PU01868T;gid://shopify/Product/8577927053607;Pulseira JV MAN II De Prata Com Ródio Negro - P;PU01868T;gid://shopify/ProductVariant/46356183122215;P;2900.0
PU01869T;gid://shopify/Product/8577927348519;Pulseira JV MAN II De Prata Com Ródio Negro - M;PU01869T;gid://shopify/ProductVariant/46356184924455;M;2900.0
PU01873T;gid://shopify/Product/8577927676199;Pulseira JV MAN II De Prata Com Ouro Branco - P;PU01873T;gid://shopify/ProductVariant/46356188561703;P;2900.0
PU01874T;gid://shopify/Product/8577927807271;Pulseira JV MAN II De Prata Com Ouro Branco - G;PU01874T;gid://shopify/ProductVariant/46356190003495;G;2900.0
PU01881T;gid://shopify/Product/8577927872807;Pulseira JV MAN II De Prata Com Ródio Negro - Gg;PU01881T;gid://shopify/ProductVariant/46356190101799;GG;2900.0
PU01889T;gid://shopify/Product/8577928200487;Pulseira JV MAN II De Prata Com Ouro Branco - Pp;PU01889T;gid://shopify/ProductVariant/46356190724391;PP;2700.0
PU01891T;gid://shopify/Product/8577928429863;Pulseira JV MAN II De Prata Com Ouro Branco - Pp;PU01891T;gid://shopify/ProductVariant/46356191904039;PP;2700.0
PU01855T;gid://shopify/Product/8577930985767;Pulseira JV MAN II De Prata Com Ródio Negro - P;PU01855T;gid://shopify/ProductVariant/46356210614567;P;1590.0
PU01856T;gid://shopify/Product/8577931116839;Pulseira JV MAN II De Prata Com Ródio Negro - M;PU01856T;gid://shopify/ProductVariant/46356210909479;M;1590.0
PU01858T;gid://shopify/Product/8577931280679;Pulseira JV MAN II De Prata Com Ouro Branco - P;PU01858T;gid://shopify/ProductVariant/46356211204391;P;1590.0
PU01860T;gid://shopify/Product/8577931673895;Pulseira JV MAN II De Prata Com Ouro Branco - G;PU01860T;gid://shopify/ProductVariant/46356213891367;G;1590.0
PU01876T;gid://shopify/Product/8577932230951;Pulseira JV MAN II De Prata Com Ródio Negro - Gg;PU01876T;gid://shopify/ProductVariant/46356217233703;GG;1590.0
PU01877T;gid://shopify/Product/8577932525863;Pulseira JV MAN II De Prata Com Ouro Branco - Gg;PU01877T;gid://shopify/ProductVariant/46356219298087;GG;1590.0
PU01888T;gid://shopify/Product/8577933705511;Pulseira JV MAN II De Prata Com Ródio Negro - Pp;PU01888T;gid://shopify/ProductVariant/46356227522855;PP;2700.0
PU01857T;gid://shopify/Product/8577940717863;Pulseira JV MAN II De Prata Com Ródio Negro - G;PU01857T;gid://shopify/ProductVariant/46356285948199;G;1590.0
PU01859T;gid://shopify/Product/8577940848935;Pulseira JV MAN II De Prata Com Ouro Branco - M;PU01859T;gid://shopify/ProductVariant/46356287095079;M;1590.0
PU01875T;gid://shopify/Product/8577941111079;Pulseira JV MAN II De Prata Com Ródio Negro - Gg;PU01875T;gid://shopify/ProductVariant/46356288143655;GG;6500.0
PU01900T;gid://shopify/Product/8577941307687;Pulseira JV MAN II De Prata Com Ródio Negro Fosco - P;PU01900T;gid://shopify/ProductVariant/46356289356071;P;1590.0
PU01901T;gid://shopify/Product/8577941471527;Pulseira JV MAN II De Prata Com Ródio Negro Fosco - M;PU01901T;gid://shopify/ProductVariant/46356291092775;M;1590.0
PU01902T;gid://shopify/Product/8577941700903;Pulseira JV MAN II De Prata Com Ródio Negro Fosco - G;PU01902T;gid://shopify/ProductVariant/46356292632871;G;1590.0
PU01903T;gid://shopify/Product/8577942028583;Pulseira JV MAN II De Prata Com Ródio Negro Fosco - Gg;PU01903T;gid://shopify/ProductVariant/46356294435111;GG;1590.0
PU01904T;gid://shopify/Product/8577942192423;Pulseira JV MAN II De Prata Com Ouro Branco Fosco - P;PU01904T;gid://shopify/ProductVariant/46356295876903;P;1590.0
PU01905T;gid://shopify/Product/8577942356263;Pulseira JV MAN II De Prata Com Ouro Branco Fosco - M;PU01905T;gid://shopify/ProductVariant/46356297023783;M;1590.0
PU01906T;gid://shopify/Product/8577942421799;Pulseira JV MAN II De Prata Com Ouro Branco Fosco - G;PU01906T;gid://shopify/ProductVariant/46356297154855;G;1590.0
PU01907T;gid://shopify/Product/8577942552871;Pulseira JV MAN II De Prata Com Ouro Branco Fosco - Gg;PU01907T;gid://shopify/ProductVariant/46356297318695;GG;1590.0
PU01908T;gid://shopify/Product/8577942618407;Pulseira JV MAN II De Prata Com Ródio Negro Fosco - P;PU01908T;gid://shopify/ProductVariant/46356297416999;P;6500.0
PU01911T;gid://shopify/Product/8577942815015;Pulseira JV MAN II De Prata Com Ródio Negro - Gg;PU01911T;gid://shopify/ProductVariant/46356298203431;GG;5900.0
PU01884T;gid://shopify/Product/8577943044391;Pulseira JV MAN II De Prata Com Ródio Negro Fosco - Pp;PU01884T;gid://shopify/ProductVariant/46356298662183;PP;2700.0
PU01885T;gid://shopify/Product/8577943175463;Pulseira JV MAN II De Prata Com Ouro Branco Fosco - Pp;PU01885T;gid://shopify/ProductVariant/46356299809063;PP;2700.0
PU01886T;gid://shopify/Product/8577943339303;Pulseira JV MAN II De Prata Com Ródio Negro Fosco - Pp;PU01886T;gid://shopify/ProductVariant/46356300988711;PP;2700.0
PU01887T;gid://shopify/Product/8577943601447;Pulseira JV MAN II De Prata Com Ouro Branco Fosco - Pp;PU01887T;gid://shopify/ProductVariant/46356302266663;PP;2700.0
PU01890T;gid://shopify/Product/8577943830823;Pulseira JV MAN II De Prata Com Ródio Negro Fosco - Pp;PU01890T;gid://shopify/ProductVariant/46356303970599;PP;2700.0
PU01892T;gid://shopify/Product/8577943961895;Pulseira JV MAN II De Prata Com Ródio Negro Fosco - P;PU01892T;gid://shopify/ProductVariant/46356305084711;P;2900.0
PU01893T;gid://shopify/Product/8577944191271;Pulseira JV MAN II De Prata Com Ouro Branco Fosco - P;PU01893T;gid://shopify/ProductVariant/46356306788647;P;2900.0
PU01909T;gid://shopify/Product/8577944781095;Pulseira JV MAN II De Prata Com Ródio Negro Fosco E Diamante Negro - M;PU01909T;gid://shopify/ProductVariant/46356311638311;M;5900.0
PU01910T;gid://shopify/Product/8577944846631;Pulseira JV MAN II De Prata Com Ródio Negro Fosco E Diamante Negro - G;PU01910T;gid://shopify/ProductVariant/46356312195367;G;5900.0
BR06212T;gid://shopify/Product/8577997570343;Brinco Rock Chain De Prata Com Ouro Amarelo;BR06212T;gid://shopify/ProductVariant/46356739948839;Default Title;1600.0
BR06209T;gid://shopify/Product/8577997734183;Brinco Rock Chain De Prata Com Ouro Amarelo E Ágata;BR06209T;gid://shopify/ProductVariant/46356741456167;Default Title;2100.0
BR06207T;gid://shopify/Product/8578001436967;Brinco Rock Chain De Prata Com Ouro Amarelo E Ágata;BR06207T;gid://shopify/ProductVariant/46356780319015;Default Title;3200.0
CL04525;gid://shopify/Product/8578001633575;Colar Rock Chain De Prata Com Ouro Amarelo;CL04525;gid://shopify/ProductVariant/46356781859111;Default Title;8900.0
PI01383;gid://shopify/Product/8578001797415;Piercing Rock Chain De Prata Com Ouro Amarelo;PI01383;gid://shopify/ProductVariant/46356783464743;Default Title;1100.0
PI01387;gid://shopify/Product/8578001961255;Pingente Rock Chain De Prata Com Ouro Amarelo E Quartzo - P;PI01387;gid://shopify/ProductVariant/46356784415015;P;700.0
PI01388;gid://shopify/Product/8578002092327;Pingente Rock Chain De Prata Com Ouro Amarelo E Quartzo - G;PI01388;gid://shopify/ProductVariant/46356785791271;G;1300.0
PI01389;gid://shopify/Product/8578002256167;Pingente Rock Chain De Prata Com Ouro Amarelo E Quartzo - P;PI01389;gid://shopify/ProductVariant/46356787200295;P;650.0
PI01390;gid://shopify/Product/8578002387239;Pingente Rock Chain De Prata Com Ouro Amarelo E Quartzo - G;PI01390;gid://shopify/ProductVariant/46356787626279;G;1050.0
PI01391;gid://shopify/Product/8578002485543;Pingente Rock Chain De Prata Com Ouro Amarelo E Quartzo - P;PI01391;gid://shopify/ProductVariant/46356788019495;P;700.0
PI01392;gid://shopify/Product/8578002583847;Pingente Rock Chain De Prata Com Ouro Amarelo E Ametista - P;PI01392;gid://shopify/ProductVariant/46356788117799;P;700.0
PI01393;gid://shopify/Product/8578002682151;Pingente Rock Chain De Prata Com Ouro Amarelo E Quartzo - G;PI01393;gid://shopify/ProductVariant/46356788871463;G;1300.0
PI01394;gid://shopify/Product/8578002780455;Pingente Rock Chain De Prata Com Ouro Amarelo E Ametista - G;PI01394;gid://shopify/ProductVariant/46356789297447;G;1300.0
PI01395;gid://shopify/Product/8578002878759;Pingente Rock Chain De Prata Com Ouro Amarelo E Quartzo - P;PI01395;gid://shopify/ProductVariant/46356790083879;P;650.0
PI01396;gid://shopify/Product/8578003042599;Pingente Rock Chain De Prata Com Ouro Amarelo E Ametista - P;PI01396;gid://shopify/ProductVariant/46356791263527;P;650.0
PI01397;gid://shopify/Product/8578003173671;Pingente Rock Chain De Prata Com Ouro Amarelo E Quartzo - G;PI01397;gid://shopify/ProductVariant/46356792869159;G;1050.0
PI01398;gid://shopify/Product/8578003304743;Pingente Rock Chain De Prata Com Ouro Amarelo E Ametista - G;PI01398;gid://shopify/ProductVariant/46356794474791;G;1050.0
PI01460;gid://shopify/Product/8578003501351;Pingente Rock Chain De Prata Com Ouro Amarelo E Quartzo - P;PI01460;gid://shopify/ProductVariant/46356795621671;P;700.0
PI01461;gid://shopify/Product/8578003730727;Pingente Rock Chain De Prata Com Ouro Amarelo E Ametista - P;PI01461;gid://shopify/ProductVariant/46356797718823;P;700.0
PI01462;gid://shopify/Product/8578004189479;Pingente Rock Chain De Prata Com Ouro Amarelo E Quartzo - P;PI01462;gid://shopify/ProductVariant/46356799652135;P;650.0
PI01463;gid://shopify/Product/8578004353319;Pingente Rock Chain De Prata Com Ouro Amarelo E Quartzo;PI01463;gid://shopify/ProductVariant/46356800930087;Default Title;2900.0
PI01466;gid://shopify/Product/8578004549927;Pingente Rock Chain De Prata Com Ouro Amarelo E Quartzo;PI01466;gid://shopify/ProductVariant/46356802502951;Default Title;2900.0
PI01467;gid://shopify/Product/8578004975911;Pingente Rock Chain De Prata Com Ouro Amarelo E Quartzo;PI01467;gid://shopify/ProductVariant/46356803649831;Default Title;2900.0
PI01380;gid://shopify/Product/8578005106983;Pingente Rock Chain De Prata Com Ouro Amarelo;PI01380;gid://shopify/ProductVariant/46356804993319;Default Title;450.0
PU02014T;gid://shopify/Product/8578005369127;Pulseira Rock Chain De Prata Com Ouro Amarelo - P;PU02014T;gid://shopify/ProductVariant/46356807024935;P;2800.0
PU02015T;gid://shopify/Product/8578005565735;Pulseira Rock Chain De Prata Com Ouro Amarelo - M;PU02015T;gid://shopify/ProductVariant/46356808696103;M;2800.0
PU02016T;gid://shopify/Product/8578005664039;Pulseira Rock Chain De Prata Com Ouro Amarelo - G;PU02016T;gid://shopify/ProductVariant/46356809777447;G;2800.0
PU02067T;gid://shopify/Product/8578005827879;Pulseira Rock Chain De Prata Com Ródio Negro - P;PU02067T;gid://shopify/ProductVariant/46356811415847;P;2800.0
PU02068T;gid://shopify/Product/8578006057255;Pulseira Rock Chain De Prata Com Ródio Negro - M;PU02068T;gid://shopify/ProductVariant/46356812628263;M;2800.0
PU02069T;gid://shopify/Product/8578006221095;Pulseira Rock Chain De Prata Com Ródio Negro - G;PU02069T;gid://shopify/ProductVariant/46356814627111;G;2800.0
PU02007T;gid://shopify/Product/8578006384935;Pulseira Rock Chain De Prata Com Ouro Amarelo - P;PU02007T;gid://shopify/ProductVariant/46356815282471;P;5100.0
PU02008T;gid://shopify/Product/8578006483239;Pulseira Rock Chain De Prata Com Ouro Amarelo - M;PU02008T;gid://shopify/ProductVariant/46356815380775;M;5400.0
PU02009T;gid://shopify/Product/8578006516007;Pulseira Rock Chain De Prata Com Ouro Amarelo - G;PU02009T;gid://shopify/ProductVariant/46356815446311;G;5700.0
PI01464;gid://shopify/Product/8578012283175;Pingente Rock Chain De Prata Com Ouro Amarelo E Quartzo Negro;PI01464;gid://shopify/ProductVariant/46356876001575;Default Title;2900.0
AB01009;gid://shopify/Product/8578012905767;Abotoadura JV MAN De Prata Com Ródio Negro;AB01009;gid://shopify/ProductVariant/46356878721319;Default Title;1100.0
AB01010;gid://shopify/Product/8578013069607;Abotoadura JV MAN De Prata Com Ródio Negro;AB01010;gid://shopify/ProductVariant/46356879868199;Default Title;5100.0
AB01011;gid://shopify/Product/8578013233447;Abotoadura JV MAN De Prata Com Ouro Branco;AB01011;gid://shopify/ProductVariant/46356881801511;Default Title;1100.0
CL01134;gid://shopify/Product/8578013364519;Colar JV MAN De Ouro 18K Com Ródio Negro E Diamante Negro - P;CL01134;gid://shopify/ProductVariant/46356883669287;P;8400.0
CL01133;gid://shopify/Product/8578013528359;Colar JV MAN De Ouro Branco 18K E Diamante Negro - P;CL01133;gid://shopify/ProductVariant/46356885307687;P;8400.0
CL01116;gid://shopify/Product/8578013757735;Colar JV MAN De Prata Com Ródio Negro E Diamante Negro;CL01116;gid://shopify/ProductVariant/46356887142695;Default Title;4100.0
CO0939R;gid://shopify/Product/8578164850983;Pingente Letra De Ouro Rosa 18K E Diamante;CO0939R;gid://shopify/ProductVariant/46357419032871;F;1800.0
CO0935A;gid://shopify/Product/8578165080359;Pingente Letra De Ouro Amarelo 18K E Diamante;CO0935A;gid://shopify/ProductVariant/46357420278055;B;1250.0
CO0934B;gid://shopify/Product/8578165244199;Pingente Letra De Ouro Branco 18K E Diamante;CO0934B;gid://shopify/ProductVariant/46357420736807;A;1800.0
PI01428;gid://shopify/Product/8578290483495;Pingente Rock Chain De Prata Com Ouro Amarelo;PI01428;gid://shopify/ProductVariant/46358265463079;A;1400.0
PI01149;gid://shopify/Product/8578318860583;Pingente Pop De Prata Com Ouro Amarelo - M;PI01149;gid://shopify/ProductVariant/46358387949863;A;750.0
PI01098;gid://shopify/Product/8578319089959;Pingente Pop De Prata Com Ouro Amarelo - M;PI01098;gid://shopify/ProductVariant/46358389227815;A;750.0
PI01072;gid://shopify/Product/8578319286567;Pingente Pop De Prata Com Ouro Amarelo - G;PI01072;gid://shopify/ProductVariant/46358393225511;A;900.0
CL04548;gid://shopify/Product/8578411102503;Colar Black Leopardo De Prata Com Ródio Negro;CL04548;gid://shopify/ProductVariant/46358729228583;P;6700.0
PU02036T;gid://shopify/Product/8578411659559;Pulseira Black Leopardo De Prata Com Ródio Negro;PU02039T;gid://shopify/ProductVariant/46358730375463;PP;3500.0
PU02080T;gid://shopify/Product/8578425356583;Pulseira Mare De Prata Com Ouro Amarelo;PU02080T;gid://shopify/ProductVariant/46358753411367;P;2800.0
PU02077T;gid://shopify/Product/8578429944103;Pulseira Mare De Prata Com Ouro Amarelo;PU02077T;gid://shopify/ProductVariant/46358760849703;P;4900.0
PU01729T;gid://shopify/Product/8578434957607;Pulseira Riviera De Prata Com Ouro Amarelo;PU01729T;gid://shopify/ProductVariant/46358771466535;P;3900.0
PU01735T;gid://shopify/Product/8578435481895;Pulseira Riviera De Prata Com Ouro Amarelo;PU01735T;gid://shopify/ProductVariant/46358773203239;P;2150.0
PU01937T;gid://shopify/Product/8578438136103;Pulseira Pop Chain De Prata Com Ouro Amarelo;PU01937T;gid://shopify/ProductVariant/46358778642727;P;2200.0
PU01938T;gid://shopify/Product/8578438824231;Pulseira Pop Chain De Prata Com Ródio Negro;PU01938T;gid://shopify/ProductVariant/46358779953447;P;1950.0
CL04478;gid://shopify/Product/8578445705511;Colar Leopardo De Prata Com Ouro Amarelo;CL04478;gid://shopify/ProductVariant/46358793257255;P;6700.0
PU01965T;gid://shopify/Product/8578446229799;Pulseira Leopardo De Prata Com Ouro Amarelo;PU01965T;gid://shopify/ProductVariant/46358793847079;P;3500.0
PU01714T;gid://shopify/Product/8578447868199;Pulseira Voyeur De Ouro 18K Com Ródio Negro E Diamante;PU01714T;gid://shopify/ProductVariant/46358796632359;P;23400.0
PU01716T;gid://shopify/Product/8578448359719;Pulseira Voyeur De Ouro 18K Com Ródio Negro E Diamante Negro;PU01716T;gid://shopify/ProductVariant/46358797156647;P;16000.0
PU01712T;gid://shopify/Product/8578448916775;Pulseira Voyeur De Ouro Branco 18K E Diamante;PU01712T;gid://shopify/ProductVariant/46358798074151;P;31600.0
AN02482;gid://shopify/Product/8582654230823;Anel 15 Anos De Ouro 18K Com Ródio Negro E Diamante Negro;AN02482-10;gid://shopify/ProductVariant/46393436569895;10;11000.0
AN02949;gid://shopify/Product/8582654296359;Anel 15 Anos De Ouro 18K Com Ródio Negro E Diamante;AN02949-10;gid://shopify/ProductVariant/46393437094183;10;14800.0
AN02483;gid://shopify/Product/8582654427431;Anel 15 Anos De Ouro Branco 18K E Diamante;AN02483-10;gid://shopify/ProductVariant/46393437749543;10;18500.0
AN03268;gid://shopify/Product/8582654525735;Anel Avantgarde De Ouro 18K Com Ródio Negro E Diamante - G;AN03268-10;gid://shopify/ProductVariant/46393438306599;10;8700.0
AN03255;gid://shopify/Product/8582654656807;Anel Avantgarde De Ouro Branco 18K E Diamante;AN03255-10;gid://shopify/ProductVariant/46393439289639;10;10200.0
AN03337;gid://shopify/Product/8582654787879;Anel Blossom De Prata Com Ouro Amarelo E Safira;AN03337-10;gid://shopify/ProductVariant/46393440043303;10;3200.0
AN03338;gid://shopify/Product/8582654820647;Anel Blossom De Prata Com Ródio Negro E Safira;AN03338-10;gid://shopify/ProductVariant/46393440469287;10;3100.0
AN03342;gid://shopify/Product/8582654984487;Anel Blossom De Prata Com Ródio Negro E Safira;AN03342-10;gid://shopify/ProductVariant/46393441812775;10;1400.0
AN03518;gid://shopify/Product/8582655082791;Anel Celebrate De Ouro Amarelo 18K E Diamante E Esmeralda;AN03518-10;gid://shopify/ProductVariant/46393443156263;10;68000.0
AN03530;gid://shopify/Product/8582655213863;Anel Celebrate De Ouro Amarelo 18K E Diamante E Esmeralda;AN03530-10;gid://shopify/ProductVariant/46393444335911;10;53000.0
AN03531;gid://shopify/Product/8582655312167;Anel Celebrate De Ouro Amarelo 18K E Diamante E Esmeralda;AN03531-10;gid://shopify/ProductVariant/46393444860199;10;45000.0
AN03532;gid://shopify/Product/8582655443239;Anel Celebrate De Ouro Amarelo 18K E Diamante E Esmeralda;AN03532-10;gid://shopify/ProductVariant/46393445548327;10;41000.0
AN03506;gid://shopify/Product/8582655705383;Anel Celebrate De Ouro Amarelo 18K E Diamante;AN03506-10;gid://shopify/ProductVariant/46393446695207;10;7900.0
AN03513;gid://shopify/Product/8582655901991;Anel Celebrate De Ouro Amarelo 18K E Esmeralda;AN03513-10;gid://shopify/ProductVariant/46393447383335;10;5900.0
AN03505;gid://shopify/Product/8582656098599;Anel Celebrate De Ouro Branco 18K E Diamante;AN03505-10;gid://shopify/ProductVariant/46393447973159;10;11900.0
AN03512;gid://shopify/Product/8582656327975;Anel Celebrate De Ouro Branco 18K E Esmeralda;AN03512-10;gid://shopify/ProductVariant/46393448628519;10;5900.0
AN03073;gid://shopify/Product/8582656426279;Anel Chain De Prata Com Ouro Amarelo;AN03073-10;gid://shopify/ProductVariant/46393449120039;10;1100.0
AN03074;gid://shopify/Product/8582656590119;Anel Chain De Prata Com Ródio Negro;AN03074-10;gid://shopify/ProductVariant/46393449939239;10;1100.0
AL00031;gid://shopify/Product/8582656655655;Alianca Clássico De Ouro Amarelo 18K;AL00031-10;gid://shopify/ProductVariant/46393450594599;10;3100.0
AL00037;gid://shopify/Product/8582656786727;Alianca Clássico De Ouro Amarelo 18K;AL00037-10;gid://shopify/ProductVariant/46393451315495;10;4500.0
AL0127;gid://shopify/Product/8582656819495;Alianca Clássico De Ouro Amarelo 18K;AL0127-10;gid://shopify/ProductVariant/46393451741479;10;2600.0
AL0129;gid://shopify/Product/8582657016103;Alianca Clássico De Ouro Amarelo 18K;AL0129-10;gid://shopify/ProductVariant/46393452626215;10;3800.0
AL0131;gid://shopify/Product/8582657147175;Alianca Clássico De Ouro Amarelo 18K;AL0131-10;gid://shopify/ProductVariant/46393453248807;10;5300.0
AL00033;gid://shopify/Product/8582657311015;Alianca Clássico De Ouro Branco 18K;AL00033-10;gid://shopify/ProductVariant/46393454068007;10;3100.0
AL0119;gid://shopify/Product/8582657442087;Alianca Clássico De Ouro Branco 18K;AL0119-10;gid://shopify/ProductVariant/46393454723367;10;2600.0
AL0121;gid://shopify/Product/8582657573159;Alianca Clássico De Ouro Branco 18K;AL0121-10;gid://shopify/ProductVariant/46393455771943;10;3800.0
AL0123;gid://shopify/Product/8582657736999;Alianca Clássico De Ouro Branco 18K;AL0123-10;gid://shopify/ProductVariant/46393456623911;10;5300.0
AL0143;gid://shopify/Product/8582657835303;Alianca Clássico De Ouro Branco 18K;AL0143-10;gid://shopify/ProductVariant/46393457213735;10;4500.0
AL00042;gid://shopify/Product/8582657900839;Alianca Clássico De Ouro Rosa 18K;AL00042-10;gid://shopify/ProductVariant/46393457836327;10;4500.0
AL00049;gid://shopify/Product/8582657966375;Alianca Clássico De Ouro Rosa 18K;AL00049-10;gid://shopify/ProductVariant/46393458458919;10;3100.0
AL00069;gid://shopify/Product/8582658031911;Alianca Clássico De Ouro Rosa 18K;AL00069-10;gid://shopify/ProductVariant/46393459015975;10;2600.0
AL02775;gid://shopify/Product/8582658162983;Alianca Clássico De Ouro Rosa 18K;AL02775-10;gid://shopify/ProductVariant/46393459704103;10;3800.0
AN03191;gid://shopify/Product/8582658294055;Anel Deco 2019 De Ouro Amarelo 18K E Diamante;AN03191-10;gid://shopify/ProductVariant/46393460621607;10;7700.0
AN03190;gid://shopify/Product/8582658359591;Anel Deco 2019 De Ouro 18K Com Ródio Negro E Diamante;AN03190-10;gid://shopify/ProductVariant/46393461080359;10;8300.0
AN03189;gid://shopify/Product/8582658457895;Anel Deco 2019 De Ouro Branco 18K E Diamante;AN03189-10;gid://shopify/ProductVariant/46393461604647;10;9800.0
AN03556;gid://shopify/Product/8582658490663;Anel Dolce Vita De Ouro Amarelo 18K E Ágata E Diamante;AN03556-10;gid://shopify/ProductVariant/46393462030631;10;11500.0
AN03557;gid://shopify/Product/8582658588967;Anel Dolce Vita De Ouro Amarelo 18K E Safira E Quartzo;AN03557-10;gid://shopify/ProductVariant/46393462751527;10;11500.0
AN03558;gid://shopify/Product/8582658654503;Anel Dolce Vita De Ouro Amarelo 18K E Turquesa E Diamante;AN03558-10;gid://shopify/ProductVariant/46393463701799;10;15200.0
AN03559;gid://shopify/Product/8582658720039;Anel Dolce Vita De Ouro Amarelo 18K E Ágata E Diamante;AN03559-10;gid://shopify/ProductVariant/46393464258855;10;11500.0
AN03560;gid://shopify/Product/8582658851111;Anel Dolce Vita De Ouro Amarelo 18K E Malaquita E Diamante;AN03560-10;gid://shopify/ProductVariant/46393465143591;10;11500.0
AN03562;gid://shopify/Product/8582659014951;Anel Dolce Vita De Ouro Amarelo 18K E Lápis Lazuli;AN03562-10;gid://shopify/ProductVariant/46393465962791;10;9200.0
AN03563;gid://shopify/Product/8582659080487;Anel Dolce Vita De Ouro Amarelo 18K E Ágata;AN03563-10;gid://shopify/ProductVariant/46393466552615;10;9200.0
AN03564;gid://shopify/Product/8582659178791;Anel Dolce Vita De Ouro Amarelo 18K E Quartzo;AN03564-10;gid://shopify/ProductVariant/46393467044135;10;9200.0
AN03565;gid://shopify/Product/8582659309863;Anel Dolce Vita De Ouro Amarelo 18K E Turquesa;AN03565-10;gid://shopify/ProductVariant/46393469305127;10;10200.0
AN03566;gid://shopify/Product/8582659506471;Anel Dolce Vita De Ouro Amarelo 18K E Ágata;AN03566-10;gid://shopify/ProductVariant/46393469993255;10;9200.0
AN03567;gid://shopify/Product/8582659703079;Anel Dolce Vita De Ouro Amarelo 18K E Malaquita;AN03567-10;gid://shopify/ProductVariant/46393470615847;10;9200.0
AN03574;gid://shopify/Product/8582659866919;Anel Dolce Vita De Ouro Amarelo 18K E Olho De Tigre;AN03574-10;gid://shopify/ProductVariant/46393471205671;10;9200.0
AN03575;gid://shopify/Product/8582659965223;Anel Dolce Vita De Ouro Amarelo 18K E Safira E Olho De Tigre;AN03575-10;gid://shopify/ProductVariant/46393471828263;10;11500.0
AN03554;gid://shopify/Product/8582660063527;Anel Dolce Vita De Ouro Rosa 18K E Safira;AN03554-10;gid://shopify/ProductVariant/46393472516391;10;11500.0
AN03561;gid://shopify/Product/8582660129063;Anel Dolce Vita De Ouro Rosa 18K E Opala;AN03561-10;gid://shopify/ProductVariant/46393473073447;10;9200.0
AN03544;gid://shopify/Product/8582660194599;Anel Especial De Ouro Branco 18K E Diamante Solitário;AN03544-10;gid://shopify/ProductVariant/46393473892647;10;210000.0
AN0793;gid://shopify/Product/8582660292903;Anel Fetiche De Ouro Amarelo 18K;AN0793-10;gid://shopify/ProductVariant/46393474810151;10;5500.0
AN01150;gid://shopify/Product/8582660358439;Anel Fetiche De Ouro 18K Com Ródio Negro;AN01150-10;gid://shopify/ProductVariant/46393475334439;10;5500.0
AN0792;gid://shopify/Product/8582660456743;Anel Fetiche De Ouro Branco 18K;AN0792-10;gid://shopify/ProductVariant/46393475825959;10;5500.0
AN0791;gid://shopify/Product/8582660587815;Anel Fetiche De Ouro Rosa 18K;AN0791-10;gid://shopify/ProductVariant/46393476874535;10;5500.0
AN02445;gid://shopify/Product/8582660653351;Anel First De Ouro 18K Com Ródio Negro E Diamante;AN02445-10;gid://shopify/ProductVariant/46393480151335;10;3200.0
AN03305;gid://shopify/Product/8582660751655;Anel First De Ouro Branco 18K E Diamante;AN03305-10;gid://shopify/ProductVariant/46393480806695;10;3200.0
AN02446;gid://shopify/Product/8582660817191;Anel First De Ouro Rosa 18K E Diamante;AN02446-10;gid://shopify/ProductVariant/46393481330983;10;3200.0
AN03026;gid://shopify/Product/8582660882727;Anel Lifestyle De Ouro 18K Com Ródio Negro E Diamante E Esmeralda;AN03026-10;gid://shopify/ProductVariant/46393482543399;10;6500.0
AN03030;gid://shopify/Product/8582660981031;Anel Lifestyle De Ouro 18K Com Ródio Negro E Diamante;AN03030-10;gid://shopify/ProductVariant/46393483297063;10;7800.0
AN03032;gid://shopify/Product/8582661046567;Anel Lifestyle De Ouro 18K Com Ródio Negro E Diamante;AN03032-10;gid://shopify/ProductVariant/46393483821351;10;7900.0
AN03033;gid://shopify/Product/8582661079335;Anel Lifestyle De Ouro 18K Com Ródio Negro E Diamante Negro;AN03033-10;gid://shopify/ProductVariant/46393484247335;10;7100.0
AN03027;gid://shopify/Product/8582661144871;Anel Lifestyle De Ouro Branco 18K E Diamante - G;AN03027-10;gid://shopify/ProductVariant/46393484706087;10;17500.0
AN03029;gid://shopify/Product/8582661210407;Anel Lifestyle De Ouro Branco 18K E Diamante;AN03029-10;gid://shopify/ProductVariant/46393485230375;10;8500.0
AN03031;gid://shopify/Product/8582661308711;Anel Lifestyle De Ouro Branco 18K E Diamante;AN03031-10;gid://shopify/ProductVariant/46393486115111;10;14900.0
AN03028;gid://shopify/Product/8582661341479;Anel Lifestyle De Ouro Amarelo 18K;AN03028-10;gid://shopify/ProductVariant/46393486541095;10;5900.0
AN02823;gid://shopify/Product/8582661407015;Anel Love Ny De Ouro 18K Com Ródio Negro E Diamante;AN02823-10;gid://shopify/ProductVariant/46393487130919;10;7800.0
AN02824;gid://shopify/Product/8582661472551;Anel Love Ny De Ouro Branco 18K E Diamante;AN02824-10;gid://shopify/ProductVariant/46393487687975;10;9000.0
AN02815;gid://shopify/Product/8582661538087;Anel Love Ny De Ouro Amarelo 18K;AN02815-10;gid://shopify/ProductVariant/46393488146727;10;6000.0
AN02935;gid://shopify/Product/8582661636391;Anel Maes 2013 De Ouro Branco 18K E Diamante Solitário;AN02935-10;gid://shopify/ProductVariant/46393488769319;10;41000.0
AN03585;gid://shopify/Product/8582661734695;Anel Mare De Prata Com Ouro Amarelo;AN03585-10;gid://shopify/ProductVariant/46393489260839;10;1500.0
AN03586;gid://shopify/Product/8582661865767;Anel Mare De Prata Com Ouro Amarelo;AN03586-10;gid://shopify/ProductVariant/46393489785127;10;2100.0
AN01604;gid://shopify/Product/8582661996839;Anel Namo 2012 De Ouro 18K Com Ródio Negro E Diamante;AN01604-10;gid://shopify/ProductVariant/46393490407719;10;3500.0
AN01605;gid://shopify/Product/8582662095143;Anel Namo 2012 De Ouro Branco 18K E Diamante;AN01605-10;gid://shopify/ProductVariant/46393490997543;10;3500.0
AN01606;gid://shopify/Product/8582662226215;Anel Namo 2012 De Ouro Rosa 18K E Diamante;AN01606-10;gid://shopify/ProductVariant/46393491620135;10;3500.0
AN01607;gid://shopify/Product/8582662324519;Anel Namo 2012 De Ouro Amarelo 18K E Diamante;AN01607-10;gid://shopify/ProductVariant/46393492177191;10;3500.0
AN01611;gid://shopify/Product/8582662390055;Anel Namo 2012 De Ouro Amarelo 18K;AN01611-10;gid://shopify/ProductVariant/46393492635943;10;2500.0
AN01608;gid://shopify/Product/8582662455591;Anel Namo 2012 De Ouro 18K Com Ródio Negro;AN01608-10;gid://shopify/ProductVariant/46393493094695;10;2500.0
AN01609;gid://shopify/Product/8582662521127;Anel Namo 2012 De Ouro Branco 18K;AN01609-10;gid://shopify/ProductVariant/46393493717287;10;2500.0
AN01610;gid://shopify/Product/8582662619431;Anel Namo 2012 De Ouro Rosa 18K;AN01610-10;gid://shopify/ProductVariant/46393494339879;10;2500.0
AN02506;gid://shopify/Product/8582662816039;Anel Orquidea De Prata Com Ouro Rosa E Diamante;AN02506-10;gid://shopify/ProductVariant/46393495159079;10;3200.0
AN02505;gid://shopify/Product/8582663078183;Anel Orquidea De Prata Com Ródio Negro E Diamante;AN02505-10;gid://shopify/ProductVariant/46393495879975;10;2850.0
AN03360;gid://shopify/Product/8582663176487;Anel Pop Chain De Prata Com Ouro Amarelo;AN03360-10;gid://shopify/ProductVariant/46393496928551;10;1100.0
AN03361;gid://shopify/Product/8582663340327;Anel Pop Chain De Prata Com Ródio Negro;AN03361-10;gid://shopify/ProductVariant/46393498042663;10;950.0
AN03444;gid://shopify/Product/8582663471399;Anel Rock Star De Ouro Rosa E Branco 18K E Morganita E Diamante;AN03444-10;gid://shopify/ProductVariant/46393498730791;10;40800.0
AN03541;gid://shopify/Product/8582663504167;Anel Rock Star De Ouro Amarelo 18K E Citrino E Diamante;AN03541-10;gid://shopify/ProductVariant/46393499156775;10;15000.0
AN03404;gid://shopify/Product/8582663569703;Anel Rock Star De Ouro 18K Com Ródio Negro E Diamante E Esmeralda - M;AN03404-10;gid://shopify/ProductVariant/46393500631335;10;8500.0
AN03405;gid://shopify/Product/8582663700775;Anel Rock Star De Ouro 18K Com Ródio Negro E Diamante E Rubi - M;AN03405-10;gid://shopify/ProductVariant/46393501450535;10;7500.0
AN03406;gid://shopify/Product/8582663799079;Anel Rock Star De Ouro 18K Com Ródio Negro E Diamante E Safira - M;AN03406-10;gid://shopify/ProductVariant/46393501974823;10;7500.0
AN03407;gid://shopify/Product/8582663930151;Anel Rock Star De Ouro 18K Com Ródio Negro E Diamante E Safira - M;AN03407-10;gid://shopify/ProductVariant/46393502761255;10;6500.0
AN03408;gid://shopify/Product/8582664028455;Anel Rock Star De Ouro 18K Com Ródio Negro E Diamante E Esmeralda - G;AN03408-10;gid://shopify/ProductVariant/46393503285543;10;21000.0
AN03409;gid://shopify/Product/8582664093991;Anel Rock Star De Ouro 18K Com Ródio Negro E Diamante E Rubi - G;AN03409-10;gid://shopify/ProductVariant/46393503711527;10;19000.0
AN03410;gid://shopify/Product/8582664126759;Anel Rock Star De Ouro 18K Com Ródio Negro E Diamante E Safira - G;AN03410-10;gid://shopify/ProductVariant/46393504366887;10;19000.0
AN03456;gid://shopify/Product/8582664290599;Anel Rock Star De Ouro 18K Com Ródio Negro E Quartzo E Diamante;AN03456-10;gid://shopify/ProductVariant/46393505055015;10;18000.0
AN03542;gid://shopify/Product/8582664323367;Anel Rock Star De Ouro 18K Com Ródio Negro E Diamante E Rubi;AN03542-10;gid://shopify/ProductVariant/46393505480999;10;24000.0
AN03397;gid://shopify/Product/8582664388903;Anel Rock Star De Ouro Branco 18K E Ametista E Diamante;AN03397-10;gid://shopify/ProductVariant/46393506038055;10;16500.0
AN03398;gid://shopify/Product/8582664585511;Anel Rock Star De Ouro 18K Com Ródio Negro E Diamante E Safira;AN03398-10;gid://shopify/ProductVariant/46393507021095;10;8000.0
AN03399;gid://shopify/Product/8582664782119;Anel Rock Star De Ouro 18K Com Ródio Negro E Diamante E Safira;AN03399-10;gid://shopify/ProductVariant/46393507709223;10;7500.0
AN03400;gid://shopify/Product/8582664913191;Anel Rock Star De Ouro 18K Com Ródio Negro E Diamante Negro - P;AN03400-10;gid://shopify/ProductVariant/46393508299047;10;4600.0
AN03401;gid://shopify/Product/8582665077031;Anel Rock Star De Ouro 18K Com Ródio Negro E Esmeralda - P;AN03401-10;gid://shopify/ProductVariant/46393509282087;10;8100.0
AN03402;gid://shopify/Product/8582665273639;Anel Rock Star De Ouro 18K Com Ródio Negro E Rubi - P;AN03402-10;gid://shopify/ProductVariant/46393509904679;10;6500.0
AN03403;gid://shopify/Product/8582665371943;Anel Rock Star De Ouro 18K Com Ródio Negro E Safira - P;AN03403-10;gid://shopify/ProductVariant/46393510396199;10;6500.0
AN06169;gid://shopify/Product/8582665404711;Anel Rock Star De Ouro 18K Com Ródio Negro E Diamante E Safira;AN06169-10;gid://shopify/ProductVariant/46393510822183;10;7500.0
AN06195;gid://shopify/Product/8582665437479;Anel Rock Star De Ouro 18K Com Ródio Negro E Diamante;AN06195-10;gid://shopify/ProductVariant/46393511248167;10;6500.0
AN03395;gid://shopify/Product/8582665503015;Anel Rock Star De Ouro Branco 18K E Diamante;AN03395-10;gid://shopify/ProductVariant/46393512657191;10;7500.0
AN03245;gid://shopify/Product/8582665568551;Anel Rock&Hot De Prata Com Ouro Amarelo E Ágata;AN03245-10;gid://shopify/ProductVariant/46393513181479;10;2400.0
AN02276;gid://shopify/Product/8582665634087;Anel Savage De Ouro Amarelo 18K E Diamante Solitário;AN02276-10;gid://shopify/ProductVariant/46393513738535;10;4500.0
AN01867;gid://shopify/Product/8582665699623;Anel Savage De Ouro 18K Com Ródio Negro E Safira;AN01867-10;gid://shopify/ProductVariant/46393514197287;10;3200.0
AN01868;gid://shopify/Product/8582665830695;Anel Savage De Ouro 18K Com Ródio Negro E Esmeralda;AN01868-10;gid://shopify/ProductVariant/46393514721575;10;3200.0
AN01869;gid://shopify/Product/8582665896231;Anel Savage De Ouro 18K Com Ródio Negro E Diamante Solitário;AN01869-10;gid://shopify/ProductVariant/46393515180327;10;4500.0
AN01890;gid://shopify/Product/8582665928999;Anel Savage De Ouro 18K Com Ródio Negro E Safira;AN01890-10;gid://shopify/ProductVariant/46393515639079;10;3200.0
AN01864;gid://shopify/Product/8582665961767;Anel Savage De Ouro Branco 18K E Diamante Solitário;AN01864-10;gid://shopify/ProductVariant/46393516065063;10;4900.0
AN03307;gid://shopify/Product/8582665994535;Anel Savage De Ouro Branco 18K E Diamante Solitário;AN03307-10;gid://shopify/ProductVariant/46393516523815;10;9500.0
AN03368;gid://shopify/Product/8582666092839;Anel Savage De Ouro Branco 18K E Diamante Solitário;AN03368-10;gid://shopify/ProductVariant/46393517015335;10;5700.0
AN01870;gid://shopify/Product/8582666125607;Anel Savage De Ouro Rosa 18K E Diamante Solitário;AN01870-10;gid://shopify/ProductVariant/46393517441319;10;4500.0
AN02299;gid://shopify/Product/8582666158375;Anel Tropical De Prata Com Ouro Amarelo;AN02299-10;gid://shopify/ProductVariant/46393517867303;10;1400.0
AN02300;gid://shopify/Product/8582666191143;Anel Tropical De Prata Com Ródio Negro;AN02300-10;gid://shopify/ProductVariant/46393518293287;10;1400.0
AN01724;gid://shopify/Product/8582666223911;Anel Universo De Ouro 18K Com Ródio Negro E Esmeralda;AN01724-10;gid://shopify/ProductVariant/46393518719271;10;7200.0
AN01748;gid://shopify/Product/8582666322215;Anel Universo De Ouro 18K Com Ródio Negro E Rubi;AN01748-10;gid://shopify/ProductVariant/46393519178023;10;6200.0
AN01749;gid://shopify/Product/8582666453287;Anel Universo De Ouro 18K Com Ródio Negro E Safira;AN01749-10;gid://shopify/ProductVariant/46393519800615;10;6000.0
AN01865;gid://shopify/Product/8582666649895;Anel Universo De Ouro 18K Com Ródio Negro E Diamante Negro;AN01865-10;gid://shopify/ProductVariant/46393520423207;10;7500.0
AN02038;gid://shopify/Product/8582666846503;Anel Universo De Ouro 18K Com Ródio Negro E Diamante;AN02038-10;gid://shopify/ProductVariant/46393521013031;10;11500.0
AN03573;gid://shopify/Product/8582666977575;Anel Vita Eterna De Ouro Amarelo E Branco 18K E Diamante E Esmeralda;AN03573-10;gid://shopify/ProductVariant/46393521537319;10;89000.0
AN03175;gid://shopify/Product/8582667010343;Anel Whitechain De Prata Com Ouro Branco;AN03175-10;gid://shopify/ProductVariant/46393521963303;10;1100.0
AN03537;gid://shopify/Product/8582667108647;Anel Celebrate De Ouro Branco 18K E Diamante E Safira;AN03537-10;gid://shopify/ProductVariant/46393523274023;10;20000.0
AN03215;gid://shopify/Product/8582667174183;Anel Deco 2019 De Ouro Branco 18K E Diamante E Esmeralda;AN03215-10;gid://shopify/ProductVariant/46393523798311;10;220900.0
AN02785;gid://shopify/Product/8582667436327;Anel Especial De Ouro Branco 18K E Diamante Negro;AN02785-10;gid://shopify/ProductVariant/46393527206183;10;12500.0
AN02948;gid://shopify/Product/8582667567399;Anel Especial De Ouro Branco 18K E Diamante Negro;AN02948-10;gid://shopify/ProductVariant/46393528615207;10;17500.0
AN03090;gid://shopify/Product/8582667632935;Anel Especial De Ouro Branco 18K E Diamante Negro;AN03090-10;gid://shopify/ProductVariant/46393529106727;10;12500.0
AN02817;gid://shopify/Product/8582668353831;Anel Maes 2013 De Ouro Branco 18K E Diamante Negro;AN02817-10;gid://shopify/ProductVariant/46393537691943;10;17000.0
AN02859;gid://shopify/Product/8582668386599;Anel Maes 2013 De Ouro Amarelo 18K E Diamante Fancy;AN02859-10;gid://shopify/ProductVariant/46393538117927;10;72000.0
AN03318;gid://shopify/Product/8582668714279;Anel Maes 2013 De Ouro Branco 18K E Diamante E Rubi;AN03318-10;gid://shopify/ProductVariant/46393541263655;10;11200.0
AN03321;gid://shopify/Product/8582668812583;Anel Maes 2013 De Ouro Branco 18K E Diamante E Rubi;AN03321-10;gid://shopify/ProductVariant/46393542213927;10;11200.0
AN03430;gid://shopify/Product/8582669140263;Anel Rock Star De Ouro Branco 18K E Kunzita E Diamante;AN03430-10;gid://shopify/ProductVariant/46393547522343;10;20500.0
AN03453;gid://shopify/Product/8582669238567;Anel Rock Star De Ouro Branco 18K E Ametista E Diamante;AN03453-10;gid://shopify/ProductVariant/46393548407079;10;19400.0
AN03472;gid://shopify/Product/8582669304103;Anel Rock Star De Ouro Branco 18K E Topázio E Diamante;AN03472-10;gid://shopify/ProductVariant/46393549259047;10;17500.0
AN03496;gid://shopify/Product/8582669435175;Anel Rock Star De Ouro Branco 18K E Kunzita E Diamante;AN03496-10;gid://shopify/ProductVariant/46393550143783;10;26000.0
AN03497;gid://shopify/Product/8582669631783;Anel Rock Star De Ouro Branco 18K E Kunzita E Diamante;AN03497-10;gid://shopify/ProductVariant/46393550569767;10;22900.0
AN03515;gid://shopify/Product/8582669762855;Anel Rock Star De Ouro Branco 18K E Topázio E Diamante;AN03515-10;gid://shopify/ProductVariant/46393551880487;10;20000.0
AN03546;gid://shopify/Product/8582669926695;Anel Rock Star De Ouro Branco 18K E Topázio E Diamante;AN03546-10;gid://shopify/ProductVariant/46393555321127;10;17200.0
