id;sku;title;price;compareAtPrice;inventoryQuantity;product_id;title;totalInventory;totalVariants;mediaCount.count;sku_2
gid://shopify/ProductVariant/46330657636647;BR04014T;P;26000.0;;5;gid://shopify/Product/8572968665383;Brinco Star Diamond - P | Ouro Branco 18K E Diamantes;5;1;4;BR04014T
gid://shopify/ProductVariant/46330660913447;BR04127T;M;42000.0;;5;gid://shopify/Product/8572968960295;Brinco Star Diamond - M | Ouro Branco 18K E Diamantes;5;1;4;BR04127T
gid://shopify/ProductVariant/46331458519335;BR04027T;P;19000.0;;5;gid://shopify/Product/8573060383015;Brinco Star Diamond - P | Ouro Branco 18K Com Ródio Negro E Diamantes Negros;5;1;2;BR04027T
gid://shopify/ProductVariant/46331460780327;BR04355T;M;33000.0;;0;gid://shopify/Product/8573060677927;Brinco 15 Anos - M | Ouro Branco 18K Com Ródio Negro E Diamantes Negros;0;1;4;BR04355T
gid://shopify/ProductVariant/46331464122663;BR05117T;P;21000.0;;0;gid://shopify/Product/8573061038375;Brinco Star Diamond - P | Ouro Branco 18K Com Ródio Negro E Diamantes;0;1;2;BR05117T
gid://shopify/ProductVariant/46332394570023;CL04023;Default Title;6700.0;;6;gid://shopify/Product/8573203317031;Colar Amore | Ouro Amarelo 18K;6;1;3;CL04023
gid://shopify/ProductVariant/46332398502183;CL04025;Default Title;6700.0;;5;gid://shopify/Product/8573203808551;Colar Amore De Ouro Amarelo 18K;5;1;3;CL04025
gid://shopify/ProductVariant/46332404007207;CL04022;Default Title;6700.0;;0;gid://shopify/Product/8573204300071;Colar Amore De Ouro Branco 18K Com Ródio Negro;0;1;3;CL04022
gid://shopify/ProductVariant/46332407382311;CL04024;Default Title;6700.0;;0;gid://shopify/Product/8573204758823;Colar Amore De Ouro Branco 18K Com Ródio Negro;0;1;3;CL04024
gid://shopify/ProductVariant/46332840935719;BR05813T;G;27700.0;;5;gid://shopify/Product/8573252272423;Brinco Avantgarde | Ouro Branco 18K Com Ródio Negro E Diamantes;5;1;3;BR05813T
gid://shopify/ProductVariant/46332847554855;BR05812T;G;29600.0;;5;gid://shopify/Product/8573252960551;Brinco Avantgarde | Ouro Branco 18K E Diamantes;5;1;3;BR05812T
gid://shopify/ProductVariant/46334665654567;BR06282T;G;5900.0;;5;gid://shopify/Product/8573441376551;Brinco Black Leopardo - G | Prata Com Ródio Negro;5;1;4;BR06282T
gid://shopify/ProductVariant/46334669095207;BR06283T;M;5400.0;;0;gid://shopify/Product/8573441868071;Brinco Black Leopardo - M | Prata com Ródio Negro;0;1;4;BR06283T
gid://shopify/ProductVariant/46334672273703;CL04551;M;7800.0;;0;gid://shopify/Product/8573442294055;Colar Black Leopardo - Maxi | Prata com Ródio Negro;0;1;3;CL04551
gid://shopify/ProductVariant/46334857085223;BR05931T;G;4700.0;;0;gid://shopify/Product/8573469065511;Brinco Blossom - G | Prata Com Ouro Amarelo 18k E Safira;0;1;2;BR05931T
gid://shopify/ProductVariant/46334858985767;BR05938T;Default Title;3700.0;;0;gid://shopify/Product/8573469491495;Brinco Blossom | Prata Com Ouro Amarelo 18k E Safira;0;1;2;BR05938T
gid://shopify/ProductVariant/46334861377831;BR05932T;G;4300.0;;0;gid://shopify/Product/8573469917479;Brinco Blossom - G | Prata Com Ródio Negro E Safira;0;1;2;BR05932T
gid://shopify/ProductVariant/46334865015079;BR05933T;P;3500.0;;0;gid://shopify/Product/8573470408999;Brinco Blossom - P | Prata Com Ródio Negro E Safira;0;1;3;BR05933T
gid://shopify/ProductVariant/46334867767591;BR05937T;Default Title;3700.0;;0;gid://shopify/Product/8573470703911;Brinco Blossom | Prata Com Ródio Negro E Safira;0;1;2;BR05937T
gid://shopify/ProductVariant/46334897094951;BR04476T;Default Title;16000.0;;0;gid://shopify/Product/8573475946791;Brinco Brasil | Ouro Branco 18K Com Ródio Negro E Turmalinas;0;1;1;BR04476T
gid://shopify/ProductVariant/46335058542887;BR06373T;Default Title;89900.0;;5;gid://shopify/Product/8573490659623;Brinco Celebrate Triplo | Ouro Amarelo 18K e Diamantes;5;1;2;BR06373T
gid://shopify/ProductVariant/46335063916839;BR06375T;Default Title;68200.0;;5;gid://shopify/Product/8573491052839;Brinco Celebrate Duplo | Ouro Amarelo 18K e Diamantes;5;1;4;BR06375T
gid://shopify/ProductVariant/46335067750695;BR06377T;Default Title;42000.0;;5;gid://shopify/Product/8573491413287;Brinco Celebrate Duo | Ouro Amarelo 18K e Diamantes;5;1;3;BR06377T
gid://shopify/ProductVariant/46335074533671;BR06379T;Default Title;26000.0;;5;gid://shopify/Product/8573492003111;Brinco Celebrate | Ouro Amarelo 18K e Diamantes;5;1;4;BR06379T
gid://shopify/ProductVariant/46335077777703;BR06380T;Default Title;24900.0;;5;gid://shopify/Product/8573492298023;Brinco Celebrate Franja | Ouro Amarelo 18K e Diamantes;5;1;3;BR06380T
gid://shopify/ProductVariant/46335081349415;BR06381T;Default Title;7200.0;;6;gid://shopify/Product/8573492592935;Brinco Celebrate Plus Solitário | Ouro Amarelo 18K e Diamantes;6;1;3;BR06381T
gid://shopify/ProductVariant/46335086264615;BR06387T;Default Title;13200.0;;5;gid://shopify/Product/8573492986151;Brinco Celebrate Rock | Ouro Amarelo 18K e Diamantes;5;1;3;BR06387T
gid://shopify/ProductVariant/46335092654375;BR06299T;Default Title;25900.0;;5;gid://shopify/Product/8573493510439;Brinco Celebrate Franja | Ouro Branco 18K E Diamantes;5;1;4;BR06299T
gid://shopify/ProductVariant/46335096095015;BR06301T;Default Title;7900.0;;5;gid://shopify/Product/8573493870887;Brinco Celebrate Plus Unitário | Ouro Branco 18K e Diamante;5;1;3;BR06301T
gid://shopify/ProductVariant/46335101468967;BR06302T;Default Title;16200.0;;5;gid://shopify/Product/8573494231335;Brinco Celebrate Rock | Ouro Branco 18K e Diamantes;5;1;3;BR06302T
gid://shopify/ProductVariant/46335104123175;BR06372T;Default Title;149000.0;;6;gid://shopify/Product/8573494559015;Brinco Celebrate Triplo | Ouro Branco 18K com Diamantes;6;1;4;BR06372T
gid://shopify/ProductVariant/46335107072295;BR06374T;Default Title;95000.0;;5;gid://shopify/Product/8573494853927;Brinco Celebrate Duplo | Ouro Branco 18K e Diamantes;5;1;4;BR06374T
gid://shopify/ProductVariant/46335110545703;BR06376T;Default Title;54000.0;;5;gid://shopify/Product/8573495181607;Brinco Celebrate Duo | Ouro Branco 18K e Diamantes;5;1;3;BR06376T
gid://shopify/ProductVariant/46335115788583;BR06378T;Default Title;35000.0;;5;gid://shopify/Product/8573495607591;Brinco Celebrate | Ouro Branco 18K e Diamantes;5;1;2;BR06378T
gid://shopify/ProductVariant/46335121588519;BR06388T;Default Title;57000.0;;0;gid://shopify/Product/8573495968039;Brinco Celebrate | Ouro Amarelo 18K com Diamantes e Esmeraldas;0;1;2;BR06388T
gid://shopify/ProductVariant/46335125422375;PI01465;Default Title;78000.0;;0;gid://shopify/Product/8573496361255;Pingente Celebrate | Ouro Amarelo 18K e Esmeralda;0;1;1;PI01465
gid://shopify/ProductVariant/46335226708263;BR05398T;Default Title;1960.0;;5;gid://shopify/Product/8573505634599;Brinco Chain  - Unitário | Prata Com Ouro Amarelo 18k;5;1;4;BR05398T
gid://shopify/ProductVariant/46335229755687;BR05400T;G;3900.0;;8;gid://shopify/Product/8573505896743;Brinco Argola Chain - G | Prata Com Ouro Amarelo 18k;8;1;5;BR05400T
gid://shopify/ProductVariant/46335232704807;BR05404T;Default Title;1200.0;;7;gid://shopify/Product/8573506093351;Brinco Chain - Unitário | Prata Com Ouro Amarelo 18k;7;1;5;BR05404T
gid://shopify/ProductVariant/46335235391783;BR05407T;Default Title;2200.0;;5;gid://shopify/Product/8573506322727;Brinco Ear Cuff Chain | Prata Com Ouro Amarelo 18k;5;1;4;BR05407T
gid://shopify/ProductVariant/46335237685543;BR05411T;P;2600.0;;6;gid://shopify/Product/8573506486567;Brinco Argola Chain - P | Prata Com Ouro Amarelo 18k;6;1;5;BR05411T
gid://shopify/ProductVariant/46335239291175;BR05602T;Default Title;1900.0;;7;gid://shopify/Product/8573506617639;Brinco Argola Chain - Mini | Prata Com Ouro Amarelo 18k;7;1;5;BR05602T
gid://shopify/ProductVariant/46335240372519;BR05399T;Default Title;1600.0;;9;gid://shopify/Product/8573506715943;Brinco Chain - Unitário | Prata Com Ródio Negro;9;1;3;BR05399T
gid://shopify/ProductVariant/46335241519399;BR05405T;Default Title;980.0;;0;gid://shopify/Product/8573506879783;Brinco Chain - Unitário | Prata Com Ródio Negro;0;1;3;BR05405T
gid://shopify/ProductVariant/46335242633511;BR05408T;Default Title;2200.0;;0;gid://shopify/Product/8573506978087;Brinco Ear Cuff Chain | Prata Com Ródio Negro;0;1;3;BR05408T
gid://shopify/ProductVariant/46335245091111;BR05412T;P;2200.0;;0;gid://shopify/Product/8573507240231;Brinco Argola Chain - P | Prata Com Ródio Negro;0;1;4;BR05412T
gid://shopify/ProductVariant/46335247352103;CL04178;P;10900.0;;7;gid://shopify/Product/8573507469607;Colar Chain - P | Prata Com Ouro Amarelo 18K;7;1;3;CL04178
gid://shopify/ProductVariant/46335251644711;CL04182;G;15900.0;;7;gid://shopify/Product/8573507830055;Colar Chain - G | Prata Com Ouro Amarelo 18K;7;1;5;CL04182
gid://shopify/ProductVariant/46335255904551;CL04179;P;8900.0;;0;gid://shopify/Product/8573508124967;Colar Chain - P | Prata Com Ródio Negro;0;1;3;CL04179
gid://shopify/ProductVariant/46335260197159;BR05606T;Default Title;1200.0;;10;gid://shopify/Product/8573508452647;Piercing Chain | Prata Com Ouro Amarelo 18K;10;1;4;BR05606T
gid://shopify/ProductVariant/46335263408423;PU01791T;P;6500.0;;6;gid://shopify/Product/8573508714791;Pulseira Chain Elo - P | Prata Com Ouro Amarelo 18k;18;3;5;PU01791T
gid://shopify/ProductVariant/46335274320167;PU01805T;G;8800.0;;5;gid://shopify/Product/8573509730599;Pulseira Chain De Prata Com Ouro Amarelo - Elo G;5;1;3;PU01805T
gid://shopify/ProductVariant/46335277662503;PU01792T;P;4800.0;;0;gid://shopify/Product/8573509992743;Pulseira Chain Elo - P | Prata Com Ródio Negro;1;3;3;PU01792T
gid://shopify/ProductVariant/46335289983271;PU01806T;G;7300.0;;0;gid://shopify/Product/8573510975783;Pulseira Chain De Prata Com Ródio Negro - Elo G;0;1;3;PU01806T
gid://shopify/ProductVariant/46336082936103;BR05581T;Default Title;5800.0;;5;gid://shopify/Product/8573576708391;Piercing Chain Lovers | Ouro Branco 18K Com Ródio Negro E Diamantes;5;1;2;BR05581T
gid://shopify/ProductVariant/46336085983527;BR05603T;Default Title;13700.0;;5;gid://shopify/Product/8573576937767;Brinco Argola Chain Lovers - Mini | Ouro Branco 18K Com Ródio Negro E Diamantes;5;1;3;BR05603T
gid://shopify/ProductVariant/46336089096487;BR05580T;Default Title;6600.0;;5;gid://shopify/Product/8573577265447;Piercing Chain Lovers | Ouro Branco 18K E Diamantes;5;1;2;BR05580T
gid://shopify/ProductVariant/46336093389095;BR05604T;Default Title;16400.0;;5;gid://shopify/Product/8573577593127;Brinco Argola Chain Lovers - Mini | Ouro Branco 18K e Diamantes;5;1;3;BR05604T
gid://shopify/ProductVariant/46336096796967;BR05777T;Default Title;15900.0;;5;gid://shopify/Product/8573577920807;Piercing Chain Lovers | Ouro Branco 18K Com Ródio Negro E Diamantes;5;1;4;BR05777T
gid://shopify/ProductVariant/46336099909927;BR05778T;Default Title;6900.0;;5;gid://shopify/Product/8573578215719;Piercing Chain Lovers | Ouro Branco 18K Com Ródio Negro E Diamantes Negros;5;1;2;BR05778T
gid://shopify/ProductVariant/46336104169767;BR05779T;Default Title;8300.0;;6;gid://shopify/Product/8573578608935;Piercing Chain Lovers | Ouro Branco 18K Com Ródio Negro E Esmeraldas;6;1;4;BR05779T
gid://shopify/ProductVariant/46336121569575;CL01443;Default Title;41000.0;;5;gid://shopify/Product/8573579919655;Colar Choker De Ouro Amarelo 18K;5;1;3;CL01443
gid://shopify/ProductVariant/46336123502887;CL01450;Default Title;9400.0;;6;gid://shopify/Product/8573580116263;Colar Choker De Ouro Amarelo 18K;6;1;4;CL01450
gid://shopify/ProductVariant/46336129794343;CL01442;Default Title;29000.0;;0;gid://shopify/Product/8573580673319;Colar Choker De Ouro Branco 18K Com Ródio Negro E Diamante;0;1;3;CL01442
gid://shopify/ProductVariant/46336133431591;CL01447;Default Title;33000.0;;0;gid://shopify/Product/8573581000999;Colar Choker De Ouro Branco 18K Com Ródio Negro E Diamante;0;1;3;CL01447
gid://shopify/ProductVariant/46336136773927;CL01449;Default Title;9900.0;;5;gid://shopify/Product/8573581426983;Colar Choker De Ouro Branco 18K Com Ródio Negro E Diamante;5;1;3;CL01449
gid://shopify/ProductVariant/46336139165991;CL01451;Default Title;6200.0;;0;gid://shopify/Product/8573581656359;Colar Choker De Ouro Branco 18K Com Ródio Negro E Diamante;0;1;2;CL01451
gid://shopify/ProductVariant/46336139264295;CL03641;Default Title;9900.0;;5;gid://shopify/Product/8573581787431;Colar Choker De Ouro Branco 18K Com Ródio Negro E Rubi;5;1;3;CL03641
gid://shopify/ProductVariant/46336139493671;CL03642;Default Title;12000.0;;5;gid://shopify/Product/8573581852967;Colar Choker De Ouro Branco 18K Com Ródio Negro E Esmeralda;5;1;3;CL03642
gid://shopify/ProductVariant/46336139559207;CL03643;Default Title;9900.0;;5;gid://shopify/Product/8573581918503;Colar Choker De Ouro Branco 18K Com Ródio Negro E Safira;5;1;3;CL03643
gid://shopify/ProductVariant/46336139657511;CL03645;Default Title;9200.0;;5;gid://shopify/Product/8573582016807;Colar Choker | Ouro Branco 18K Com Ródio Negro E Diamantes Negros;5;1;3;CL03645
gid://shopify/ProductVariant/46336140837159;CL01438;Default Title;49000.0;;5;gid://shopify/Product/8573582213415;Colar Choker De Ouro Branco 18K E Diamante;5;1;3;CL01438
gid://shopify/ProductVariant/46336144146727;CL01446;Default Title;51000.0;;0;gid://shopify/Product/8573582541095;Colar Choker De Ouro Branco 18K E Diamante;0;1;3;CL01446
gid://shopify/ProductVariant/46336149192999;CL01448;Default Title;12900.0;;6;gid://shopify/Product/8573582901543;Colar Choker De Ouro Branco 18K E Diamante;6;1;3;CL01448
gid://shopify/ProductVariant/46336152437031;CL01452;Default Title;7900.0;;5;gid://shopify/Product/8573583196455;Colar Choker De Ouro Branco 18K E Diamante;5;1;4;CL01452
gid://shopify/ProductVariant/46336174981415;BR05643T;Default Title;21000.0;;5;gid://shopify/Product/8573584998695;Brinco Ear Cuff Deco 2019 | Ouro Amarelo 18K com ródio negro E Diamantes;5;1;2;BR05643T
gid://shopify/ProductVariant/46336178258215;BR05649T;Default Title;31000.0;;5;gid://shopify/Product/8573585326375;Brinco Ear Cuff Deco 2019 | Ouro Amarelo 18K com ródio negro E Diamantes;5;1;2;BR05649T
gid://shopify/ProductVariant/46336182747431;BR05642T;Default Title;24900.0;;5;gid://shopify/Product/8573585621287;Brinco Ear Cuff Deco 2019 | Ouro Branco 18K E Diamantes;5;1;2;BR05642T
gid://shopify/ProductVariant/46336185958695;BR05650T;Default Title;36800.0;;5;gid://shopify/Product/8573585883431;Brinco Ear Cuff Deco 2019 De Ouro Branco 18K E Diamante;5;1;2;BR05650T
gid://shopify/ProductVariant/46336188449063;CL04288;Default Title;87000.0;;5;gid://shopify/Product/8573586145575;Colar Deco 2019 De Ouro Amarelo 18K E Diamante;5;1;2;CL04288
gid://shopify/ProductVariant/46336190873895;CL04279;Default Title;55000.0;;0;gid://shopify/Product/8573586374951;Colar Deco 2019 De Ouro Branco 18K E Diamante;0;1;2;CL04279
gid://shopify/ProductVariant/46336245661991;BR02400T;Default Title;10900.0;;5;gid://shopify/Product/8573591617831;Brinco Clássico | Ouro Amarelo 18K E Diamantes;5;1;3;BR02400T
gid://shopify/ProductVariant/46336245727527;BR02108T;Default Title;10900.0;;5;gid://shopify/Product/8573591716135;Brinco Clássico | Ouro Branco 18K E Diamantes;5;1;2;BR02108T
gid://shopify/ProductVariant/46336246710567;BR02120T;Default Title;10900.0;;5;gid://shopify/Product/8573591781671;Brinco Clássico | Ouro Rosa 18K E Diamantes;5;1;2;BR02120T
gid://shopify/ProductVariant/46336249626919;BR02148T;Default Title;4100.0;;6;gid://shopify/Product/8573591978279;Piercing Clássico De Ouro Rosa 18K E Diamante;6;1;3;BR02148T
gid://shopify/ProductVariant/46336250675495;CL01000;Default Title;6900.0;;5;gid://shopify/Product/8573592142119;Colar Clássico De Ouro Branco 18K Com Ródio Negro E Diamante Negro;5;1;2;CL01000
gid://shopify/ProductVariant/46336251560231;CL01042;Default Title;7500.0;;5;gid://shopify/Product/8573592273191;Colar Clássico De Ouro Branco 18K Com Ródio Negro E Diamante Negro;5;1;2;CL01042
gid://shopify/ProductVariant/46336252641575;CL01100;Default Title;6100.0;;0;gid://shopify/Product/8573592371495;Colar Clássico De Ouro Branco 18K Com Ródio Negro E Diamante;0;1;2;CL01100
gid://shopify/ProductVariant/46336253985063;CL00999;Default Title;6900.0;;6;gid://shopify/Product/8573592568103;Colar Clássico De Ouro Branco 18K E Diamante Negro;6;1;2;CL00999
gid://shopify/ProductVariant/46336255263015;CL00016;Default Title;4500.0;;5;gid://shopify/Product/8573592699175;Corrente Clássico De Ouro Amarelo 18K;5;1;3;CL00016
gid://shopify/ProductVariant/46336256606503;CO01314;Default Title;6500.0;;7;gid://shopify/Product/8573592895783;Corrente Você - 45cm | Ouro Amarelo 18K;7;1;5;CO01314
gid://shopify/ProductVariant/46336258277671;CO01318;Default Title;9200.0;;5;gid://shopify/Product/8573593059623;Corrente Clássico De Ouro Amarelo 18K;5;1;3;CO01318
gid://shopify/ProductVariant/46336259391783;CO01312;Default Title;6500.0;;5;gid://shopify/Product/8573593190695;Corrente Você - 45cm | Ouro Branco 18K Com Ródio Negro;5;1;4;CO01312
gid://shopify/ProductVariant/46336259981607;CO01316;Default Title;9200.0;;5;gid://shopify/Product/8573593288999;Corrente Clássico De Ouro Branco 18K Com Ródio Negro;5;1;3;CO01316
gid://shopify/ProductVariant/46336260899111;CO00023;Default Title;6500.0;;5;gid://shopify/Product/8573593420071;Corrente Você - 45cm | Ouro Branco 18K;5;1;5;CO00023
gid://shopify/ProductVariant/46336261521703;CO01277;Default Title;4500.0;;5;gid://shopify/Product/8573593551143;Corrente Clássico De Ouro Branco 18K;5;1;2;CO01277
gid://shopify/ProductVariant/46336262603047;CO01315;Default Title;9200.0;;5;gid://shopify/Product/8573593682215;Corrente Clássico De Ouro Branco 18K;5;1;3;CO01315
gid://shopify/ProductVariant/46336263815463;CO01313;Default Title;6500.0;;6;gid://shopify/Product/8573593846055;Corrente Clássico | Ouro Rosa 18K;6;1;3;CO01313
gid://shopify/ProductVariant/46336265126183;CO01317;Default Title;9200.0;;8;gid://shopify/Product/8573594009895;Corrente Clássico De Ouro Rosa 18K;8;1;3;CO01317
gid://shopify/ProductVariant/46336266240295;BR02212T;Default Title;4100.0;;5;gid://shopify/Product/8573594140967;Piercing Clássico De Ouro Amarelo 18K E Diamante;5;1;3;BR02212T
gid://shopify/ProductVariant/46336267059495;BR03167T;Default Title;3300.0;;5;gid://shopify/Product/8573594304807;Piercing Clássico De Ouro Branco 18K Com Ródio Negro E Diamante Negro;5;1;3;BR03167T
gid://shopify/ProductVariant/46336268009767;BR03682T;Default Title;3800.0;;5;gid://shopify/Product/8573594435879;Piercing Clássico De Ouro Branco 18K Com Ródio Negro E Diamante;5;1;3;BR03682T
gid://shopify/ProductVariant/46336268599591;BR02192T;Default Title;4100.0;;5;gid://shopify/Product/8573594534183;Piercing Clássico De Ouro Branco 18K E Diamante;5;1;3;BR02192T
gid://shopify/ProductVariant/46336268632359;PU01082T;Default Title;3500.0;;5;gid://shopify/Product/8573594566951;Pulseira Clássico De Ouro Amarelo 18K E Safira;5;1;3;PU01082T
gid://shopify/ProductVariant/46336269123879;PU01936T;Default Title;2900.0;;5;gid://shopify/Product/8573594665255;Pulseira Clássico De Ouro Amarelo 18K E Safira;5;1;2;PU01936T
gid://shopify/ProductVariant/46336269353255;PU01278T;Default Title;3500.0;;5;gid://shopify/Product/8573594763559;Pulseira Clássico De Ouro Branco 18K Com Ródio Negro E Diamante Negro;5;1;3;PU01278T
gid://shopify/ProductVariant/46336269386023;PU01293T;Default Title;25500.0;;5;gid://shopify/Product/8573594796327;Pulseira Clássico De Ouro Branco 18K Com Ródio Negro E Rubi;5;1;2;PU01293T
gid://shopify/ProductVariant/46336269943079;PU01314T;Default Title;3500.0;;5;gid://shopify/Product/8573594861863;Pulseira Clássico De Ouro Branco 18K Com Ródio Negro E Safira;5;1;3;PU01314T
gid://shopify/ProductVariant/46336270631207;PU01081T;Default Title;3500.0;;5;gid://shopify/Product/8573595091239;Pulseira Clássico De Ouro Branco 18K E Safira;5;1;3;PU01081T
gid://shopify/ProductVariant/46336272269607;PU01422T;Default Title;2900.0;;5;gid://shopify/Product/8573595222311;Pulseira Charm Baby De Ouro Branco 18K E Safira;5;1;1;PU01422T
gid://shopify/ProductVariant/46336274202919;PU01074T;Default Title;3500.0;;5;gid://shopify/Product/8573595418919;Pulseira Clássico De Ouro Rosa 18K E Safira;5;1;3;PU01074T
gid://shopify/ProductVariant/46336276201767;PU01552T;Default Title;2900.0;;5;gid://shopify/Product/8573595549991;Pulseira Charm Baby De Ouro Rosa 18K E Safira;5;1;1;PU01552T
gid://shopify/ProductVariant/46336295665959;BR04856T;Default Title;2200.0;;7;gid://shopify/Product/8573597548839;Brinco Baby | Ouro Amarelo 18K E Esmeralda;7;1;2;BR04856T
gid://shopify/ProductVariant/46336296485159;BR04857T;Default Title;3900.0;;6;gid://shopify/Product/8573597647143;Brinco Baby De Ouro Amarelo 18K E Esmeralda;6;1;2;BR04857T
gid://shopify/ProductVariant/46336297926951;BR05616T;Default Title;2200.0;;5;gid://shopify/Product/8573597810983;Brinco Baby De Ouro Branco 18K Com Ródio Negro E Esmeralda;5;1;2;BR05616T
gid://shopify/ProductVariant/46336299598119;BR05879T;Default Title;23900.0;;0;gid://shopify/Product/8573598007591;Brinco Especial De Ouro Branco 18K Com Ródio Negro E Safira;0;1;1;BR05879T
gid://shopify/ProductVariant/46336301924647;BR06472T;Default Title;8500.0;;0;gid://shopify/Product/8573598236967;Brinco Especial De Ouro Branco 18K Com Ródio Negro E Esmeralda;0;1;1;BR06472T
gid://shopify/ProductVariant/46336303038759;BR06513T;Default Title;18900.0;;0;gid://shopify/Product/8573598368039;Brinco Especial De Ouro Branco 18K Com Ródio Negro E Esmeralda;0;1;1;BR06513T
gid://shopify/ProductVariant/46336304644391;BR04220T;Default Title;2900.0;;5;gid://shopify/Product/8573598564647;Brinco Baby De Ouro Branco 18K E Diamante Negro;5;1;1;BR04220T
gid://shopify/ProductVariant/46336306708775;BR04221T;Default Title;6900.0;;5;gid://shopify/Product/8573598794023;Brinco Especial De Ouro Branco 18K E Diamante Negro;5;1;1;BR04221T
gid://shopify/ProductVariant/46336308347175;BR04223T;Default Title;15500.0;;5;gid://shopify/Product/8573598957863;Brinco Especial De Ouro Branco 18K E Diamante Negro;5;1;0;BR04223T
gid://shopify/ProductVariant/46336311230759;BR06298T;Default Title;4500.0;;0;gid://shopify/Product/8573599351079;Brinco Especial De Ouro Branco 18K E Diamante Negro;0;1;0;BR06298T
gid://shopify/ProductVariant/46336312607015;PU02059T;Default Title;140000.0;;0;gid://shopify/Product/8573599711527;Pulseira Especial De Ouro Branco 18K E Diamante;0;1;1;PU02059T
gid://shopify/ProductVariant/46336405405991;BR05881T;Default Title;4700.0;;0;gid://shopify/Product/8573608624423;Brinco Especial De Ouro Amarelo 18K E Diamante Fancy;0;1;2;BR05881T
gid://shopify/ProductVariant/46336405995815;BR03449T;Default Title;2900.0;;7;gid://shopify/Product/8573608722727;Brinco Baby De Ouro Branco 18K E Diamante Solitário;7;1;2;BR03449T
gid://shopify/ProductVariant/46336406126887;BR05301T;Default Title;2000.0;;5;gid://shopify/Product/8573608788263;Brinco Baby De Ouro Branco 18K E Diamante Solitário;5;1;2;BR05301T
gid://shopify/ProductVariant/46336406159655;BR06039T;Default Title;7900.0;;5;gid://shopify/Product/8573608821031;Brinco Especial De Ouro Branco 18K E Diamante Solitário;5;1;3;BR06039T
gid://shopify/ProductVariant/46336406225191;BR06040T;Default Title;8900.0;;5;gid://shopify/Product/8573608853799;Brinco Especial De Ouro Branco 18K E Diamante Solitário;5;1;3;BR06040T
gid://shopify/ProductVariant/46336406257959;BR06041T;Default Title;12500.0;;5;gid://shopify/Product/8573608886567;Brinco Especial De Ouro Branco 18K E Diamante Solitário;5;1;3;BR06041T
gid://shopify/ProductVariant/46336406847783;BR06042T;Default Title;21900.0;;5;gid://shopify/Product/8573609017639;Brinco Especial De Ouro Branco 18K E Diamante Solitário;5;1;3;BR06042T
gid://shopify/ProductVariant/46336408060199;BR06111T;Default Title;1900.0;;5;gid://shopify/Product/8573609214247;Brinco Especial De Ouro Rosa 18K E Diamante Solitário;5;1;0;BR06111T
gid://shopify/ProductVariant/46336408682791;CL04318;Default Title;69000.0;;0;gid://shopify/Product/8573609345319;Colar Especial De Ouro Branco 18K E Diamante Solitário;0;1;1;CL04318
gid://shopify/ProductVariant/46336409796903;CL04441;Default Title;9500.0;;5;gid://shopify/Product/8573609476391;Colar Especial De Ouro Branco 18K E Diamante Solitário;5;1;2;CL04441
gid://shopify/ProductVariant/46336410583335;CL04442;Default Title;11000.0;;0;gid://shopify/Product/8573609607463;Colar Especial De Ouro Branco 18K E Diamante Solitário;0;1;0;CL04442
gid://shopify/ProductVariant/46336411205927;CL04443;Default Title;13500.0;;5;gid://shopify/Product/8573609705767;Colar Especial De Ouro Branco 18K E Diamante Solitário;5;1;2;CL04443
gid://shopify/ProductVariant/46336427295015;CL04328;Default Title;39000.0;;0;gid://shopify/Product/8573611573543;Colar Especial De Ouro Amarelo E Branco 18K E Diamante Fancy;0;1;1;CL04328
gid://shopify/ProductVariant/46336489095463;BR06473T;Default Title;57000.0;;0;gid://shopify/Product/8573617799463;Brinco Ear Cuff Eterna Rock | Ouro Branco 18K com Ródio Negro e Safiras;0;1;1;BR06473T
gid://shopify/ProductVariant/46336489128231;BR06258T;Default Title;21900.0;;0;gid://shopify/Product/8573617832231;Brinco Eterna Rock | Ouro Branco 18K com Morganita e Diamantes;0;1;1;BR06258T
gid://shopify/ProductVariant/46336489390375;CL06397;Default Title;24000.0;;0;gid://shopify/Product/8573617930535;Colar Eterna Rock | Ouro Branco 18K com Ródio Negro, Kunzita e Diamantes;0;1;1;CL06397
gid://shopify/ProductVariant/46336517308711;BR06392T;Default Title;31000.0;;0;gid://shopify/Product/8573624090919;Brinco Eterna Rock De Ouro Branco 18K E Topázio E Diamante;0;1;1;BR06392T
gid://shopify/ProductVariant/46336525238567;BR03582T;Default Title;44000.0;;0;gid://shopify/Product/8573625237799;Brinco Gala De Ouro Branco 18K Com Ródio Negro E Diamante;0;1;1;BR03582T
gid://shopify/ProductVariant/46336529334567;BR02064T;Default Title;16500.0;;5;gid://shopify/Product/8573626286375;Brinco Galeria De Ouro Amarelo 18K;5;1;2;BR02064T
gid://shopify/ProductVariant/46336531333415;BR02005T;Default Title;23500.0;;5;gid://shopify/Product/8573626679591;Brinco Galeria De Ouro Branco 18K E Diamante;5;1;2;BR02005T
gid://shopify/ProductVariant/46336536477991;CL00331;P;8500.0;;6;gid://shopify/Product/8573628023079;Colar Algema - P | Ouro Amarelo 18K com Diamantes;6;1;4;CL00331
gid://shopify/ProductVariant/46336537592103;CO0866;M;9500.0;;5;gid://shopify/Product/8573628252455;Colar Algema - M | Ouro Amarelo 18K com Diamantes;5;1;4;CO0866
gid://shopify/ProductVariant/46336537854247;CL00098;M;7590.0;;5;gid://shopify/Product/8573628481831;Colar Algema - M | Ouro Branco 18K Com Ródio Negro E Diamantes;5;1;3;CL00098
gid://shopify/ProductVariant/46336540541223;CL00730;P;8500.0;;5;gid://shopify/Product/8573628940583;Colar Algema - P | Ouro Branco 18K Com Ródio Negro E Diamantes;5;1;3;CL00730
gid://shopify/ProductVariant/46336542605607;CL00332;P;8500.0;;6;gid://shopify/Product/8573629301031;Colar Algema - P | Ouro Branco 18K com Diamantes;6;1;5;CL00332
gid://shopify/ProductVariant/46336545063207;CO0857;M;9500.0;;5;gid://shopify/Product/8573629727015;Colar Algema - M | Ouro Branco 18K com Diamantes;5;1;4;CO0857
gid://shopify/ProductVariant/46336546799911;CL00330;P;8500.0;;5;gid://shopify/Product/8573629956391;Colar Algema - P | Ouro Rosa 18K com Diamantes;5;1;4;CL00330
gid://shopify/ProductVariant/46336548995367;PU01335T;P;6800.0;;5;gid://shopify/Product/8573630185767;Pulseira Algeminha De Ouro Amarelo 18K E Diamante - P;5;1;4;PU01335T
gid://shopify/ProductVariant/46336549552423;PU01336T;P;6800.0;;5;gid://shopify/Product/8573630251303;Pulseira Algeminha De Ouro Branco 18K Com Ródio Negro E Diamante - P;5;1;3;PU01336T
gid://shopify/ProductVariant/46336551715111;PU01333T;P;6800.0;;5;gid://shopify/Product/8573630546215;Pulseira Algeminha De Ouro Branco 18K E Diamante - P;5;1;3;PU01333T
gid://shopify/ProductVariant/46336553550119;PU01334T;P;6800.0;;5;gid://shopify/Product/8573630939431;Pulseira Algeminha De Ouro Rosa 18K E Diamante - P;5;1;4;PU01334T
gid://shopify/ProductVariant/46336572752167;BR04304T;Default Title;6800.0;;6;gid://shopify/Product/8573634642215;Brinco First Diamond De Ouro Branco 18K Com Ródio Negro E Diamante;6;1;4;BR04304T
gid://shopify/ProductVariant/46336573538599;BR04305T;Default Title;6800.0;;5;gid://shopify/Product/8573635100967;Brinco First Diamond De Ouro Rosa 18K E Diamante;5;1;4;BR04305T
gid://shopify/ProductVariant/46336573833511;CL01285;Default Title;9800.0;;5;gid://shopify/Product/8573635428647;Colar First Diamond De Ouro Branco 18K Com Ródio Negro E Diamante;5;1;5;CL01285
gid://shopify/ProductVariant/46336574161191;CL01286;Default Title;9800.0;;5;gid://shopify/Product/8573635723559;Colar First Diamond De Ouro Rosa 18K E Diamante;5;1;4;CL01286
gid://shopify/ProductVariant/46336588054823;PI01064;Default Title;4200.0;;6;gid://shopify/Product/8573637853479;Pingente Pequeno De Ouro Amarelo 18K E Diamante;6;1;3;PI01064
gid://shopify/ProductVariant/46336590315815;PI01065;Default Title;4000.0;;6;gid://shopify/Product/8573638148391;Pingente Pequeno De Ouro Amarelo 18K E Diamante;6;1;3;PI01065
gid://shopify/ProductVariant/46336592675111;PI01066;Default Title;4200.0;;5;gid://shopify/Product/8573638541607;Pingente Pequeno De Ouro Branco 18K Com Ródio Negro E Diamante;5;1;3;PI01066
gid://shopify/ProductVariant/46336594510119;PI01067;Default Title;4000.0;;5;gid://shopify/Product/8573638902055;Pingente Pequeno De Ouro Branco 18K Com Ródio Negro E Diamante;5;1;3;PI01067
gid://shopify/ProductVariant/46336597393703;PI01062;Default Title;4200.0;;5;gid://shopify/Product/8573639262503;Pingente Pequeno De Ouro Branco 18K E Diamante;5;1;3;PI01062
gid://shopify/ProductVariant/46336599720231;PI01063;Default Title;4000.0;;7;gid://shopify/Product/8573639622951;Pingente Pequeno De Ouro Branco 18K E Diamante;7;1;3;PI01063
gid://shopify/ProductVariant/46336613384487;BR05791T;Default Title;2600.0;;6;gid://shopify/Product/8573641785639;Brinco Protea De Prata Com Ouro Rosa;6;1;4;BR05791T
gid://shopify/ProductVariant/46336643760423;BR06120T;P;4700.0;;7;gid://shopify/Product/8573647487271;Brinco Leopardo - P | Prata Com Ouro Amarelo 18k;7;1;5;BR06120T
gid://shopify/ProductVariant/46336645759271;BR06121T;M;5400.0;;5;gid://shopify/Product/8573648044327;Brinco Leopardo - M | Prata Com Ouro Amarelo 18k;5;1;5;BR06121T
gid://shopify/ProductVariant/46336646086951;BR06122T;G;6500.0;;5;gid://shopify/Product/8573648372007;Brinco Leopardo - G | Prata Com Ouro Amarelo 18k;5;1;5;BR06122T
gid://shopify/ProductVariant/46336646447399;CL04480;M;8900.0;;6;gid://shopify/Product/8573648732455;Colar Leopardo - Maxi | Prata Com Ouro Amarelo 18k;6;1;5;CL04480
gid://shopify/ProductVariant/46336653000999;BR04822T;Default Title;32500.0;;5;gid://shopify/Product/8573650043175;Brinco Love Ny De Ouro Amarelo 18K E Diamante;5;1;3;BR04822T
gid://shopify/ProductVariant/46336654967079;BR04824T;Default Title;21500.0;;5;gid://shopify/Product/8573650239783;Brinco Ear Cuff Love Ny | Ouro Amarelo 18K;5;1;3;BR04824T
gid://shopify/ProductVariant/46336656113959;BR04833T;Default Title;37000.0;;5;gid://shopify/Product/8573650436391;Brinco Ear Cuff Love Ny | Ouro Amarelo 18K;5;1;3;BR04833T
gid://shopify/ProductVariant/46336657981735;BR04845T;Default Title;24000.0;;5;gid://shopify/Product/8573650796839;Brinco Love Ny De Ouro Amarelo 18K E Diamante;5;1;3;BR04845T
gid://shopify/ProductVariant/46336659980583;BR04849T;Default Title;11500.0;;0;gid://shopify/Product/8573651255591;Brinco Love Ny De Ouro Branco 18K Com Ródio Negro E Diamante;0;1;3;BR04849T
gid://shopify/ProductVariant/46336660963623;BR04820T;Default Title;24000.0;;5;gid://shopify/Product/8573651681575;Brinco Love Ny De Ouro Branco 18K E Diamante;5;1;3;BR04820T
gid://shopify/ProductVariant/46336662864167;BR04847T;Default Title;44900.0;;5;gid://shopify/Product/8573652107559;Brinco Love Ny De Ouro Branco 18K E Diamante;5;1;3;BR04847T
gid://shopify/ProductVariant/46336664207655;BR04850T;Default Title;23700.0;;5;gid://shopify/Product/8573652500775;Brinco Love Ny De Ouro Branco 18K E Diamante;5;1;3;BR04850T
gid://shopify/ProductVariant/46336666075431;BR04852T;Default Title;39500.0;;5;gid://shopify/Product/8573652861223;Brinco Ear Cuff Love Ny | Ouro Branco 18K E Diamantes;5;1;3;BR04852T
gid://shopify/ProductVariant/46336667812135;CL03693;Default Title;77000.0;;5;gid://shopify/Product/8573653123367;Colar Love Ny De Ouro Amarelo 18K;5;1;3;CL03693
gid://shopify/ProductVariant/46336673612071;CL03712;Default Title;82000.0;;5;gid://shopify/Product/8573654499623;Colar Love NY De Ouro Branco 18K E Diamante;5;1;3;CL03712
gid://shopify/ProductVariant/46336675283239;CL03716;M;34500.0;;5;gid://shopify/Product/8573654860071;Colar Love NY De Ouro Branco 18K E Diamante;15;3;2;CL03716
gid://shopify/ProductVariant/46355364610343;BR05260T;Default Title;18850.0;;6;gid://shopify/Product/8577717993767;Brinco Lifestyle De Ouro Amarelo 18K;6;1;2;BR05260T
gid://shopify/ProductVariant/46355364708647;BR05269T;P;31700.0;;0;gid://shopify/Product/8577718092071;Brinco Argola Style - P | Ouro Amarelo 18K;0;1;2;BR05269T
gid://shopify/ProductVariant/46355364806951;BR05271T;Default Title;22000.0;;5;gid://shopify/Product/8577718190375;Brinco Lifestyle De Ouro Amarelo 18K;5;1;2;BR05271T
gid://shopify/ProductVariant/46355365134631;BR05254T;Default Title;21500.0;;5;gid://shopify/Product/8577718288679;Brinco Lifestyle De Ouro Branco 18K Com Ródio Negro E Diamante Negro;5;1;2;BR05254T
gid://shopify/ProductVariant/46355365265703;BR05257T;Default Title;10200.0;;0;gid://shopify/Product/8577718583591;Brinco Ear Cuff Lifestyle | Ouro Branco 18K Com Ródio Negro E Diamantes;0;1;2;BR05257T
gid://shopify/ProductVariant/46355365364007;BR05258T;Default Title;19500.0;;5;gid://shopify/Product/8577718681895;Brinco Lifestyle De Ouro Branco 18K Com Ródio Negro E Diamante E Esmeralda;5;1;2;BR05258T
gid://shopify/ProductVariant/46355366117671;BR05262T;Default Title;19500.0;;5;gid://shopify/Product/8577719206183;Brinco Lifestyle De Ouro Branco 18K Com Ródio Negro E Diamante;5;1;2;BR05262T
gid://shopify/ProductVariant/46355366543655;BR05268T;G;25800.0;;0;gid://shopify/Product/8577719370023;Brinco Lifestyle De Ouro Branco 18K Com Ródio Negro E Diamante - G;0;1;2;BR05268T
gid://shopify/ProductVariant/46355366936871;BR05272T;Default Title;27500.0;;5;gid://shopify/Product/8577719533863;Brinco Lifestyle De Ouro Branco 18K Com Ródio Negro E Diamante;5;1;2;BR05272T
gid://shopify/ProductVariant/46355367067943;BR05392T;Default Title;22500.0;;0;gid://shopify/Product/8577719632167;Brinco Lifestyle De Ouro Branco 18K Com Ródio Negro E Diamante Negro;0;1;2;BR05392T
gid://shopify/ProductVariant/46355367100711;BR05240T;Default Title;29500.0;;5;gid://shopify/Product/8577719664935;Brinco Lifestyle De Ouro Branco 18K E Diamante;5;1;2;BR05240T
gid://shopify/ProductVariant/46355367166247;BR05249T;Default Title;58000.0;;5;gid://shopify/Product/8577719730471;Brinco Lifestyle De Ouro Branco 18K E Diamante;5;1;2;BR05249T
gid://shopify/ProductVariant/46355367231783;BR05256T;Default Title;14500.0;;0;gid://shopify/Product/8577719828775;Brinco Ear Cuff Lifestyle | Ouro Branco 18K E Diamantes;0;1;2;BR05256T
gid://shopify/ProductVariant/46355367297319;BR05259T;P;38000.0;;5;gid://shopify/Product/8577719861543;Brinco Lifestyle De Ouro Branco 18K E Diamante - P;5;1;2;BR05259T
gid://shopify/ProductVariant/46355367330087;BR05261T;Default Title;21000.0;;5;gid://shopify/Product/8577719894311;Brinco Lifestyle De Ouro Branco 18K E Diamante;5;1;2;BR05261T
gid://shopify/ProductVariant/46355367624999;BR05264T;P;41800.0;;0;gid://shopify/Product/8577719992615;Brinco Lifestyle De Ouro Branco 18K E Diamante - P;0;1;2;BR05264T
gid://shopify/ProductVariant/46355368182055;BR05267T;G;31000.0;;0;gid://shopify/Product/8577720156455;Brinco Lifestyle De Ouro Branco 18K E Diamante - G;0;1;2;BR05267T
gid://shopify/ProductVariant/46355368280359;BR05281T;Default Title;1900.0;;0;gid://shopify/Product/8577720221991;Piercing Lifestyle De Ouro Amarelo 18K;0;1;2;BR05281T
gid://shopify/ProductVariant/46355368444199;BR05280T;Default Title;3700.0;;1;gid://shopify/Product/8577720287527;Piercing Lifestyle De Ouro Branco 18K Com Ródio Negro E Diamante;1;1;2;BR05280T
gid://shopify/ProductVariant/46355368509735;BR05283T;Default Title;6200.0;;2;gid://shopify/Product/8577720353063;Piercing Lifestyle De Ouro Branco 18K Com Ródio Negro E Diamante;2;1;2;BR05283T
gid://shopify/ProductVariant/46355368542503;BR05300T;Default Title;6200.0;;0;gid://shopify/Product/8577720385831;Piercing Lifestyle De Ouro Branco 18K Com Ródio Negro E Diamante;0;1;2;BR05300T
gid://shopify/ProductVariant/46355369034023;BR05279T;Default Title;3900.0;;0;gid://shopify/Product/8577720615207;Piercing Lifestyle De Ouro Branco 18K E Diamante;0;1;2;BR05279T
gid://shopify/ProductVariant/46355369165095;BR05282T;Default Title;6900.0;;0;gid://shopify/Product/8577720746279;Piercing Lifestyle De Ouro Branco 18K E Diamante;0;1;2;BR05282T
gid://shopify/ProductVariant/46355369230631;BR05299T;Default Title;5900.0;;0;gid://shopify/Product/8577720811815;Piercing Lifestyle De Ouro Branco 18K E Diamante;0;1;2;BR05299T
gid://shopify/ProductVariant/46355369361703;PU01768T;Default Title;18000.0;;0;gid://shopify/Product/8577720942887;Pulseira Lifestyle De Ouro Branco 18K Com Ródio Negro E Diamante;0;1;2;PU01768T
gid://shopify/ProductVariant/46355369427239;PU01767T;Default Title;25900.0;;0;gid://shopify/Product/8577721008423;Pulseira Line | Ouro Branco 18K com Diamante;0;1;2;PU01767T
gid://shopify/ProductVariant/46355371557159;BR04415T;Default Title;32400.0;;5;gid://shopify/Product/8577722253607;Brinco Orquidea De Ouro Branco 18K E Diamante;5;1;2;BR04415T
gid://shopify/ProductVariant/46355371753767;BR04382T;Default Title;2500.0;;7;gid://shopify/Product/8577722450215;Brinco Orquidea De Prata Com Ouro Rosa E Diamante;7;1;2;BR04382T
gid://shopify/ProductVariant/46355371852071;BR04385T;Default Title;4500.0;;6;gid://shopify/Product/8577722548519;Brinco Orquidea De Prata Com Ouro Rosa E Diamante;6;1;2;BR04385T
gid://shopify/ProductVariant/46355371950375;BR04381T;Default Title;2500.0;;8;gid://shopify/Product/8577722679591;Brinco Orquidea De Prata Com Ródio Negro E Diamante;8;1;2;BR04381T
gid://shopify/ProductVariant/46355372081447;BR04384T;Default Title;4500.0;;6;gid://shopify/Product/8577722777895;Brinco Orquidea De Prata Com Ródio Negro E Diamante;6;1;2;BR04384T
gid://shopify/ProductVariant/46355372966183;CL01318;Default Title;9900.0;;6;gid://shopify/Product/8577723007271;Colar Orquidea De Prata Com Ouro Rosa E Diamante;6;1;2;CL01318
gid://shopify/ProductVariant/46355373031719;PU01661T;M;6900.0;;6;gid://shopify/Product/8577723072807;Pulseira Orquidea De Prata Com Ouro Rosa E Diamante;17;3;2;PU01661T
gid://shopify/ProductVariant/46355374276903;PU01655T;M;6900.0;;5;gid://shopify/Product/8577723334951;Pulseira Orquidea De Prata Com Ródio Negro E Diamante;10;2;2;PU01655T
gid://shopify/ProductVariant/46355391807783;BR05443T;Default Title;3900.0;;5;gid://shopify/Product/8577728413991;Brinco Piscine De Ouro Amarelo 18K - Unitário;5;1;2;BR05443T
gid://shopify/ProductVariant/46355392069927;BR05444T;Default Title;3900.0;;7;gid://shopify/Product/8577728512295;Brinco Piscine De Ouro Amarelo 18K - Unitário;7;1;2;BR05444T
gid://shopify/ProductVariant/46355392168231;BR05449T;Default Title;8800.0;;5;gid://shopify/Product/8577728643367;Brinco Ear Cuff Piscine | Ouro Branco 18K Com Ródio Negro E Diamantes;5;1;2;BR05449T
gid://shopify/ProductVariant/46355392495911;BR05451T;Default Title;4200.0;;5;gid://shopify/Product/8577728905511;Brinco Piscine De Ouro Branco 18K Com Ródio Negro E Diamante - Unitário;5;1;2;BR05451T
gid://shopify/ProductVariant/46355393642791;BR05453T;Default Title;4200.0;;7;gid://shopify/Product/8577729102119;Brinco Piscine - Unitário | Ouro Branco 18K Com Ródio Negro E Diamantes;7;1;2;BR05453T
gid://shopify/ProductVariant/46355393970471;BR05448T;Default Title;11500.0;;6;gid://shopify/Product/8577729200423;Brinco Ear Cuff Piscine | Ouro Branco 18K E Diamantes;6;1;2;BR05448T
gid://shopify/ProductVariant/46355394134311;BR05450T;Default Title;4500.0;;5;gid://shopify/Product/8577729364263;Brinco Piscine De Ouro Branco 18K E Diamante - Unitário;5;1;2;BR05450T
gid://shopify/ProductVariant/46355394232615;BR05452T;Default Title;4500.0;;5;gid://shopify/Product/8577729462567;Brinco Piscine De Ouro Branco 18K E Diamante - Unitário;5;1;2;BR05452T
gid://shopify/ProductVariant/46355394429223;CL04197;Default Title;12500.0;;5;gid://shopify/Product/8577729659175;Colar Piscine De Ouro Amarelo 18K;5;1;2;CL04197
gid://shopify/ProductVariant/46355394625831;CL04199;Default Title;6300.0;;0;gid://shopify/Product/8577729855783;Colar Piscine De Ouro Branco 18K Com Ródio Negro E Diamante;0;1;2;CL04199
gid://shopify/ProductVariant/46355394789671;CL04198;Default Title;12500.0;;6;gid://shopify/Product/8577730019623;Colar Piscine De Ouro Branco 18K E Diamante;6;1;2;CL04198
gid://shopify/ProductVariant/46355394920743;PU01808T;Default Title;3900.0;;5;gid://shopify/Product/8577730150695;Pulseira Piscine De Ouro Amarelo 18K;5;1;3;PU01808T
gid://shopify/ProductVariant/46355414057255;CL04575;Default Title;48000.0;;0;gid://shopify/Product/8577737654567;Colar Pura De Ouro Branco 18K Com Ródio Negro E Esmeralda;0;1;1;CL04575
gid://shopify/ProductVariant/46355414450471;BR03453T;Default Title;9500.0;;5;gid://shopify/Product/8577738015015;Brinco Tlj De Ouro Amarelo 18K E Diamante;5;1;1;BR03453T
gid://shopify/ProductVariant/46355414614311;BR02140T;Default Title;9500.0;;5;gid://shopify/Product/8577738178855;Brinco Tlj De Ouro Branco 18K E Diamante;5;1;2;BR02140T
gid://shopify/ProductVariant/46355414712615;BR01992T;Default Title;9500.0;;5;gid://shopify/Product/8577738277159;Brinco Tlj De Ouro Rosa 18K E Diamante;5;1;1;BR01992T
gid://shopify/ProductVariant/46355414941991;CL01040;Default Title;8500.0;;5;gid://shopify/Product/8577738506535;Colar Tlj De Ouro Amarelo 18K E Diamante;5;1;3;CL01040
gid://shopify/ProductVariant/46355415073063;CL00737;Default Title;4200.0;;0;gid://shopify/Product/8577738670375;Colar Tlj De Ouro Branco 18K Com Ródio Negro E Diamante;0;1;2;CL00737
gid://shopify/ProductVariant/46355415236903;CO0993;Default Title;8500.0;;6;gid://shopify/Product/8577738801447;Colar Tlj De Ouro Rosa 18K E Diamante;6;1;2;CO0993
gid://shopify/ProductVariant/46355437158695;BR05031T;Default Title;3800.0;;6;gid://shopify/Product/8577746141479;Brinco Riviera De Prata Com Ouro Amarelo;6;1;4;BR05031T
gid://shopify/ProductVariant/46355437289767;BR05033T;Default Title;3800.0;;6;gid://shopify/Product/8577746272551;Brinco Riviera De Prata Com Ouro Amarelo;6;1;4;BR05033T
gid://shopify/ProductVariant/46355437584679;CL03879;Default Title;4900.0;;5;gid://shopify/Product/8577746403623;Colar Riviera De Prata Com Ouro Amarelo;5;1;3;CL03879
gid://shopify/ProductVariant/46355448398119;BR06522T;Default Title;220000.0;;0;gid://shopify/Product/8577749844263;Brinco Vita Eterna | Ouro Amarelo e Branco 18K com Diamantes e Esmeraldas;0;1;1;BR06522T
gid://shopify/ProductVariant/46355448955175;BR06452T;P;12900.0;;5;gid://shopify/Product/8577750237479;Piercing Savage De Ouro Branco 18K E Diamante - P;5;1;1;BR06452T
gid://shopify/ProductVariant/46355449151783;BR06454T;M;17500.0;;0;gid://shopify/Product/8577750368551;Piercing Savage De Ouro Branco 18K E Diamante - M;0;1;1;BR06454T
gid://shopify/ProductVariant/46355450167591;BR04907T;Default Title;37000.0;;0;gid://shopify/Product/8577750892839;Brinco Voyeur De Ouro Branco 18K Com Ródio Negro E Diamante;0;1;3;BR04907T
gid://shopify/ProductVariant/46355450298663;BR04908T;Default Title;12800.0;;0;gid://shopify/Product/8577751023911;Brinco Voyeur De Ouro Branco 18K Com Ródio Negro E Diamante Negro;0;1;2;BR04908T
gid://shopify/ProductVariant/46355450396967;BR04910T;Default Title;12500.0;;0;gid://shopify/Product/8577751122215;Brinco Voyeur De Ouro Branco 18K Com Ródio Negro E Diamante;0;1;2;BR04910T
gid://shopify/ProductVariant/46355451609383;BR04911T;Default Title;6400.0;;0;gid://shopify/Product/8577751187751;Brinco Voyeur De Ouro Branco 18K Com Ródio Negro E Diamante Negro - Unitário;0;1;3;BR04911T
gid://shopify/ProductVariant/46355451707687;BR04914T;Default Title;45090.0;;0;gid://shopify/Product/8577751286055;Brinco Ear Cuff Voyeur | Ouro Branco 18K Com Ródio Negro E Diamantes;0;1;4;BR04914T
gid://shopify/ProductVariant/46355451805991;BR04915T;Default Title;25000.0;;5;gid://shopify/Product/8577751384359;Brinco Ear Cuff Voyeur | Ouro Branco 18K Com Ródio Negro E Diamantes Negros;5;1;4;BR04915T
gid://shopify/ProductVariant/46355451937063;BR04917T;Default Title;120000.0;;0;gid://shopify/Product/8577751515431;Brinco Voyeur De Ouro Branco 18K Com Ródio Negro E Diamante;0;1;2;BR04917T
gid://shopify/ProductVariant/46355452002599;BR04918T;Default Title;62000.0;;5;gid://shopify/Product/8577751580967;Brinco Voyeur De Ouro Branco 18K Com Ródio Negro E Diamante Negro;5;1;3;BR04918T
gid://shopify/ProductVariant/46355452166439;BR04924T;Default Title;38500.0;;0;gid://shopify/Product/8577751744807;Brinco Voyeur De Ouro Branco 18K Com Ródio Negro E Diamante E Safira;0;1;4;BR04924T
gid://shopify/ProductVariant/46355452264743;BR04925T;Default Title;39500.0;;0;gid://shopify/Product/8577751843111;Brinco Voyeur De Ouro Branco 18K Com Ródio Negro E Diamante E Esmeralda;0;1;3;BR04925T
gid://shopify/ProductVariant/46355452363047;BR04913T;Default Title;56500.0;;5;gid://shopify/Product/8577751941415;Brinco Ear Cuff Voyeur | Ouro Branco 18K E Diamantes;5;1;4;BR04913T
gid://shopify/ProductVariant/46355452625191;BR04916T;Default Title;169000.0;;5;gid://shopify/Product/8577752105255;Brinco Voyeur De Ouro Branco 18K E Diamante;5;1;2;BR04916T
gid://shopify/ProductVariant/46355452690727;BR04922T;Default Title;44900.0;;5;gid://shopify/Product/8577752170791;Brinco Ear Cuff Voyeur | Ouro Branco 18K com Diamantes E Safira;5;1;4;BR04922T
gid://shopify/ProductVariant/46355452821799;BR04923T;Default Title;44900.0;;6;gid://shopify/Product/8577752301863;Brinco Ear Cuff Voyeur | Ouro Branco 18K com Diamantes E Esmeralda;6;1;4;BR04923T
gid://shopify/ProductVariant/46355453640999;CL03837;Default Title;57000.0;;0;gid://shopify/Product/8577752400167;Colar Voyeur De Ouro Branco 18K Com Ródio Negro E Diamante;0;1;3;CL03837
gid://shopify/ProductVariant/46355453772071;CL03838;Default Title;49000.0;;5;gid://shopify/Product/8577752531239;Colar Voyeur De Ouro Branco 18K Com Ródio Negro E Diamante Negro;5;1;2;CL03838
gid://shopify/ProductVariant/46355454099751;CL03832;Default Title;110000.0;;5;gid://shopify/Product/8577752695079;Colar Voyeur De Ouro Branco 18K E Diamante;5;1;3;CL03832
gid://shopify/ProductVariant/46355454165287;BR04920T;Default Title;6500.0;;5;gid://shopify/Product/8577752760615;Piercing Voyeur De Ouro Branco 18K Com Ródio Negro E Esmeralda;5;1;3;BR04920T
gid://shopify/ProductVariant/46355454394663;PU01704T;M;29000.0;;0;gid://shopify/Product/8577752891687;Pulseira Voyeur De Ouro Branco 18K Com Ródio Negro E Diamante - M;0;1;3;PU01704T
gid://shopify/ProductVariant/46355455148327;PU01705T;M;30000.0;;5;gid://shopify/Product/8577752989991;Pulseira Voyeur De Ouro Branco 18K Com Ródio Negro E Diamante Negro - M;5;1;3;PU01705T
gid://shopify/ProductVariant/46355473727783;BR03065T;Default Title;20190.0;;5;gid://shopify/Product/8577761902887;Brinco Ear Cuff Universo | Ouro Branco 18K Com Ródio Negro E Safiras;5;1;3;BR03065T
gid://shopify/ProductVariant/46355477070119;BR03066T;Default Title;22000.0;;5;gid://shopify/Product/8577761968423;Brinco Ear Cuff Universo | Ouro Branco 18K Com Ródio Negro E Esmeraldas;5;1;3;BR03066T
gid://shopify/ProductVariant/46355477201191;BR03067T;Default Title;18000.0;;5;gid://shopify/Product/8577762099495;Brinco Ear Cuff Universo | Ouro Branco 18K Com Ródio Negro E Rubis;5;1;3;BR03067T
gid://shopify/ProductVariant/46355477397799;BR03071T;Default Title;39000.0;;6;gid://shopify/Product/8577762230567;Brinco Ear Cuff Universo| Ouro Branco 18K Com Ródio Negro E Diamantes Negros;6;1;3;BR03071T
gid://shopify/ProductVariant/46355477528871;BR03110T;Default Title;12300.0;;5;gid://shopify/Product/8577762361639;Brinco Ear Cuff Universo | Ouro Branco 18K Com Ródio Negro E Diamantes Negros;5;1;3;BR03110T
gid://shopify/ProductVariant/46355477594407;BR03150T;Default Title;36200.0;;5;gid://shopify/Product/8577762427175;Brinco Ear Cuff Universo | Ouro Branco 18K Com Ródio Negro E Diamantes;5;1;3;BR03150T
gid://shopify/ProductVariant/46355477823783;BR05002T;Default Title;35900.0;;6;gid://shopify/Product/8577762656551;Brinco Ear Cuff Universo | Ouro Branco 18K Com Ródio Negro E Diamantes;6;1;2;BR05002T
gid://shopify/ProductVariant/46355477922087;BR03063T;Default Title;25500.0;;5;gid://shopify/Product/8577762754855;Brinco Ear Cuff Universo | Ouro Branco 18K E Diamantes;5;1;3;BR03063T
gid://shopify/ProductVariant/46355478053159;BR03070T;Default Title;61000.0;;6;gid://shopify/Product/8577762885927;Brinco Ear Cuff Universo | Ouro Branco 18K E Diamantes;6;1;3;BR03070T
gid://shopify/ProductVariant/46355478184231;BR04906T;Default Title;46500.0;;5;gid://shopify/Product/8577763016999;Brinco Ear Cuff Universo | Ouro Branco 18K E Diamantes;5;1;3;BR04906T
gid://shopify/ProductVariant/46355489784103;BR05598T;Default Title;1250.0;;0;gid://shopify/Product/8577767112999;Brinco White Chain - Unitário | Prata Com Ouro Branco 18k;0;1;3;BR05598T
gid://shopify/ProductVariant/46355490537767;BR05599T;Default Title;980.0;;0;gid://shopify/Product/8577767375143;Brinco White Chain | Prata Com Ouro Branco 18k;0;1;3;BR05599T
gid://shopify/ProductVariant/46355491062055;CL04260;G;12500.0;;5;gid://shopify/Product/8577767571751;Colar White Chain - G | Prata Com Ouro Branco 18K;5;1;3;CL04260
gid://shopify/ProductVariant/46355491979559;BR06049T;P;7200.0;;0;gid://shopify/Product/8577768292647;Brinco We Love Sapphire De Ouro Amarelo 18K E Safira - P;0;1;4;BR06049T
gid://shopify/ProductVariant/46355492077863;BR06050T;G;16700.0;;0;gid://shopify/Product/8577768390951;Brinco We Love Sapphire De Ouro Amarelo 18K E Safira - G;0;1;4;BR06050T
gid://shopify/ProductVariant/46355492471079;BR06051T;P;21900.0;;5;gid://shopify/Product/8577768489255;Brinco Ear Cuff We Love Sapphire - P | Ouro Amarelo 18K E Diamantes;5;1;3;BR06051T
gid://shopify/ProductVariant/46355492700455;BR06053T;P;16500.0;;5;gid://shopify/Product/8577768685863;Brinco We Love Sapphire De Ouro Amarelo 18K E Diamante - P;5;1;4;BR06053T
gid://shopify/ProductVariant/46355494469927;BR06054T;G;42000.0;;5;gid://shopify/Product/8577768915239;Brinco We Love Sapphire De Ouro Amarelo 18K E Diamante - G;5;1;4;BR06054T
gid://shopify/ProductVariant/46355494568231;BR06062T;P;14500.0;;5;gid://shopify/Product/8577769013543;Brinco Ear Cuff We Love Sapphire - P | Ouro Branco 18K Com Ródio Negro E Safiras;5;1;3;BR06062T
gid://shopify/ProductVariant/46355494633767;BR06063T;P;14500.0;;5;gid://shopify/Product/8577769079079;Brinco Ear Cuff We Love Sapphire - P | Ouro Branco 18K Com Ródio Negro E Safiras;5;1;3;BR06063T
gid://shopify/ProductVariant/46355494764839;BR06064T;P;18500.0;;5;gid://shopify/Product/8577769177383;Brinco Ear Cuff We Love Sapphire  - P | Ouro Branco 18K Com Ródio Negro E Diamante;5;1;3;BR06064T
gid://shopify/ProductVariant/46355494895911;BR06068T;P;10900.0;;5;gid://shopify/Product/8577769308455;Brinco We Love Sapphire De Ouro Branco 18K Com Ródio Negro E Safira - P;5;1;4;BR06068T
gid://shopify/ProductVariant/46355494961447;BR06069T;P;10900.0;;5;gid://shopify/Product/8577769373991;Brinco We Love Sapphire De Ouro Branco 18K Com Ródio Negro E Safira - P;5;1;3;BR06069T
gid://shopify/ProductVariant/46355498303783;BR06070T;P;15000.0;;5;gid://shopify/Product/8577769537831;Brinco We Love Sapphire De Ouro Branco 18K Com Ródio Negro E Diamante - P;5;1;4;BR06070T
gid://shopify/ProductVariant/46355498696999;BR06072T;G;25500.0;;5;gid://shopify/Product/8577769734439;Brinco We Love Sapphire De Ouro Branco 18K Com Ródio Negro E Safira - G;5;1;4;BR06072T
gid://shopify/ProductVariant/46355502170407;BR06073T;G;25500.0;;5;gid://shopify/Product/8577769898279;Brinco We Love Sapphire De Ouro Branco 18K Com Ródio Negro E Safira - G;5;1;4;BR06073T
gid://shopify/ProductVariant/46355502530855;BR06074T;G;34000.0;;5;gid://shopify/Product/8577770094887;Brinco We Love Sapphire De Ouro Branco 18K Com Ródio Negro E Diamante - G;5;1;4;BR06074T
gid://shopify/ProductVariant/46355502694695;BR06105T;G;14000.0;;5;gid://shopify/Product/8577770258727;Brinco Ear Cuff We Love Sapphire  - G | Ouro Branco 18K Com Ródio Negro E Safiras;5;1;2;BR06105T
gid://shopify/ProductVariant/46355502760231;BR06055T;P;14500.0;;5;gid://shopify/Product/8577770324263;Brinco Ear Cuff We Love Sapphire - P | Ouro Rosa 18K E Safiras;5;1;3;BR06055T
gid://shopify/ProductVariant/46355502891303;BR06056T;G;14000.0;;5;gid://shopify/Product/8577770455335;Brinco Ear Cuff We Love Sapphire - G | Ouro Rosa 18K E Safiras;5;1;3;BR06056T
gid://shopify/ProductVariant/46355503087911;BR06057T;P;10900.0;;5;gid://shopify/Product/8577770651943;Brinco We Love Sapphire De Ouro Rosa 18K E Safira - P;5;1;4;BR06057T
gid://shopify/ProductVariant/46355503382823;BR06058T;G;26500.0;;5;gid://shopify/Product/8577770848551;Brinco We Love Sapphire De Ouro Rosa 18K E Safira - G;5;1;4;BR06058T
gid://shopify/ProductVariant/46355503513895;BR06059T;Default Title;21900.0;;5;gid://shopify/Product/8577770979623;Brinco Ear Cuff We Love Sapphire | Ouro Rosa 18K E Diamantes;5;1;3;BR06059T
gid://shopify/ProductVariant/46355505545511;BR06061T;P;15000.0;;5;gid://shopify/Product/8577771208999;Brinco Argola Sapphire - P | Ouro Rosa 18K com Diamante;5;1;4;BR06061T
gid://shopify/ProductVariant/46355505643815;BR06071T;G;34000.0;;5;gid://shopify/Product/8577771307303;Brinco We Love Sapphire De Ouro Rosa 18K E Diamante - G;5;1;4;BR06071T
gid://shopify/ProductVariant/46355505807655;PI01364;Default Title;8900.0;;5;gid://shopify/Product/8577771438375;Piercing We Love Sapphire De Ouro Amarelo 18K E Diamante;5;1;3;PI01364
gid://shopify/ProductVariant/46355505873191;PI01457;Default Title;9900.0;;5;gid://shopify/Product/8577771503911;Piercing We Love Sapphire De Ouro Branco 18K E Diamante;5;1;2;PI01457
gid://shopify/ProductVariant/46355506004263;PI01365;Default Title;3500.0;;0;gid://shopify/Product/8577771667751;Piercing We Love Sapphire De Ouro Rosa 18K E Safira;0;1;3;PI01365
gid://shopify/ProductVariant/46355507872039;BR05983T;G;3400.0;;10;gid://shopify/Product/8577772454183;Brinco Dois Elos Pop Chain - G | Prata Com Ouro Amarelo 18K;10;1;3;BR05983T
gid://shopify/ProductVariant/46355508166951;BR05987T;Default Title;2900.0;;8;gid://shopify/Product/8577772618023;Brinco Dois Elos Pop Chain - P | Prata Com Ouro Amarelo 18k;8;1;3;BR05987T
gid://shopify/ProductVariant/46355508265255;BR05991T;Default Title;2900.0;;5;gid://shopify/Product/8577772716327;Brinco Ear Hook Pop Chain | Prata Com Ouro Amarelo 18K;5;1;3;BR05991T
gid://shopify/ProductVariant/46355508396327;BR05995T;Default Title;1600.0;;8;gid://shopify/Product/8577772814631;Brinco Argola Pop Chain - Mini | Prata Com Ouro Amarelo 18K;8;1;3;BR05995T
gid://shopify/ProductVariant/46355508527399;BR05999T;Default Title;1200.0;;0;gid://shopify/Product/8577772945703;Brinco Peace & Love Pop Chain | Prata Com Ouro Amarelo 18K;0;1;3;BR05999T
gid://shopify/ProductVariant/46355508625703;BR05984T;G;3200.0;;0;gid://shopify/Product/8577773076775;Brinco Dois Elos Pop Chain - G | Prata Com Ródio Negro;0;1;3;BR05984T
gid://shopify/ProductVariant/46355510559015;BR05988T;P;2200.0;;0;gid://shopify/Product/8577773306151;Brinco Dois Elos Pop Chain - P | Prata Com Ródio Negro;0;1;3;BR05988T
gid://shopify/ProductVariant/46355510821159;BR05992T;Default Title;1500.0;;0;gid://shopify/Product/8577773404455;Brinco Ear Hook Pop Chain | Prata Com Ródio Negro;0;1;3;BR05992T
gid://shopify/ProductVariant/46355510952231;BR05996T;Default Title;1600.0;;0;gid://shopify/Product/8577773502759;Brinco Argola Pop Chain - Mini | Prata Com Ródio Negro;0;1;3;BR05996T
gid://shopify/ProductVariant/46355511148839;CL04429;Default Title;6900.0;;6;gid://shopify/Product/8577773699367;Colar Pop Chain | Prata Com Ouro Amarelo 18K;6;1;3;CL04429
gid://shopify/ProductVariant/46355511312679;CL04430;Default Title;3500.0;;0;gid://shopify/Product/8577773797671;Colar Pop Chain De Prata Com Ródio Negro;0;1;3;CL04430
gid://shopify/ProductVariant/46355511476519;BR06004T;Default Title;1200.0;;6;gid://shopify/Product/8577773928743;Piercing Pop Chain | Prata Com Ouro Amarelo 18K;6;1;2;BR06004T
gid://shopify/ProductVariant/46355511607591;PI01341;G;1700.0;;0;gid://shopify/Product/8577774059815;Pingente Pop Chain - G | Prata Com Ouro Amarelo 18k;0;1;3;PI01341
gid://shopify/ProductVariant/46355513213223;PI01345;P;950.0;;2;gid://shopify/Product/8577774289191;Pingente Pop Chain - P | Prata Com Ouro Amarelo 18k;2;1;4;PI01345
gid://shopify/ProductVariant/46355513573671;PI01350;Default Title;1200.0;;0;gid://shopify/Product/8577774453031;Pingente Pop Chain - G | Prata Com Ouro Amarelo 18k;0;1;4;PI01350
gid://shopify/ProductVariant/46355513737511;PI01342;G;1200.0;;2;gid://shopify/Product/8577774518567;Pingente Pop Chain - G | Prata Com Ródio Negro;2;1;4;PI01342
gid://shopify/ProductVariant/46355513901351;PI01346;P;800.0;;2;gid://shopify/Product/8577774649639;Pingente Pop Chain - P | Prata Com Ródio Negro;2;1;4;PI01346
gid://shopify/ProductVariant/46355514261799;PI01351;Default Title;1000.0;;1;gid://shopify/Product/8577774780711;Pingente Pop Chain - G | Prata Com Ródio Negro;1;1;4;PI01351
gid://shopify/ProductVariant/46355517276455;BR05782T;Default Title;4900.0;;6;gid://shopify/Product/8577776189735;Brinco Rock&Hot De Prata Com Ouro Amarelo;6;1;3;BR05782T
gid://shopify/ProductVariant/46355517669671;BR05783T;Default Title;4100.0;;6;gid://shopify/Product/8577776320807;Brinco Rock&Hot De Prata Com Ouro Amarelo E Ágata;6;1;2;BR05783T
gid://shopify/ProductVariant/46355517735207;BR05784T;Default Title;3600.0;;5;gid://shopify/Product/8577776386343;Brinco Rock&Hot De Prata Com Ouro Amarelo;5;1;2;BR05784T
gid://shopify/ProductVariant/46355517767975;BR05849T;GG;7500.0;;5;gid://shopify/Product/8577776419111;Brinco Rock&Hot De Prata Com Ouro Amarelo - GG;5;1;2;BR05849T
gid://shopify/ProductVariant/46355517899047;CL04336;Default Title;8500.0;;6;gid://shopify/Product/8577776550183;Colar Rock&Hot De Prata Com Ouro Amarelo;6;1;2;CL04336
gid://shopify/ProductVariant/46355517931815;PU01915T;M;3800.0;;6;gid://shopify/Product/8577776582951;Pulseira Rock&Hot De Prata Com Ouro Amarelo - M;6;1;3;PU01915T
gid://shopify/ProductVariant/46355519308071;BR06155T;M;12000.0;;5;gid://shopify/Product/8577777893671;Brinco Ear Cuff Rock Star - M | Ouro Branco 18K com Ródio Negro e Rubi;5;1;2;BR06155T
gid://shopify/ProductVariant/46355519373607;BR06159T;P;8900.0;;5;gid://shopify/Product/8577777959207;Brinco Ear Cuff Rock Star - P | Ouro Branco 18K com Ródio Negro e Diamantes Negros;5;1;2;BR06159T
gid://shopify/ProductVariant/46355519439143;BR06168T;Default Title;11000.0;;0;gid://shopify/Product/8577778024743;Brinco Rock Star | Ouro Branco 18K Com Ródio Negro, Diamantes E Safiras;0;1;2;BR06168T
gid://shopify/ProductVariant/46355519504679;BR06170T;Default Title;13000.0;;5;gid://shopify/Product/8577778090279;Brinco Rock Star | Ouro Branco 18K Com Ródio Negro E Diamantes;5;1;2;BR06170T
gid://shopify/ProductVariant/46355519635751;BR06171T;Default Title;13000.0;;5;gid://shopify/Product/8577778221351;Brinco Rock Star | Ouro Branco 18K Com Ródio Negro, Diamantes E Esmeraldas;5;1;2;BR06171T
gid://shopify/ProductVariant/46355519865127;BR06172T;Default Title;11000.0;;5;gid://shopify/Product/8577778417959;Brinco Rock Star | Ouro Branco 18K Com Ródio Negro, Diamantes e Rubis;5;1;2;BR06172T
gid://shopify/ProductVariant/46355520192807;BR06173T;Default Title;11000.0;;5;gid://shopify/Product/8577778581799;Brinco Rock Star | Ouro Branco 18K Com Ródio Negro, Diamantes e Safiras;5;1;2;BR06173T
gid://shopify/ProductVariant/46355520454951;BR06174T;Default Title;11000.0;;0;gid://shopify/Product/8577778680103;Brinco Rock Star | Ouro Branco 18K Com Ródio Negro, Diamantes E Safiras;0;1;2;BR06174T
gid://shopify/ProductVariant/46355520520487;BR06175T;G;18900.0;;5;gid://shopify/Product/8577778745639;Brinco Ear Cuff Rock Star - G | Ouro Branco 18K com Ródio Negro e Safiras;5;1;2;BR06175T
gid://shopify/ProductVariant/46355520815399;BR06176T;G;18900.0;;5;gid://shopify/Product/8577778843943;Brinco Ear Cuff Rock Star - G | Ouro Branco 18K com Ródio Negro e Safiras;5;1;2;BR06176T
gid://shopify/ProductVariant/46355521044775;BR06177T;Default Title;12500.0;;0;gid://shopify/Product/8577779007783;Brinco Rock Star | Ouro Branco 18K Com Ródio Negro, Diamantes e Safiras;0;1;2;BR06177T
gid://shopify/ProductVariant/46355521208615;BR06178T;M;14000.0;;5;gid://shopify/Product/8577779171623;Brinco Ear Cuff Rock Star - M | Ouro Branco 18K com Ródio Negro e Esmeraldas;5;1;2;BR06178T
gid://shopify/ProductVariant/46355521274151;BR06179T;M;12000.0;;5;gid://shopify/Product/8577779204391;Brinco Ear Cuff Rock Star - M | Ouro Branco 18K com Ródio Negro e Safiras;5;1;2;BR06179T
gid://shopify/ProductVariant/46355521339687;BR06192T;P;12000.0;;5;gid://shopify/Product/8577779269927;Brinco Ear Cuff Rock Star - P | Ouro Branco 18K com Ródio Negro e Diamantes;5;1;2;BR06192T
gid://shopify/ProductVariant/46355521503527;BR06252T;M;8900.0;;5;gid://shopify/Product/8577779433767;Brinco Ear Cuff Rock Star - M | Ouro Branco 18K com Ródio Negro e Safiras;5;1;1;BR06252T
gid://shopify/ProductVariant/46355521601831;BR06152T;Default Title;17000.0;;6;gid://shopify/Product/8577779532071;Brinco Rock Star | Ouro Branco 18K E Diamante;6;1;2;BR06152T
gid://shopify/ProductVariant/46355521700135;BR06158T;P;16500.0;;6;gid://shopify/Product/8577779630375;Brinco Ear Cuff Rock Star - P | Ouro Branco 18K e Diamantes;6;1;2;BR06158T
gid://shopify/ProductVariant/46355523174695;PU01999T;P;36000.0;;5;gid://shopify/Product/8577780908327;Pulseira Rock Star De Ouro Branco 18K Com Ródio Negro E Diamante Negro;15;3;3;PU01999T
gid://shopify/ProductVariant/46355523895591;PU02001T;P;33000.0;;5;gid://shopify/Product/8577781530919;Pulseira Rock Star De Ouro Branco 18K Com Ródio Negro E Safira;15;3;3;PU02001T
gid://shopify/ProductVariant/46355524452647;PU02003T;P;35000.0;;5;gid://shopify/Product/8577782022439;Pulseira Rock Star De Ouro Branco 18K Com Ródio Negro E Esmeralda;15;3;3;PU02003T
gid://shopify/ProductVariant/46355525271847;PU02006T;P;44500.0;;5;gid://shopify/Product/8577782710567;Pulseira Rock Star De Ouro Branco 18K Com Ródio Negro E Diamante;15;3;3;PU02006T
gid://shopify/ProductVariant/46355525501223;PU03422T;P;33000.0;;5;gid://shopify/Product/8577782972711;Pulseira Rock Star De Ouro Branco 18K Com Ródio Negro E Rubi;15;3;3;PU03422T
gid://shopify/ProductVariant/46355527827751;PU01997T;P;51000.0;;5;gid://shopify/Product/8577784316199;Pulseira Rock Star De Ouro Branco 18K E Diamante;15;3;3;PU01997T
gid://shopify/ProductVariant/46355606274343;BR05350T;P;2900.0;;5;gid://shopify/Product/8577837564199;Brinco Pop De Prata Com Ouro Amarelo - P;5;1;4;BR05350T
gid://shopify/ProductVariant/46355606536487;BR05351T;M;3500.0;;6;gid://shopify/Product/8577837793575;Brinco Pop De Prata Com Ouro Amarelo - M;6;1;5;BR05351T
gid://shopify/ProductVariant/46355606831399;BR05352T;G;3900.0;;7;gid://shopify/Product/8577838088487;Brinco Pop De Prata Com Ouro Amarelo - G;7;1;4;BR05352T
gid://shopify/ProductVariant/46355607028007;BR05353T;Default Title;3600.0;;8;gid://shopify/Product/8577838285095;Brinco Pop | Prata Com Ouro Amarelo 18k;8;1;4;BR05353T
gid://shopify/ProductVariant/46355607814439;CO01278;Default Title;1500.0;;10;gid://shopify/Product/8577838448935;Corrente Pop De Prata Com Ouro Amarelo, 60cm.;10;1;3;CO01278
gid://shopify/ProductVariant/46355607912743;CO01279;Default Title;1900.0;;8;gid://shopify/Product/8577838547239;Corrente Pop De Prata Com Ouro Amarelo, 80cm.;8;1;3;CO01279
gid://shopify/ProductVariant/46355608142119;CO01280;Default Title;2200.0;;8;gid://shopify/Product/8577838711079;Corrente Pop De Prata Com Ouro Amarelo, 60cm.;8;1;3;CO01280
gid://shopify/ProductVariant/46355608273191;CO01281;Default Title;2800.0;;9;gid://shopify/Product/8577838842151;Corrente Pop De Prata Com Ouro Amarelo, 80cm.;9;1;3;CO01281
gid://shopify/ProductVariant/46355608404263;CO01282;Default Title;1100.0;;6;gid://shopify/Product/8577838973223;Corrente Pop De Prata Com Ouro Amarelo, 50Cm.;6;1;2;CO01282
gid://shopify/ProductVariant/46355630096679;BR06544T;Default Title;3900.0;;5;gid://shopify/Product/8577852866855;Brinco Mare | Prata com Ouro Amarelo 18K e Pérolas;5;1;5;BR06544T
gid://shopify/ProductVariant/46355630719271;BR06545T;Default Title;3200.0;;6;gid://shopify/Product/8577852965159;Brinco Mare | Prata com Ouro Amarelo 18K;6;1;3;BR06545T
gid://shopify/ProductVariant/46355631440167;BR06546T;Default Title;3900.0;;0;gid://shopify/Product/8577853194535;Brinco Mare Madrepérola Branca | Prata com Ouro Amarelo 18k;0;1;3;BR06546T
gid://shopify/ProductVariant/46355633602855;BR06547T;Default Title;5800.0;;6;gid://shopify/Product/8577853358375;Brinco Mare Duplo Maxi | Prata com ouro amarelo 18K;6;1;4;BR06547T
gid://shopify/ProductVariant/46355634782503;BR06549T;Default Title;1200.0;;5;gid://shopify/Product/8577853587751;Brinco Mare - Unitário | Prata com Ouro Amarelo e Pérola;5;1;3;BR06549T
gid://shopify/ProductVariant/46355635962151;BR06554T;Default Title;3900.0;;0;gid://shopify/Product/8577853718823;Brinco Mare Madrepérola Negra | Prata com Ouro Amarelo 18K;0;1;3;BR06554T
gid://shopify/ProductVariant/46355635994919;BR06559T;Default Title;2600.0;;9;gid://shopify/Product/8577853751591;Brinco Mare Mini | Prata com Ouro Amarelo 18k;9;1;4;BR06559T
gid://shopify/ProductVariant/46355636060455;BR06560T;Default Title;850.0;;5;gid://shopify/Product/8577853817127;Brinco Mare - Unitário | Prata com Ouro Amarelo 18K;5;1;3;BR06560T
gid://shopify/ProductVariant/46355636191527;CL04619;P;2600.0;;6;gid://shopify/Product/8577853948199;Colar Mare - P | Prata com Ouro Amarelo 18K;6;1;4;CL04619
gid://shopify/ProductVariant/46355636224295;CL04621;M;3500.0;;7;gid://shopify/Product/8577853980967;Colar Mare - M | Prata com Ouro Amarelo 18K;7;1;3;CL04621
gid://shopify/ProductVariant/46355638059303;CL04622;G;4600.0;;5;gid://shopify/Product/8577854243111;Colar Mare - G | Prata com Ouro Amarelo 18K;5;1;3;CL04622
gid://shopify/ProductVariant/46355641073959;CL04631;Default Title;9900.0;;6;gid://shopify/Product/8577854800167;Colar MARE Maxi | Prata com Ouro Amarelo 18K;6;1;3;CL04631
gid://shopify/ProductVariant/46355645202727;PI01495;Default Title;1200.0;;6;gid://shopify/Product/8577855422759;Piercing Mare | Prata com Ouro Amarelo 18K;6;1;3;PI01495
gid://shopify/ProductVariant/46355669713191;PI01496;Default Title;1600.0;;6;gid://shopify/Product/8577858339111;Piercing Mare | Prata com Ouro Amarelo 18K e Madrepérolas;6;1;5;PI01496
gid://shopify/ProductVariant/46355678658855;BR06486T;Default Title;17900.0;;5;gid://shopify/Product/8577859551527;Brinco Dolce | Ouro Amarelo 18K com Lápis Lazúli;5;1;3;BR06486T
gid://shopify/ProductVariant/46355679904039;BR06488T;Default Title;17900.0;;5;gid://shopify/Product/8577859715367;Brinco Dolce | Ouro Amarelo 18K e Ágata;5;1;3;BR06488T
gid://shopify/ProductVariant/46355681050919;BR06489T;Default Title;17900.0;;0;gid://shopify/Product/8577859879207;Brinco Dolce | Ouro Amarelo 18K e Quartzo;0;1;3;BR06489T
gid://shopify/ProductVariant/46355681640743;BR06490T;Default Title;17900.0;;5;gid://shopify/Product/8577860010279;Brinco Dolce | Ouro Amarelo 18K com Malaquita;5;1;3;BR06490T
gid://shopify/ProductVariant/46355682885927;BR06491T;Default Title;24800.0;;5;gid://shopify/Product/8577860174119;Brinco Vita | Ouro Amarelo 18K com Ágata e Diamantes;5;1;3;BR06491T
gid://shopify/ProductVariant/46355684229415;BR06493T;Default Title;24800.0;;0;gid://shopify/Product/8577860370727;Brinco Vita | Ouro Amarelo 18K com Lápis Lazúli e Diamantes;0;1;3;BR06493T
gid://shopify/ProductVariant/46355684819239;BR06495T;Default Title;24800.0;;5;gid://shopify/Product/8577860469031;Brinco Vita | Ouro Amarelo 18K com Coral e Diamantes;5;1;3;BR06495T
gid://shopify/ProductVariant/46355685441831;BR06496T;Default Title;24800.0;;5;gid://shopify/Product/8577860600103;Brinco Vita | Ouro Amarelo 18K com Malaquita e Diamantes;5;1;3;BR06496T
gid://shopify/ProductVariant/46355686621479;BR06497T;Default Title;24800.0;;5;gid://shopify/Product/8577860796711;Brinco Vita | Ouro Amarelo 18K com Turquesa e Diamantes;5;1;3;BR06497T
gid://shopify/ProductVariant/46355687801127;BR06500T;Default Title;32000.0;;0;gid://shopify/Product/8577860960551;Brinco Duo Vita | Ouro Amarelo 18K com Malaquita e Diamantes;0;1;3;BR06500T
gid://shopify/ProductVariant/46355689046311;BR06501T;Default Title;50750.0;;5;gid://shopify/Product/8577861157159;Brinco Duo Vita | Ouro Amarelo 18K com Ágata e Diamantes;5;1;3;BR06501T
gid://shopify/ProductVariant/46355689701671;BR06502T;Default Title;52450.0;;5;gid://shopify/Product/8577861320999;Brinco Duo Vita | Ouro Amarelo 18K com Ágata e Diamantes;5;1;3;BR06502T
gid://shopify/ProductVariant/46355690291495;BR06506T;Default Title;34850.0;;5;gid://shopify/Product/8577861419303;Brinco Duo Dolce | Ouro Amarelo 18K e Ágata;5;1;3;BR06506T
gid://shopify/ProductVariant/46355690422567;BR06508T;Default Title;36250.0;;5;gid://shopify/Product/8577861484839;Brinco Duo Dolce | Ouro Amarelo 18K e Ágata;5;1;3;BR06508T
gid://shopify/ProductVariant/46355690520871;BR06503T;Default Title;34590.0;;0;gid://shopify/Product/8577861583143;Brinco Duo Dolce | Ouro Rosa 18K e Opalas;0;1;3;BR06503T
gid://shopify/ProductVariant/46355691143463;CO01329;Default Title;21000.0;;5;gid://shopify/Product/8577861714215;Corrente Dolce Vita | Ouro Amarelo 18K;5;1;2;CO01329
gid://shopify/ProductVariant/46355691208999;CO01331;Default Title;24400.0;;5;gid://shopify/Product/8577861746983;Corrente Dolce Vita | Ouro Amarelo 18K;5;1;2;CO01331
gid://shopify/ProductVariant/46355691897127;CO01328;Default Title;21000.0;;6;gid://shopify/Product/8577861943591;Corrente Dolce Vita | Ouro Rosa 18K;6;1;2;CO01328
gid://shopify/ProductVariant/46355693273383;CO01330;Default Title;24400.0;;5;gid://shopify/Product/8577862140199;Corrente Dolce Vita | Ouro Rosa 18K;5;1;2;CO01330
gid://shopify/ProductVariant/46355694420263;PI01473;Default Title;16900.0;;0;gid://shopify/Product/8577862336807;Pingente Dolce Vita | Ouro Amarelo 18K com Lápis Lazuli e Diamantes;0;1;3;PI01473
gid://shopify/ProductVariant/46355695042855;PI01474;Default Title;16500.0;;5;gid://shopify/Product/8577862467879;Pingente Dolce Vita | Ouro Amarelo 18K com Ágata e Diamantes;5;1;3;PI01474
gid://shopify/ProductVariant/46355696353575;PI01475;Default Title;18500.0;;5;gid://shopify/Product/8577862664487;Pingente Dolce Vita | Ouro Amarelo 18K com Malaquita e Diamantes;5;1;3;PI01475
gid://shopify/ProductVariant/46355697565991;PI01476;Default Title;18500.0;;5;gid://shopify/Product/8577862828327;Pingente Dolce Vita | Ouro Amarelo 18K com Turquesa e Diamantes;5;1;3;PI01476
gid://shopify/ProductVariant/46355699237159;PI01479;Default Title;16500.0;;5;gid://shopify/Product/8577863024935;Pingente Dolce Vita | Ouro Amarelo 18K com Ágata e Diamantes;5;1;3;PI01479
gid://shopify/ProductVariant/46355700482343;PI01480;Default Title;21100.0;;0;gid://shopify/Product/8577863254311;Pingente Dolce Vita | Ouro Amarelo 18K e Lápis Lazuli;0;1;3;PI01480
gid://shopify/ProductVariant/46355701694759;PI01482;Default Title;21100.0;;5;gid://shopify/Product/8577863418151;Pingente Dolce Vita | Ouro Amarelo 18K e Malaquita;5;1;3;PI01482
gid://shopify/ProductVariant/46355702841639;PI01486;Default Title;21100.0;;5;gid://shopify/Product/8577863581991;Pingente Dolce Vita | Ouro Amarelo 18K e Ágata;5;1;2;PI01486
gid://shopify/ProductVariant/46355747668263;BR06485T;Default Title;12000.0;;0;gid://shopify/Product/8577869381927;Brinco Dolce | Ouro Amarelo 18K com Olho De Tigre;0;1;3;BR06485T
gid://shopify/ProductVariant/46355748847911;BR06492T;Default Title;20900.0;;5;gid://shopify/Product/8577869676839;Brinco Vita | Ouro Amarelo 18K com Safiras e Olho De Tigre;5;1;3;BR06492T
gid://shopify/ProductVariant/46355750125863;PI01477;Default Title;9500.0;;0;gid://shopify/Product/8577870004519;Pingente Dolce Vita | Ouro Amarelo 18K com Olho De Tigre e Safiras;0;1;3;PI01477
gid://shopify/ProductVariant/46355751239975;PI01481;Default Title;21100.0;;5;gid://shopify/Product/8577870135591;Pingente Dolce Vita | Ouro Amarelo 18K e Crisoprásio;5;1;3;PI01481
gid://shopify/ProductVariant/46355752517927;PI01484;Default Title;21100.0;;5;gid://shopify/Product/8577870299431;Pingente Dolce Vita | Ouro Amarelo 18K e Olho De Tigre;5;1;3;PI01484
gid://shopify/ProductVariant/46355790758183;BR06494T;Default Title;20900.0;;0;gid://shopify/Product/8577874886951;Brinco Vita | Ouro Amarelo 18K com Quartzo e Safiras;0;1;3;BR06494T
gid://shopify/ProductVariant/46355792429351;PI01478;Default Title;10900.0;;0;gid://shopify/Product/8577875149095;Pingente Dolce Vita | Ouro Rosa 18K com Opala e Safiras;0;1;3;PI01478
gid://shopify/ProductVariant/46356154155303;CL04313;Default Title;5800.0;;6;gid://shopify/Product/8577922335015;Colar JV MAN II | Prata Com Ouro Branco 18k;6;1;2;CL04313
gid://shopify/ProductVariant/46356154351911;CL04314;Default Title;6500.0;;8;gid://shopify/Product/8577922466087;Colar JV MAN II De Prata Com Ródio Negro;8;1;2;CL04314
gid://shopify/ProductVariant/46356154417447;CO01305;Default Title;1900.0;;6;gid://shopify/Product/8577922531623;Corrente JV MAN II De Prata Com Ródio Negro;6;1;2;CO01305
gid://shopify/ProductVariant/46356154482983;CO01308;Default Title;1800.0;;5;gid://shopify/Product/8577922564391;Corrente JV MAN II De Prata Com Ouro Branco;5;1;2;CO01308
gid://shopify/ProductVariant/46356154614055;PI01321;Default Title;1800.0;;6;gid://shopify/Product/8577922662695;Pingente JV MAN II De Prata Com Ródio Negro E Diamante Negro;6;1;2;PI01321
gid://shopify/ProductVariant/46356154712359;PI01330;Default Title;3200.0;;9;gid://shopify/Product/8577922728231;Pingente JV MAN II De Prata Com Ródio Negro E Diamante Negro;9;1;2;PI01330
gid://shopify/ProductVariant/46356157727015;PI01320;Default Title;1980.0;;5;gid://shopify/Product/8577922957607;Pingente JV MAN II De Prata Com Ródio Negro E Esmeralda;5;1;2;PI01320
gid://shopify/ProductVariant/46356159562023;PI01315;Default Title;950.0;;8;gid://shopify/Product/8577923219751;Pingente JV MAN II De Prata Com Ródio Negro E Ágata;8;1;2;PI01315
gid://shopify/ProductVariant/46356161265959;PI01318;Default Title;950.0;;5;gid://shopify/Product/8577923416359;Pingente JV MAN II De Prata Com Ródio Negro E Olho De Tigre;5;1;2;PI01318
gid://shopify/ProductVariant/46356163035431;PI01319;Default Title;950.0;;0;gid://shopify/Product/8577923678503;Pingente JV MAN II De Prata Com Ródio Negro E Malaquita;0;1;2;PI01319
gid://shopify/ProductVariant/46356164804903;PI01331;Default Title;1400.0;;10;gid://shopify/Product/8577923907879;Pingente JV MAN II | Prata Com Ródio Negro;10;1;3;PI01331
gid://shopify/ProductVariant/46356165984551;PI01333;Default Title;950.0;;10;gid://shopify/Product/8577924071719;Pingente JV MAN II | Prata Com Ouro Branco 18k;10;1;6;PI01333
gid://shopify/ProductVariant/46356167262503;PU01853T;M;7900.0;;6;gid://shopify/Product/8577924268327;Pulseira JV MAN II | Prata Com Ródio Negro E Diamante Negro;11;2;2;PU01853T
gid://shopify/ProductVariant/46356170703143;PU01852T;P;7900.0;;5;gid://shopify/Product/8577925054759;Pulseira JV MAN II | Prata Com Ródio Negro e diamantes negros;10;2;1;PU01852T
gid://shopify/ProductVariant/46356181352743;PU01862T;PP;2700.0;;0;gid://shopify/Product/8577926824231;Pulseira JV MAN II De Prata Com Ródio Negro;0;1;0;PU01862T
gid://shopify/ProductVariant/46356183122215;PU01868T;P;4900.0;;9;gid://shopify/Product/8577927053607;Pulseira JV MAN II | Prata Com Ródio Negro;12;3;3;PU01868T
gid://shopify/ProductVariant/46356188561703;PU01873T;P;2900.0;;4;gid://shopify/Product/8577927676199;Pulseira JV MAN II | Prata Com Ouro Branco 18k;10;2;3;PU01873T
gid://shopify/ProductVariant/46356210614567;PU01855T;P;2800.0;;6;gid://shopify/Product/8577930985767;Pulseira JV MAN II | Prata Com Ródio Negro;23;4;2;PU01855T
gid://shopify/ProductVariant/46356211204391;PU01858T;P;2800.0;;5;gid://shopify/Product/8577931280679;Pulseira JV MAN II | Prata Com Ouro Branco 18k;23;4;2;PU01858T
gid://shopify/ProductVariant/46356289356071;PU01900T;P;2800.0;;5;gid://shopify/Product/8577941307687;Pulseira JV MAN II De Prata Com Ródio Negro Fosco;23;4;1;PU01900T
gid://shopify/ProductVariant/46356295876903;PU01904T;P;2800.0;;5;gid://shopify/Product/8577942192423;Pulseira JV MAN II | Prata Com Ouro Branco 18k Fosco;20;4;1;PU01904T
gid://shopify/ProductVariant/46356299809063;PU01885T;P;2700.0;;0;gid://shopify/Product/8577943175463;Pulseira JV MAN II | Prata Com Ouro Branco 18k Fosco;15;4;2;PU01885T
gid://shopify/ProductVariant/46356303970599;PU01890T;GG;2700.0;;6;gid://shopify/Product/8577943830823;Pulseira JV MAN II | Prata Com Ródio Negro Fosco;17;4;1;PU01890T
gid://shopify/ProductVariant/46356305084711;PU01892T;P;4900.0;;7;gid://shopify/Product/8577943961895;Pulseira JV MAN II | Prata Com Ródio Negro Fosco;7;1;2;PU01892T
gid://shopify/ProductVariant/46356306788647;PU01893T;P;4900.0;;3;gid://shopify/Product/8577944191271;Pulseira JV MAN II | Prata Com Ouro Branco 18k Fosco;3;1;2;PU01893T
gid://shopify/ProductVariant/46356311638311;PU01909T;M;7900.0;;6;gid://shopify/Product/8577944781095;Pulseira JV MAN II De Prata Com Ródio Negro Fosco E Diamante Negro;21;4;1;PU01909T
gid://shopify/ProductVariant/46356739948839;BR06212T;Default Title;2400.0;;9;gid://shopify/Product/8577997570343;Brinco Mini Argola Rock | Prata com Ouro Amarelo 18K;9;1;5;BR06212T
gid://shopify/ProductVariant/46356741456167;BR06209T;Default Title;2900.0;;11;gid://shopify/Product/8577997734183;Brinco Ear Hook Rock | Prata com Ouro Amarelo 18K;11;1;5;BR06209T
gid://shopify/ProductVariant/46356780319015;BR06207T;Default Title;4400.0;;10;gid://shopify/Product/8578001436967;Brinco Dois Elos Rock Chain | Prata com Ouro Amarelo 18K;10;1;5;BR06207T
gid://shopify/ProductVariant/46356781859111;CL04525;Default Title;15900.0;;6;gid://shopify/Product/8578001633575;Colar Rock Chain | Prata com Ouro Amarelo 18K;6;1;4;CL04525
gid://shopify/ProductVariant/46356783464743;PI01383;Default Title;1300.0;;9;gid://shopify/Product/8578001797415;Piercing Rock | Prata Com Ouro Amarelo 18K;9;1;4;PI01383
gid://shopify/ProductVariant/46356784415015;PI01387;P;700.0;;0;gid://shopify/Product/8578001961255;Pingente Rock Retangular - P | Prata com Ouro Amarelo 18K e Quartzo;0;1;3;PI01387
gid://shopify/ProductVariant/46356785791271;PI01388;G;1300.0;;0;gid://shopify/Product/8578002092327;Pingente Rock Retangular - G | Prata com Ouro Amarelo 18K e Quartzo;0;1;3;PI01388
gid://shopify/ProductVariant/46356787200295;PI01389;P;650.0;;0;gid://shopify/Product/8578002256167;Pingente Rock Gota - P | Prata com Ouro Amarelo 18K e Quartzo;0;1;3;PI01389
gid://shopify/ProductVariant/46356787626279;PI01390;G;1800.0;;0;gid://shopify/Product/8578002387239;Pingente Rock Gota - G | Prata com Ouro Amarelo 18K e Quartzo;0;1;3;PI01390
gid://shopify/ProductVariant/46356788019495;PI01391;P;700.0;;0;gid://shopify/Product/8578002485543;Pingente Rock Retangular - P | Prata com Ouro Amarelo 18K e Quartzo;0;1;3;PI01391
gid://shopify/ProductVariant/46356788117799;PI01392;P;700.0;;0;gid://shopify/Product/8578002583847;Pingente Rock Retangular - P | Prata com Ouro Amarelo 18K e Ametista;0;1;3;PI01392
gid://shopify/ProductVariant/46356788871463;PI01393;G;1300.0;;0;gid://shopify/Product/8578002682151;Pingente Rock Retangular - G | Prata com Ouro Amarelo 18K e Quartzo;0;1;3;PI01393
gid://shopify/ProductVariant/46356789297447;PI01394;G;1300.0;;0;gid://shopify/Product/8578002780455;Pingente Rock Retangular - G | Prata com Ouro Amarelo 18K e Ametista;0;1;3;PI01394
gid://shopify/ProductVariant/46356790083879;PI01395;P;650.0;;0;gid://shopify/Product/8578002878759;Pingente Rock Gota - P | Prata com Ouro Amarelo 18K e Quartzo;0;1;3;PI01395
gid://shopify/ProductVariant/46356791263527;PI01396;P;650.0;;0;gid://shopify/Product/8578003042599;Pingente Rock Gota - P | Prata com Ouro Amarelo 18K E Ametista;0;1;3;PI01396
gid://shopify/ProductVariant/46356792869159;PI01397;G;1800.0;;0;gid://shopify/Product/8578003173671;Pingente Rock Gota - G | Prata com Ouro Amarelo 18K e Quartzo;0;1;3;PI01397
gid://shopify/ProductVariant/46356794474791;PI01398;G;1800.0;;0;gid://shopify/Product/8578003304743;Pingente Rock Gota - G | Prata com Ouro Amarelo 18K e Ametista;0;1;3;PI01398
gid://shopify/ProductVariant/46356795621671;PI01460;P;700.0;;0;gid://shopify/Product/8578003501351;Pingente Rock Chain - P | Prata Com Ouro Amarelo 18K E Quartzo;0;1;0;PI01460
gid://shopify/ProductVariant/46356797718823;PI01461;P;700.0;;0;gid://shopify/Product/8578003730727;Pingente Rock Chain De Prata Com Ouro Amarelo E Ametista - P;0;1;0;PI01461
gid://shopify/ProductVariant/46356799652135;PI01462;P;650.0;;0;gid://shopify/Product/8578004189479;Pingente Rock Chain De Prata Com Ouro Amarelo E Quartzo - P;0;1;0;PI01462
gid://shopify/ProductVariant/46356800930087;PI01463;Default Title;2900.0;;0;gid://shopify/Product/8578004353319;Pingente Rock Gota - Maxi | Prata com Ouro Amarelo 18K e Quartzo;0;1;3;PI01463
gid://shopify/ProductVariant/46356802502951;PI01466;Default Title;3200.0;;0;gid://shopify/Product/8578004549927;Pingente Rock Gota - Maxi | Prata com Ouro Amarelo 18K e Quartzo;0;1;2;PI01466
gid://shopify/ProductVariant/46356803649831;PI01467;Default Title;2900.0;;0;gid://shopify/Product/8578004975911;Pingente Rock Retangular - Maxi | Prata com Ouro Amarelo 18K e Quartzo;0;1;2;PI01467
gid://shopify/ProductVariant/46356804993319;PI01380;Default Title;900.0;;7;gid://shopify/Product/8578005106983;Clip Rock | Prata Com Ouro Amarelo 18K;7;1;4;PI01380
gid://shopify/ProductVariant/46356807024935;PU02014T;P;3900.0;;7;gid://shopify/Product/8578005369127;Bracelete Rock | Prata com Ouro Amarelo 18K;21;3;5;PU02014T
gid://shopify/ProductVariant/46356811415847;PU02067T;P;2800.0;;6;gid://shopify/Product/8578005827879;Bracelete Rock | Prata com Ródio Negro;22;3;4;PU02067T
gid://shopify/ProductVariant/46356815282471;PU02007T;P;7900.0;;5;gid://shopify/Product/8578006384935;Pulseira Rock Chain | Prata com Ouro Amarelo 18K;16;3;4;PU02007T
gid://shopify/ProductVariant/46356876001575;PI01464;Default Title;2900.0;;0;gid://shopify/Product/8578012283175;Pingente Rock Retangular - Maxi | Prata com Ouro Amarelo 18K e Quartzo Negro;0;1;2;PI01464
gid://shopify/ProductVariant/46356878721319;AB01009;Default Title;1800.0;;5;gid://shopify/Product/8578012905767;ABOTOADURA JV MAN | PRATA COM RÓDIO NEGRO;5;1;2;AB01009
gid://shopify/ProductVariant/46356879868199;AB01010;Default Title;9900.0;;0;gid://shopify/Product/8578013069607;ABOTOADURA JV MAN | PRATA COM RÓDIO NEGRO;0;1;1;AB01010
gid://shopify/ProductVariant/46356881801511;AB01011;Default Title;1800.0;;8;gid://shopify/Product/8578013233447;ABOTOADURA JV MAN | PRATA COM OURO BRANCO 18K;8;1;2;AB01011
gid://shopify/ProductVariant/46356883669287;CL01134;P;13500.0;;5;gid://shopify/Product/8578013364519;Colar JV MAN De Ouro Branco 18K Com Ródio Negro E Diamante Negro - P;5;1;3;CL01134
gid://shopify/ProductVariant/46356885307687;CL01133;P;15000.0;;5;gid://shopify/Product/8578013528359;Colar JV MAN De Ouro Branco 18K E Diamante Negro - P;5;1;1;CL01133
gid://shopify/ProductVariant/46356887142695;CL01116;Default Title;5800.0;;6;gid://shopify/Product/8578013757735;Colar JV MAN De Prata Com Ródio Negro E Diamante Negro;6;1;3;CL01116
gid://shopify/ProductVariant/46357419032871;CO0939R;F;1900.0;;0;gid://shopify/Product/8578164850983;Pingente Letra De Ouro Rosa 18K E Diamante;0;8;0;CO0939R
gid://shopify/ProductVariant/46357419065639;CO0942R;I;1900.0;;0;gid://shopify/Product/8578164850983;Pingente Letra De Ouro Rosa 18K E Diamante;0;8;0;CO0942R
gid://shopify/ProductVariant/46357419098407;CO0950R;Q;1900.0;;0;gid://shopify/Product/8578164850983;Pingente Letra De Ouro Rosa 18K E Diamante;0;8;0;CO0950R
gid://shopify/ProductVariant/46357419131175;CO0954R;U;1900.0;;0;gid://shopify/Product/8578164850983;Pingente Letra De Ouro Rosa 18K E Diamante;0;8;0;CO0954R
gid://shopify/ProductVariant/46357419163943;CO0956R;W;2100.0;;0;gid://shopify/Product/8578164850983;Pingente Letra De Ouro Rosa 18K E Diamante;0;8;0;CO0956R
gid://shopify/ProductVariant/46357419196711;CO0957R;X;1900.0;;0;gid://shopify/Product/8578164850983;Pingente Letra De Ouro Rosa 18K E Diamante;0;8;0;CO0957R
gid://shopify/ProductVariant/46357419229479;CO0958R;Y;1900.0;;0;gid://shopify/Product/8578164850983;Pingente Letra De Ouro Rosa 18K E Diamante;0;8;0;CO0958R
gid://shopify/ProductVariant/46357419262247;CO0959R;Z;1800.0;;0;gid://shopify/Product/8578164850983;Pingente Letra De Ouro Rosa 18K E Diamante;0;8;0;CO0959R
gid://shopify/ProductVariant/46357420278055;CO0935A;B;2100.0;;0;gid://shopify/Product/8578165080359;Pingente Letra De Ouro Amarelo 18K E Diamante;2;8;0;CO0935A
gid://shopify/ProductVariant/46357420310823;CO0937A;D;2500.0;;1;gid://shopify/Product/8578165080359;Pingente Letra De Ouro Amarelo 18K E Diamante;2;8;0;CO0937A
gid://shopify/ProductVariant/46357420343591;CO0942A;I;2500.0;;1;gid://shopify/Product/8578165080359;Pingente Letra De Ouro Amarelo 18K E Diamante;2;8;0;CO0942A
gid://shopify/ProductVariant/46357420376359;CO0950A;Q;1900.0;;0;gid://shopify/Product/8578165080359;Pingente Letra De Ouro Amarelo 18K E Diamante;2;8;0;CO0950A
gid://shopify/ProductVariant/46357420409127;CO0954A;U;1900.0;;0;gid://shopify/Product/8578165080359;Pingente Letra De Ouro Amarelo 18K E Diamante;2;8;0;CO0954A
gid://shopify/ProductVariant/46357420441895;CO0956A;W;2100.0;;0;gid://shopify/Product/8578165080359;Pingente Letra De Ouro Amarelo 18K E Diamante;2;8;0;CO0956A
gid://shopify/ProductVariant/46357420474663;CO0957A;X;1900.0;;0;gid://shopify/Product/8578165080359;Pingente Letra De Ouro Amarelo 18K E Diamante;2;8;0;CO0957A
gid://shopify/ProductVariant/46357420507431;CO0958A;Y;1900.0;;0;gid://shopify/Product/8578165080359;Pingente Letra De Ouro Amarelo 18K E Diamante;2;8;0;CO0958A
gid://shopify/ProductVariant/46357420736807;CO0934B;A;1900.0;;0;gid://shopify/Product/8578165244199;Pingente Letra De Ouro Branco 18K E Diamante;7;23;0;CO0934B
gid://shopify/ProductVariant/46357420769575;CO0935B;B;2100.0;;0;gid://shopify/Product/8578165244199;Pingente Letra De Ouro Branco 18K E Diamante;7;23;0;CO0935B
gid://shopify/ProductVariant/46357420802343;CO0936B;C;1900.0;;0;gid://shopify/Product/8578165244199;Pingente Letra De Ouro Branco 18K E Diamante;7;23;0;CO0936B
gid://shopify/ProductVariant/46357420835111;CO0937B;D;1900.0;;0;gid://shopify/Product/8578165244199;Pingente Letra De Ouro Branco 18K E Diamante;7;23;0;CO0937B
gid://shopify/ProductVariant/46357420867879;CO0938B;E;1900.0;;0;gid://shopify/Product/8578165244199;Pingente Letra De Ouro Branco 18K E Diamante;7;23;0;CO0938B
gid://shopify/ProductVariant/46357420900647;CO0939B;F;1800.0;;0;gid://shopify/Product/8578165244199;Pingente Letra De Ouro Branco 18K E Diamante;7;23;0;CO0939B
gid://shopify/ProductVariant/46357420933415;CO0940B;G;2500.0;;0;gid://shopify/Product/8578165244199;Pingente Letra De Ouro Branco 18K E Diamante;7;23;0;CO0940B
gid://shopify/ProductVariant/46357420966183;CO0941B;H;1900.0;;0;gid://shopify/Product/8578165244199;Pingente Letra De Ouro Branco 18K E Diamante;7;23;0;CO0941B
gid://shopify/ProductVariant/46357420998951;CO0942B;I;1900.0;;0;gid://shopify/Product/8578165244199;Pingente Letra De Ouro Branco 18K E Diamante;7;23;0;CO0942B
gid://shopify/ProductVariant/46357421064487;CO0943B;J;1800.0;;0;gid://shopify/Product/8578165244199;Pingente Letra De Ouro Branco 18K E Diamante;7;23;0;CO0943B
gid://shopify/ProductVariant/46357421097255;CO0944B;K;1900.0;;0;gid://shopify/Product/8578165244199;Pingente Letra De Ouro Branco 18K E Diamante;7;23;0;CO0944B
gid://shopify/ProductVariant/46357421130023;CO0945B;L;1900.0;;0;gid://shopify/Product/8578165244199;Pingente Letra De Ouro Branco 18K E Diamante;7;23;0;CO0945B
gid://shopify/ProductVariant/46357421162791;CO0946B;M;4500.0;;5;gid://shopify/Product/8578165244199;Pingente Letra De Ouro Branco 18K E Diamante;7;23;0;CO0946B
gid://shopify/ProductVariant/46357421195559;CO0947B;N;2500.0;;0;gid://shopify/Product/8578165244199;Pingente Letra De Ouro Branco 18K E Diamante;7;23;0;CO0947B
gid://shopify/ProductVariant/46357421228327;CO0948B;O;2500.0;;1;gid://shopify/Product/8578165244199;Pingente Letra De Ouro Branco 18K E Diamante;7;23;0;CO0948B
gid://shopify/ProductVariant/46357421261095;CO0949B;P;1900.0;;0;gid://shopify/Product/8578165244199;Pingente Letra De Ouro Branco 18K E Diamante;7;23;0;CO0949B
gid://shopify/ProductVariant/46357421293863;CO0950B;Q;1900.0;;0;gid://shopify/Product/8578165244199;Pingente Letra De Ouro Branco 18K E Diamante;7;23;0;CO0950B
gid://shopify/ProductVariant/46357421326631;CO0951B;R;1900.0;;0;gid://shopify/Product/8578165244199;Pingente Letra De Ouro Branco 18K E Diamante;7;23;0;CO0951B
gid://shopify/ProductVariant/46357421359399;CO0954B;U;2500.0;;1;gid://shopify/Product/8578165244199;Pingente Letra De Ouro Branco 18K E Diamante;7;23;0;CO0954B
gid://shopify/ProductVariant/46357421392167;CO0956B;W;2100.0;;0;gid://shopify/Product/8578165244199;Pingente Letra De Ouro Branco 18K E Diamante;7;23;0;CO0956B
gid://shopify/ProductVariant/46357421424935;CO0957B;X;1900.0;;0;gid://shopify/Product/8578165244199;Pingente Letra De Ouro Branco 18K E Diamante;7;23;0;CO0957B
gid://shopify/ProductVariant/46357421457703;CO0958B;Y;1900.0;;0;gid://shopify/Product/8578165244199;Pingente Letra De Ouro Branco 18K E Diamante;7;23;0;CO0958B
gid://shopify/ProductVariant/46357421490471;CO0959B;Z;2500.0;;0;gid://shopify/Product/8578165244199;Pingente Letra De Ouro Branco 18K E Diamante;7;23;0;CO0959B
gid://shopify/ProductVariant/46358265463079;PI01428;A;1700.0;;5;gid://shopify/Product/8578290483495;Pingente Letra Rock Para Colar | Prata Com Ouro Amarelo 18K e Diamantes;141;26;29;PI01428
gid://shopify/ProductVariant/46358265495847;PI01429;B;1700.0;;6;gid://shopify/Product/8578290483495;Pingente Letra Rock Para Colar | Prata Com Ouro Amarelo 18K e Diamantes;141;26;29;PI01429
gid://shopify/ProductVariant/46358265528615;PI01430;C;1700.0;;5;gid://shopify/Product/8578290483495;Pingente Letra Rock Para Colar | Prata Com Ouro Amarelo 18K e Diamantes;141;26;29;PI01430
gid://shopify/ProductVariant/46358265561383;PI01431;D;1700.0;;5;gid://shopify/Product/8578290483495;Pingente Letra Rock Para Colar | Prata Com Ouro Amarelo 18K e Diamantes;141;26;29;PI01431
gid://shopify/ProductVariant/46358265594151;PI01432;E;1700.0;;5;gid://shopify/Product/8578290483495;Pingente Letra Rock Para Colar | Prata Com Ouro Amarelo 18K e Diamantes;141;26;29;PI01432
gid://shopify/ProductVariant/46358265626919;PI01433;F;1700.0;;8;gid://shopify/Product/8578290483495;Pingente Letra Rock Para Colar | Prata Com Ouro Amarelo 18K e Diamantes;141;26;29;PI01433
gid://shopify/ProductVariant/46358265659687;PI01434;G;1700.0;;5;gid://shopify/Product/8578290483495;Pingente Letra Rock Para Colar | Prata Com Ouro Amarelo 18K e Diamantes;141;26;29;PI01434
gid://shopify/ProductVariant/46358265692455;PI01435;H;1700.0;;6;gid://shopify/Product/8578290483495;Pingente Letra Rock Para Colar | Prata Com Ouro Amarelo 18K e Diamantes;141;26;29;PI01435
gid://shopify/ProductVariant/46358265725223;PI01436;I;1700.0;;5;gid://shopify/Product/8578290483495;Pingente Letra Rock Para Colar | Prata Com Ouro Amarelo 18K e Diamantes;141;26;29;PI01436
gid://shopify/ProductVariant/46358265757991;PI01437;J;1700.0;;5;gid://shopify/Product/8578290483495;Pingente Letra Rock Para Colar | Prata Com Ouro Amarelo 18K e Diamantes;141;26;29;PI01437
gid://shopify/ProductVariant/46358265790759;PI01438;K;1700.0;;5;gid://shopify/Product/8578290483495;Pingente Letra Rock Para Colar | Prata Com Ouro Amarelo 18K e Diamantes;141;26;29;PI01438
gid://shopify/ProductVariant/46358265823527;PI01439;L;1700.0;;5;gid://shopify/Product/8578290483495;Pingente Letra Rock Para Colar | Prata Com Ouro Amarelo 18K e Diamantes;141;26;29;PI01439
gid://shopify/ProductVariant/46358265856295;PI01440;M;1700.0;;6;gid://shopify/Product/8578290483495;Pingente Letra Rock Para Colar | Prata Com Ouro Amarelo 18K e Diamantes;141;26;29;PI01440
gid://shopify/ProductVariant/46358265889063;PI01441;N;1700.0;;6;gid://shopify/Product/8578290483495;Pingente Letra Rock Para Colar | Prata Com Ouro Amarelo 18K e Diamantes;141;26;29;PI01441
gid://shopify/ProductVariant/46358265921831;PI01442;O;1700.0;;7;gid://shopify/Product/8578290483495;Pingente Letra Rock Para Colar | Prata Com Ouro Amarelo 18K e Diamantes;141;26;29;PI01442
gid://shopify/ProductVariant/46358265954599;PI01443;P;1700.0;;5;gid://shopify/Product/8578290483495;Pingente Letra Rock Para Colar | Prata Com Ouro Amarelo 18K e Diamantes;141;26;29;PI01443
gid://shopify/ProductVariant/46358265987367;PI01444;Q;1700.0;;5;gid://shopify/Product/8578290483495;Pingente Letra Rock Para Colar | Prata Com Ouro Amarelo 18K e Diamantes;141;26;29;PI01444
gid://shopify/ProductVariant/46358266020135;PI01445;R;1700.0;;6;gid://shopify/Product/8578290483495;Pingente Letra Rock Para Colar | Prata Com Ouro Amarelo 18K e Diamantes;141;26;29;PI01445
gid://shopify/ProductVariant/46358266052903;PI01446;S;1700.0;;5;gid://shopify/Product/8578290483495;Pingente Letra Rock Para Colar | Prata Com Ouro Amarelo 18K e Diamantes;141;26;29;PI01446
gid://shopify/ProductVariant/46358266085671;PI01447;T;1700.0;;5;gid://shopify/Product/8578290483495;Pingente Letra Rock Para Colar | Prata Com Ouro Amarelo 18K e Diamantes;141;26;29;PI01447
gid://shopify/ProductVariant/46358266118439;PI01448;U;1700.0;;5;gid://shopify/Product/8578290483495;Pingente Letra Rock Para Colar | Prata Com Ouro Amarelo 18K e Diamantes;141;26;29;PI01448
gid://shopify/ProductVariant/46358266151207;PI01449;V;1700.0;;5;gid://shopify/Product/8578290483495;Pingente Letra Rock Para Colar | Prata Com Ouro Amarelo 18K e Diamantes;141;26;29;PI01449
gid://shopify/ProductVariant/46358266183975;PI01450;W;1700.0;;5;gid://shopify/Product/8578290483495;Pingente Letra Rock Para Colar | Prata Com Ouro Amarelo 18K e Diamantes;141;26;29;PI01450
gid://shopify/ProductVariant/46358266216743;PI01451;X;1700.0;;5;gid://shopify/Product/8578290483495;Pingente Letra Rock Para Colar | Prata Com Ouro Amarelo 18K e Diamantes;141;26;29;PI01451
gid://shopify/ProductVariant/46358266249511;PI01452;Y;1700.0;;5;gid://shopify/Product/8578290483495;Pingente Letra Rock Para Colar | Prata Com Ouro Amarelo 18K e Diamantes;141;26;29;PI01452
gid://shopify/ProductVariant/46358266282279;PI01453;Z;1700.0;;6;gid://shopify/Product/8578290483495;Pingente Letra Rock Para Colar | Prata Com Ouro Amarelo 18K e Diamantes;141;26;29;PI01453
gid://shopify/ProductVariant/46358387949863;PI01149;A;1000.0;;6;gid://shopify/Product/8578318860583;Pingente Letra Pop Para Colar - M | Prata Com Ouro Amarelo 18K;164;26;27;PI01149
gid://shopify/ProductVariant/46358387982631;PI01150;B;1000.0;;5;gid://shopify/Product/8578318860583;Pingente Letra Pop Para Colar - M | Prata Com Ouro Amarelo 18K;164;26;27;PI01150
gid://shopify/ProductVariant/46358388015399;PI01151;C;1000.0;;5;gid://shopify/Product/8578318860583;Pingente Letra Pop Para Colar - M | Prata Com Ouro Amarelo 18K;164;26;27;PI01151
gid://shopify/ProductVariant/46358388048167;PI01152;D;1000.0;;5;gid://shopify/Product/8578318860583;Pingente Letra Pop Para Colar - M | Prata Com Ouro Amarelo 18K;164;26;27;PI01152
gid://shopify/ProductVariant/46358388080935;PI01153;E;1000.0;;5;gid://shopify/Product/8578318860583;Pingente Letra Pop Para Colar - M | Prata Com Ouro Amarelo 18K;164;26;27;PI01153
gid://shopify/ProductVariant/46358388113703;PI01154;F;1000.0;;6;gid://shopify/Product/8578318860583;Pingente Letra Pop Para Colar - M | Prata Com Ouro Amarelo 18K;164;26;27;PI01154
gid://shopify/ProductVariant/46358388146471;PI01155;G;1000.0;;5;gid://shopify/Product/8578318860583;Pingente Letra Pop Para Colar - M | Prata Com Ouro Amarelo 18K;164;26;27;PI01155
gid://shopify/ProductVariant/46358388179239;PI01156;H;1000.0;;5;gid://shopify/Product/8578318860583;Pingente Letra Pop Para Colar - M | Prata Com Ouro Amarelo 18K;164;26;27;PI01156
gid://shopify/ProductVariant/46358388212007;PI01157;I;1000.0;;6;gid://shopify/Product/8578318860583;Pingente Letra Pop Para Colar - M | Prata Com Ouro Amarelo 18K;164;26;27;PI01157
gid://shopify/ProductVariant/46358388244775;PI01158;J;1000.0;;6;gid://shopify/Product/8578318860583;Pingente Letra Pop Para Colar - M | Prata Com Ouro Amarelo 18K;164;26;27;PI01158
gid://shopify/ProductVariant/46358388277543;PI01159;K;1000.0;;9;gid://shopify/Product/8578318860583;Pingente Letra Pop Para Colar - M | Prata Com Ouro Amarelo 18K;164;26;27;PI01159
gid://shopify/ProductVariant/46358388310311;PI01160;L;1000.0;;5;gid://shopify/Product/8578318860583;Pingente Letra Pop Para Colar - M | Prata Com Ouro Amarelo 18K;164;26;27;PI01160
gid://shopify/ProductVariant/46358388343079;PI01161;M;1000.0;;8;gid://shopify/Product/8578318860583;Pingente Letra Pop Para Colar - M | Prata Com Ouro Amarelo 18K;164;26;27;PI01161
gid://shopify/ProductVariant/46358388375847;PI01162;N;1000.0;;5;gid://shopify/Product/8578318860583;Pingente Letra Pop Para Colar - M | Prata Com Ouro Amarelo 18K;164;26;27;PI01162
gid://shopify/ProductVariant/46358388408615;PI01163;O;1000.0;;9;gid://shopify/Product/8578318860583;Pingente Letra Pop Para Colar - M | Prata Com Ouro Amarelo 18K;164;26;27;PI01163
gid://shopify/ProductVariant/46358388441383;PI01164;P;1000.0;;5;gid://shopify/Product/8578318860583;Pingente Letra Pop Para Colar - M | Prata Com Ouro Amarelo 18K;164;26;27;PI01164
gid://shopify/ProductVariant/46358388474151;PI01165;Q;1000.0;;7;gid://shopify/Product/8578318860583;Pingente Letra Pop Para Colar - M | Prata Com Ouro Amarelo 18K;164;26;27;PI01165
gid://shopify/ProductVariant/46358388506919;PI01166;R;1000.0;;5;gid://shopify/Product/8578318860583;Pingente Letra Pop Para Colar - M | Prata Com Ouro Amarelo 18K;164;26;27;PI01166
gid://shopify/ProductVariant/46358388539687;PI01167;S;1000.0;;5;gid://shopify/Product/8578318860583;Pingente Letra Pop Para Colar - M | Prata Com Ouro Amarelo 18K;164;26;27;PI01167
gid://shopify/ProductVariant/46358388572455;PI01168;T;1000.0;;5;gid://shopify/Product/8578318860583;Pingente Letra Pop Para Colar - M | Prata Com Ouro Amarelo 18K;164;26;27;PI01168
gid://shopify/ProductVariant/46358388605223;PI01169;U;1000.0;;7;gid://shopify/Product/8578318860583;Pingente Letra Pop Para Colar - M | Prata Com Ouro Amarelo 18K;164;26;27;PI01169
gid://shopify/ProductVariant/46358388637991;PI01170;V;1000.0;;5;gid://shopify/Product/8578318860583;Pingente Letra Pop Para Colar - M | Prata Com Ouro Amarelo 18K;164;26;27;PI01170
gid://shopify/ProductVariant/46358388670759;PI01171;W;1000.0;;9;gid://shopify/Product/8578318860583;Pingente Letra Pop Para Colar - M | Prata Com Ouro Amarelo 18K;164;26;27;PI01171
gid://shopify/ProductVariant/46358388703527;PI01172;X;1000.0;;9;gid://shopify/Product/8578318860583;Pingente Letra Pop Para Colar - M | Prata Com Ouro Amarelo 18K;164;26;27;PI01172
gid://shopify/ProductVariant/46358388736295;PI01173;Y;1000.0;;9;gid://shopify/Product/8578318860583;Pingente Letra Pop Para Colar - M | Prata Com Ouro Amarelo 18K;164;26;27;PI01173
gid://shopify/ProductVariant/46358388769063;PI01174;Z;1000.0;;8;gid://shopify/Product/8578318860583;Pingente Letra Pop Para Colar - M | Prata Com Ouro Amarelo 18K;164;26;27;PI01174
gid://shopify/ProductVariant/46358389227815;PI01098;A;1000.0;;15;gid://shopify/Product/8578319089959;Pingente Letra Pop para Brinco | Prata com Ouro Amarelo 18K;228;26;28;PI01098
gid://shopify/ProductVariant/46358389260583;PI01099;B;1000.0;;7;gid://shopify/Product/8578319089959;Pingente Letra Pop para Brinco | Prata com Ouro Amarelo 18K;228;26;28;PI01099
gid://shopify/ProductVariant/46358389293351;PI01100;C;1000.0;;5;gid://shopify/Product/8578319089959;Pingente Letra Pop para Brinco | Prata com Ouro Amarelo 18K;228;26;28;PI01100
gid://shopify/ProductVariant/46358389326119;PI01101;D;1000.0;;11;gid://shopify/Product/8578319089959;Pingente Letra Pop para Brinco | Prata com Ouro Amarelo 18K;228;26;28;PI01101
gid://shopify/ProductVariant/46358389358887;PI01102;E;1000.0;;14;gid://shopify/Product/8578319089959;Pingente Letra Pop para Brinco | Prata com Ouro Amarelo 18K;228;26;28;PI01102
gid://shopify/ProductVariant/46358389391655;PI01103;F;1000.0;;9;gid://shopify/Product/8578319089959;Pingente Letra Pop para Brinco | Prata com Ouro Amarelo 18K;228;26;28;PI01103
gid://shopify/ProductVariant/46358389424423;PI01104;G;1000.0;;5;gid://shopify/Product/8578319089959;Pingente Letra Pop para Brinco | Prata com Ouro Amarelo 18K;228;26;28;PI01104
gid://shopify/ProductVariant/46358389457191;PI01105;H;1000.0;;6;gid://shopify/Product/8578319089959;Pingente Letra Pop para Brinco | Prata com Ouro Amarelo 18K;228;26;28;PI01105
gid://shopify/ProductVariant/46358389489959;PI01106;I;1000.0;;11;gid://shopify/Product/8578319089959;Pingente Letra Pop para Brinco | Prata com Ouro Amarelo 18K;228;26;28;PI01106
gid://shopify/ProductVariant/46358389522727;PI01107;J;1000.0;;9;gid://shopify/Product/8578319089959;Pingente Letra Pop para Brinco | Prata com Ouro Amarelo 18K;228;26;28;PI01107
gid://shopify/ProductVariant/46358389555495;PI01108;K;1000.0;;8;gid://shopify/Product/8578319089959;Pingente Letra Pop para Brinco | Prata com Ouro Amarelo 18K;228;26;28;PI01108
gid://shopify/ProductVariant/46358389588263;PI01109;L;1000.0;;11;gid://shopify/Product/8578319089959;Pingente Letra Pop para Brinco | Prata com Ouro Amarelo 18K;228;26;28;PI01109
gid://shopify/ProductVariant/46358389621031;PI01110;M;1000.0;;6;gid://shopify/Product/8578319089959;Pingente Letra Pop para Brinco | Prata com Ouro Amarelo 18K;228;26;28;PI01110
gid://shopify/ProductVariant/46358389653799;PI01111;N;1000.0;;12;gid://shopify/Product/8578319089959;Pingente Letra Pop para Brinco | Prata com Ouro Amarelo 18K;228;26;28;PI01111
gid://shopify/ProductVariant/46358389686567;PI01112;O;1000.0;;8;gid://shopify/Product/8578319089959;Pingente Letra Pop para Brinco | Prata com Ouro Amarelo 18K;228;26;28;PI01112
gid://shopify/ProductVariant/46358389719335;PI01113;P;1000.0;;5;gid://shopify/Product/8578319089959;Pingente Letra Pop para Brinco | Prata com Ouro Amarelo 18K;228;26;28;PI01113
gid://shopify/ProductVariant/46358389752103;PI01114;Q;1000.0;;8;gid://shopify/Product/8578319089959;Pingente Letra Pop para Brinco | Prata com Ouro Amarelo 18K;228;26;28;PI01114
gid://shopify/ProductVariant/46358389784871;PI01115;R;1000.0;;15;gid://shopify/Product/8578319089959;Pingente Letra Pop para Brinco | Prata com Ouro Amarelo 18K;228;26;28;PI01115
gid://shopify/ProductVariant/46358389817639;PI01116;S;1000.0;;10;gid://shopify/Product/8578319089959;Pingente Letra Pop para Brinco | Prata com Ouro Amarelo 18K;228;26;28;PI01116
gid://shopify/ProductVariant/46358389850407;PI01117;T;1000.0;;10;gid://shopify/Product/8578319089959;Pingente Letra Pop para Brinco | Prata com Ouro Amarelo 18K;228;26;28;PI01117
gid://shopify/ProductVariant/46358389883175;PI01118;U;1000.0;;9;gid://shopify/Product/8578319089959;Pingente Letra Pop para Brinco | Prata com Ouro Amarelo 18K;228;26;28;PI01118
gid://shopify/ProductVariant/46358389915943;PI01119;V;1000.0;;6;gid://shopify/Product/8578319089959;Pingente Letra Pop para Brinco | Prata com Ouro Amarelo 18K;228;26;28;PI01119
gid://shopify/ProductVariant/46358389948711;PI01120;W;1000.0;;7;gid://shopify/Product/8578319089959;Pingente Letra Pop para Brinco | Prata com Ouro Amarelo 18K;228;26;28;PI01120
gid://shopify/ProductVariant/46358389981479;PI01121;X;1000.0;;7;gid://shopify/Product/8578319089959;Pingente Letra Pop para Brinco | Prata com Ouro Amarelo 18K;228;26;28;PI01121
gid://shopify/ProductVariant/46358390014247;PI01122;Y;1000.0;;7;gid://shopify/Product/8578319089959;Pingente Letra Pop para Brinco | Prata com Ouro Amarelo 18K;228;26;28;PI01122
gid://shopify/ProductVariant/46358390047015;PI01123;Z;1000.0;;7;gid://shopify/Product/8578319089959;Pingente Letra Pop para Brinco | Prata com Ouro Amarelo 18K;228;26;28;PI01123
gid://shopify/ProductVariant/46358393225511;PI01072;A;1200.0;;5;gid://shopify/Product/8578319286567;Pingente Letra Pop Para Colar - G | Prata Com Ouro Amarelo 18K;177;26;28;PI01072
gid://shopify/ProductVariant/46358393258279;PI01073;B;1200.0;;6;gid://shopify/Product/8578319286567;Pingente Letra Pop Para Colar - G | Prata Com Ouro Amarelo 18K;177;26;28;PI01073
gid://shopify/ProductVariant/46358393291047;PI01074;C;1200.0;;6;gid://shopify/Product/8578319286567;Pingente Letra Pop Para Colar - G | Prata Com Ouro Amarelo 18K;177;26;28;PI01074
gid://shopify/ProductVariant/46358393323815;PI01075;D;1200.0;;6;gid://shopify/Product/8578319286567;Pingente Letra Pop Para Colar - G | Prata Com Ouro Amarelo 18K;177;26;28;PI01075
gid://shopify/ProductVariant/46358393356583;PI01076;E;1200.0;;6;gid://shopify/Product/8578319286567;Pingente Letra Pop Para Colar - G | Prata Com Ouro Amarelo 18K;177;26;28;PI01076
gid://shopify/ProductVariant/46358393389351;PI01077;F;1200.0;;9;gid://shopify/Product/8578319286567;Pingente Letra Pop Para Colar - G | Prata Com Ouro Amarelo 18K;177;26;28;PI01077
gid://shopify/ProductVariant/46358393422119;PI01078;G;1200.0;;6;gid://shopify/Product/8578319286567;Pingente Letra Pop Para Colar - G | Prata Com Ouro Amarelo 18K;177;26;28;PI01078
gid://shopify/ProductVariant/46358393454887;PI01079;H;1200.0;;5;gid://shopify/Product/8578319286567;Pingente Letra Pop Para Colar - G | Prata Com Ouro Amarelo 18K;177;26;28;PI01079
gid://shopify/ProductVariant/46358393487655;PI01080;I;1200.0;;5;gid://shopify/Product/8578319286567;Pingente Letra Pop Para Colar - G | Prata Com Ouro Amarelo 18K;177;26;28;PI01080
gid://shopify/ProductVariant/46358393520423;PI01081;J;1200.0;;6;gid://shopify/Product/8578319286567;Pingente Letra Pop Para Colar - G | Prata Com Ouro Amarelo 18K;177;26;28;PI01081
gid://shopify/ProductVariant/46358393553191;PI01082;K;1200.0;;6;gid://shopify/Product/8578319286567;Pingente Letra Pop Para Colar - G | Prata Com Ouro Amarelo 18K;177;26;28;PI01082
gid://shopify/ProductVariant/46358393585959;PI01083;L;1200.0;;6;gid://shopify/Product/8578319286567;Pingente Letra Pop Para Colar - G | Prata Com Ouro Amarelo 18K;177;26;28;PI01083
gid://shopify/ProductVariant/46358393618727;PI01084;M;1200.0;;8;gid://shopify/Product/8578319286567;Pingente Letra Pop Para Colar - G | Prata Com Ouro Amarelo 18K;177;26;28;PI01084
gid://shopify/ProductVariant/46358393651495;PI01085;N;1200.0;;6;gid://shopify/Product/8578319286567;Pingente Letra Pop Para Colar - G | Prata Com Ouro Amarelo 18K;177;26;28;PI01085
gid://shopify/ProductVariant/46358393684263;PI01086;O;1200.0;;9;gid://shopify/Product/8578319286567;Pingente Letra Pop Para Colar - G | Prata Com Ouro Amarelo 18K;177;26;28;PI01086
gid://shopify/ProductVariant/46358393717031;PI01087;P;1200.0;;6;gid://shopify/Product/8578319286567;Pingente Letra Pop Para Colar - G | Prata Com Ouro Amarelo 18K;177;26;28;PI01087
gid://shopify/ProductVariant/46358393749799;PI01088;Q;1200.0;;9;gid://shopify/Product/8578319286567;Pingente Letra Pop Para Colar - G | Prata Com Ouro Amarelo 18K;177;26;28;PI01088
gid://shopify/ProductVariant/46358393782567;PI01089;R;1200.0;;6;gid://shopify/Product/8578319286567;Pingente Letra Pop Para Colar - G | Prata Com Ouro Amarelo 18K;177;26;28;PI01089
gid://shopify/ProductVariant/46358393848103;PI01090;S;1200.0;;5;gid://shopify/Product/8578319286567;Pingente Letra Pop Para Colar - G | Prata Com Ouro Amarelo 18K;177;26;28;PI01090
gid://shopify/ProductVariant/46358393880871;PI01091;T;1200.0;;13;gid://shopify/Product/8578319286567;Pingente Letra Pop Para Colar - G | Prata Com Ouro Amarelo 18K;177;26;28;PI01091
gid://shopify/ProductVariant/46358393913639;PI01092;U;1200.0;;9;gid://shopify/Product/8578319286567;Pingente Letra Pop Para Colar - G | Prata Com Ouro Amarelo 18K;177;26;28;PI01092
gid://shopify/ProductVariant/46358393946407;PI01093;V;1200.0;;5;gid://shopify/Product/8578319286567;Pingente Letra Pop Para Colar - G | Prata Com Ouro Amarelo 18K;177;26;28;PI01093
gid://shopify/ProductVariant/46358393979175;PI01094;W;1200.0;;8;gid://shopify/Product/8578319286567;Pingente Letra Pop Para Colar - G | Prata Com Ouro Amarelo 18K;177;26;28;PI01094
gid://shopify/ProductVariant/46358394011943;PI01095;X;1200.0;;9;gid://shopify/Product/8578319286567;Pingente Letra Pop Para Colar - G | Prata Com Ouro Amarelo 18K;177;26;28;PI01095
gid://shopify/ProductVariant/46358394044711;PI01096;Y;1200.0;;7;gid://shopify/Product/8578319286567;Pingente Letra Pop Para Colar - G | Prata Com Ouro Amarelo 18K;177;26;28;PI01096
gid://shopify/ProductVariant/46358394077479;PI01097;Z;1200.0;;5;gid://shopify/Product/8578319286567;Pingente Letra Pop Para Colar - G | Prata Com Ouro Amarelo 18K;177;26;28;PI01097
gid://shopify/ProductVariant/46358729228583;CL04548;P;6700.0;;5;gid://shopify/Product/8578411102503;Colar Black Leopardo | Prata com Ródio Negro;5;3;2;CL04548
gid://shopify/ProductVariant/46358729261351;CL04549;M;6700.0;;0;gid://shopify/Product/8578411102503;Colar Black Leopardo | Prata com Ródio Negro;5;3;2;CL04549
gid://shopify/ProductVariant/46358729294119;CL04550;G;6700.0;;0;gid://shopify/Product/8578411102503;Colar Black Leopardo | Prata com Ródio Negro;5;3;2;CL04550
gid://shopify/ProductVariant/46358730375463;PU02039T;PP;3500.0;;0;gid://shopify/Product/8578411659559;Pulseira Black Leopardo | Prata com Ródio Negro;0;3;4;PU02039T
gid://shopify/ProductVariant/46358730408231;PU02036T;M;3500.0;;0;gid://shopify/Product/8578411659559;Pulseira Black Leopardo | Prata com Ródio Negro;0;3;4;PU02036T
gid://shopify/ProductVariant/46358730440999;PU02038T;G;3500.0;;0;gid://shopify/Product/8578411659559;Pulseira Black Leopardo | Prata com Ródio Negro;0;3;4;PU02038T
gid://shopify/ProductVariant/46358753411367;PU02080T;P;3500.0;;6;gid://shopify/Product/8578425356583;Pulseira Mare | Prata com Ouro Amarelo 18K;18;3;4;PU02080T
gid://shopify/ProductVariant/46358753444135;PU02076T;M;3500.0;;5;gid://shopify/Product/8578425356583;Pulseira Mare | Prata com Ouro Amarelo 18K;18;3;4;PU02076T
gid://shopify/ProductVariant/46358753476903;PU02079T;G;3500.0;;7;gid://shopify/Product/8578425356583;Pulseira Mare | Prata com Ouro Amarelo 18K;18;3;4;PU02079T
gid://shopify/ProductVariant/46358760849703;PU02077T;P;5900.0;;5;gid://shopify/Product/8578429944103;Cuff Mare Maxi | Prata com Ouro Amarelo 18K;17;3;4;PU02077T
gid://shopify/ProductVariant/46358760882471;PU02075T;M;5900.0;;5;gid://shopify/Product/8578429944103;Cuff Mare Maxi | Prata com Ouro Amarelo 18K;17;3;4;PU02075T
gid://shopify/ProductVariant/46358760915239;PU02078T;G;5900.0;;7;gid://shopify/Product/8578429944103;Cuff Mare Maxi | Prata com Ouro Amarelo 18K;17;3;4;PU02078T
gid://shopify/ProductVariant/46358771466535;PU01729T;P;8200.0;;5;gid://shopify/Product/8578434957607;Pulseira Riviera De Prata Com Ouro Amarelo;15;3;2;PU01729T
gid://shopify/ProductVariant/46358771499303;PU01730T;M;8200.0;;5;gid://shopify/Product/8578434957607;Pulseira Riviera De Prata Com Ouro Amarelo;15;3;2;PU01730T
gid://shopify/ProductVariant/46358771532071;PU01731T;G;8200.0;;5;gid://shopify/Product/8578434957607;Pulseira Riviera De Prata Com Ouro Amarelo;15;3;2;PU01731T
gid://shopify/ProductVariant/46358773203239;PU01735T;P;4200.0;;6;gid://shopify/Product/8578435481895;Pulseira Riviera De Prata Com Ouro Amarelo;18;3;3;PU01735T
gid://shopify/ProductVariant/46358773268775;PU01736T;M;4200.0;;6;gid://shopify/Product/8578435481895;Pulseira Riviera De Prata Com Ouro Amarelo;18;3;3;PU01736T
gid://shopify/ProductVariant/46358773301543;PU01737T;G;4200.0;;6;gid://shopify/Product/8578435481895;Pulseira Riviera De Prata Com Ouro Amarelo;18;3;3;PU01737T
gid://shopify/ProductVariant/46358778642727;PU01937T;P;3500.0;;6;gid://shopify/Product/8578438136103;Pulseira Pop Chain De Prata Com Ouro Amarelo;11;2;3;PU01937T
gid://shopify/ProductVariant/46358778675495;PU01945T;G;3800.0;;5;gid://shopify/Product/8578438136103;Pulseira Pop Chain De Prata Com Ouro Amarelo;11;2;3;PU01945T
gid://shopify/ProductVariant/46358779953447;PU01938T;P;1950.0;;0;gid://shopify/Product/8578438824231;Pulseira Pop Chain De Prata Com Ródio Negro;0;2;3;PU01938T
gid://shopify/ProductVariant/46358779986215;PU01946T;G;1950.0;;0;gid://shopify/Product/8578438824231;Pulseira Pop Chain De Prata Com Ródio Negro;0;2;3;PU01946T
gid://shopify/ProductVariant/46358793257255;CL04478;P;6700.0;;6;gid://shopify/Product/8578445705511;Colar Leopardo | Prata Com Ouro Amarelo 18k;18;4;6;CL04478
gid://shopify/ProductVariant/46358793290023;CL04479;M;6700.0;;6;gid://shopify/Product/8578445705511;Colar Leopardo | Prata Com Ouro Amarelo 18k;18;4;6;CL04479
gid://shopify/ProductVariant/46358793322791;CL04490;G;6700.0;;6;gid://shopify/Product/8578445705511;Colar Leopardo | Prata Com Ouro Amarelo 18k;18;4;6;CL04490
gid://shopify/ProductVariant/46358793847079;PU01965T;P;3500.0;;5;gid://shopify/Product/8578446229799;Pulseira Leopardo | Prata Com Ouro Amarelo 18k;26;4;5;PU01965T
gid://shopify/ProductVariant/46358793879847;PU01966T;M;3500.0;;7;gid://shopify/Product/8578446229799;Pulseira Leopardo | Prata Com Ouro Amarelo 18k;26;4;5;PU01966T
gid://shopify/ProductVariant/46358793912615;PU01967T;G;3500.0;;6;gid://shopify/Product/8578446229799;Pulseira Leopardo | Prata Com Ouro Amarelo 18k;26;4;5;PU01967T
gid://shopify/ProductVariant/46358796632359;PU01714T;P;34000.0;;0;gid://shopify/Product/8578447868199;Pulseira Voyeur De Ouro Branco 18K Com Ródio Negro E Diamante;0;2;2;PU01714T
gid://shopify/ProductVariant/46358796665127;PU01715T;G;33000.0;;0;gid://shopify/Product/8578447868199;Pulseira Voyeur De Ouro Branco 18K Com Ródio Negro E Diamante;0;2;2;PU01715T
gid://shopify/ProductVariant/46358797156647;PU01716T;P;29000.0;;5;gid://shopify/Product/8578448359719;Pulseira Voyeur De Ouro Branco 18K Com Ródio Negro E Diamante Negro;10;2;2;PU01716T
gid://shopify/ProductVariant/46358797189415;PU01717T;G;31000.0;;5;gid://shopify/Product/8578448359719;Pulseira Voyeur De Ouro Branco 18K Com Ródio Negro E Diamante Negro;10;2;2;PU01717T
gid://shopify/ProductVariant/46358798106919;PU01703T;M;57000.0;;5;gid://shopify/Product/8578448916775;Pulseira Voyeur De Ouro Branco 18K E Diamante;10;2;2;PU01703T
gid://shopify/ProductVariant/46358798139687;PU01713T;G;59000.0;;5;gid://shopify/Product/8578448916775;Pulseira Voyeur De Ouro Branco 18K E Diamante;10;2;2;PU01713T
gid://shopify/ProductVariant/46390856548647;PI01071;Default Title;580.0;;13;gid://shopify/Product/8582010962215;Pingente Pop De Prata Com Ouro Amarelo;13;1;2;PI01071
gid://shopify/ProductVariant/46390856712487;PI01125;G;980.0;;0;gid://shopify/Product/8582011060519;Pingente Pop Beijo - G | Prata com Ouro Amarelo 18K;0;1;3;PI01125
gid://shopify/ProductVariant/46390856843559;PI01127;G;980.0;;0;gid://shopify/Product/8582011158823;Pingente Pop Sorriso - G | Prata com Ouro Amarelo 18K;0;1;3;PI01127
gid://shopify/ProductVariant/46390856909095;PI01128;G;1800.0;;5;gid://shopify/Product/8582011224359;Pingente Pop - G | Prata com Ouro Amarelo 18K;5;1;2;PI01128
gid://shopify/ProductVariant/46390856941863;PI01132;P;990.0;;0;gid://shopify/Product/8582011257127;Pingente Pop óculos - P | Prata Com Ouro Amarelo 18K;0;1;3;PI01132
gid://shopify/ProductVariant/46390856974631;PI01133;P;990.0;;0;gid://shopify/Product/8582011289895;Pingente Pop Sorriso - P | Prata Com Ouro Amarelo 18K;0;1;3;PI01133
gid://shopify/ProductVariant/46390857072935;PI01134;P;990.0;;0;gid://shopify/Product/8582011355431;Pingente Pop Coração - P | Prata com Ouro Amarelo 18K;0;1;3;PI01134
gid://shopify/ProductVariant/46390858055975;PI01136;Default Title;1200.0;;0;gid://shopify/Product/8582011453735;Pingente Pop | Prata com Ouro Amarelo 18K;0;1;3;PI01136
gid://shopify/ProductVariant/46390858350887;PI01138;Default Title;650.0;;0;gid://shopify/Product/8582011519271;Pingente Pop Beijo De Prata Com Ouro Amarelo;0;1;0;PI01138
gid://shopify/ProductVariant/46390860906791;PI01139;Default Title;650.0;;0;gid://shopify/Product/8582011650343;Pingente Pop óculos | Prata Com Ouro Amarelo 18k;0;1;0;PI01139
gid://shopify/ProductVariant/46390861005095;PI01141;Default Title;990.0;;5;gid://shopify/Product/8582011715879;Pingente Pop | Prata Com Ouro Amarelo 18k;5;1;0;PI01141
gid://shopify/ProductVariant/46390876242215;PI01145;G;900.0;;0;gid://shopify/Product/8582014763303;Pingente Pop - G | Prata com Ouro Amarelo 18K;0;1;3;PI01145
gid://shopify/ProductVariant/46390876602663;PI01296;Default Title;1000.0;;5;gid://shopify/Product/8582014894375;Pingente Pop | Prata Com Ouro Amarelo 18K;5;1;0;PI01296
gid://shopify/ProductVariant/46393436569895;AN02482-10;10;23000.0;;5;gid://shopify/Product/8582654230823;ANEL 15 ANOS | OURO BRANCO 18K COM RÓDIO NEGRO E DIAMANTES;65;13;3;AN02482
gid://shopify/ProductVariant/46393437094183;AN02949-10;10;27000.0;;0;gid://shopify/Product/8582654296359;ANEL 15 ANOS | OURO BRANCO 18K COM RÓDIO NEGRO E DIAMANTES;0;13;3;AN02949
gid://shopify/ProductVariant/46393437749543;AN02483-10;10;32000.0;;5;gid://shopify/Product/8582654427431;ANEL 15 ANOS | OURO BRANCO 18K E DIAMANTES;65;13;3;AN02483
gid://shopify/ProductVariant/46393438306599;AN03268-10;10;8700.0;;0;gid://shopify/Product/8582654525735;ANEL AVANT GARDE | OURO BRANCO 18K COM RÓDIO NEGRO E DIAMANTES;0;13;4;AN03268
gid://shopify/ProductVariant/46393439289639;AN03255-10;10;10200.0;;0;gid://shopify/Product/8582654656807;ANEL AVANT GARDE | OURO BRANCO 18K E DIAMANTES;0;13;4;AN03255
gid://shopify/ProductVariant/46393440043303;AN03337-10;10;3200.0;;0;gid://shopify/Product/8582654787879;ANEL BLOSSOM | PRATA COM OURO AMARELO 18K E SAFIRA;0;13;3;AN03337
gid://shopify/ProductVariant/46393440469287;AN03338-10;10;3200.0;;0;gid://shopify/Product/8582654820647;ANEL BLOSSOM | PRATA COM RÓDIO NEGRO E SAFIRA;0;13;3;AN03338
gid://shopify/ProductVariant/46393441812775;AN03342-10;10;1600.0;;0;gid://shopify/Product/8582654984487;ANEL BLOSSOM | PRATA COM RÓDIO NEGRO E SAFIRA;0;13;3;AN03342
gid://shopify/ProductVariant/46393443156263;AN03518-10;10;68000.0;;0;gid://shopify/Product/8582655082791;Anel Celebrate De Ouro Amarelo 18K E Diamante E Esmeralda;0;13;0;AN03518
gid://shopify/ProductVariant/46393444335911;AN03530-10;10;53000.0;;0;gid://shopify/Product/8582655213863;ANEL CELEBRATE SOLITÁRIO | OURO AMARELO 18K COM DIAMANTES E ESMERALDA;0;13;1;AN03530
gid://shopify/ProductVariant/46393444860199;AN03531-10;10;45000.0;;0;gid://shopify/Product/8582655312167;ANEL CELEBRATE SOLITÁRIO | OURO AMARELO 18K COM DIAMANTES E ESMERALDA;0;13;1;AN03531
gid://shopify/ProductVariant/46393445548327;AN03532-10;10;41000.0;;0;gid://shopify/Product/8582655443239;Anel Celebrate | Ouro Amarelo e Branco 18K com Diamantes e Esmeralda;0;13;1;AN03532
gid://shopify/ProductVariant/46393446695207;AN03506-10;10;13900.0;;5;gid://shopify/Product/8582655705383;Anel Celebrate | Ouro Amarelo 18K e Diamantes;66;13;4;AN03506
gid://shopify/ProductVariant/46393447383335;AN03513-10;10;11800.0;;5;gid://shopify/Product/8582655901991;Anel Celebrate | Ouro Amarelo 18K e Esmeraldas;65;13;4;AN03513
gid://shopify/ProductVariant/46393447973159;AN03505-10;10;16900.0;;5;gid://shopify/Product/8582656098599;Anel Celebrate | Ouro Branco 18K E Diamantes;66;13;3;AN03505
gid://shopify/ProductVariant/46393448628519;AN03512-10;10;11800.0;;5;gid://shopify/Product/8582656327975;Anel Celebrate | Ouro Branco 18K e Esmeraldas;65;13;3;AN03512
gid://shopify/ProductVariant/46393449120039;AN03073-10;10;1500.0;;5;gid://shopify/Product/8582656426279;Anel Chain |  Prata Com Ouro Amarelo 18k;73;13;3;AN03073
gid://shopify/ProductVariant/46393449939239;AN03074-10;10;1500.0;;0;gid://shopify/Product/8582656590119;Anel Chain | Prata Com Ródio Negro;0;13;3;AN03074
gid://shopify/ProductVariant/46393450594599;AL00031-10;10;8000.0;;5;gid://shopify/Product/8582656655655;ALIANÇA QUADRADA | OURO AMARELO 18K, 2MM;66;13;2;AL00031
gid://shopify/ProductVariant/46393451315495;AL00037-10;10;12500.0;;5;gid://shopify/Product/8582656786727;ALIANÇA QUADRADA | OURO AMARELO 18K, 3MM;65;13;3;AL00037
gid://shopify/ProductVariant/46393451741479;AL0127-10;10;6500.0;;5;gid://shopify/Product/8582656819495;ALIANÇA MEIA CANA | OURO AMARELO 18K, 2MM;66;13;2;AL0127
gid://shopify/ProductVariant/46393452626215;AL0129-10;10;8500.0;;5;gid://shopify/Product/8582657016103;ALIANÇA MEIA CANA | OURO AMARELO 18K, 3MM;65;13;2;AL0129
gid://shopify/ProductVariant/46393453248807;AL0131-10;10;13500.0;;5;gid://shopify/Product/8582657147175;ALIANÇA MEIA CANA | OURO AMARELO 18K, 4MM;65;13;3;AL0131
gid://shopify/ProductVariant/46393454068007;AL00033-10;10;8000.0;;5;gid://shopify/Product/8582657311015;ALIANÇA QUADRADA | OURO BRANCO 18K, 2MM;67;13;2;AL00033
gid://shopify/ProductVariant/46393454723367;AL0119-10;10;6500.0;;5;gid://shopify/Product/8582657442087;ALIANÇA MEIA CANA | OURO BRANCO 18K, 2MM;67;13;1;AL0119
gid://shopify/ProductVariant/46393455771943;AL0121-10;10;8500.0;;5;gid://shopify/Product/8582657573159;ALIANÇA MEIA CANA | OURO BRANCO 18K, 3MM;65;13;3;AL0121
gid://shopify/ProductVariant/46393456623911;AL0123-10;10;13500.0;;5;gid://shopify/Product/8582657736999;ALIANÇA MEIA CANA | OURO BRANCO 18K, 4MM;66;13;2;AL0123
gid://shopify/ProductVariant/46393457213735;AL0143-10;10;12500.0;;0;gid://shopify/Product/8582657835303;ALIANÇA QUADRADA | OURO BRANCO 18K, 3MM;0;13;1;AL0143
gid://shopify/ProductVariant/46393457836327;AL00042-10;10;12500.0;;5;gid://shopify/Product/8582657900839;ALIANÇA QUADRADA | OURO ROSA 18K, 3MM;66;13;2;AL00042
gid://shopify/ProductVariant/46393458458919;AL00049-10;10;8000.0;;5;gid://shopify/Product/8582657966375;ALIANÇA QUADRADA | OURO ROSA 18K, 2MM;65;13;2;AL00049
gid://shopify/ProductVariant/46393459015975;AL00069-10;10;6500.0;;5;gid://shopify/Product/8582658031911;ALIANÇA MEIA CANA | OURO ROSA 18K, 2MM;66;13;3;AL00069
gid://shopify/ProductVariant/46393459704103;AL02775-10;10;8500.0;;5;gid://shopify/Product/8582658162983;ALIANÇA MEIA CANA | OURO ROSA 18K, 3MM;65;13;1;AL02775
gid://shopify/ProductVariant/46393460621607;AN03191-10;10;13900.0;;5;gid://shopify/Product/8582658294055;Anel Deco 2019 | Ouro Amarelo 18K COM RÓDIO NEGRO E DIAMANTES;65;13;2;AN03191
gid://shopify/ProductVariant/46393461080359;AN03190-10;10;15800.0;;5;gid://shopify/Product/8582658359591;Anel Deco 2019 | Ouro Branco 18K Com Ródio Negro E Diamantes;65;13;2;AN03190
gid://shopify/ProductVariant/46393461604647;AN03189-10;10;17500.0;;5;gid://shopify/Product/8582658457895;Anel Deco 2019 | Ouro Branco 18K E Diamantes;65;13;2;AN03189
gid://shopify/ProductVariant/46393462030631;AN03556-10;10;19650.0;;5;gid://shopify/Product/8582658490663;Anel Dolce Vita | Ouro Amarelo 18K com Ágata e Diamantes;65;13;3;AN03556
gid://shopify/ProductVariant/46393462751527;AN03557-10;10;14000.0;;0;gid://shopify/Product/8582658588967;Anel Dolce Vita | Ouro Amarelo 18K com Safiras E Quartzo;0;13;3;AN03557
gid://shopify/ProductVariant/46393463701799;AN03558-10;10;22650.0;;5;gid://shopify/Product/8582658654503;Anel Dolce Vita | Ouro Amarelo 18K com Turquesa e Diamantes;65;13;3;AN03558
gid://shopify/ProductVariant/46393464258855;AN03559-10;10;19690.0;;5;gid://shopify/Product/8582658720039;Anel Dolce Vita | Ouro Amarelo 18K com Ágata E Diamantes;65;13;3;AN03559
gid://shopify/ProductVariant/46393465143591;AN03560-10;10;20950.0;;5;gid://shopify/Product/8582658851111;Anel Dolce Vita | Ouro Amarelo 18K com Malaquita E Diamantes;66;13;3;AN03560
gid://shopify/ProductVariant/46393465962791;AN03562-10;10;17350.0;;0;gid://shopify/Product/8582659014951;Anel Dolce Vita | Ouro Amarelo 18K com Lápis Lazuli;0;13;3;AN03562
gid://shopify/ProductVariant/46393466552615;AN03563-10;10;16890.0;;5;gid://shopify/Product/8582659080487;Anel Dolce Vita | Ouro Amarelo 18K com Ágata;65;13;3;AN03563
gid://shopify/ProductVariant/46393467044135;AN03564-10;10;11000.0;;0;gid://shopify/Product/8582659178791;Anel Dolce Vita | Ouro Amarelo 18K com Quartzo;0;13;4;AN03564
gid://shopify/ProductVariant/46393469305127;AN03565-10;10;19000.0;;5;gid://shopify/Product/8582659309863;Anel Dolce Vita | Ouro Amarelo 18K com Turquesa;65;13;3;AN03565
gid://shopify/ProductVariant/46393469993255;AN03566-10;10;16950.0;;5;gid://shopify/Product/8582659506471;Anel Dolce Vita | Ouro Amarelo 18K com Ágata;65;13;3;AN03566
gid://shopify/ProductVariant/46393470615847;AN03567-10;10;18190.0;;5;gid://shopify/Product/8582659703079;Anel Dolce Vita | Ouro Amarelo 18K com Malaquita;65;13;3;AN03567
gid://shopify/ProductVariant/46393471205671;AN03574-10;10;11000.0;;0;gid://shopify/Product/8582659866919;Anel Dolce Vita | Ouro Amarelo 18K com Olho De Tigre;0;13;1;AN03574
gid://shopify/ProductVariant/46393471828263;AN03575-10;10;14000.0;;0;gid://shopify/Product/8582659965223;Anel Dolce Vita | Ouro Amarelo 18K com Safiras E Olho De Tigre;0;13;1;AN03575
gid://shopify/ProductVariant/46393472516391;AN03554-10;10;11500.0;;0;gid://shopify/Product/8582660063527;Anel Dolce Vita | Ouro Rosa 18K com Safiras e Opala;0;13;3;AN03554
gid://shopify/ProductVariant/46393473073447;AN03561-10;10;12900.0;;0;gid://shopify/Product/8582660129063;Anel Dolce Vita | Ouro Rosa 18K com Opala;0;13;3;AN03561
gid://shopify/ProductVariant/46393473892647;AN03544-10;10;247500.0;;0;gid://shopify/Product/8582660194599;Anel Especial Solitário | Ouro Branco 18K E Diamantes;0;13;1;AN03544
gid://shopify/ProductVariant/46393474810151;AN0793-10;10;12500.0;;5;gid://shopify/Product/8582660292903;Anel Fetiche | Ouro Amarelo 18K;66;13;3;AN0793
gid://shopify/ProductVariant/46393475334439;AN01150-10;10;12500.0;;5;gid://shopify/Product/8582660358439;Anel Fetiche | Ouro Branco 18K Com Ródio Negro;65;13;2;AN01150
gid://shopify/ProductVariant/46393475825959;AN0792-10;10;12500.0;;5;gid://shopify/Product/8582660456743;Anel Fetiche | Ouro Branco 18K;65;13;3;AN0792
gid://shopify/ProductVariant/46393476874535;AN0791-10;10;12500.0;;5;gid://shopify/Product/8582660587815;Anel Fetiche | Ouro Rosa 18K;66;13;3;AN0791
gid://shopify/ProductVariant/46393480151335;AN02445-10;10;7100.0;;5;gid://shopify/Product/8582660653351;Anel First Diamond | Ouro Branco 18K Com Ródio Negro E Diamante;65;13;3;AN02445
gid://shopify/ProductVariant/46393480806695;AN03305-10;10;7100.0;;5;gid://shopify/Product/8582660751655;Anel First Diamond | Ouro Branco 18K E Diamante;65;13;2;AN03305
gid://shopify/ProductVariant/46393481330983;AN02446-10;10;7100.0;;5;gid://shopify/Product/8582660817191;Anel First Diamond | Ouro Rosa 18K E Diamante;65;13;3;AN02446
gid://shopify/ProductVariant/46393482543399;AN03026-10;10;10500.0;;5;gid://shopify/Product/8582660882727;Anel Lifestyle | Ouro Branco 18K Com Ródio Negro, Diamantes E Esmeralda;65;13;2;AN03026
gid://shopify/ProductVariant/46393483297063;AN03030-10;10;15000.0;;5;gid://shopify/Product/8582660981031;Anel Lifestyle | Ouro Branco 18K Com Ródio Negro E Diamantes;65;13;2;AN03030
gid://shopify/ProductVariant/46393483821351;AN03032-10;10;7900.0;;0;gid://shopify/Product/8582661046567;Anel Lifestyle | Ouro Branco 18K Com Ródio Negro E Diamantes;0;13;2;AN03032
gid://shopify/ProductVariant/46393484247335;AN03033-10;10;12500.0;;5;gid://shopify/Product/8582661079335;Anel Lifestyle | Ouro Branco 18K Com Ródio Negro E Diamantes Negros;65;13;2;AN03033
gid://shopify/ProductVariant/46393484706087;AN03027-10;10;20500.0;;0;gid://shopify/Product/8582661144871;Anel Lifestyle - G | Ouro Branco 18K E Diamantes;0;13;2;AN03027
gid://shopify/ProductVariant/46393485230375;AN03029-10;10;15500.0;;5;gid://shopify/Product/8582661210407;Anel Lifestyle | Ouro Branco 18K E Diamantes;65;13;2;AN03029
gid://shopify/ProductVariant/46393486115111;AN03031-10;10;26500.0;;5;gid://shopify/Product/8582661308711;Anel Lifestyle | Ouro Branco 18K E Diamantes;65;13;2;AN03031
gid://shopify/ProductVariant/46393486541095;AN03028-10;10;13500.0;;5;gid://shopify/Product/8582661341479;Anel Lifestyle | Ouro Amarelo 18K;66;13;2;AN03028
gid://shopify/ProductVariant/46393487130919;AN02823-10;10;8500.0;;0;gid://shopify/Product/8582661407015;Anel Love NY | Ouro Branco 18K Com Ródio Negro E Diamantes;0;13;3;AN02823
gid://shopify/ProductVariant/46393487687975;AN02824-10;10;16000.0;;5;gid://shopify/Product/8582661472551;Anel Love Ny | Ouro Branco 18K E Diamantes;65;13;3;AN02824
gid://shopify/ProductVariant/46393488146727;AN02815-10;10;12500.0;;5;gid://shopify/Product/8582661538087;Anel Love Ny | Ouro Amarelo 18K;66;13;3;AN02815
gid://shopify/ProductVariant/46393488769319;AN02935-10;10;41000.0;;0;gid://shopify/Product/8582661636391;Anel Mães 2013 Solitário | Ouro Branco 18K E Diamantes;0;13;1;AN02935
gid://shopify/ProductVariant/46393489260839;AN03585-10;10;1900.0;;5;gid://shopify/Product/8582661734695;Anel Mare | Prata com Ouro Amarelo 18K e Pérola;65;13;3;AN03585
gid://shopify/ProductVariant/46393489785127;AN03586-10;10;2500.0;;5;gid://shopify/Product/8582661865767;Anel Mare | Prata com Ouro Amarelo 18K;68;13;3;AN03586
gid://shopify/ProductVariant/46393490407719;AN01604-10;10;8900.0;;5;gid://shopify/Product/8582661996839;Anel Namo 2012 | Ouro Branco 18K Com Ródio Negro E Diamantes;65;13;2;AN01604
gid://shopify/ProductVariant/46393490997543;AN01605-10;10;8900.0;;5;gid://shopify/Product/8582662095143;Anel Namo 2012 | Ouro Branco 18K E Diamantes;65;13;2;AN01605
gid://shopify/ProductVariant/46393491620135;AN01606-10;10;8900.0;;5;gid://shopify/Product/8582662226215;Anel Namo 2012 | Ouro Rosa 18K E Diamantes;65;13;2;AN01606
gid://shopify/ProductVariant/46393492177191;AN01607-10;10;8900.0;;5;gid://shopify/Product/8582662324519;Anel Namo 2012 | Ouro Amarelo 18K E Diamantes;66;13;2;AN01607
gid://shopify/ProductVariant/46393492635943;AN01611-10;10;5900.0;;5;gid://shopify/Product/8582662390055;Anel Namorados 2012 | Ouro Amarelo 18K;65;13;2;AN01611
gid://shopify/ProductVariant/46393493094695;AN01608-10;10;5900.0;;5;gid://shopify/Product/8582662455591;Anel Namo 2012 | Ouro Branco 18K Com Ródio Negro;65;13;2;AN01608
gid://shopify/ProductVariant/46393493717287;AN01609-10;10;5900.0;;5;gid://shopify/Product/8582662521127;Anel Namo 2012 | Ouro Branco 18K;66;13;2;AN01609
gid://shopify/ProductVariant/46393494339879;AN01610-10;10;5900.0;;5;gid://shopify/Product/8582662619431;Anel Namo 2012 | Ouro Rosa 18K;65;13;2;AN01610
gid://shopify/ProductVariant/46393495159079;AN02506-10;10;3900.0;;5;gid://shopify/Product/8582662816039;Anel Orquidea | Prata Com Ouro Rosa E Diamante;66;13;3;AN02506
gid://shopify/ProductVariant/46393495879975;AN02505-10;10;3900.0;;5;gid://shopify/Product/8582663078183;Anel Orquídea | Prata Com Ródio Negro E Diamante.;66;13;2;AN02505
gid://shopify/ProductVariant/46393496928551;AN03360-10;10;1400.0;;5;gid://shopify/Product/8582663176487;Anel Pop Chain | Prata Com Ouro Amarelo 18k;81;13;2;AN03360
gid://shopify/ProductVariant/46393498042663;AN03361-10;10;1100.0;;5;gid://shopify/Product/8582663340327;Anel Pop Chain | Prata Com Ródio Negro;82;13;2;AN03361
gid://shopify/ProductVariant/46393498730791;AN03444-10;10;40800.0;;0;gid://shopify/Product/8582663471399;Anel Rock Star | Ouro Rosa E Branco 18K com Morganita e Diamantes;0;13;1;AN03444
gid://shopify/ProductVariant/46393499156775;AN03541-10;10;15000.0;;0;gid://shopify/Product/8582663504167;Anel Rock Star | Ouro Amarelo 18K com Citrino e Diamantes;0;13;1;AN03541
gid://shopify/ProductVariant/46393500631335;AN03404-10;10;12000.0;;5;gid://shopify/Product/8582663569703;Anel Rock Star - M | Ouro Branco 18K com Ródio Negro, Diamantes e Esmeralda;65;13;2;AN03404
gid://shopify/ProductVariant/46393501450535;AN03405-10;10;10900.0;;5;gid://shopify/Product/8582663700775;Anel Rock Star - M | Ouro Branco 18K com Ródio Negro, Diamantes e Rubi;65;13;2;AN03405
gid://shopify/ProductVariant/46393501974823;AN03406-10;10;10900.0;;5;gid://shopify/Product/8582663799079;Anel Rock Star - M | Ouro Branco 18K com Ródio Negro, Diamantes e Safira;65;13;2;AN03406
gid://shopify/ProductVariant/46393502761255;AN03407-10;10;9900.0;;5;gid://shopify/Product/8582663930151;Anel Rock Star | Ouro Branco 18K com Ródio Negro, Diamantes e Safira;65;13;2;AN03407
gid://shopify/ProductVariant/46393503285543;AN03408-10;10;26000.0;;5;gid://shopify/Product/8582664028455;Anel Rock Star - G | Ouro Branco 18K com Ródio Negro, Diamantes e Esmeralda;65;13;2;AN03408
gid://shopify/ProductVariant/46393503711527;AN03409-10;10;25200.0;;5;gid://shopify/Product/8582664093991;Anel Rock Star - G | Ouro Branco 18K com Ródio Negro, Diamantes e Rubi;65;13;2;AN03409
gid://shopify/ProductVariant/46393504366887;AN03410-10;10;25200.0;;5;gid://shopify/Product/8582664126759;Anel Rock Star - G | Ouro Branco 18K com Ródio Negro, Diamantes e Safira;65;13;2;AN03410
gid://shopify/ProductVariant/46393505055015;AN03456-10;10;18000.0;;0;gid://shopify/Product/8582664290599;Anel Rock Star | Ouro Branco 18K com Ródio Negro, Quartzo e Diamantes;0;13;1;AN03456
gid://shopify/ProductVariant/46393505480999;AN03542-10;10;24000.0;;0;gid://shopify/Product/8582664323367;Anel Rock Star | Ouro Branco 18K com Ródio Negro, Diamantes e Rubi;0;13;1;AN03542
gid://shopify/ProductVariant/46393506038055;AN03397-10;10;25000.0;;5;gid://shopify/Product/8582664388903;Anel Rock Star | Ouro Branco 18K com Ametista e Diamantes;65;13;1;AN03397
gid://shopify/ProductVariant/46393507021095;AN03398-10;10;8000.0;;0;gid://shopify/Product/8582664585511;Anel Rock Star | Ouro Branco 18K com Ródio Negro, Diamantes e Safira;0;13;2;AN03398
gid://shopify/ProductVariant/46393507709223;AN03399-10;10;7500.0;;0;gid://shopify/Product/8582664782119;Anel Rock Star | Ouro Branco 18K com Ródio Negro, Diamante e Safiras;0;13;2;AN03399
gid://shopify/ProductVariant/46393508299047;AN03400-10;10;7900.0;;5;gid://shopify/Product/8582664913191;Anel Rock Star - P | Ouro Branco 18K com Ródio Negro e Diamante Negros;65;13;2;AN03400
gid://shopify/ProductVariant/46393509282087;AN03401-10;10;13000.0;;5;gid://shopify/Product/8582665077031;Anel Rock Star - P | Ouro Branco 18K com Ródio Negro e Esmeraldas;65;13;2;AN03401
gid://shopify/ProductVariant/46393509904679;AN03402-10;10;8900.0;;5;gid://shopify/Product/8582665273639;Anel Rock Star - P | Ouro Branco 18K com Ródio Negro e Rubi;65;13;2;AN03402
gid://shopify/ProductVariant/46393510396199;AN03403-10;10;8900.0;;5;gid://shopify/Product/8582665371943;Anel Rock Star - P | Ouro Branco 18K com Ródio Negro e Safira;65;13;2;AN03403
gid://shopify/ProductVariant/46393510822183;AN06169-10;10;7500.0;;0;gid://shopify/Product/8582665404711;Anel Rock Star | Ouro Branco 18K com Ródio Negro, Diamante e Safiras;0;13;2;AN06169
gid://shopify/ProductVariant/46393511248167;AN06195-10;10;11000.0;;5;gid://shopify/Product/8582665437479;Anel Rock Star | Ouro Branco 18K com Ródio Negro e Diamantes;65;13;2;AN06195
gid://shopify/ProductVariant/46393512657191;AN03395-10;10;12000.0;;5;gid://shopify/Product/8582665503015;Anel Rock Star | Ouro Branco 18K e Diamantes;65;13;3;AN03395
gid://shopify/ProductVariant/46393513181479;AN03245-10;10;2800.0;;5;gid://shopify/Product/8582665568551;Anel Rock&Hot | Prata Com Ouro Amarelo 18k E Ágata negra;65;13;3;AN03245
gid://shopify/ProductVariant/46393513738535;AN02276-10;10;8500.0;;5;gid://shopify/Product/8582665634087;Anel Savage Solitário | Ouro Amarelo 18K E Diamante;67;13;2;AN02276
gid://shopify/ProductVariant/46393514197287;AN01867-10;10;5500.0;;5;gid://shopify/Product/8582665699623;Anel Savage Solitário | Ouro Branco 18K Com Ródio Negro E Safira;65;13;2;AN01867
gid://shopify/ProductVariant/46393514721575;AN01868-10;10;5500.0;;5;gid://shopify/Product/8582665830695;Anel Savage Solitário | Ouro Branco 18K Com Ródio Negro E Esmeralda;65;13;2;AN01868
gid://shopify/ProductVariant/46393515180327;AN01869-10;10;8500.0;;5;gid://shopify/Product/8582665896231;Anel Savage Solitário | Ouro Branco 18K Com Ródio Negro E Diamante;67;13;2;AN01869
gid://shopify/ProductVariant/46393515639079;AN01890-10;10;5500.0;;5;gid://shopify/Product/8582665928999;Anel Savage Solitário | Ouro Branco 18K Com Ródio Negro E Safira;65;13;1;AN01890
gid://shopify/ProductVariant/46393516065063;AN01864-10;10;9500.0;;5;gid://shopify/Product/8582665961767;Anel Savage Solitário | Ouro Branco 18K E Diamante Solitário;66;13;3;AN01864
gid://shopify/ProductVariant/46393516523815;AN03307-10;10;13200.0;;0;gid://shopify/Product/8582665994535;Anel Savage Solitário | Ouro Branco 18K E Diamante;1;13;3;AN03307
gid://shopify/ProductVariant/46393517015335;AN03368-10;10;10500.0;;5;gid://shopify/Product/8582666092839;Anel Savage De Ouro Branco 18K E Diamante Solitário;65;13;3;AN03368
gid://shopify/ProductVariant/46393517441319;AN01870-10;10;8500.0;;5;gid://shopify/Product/8582666125607;Anel Savage Solitário | Ouro Rosa 18K E Diamante;67;13;1;AN01870
gid://shopify/ProductVariant/46393517867303;AN02299-10;10;1400.0;;0;gid://shopify/Product/8582666158375;Anel Tropical | Prata Com Ouro Amarelo 18k;0;13;2;AN02299
gid://shopify/ProductVariant/46393518293287;AN02300-10;10;1400.0;;0;gid://shopify/Product/8582666191143;Anel Tropical | Prata Com Ródio Negro;0;13;2;AN02300
gid://shopify/ProductVariant/46393518719271;AN01724-10;10;12900.0;;5;gid://shopify/Product/8582666223911;Anel Universo | Ouro Branco 18K Com Ródio Negro E Esmeraldas;65;13;3;AN01724
gid://shopify/ProductVariant/46393519178023;AN01748-10;10;10500.0;;5;gid://shopify/Product/8582666322215;Anel Universo | Ouro Branco 18K Com Ródio Negro E Rubis;65;13;3;AN01748
gid://shopify/ProductVariant/46393519800615;AN01749-10;10;10500.0;;5;gid://shopify/Product/8582666453287;Anel Universo | Ouro Branco 18K Com Ródio Negro E Safiras;65;13;4;AN01749
gid://shopify/ProductVariant/46393520423207;AN01865-10;10;11900.0;;5;gid://shopify/Product/8582666649895;Anel Universo | Ouro Branco 18K Com Ródio Negro E Diamantes Negros;65;13;3;AN01865
gid://shopify/ProductVariant/46393521013031;AN02038-10;10;18900.0;;5;gid://shopify/Product/8582666846503;Anel Universo | Ouro Branco 18K Com Ródio Negro E Diamantes;65;13;3;AN02038
gid://shopify/ProductVariant/46393521537319;AN03573-10;10;102500.0;;0;gid://shopify/Product/8582666977575;Anel Vita Eterna | Ouro Amarelo e Branco 18K com Diamantes e Esmeralda de 8CT;0;13;2;AN03573
gid://shopify/ProductVariant/46393521963303;AN03175-10;10;1300.0;;0;gid://shopify/Product/8582667010343;Anel White chain | Prata Com Ouro Branco 18k;0;14;2;AN03175
gid://shopify/ProductVariant/46393523274023;AN03537-10;10;20000.0;;0;gid://shopify/Product/8582667108647;Anel Celebrate De Ouro Branco 18K E Diamante E Safira;0;13;0;AN03537
gid://shopify/ProductVariant/46393523798311;AN03215-10;10;220900.0;;0;gid://shopify/Product/8582667174183;Anel Deco 2019 De Ouro Branco 18K E Diamante E Esmeralda;0;13;0;AN03215
gid://shopify/ProductVariant/46393527206183;AN02785-10;10;12500.0;;0;gid://shopify/Product/8582667436327;Anel Especial | Ouro Branco 18K com Diamantes e Diamante negro;0;13;1;AN02785
gid://shopify/ProductVariant/46393528615207;AN02948-10;10;17500.0;;0;gid://shopify/Product/8582667567399;Anel Especial De Ouro Branco 18K E Diamante Negro;0;13;1;AN02948
gid://shopify/ProductVariant/46393529106727;AN03090-10;10;12500.0;;0;gid://shopify/Product/8582667632935;Anel Especial | Ouro Branco 18K com diamantes e  Diamante Negro;0;13;1;AN03090
gid://shopify/ProductVariant/46393537691943;AN02817-10;10;19900.0;;0;gid://shopify/Product/8582668353831;Anel Mães 2013 | Ouro Branco 18K com Diamantes e Diamante Negro;0;13;1;AN02817
gid://shopify/ProductVariant/46393538117927;AN02859-10;10;82900.0;;0;gid://shopify/Product/8582668386599;Anel Maes 2013 De Ouro Amarelo 18K E Diamante Fancy;0;13;0;AN02859
gid://shopify/ProductVariant/46393541263655;AN03318-10;10;11200.0;;0;gid://shopify/Product/8582668714279;Anel Maes 2013 De Ouro Branco 18K E Diamante E Rubi;0;13;0;AN03318
gid://shopify/ProductVariant/46393542213927;AN03321-10;10;11200.0;;0;gid://shopify/Product/8582668812583;Anel Maes 2013 De Ouro Branco 18K E Diamante E Rubi;0;13;0;AN03321
gid://shopify/ProductVariant/46393547522343;AN03430-10;10;25000.0;;0;gid://shopify/Product/8582669140263;Anel Super Star | Ouro Branco 18K, Kunzita e Diamante;0;13;1;AN03430
gid://shopify/ProductVariant/46393548407079;AN03453-10;10;19400.0;;0;gid://shopify/Product/8582669238567;Anel Rock Star De Ouro Branco 18K E Ametista E Diamante;0;13;0;AN03453
gid://shopify/ProductVariant/46393549259047;AN03472-10;10;17500.0;;0;gid://shopify/Product/8582669304103;Anel Rock Star De Ouro Branco 18K E Topázio E Diamante;0;13;0;AN03472
gid://shopify/ProductVariant/46393550143783;AN03496-10;10;26000.0;;0;gid://shopify/Product/8582669435175;Anel Rock Star De Ouro Branco 18K E Kunzita E Diamante;0;13;0;AN03496
gid://shopify/ProductVariant/46393550569767;AN03497-10;10;22900.0;;0;gid://shopify/Product/8582669631783;Anel Rock Star | Ouro Branco 18K com Kunzita e Diamantes;0;13;1;AN03497
gid://shopify/ProductVariant/46393551880487;AN03515-10;10;27000.0;;0;gid://shopify/Product/8582669762855;Anel Rock Star De Ouro Branco 18K E Topázio E Diamante;1;13;0;AN03515
gid://shopify/ProductVariant/46393555321127;AN03546-10;10;17200.0;;0;gid://shopify/Product/8582669926695;Anel Rock Star De Ouro Branco 18K E Topázio E Diamante;0;13;0;AN03546
gid://shopify/ProductVariant/46432287621415;PU02068T;M;2800.0;;5;gid://shopify/Product/8578005827879;Bracelete Rock | Prata com Ródio Negro;22;3;4;PU02068T
gid://shopify/ProductVariant/46432287654183;PU02069T;G;2800.0;;11;gid://shopify/Product/8578005827879;Bracelete Rock | Prata com Ródio Negro;22;3;4;PU02069T
gid://shopify/ProductVariant/46445192118567;PU01988T;M;35000.0;;5;gid://shopify/Product/8577782022439;Pulseira Rock Star De Ouro Branco 18K Com Ródio Negro E Esmeralda;15;3;3;PU01988T
gid://shopify/ProductVariant/46445192184103;PU02004T;G;35000.0;;5;gid://shopify/Product/8577782022439;Pulseira Rock Star De Ouro Branco 18K Com Ródio Negro E Esmeralda;15;3;3;PU02004T
gid://shopify/ProductVariant/46445220823335;PU01990T;M;33000.0;;5;gid://shopify/Product/8577782972711;Pulseira Rock Star De Ouro Branco 18K Com Ródio Negro E Rubi;15;3;3;PU01990T
gid://shopify/ProductVariant/46445220856103;PU03423T;G;33000.0;;5;gid://shopify/Product/8577782972711;Pulseira Rock Star De Ouro Branco 18K Com Ródio Negro E Rubi;15;3;3;PU03423T
gid://shopify/ProductVariant/46445647659303;PU01993T;M;33000.0;;5;gid://shopify/Product/8577781530919;Pulseira Rock Star De Ouro Branco 18K Com Ródio Negro E Safira;15;3;3;PU01993T
gid://shopify/ProductVariant/46445647692071;PU02002T;G;33000.0;;5;gid://shopify/Product/8577781530919;Pulseira Rock Star De Ouro Branco 18K Com Ródio Negro E Safira;15;3;3;PU02002T
gid://shopify/ProductVariant/46445688946983;PU01989T;M;51000.0;;5;gid://shopify/Product/8577784316199;Pulseira Rock Star De Ouro Branco 18K E Diamante;15;3;3;PU01989T
gid://shopify/ProductVariant/46445688979751;PU01998T;G;51000.0;;5;gid://shopify/Product/8577784316199;Pulseira Rock Star De Ouro Branco 18K E Diamante;15;3;3;PU01998T
gid://shopify/ProductVariant/46445729546535;PU06193T;M;44500.0;;5;gid://shopify/Product/8577782710567;Pulseira Rock Star De Ouro Branco 18K Com Ródio Negro E Diamante;15;3;3;PU06193T
gid://shopify/ProductVariant/46445729579303;PU06194T;G;44500.0;;5;gid://shopify/Product/8577782710567;Pulseira Rock Star De Ouro Branco 18K Com Ródio Negro E Diamante;15;3;3;PU06194T
gid://shopify/ProductVariant/46445757923623;PU01994T;M;36000.0;;5;gid://shopify/Product/8577780908327;Pulseira Rock Star De Ouro Branco 18K Com Ródio Negro E Diamante Negro;15;3;3;PU01994T
gid://shopify/ProductVariant/46445757956391;PU02000T;G;36000.0;;5;gid://shopify/Product/8577780908327;Pulseira Rock Star De Ouro Branco 18K Com Ródio Negro E Diamante Negro;15;3;3;PU02000T
gid://shopify/ProductVariant/46489567822119;PU01801T;M;6500.0;;7;gid://shopify/Product/8573508714791;Pulseira Chain Elo - P | Prata Com Ouro Amarelo 18k;18;3;5;PU01801T
gid://shopify/ProductVariant/46489567854887;PU01803T;G;6500.0;;5;gid://shopify/Product/8573508714791;Pulseira Chain Elo - P | Prata Com Ouro Amarelo 18k;18;3;5;PU01803T
gid://shopify/ProductVariant/46489801228583;PU01802T;M;5100.0;;0;gid://shopify/Product/8573509992743;Pulseira Chain Elo - P | Prata Com Ródio Negro;1;3;3;PU01802T
gid://shopify/ProductVariant/46489801261351;PU01804T;G;5400.0;;1;gid://shopify/Product/8573509992743;Pulseira Chain Elo - P | Prata Com Ródio Negro;1;3;3;PU01804T
gid://shopify/ProductVariant/46496629817639;BR06266T;Default Title;42000.0;;0;gid://shopify/Product/8608703316263;Brinco Celebrate De Ouro Branco 18K E Diamante E Esmeralda;0;1;0;BR06266T
gid://shopify/ProductVariant/46496637780263;BR04585T;Default Title;19000.0;;0;gid://shopify/Product/8608707641639;Brinco Brasil | Ouro Branco 18K Com Ródio Negro E Turmalinas;0;1;1;BR04585T
gid://shopify/ProductVariant/46496638009639;BR06424T;Default Title;125000.0;;0;gid://shopify/Product/8608707871015;Brinco Celebrate | Ouro Amarelo e Branco 18K com Diamantes e Esmeraldas.;0;1;1;BR06424T
gid://shopify/ProductVariant/46496804372775;BR06383T;Default Title;119000.0;;0;gid://shopify/Product/8608784843047;Brinco Celebrate | Ouro Branco 18K com Diamantes e Turmalinas Paraíba;0;1;1;BR06383T
gid://shopify/ProductVariant/46496804667687;BR06475T;Default Title;139500.0;;0;gid://shopify/Product/8608785105191;Brinco Celebrate De Ouro Branco 18K E Diamante E Rubi;0;1;0;BR06475T
gid://shopify/ProductVariant/46496805060903;BR02815T;Default Title;18500.0;;5;gid://shopify/Product/8608785498407;Brinco Especial De Ouro Branco 18K E Diamante Negro;5;1;0;BR02815T
gid://shopify/ProductVariant/46496805355815;BR06083T;Default Title;9000.0;;0;gid://shopify/Product/8608785793319;Brinco Ear Cuff Especial De Ouro Branco 18K Com Rodio Negro E Rubi;0;1;0;BR06083T
gid://shopify/ProductVariant/46496805585191;BR06448T;Default Title;25000.0;;0;gid://shopify/Product/8608786022695;Brinco Especial De Ouro Branco 18K E Diamante;0;1;0;BR06448T
gid://shopify/ProductVariant/46496805880103;BR05712T;Default Title;563500.0;;1;gid://shopify/Product/8608786317607;Brinco Especial | Ouro Branco 18K Com Ródio Negro, Diamante E Rubi de 22CT;1;1;0;BR05712T
gid://shopify/ProductVariant/46496806109479;BR05735T;Default Title;61000.0;;0;gid://shopify/Product/8608786546983;Brinco Especial De Ouro Branco 18K Com Rodio Negro E Esmeralda;0;1;0;BR05735T
gid://shopify/ProductVariant/46496806600999;BR05922T;Default Title;47000.0;;0;gid://shopify/Product/8608786776359;Brinco Especial De Ouro Branco 18K Com Rodio Negro E Safira;0;1;2;BR05922T
gid://shopify/ProductVariant/46496806764839;BR06123T;Default Title;437900.0;;0;gid://shopify/Product/8608786972967;Brinco Especial De Ouro Branco 18K Com Rodio Negro E Diamante E Esmeralda;0;1;0;BR06123T
gid://shopify/ProductVariant/46496806928679;BR06127T;Default Title;149000.0;;0;gid://shopify/Product/8608787169575;Brinco Especial De Ouro Rosa 18K E Rubi;0;1;0;BR06127T
gid://shopify/ProductVariant/46496807125287;BR06140T;Default Title;210000.0;;0;gid://shopify/Product/8608787300647;Brinco Especial De Ouro Branco 18K Com Rodio Negro E Esmeralda;0;1;0;BR06140T
gid://shopify/ProductVariant/46496807649575;BR06146T;Default Title;70700.0;;0;gid://shopify/Product/8608787530023;Brinco Especial De Ouro Branco 18K Com Rodio Negro E Esmeralda;0;1;0;BR06146T
gid://shopify/ProductVariant/46496808042791;BR06148T;Default Title;8400.0;;0;gid://shopify/Product/8608787759399;Brinco Especial De Ouro Branco 18K Com Rodio Negro E Esmeralda;0;1;0;BR06148T
gid://shopify/ProductVariant/46496808239399;BR06201T;Default Title;322500.0;;0;gid://shopify/Product/8608787890471;Brinco Especial | Ouro Amarelo E Branco 18K com Diamantes, diamantes negros e Esmeralda de 16CT;0;1;0;BR06201T
gid://shopify/ProductVariant/46496808468775;BR06220T;Default Title;7000.0;;0;gid://shopify/Product/8608788119847;Brinco Especial De Ouro Branco 18K Com Rodio Negro E Safira;0;1;0;BR06220T
gid://shopify/ProductVariant/46496808698151;BR06514T;Default Title;19000.0;;0;gid://shopify/Product/8608788349223;Brinco Especial De Ouro Branco 18K Com Rodio Negro E Esmeralda;0;1;0;BR06514T
gid://shopify/ProductVariant/46496808993063;BR06564T;Default Title;6900.0;;0;gid://shopify/Product/8608788480295;Brinco Especial De Ouro Branco 18K Com Rodio Negro E Esmeralda;0;1;2;BR06564T
gid://shopify/ProductVariant/46496809255207;BR06565T;Default Title;4500.0;;0;gid://shopify/Product/8608788676903;Brinco Especial De Ouro Branco 18K Com Rodio Negro E Esmeralda;0;1;0;BR06565T
gid://shopify/ProductVariant/46496809386279;BR06566T;Default Title;12500.0;;0;gid://shopify/Product/8608788775207;Brinco Especial De Ouro Branco 18K Com Rodio Negro E Esmeralda;0;1;0;BR06566T
gid://shopify/ProductVariant/46496810107175;BR05587T;Default Title;22500.0;;5;gid://shopify/Product/8608789201191;Brinco Lifestyle De Ouro Branco 18K Com Rodio Negro E Diamante E Esmeralda;5;1;4;BR05587T
gid://shopify/ProductVariant/46496810500391;BR06139T;Default Title;33000.0;;0;gid://shopify/Product/8608789430567;Brinco Ear Cuff Maes 2013 De Ouro Branco 18K Com Rodio Negro E Esmeralda;0;1;0;BR06139T
gid://shopify/ProductVariant/46496810729767;BR06288T;Default Title;21000.0;;5;gid://shopify/Product/8608789594407;Brinco Rock Star | Ouro Branco 18K Com Ródio Negro, Diamantes E Safiras;5;1;0;BR06288T
gid://shopify/ProductVariant/46496810926375;BR05297T;Default Title;4750.0;;5;gid://shopify/Product/8608789758247;Brinco Tlj De Ouro Branco 18K Com Rodio Negro E Diamante;5;1;0;BR05297T
gid://shopify/ProductVariant/46496811188519;BR05397T;Default Title;19900.0;;5;gid://shopify/Product/8608789987623;Brinco Ear Cuff Universo | Ouro Branco 18K Com Ródio Negro E Diamantes;5;1;1;BR05397T
gid://shopify/ProductVariant/46496811581735;BR03909T;Default Title;33000.0;;0;gid://shopify/Product/8608790184231;Brinco Ear Cuff Universo De Ouro Branco 18K Com Rodio Negro E Turmalina Paraiba;0;1;0;BR03909T
gid://shopify/ProductVariant/46496811778343;CL04100;Default Title;8300.0;;0;gid://shopify/Product/8608790348071;Colar Choker De Ouro Branco 18K Com Rodio Negro E Diamante;0;1;1;CL04100
gid://shopify/ProductVariant/46496811942183;CL04574;Default Title;117500.0;;5;gid://shopify/Product/8608790479143;Colar Clássico De Ouro Branco 18K E Diamante;5;1;0;CL04574
gid://shopify/ProductVariant/46496812138791;CL04599;Default Title;87500.0;;5;gid://shopify/Product/8608790642983;Colar Clássico De Ouro Branco 18K Com Rodio Negro E Diamante;5;1;0;CL04599
gid://shopify/ProductVariant/46496812335399;CL04471;Default Title;132000.0;;0;gid://shopify/Product/8608790839591;Colar Clássico De Ouro Branco 18K E Diamante;0;1;0;CL04471
gid://shopify/ProductVariant/46496812499239;CL04601;Default Title;47500.0;;5;gid://shopify/Product/8608791003431;Colar Clássico | Ouro Branco 18K Com Ródio Negro E DiamanteS Negros;5;1;1;CL04601
gid://shopify/ProductVariant/46496812695847;CL04612;Default Title;10200.0;;0;gid://shopify/Product/8608791134503;Colar Especial De Ouro Branco 18K Com Rodio Negro E Turmalina Paraiba;0;1;0;CL04612
gid://shopify/ProductVariant/46496812794151;CL04154;Default Title;98900.0;;0;gid://shopify/Product/8608791232807;Colar | Ouro Branco 18K Com Ródio Negro E Safira oval de 6CT;0;1;1;CL04154
gid://shopify/ProductVariant/46496813121831;CL00774;Default Title;16000.0;;0;gid://shopify/Product/8608791429415;Colar Especial De Ouro Branco 18K Com Rodio Negro E Diamante E Turmalina Paraiba;0;1;0;CL00774
gid://shopify/ProductVariant/46496813908263;CL02027;Default Title;48000.0;;0;gid://shopify/Product/8608791757095;Colar Especial De Ouro Branco 18K Com Rodio Negro E Esmeralda;0;1;0;CL02027
gid://shopify/ProductVariant/46496814367015;CL02030;Default Title;167000.0;;0;gid://shopify/Product/8608791953703;Colar Especial De Ouro Branco 18K Com Rodio Negro E Esmeralda;0;1;0;CL02030
gid://shopify/ProductVariant/46496814596391;CL03882;Default Title;39900.0;;0;gid://shopify/Product/8608792150311;Colar Especial De Ouro Branco 18K Com Rodio Negro E Rubi;0;1;0;CL03882
gid://shopify/ProductVariant/46496814989607;CL04482;Default Title;34000.0;;0;gid://shopify/Product/8608792445223;Colar Especial De Ouro Branco 18K Com Rodio Negro E Esmeralda;0;1;0;CL04482
gid://shopify/ProductVariant/46496815120679;CL04606;Default Title;45000.0;;0;gid://shopify/Product/8608792576295;Colar Especial De Ouro Branco 18K Com Rodio Negro E Diamante Negro;0;1;0;CL04606
gid://shopify/ProductVariant/46496815612199;CL03749;P;29000.0;;5;gid://shopify/Product/8608792969511;Colar Love Ny De Ouro Amarelo 18K E Diamante - P;10;3;2;CL03749
gid://shopify/ProductVariant/46496816169255;CL01407;Default Title;34000.0;;0;gid://shopify/Product/8608793493799;Colar Pura De Ouro Branco 18K Com Rodio Negro E Rubi;0;1;1;CL01407
gid://shopify/ProductVariant/46496818135335;CL04438;Default Title;35000.0;;0;gid://shopify/Product/8608793755943;Colar Pura De Ouro Branco 18K Com Rodio Negro E Turmalina Paraiba;0;1;0;CL04438
gid://shopify/ProductVariant/46496821412135;CO01292;Default Title;8500.0;;5;gid://shopify/Product/8608793952551;Colar Tlj De Ouro Branco 18K E Diamante;5;1;2;CO01292
gid://shopify/ProductVariant/46496821805351;CO00012;Default Title;4600.0;;0;gid://shopify/Product/8608794247463;Corrente Clássico De Ouro Branco 18K Com Rodio Negro;0;1;0;CO00012
gid://shopify/ProductVariant/46496822853927;CO01297;Default Title;6200.0;;5;gid://shopify/Product/8608794542375;Corrente Clássico De Ouro Amarelo 18K;5;1;0;CO01297
gid://shopify/ProductVariant/46496823017767;CO01322;Default Title;6200.0;;6;gid://shopify/Product/8608794673447;Corrente Clássico De Ouro Branco 18K Com Rodio Negro;6;1;2;CO01322
gid://shopify/ProductVariant/46496823214375;CO01320;Default Title;6200.0;;6;gid://shopify/Product/8608794837287;Corrente Clássico De Ouro Branco 18K;6;1;2;CO01320
gid://shopify/ProductVariant/46496823410983;CO0746;Default Title;4400.0;;0;gid://shopify/Product/8608795033895;Corrente Clássico De Ouro Rosa 18K;0;1;0;CO0746
gid://shopify/ProductVariant/46496823574823;CO00021;Default Title;4500.0;;5;gid://shopify/Product/8608795164967;Corrente Clássico De Ouro Rosa 18K;5;1;2;CO00021
gid://shopify/ProductVariant/46496823836967;CO01319;Default Title;4500.0;;5;gid://shopify/Product/8608795328807;Corrente Clássico De Ouro Branco 18K Com Rodio Negro;5;1;2;CO01319
gid://shopify/ProductVariant/46496824131879;CO01321;Default Title;6200.0;;5;gid://shopify/Product/8608795394343;Corrente Clássico De Ouro Rosa 18K;5;1;0;CO01321
gid://shopify/ProductVariant/46496824361255;BR06458T;P;4900.0;;5;gid://shopify/Product/8608795590951;Piercing Savage - P | Ouro Branco 18K Com Rodio Negro E Esmeralda;5;1;1;BR06458T
gid://shopify/ProductVariant/46496824623399;BR06456T;P;4900.0;;5;gid://shopify/Product/8608795820327;Piercing Savage | Ouro Branco 18K Com Ródio Negro E Diamantes Negros;5;1;1;BR06456T
gid://shopify/ProductVariant/46496824754471;BR06462T;P;4500.0;;5;gid://shopify/Product/8608795951399;Piercing Savage De Ouro Branco 18K Com Ródio Negro E Rubi - P;5;1;1;BR06462T
gid://shopify/ProductVariant/46496824918311;PI01468;Default Title;52000.0;;0;gid://shopify/Product/8608796049703;Pingente Celebrate De Ouro Branco 18K E Esmeralda;0;1;0;PI01468
gid://shopify/ProductVariant/46496827506983;PI01405;G;1700.0;;0;gid://shopify/Product/8608797688103;Pingente Rock - G | Prata Com Ouro Amarelo 18K;0;1;0;PI01405
gid://shopify/ProductVariant/46496827703591;PI01414;P;1700.0;;5;gid://shopify/Product/8608797851943;Pingente Rock - P | Prata Com Ouro Amarelo 18K;5;1;1;PI01414
gid://shopify/ProductVariant/46496829341991;PI01458;P;700.0;;0;gid://shopify/Product/8608798998823;Pingente Rock - P | Prata Com Ouro Amarelo 18K E Quartzo Negro;0;1;0;PI01458
gid://shopify/ProductVariant/46496830161191;PI01459;P;650.0;;0;gid://shopify/Product/8608799555879;Pingente Rock - P | Prata Com Ouro Amarelo 18K E Quartzo Negro;0;1;0;PI01459
gid://shopify/ProductVariant/46496833208615;PU01260T;Default Title;25000.0;;0;gid://shopify/Product/8608800669991;Pulseira Clássico De Ouro Branco 18K E Diamante Negro;0;1;0;PU01260T
gid://shopify/ProductVariant/46496833405223;PU01212T;Default Title;33900.0;;5;gid://shopify/Product/8608800866599;Pulseira Clássico De Ouro Branco 18K E Diamante Negro;5;1;0;PU01212T
gid://shopify/ProductVariant/46496833700135;PU01992T;Default Title;29000.0;;5;gid://shopify/Product/8608801128743;Pulseira Clássico De Ouro Branco 18K E Diamante Negro;5;1;1;PU01992T
gid://shopify/ProductVariant/46496833863975;PU02034T;Default Title;40500.0;;5;gid://shopify/Product/8608801259815;Pulseira Clássico De Ouro Branco 18K Com Rodio Negro E Esmeralda;5;1;0;PU02034T
gid://shopify/ProductVariant/46496834027815;PU02062T;Default Title;27000.0;;5;gid://shopify/Product/8608801423655;Pulseira Clássico De Ouro Branco 18K E Diamante Negro;5;1;1;PU02062T
gid://shopify/ProductVariant/46496834191655;PU01003;Default Title;191900.0;;0;gid://shopify/Product/8608801554727;Pulseira Tennis | Ouro Branco 18K E Diamantes;0;1;1;PU01003
gid://shopify/ProductVariant/46496834879783;PU01323T;Default Title;25900.0;;5;gid://shopify/Product/8608801751335;Pulseira Clássico De Ouro Branco 18K Com Rodio Negro E Safira;5;1;2;PU01323T
gid://shopify/ProductVariant/46496835469607;PU01435T;Default Title;131000.0;;1;gid://shopify/Product/8608801980711;Pulseira Clássico De Ouro Branco 18K E Diamante Negro;1;1;2;PU01435T
gid://shopify/ProductVariant/46496835764519;PU01626T;Default Title;66900.0;;5;gid://shopify/Product/8608802242855;Pulseira Clássico De Ouro Branco 18K E Diamante Negro;5;1;1;PU01626T
gid://shopify/ProductVariant/46496836682023;PU02047T;Default Title;43840.0;;0;gid://shopify/Product/8608802341159;Pulseira Clássico De Ouro Branco 18K Com Rodio Negro E Diamante Negro;0;1;1;PU02047T
gid://shopify/ProductVariant/46496836911399;PU02048T;Default Title;166000.0;;1;gid://shopify/Product/8608802537767;Pulseira Clássico De Ouro Branco 18K Com Rodio Negro E Diamante Negro;1;1;1;PU02048T
gid://shopify/ProductVariant/46496837271847;PU01986T;Default Title;60500.0;;0;gid://shopify/Product/8608802865447;Pulseira Especial De Ouro Branco 18K E Diamante;0;1;0;PU01986T
gid://shopify/ProductVariant/46496837501223;PU02064T;Default Title;103900.0;;1;gid://shopify/Product/8608803062055;Pulseira Especial De Ouro Branco 18K E Diamante;1;1;1;PU02064T
gid://shopify/ProductVariant/46496837599527;PU02071T;Default Title;77000.0;;0;gid://shopify/Product/8608803160359;Pulseira Especial De Ouro Branco 18K Com Rodio Negro E Esmeralda;0;1;1;PU02071T
gid://shopify/ProductVariant/46496837992743;PU02072T;Default Title;126500.0;;0;gid://shopify/Product/8608803520807;Pulseira Lifestyle De Ouro Branco 18K Com Rodio Negro E Diamante E Esmeralda;0;1;0;PU02072T
gid://shopify/ProductVariant/46496838549799;PU01654T;P;6900.0;;5;gid://shopify/Product/8608803684647;Pulseira Orquidea De Prata Com Rodio Negro E Diamante - P;5;1;2;PU01654T
gid://shopify/ProductVariant/46497001636135;BR05246T;Default Title;127900.0;;0;gid://shopify/Product/8608879870247;Brinco Gota | Ouro Branco 18K Com Ródio Negro E Esmeraldas;0;1;1;BR05246T
gid://shopify/ProductVariant/46497001767207;BR06124T;Default Title;133000.0;;0;gid://shopify/Product/8608879968551;Brinco Dont Care De Ouro Branco 18K Com Rodio Negro E Esmeralda;0;1;0;BR06124T
gid://shopify/ProductVariant/46497001963815;BR06467T;Default Title;24000.0;;0;gid://shopify/Product/8608880132391;Brinco Ear Cuff Dont Care De Ouro Branco 18K Com Rodio Negro E Esmeralda;0;1;0;BR06467T
gid://shopify/ProductVariant/46497002127655;BR06113T;Default Title;2900.0;;5;gid://shopify/Product/8608880263463;Brinco Especial De Ouro Rosa 18K E Diamante Solitario;5;1;0;BR06113T
gid://shopify/ProductVariant/46497002357031;BR06112T;Default Title;1500.0;;5;gid://shopify/Product/8608880460071;Brinco Especial De Ouro Rosa 18K E Diamante Solitario;5;1;0;BR06112T
gid://shopify/ProductVariant/46497002684711;BR05968T;Default Title;11000.0;;5;gid://shopify/Product/8608880656679;Brinco Especial De Ouro Branco 18K E Diamante Solitario;5;1;0;BR05968T
gid://shopify/ProductVariant/46497002815783;BR05975T;Default Title;13000.0;;0;gid://shopify/Product/8608880754983;Brinco Especial De Ouro Branco 18K E Diamante Solitario;0;1;0;BR05975T
gid://shopify/ProductVariant/46497002979623;BR06446T;Default Title;18000.0;;0;gid://shopify/Product/8608880918823;Brinco Especial De Ouro Branco 18K E Diamante Solitario;0;1;0;BR06446T
gid://shopify/ProductVariant/46497003274535;BR04407T;Default Title;23500.0;;0;gid://shopify/Product/8608881115431;Brinco Especial De Ouro Branco 18K Com Rodio Negro E Diamante Solitario;0;1;0;BR04407T
gid://shopify/ProductVariant/46497003438375;BR04430T;Default Title;31000.0;;0;gid://shopify/Product/8608881246503;Brinco Especial De Ouro Branco 18K Com Rodio Negro E Diamante Solitario;0;1;0;BR04430T
gid://shopify/ProductVariant/46497003569447;BR05164T;G;226000.0;;1;gid://shopify/Product/8608881410343;Brinco Especial De Ouro Branco 18K E Diamante Solitario - G;1;1;1;BR05164T
gid://shopify/ProductVariant/46497003897127;BR05672T;Default Title;45000.0;;0;gid://shopify/Product/8608881574183;Brinco Especial De Ouro Branco 18K E Diamante Solitario;0;1;1;BR05672T
gid://shopify/ProductVariant/46497004060967;BR05748T;Default Title;260000.0;;0;gid://shopify/Product/8608881705255;Brinco Especial De Ouro Branco 18K E Diamante Solitario;0;1;0;BR05748T
gid://shopify/ProductVariant/46497004224807;BR06199T;Default Title;167500.0;;1;gid://shopify/Product/8608881869095;Brinco Especial De Ouro Branco 18K E Diamante Solitario;1;1;0;BR06199T
gid://shopify/ProductVariant/46497004486951;BR06511T;Default Title;18600.0;;0;gid://shopify/Product/8608882065703;Brinco Especial De Ouro Branco 18K E Diamante Solitario;0;1;0;BR06511T
gid://shopify/ProductVariant/46497004847399;CL04151;Default Title;55000.0;;0;gid://shopify/Product/8608882327847;Colar Especial De Ouro Branco 18K E Diamante Solitario;0;1;1;CL04151
gid://shopify/ProductVariant/46497005044007;CL04609;Default Title;12000.0;;1;gid://shopify/Product/8608882491687;Colar Especial Solitário | Ouro Branco 18K com Diamante;1;1;1;CL04609
gid://shopify/ProductVariant/46497005666599;PU01568T;Default Title;209900.0;;1;gid://shopify/Product/8608882622759;Pulseira Clássico De Ouro Branco 18K E Diamante Solitario;1;1;1;PU01568T
gid://shopify/ProductVariant/46497005764903;PU01753T;Default Title;86900.0;;5;gid://shopify/Product/8608882688295;Pulseira Clássico De Ouro Branco 18K E Diamante Solitario;5;1;1;PU01753T
gid://shopify/ProductVariant/46497006420263;PU01769T;Default Title;71500.0;;5;gid://shopify/Product/8608882852135;Pulseira Clássico De Ouro Branco 18K Com Rodio Negro E Diamante Solitario;5;1;0;PU01769T
gid://shopify/ProductVariant/46497006682407;PU01320T;Default Title;55500.0;;5;gid://shopify/Product/8608883048743;Pulseira Clássico De Ouro Branco 18K E Diamante Solitario;5;1;1;PU01320T
gid://shopify/ProductVariant/46497006780711;PU01537T;Default Title;149000.0;;5;gid://shopify/Product/8608883147047;Pulseira Clássico De Ouro Branco 18K Com Rodio Negro E Diamante Solitario;5;1;1;PU01537T
gid://shopify/ProductVariant/46497006944551;PU02061T;Default Title;368500.0;;0;gid://shopify/Product/8608883310887;Pulseira Clássico De Ouro Branco 18K E Diamante Solitario;0;1;1;PU02061T
gid://shopify/ProductVariant/46497007075623;PU02070T;Default Title;42000.0;;0;gid://shopify/Product/8608883409191;Pulseira Clássico De Ouro Branco 18K E Diamante Solitario;0;1;1;PU02070T
gid://shopify/ProductVariant/46497007304999;PU01764T;Default Title;750000.0;;1;gid://shopify/Product/8608883573031;Pulseira Lifestyle De Ouro Branco 18K E Diamante Solitario;1;1;1;PU01764T
gid://shopify/ProductVariant/46497109508391;BR02031T;Default Title;205900.0;;0;gid://shopify/Product/8608939376935;Brinco Eterna Rock De Ouro Branco 18K Com Rodio Negro E Diamante E Esmeralda;0;1;0;BR02031T
gid://shopify/ProductVariant/46497109639463;BR06231T;Default Title;469000.0;;1;gid://shopify/Product/8608939508007;Brinco Eterna Rock | Ouro Branco 18K Com Ródio Negro, Diamantes E Rubi de 28CT;1;1;0;BR06231T
gid://shopify/ProductVariant/46497109770535;BR06254T;Default Title;113900.0;;0;gid://shopify/Product/8608939639079;Brinco Eterna Rock | Ouro Branco 18K Com Ródio Negro, Diamante E Esmeralda de 10CT;0;1;3;BR06254T
gid://shopify/ProductVariant/46497109901607;BR06264T;Default Title;41000.0;;0;gid://shopify/Product/8608939737383;Brinco Eterna Rock De Ouro Branco 18K Com Rodio Negro E Diamante E Esmeralda;0;1;0;BR06264T
gid://shopify/ProductVariant/46497110032679;BR06370T;Default Title;198900.0;;1;gid://shopify/Product/8608939868455;Brinco Eterna Rock | Ouro Branco 18K Com Ródio Negro, Diamantes e Esmeraldas de 28CT;1;1;3;BR06370T
gid://shopify/ProductVariant/46497110163751;BR06393T;Default Title;300500.0;;0;gid://shopify/Product/8608939999527;Brinco Eterna Rock | Ouro Branco 18K com Diamante E Turmalina Paraiba de 8CT;0;1;0;BR06393T
gid://shopify/ProductVariant/46497110294823;BR06520T;Default Title;110000.0;;0;gid://shopify/Product/8608940097831;Brinco Vita Eterna De Ouro Amarelo E Branco 18K E Diamante E Esmeralda;0;1;0;BR06520T
gid://shopify/ProductVariant/46497110556967;BR06521T;Default Title;71000.0;;0;gid://shopify/Product/8608940294439;Brinco Vita Eterna De Ouro Branco 18K E Topázio E Diamante;0;1;0;BR06521T
gid://shopify/ProductVariant/46497110688039;BR06523T;Default Title;139000.0;;0;gid://shopify/Product/8608940458279;Brinco Vita Eterna | Ouro Branco 18K com Diamantes e Safiras;0;1;1;BR06523T
gid://shopify/ProductVariant/46497110950183;BR06528T;Default Title;130000.0;;0;gid://shopify/Product/8608940622119;Brinco Vita Eterna De Ouro Amarelo E Branco 18K E Diamante E Esmeralda;0;1;0;BR06528T
gid://shopify/ProductVariant/46497111245095;CL04542;Default Title;19900.0;;0;gid://shopify/Product/8608940785959;Colar Eterna Rock | Ouro Branco 18K com Morganita e Diamante;0;1;2;CL04542
gid://shopify/ProductVariant/46497111408935;CL04554;Default Title;80000.0;;0;gid://shopify/Product/8608940917031;Colar Eterna Rock De Ouro Branco 18K Com Rodio Negro E Diamante E Esmeralda;0;1;0;CL04554
gid://shopify/ProductVariant/46497111507239;CL04566;Default Title;660000.0;;0;gid://shopify/Product/8608941015335;Colar Eterna Rock De Ouro Branco 18K E Diamante E Safira;0;1;0;CL04566
gid://shopify/ProductVariant/46497112031527;CL04567;Default Title;125000.0;;0;gid://shopify/Product/8608941211943;Colar Eterna Rock De Ouro 18K Com Rodio Negro E Diamante E Safira;0;1;0;CL04567
gid://shopify/ProductVariant/46497112228135;CL04586;Default Title;33000.0;;0;gid://shopify/Product/8608941408551;Colar Eterna Rock De Ouro Branco 18K E Topázio E Diamante;0;1;0;CL04586
gid://shopify/ProductVariant/46497112490279;CL06391;Default Title;33700.0;;0;gid://shopify/Product/8608941572391;Colar Eterna Rock De Ouro Branco 18K E Kunzita E Diamante;0;1;0;CL06391
gid://shopify/ProductVariant/46497112817959;CL04608;Default Title;245000.0;;0;gid://shopify/Product/8608941768999;Colar Vita Eterna De Ouro Amarelo 18K E Diamante E Esmeralda;0;1;0;CL04608
gid://shopify/ProductVariant/46497254015271;CL04577;Default Title;29900.0;;0;gid://shopify/Product/8609017037095;Colar Eterna Rock De Ouro 18K Com Rodio Negro E Tumalina E Diamante;0;1;0;CL04577
gid://shopify/ProductVariant/46498360033575;AN03510-10;10;62000.0;;0;gid://shopify/Product/8609680589095;ANEL CELEBRATE SOLITÁRIO | OURO AMARELO E BRANCO 18K COM DIAMANTES E ESMERALDA;0;13;1;AN03510
gid://shopify/ProductVariant/46498360787239;AN03533-10;10;141500.0;;0;gid://shopify/Product/8609680982311;ANEL CELEBRATE SOLITÁRIO | OURO AMARELO E BRANCO 18K COM DIAMANTES E ESMERALDA de 31CT;1;13;1;AN03533
gid://shopify/ProductVariant/46498366488871;AN03148-10;10;89900.0;;0;gid://shopify/Product/8609682620711;Anel Especial De Ouro Amarelo E Branco 18K E Diamante E Esmeralda;1;13;1;AN03148
gid://shopify/ProductVariant/46498369339687;AN03349-10;10;75000.0;;0;gid://shopify/Product/8609683538215;Anel Especial De Ouro Amarelo E Branco 18K E Diamante E Esmeralda;0;13;0;AN03349
gid://shopify/ProductVariant/46498370093351;AN03448-10;10;138500.0;;0;gid://shopify/Product/8609683931431;Anel Coração Esmeralda | Ouro Amarelo e Branco 18K com Esmeralda e Diamantes;0;13;1;AN03448
gid://shopify/ProductVariant/46498370814247;AN03449-10;10;138000.0;;0;gid://shopify/Product/8609684291879;Anel Especial De Ouro Amarelo E Branco 18K E Diamante E Esmeralda;0;13;0;AN03449
gid://shopify/ProductVariant/46498372780327;AN03492-10;10;115000.0;;0;gid://shopify/Product/8609684947239;Anel Especial De Ouro Amarelo E Branco 18K E Diamante E Esmeralda;0;13;0;AN03492
gid://shopify/ProductVariant/46498374975783;AN03572-10;10;98000.0;;0;gid://shopify/Product/8609685602599;Anel Galeria De Ouro Amarelo E Branco 18K E Diamante E Esmeralda;0;13;0;AN03572
gid://shopify/ProductVariant/46498387755303;AN03577-10;10;59000.0;;0;gid://shopify/Product/8609688256807;Anel Vita Eterna De Ouro Amarelo E Branco 18K E Diamante E Esmeralda;0;13;0;AN03577
gid://shopify/ProductVariant/46498388508967;AN03578-10;10;74800.0;;0;gid://shopify/Product/8609688682791;Anel Vita Eterna De Ouro Amarelo E Branco 18K E Diamante E Esmeralda;0;13;0;AN03578
gid://shopify/ProductVariant/46506764697895;AN02702-10;10;27000.0;;5;gid://shopify/Product/8612227383591;Anel Especial De Ouro Branco 18K E Diamante Solitario;65;13;0;AN02702
gid://shopify/ProductVariant/46506765123879;AN03588-10;10;12500.0;;0;gid://shopify/Product/8612227416359;Anel Especial De Ouro Branco 18K E Diamante Solitario;0;13;0;AN03588
gid://shopify/ProductVariant/46506765549863;AN02055-10;10;340000.0;;0;gid://shopify/Product/8612227449127;Anel Especial De Ouro Branco 18K E Diamante Solitario;0;13;0;AN02055
gid://shopify/ProductVariant/46506765975847;AN02242-10;10;49000.0;;0;gid://shopify/Product/8612227481895;Anel Especial De Ouro Branco 18K E Diamante Solitario;0;13;0;AN02242
gid://shopify/ProductVariant/46509280264487;AN02473-10;10;89500.0;;0;gid://shopify/Product/8612627841319;Anel Especial Solitário | Ouro Branco 18K com Diamantes;1;13;1;AN02473
gid://shopify/ProductVariant/46509281280295;AN02524-10;10;99000.0;;0;gid://shopify/Product/8612628037927;Anel Especial De Ouro Branco 18K E Diamante Solitario;0;13;0;AN02524
gid://shopify/ProductVariant/46509282033959;AN02752-10;10;47000.0;;0;gid://shopify/Product/8612628201767;Anel Especial De Ouro Branco 18K E Diamante Solitario;0;13;0;AN02752
gid://shopify/ProductVariant/46509284426023;AN02943-10;10;77500.0;;0;gid://shopify/Product/8612628267303;Anel Especial De Ouro Branco 18K Com Rodio Negro E Diamante Solitario;0;13;1;AN02943
gid://shopify/ProductVariant/46509285310759;AN03188-10;10;41500.0;;5;gid://shopify/Product/8612628398375;Anel Especial De Ouro Branco 18K E Diamante Solitario;65;13;0;AN03188
gid://shopify/ProductVariant/46509286064423;AN03227-10;10;71200.0;;0;gid://shopify/Product/8612628529447;Anel Especial De Ouro Branco 18K E Diamante Solitario;0;13;0;AN03227
gid://shopify/ProductVariant/46509287473447;AN03240-10;10;97900.0;;0;gid://shopify/Product/8612628693287;Anel Especial Solitário | Ouro Branco 18K com Diamante;1;13;1;AN03240
gid://shopify/ProductVariant/46509287997735;AN03290-10;10;30500.0;;0;gid://shopify/Product/8612628857127;Anel Especial De Ouro Branco 18K E Diamante Solitario;0;13;0;AN03290
gid://shopify/ProductVariant/46509291831591;AN03523-10;10;63000.0;;0;gid://shopify/Product/8612629086503;Anel Especial De Ouro Branco 18K E Diamante Solitario;0;13;0;AN03523
gid://shopify/ProductVariant/46509292716327;AN03046-10;10;27500.0;;5;gid://shopify/Product/8612629217575;Anel Lifestyle De Ouro Branco 18K Com Rodio Negro E Diamante;65;13;0;AN03046
gid://shopify/ProductVariant/46509294846247;AN03043-10;10;26500.0;;5;gid://shopify/Product/8612629381415;Anel Lifestyle De Ouro Branco 18K Com Rodio Negro E Diamante;65;13;1;AN03043
gid://shopify/ProductVariant/46509296615719;AN03289-10;10;36000.0;;0;gid://shopify/Product/8612629512487;Anel Lifestyle De Ouro Branco 18K E Diamante Solitario;0;13;0;AN03289
gid://shopify/ProductVariant/46509297303847;AN02803-10;10;13900.0;;0;gid://shopify/Product/8612629709095;Anel Maes 2013 De Ouro Branco 18K Com Rodio Negro E Diamante E Safira;0;13;0;AN02803
gid://shopify/ProductVariant/46509300384039;AN02936-10;10;41000.0;;0;gid://shopify/Product/8612629938471;Anel Maes 2013 De Ouro Branco 18K E Diamante Solitario;0;13;0;AN02936
gid://shopify/ProductVariant/46509301301543;AN03088-10;10;17000.0;;0;gid://shopify/Product/8612630036775;Anel Mães 2013 | Ouro Branco 18K Com Ródio Negro, Diamante E Esmeralda;0;13;1;AN03088
gid://shopify/ProductVariant/46509301956903;AN03172-10;10;17000.0;;0;gid://shopify/Product/8612630167847;Anel Maes 2013 De Ouro Branco 18K Com Rodio Negro E Diamante E Esmeralda;0;13;0;AN03172
gid://shopify/ProductVariant/46509307461927;AN03197-10;10;26000.0;;0;gid://shopify/Product/8612630397223;Anel Maes 2013 De Ouro Branco 18K Com Rodio Negro E Diamante E Safira;0;13;0;AN03197
gid://shopify/ProductVariant/46509308412199;AN03198-10;10;23000.0;;0;gid://shopify/Product/8612630626599;Anel Mães 2013 | Ouro Branco 18K Com Ródio Negro, Diamante E Safira;1;13;1;AN03198
gid://shopify/ProductVariant/46509308969255;AN03320-10;10;13700.0;;0;gid://shopify/Product/8612630790439;Anel Maes 2013 De Ouro Branco 18K Com Rodio Negro E Diamante E Rubi;0;13;0;AN03320
gid://shopify/ProductVariant/46509309985063;AN03323-10;10;21500.0;;0;gid://shopify/Product/8612630921511;Anel Mães 2013 | Ouro Branco 18K Com Ródio Negro, Diamante E Safira;0;13;1;AN03323
gid://shopify/ProductVariant/46509313261863;AN03324-10;10;17500.0;;0;gid://shopify/Product/8612631150887;Anel Maes 2013 De Ouro Branco 18K Com Rodio Negro E Diamante E Safira;0;13;0;AN03324
gid://shopify/ProductVariant/46509314605351;AN03383-10;10;16200.0;;0;gid://shopify/Product/8612631216423;Anel Maes 2013 De Ouro Branco 18K Com Rodio Negro E Diamante E Esmeralda;0;13;0;AN03383
gid://shopify/ProductVariant/46509315719463;AN03522-10;10;37000.0;;0;gid://shopify/Product/8612631380263;Anel Pura De Ouro Branco 18K Com Rodio Negro E Rubi;0;13;0;AN03522
gid://shopify/ProductVariant/46509316669735;AN03459-10;10;21000.0;;5;gid://shopify/Product/8612631642407;Anel Rock Star De Ouro Branco 18K Com Rodio Negro E Diamante E Safira - G;65;13;0;AN03459
gid://shopify/ProductVariant/46509317259559;AN03460-10;10;22000.0;;0;gid://shopify/Product/8612631806247;Anel Rock Star | Ouro Branco 18K Com Ródio Negro, Quartzo e Diamante;0;13;0;AN03460
gid://shopify/ProductVariant/46509320241447;AN03454-10;10;14600.0;;0;gid://shopify/Product/8612632002855;Anel Rock Star De Ouro Branco 18K Com Rodio Negro E Morganita E Diamante;0;13;0;AN03454
gid://shopify/ProductVariant/46509321552167;AN03442-10;10;93800.0;;0;gid://shopify/Product/8612632133927;Anel Rock Star De Ouro Amarelo E Negro 18K E Diamante E Esmeralda;0;13;0;AN03442
gid://shopify/ProductVariant/46509322207527;AN03462-10;10;22000.0;;0;gid://shopify/Product/8612632199463;Anel Rock Star De Ouro Branco 18K Com Rodio Negro E Ametista E Diamante;0;13;0;AN03462
gid://shopify/ProductVariant/46509323157799;AN03473-10;10;14000.0;;0;gid://shopify/Product/8612632461607;Anel Rock Star | Ouro 18K com Ródio Negro, Diamantes e Safira;0;13;0;AN03473
gid://shopify/ProductVariant/46509324828967;AN03498-10;10;20000.0;;0;gid://shopify/Product/8612632658215;Anel Rock Star De Ouro 18K Com Rodio Negro E Kunzita E Diamante;0;13;0;AN03498
gid://shopify/ProductVariant/46509326303527;AN03514-10;10;15000.0;;0;gid://shopify/Product/8612632822055;Anel Rock Star De Ouro Branco 18K Com Rodio Negro E Morganita E Diamante;0;13;0;AN03514
gid://shopify/ProductVariant/46509326926119;AN03536-10;10;21000.0;;0;gid://shopify/Product/8612632920359;Anel Rock Star De Ouro Branco 18K Com Rodio Negro E Diamante E Rubi;0;13;0;AN03536
gid://shopify/ProductVariant/46509495320871;AN03482-10;10;1100000.0;;0;gid://shopify/Product/8612659036455;Anel Especial De Ouro Branco 18K E Diamante E Turmalina Paraiba;0;13;0;AN03482
gid://shopify/ProductVariant/46509495910695;AN03500-10;10;55500.0;;0;gid://shopify/Product/8612659200295;Anel Especial Mix | Ouro Branco 18K com Diamantes;1;13;1;AN03500
gid://shopify/ProductVariant/46509496729895;AN03501-10;10;20000.0;;0;gid://shopify/Product/8612659364135;Anel Especial De Ouro Branco 18K E Diamantes Mix;0;13;0;AN03501
gid://shopify/ProductVariant/46509498761511;AN03540-10;10;85000.0;;0;gid://shopify/Product/8612659659047;Anel Rock Star De Ouro Branco 18K E Rubelita E Diamante;0;13;0;AN03540
gid://shopify/ProductVariant/46512694526247;PU01770T;Default Title;58900.0;;5;gid://shopify/Product/8613205868839;Pulseira Clássico De Ouro Branco 18K Com Ródio Negro E Diamante Solitário;5;1;0;PU01770T
gid://shopify/ProductVariant/46512698753319;BR06526T;Default Title;32000.0;;0;gid://shopify/Product/8613205967143;Brinco Dolce Vita De Ouro Amarelo 18K E Olho De Tigre E Safira;0;1;0;BR06526T
gid://shopify/ProductVariant/46512699080999;BR06525T;Default Title;22000.0;;0;gid://shopify/Product/8613206065447;Brinco Dolce Vita De Ouro Amarelo 18K E Olho De Tigre;0;1;0;BR06525T
gid://shopify/ProductVariant/46512699375911;AN03359-10;10;91000.0;;0;gid://shopify/Product/8613206130983;Anel Especial De Ouro Amarelo E Branco 18K E Diamante E Esmeralda;0;13;0;AN03359
gid://shopify/ProductVariant/46512700096807;AN01794-10;10;575500.0;;0;gid://shopify/Product/8613206294823;Anel Especial De Ouro Branco 18K E Diamante Solitário;0;13;0;AN01794
gid://shopify/ProductVariant/46512700555559;BR05967T;Default Title;11900.0;;5;gid://shopify/Product/8613206327591;Brinco Especial De Ouro Branco 18K E Diamante Solitário;5;1;0;BR05967T
gid://shopify/ProductVariant/46512700588327;BR05970T;Default Title;13000.0;;5;gid://shopify/Product/8613206393127;Brinco Especial De Ouro Branco 18K E Diamante Solitário;5;1;0;BR05970T
gid://shopify/ProductVariant/46512701079847;BR04858T;Default Title;2900.0;;6;gid://shopify/Product/8613206589735;Brinco Especial De Ouro Amarelo 18K E Esmeralda;6;1;0;BR04858T
gid://shopify/ProductVariant/46512701112615;CL03884;Default Title;23500.0;;0;gid://shopify/Product/8613206622503;Colar Especial De Ouro Branco 18K Com Ródio Negro E Rubi;0;1;1;CL03884
gid://shopify/ProductVariant/46512701243687;CL01124;G;19000.0;;5;gid://shopify/Product/8613206688039;Colar JV MAN De Ouro Branco 18K E Diamante Negro - G;5;1;1;CL01124
gid://shopify/ProductVariant/46512701341991;CL01125;G;19000.0;;5;gid://shopify/Product/8613206786343;Colar JV MAN De Ouro Branco 18K Com Ródio Negro E Diamante Negro - G;5;1;1;CL01125
gid://shopify/ProductVariant/46512701374759;CL01131;M;18000.0;;5;gid://shopify/Product/8613206819111;Colar JV MAN De Ouro Branco 18K Com Ródio Negro E Diamante Negro - M;5;1;0;CL01131
gid://shopify/ProductVariant/46512701407527;CL01132;M;18000.0;;5;gid://shopify/Product/8613206851879;Colar JV MAN De Ouro Branco 18K E Diamante Negro - M;5;1;0;CL01132
gid://shopify/ProductVariant/46512701440295;CL04200;G;23000.0;;5;gid://shopify/Product/8613206917415;Colar JV MAN De Ouro Branco 18K E Diamante Negro - G;5;1;0;CL04200
gid://shopify/ProductVariant/46512701505831;CL04201;G;23000.0;;5;gid://shopify/Product/8613206950183;Colar JV MAN De Ouro Branco 18K Com Ródio Negro E Diamante Negro - G;5;1;0;CL04201
gid://shopify/ProductVariant/46512701571367;CL04202;M;18000.0;;5;gid://shopify/Product/8613207015719;Colar JV MAN De Ouro Branco 18K E Diamante Negro - M;5;1;0;CL04202
gid://shopify/ProductVariant/46512701866279;AN03326-10;10;25500.0;;0;gid://shopify/Product/8613207179559;Anel Maes 2013 De Ouro Branco 18K Com Ródio Negro E Diamante E Safira;0;13;0;AN03326
gid://shopify/ProductVariant/46512702292263;AN02937-10;10;149500.0;;0;gid://shopify/Product/8613207212327;Anel Maes 2013 De Ouro Rosa E Branco 18K E Diamante Solitário;0;13;1;AN02937
gid://shopify/ProductVariant/46512702882087;CO01285;Default Title;1450.0;;0;gid://shopify/Product/8613207343399;Corrente Pop De Prata Com Ouro Rosa;0;1;0;CO01285
gid://shopify/ProductVariant/46512703176999;BR05759T;G;4700.0;;5;gid://shopify/Product/8613207441703;Piercing Voyeur De Ouro Branco 18K Com Ródio Negro E Diamante Negro - G;5;1;0;BR05759T
gid://shopify/ProductVariant/46512703275303;CL04651;Default Title;7000.0;;0;gid://shopify/Product/8613207540007;Colar Especial De Ouro Amarelo 18K E Esmeralda;0;1;0;CL04651
gid://shopify/ProductVariant/46529045856551;;PP;6700.0;;0;gid://shopify/Product/8578445705511;Colar Leopardo | Prata Com Ouro Amarelo 18k;18;4;6;
gid://shopify/ProductVariant/46529087242535;PU01979T;PP;3500.0;;8;gid://shopify/Product/8578446229799;Pulseira Leopardo | Prata Com Ouro Amarelo 18k;26;4;5;PU01979T
gid://shopify/ProductVariant/46549908390183;PU01859T;M;2800.0;;5;gid://shopify/Product/8577931280679;Pulseira JV MAN II | Prata Com Ouro Branco 18k;23;4;2;PU01859T
gid://shopify/ProductVariant/46549908422951;PU01860T;G;2800.0;;7;gid://shopify/Product/8577931280679;Pulseira JV MAN II | Prata Com Ouro Branco 18k;23;4;2;PU01860T
gid://shopify/ProductVariant/46549915468071;PU01877T;GG;2800.0;;6;gid://shopify/Product/8577931280679;Pulseira JV MAN II | Prata Com Ouro Branco 18k;23;4;2;PU01877T
gid://shopify/ProductVariant/46549948203303;PU01874T;G;2900.0;;6;gid://shopify/Product/8577927676199;Pulseira JV MAN II | Prata Com Ouro Branco 18k;10;2;3;PU01874T
gid://shopify/ProductVariant/46550040117543;PU01905T;M;2800.0;;5;gid://shopify/Product/8577942192423;Pulseira JV MAN II | Prata Com Ouro Branco 18k Fosco;20;4;1;PU01905T
gid://shopify/ProductVariant/46550040150311;PU01906T;G;2800.0;;5;gid://shopify/Product/8577942192423;Pulseira JV MAN II | Prata Com Ouro Branco 18k Fosco;20;4;1;PU01906T
gid://shopify/ProductVariant/46550178922791;PU01907T;GG;2800.0;;5;gid://shopify/Product/8577942192423;Pulseira JV MAN II | Prata Com Ouro Branco 18k Fosco;20;4;1;PU01907T
gid://shopify/ProductVariant/46550402236711;PU01856T;M;2800.0;;5;gid://shopify/Product/8577930985767;Pulseira JV MAN II | Prata Com Ródio Negro;23;4;2;PU01856T
gid://shopify/ProductVariant/46550402269479;PU01857T;G;2800.0;;7;gid://shopify/Product/8577930985767;Pulseira JV MAN II | Prata Com Ródio Negro;23;4;2;PU01857T
gid://shopify/ProductVariant/46550644457767;PU01876T;GG;2800.0;;5;gid://shopify/Product/8577930985767;Pulseira JV MAN II | Prata Com Ródio Negro;23;4;2;PU01876T
gid://shopify/ProductVariant/46550714188071;PU01869T;M;2900.0;;2;gid://shopify/Product/8577927053607;Pulseira JV MAN II | Prata Com Ródio Negro;12;3;3;PU01869T
gid://shopify/ProductVariant/46550714220839;PU01881T;GG;2900.0;;1;gid://shopify/Product/8577927053607;Pulseira JV MAN II | Prata Com Ródio Negro;12;3;3;PU01881T
gid://shopify/ProductVariant/46550771106087;PU01875T;GG;7900.0;;5;gid://shopify/Product/8577925054759;Pulseira JV MAN II | Prata Com Ródio Negro e diamantes negros;10;2;1;PU01875T
gid://shopify/ProductVariant/46551161045287;PU01910T;G;7900.0;;5;gid://shopify/Product/8577944781095;Pulseira JV MAN II De Prata Com Ródio Negro Fosco E Diamante Negro;21;4;1;PU01910T
gid://shopify/ProductVariant/46551161766183;PU01901T;M;2800.0;;5;gid://shopify/Product/8577941307687;Pulseira JV MAN II De Prata Com Ródio Negro Fosco;23;4;1;PU01901T
gid://shopify/ProductVariant/46551161798951;PU01902T;G;2800.0;;6;gid://shopify/Product/8577941307687;Pulseira JV MAN II De Prata Com Ródio Negro Fosco;23;4;1;PU01902T
gid://shopify/ProductVariant/46551266885927;PU01884T;P;2700.0;;3;gid://shopify/Product/8577943830823;Pulseira JV MAN II | Prata Com Ródio Negro Fosco;17;4;1;PU01884T
gid://shopify/ProductVariant/46551281271079;PU01886T;M;2700.0;;4;gid://shopify/Product/8577943830823;Pulseira JV MAN II | Prata Com Ródio Negro Fosco;17;4;1;PU01886T
gid://shopify/ProductVariant/46551306993959;PU01908T;P;7900.0;;5;gid://shopify/Product/8577944781095;Pulseira JV MAN II De Prata Com Ródio Negro Fosco E Diamante Negro;21;4;1;PU01908T
gid://shopify/ProductVariant/46551313973543;PU01903T;GG;2800.0;;7;gid://shopify/Product/8577941307687;Pulseira JV MAN II De Prata Com Ródio Negro Fosco;23;4;1;PU01903T
gid://shopify/ProductVariant/46551335305511;PU01854T;G;7900.0;;5;gid://shopify/Product/8577924268327;Pulseira JV MAN II | Prata Com Ródio Negro E Diamante Negro;11;2;2;PU01854T
gid://shopify/ProductVariant/46551392354599;PU01888T;G;2700.0;;4;gid://shopify/Product/8577943830823;Pulseira JV MAN II | Prata Com Ródio Negro Fosco;17;4;1;PU01888T
gid://shopify/ProductVariant/46551569531175;PU01911T;GG;7900.0;;5;gid://shopify/Product/8577944781095;Pulseira JV MAN II De Prata Com Ródio Negro Fosco E Diamante Negro;21;4;1;PU01911T
gid://shopify/ProductVariant/46551620223271;PU01887T;M;2700.0;;1;gid://shopify/Product/8577943175463;Pulseira JV MAN II | Prata Com Ouro Branco 18k Fosco;15;4;2;PU01887T
gid://shopify/ProductVariant/46551643914535;PU01891T;GG;4500.0;;4;gid://shopify/Product/8577943175463;Pulseira JV MAN II | Prata Com Ouro Branco 18k Fosco;15;4;2;PU01891T
gid://shopify/ProductVariant/46551651156263;PU01889T;G;2700.0;;10;gid://shopify/Product/8577943175463;Pulseira JV MAN II | Prata Com Ouro Branco 18k Fosco;15;4;2;PU01889T
gid://shopify/ProductVariant/46562873049383;CL03751;P;34500.0;;5;gid://shopify/Product/8573654860071;Colar Love NY De Ouro Branco 18K E Diamante;15;3;2;CL03751
gid://shopify/ProductVariant/46562873082151;CL03785;G;34500.0;;5;gid://shopify/Product/8573654860071;Colar Love NY De Ouro Branco 18K E Diamante;15;3;2;CL03785
gid://shopify/ProductVariant/46562932261159;CL03714;M;29000.0;;5;gid://shopify/Product/8608792969511;Colar Love Ny De Ouro Amarelo 18K E Diamante - P;10;3;2;CL03714
gid://shopify/ProductVariant/46562932293927;CL03783;G;21000.0;;0;gid://shopify/Product/8608792969511;Colar Love Ny De Ouro Amarelo 18K E Diamante - P;10;3;2;CL03783
gid://shopify/ProductVariant/46563061137703;PU01660T;P;6900.0;;5;gid://shopify/Product/8577723072807;Pulseira Orquidea De Prata Com Ouro Rosa E Diamante;17;3;2;PU01660T
gid://shopify/ProductVariant/46563061203239;PU01662T;G;6900.0;;6;gid://shopify/Product/8577723072807;Pulseira Orquidea De Prata Com Ouro Rosa E Diamante;17;3;2;PU01662T
gid://shopify/ProductVariant/46563104227623;PU01656T;G;6900.0;;5;gid://shopify/Product/8577723334951;Pulseira Orquidea De Prata Com Ródio Negro E Diamante;10;2;2;PU01656T
gid://shopify/ProductVariant/46563132866855;PU02015T;M;3900.0;;7;gid://shopify/Product/8578005369127;Bracelete Rock | Prata com Ouro Amarelo 18K;21;3;5;PU02015T
gid://shopify/ProductVariant/46563132899623;PU02016T;G;3900.0;;7;gid://shopify/Product/8578005369127;Bracelete Rock | Prata com Ouro Amarelo 18K;21;3;5;PU02016T
gid://shopify/ProductVariant/46563155837223;PU02008T;M;7900.0;;6;gid://shopify/Product/8578006384935;Pulseira Rock Chain | Prata com Ouro Amarelo 18K;16;3;4;PU02008T
gid://shopify/ProductVariant/46563155869991;PU02009T;G;7900.0;;5;gid://shopify/Product/8578006384935;Pulseira Rock Chain | Prata com Ouro Amarelo 18K;16;3;4;PU02009T
gid://shopify/ProductVariant/46579526435111;AN03267-10;10;285500.0;;0;gid://shopify/Product/8630831677735;Anel New Vintage | Ouro Branco 18K com Safira de 37CT e Diamantes;0;13;4;AN03267
gid://shopify/ProductVariant/46579527352615;AN03315-10;10;32000.0;;0;gid://shopify/Product/8630832005415;Anel New Vintage | Ouro Amarelo 18K com Rodonita e Diamantes;0;13;3;AN03315
gid://shopify/ProductVariant/46579528401191;AN03604-10;10;69000.0;;0;gid://shopify/Product/8630832431399;Anel New Vintage | Ouro Amarelo 18K com Esmeralda e Diamantes;0;13;4;AN03604
gid://shopify/ProductVariant/46579530891559;AN03605-10;10;29500.0;;0;gid://shopify/Product/8630832824615;Anel New Vintage | Ouro Amarelo 18K com Rodonita E Diamantes;0;13;3;AN03605
gid://shopify/ProductVariant/46579531972903;BR06592T;Default Title;41000.0;;0;gid://shopify/Product/8630833185063;Argola Fringe New Vintage | Ouro Amarelo 18K com Diamantes;0;1;4;BR06592T
gid://shopify/ProductVariant/46579532398887;BR06593T;Default Title;65000.0;;5;gid://shopify/Product/8630833545511;Brinco Power Fringe New Vintage | Ouro Amarelo 18K com Diamantes;5;1;3;BR06593T
gid://shopify/ProductVariant/46579532890407;BR06594T;Default Title;25500.0;;5;gid://shopify/Product/8630833709351;Brinco New Vintage | Ouro Amarelo 18K com Diamantes;5;1;3;BR06594T
gid://shopify/ProductVariant/46579533185319;BR06595T;Default Title;46000.0;;0;gid://shopify/Product/8630834004263;Brinco New Vintage Fringe | Ouro Amarelo e Branco 18K com Rodonitas, Safiras e Diamantes;0;1;5;BR06595T
gid://shopify/ProductVariant/46579533775143;BR06618T;G;69000.0;;5;gid://shopify/Product/8630834299175;Argola Power Diamond - G | OURO AMARELO 18K COM DIAMANTES;5;1;5;BR06618T
gid://shopify/ProductVariant/46579534004519;BR06620T;Default Title;25500.0;;5;gid://shopify/Product/8630834528551;Brinco New Vintage | Ouro Branco 18K com Diamantes;5;1;5;BR06620T
gid://shopify/ProductVariant/46579534528807;BR06621T;Default Title;28900.0;;5;gid://shopify/Product/8630834725159;Brinco New Vintage Diamond | Ouro Branco 18K com Diamantes;5;1;4;BR06621T
gid://shopify/ProductVariant/46579535085863;BR06622T;Default Title;48500.0;;5;gid://shopify/Product/8630834954535;Brinco Diamond Fringe | Ouro Branco 18K e Diamantes;5;1;4;BR06622T
gid://shopify/ProductVariant/46579535708455;BR06623T;Default Title;65000.0;;5;gid://shopify/Product/8630835249447;Brinco Power Fringe New Vintage | Ouro Branco 18K com Diamantes;5;1;4;BR06623T
gid://shopify/ProductVariant/46579536593191;BR06624T;Default Title;62000.0;;5;gid://shopify/Product/8630835478823;Argola Power Fringe New Vintage | Ouro Amarelo 18K e Diamantes;5;1;4;BR06624T
gid://shopify/ProductVariant/46579537084711;BR06625T;Default Title;62000.0;;5;gid://shopify/Product/8630835773735;Argola Power Fringe New Vintage | Ouro Branco 18K com Diamantes;5;1;4;BR06625T
gid://shopify/ProductVariant/46579537805607;BR06627T;M;48000.0;;6;gid://shopify/Product/8630836068647;Argola Power Diamond - M | Ouro Amarelo 18K com Diamantes;6;1;4;BR06627T
gid://shopify/ProductVariant/46579538297127;BR06628T;M;48000.0;;6;gid://shopify/Product/8630836298023;Argola Power Diamond - M | Ouro Branco 18K com Diamantes;6;1;4;BR06628T
gid://shopify/ProductVariant/46579539050791;BR06629T;G;72000.0;;5;gid://shopify/Product/8630836592935;Argola Power Diamond - G | Ouro Branco 18K com Diamantes;5;1;4;BR06629T
gid://shopify/ProductVariant/46579539312935;BR06632T;Default Title;28900.0;;5;gid://shopify/Product/8630836789543;Brinco New Vintage Diamond | Ouro Amarelo 18K com Diamantes;5;1;4;BR06632T
gid://shopify/ProductVariant/46579540263207;BR06633T;Default Title;48500.0;;6;gid://shopify/Product/8630837084455;Brinco New Vintage De Ouro Amarelo 18K E Diamante;6;1;0;BR06633T
gid://shopify/ProductVariant/46579540656423;BR06634T;Default Title;38000.0;;0;gid://shopify/Product/8630837248295;Brinco New Vintage Fringe | Ouro Branco 18K com Safiras e Diamantes;0;1;4;BR06634T
gid://shopify/ProductVariant/46579541508391;BR06635T;Default Title;36900.0;;5;gid://shopify/Product/8630837477671;Brinco New Vintage Power | Ouro Branco 18K com Diamantes;5;1;4;BR06635T
gid://shopify/ProductVariant/46579542065447;BR06637T;Default Title;115000.0;;0;gid://shopify/Product/8630837805351;Brinco New Vintage Fringe | Ouro Amarelo e Branco 18K com Esmeraldas e Diamantes;0;1;5;BR06637T
gid://shopify/ProductVariant/46579542425895;BR06638T;Default Title;95000.0;;0;gid://shopify/Product/8630838067495;Brinco New Vintage Fringe | Ouro Amarelo e Branco 18K com Esmeraldas e Diamantes;0;1;4;BR06638T
gid://shopify/ProductVariant/46579542982951;CL04668;Default Title;42000.0;;0;gid://shopify/Product/8630838165799;Colar New Vintage Fringe | Ouro Amarelo 18K com Esmeralda e Diamantes;0;1;4;CL04668
gid://shopify/ProductVariant/46579543834919;CL04669;Default Title;39000.0;;0;gid://shopify/Product/8630838460711;Colar Heart New Vintage | Ouro Amarelo 18K com Rodonita e Diamantes;0;1;4;CL04669
gid://shopify/ProductVariant/46579544850727;PU02096T;Default Title;39000.0;;0;gid://shopify/Product/8630838755623;Pulseira New Vintage | Ouro Amarelo 18K com Rodonita e Diamantes;0;1;3;PU02096T
gid://shopify/ProductVariant/46579545112871;PU02097T;M;48000.0;;5;gid://shopify/Product/8630839017767;Pulseira New Vintage Fringe | Ouro Amarelo 18K com Diamantes;15;3;3;PU02097T
gid://shopify/ProductVariant/46579545768231;PU02098T;M;48000.0;;5;gid://shopify/Product/8630839279911;Pulseira New Vintage Fringe | Ouro Branco 18K com Diamantes;15;3;3;PU02098T
gid://shopify/ProductVariant/46581803417895;BR06636T;Default Title;36000.0;;0;gid://shopify/Product/8631433986343;Brinco New Vintage Fringe  | Ouro 18K Com Ródio Negro, Safiras e Diamantes;0;1;3;BR06636T
gid://shopify/ProductVariant/46651950104871;;Default Title;5500.0;;0;gid://shopify/Product/8653629653287;Colar First Diamond De Ouro 18K E Diamante;0;1;0;
gid://shopify/ProductVariant/46775448305959;teste;Default Title;0.1;;0;gid://shopify/Product/8714357047591;Testando o fluxo shopify;0;1;1;teste
gid://shopify/ProductVariant/46829992640807;PU02106T;P;47000.0;;5;gid://shopify/Product/8630839279911;Pulseira New Vintage Fringe | Ouro Branco 18K com Diamantes;15;3;3;PU02106T
gid://shopify/ProductVariant/46829992673575;PU02107T;G;52000.0;;5;gid://shopify/Product/8630839279911;Pulseira New Vintage Fringe | Ouro Branco 18K com Diamantes;15;3;3;PU02107T
gid://shopify/ProductVariant/46829999227175;PU02103T;P;47000.0;;5;gid://shopify/Product/8630839017767;Pulseira New Vintage Fringe | Ouro Amarelo 18K com Diamantes;15;3;3;PU02103T
gid://shopify/ProductVariant/46829999259943;PU02105T;G;52000.0;;5;gid://shopify/Product/8630839017767;Pulseira New Vintage Fringe | Ouro Amarelo 18K com Diamantes;15;3;3;PU02105T
gid://shopify/ProductVariant/46965622571303;CL04655;G;7800.0;;0;gid://shopify/Product/8775432700199;Colar Black Leopardo De Prata Com Ródio Negro - G;0;1;0;CL04655
gid://shopify/ProductVariant/46965622800679;BR06400T;Default Title;150000.0;;0;gid://shopify/Product/8775432798503;Brinco Celebrate De Ouro Amarelo E Branco 18K E Esmeralda;0;1;0;BR06400T
gid://shopify/ProductVariant/46965622997287;CL01440;Default Title;55000.0;;0;gid://shopify/Product/8775432864039;Colar Choker De Ouro Branco 18K E Diamante;0;1;0;CL01440
gid://shopify/ProductVariant/46965623226663;CL01514;Default Title;12200.0;;0;gid://shopify/Product/8775432929575;Colar Choker De Ouro Amarelo 18K E Diamante;0;1;0;CL01514
gid://shopify/ProductVariant/46965623423271;CL04645;Default Title;22000.0;;0;gid://shopify/Product/8775432995111;Colar Choker De Ouro 18K Com Ródio Negro E Rubi;0;1;0;CL04645
gid://shopify/ProductVariant/46965623488807;BR06582T;Default Title;38000.0;;0;gid://shopify/Product/8775433060647;Brinco Clássico | Ouro Amarelo E Branco 18K, Esmeraldas de 6CT e Diamantes Negros;0;1;2;BR06582T
gid://shopify/ProductVariant/46965623587111;BR06598T;Default Title;1500.0;;0;gid://shopify/Product/8775433158951;Brinco Clássico De Ouro 18K Com Ródio Negro E Safira;0;1;0;BR06598T
gid://shopify/ProductVariant/46965623947559;BR06603T;Default Title;1200.0;;0;gid://shopify/Product/8775433191719;Brinco Clássico De Ouro Amarelo 18K E Safira;0;1;0;BR06603T
gid://shopify/ProductVariant/46965624078631;BR06605T;Default Title;1900.0;;0;gid://shopify/Product/8775433290023;Brinco Clássico De Ouro Rosa 18K E Safira;0;1;0;BR06605T
gid://shopify/ProductVariant/46965624144167;PU01409T;Default Title;25500.0;;0;gid://shopify/Product/8775433355559;Pulseira Clássico De Ouro 18K Com Ródio Negro E Esmeralda;0;1;0;PU01409T
gid://shopify/ProductVariant/46965624242471;PU02073T;Default Title;178900.0;;1;gid://shopify/Product/8775433453863;Pulseira Clássico De Ouro Branco 18K E Diamante;1;1;0;PU02073T
gid://shopify/ProductVariant/46965624373543;BR06505T;Default Title;37250.0;;5;gid://shopify/Product/8775433552167;Brinco Dolce Vita De Ouro Amarelo 18K E Malaquita;5;1;1;BR06505T
gid://shopify/ProductVariant/46965624701223;BR06589T;Default Title;55850.0;;5;gid://shopify/Product/8775433683239;Brinco Dolce Vita De Ouro Amarelo 18K E Turquesa E Diamante;5;1;0;BR06589T
gid://shopify/ProductVariant/46965625061671;PI01483;Default Title;24000.0;;1;gid://shopify/Product/8775433814311;Pingente Dolce Vita De Ouro Amarelo 18K E Turquesa;1;1;1;PI01483
gid://shopify/ProductVariant/46965625389351;BR06272T;Default Title;211900.0;;0;gid://shopify/Product/8775433912615;Brinco Especial De Ouro 18K Com Ródio Negro E Esmeralda;0;1;0;BR06272T
gid://shopify/ProductVariant/46965625422119;BR06578T;Default Title;8500.0;;0;gid://shopify/Product/8775433945383;Brinco Especial De Ouro 18K Com Ródio Negro E Esmeralda;0;1;0;BR06578T
gid://shopify/ProductVariant/46965625749799;BR06609T;Default Title;15900.0;;5;gid://shopify/Product/8775434043687;Brinco Especial De Ouro Branco 18K E Diamante Negro;5;1;0;BR06609T
gid://shopify/ProductVariant/46965626011943;BR06640T;Default Title;3900.0;;0;gid://shopify/Product/8775434141991;Brinco Especial De Ouro 18K Com Ródio Negro E Esmeralda;0;1;0;BR06640T
gid://shopify/ProductVariant/46965626077479;CL03883;Default Title;42000.0;;0;gid://shopify/Product/8775434207527;Colar Especial De Ouro 18K Com Ródio Negro E Rubi;0;1;0;CL03883
gid://shopify/ProductVariant/46965626274087;CL04587;Default Title;116000.0;;0;gid://shopify/Product/8775434240295;Colar Especial De Ouro Branco 18K E Diamante;0;1;1;CL04587
gid://shopify/ProductVariant/46965626765607;CL04658;Default Title;11000.0;;0;gid://shopify/Product/8775434469671;Colar Especial De Ouro Branco 18K E Diamante;0;1;0;CL04658
gid://shopify/ProductVariant/46965627158823;CL04671;Default Title;11000.0;;0;gid://shopify/Product/8775434567975;Colar Especial De Ouro 18K Com Ródio Negro E Esmeralda;0;1;0;CL04671
gid://shopify/ProductVariant/46965627453735;CL04673;Default Title;18000.0;;0;gid://shopify/Product/8775434633511;Colar Especial De Ouro 18K Com Ródio Negro E Esmeralda;0;1;0;CL04673
gid://shopify/ProductVariant/46965627552039;CL04674;Default Title;9000.0;;0;gid://shopify/Product/8775434699047;Colar Especial De Ouro 18K Com Ródio Negro E Esmeralda;0;1;0;CL04674
gid://shopify/ProductVariant/46965627650343;CL04676;Default Title;13500.0;;5;gid://shopify/Product/8775434797351;Colar Especial De Ouro Branco 18K E Diamante;5;1;0;CL04676
gid://shopify/ProductVariant/46965627912487;CL04677;Default Title;9000.0;;0;gid://shopify/Product/8775434961191;Colar Especial De Ouro Branco 18K E Diamante;0;1;0;CL04677
gid://shopify/ProductVariant/46965628240167;PU02025T;Default Title;39800.0;;0;gid://shopify/Product/8775435092263;Pulseira Especial De Ouro 18K Com Ródio Negro E Esmeralda;0;1;0;PU02025T
gid://shopify/ProductVariant/46965628600615;CL04604;PP;6700.0;;5;gid://shopify/Product/8775435288871;Colar Leopardo De Prata Com Ouro Amarelo - Pp;5;1;0;CL04604
gid://shopify/ProductVariant/46965628928295;CL03784;Default Title;16000.0;;0;gid://shopify/Product/8775435387175;Colar Love Ny De Ouro 18K Com Ródio Negro E Diamante;0;1;0;CL03784
gid://shopify/ProductVariant/46965629092135;AN03607-10;10;29000.0;;0;gid://shopify/Product/8775435485479;Anel New Vintage De Ouro Amarelo 18K E Esmeralda E Diamante;0;13;0;AN03607
gid://shopify/ProductVariant/46965629550887;BR06639T;Default Title;51000.0;;0;gid://shopify/Product/8775435551015;Brinco New Vintage De Ouro Amarelo 18K E Rodonita E Diamante;0;1;0;BR06639T
gid://shopify/ProductVariant/46965629616423;BR06642T;Default Title;23500.0;;0;gid://shopify/Product/8775435616551;Brinco New Vintage De Ouro Amarelo 18K E Diamante;0;1;0;BR06642T
gid://shopify/ProductVariant/46965629649191;BR06646T;Default Title;79000.0;;0;gid://shopify/Product/8775435649319;Brinco New Vintage De Ouro Amarelo E Branco 18K E Esmeralda E Diamante;0;1;0;BR06646T
gid://shopify/ProductVariant/46965629714727;BR06588T;Default Title;8900.0;;5;gid://shopify/Product/8775435714855;Brinco Ear Cuff Piscine | Ouro Amarelo 18K;5;1;1;BR06588T
gid://shopify/ProductVariant/46965630075175;PI01144;M;750.0;;0;gid://shopify/Product/8775435845927;Pingente Pop De Prata Com Ouro Amarelo - M;0;1;0;PI01144
gid://shopify/ProductVariant/46965630304551;CL04666;Default Title;14500.0;;0;gid://shopify/Product/8775435911463;Colar Pura De Ouro 18K Com Ródio Negro E Esmeralda;0;1;0;CL04666
gid://shopify/ProductVariant/46965630337319;BR05029T;Default Title;3200.0;;6;gid://shopify/Product/8775435944231;Brinco Riviera De Prata Com Ouro Amarelo E Diamante;6;1;0;BR05029T
gid://shopify/ProductVariant/46965630927143;AN03611-10;10;21000.0;;0;gid://shopify/Product/8775436108071;Anel Rock Star De Ouro 18K Com Ródio Negro E Diamante Negro E Diamante;0;13;0;AN03611
gid://shopify/ProductVariant/46965631615271;BR06586T;Default Title;8900.0;;0;gid://shopify/Product/8775436239143;Brinco Rock Star De Ouro 18K Com Ródio Negro E Rubi E Diamante;0;1;0;BR06586T
gid://shopify/ProductVariant/46965631877415;AN01878-10;10;3700.0;;0;gid://shopify/Product/8775436402983;Anel Savage De Ouro Rosa 18K E Diamante;0;13;0;AN01878
gid://shopify/ProductVariant/46965632500007;AN03609-10;10;9400.0;;0;gid://shopify/Product/8775436468519;Anel Savage De Ouro Branco 18K E Diamante;0;13;0;AN03609
gid://shopify/ProductVariant/46965633024295;AN03610-10;10;8900.0;;0;gid://shopify/Product/8775436599591;Anel Savage De Ouro Branco 18K E Diamante;0;13;0;AN03610
gid://shopify/ProductVariant/46965633614119;BR01762;Default Title;4750.0;;5;gid://shopify/Product/8775436697895;Brinco Tlj De Ouro Rosa 18K E Diamante;5;1;0;BR01762
gid://shopify/ProductVariant/46965633843495;AN01723-10;10;18900.0;;0;gid://shopify/Product/8775436763431;Anel Universo De Ouro Amarelo 18K;0;13;0;AN01723
gid://shopify/ProductVariant/46965634564391;BR03068T;Default Title;29200.0;;0;gid://shopify/Product/8775436861735;Brinco Universo De Ouro Amarelo 18K;0;1;0;BR03068T
gid://shopify/ProductVariant/46965634924839;PI01504;Default Title;11900.0;;0;gid://shopify/Product/8775437058343;Piercing Voyeur De Ouro Branco 18K E Diamante;0;1;0;PI01504
gid://shopify/ProductVariant/46965896282407;AN03102-10;10;14000.0;;0;gid://shopify/Product/8775510360359;Anel Chain Lovers | Ouro 18K Com Ródio Negro, Esmeralda E Diamante;0;13;0;AN03102
gid://shopify/ProductVariant/46965896839463;BR05776T;Default Title;19900.0;;6;gid://shopify/Product/8775510491431;Piercing Chain Lovers | Ouro Branco 18K E Diamantes;6;1;1;BR05776T
gid://shopify/ProductVariant/46965897199911;CL04282;Default Title;29600.0;;0;gid://shopify/Product/8775510622503;Colar Deco De Ouro Amarelo 18K E Diamante;0;1;0;CL04282
gid://shopify/ProductVariant/46965897265447;BR06643T;Default Title;14500.0;;0;gid://shopify/Product/8775510688039;Brinco Dolce Vita De Ouro Amarelo 18K E Coral Negro E Diamante;0;1;0;BR06643T
gid://shopify/ProductVariant/46965897462055;BR06653T;Default Title;47000.0;;0;gid://shopify/Product/8775510786343;Brinco Earcuff Eterna Rock De Ouro 18K Com Ródio Negro E Safira;0;1;0;BR06653T
gid://shopify/ProductVariant/46965897789735;CL01373;Default Title;7500.0;;0;gid://shopify/Product/8775510851879;Colar First Diamond De Ouro Amarelo 18K E Diamante;0;1;0;CL01373
gid://shopify/ProductVariant/46965897888039;CL04141;Default Title;188000.0;;0;gid://shopify/Product/8775510917415;Colar Life Style De Ouro 18K Com Ródio Negro E Diamante Negro E Diamante;0;1;0;CL04141
gid://shopify/ProductVariant/46965898182951;CL04175;Default Title;345000.0;;1;gid://shopify/Product/8775510982951;Colar Life Style Riviera Style | Ouro Branco 18K com Ródio Negro, Esmeraldas e Diamantes;1;1;1;CL04175
gid://shopify/ProductVariant/46965898281255;AN03113-10;10;28000.0;;0;gid://shopify/Product/8775511081255;Anel Mães 2013 De Ouro 18K Com Ródio Negro E Esmeralda E Diamante;0;13;0;AN03113
gid://shopify/ProductVariant/46965898969383;BR06611T;Default Title;46500.0;;0;gid://shopify/Product/8775511277863;Brinco Earcuff Mães 2013 De Ouro Amarelo 18K E Diamante Fancy;0;1;0;BR06611T
gid://shopify/ProductVariant/46965899460903;BR06612T;Default Title;35000.0;;0;gid://shopify/Product/8775511441703;Brinco Mães 2013 De Ouro Amarelo 18K E Diamante Fancy;0;1;0;BR06612T
gid://shopify/ProductVariant/46965899985191;AN03569-10;10;23000.0;;0;gid://shopify/Product/8775511605543;Anel Rock Star De Ouro Branco 18K E Rubilita E Diamante;0;13;0;AN03569
gid://shopify/ProductVariant/46965900509479;PU01916T;P;3800.0;;5;gid://shopify/Product/8775511736615;Pulseira Rock & Hot De Prata Com Ouro Amarelo - P;5;1;0;PU01916T
gid://shopify/ProductVariant/46965900837159;CL04259;P;6200.0;;0;gid://shopify/Product/8775511834919;Colar White Chain - P | Prata Com Ouro Branco 18K;0;1;0;CL04259
gid://shopify/ProductVariant/46965936128295;BR06481T;Default Title;33000.0;;0;gid://shopify/Product/8775521403175;Brinco Eterna Rock De Ouro Branco 18K E Amestista E Diamante;0;1;0;BR06481T
gid://shopify/ProductVariant/47832747049255;PI01656;A;4500.0;;5;gid://shopify/Product/9049766560039;Pingente Você - P | Ouro Branco 18K com Ródio Negro e Diamantes;142;26;13;PI01656
gid://shopify/ProductVariant/47832747114791;PI01657;B;4500.0;;6;gid://shopify/Product/9049766560039;Pingente Você - P | Ouro Branco 18K com Ródio Negro e Diamantes;142;26;13;PI01657
gid://shopify/ProductVariant/47832747180327;PI01658;C;4500.0;;7;gid://shopify/Product/9049766560039;Pingente Você - P | Ouro Branco 18K com Ródio Negro e Diamantes;142;26;13;PI01658
gid://shopify/ProductVariant/47832747245863;PI01659;D;4500.0;;6;gid://shopify/Product/9049766560039;Pingente Você - P | Ouro Branco 18K com Ródio Negro e Diamantes;142;26;13;PI01659
gid://shopify/ProductVariant/47832747311399;PI01660;E;4500.0;;6;gid://shopify/Product/9049766560039;Pingente Você - P | Ouro Branco 18K com Ródio Negro e Diamantes;142;26;13;PI01660
gid://shopify/ProductVariant/47832747376935;PI01661;F;4500.0;;6;gid://shopify/Product/9049766560039;Pingente Você - P | Ouro Branco 18K com Ródio Negro e Diamantes;142;26;13;PI01661
gid://shopify/ProductVariant/47832747442471;PI01662;G;4500.0;;6;gid://shopify/Product/9049766560039;Pingente Você - P | Ouro Branco 18K com Ródio Negro e Diamantes;142;26;13;PI01662
gid://shopify/ProductVariant/47832747508007;PI01663;H;4500.0;;5;gid://shopify/Product/9049766560039;Pingente Você - P | Ouro Branco 18K com Ródio Negro e Diamantes;142;26;13;PI01663
gid://shopify/ProductVariant/47832747573543;PI01664;I;4500.0;;5;gid://shopify/Product/9049766560039;Pingente Você - P | Ouro Branco 18K com Ródio Negro e Diamantes;142;26;13;PI01664
gid://shopify/ProductVariant/47832747639079;PI01665;J;4500.0;;6;gid://shopify/Product/9049766560039;Pingente Você - P | Ouro Branco 18K com Ródio Negro e Diamantes;142;26;13;PI01665
gid://shopify/ProductVariant/47832747704615;PI01666;K;4500.0;;5;gid://shopify/Product/9049766560039;Pingente Você - P | Ouro Branco 18K com Ródio Negro e Diamantes;142;26;13;PI01666
gid://shopify/ProductVariant/47832747770151;PI01667;L;4500.0;;6;gid://shopify/Product/9049766560039;Pingente Você - P | Ouro Branco 18K com Ródio Negro e Diamantes;142;26;13;PI01667
gid://shopify/ProductVariant/47832747835687;PI01668;M;4500.0;;6;gid://shopify/Product/9049766560039;Pingente Você - P | Ouro Branco 18K com Ródio Negro e Diamantes;142;26;13;PI01668
gid://shopify/ProductVariant/47832747901223;PI01669;N;4500.0;;5;gid://shopify/Product/9049766560039;Pingente Você - P | Ouro Branco 18K com Ródio Negro e Diamantes;142;26;13;PI01669
gid://shopify/ProductVariant/47832747966759;PI01670;O;4500.0;;5;gid://shopify/Product/9049766560039;Pingente Você - P | Ouro Branco 18K com Ródio Negro e Diamantes;142;26;13;PI01670
gid://shopify/ProductVariant/47832748032295;PI01671;P;4500.0;;5;gid://shopify/Product/9049766560039;Pingente Você - P | Ouro Branco 18K com Ródio Negro e Diamantes;142;26;13;PI01671
gid://shopify/ProductVariant/47832748097831;PI01672;Q;4500.0;;5;gid://shopify/Product/9049766560039;Pingente Você - P | Ouro Branco 18K com Ródio Negro e Diamantes;142;26;13;PI01672
gid://shopify/ProductVariant/47832748163367;PI01673;R;4500.0;;6;gid://shopify/Product/9049766560039;Pingente Você - P | Ouro Branco 18K com Ródio Negro e Diamantes;142;26;13;PI01673
gid://shopify/ProductVariant/47832748228903;PI01674;S;4500.0;;6;gid://shopify/Product/9049766560039;Pingente Você - P | Ouro Branco 18K com Ródio Negro e Diamantes;142;26;13;PI01674
gid://shopify/ProductVariant/47832748294439;PI01675;T;4500.0;;5;gid://shopify/Product/9049766560039;Pingente Você - P | Ouro Branco 18K com Ródio Negro e Diamantes;142;26;13;PI01675
gid://shopify/ProductVariant/47832748359975;PI01676;U;4500.0;;5;gid://shopify/Product/9049766560039;Pingente Você - P | Ouro Branco 18K com Ródio Negro e Diamantes;142;26;13;PI01676
gid://shopify/ProductVariant/47832748425511;PI01677;V;4500.0;;5;gid://shopify/Product/9049766560039;Pingente Você - P | Ouro Branco 18K com Ródio Negro e Diamantes;142;26;13;PI01677
gid://shopify/ProductVariant/47832748491047;PI01678;W;4500.0;;5;gid://shopify/Product/9049766560039;Pingente Você - P | Ouro Branco 18K com Ródio Negro e Diamantes;142;26;13;PI01678
gid://shopify/ProductVariant/47832748556583;PI01679;X;4500.0;;5;gid://shopify/Product/9049766560039;Pingente Você - P | Ouro Branco 18K com Ródio Negro e Diamantes;142;26;13;PI01679
gid://shopify/ProductVariant/47832748622119;PI01680;Y;4500.0;;5;gid://shopify/Product/9049766560039;Pingente Você - P | Ouro Branco 18K com Ródio Negro e Diamantes;142;26;13;PI01680
gid://shopify/ProductVariant/47832748687655;PI01681;Z;4500.0;;5;gid://shopify/Product/9049766560039;Pingente Você - P | Ouro Branco 18K com Ródio Negro e Diamantes;142;26;13;PI01681
gid://shopify/ProductVariant/47837079732519;PI01840;Default Title;2500.0;;6;gid://shopify/Product/9050792919335;Pingente Você - P | Ouro Branco 18K com Ródio Negro e Rubi;6;1;3;PI01840
gid://shopify/ProductVariant/47837214769447;PI01841;Default Title;2500.0;;6;gid://shopify/Product/9050819166503;Pingente Você - P | Ouro Branco 18K e Safira Azul;6;1;3;PI01841
gid://shopify/ProductVariant/47837350592807;PI01842;Default Title;3500.0;;5;gid://shopify/Product/9050837221671;Pingente Você - P | Ouro Amarelo 18K e Esmeralda;5;1;3;PI01842
gid://shopify/ProductVariant/47837390602535;PI01843;Default Title;3500.0;;5;gid://shopify/Product/9050848887079;Pingente Você - M | Ouro Amarelo 18K e Safira Amarela;5;1;3;PI01843
gid://shopify/ProductVariant/47837422911783;PI01844;Default Title;3500.0;;6;gid://shopify/Product/9050854228263;Pingente Você - M | Ouro Branco 18K com Ródio Negro e Safira Vermelha;6;1;3;PI01844
gid://shopify/ProductVariant/47837456990503;PI01845;Default Title;3500.0;;6;gid://shopify/Product/9050859602215;Pingente Você - M | Ouro Branco 18K com Ródio Negro e Safira Verde;6;1;3;PI01845
gid://shopify/ProductVariant/47837471637799;PI01846;Default Title;3500.0;;5;gid://shopify/Product/9050861338919;Pingente Você - M | Ouro Amarelo 18K e Safira Lavanda;5;1;3;PI01846
gid://shopify/ProductVariant/47837520724263;PI01847;Default Title;3500.0;;5;gid://shopify/Product/9050868056359;Pingente Você - M | Ouro Branco 18K com Ródio Negro e Safira;5;1;0;PI01847
gid://shopify/ProductVariant/47837560668455;PI01848;Default Title;3500.0;;5;gid://shopify/Product/9050873528615;Pingente Você - M | Ouro Amarelo 18K e Safira Vermelha;5;1;3;PI01848
gid://shopify/ProductVariant/47837574070567;PI01849;Default Title;3500.0;;6;gid://shopify/Product/9050875265319;Pingente Você - M | Ouro Branco 18K com Ródio Negro e Safira Rosa;6;1;3;PI01849
gid://shopify/ProductVariant/47837600973095;PI01850;Default Title;2500.0;;6;gid://shopify/Product/9050880999719;Pingente Você - P | Ouro Branco 18K com Ródio Negro e Safira azul;6;1;3;PI01850
gid://shopify/ProductVariant/47837638132007;PI01851;Default Title;3500.0;;5;gid://shopify/Product/9050886111527;Pingente Você - P | Ouro Branco 18K com Ródio Negro e Esmeralda;5;1;3;PI01851
gid://shopify/ProductVariant/47837716185383;PU02127T;M;3000.0;;6;gid://shopify/Product/9050896498983;Pulseira Você | Ouro Branco 18K;11;2;5;PU02127T
gid://shopify/ProductVariant/47837716218151;PU02130T;G;3300.0;;5;gid://shopify/Product/9050896498983;Pulseira Você | Ouro Branco 18K;11;2;5;PU02130T
gid://shopify/ProductVariant/47837731324199;PI01852;Default Title;3500.0;;5;gid://shopify/Product/9050897809703;Pingente Você - M | Ouro Branco 18K com Ródio Negro e Safira Azul;5;1;3;PI01852
gid://shopify/ProductVariant/47837737779495;PU02131T;M;3000.0;;5;gid://shopify/Product/9050898268455;Pulseira Você | Ouro Amarelo 18K;10;2;5;PU02131T
gid://shopify/ProductVariant/47837737812263;PU02133T;G;3200.0;;5;gid://shopify/Product/9050898268455;Pulseira Você | Ouro Amarelo 18K;10;2;5;PU02133T
gid://shopify/ProductVariant/47837745938727;PI01853;Default Title;3500.0;;5;gid://shopify/Product/9050899087655;Pingente Você - M | Ouro Branco 18K e Safira;5;1;3;PI01853
gid://shopify/ProductVariant/47837774414119;PU02137T;M;3000.0;;6;gid://shopify/Product/9050902266151;Pulseira Você | Ouro Branco 18K e Ródio Negro;11;2;5;PU02137T
gid://shopify/ProductVariant/47837774446887;PU02138T;G;3200.0;;5;gid://shopify/Product/9050902266151;Pulseira Você | Ouro Branco 18K e Ródio Negro;11;2;5;PU02138T
gid://shopify/ProductVariant/47837840900391;PI01856;Default Title;5500.0;;5;gid://shopify/Product/9050909671719;Pingente Você - M | Ouro Amarelo 18K e Esmeralda;5;1;3;PI01856
gid://shopify/ProductVariant/47837848076583;PI01626;Default Title;4900.0;;0;gid://shopify/Product/9050910458151;Piercing Você | Ouro Amarelo 18K e Diamante;0;1;2;PI01626
gid://shopify/ProductVariant/47837864591655;PI01857;Default Title;5500.0;;5;gid://shopify/Product/9050911965479;Pingente Você - P | Ouro Branco 18K com Ródio Negro e Esmeralda;5;1;3;PI01857
gid://shopify/ProductVariant/47838344741159;TO00007;Default Title;3800.0;;5;gid://shopify/Product/9051175289127;Tornozeleira Você - G | Ouro Branco 18K;5;1;3;TO00007
gid://shopify/ProductVariant/47838376395047;TO00005;Default Title;3800.0;;5;gid://shopify/Product/9051193147687;Tornozeleira Você - G | Ouro Amarelo 18K;5;1;3;TO00005
gid://shopify/ProductVariant/47838388584743;TO00012;Default Title;3800.0;;5;gid://shopify/Product/9051200684327;Tornozeleira Você - G | Ouro Branco 18K com Ródio Negro;5;1;3;TO00012
gid://shopify/ProductVariant/47838515757351;PI01627;Default Title;7900.0;;5;gid://shopify/Product/9051268022567;Piercing Você | Ouro Amarelo 18K e Diamantes;5;1;3;PI01627
gid://shopify/ProductVariant/47846527205671;PI01546;A;4500.0;;5;gid://shopify/Product/9055124193575;Pingente Você - P | Ouro Branco 18K e Diamantes;151;26;31;PI01546
gid://shopify/ProductVariant/47846527271207;PI01547;B;4500.0;;7;gid://shopify/Product/9055124193575;Pingente Você - P | Ouro Branco 18K e Diamantes;151;26;31;PI01547
gid://shopify/ProductVariant/47846527336743;PI01548;C;4500.0;;5;gid://shopify/Product/9055124193575;Pingente Você - P | Ouro Branco 18K e Diamantes;151;26;31;PI01548
gid://shopify/ProductVariant/47846527402279;PI01549;D;4500.0;;7;gid://shopify/Product/9055124193575;Pingente Você - P | Ouro Branco 18K e Diamantes;151;26;31;PI01549
gid://shopify/ProductVariant/47846527467815;PI01550;E;4500.0;;5;gid://shopify/Product/9055124193575;Pingente Você - P | Ouro Branco 18K e Diamantes;151;26;31;PI01550
gid://shopify/ProductVariant/47846527533351;PI01551;F;4500.0;;6;gid://shopify/Product/9055124193575;Pingente Você - P | Ouro Branco 18K e Diamantes;151;26;31;PI01551
gid://shopify/ProductVariant/47846527598887;PI01552;G;4500.0;;7;gid://shopify/Product/9055124193575;Pingente Você - P | Ouro Branco 18K e Diamantes;151;26;31;PI01552
gid://shopify/ProductVariant/47846527664423;PI01553;H;4500.0;;5;gid://shopify/Product/9055124193575;Pingente Você - P | Ouro Branco 18K e Diamantes;151;26;31;PI01553
gid://shopify/ProductVariant/47846527729959;PI01554;I;4500.0;;6;gid://shopify/Product/9055124193575;Pingente Você - P | Ouro Branco 18K e Diamantes;151;26;31;PI01554
gid://shopify/ProductVariant/47846527795495;PI01555;J;4500.0;;7;gid://shopify/Product/9055124193575;Pingente Você - P | Ouro Branco 18K e Diamantes;151;26;31;PI01555
gid://shopify/ProductVariant/47846527861031;PI01556;K;4500.0;;5;gid://shopify/Product/9055124193575;Pingente Você - P | Ouro Branco 18K e Diamantes;151;26;31;PI01556
gid://shopify/ProductVariant/47846527926567;PI01557;L;4500.0;;7;gid://shopify/Product/9055124193575;Pingente Você - P | Ouro Branco 18K e Diamantes;151;26;31;PI01557
gid://shopify/ProductVariant/47846527992103;PI01558;M;4500.0;;5;gid://shopify/Product/9055124193575;Pingente Você - P | Ouro Branco 18K e Diamantes;151;26;31;PI01558
gid://shopify/ProductVariant/47846528057639;PI01559;N;4500.0;;5;gid://shopify/Product/9055124193575;Pingente Você - P | Ouro Branco 18K e Diamantes;151;26;31;PI01559
gid://shopify/ProductVariant/47846528123175;PI01560;O;4500.0;;5;gid://shopify/Product/9055124193575;Pingente Você - P | Ouro Branco 18K e Diamantes;151;26;31;PI01560
gid://shopify/ProductVariant/47846528188711;PI01561;P;4500.0;;5;gid://shopify/Product/9055124193575;Pingente Você - P | Ouro Branco 18K e Diamantes;151;26;31;PI01561
gid://shopify/ProductVariant/47846528254247;PI01562;Q;4500.0;;6;gid://shopify/Product/9055124193575;Pingente Você - P | Ouro Branco 18K e Diamantes;151;26;31;PI01562
gid://shopify/ProductVariant/47846528319783;PI01563;R;4500.0;;7;gid://shopify/Product/9055124193575;Pingente Você - P | Ouro Branco 18K e Diamantes;151;26;31;PI01563
gid://shopify/ProductVariant/47846528385319;PI01564;S;4500.0;;5;gid://shopify/Product/9055124193575;Pingente Você - P | Ouro Branco 18K e Diamantes;151;26;31;PI01564
gid://shopify/ProductVariant/47846528450855;PI01565;T;4500.0;;6;gid://shopify/Product/9055124193575;Pingente Você - P | Ouro Branco 18K e Diamantes;151;26;31;PI01565
gid://shopify/ProductVariant/47846528516391;PI01566;U;4500.0;;6;gid://shopify/Product/9055124193575;Pingente Você - P | Ouro Branco 18K e Diamantes;151;26;31;PI01566
gid://shopify/ProductVariant/47846528581927;PI01567;V;4500.0;;5;gid://shopify/Product/9055124193575;Pingente Você - P | Ouro Branco 18K e Diamantes;151;26;31;PI01567
gid://shopify/ProductVariant/47846528647463;PI01568;W;4500.0;;6;gid://shopify/Product/9055124193575;Pingente Você - P | Ouro Branco 18K e Diamantes;151;26;31;PI01568
gid://shopify/ProductVariant/47846528712999;PI01625;X;4500.0;;6;gid://shopify/Product/9055124193575;Pingente Você - P | Ouro Branco 18K e Diamantes;151;26;31;PI01625
gid://shopify/ProductVariant/47846528778535;PI01569;Y;4500.0;;6;gid://shopify/Product/9055124193575;Pingente Você - P | Ouro Branco 18K e Diamantes;151;26;31;PI01569
gid://shopify/ProductVariant/47846528844071;PI01570;Z;4500.0;;6;gid://shopify/Product/9055124193575;Pingente Você - P | Ouro Branco 18K e Diamantes;151;26;31;PI01570
gid://shopify/ProductVariant/47846571082023;PI01520;A;4500.0;;6;gid://shopify/Product/9055138185511;Pingente Você - P | Ouro Amarelo 18K e Diamantes;141;26;17;PI01520
gid://shopify/ProductVariant/47846571147559;PI01521;B;4500.0;;5;gid://shopify/Product/9055138185511;Pingente Você - P | Ouro Amarelo 18K e Diamantes;141;26;17;PI01521
gid://shopify/ProductVariant/47846571213095;PI01522;C;4500.0;;5;gid://shopify/Product/9055138185511;Pingente Você - P | Ouro Amarelo 18K e Diamantes;141;26;17;PI01522
gid://shopify/ProductVariant/47846571278631;PI01523;D;4500.0;;7;gid://shopify/Product/9055138185511;Pingente Você - P | Ouro Amarelo 18K e Diamantes;141;26;17;PI01523
gid://shopify/ProductVariant/47846571344167;PI01524;E;4500.0;;5;gid://shopify/Product/9055138185511;Pingente Você - P | Ouro Amarelo 18K e Diamantes;141;26;17;PI01524
gid://shopify/ProductVariant/47846571409703;PI01525;F;4500.0;;7;gid://shopify/Product/9055138185511;Pingente Você - P | Ouro Amarelo 18K e Diamantes;141;26;17;PI01525
gid://shopify/ProductVariant/47846571475239;PI01526;G;4500.0;;7;gid://shopify/Product/9055138185511;Pingente Você - P | Ouro Amarelo 18K e Diamantes;141;26;17;PI01526
gid://shopify/ProductVariant/47846571540775;PI01527;H;4500.0;;5;gid://shopify/Product/9055138185511;Pingente Você - P | Ouro Amarelo 18K e Diamantes;141;26;17;PI01527
gid://shopify/ProductVariant/47846571606311;PI01528;I;4500.0;;5;gid://shopify/Product/9055138185511;Pingente Você - P | Ouro Amarelo 18K e Diamantes;141;26;17;PI01528
gid://shopify/ProductVariant/47846571671847;PI01529;J;4500.0;;6;gid://shopify/Product/9055138185511;Pingente Você - P | Ouro Amarelo 18K e Diamantes;141;26;17;PI01529
gid://shopify/ProductVariant/47846571737383;PI01530;K;4500.0;;5;gid://shopify/Product/9055138185511;Pingente Você - P | Ouro Amarelo 18K e Diamantes;141;26;17;PI01530
gid://shopify/ProductVariant/47846571802919;PI01531;L;4500.0;;7;gid://shopify/Product/9055138185511;Pingente Você - P | Ouro Amarelo 18K e Diamantes;141;26;17;PI01531
gid://shopify/ProductVariant/47846571868455;PI01532;M;4500.0;;5;gid://shopify/Product/9055138185511;Pingente Você - P | Ouro Amarelo 18K e Diamantes;141;26;17;PI01532
gid://shopify/ProductVariant/47846571933991;PI01533;N;4500.0;;5;gid://shopify/Product/9055138185511;Pingente Você - P | Ouro Amarelo 18K e Diamantes;141;26;17;PI01533
gid://shopify/ProductVariant/47846571999527;PI01534;O;4500.0;;5;gid://shopify/Product/9055138185511;Pingente Você - P | Ouro Amarelo 18K e Diamantes;141;26;17;PI01534
gid://shopify/ProductVariant/47846572065063;PI01535;P;4500.0;;5;gid://shopify/Product/9055138185511;Pingente Você - P | Ouro Amarelo 18K e Diamantes;141;26;17;PI01535
gid://shopify/ProductVariant/47846572130599;PI01536;Q;4500.0;;5;gid://shopify/Product/9055138185511;Pingente Você - P | Ouro Amarelo 18K e Diamantes;141;26;17;PI01536
gid://shopify/ProductVariant/47846572196135;PI01537;R;4500.0;;6;gid://shopify/Product/9055138185511;Pingente Você - P | Ouro Amarelo 18K e Diamantes;141;26;17;PI01537
gid://shopify/ProductVariant/47846572261671;PI01538;S;4500.0;;5;gid://shopify/Product/9055138185511;Pingente Você - P | Ouro Amarelo 18K e Diamantes;141;26;17;PI01538
gid://shopify/ProductVariant/47846572327207;PI01539;T;4500.0;;5;gid://shopify/Product/9055138185511;Pingente Você - P | Ouro Amarelo 18K e Diamantes;141;26;17;PI01539
gid://shopify/ProductVariant/47846572392743;PI01540;U;4500.0;;5;gid://shopify/Product/9055138185511;Pingente Você - P | Ouro Amarelo 18K e Diamantes;141;26;17;PI01540
gid://shopify/ProductVariant/47846572458279;PI01541;V;4500.0;;5;gid://shopify/Product/9055138185511;Pingente Você - P | Ouro Amarelo 18K e Diamantes;141;26;17;PI01541
gid://shopify/ProductVariant/47846572523815;PI01542;W;4500.0;;5;gid://shopify/Product/9055138185511;Pingente Você - P | Ouro Amarelo 18K e Diamantes;141;26;17;PI01542
gid://shopify/ProductVariant/47846572589351;PI01543;X;4500.0;;5;gid://shopify/Product/9055138185511;Pingente Você - P | Ouro Amarelo 18K e Diamantes;141;26;17;PI01543
gid://shopify/ProductVariant/47846572654887;PI01544;Y;4500.0;;5;gid://shopify/Product/9055138185511;Pingente Você - P | Ouro Amarelo 18K e Diamantes;141;26;17;PI01544
gid://shopify/ProductVariant/47846572720423;PI01545;Z;4500.0;;5;gid://shopify/Product/9055138185511;Pingente Você - P | Ouro Amarelo 18K e Diamantes;141;26;17;PI01545
gid://shopify/ProductVariant/47846631899431;BR06679T;A;4900.0;;5;gid://shopify/Product/9055168299303;Brinco Você - UNITÁRIO | Ouro Amarelo 18K e Diamantes;135;26;11;BR06679T
gid://shopify/ProductVariant/47846631997735;BR06680T;B;4900.0;;5;gid://shopify/Product/9055168299303;Brinco Você - UNITÁRIO | Ouro Amarelo 18K e Diamantes;135;26;11;BR06680T
gid://shopify/ProductVariant/47846632096039;BR06681T;C;4900.0;;7;gid://shopify/Product/9055168299303;Brinco Você - UNITÁRIO | Ouro Amarelo 18K e Diamantes;135;26;11;BR06681T
gid://shopify/ProductVariant/47846632194343;BR06682T;D;4900.0;;5;gid://shopify/Product/9055168299303;Brinco Você - UNITÁRIO | Ouro Amarelo 18K e Diamantes;135;26;11;BR06682T
gid://shopify/ProductVariant/47846632325415;BR06683T;E;4900.0;;6;gid://shopify/Product/9055168299303;Brinco Você - UNITÁRIO | Ouro Amarelo 18K e Diamantes;135;26;11;BR06683T
gid://shopify/ProductVariant/47846632423719;BR06685T;F;4900.0;;5;gid://shopify/Product/9055168299303;Brinco Você - UNITÁRIO | Ouro Amarelo 18K e Diamantes;135;26;11;BR06685T
gid://shopify/ProductVariant/47846632522023;BR06686T;G;4900.0;;5;gid://shopify/Product/9055168299303;Brinco Você - UNITÁRIO | Ouro Amarelo 18K e Diamantes;135;26;11;BR06686T
gid://shopify/ProductVariant/47846632620327;BR06687T;H;4900.0;;5;gid://shopify/Product/9055168299303;Brinco Você - UNITÁRIO | Ouro Amarelo 18K e Diamantes;135;26;11;BR06687T
gid://shopify/ProductVariant/47846632718631;BR06688T;I;4900.0;;5;gid://shopify/Product/9055168299303;Brinco Você - UNITÁRIO | Ouro Amarelo 18K e Diamantes;135;26;11;BR06688T
gid://shopify/ProductVariant/47846632816935;BR06689T;J;4900.0;;5;gid://shopify/Product/9055168299303;Brinco Você - UNITÁRIO | Ouro Amarelo 18K e Diamantes;135;26;11;BR06689T
gid://shopify/ProductVariant/47846632915239;BR06690T;K;4900.0;;5;gid://shopify/Product/9055168299303;Brinco Você - UNITÁRIO | Ouro Amarelo 18K e Diamantes;135;26;11;BR06690T
gid://shopify/ProductVariant/47846633013543;BR06691T;L;4900.0;;6;gid://shopify/Product/9055168299303;Brinco Você - UNITÁRIO | Ouro Amarelo 18K e Diamantes;135;26;11;BR06691T
gid://shopify/ProductVariant/47846633111847;BR06693T;M;4900.0;;5;gid://shopify/Product/9055168299303;Brinco Você - UNITÁRIO | Ouro Amarelo 18K e Diamantes;135;26;11;BR06693T
gid://shopify/ProductVariant/47846633210151;BR06694T;N;4900.0;;5;gid://shopify/Product/9055168299303;Brinco Você - UNITÁRIO | Ouro Amarelo 18K e Diamantes;135;26;11;BR06694T
gid://shopify/ProductVariant/47846633308455;BR06695T;O;4900.0;;5;gid://shopify/Product/9055168299303;Brinco Você - UNITÁRIO | Ouro Amarelo 18K e Diamantes;135;26;11;BR06695T
gid://shopify/ProductVariant/47846633406759;BR06696T;P;4900.0;;5;gid://shopify/Product/9055168299303;Brinco Você - UNITÁRIO | Ouro Amarelo 18K e Diamantes;135;26;11;BR06696T
gid://shopify/ProductVariant/47846633505063;BR06697T;Q;4900.0;;5;gid://shopify/Product/9055168299303;Brinco Você - UNITÁRIO | Ouro Amarelo 18K e Diamantes;135;26;11;BR06697T
gid://shopify/ProductVariant/47846633636135;BR06698T;R;4900.0;;5;gid://shopify/Product/9055168299303;Brinco Você - UNITÁRIO | Ouro Amarelo 18K e Diamantes;135;26;11;BR06698T
gid://shopify/ProductVariant/47846633734439;BR06699T;S;4900.0;;6;gid://shopify/Product/9055168299303;Brinco Você - UNITÁRIO | Ouro Amarelo 18K e Diamantes;135;26;11;BR06699T
gid://shopify/ProductVariant/47846633832743;BR06700T;T;4900.0;;5;gid://shopify/Product/9055168299303;Brinco Você - UNITÁRIO | Ouro Amarelo 18K e Diamantes;135;26;11;BR06700T
gid://shopify/ProductVariant/47846633931047;BR06701T;U;4900.0;;5;gid://shopify/Product/9055168299303;Brinco Você - UNITÁRIO | Ouro Amarelo 18K e Diamantes;135;26;11;BR06701T
gid://shopify/ProductVariant/47846634029351;BR06702T;V;4900.0;;5;gid://shopify/Product/9055168299303;Brinco Você - UNITÁRIO | Ouro Amarelo 18K e Diamantes;135;26;11;BR06702T
gid://shopify/ProductVariant/47846634127655;BR06703T;W;4900.0;;5;gid://shopify/Product/9055168299303;Brinco Você - UNITÁRIO | Ouro Amarelo 18K e Diamantes;135;26;11;BR06703T
gid://shopify/ProductVariant/47846634225959;BR06704T;X;4900.0;;5;gid://shopify/Product/9055168299303;Brinco Você - UNITÁRIO | Ouro Amarelo 18K e Diamantes;135;26;11;BR06704T
gid://shopify/ProductVariant/47846634324263;BR06705T;Y;4900.0;;5;gid://shopify/Product/9055168299303;Brinco Você - UNITÁRIO | Ouro Amarelo 18K e Diamantes;135;26;11;BR06705T
gid://shopify/ProductVariant/47846634422567;BR06706T;Z;4900.0;;5;gid://shopify/Product/9055168299303;Brinco Você - UNITÁRIO | Ouro Amarelo 18K e Diamantes;135;26;11;BR06706T
gid://shopify/ProductVariant/47846779912487;PI01571;A;3500.0;;6;gid://shopify/Product/9055227642151;Pingente Você - P | Ouro Amarelo 18K e Diamante;148;26;33;PI01571
gid://shopify/ProductVariant/47846779978023;PI01572;B;3500.0;;5;gid://shopify/Product/9055227642151;Pingente Você - P | Ouro Amarelo 18K e Diamante;148;26;33;PI01572
gid://shopify/ProductVariant/47846780043559;PI01573;C;3500.0;;6;gid://shopify/Product/9055227642151;Pingente Você - P | Ouro Amarelo 18K e Diamante;148;26;33;PI01573
gid://shopify/ProductVariant/47846780109095;PI01574;D;3500.0;;6;gid://shopify/Product/9055227642151;Pingente Você - P | Ouro Amarelo 18K e Diamante;148;26;33;PI01574
gid://shopify/ProductVariant/47846780174631;PI01575;E;3500.0;;5;gid://shopify/Product/9055227642151;Pingente Você - P | Ouro Amarelo 18K e Diamante;148;26;33;PI01575
gid://shopify/ProductVariant/47846780240167;PI01576;F;3500.0;;6;gid://shopify/Product/9055227642151;Pingente Você - P | Ouro Amarelo 18K e Diamante;148;26;33;PI01576
gid://shopify/ProductVariant/47846780305703;PI01577;G;3500.0;;7;gid://shopify/Product/9055227642151;Pingente Você - P | Ouro Amarelo 18K e Diamante;148;26;33;PI01577
gid://shopify/ProductVariant/47846780371239;PI01578;H;3500.0;;6;gid://shopify/Product/9055227642151;Pingente Você - P | Ouro Amarelo 18K e Diamante;148;26;33;PI01578
gid://shopify/ProductVariant/47846780436775;PI01579;I;3500.0;;6;gid://shopify/Product/9055227642151;Pingente Você - P | Ouro Amarelo 18K e Diamante;148;26;33;PI01579
gid://shopify/ProductVariant/47846780502311;PI01580;J;3500.0;;6;gid://shopify/Product/9055227642151;Pingente Você - P | Ouro Amarelo 18K e Diamante;148;26;33;PI01580
gid://shopify/ProductVariant/47846780567847;PI01581;K;3500.0;;6;gid://shopify/Product/9055227642151;Pingente Você - P | Ouro Amarelo 18K e Diamante;148;26;33;PI01581
gid://shopify/ProductVariant/47846780633383;PI01582;L;3500.0;;5;gid://shopify/Product/9055227642151;Pingente Você - P | Ouro Amarelo 18K e Diamante;148;26;33;PI01582
gid://shopify/ProductVariant/47846780698919;PI01583;M;3500.0;;5;gid://shopify/Product/9055227642151;Pingente Você - P | Ouro Amarelo 18K e Diamante;148;26;33;PI01583
gid://shopify/ProductVariant/47846780764455;PI01584;N;3500.0;;5;gid://shopify/Product/9055227642151;Pingente Você - P | Ouro Amarelo 18K e Diamante;148;26;33;PI01584
gid://shopify/ProductVariant/47846780829991;PI01585;O;3500.0;;6;gid://shopify/Product/9055227642151;Pingente Você - P | Ouro Amarelo 18K e Diamante;148;26;33;PI01585
gid://shopify/ProductVariant/47846780895527;PI01586;P;3500.0;;5;gid://shopify/Product/9055227642151;Pingente Você - P | Ouro Amarelo 18K e Diamante;148;26;33;PI01586
gid://shopify/ProductVariant/47846780961063;PI01587;Q;3500.0;;6;gid://shopify/Product/9055227642151;Pingente Você - P | Ouro Amarelo 18K e Diamante;148;26;33;PI01587
gid://shopify/ProductVariant/47846781026599;PI01588;R;3500.0;;5;gid://shopify/Product/9055227642151;Pingente Você - P | Ouro Amarelo 18K e Diamante;148;26;33;PI01588
gid://shopify/ProductVariant/47846781092135;PI01589;S;3500.0;;6;gid://shopify/Product/9055227642151;Pingente Você - P | Ouro Amarelo 18K e Diamante;148;26;33;PI01589
gid://shopify/ProductVariant/47846781157671;PI01590;T;3500.0;;6;gid://shopify/Product/9055227642151;Pingente Você - P | Ouro Amarelo 18K e Diamante;148;26;33;PI01590
gid://shopify/ProductVariant/47846781223207;PI01591;U;3500.0;;6;gid://shopify/Product/9055227642151;Pingente Você - P | Ouro Amarelo 18K e Diamante;148;26;33;PI01591
gid://shopify/ProductVariant/47846781288743;PI01592;V;3500.0;;5;gid://shopify/Product/9055227642151;Pingente Você - P | Ouro Amarelo 18K e Diamante;148;26;33;PI01592
gid://shopify/ProductVariant/47846781354279;PI01593;W;3500.0;;6;gid://shopify/Product/9055227642151;Pingente Você - P | Ouro Amarelo 18K e Diamante;148;26;33;PI01593
gid://shopify/ProductVariant/47846781419815;PI01594;X;3500.0;;6;gid://shopify/Product/9055227642151;Pingente Você - P | Ouro Amarelo 18K e Diamante;148;26;33;PI01594
gid://shopify/ProductVariant/47846781485351;PI01595;Y;3500.0;;5;gid://shopify/Product/9055227642151;Pingente Você - P | Ouro Amarelo 18K e Diamante;148;26;33;PI01595
gid://shopify/ProductVariant/47846781550887;PI01596;Z;3500.0;;6;gid://shopify/Product/9055227642151;Pingente Você - P | Ouro Amarelo 18K e Diamante;148;26;33;PI01596
gid://shopify/ProductVariant/47846825263399;PI01597;A;3500.0;;6;gid://shopify/Product/9055237079335;Pingente Você - P | Ouro Branco 18K e Diamante;158;26;51;PI01597
gid://shopify/ProductVariant/47846825328935;PI01598;B;3500.0;;5;gid://shopify/Product/9055237079335;Pingente Você - P | Ouro Branco 18K e Diamante;158;26;51;PI01598
gid://shopify/ProductVariant/47846825394471;PI01599;C;3500.0;;7;gid://shopify/Product/9055237079335;Pingente Você - P | Ouro Branco 18K e Diamante;158;26;51;PI01599
gid://shopify/ProductVariant/47846825460007;PI01600;D;3500.0;;6;gid://shopify/Product/9055237079335;Pingente Você - P | Ouro Branco 18K e Diamante;158;26;51;PI01600
gid://shopify/ProductVariant/47846825525543;PI01601;E;3500.0;;6;gid://shopify/Product/9055237079335;Pingente Você - P | Ouro Branco 18K e Diamante;158;26;51;PI01601
gid://shopify/ProductVariant/47846825591079;PI01602;F;3500.0;;7;gid://shopify/Product/9055237079335;Pingente Você - P | Ouro Branco 18K e Diamante;158;26;51;PI01602
gid://shopify/ProductVariant/47846825656615;PI01603;G;3500.0;;7;gid://shopify/Product/9055237079335;Pingente Você - P | Ouro Branco 18K e Diamante;158;26;51;PI01603
gid://shopify/ProductVariant/47846825722151;PI01604;H;3500.0;;6;gid://shopify/Product/9055237079335;Pingente Você - P | Ouro Branco 18K e Diamante;158;26;51;PI01604
gid://shopify/ProductVariant/47846825787687;PI01605;I;3500.0;;5;gid://shopify/Product/9055237079335;Pingente Você - P | Ouro Branco 18K e Diamante;158;26;51;PI01605
gid://shopify/ProductVariant/47846825853223;PI01606;J;3500.0;;7;gid://shopify/Product/9055237079335;Pingente Você - P | Ouro Branco 18K e Diamante;158;26;51;PI01606
gid://shopify/ProductVariant/47846825918759;PI01607;K;3500.0;;6;gid://shopify/Product/9055237079335;Pingente Você - P | Ouro Branco 18K e Diamante;158;26;51;PI01607
gid://shopify/ProductVariant/47846825984295;PI01608;L;3500.0;;6;gid://shopify/Product/9055237079335;Pingente Você - P | Ouro Branco 18K e Diamante;158;26;51;PI01608
gid://shopify/ProductVariant/47846826049831;PI01609;M;3500.0;;7;gid://shopify/Product/9055237079335;Pingente Você - P | Ouro Branco 18K e Diamante;158;26;51;PI01609
gid://shopify/ProductVariant/47846826115367;PI01610;N;3500.0;;6;gid://shopify/Product/9055237079335;Pingente Você - P | Ouro Branco 18K e Diamante;158;26;51;PI01610
gid://shopify/ProductVariant/47846826180903;PI01611;O;3500.0;;6;gid://shopify/Product/9055237079335;Pingente Você - P | Ouro Branco 18K e Diamante;158;26;51;PI01611
gid://shopify/ProductVariant/47846826246439;PI01612;P;3500.0;;6;gid://shopify/Product/9055237079335;Pingente Você - P | Ouro Branco 18K e Diamante;158;26;51;PI01612
gid://shopify/ProductVariant/47846826311975;PI01613;Q;3500.0;;6;gid://shopify/Product/9055237079335;Pingente Você - P | Ouro Branco 18K e Diamante;158;26;51;PI01613
gid://shopify/ProductVariant/47846826377511;PI01614;R;3500.0;;6;gid://shopify/Product/9055237079335;Pingente Você - P | Ouro Branco 18K e Diamante;158;26;51;PI01614
gid://shopify/ProductVariant/47846826443047;PI01615;S;3500.0;;6;gid://shopify/Product/9055237079335;Pingente Você - P | Ouro Branco 18K e Diamante;158;26;51;PI01615
gid://shopify/ProductVariant/47846826508583;PI01616;T;3500.0;;6;gid://shopify/Product/9055237079335;Pingente Você - P | Ouro Branco 18K e Diamante;158;26;51;PI01616
gid://shopify/ProductVariant/47846826574119;PI01617;U;3500.0;;6;gid://shopify/Product/9055237079335;Pingente Você - P | Ouro Branco 18K e Diamante;158;26;51;PI01617
gid://shopify/ProductVariant/47846826639655;PI01618;V;3500.0;;5;gid://shopify/Product/9055237079335;Pingente Você - P | Ouro Branco 18K e Diamante;158;26;51;PI01618
gid://shopify/ProductVariant/47846826705191;PI01619;W;3500.0;;6;gid://shopify/Product/9055237079335;Pingente Você - P | Ouro Branco 18K e Diamante;158;26;51;PI01619
gid://shopify/ProductVariant/47846826770727;PI01620;X;3500.0;;6;gid://shopify/Product/9055237079335;Pingente Você - P | Ouro Branco 18K e Diamante;158;26;51;PI01620
gid://shopify/ProductVariant/47846826836263;PI01621;Y;3500.0;;6;gid://shopify/Product/9055237079335;Pingente Você - P | Ouro Branco 18K e Diamante;158;26;51;PI01621
gid://shopify/ProductVariant/47846826901799;PI01622;Z;3500.0;;6;gid://shopify/Product/9055237079335;Pingente Você - P | Ouro Branco 18K e Diamante;158;26;51;PI01622
gid://shopify/ProductVariant/47846904299815;PI01630;A;3500.0;;5;gid://shopify/Product/9055243960615;Pingente Você - P | Ouro Branco 18K Com Ródio Negro e Diamante;155;26;15;PI01630
gid://shopify/ProductVariant/47846904365351;PI01631;B;3500.0;;6;gid://shopify/Product/9055243960615;Pingente Você - P | Ouro Branco 18K Com Ródio Negro e Diamante;155;26;15;PI01631
gid://shopify/ProductVariant/47846904430887;PI01632;C;3500.0;;6;gid://shopify/Product/9055243960615;Pingente Você - P | Ouro Branco 18K Com Ródio Negro e Diamante;155;26;15;PI01632
gid://shopify/ProductVariant/47846904496423;PI01633;D;3500.0;;6;gid://shopify/Product/9055243960615;Pingente Você - P | Ouro Branco 18K Com Ródio Negro e Diamante;155;26;15;PI01633
gid://shopify/ProductVariant/47846904561959;PI01634;E;3500.0;;6;gid://shopify/Product/9055243960615;Pingente Você - P | Ouro Branco 18K Com Ródio Negro e Diamante;155;26;15;PI01634
gid://shopify/ProductVariant/47846904627495;PI01635;F;3500.0;;6;gid://shopify/Product/9055243960615;Pingente Você - P | Ouro Branco 18K Com Ródio Negro e Diamante;155;26;15;PI01635
gid://shopify/ProductVariant/47846904693031;PI01636;G;3500.0;;6;gid://shopify/Product/9055243960615;Pingente Você - P | Ouro Branco 18K Com Ródio Negro e Diamante;155;26;15;PI01636
gid://shopify/ProductVariant/47846904758567;PI01637;H;3500.0;;6;gid://shopify/Product/9055243960615;Pingente Você - P | Ouro Branco 18K Com Ródio Negro e Diamante;155;26;15;PI01637
gid://shopify/ProductVariant/47846904824103;PI01638;I;3500.0;;6;gid://shopify/Product/9055243960615;Pingente Você - P | Ouro Branco 18K Com Ródio Negro e Diamante;155;26;15;PI01638
gid://shopify/ProductVariant/47846904889639;PI01639;J;3500.0;;6;gid://shopify/Product/9055243960615;Pingente Você - P | Ouro Branco 18K Com Ródio Negro e Diamante;155;26;15;PI01639
gid://shopify/ProductVariant/47846904955175;PI01640;K;3500.0;;6;gid://shopify/Product/9055243960615;Pingente Você - P | Ouro Branco 18K Com Ródio Negro e Diamante;155;26;15;PI01640
gid://shopify/ProductVariant/47846905020711;PI01641;L;3500.0;;6;gid://shopify/Product/9055243960615;Pingente Você - P | Ouro Branco 18K Com Ródio Negro e Diamante;155;26;15;PI01641
gid://shopify/ProductVariant/47846905086247;PI01642;M;3500.0;;6;gid://shopify/Product/9055243960615;Pingente Você - P | Ouro Branco 18K Com Ródio Negro e Diamante;155;26;15;PI01642
gid://shopify/ProductVariant/47846905151783;PI01643;N;3500.0;;6;gid://shopify/Product/9055243960615;Pingente Você - P | Ouro Branco 18K Com Ródio Negro e Diamante;155;26;15;PI01643
gid://shopify/ProductVariant/47846905217319;PI01644;O;3500.0;;6;gid://shopify/Product/9055243960615;Pingente Você - P | Ouro Branco 18K Com Ródio Negro e Diamante;155;26;15;PI01644
gid://shopify/ProductVariant/47846905282855;PI01645;P;3500.0;;6;gid://shopify/Product/9055243960615;Pingente Você - P | Ouro Branco 18K Com Ródio Negro e Diamante;155;26;15;PI01645
gid://shopify/ProductVariant/47846905348391;PI01646;Q;3500.0;;6;gid://shopify/Product/9055243960615;Pingente Você - P | Ouro Branco 18K Com Ródio Negro e Diamante;155;26;15;PI01646
gid://shopify/ProductVariant/47846905413927;PI01647;R;3500.0;;6;gid://shopify/Product/9055243960615;Pingente Você - P | Ouro Branco 18K Com Ródio Negro e Diamante;155;26;15;PI01647
gid://shopify/ProductVariant/47846905479463;PI01648;S;3500.0;;6;gid://shopify/Product/9055243960615;Pingente Você - P | Ouro Branco 18K Com Ródio Negro e Diamante;155;26;15;PI01648
gid://shopify/ProductVariant/47846905544999;PI01649;T;3500.0;;6;gid://shopify/Product/9055243960615;Pingente Você - P | Ouro Branco 18K Com Ródio Negro e Diamante;155;26;15;PI01649
gid://shopify/ProductVariant/47846905610535;PI01650;U;3500.0;;6;gid://shopify/Product/9055243960615;Pingente Você - P | Ouro Branco 18K Com Ródio Negro e Diamante;155;26;15;PI01650
gid://shopify/ProductVariant/47846905676071;PI01651;V;3500.0;;6;gid://shopify/Product/9055243960615;Pingente Você - P | Ouro Branco 18K Com Ródio Negro e Diamante;155;26;15;PI01651
gid://shopify/ProductVariant/47846905741607;PI01652;W;3500.0;;6;gid://shopify/Product/9055243960615;Pingente Você - P | Ouro Branco 18K Com Ródio Negro e Diamante;155;26;15;PI01652
gid://shopify/ProductVariant/47846905807143;PI01653;X;3500.0;;6;gid://shopify/Product/9055243960615;Pingente Você - P | Ouro Branco 18K Com Ródio Negro e Diamante;155;26;15;PI01653
gid://shopify/ProductVariant/47846905872679;PI01654;Y;3500.0;;6;gid://shopify/Product/9055243960615;Pingente Você - P | Ouro Branco 18K Com Ródio Negro e Diamante;155;26;15;PI01654
gid://shopify/ProductVariant/47846905938215;PI01655;Z;3500.0;;6;gid://shopify/Product/9055243960615;Pingente Você - P | Ouro Branco 18K Com Ródio Negro e Diamante;155;26;15;PI01655
gid://shopify/ProductVariant/47846929629479;CO01326;Default Title;11900.0;;5;gid://shopify/Product/9055248515367;Corrente Você - 70cm | Ouro Branco 18K;5;1;4;CO01326
gid://shopify/ProductVariant/47846935363879;CO01335;Default Title;11900.0;;5;gid://shopify/Product/9055250186535;Corrente Você - 70cm | Ouro Amarelo 18K;5;1;4;CO01335
gid://shopify/ProductVariant/47846948307239;CO01336;Default Title;11900.0;;5;gid://shopify/Product/9055252644135;Corrente Clássico - 70cm | Ouro Branco 18K com Ródio Negro;5;1;0;CO01336
gid://shopify/ProductVariant/47847258095911;PI01628;Default Title;3500.0;;7;gid://shopify/Product/9055318933799;Pingente Você - M | Ouro Amarelo 18K e Safira Rosa;7;1;2;PI01628
gid://shopify/ProductVariant/47847272284455;PI01629;Default Title;2500.0;;6;gid://shopify/Product/9055321948455;Pingente Você - P | Ouro Amarelo 18K e Rubi;6;1;0;PI01629
gid://shopify/ProductVariant/47855879848231;TO00002;Default Title;3600.0;;5;gid://shopify/Product/9057482637607;Tornozeleira Você - M | Ouro Amarelo 18K;5;1;3;TO00002
gid://shopify/ProductVariant/47855911600423;TO00003;Default Title;3600.0;;6;gid://shopify/Product/9057493844263;Tornozeleira Você - M | Ouro Branco 18K;6;1;2;TO00003
gid://shopify/ProductVariant/47855918219559;TO00011;Default Title;3600.0;;5;gid://shopify/Product/9057495089447;Tornozeleira Você - M | Ouro Branco 18K com Ródio Negro;5;1;3;TO00011
gid://shopify/ProductVariant/47863784341799;BR06819T;A;3900.0;;5;gid://shopify/Product/9059678290215;Brinco Você - UNITÁRIO | Ouro Branco 18K com Ródio Negro e Diamante;139;26;15;BR06819T
gid://shopify/ProductVariant/47863784374567;BR06820T;B;3900.0;;5;gid://shopify/Product/9059678290215;Brinco Você - UNITÁRIO | Ouro Branco 18K com Ródio Negro e Diamante;139;26;15;BR06820T
gid://shopify/ProductVariant/47863784407335;BR06821T;C;3900.0;;6;gid://shopify/Product/9059678290215;Brinco Você - UNITÁRIO | Ouro Branco 18K com Ródio Negro e Diamante;139;26;15;BR06821T
gid://shopify/ProductVariant/47863784440103;BR06822T;D;3900.0;;5;gid://shopify/Product/9059678290215;Brinco Você - UNITÁRIO | Ouro Branco 18K com Ródio Negro e Diamante;139;26;15;BR06822T
gid://shopify/ProductVariant/47863784472871;BR06823T;E;3900.0;;6;gid://shopify/Product/9059678290215;Brinco Você - UNITÁRIO | Ouro Branco 18K com Ródio Negro e Diamante;139;26;15;BR06823T
gid://shopify/ProductVariant/47863784505639;BR06824T;F;3900.0;;5;gid://shopify/Product/9059678290215;Brinco Você - UNITÁRIO | Ouro Branco 18K com Ródio Negro e Diamante;139;26;15;BR06824T
gid://shopify/ProductVariant/47863784538407;BR06825T;G;3900.0;;6;gid://shopify/Product/9059678290215;Brinco Você - UNITÁRIO | Ouro Branco 18K com Ródio Negro e Diamante;139;26;15;BR06825T
gid://shopify/ProductVariant/47863784571175;BR06826T;H;3900.0;;5;gid://shopify/Product/9059678290215;Brinco Você - UNITÁRIO | Ouro Branco 18K com Ródio Negro e Diamante;139;26;15;BR06826T
gid://shopify/ProductVariant/47863784603943;BR06827T;I;3900.0;;5;gid://shopify/Product/9059678290215;Brinco Você - UNITÁRIO | Ouro Branco 18K com Ródio Negro e Diamante;139;26;15;BR06827T
gid://shopify/ProductVariant/47863784636711;BR06828T;J;3900.0;;6;gid://shopify/Product/9059678290215;Brinco Você - UNITÁRIO | Ouro Branco 18K com Ródio Negro e Diamante;139;26;15;BR06828T
gid://shopify/ProductVariant/47863784669479;BR06829T;K;3900.0;;5;gid://shopify/Product/9059678290215;Brinco Você - UNITÁRIO | Ouro Branco 18K com Ródio Negro e Diamante;139;26;15;BR06829T
gid://shopify/ProductVariant/47863784702247;BR06830T;L;3900.0;;6;gid://shopify/Product/9059678290215;Brinco Você - UNITÁRIO | Ouro Branco 18K com Ródio Negro e Diamante;139;26;15;BR06830T
gid://shopify/ProductVariant/47863784735015;BR06831T;M;3900.0;;7;gid://shopify/Product/9059678290215;Brinco Você - UNITÁRIO | Ouro Branco 18K com Ródio Negro e Diamante;139;26;15;BR06831T
gid://shopify/ProductVariant/47863784767783;BR06832T;N;3900.0;;5;gid://shopify/Product/9059678290215;Brinco Você - UNITÁRIO | Ouro Branco 18K com Ródio Negro e Diamante;139;26;15;BR06832T
gid://shopify/ProductVariant/47863784800551;BR06833T;O;3900.0;;5;gid://shopify/Product/9059678290215;Brinco Você - UNITÁRIO | Ouro Branco 18K com Ródio Negro e Diamante;139;26;15;BR06833T
gid://shopify/ProductVariant/47863784833319;BR06834T;P;3900.0;;5;gid://shopify/Product/9059678290215;Brinco Você - UNITÁRIO | Ouro Branco 18K com Ródio Negro e Diamante;139;26;15;BR06834T
gid://shopify/ProductVariant/47863784866087;BR06835T;Q;3900.0;;5;gid://shopify/Product/9059678290215;Brinco Você - UNITÁRIO | Ouro Branco 18K com Ródio Negro e Diamante;139;26;15;BR06835T
gid://shopify/ProductVariant/47863784898855;BR06836T;R;3900.0;;6;gid://shopify/Product/9059678290215;Brinco Você - UNITÁRIO | Ouro Branco 18K com Ródio Negro e Diamante;139;26;15;BR06836T
gid://shopify/ProductVariant/47863784964391;BR06837T;S;3900.0;;6;gid://shopify/Product/9059678290215;Brinco Você - UNITÁRIO | Ouro Branco 18K com Ródio Negro e Diamante;139;26;15;BR06837T
gid://shopify/ProductVariant/47863785029927;BR06838T;T;3900.0;;5;gid://shopify/Product/9059678290215;Brinco Você - UNITÁRIO | Ouro Branco 18K com Ródio Negro e Diamante;139;26;15;BR06838T
gid://shopify/ProductVariant/47863785128231;BR06839T;U;3900.0;;5;gid://shopify/Product/9059678290215;Brinco Você - UNITÁRIO | Ouro Branco 18K com Ródio Negro e Diamante;139;26;15;BR06839T
gid://shopify/ProductVariant/47863785193767;BR06840T;V;3900.0;;5;gid://shopify/Product/9059678290215;Brinco Você - UNITÁRIO | Ouro Branco 18K com Ródio Negro e Diamante;139;26;15;BR06840T
gid://shopify/ProductVariant/47863785259303;BR06841T;W;3900.0;;5;gid://shopify/Product/9059678290215;Brinco Você - UNITÁRIO | Ouro Branco 18K com Ródio Negro e Diamante;139;26;15;BR06841T
gid://shopify/ProductVariant/47863785324839;BR06842T;X;3900.0;;5;gid://shopify/Product/9059678290215;Brinco Você - UNITÁRIO | Ouro Branco 18K com Ródio Negro e Diamante;139;26;15;BR06842T
gid://shopify/ProductVariant/47863785357607;BR06843T;Y;3900.0;;5;gid://shopify/Product/9059678290215;Brinco Você - UNITÁRIO | Ouro Branco 18K com Ródio Negro e Diamante;139;26;15;BR06843T
gid://shopify/ProductVariant/47863785390375;BR06844T;Z;3900.0;;5;gid://shopify/Product/9059678290215;Brinco Você - UNITÁRIO | Ouro Branco 18K com Ródio Negro e Diamante;139;26;15;BR06844T
gid://shopify/ProductVariant/47863821992231;BR06760T;A;3900.0;;6;gid://shopify/Product/9059682648359;Brinco Você - UNITÁRIO | Ouro Branco 18K e Diamante;142;26;19;BR06760T
gid://shopify/ProductVariant/47863822057767;BR06761T;B;3900.0;;6;gid://shopify/Product/9059682648359;Brinco Você - UNITÁRIO | Ouro Branco 18K e Diamante;142;26;19;BR06761T
gid://shopify/ProductVariant/47863822090535;BR06762T;C;3900.0;;6;gid://shopify/Product/9059682648359;Brinco Você - UNITÁRIO | Ouro Branco 18K e Diamante;142;26;19;BR06762T
gid://shopify/ProductVariant/47863822123303;BR06763T;D;3900.0;;6;gid://shopify/Product/9059682648359;Brinco Você - UNITÁRIO | Ouro Branco 18K e Diamante;142;26;19;BR06763T
gid://shopify/ProductVariant/47863822156071;BR06764T;E;3900.0;;6;gid://shopify/Product/9059682648359;Brinco Você - UNITÁRIO | Ouro Branco 18K e Diamante;142;26;19;BR06764T
gid://shopify/ProductVariant/47863822188839;BR06765T;F;3900.0;;5;gid://shopify/Product/9059682648359;Brinco Você - UNITÁRIO | Ouro Branco 18K e Diamante;142;26;19;BR06765T
gid://shopify/ProductVariant/47863822221607;BR06766T;G;3900.0;;6;gid://shopify/Product/9059682648359;Brinco Você - UNITÁRIO | Ouro Branco 18K e Diamante;142;26;19;BR06766T
gid://shopify/ProductVariant/47863822254375;BR06767T;H;3900.0;;5;gid://shopify/Product/9059682648359;Brinco Você - UNITÁRIO | Ouro Branco 18K e Diamante;142;26;19;BR06767T
gid://shopify/ProductVariant/47863822287143;BR06768T;I;3900.0;;5;gid://shopify/Product/9059682648359;Brinco Você - UNITÁRIO | Ouro Branco 18K e Diamante;142;26;19;BR06768T
gid://shopify/ProductVariant/47863822319911;BR06769T;J;3900.0;;6;gid://shopify/Product/9059682648359;Brinco Você - UNITÁRIO | Ouro Branco 18K e Diamante;142;26;19;BR06769T
gid://shopify/ProductVariant/47863822352679;BR06770T;K;3900.0;;5;gid://shopify/Product/9059682648359;Brinco Você - UNITÁRIO | Ouro Branco 18K e Diamante;142;26;19;BR06770T
gid://shopify/ProductVariant/47863822385447;BR06771T;L;3900.0;;7;gid://shopify/Product/9059682648359;Brinco Você - UNITÁRIO | Ouro Branco 18K e Diamante;142;26;19;BR06771T
gid://shopify/ProductVariant/47863822418215;BR06772T;M;3900.0;;6;gid://shopify/Product/9059682648359;Brinco Você - UNITÁRIO | Ouro Branco 18K e Diamante;142;26;19;BR06772T
gid://shopify/ProductVariant/47863822450983;BR06773T;N;3900.0;;5;gid://shopify/Product/9059682648359;Brinco Você - UNITÁRIO | Ouro Branco 18K e Diamante;142;26;19;BR06773T
gid://shopify/ProductVariant/47863822483751;BR06774T;O;3900.0;;5;gid://shopify/Product/9059682648359;Brinco Você - UNITÁRIO | Ouro Branco 18K e Diamante;142;26;19;BR06774T
gid://shopify/ProductVariant/47863822516519;BR06775T;P;3900.0;;5;gid://shopify/Product/9059682648359;Brinco Você - UNITÁRIO | Ouro Branco 18K e Diamante;142;26;19;BR06775T
gid://shopify/ProductVariant/47863822549287;BR06776T;Q;3900.0;;5;gid://shopify/Product/9059682648359;Brinco Você - UNITÁRIO | Ouro Branco 18K e Diamante;142;26;19;BR06776T
gid://shopify/ProductVariant/47863822582055;BR06777T;R;3900.0;;6;gid://shopify/Product/9059682648359;Brinco Você - UNITÁRIO | Ouro Branco 18K e Diamante;142;26;19;BR06777T
gid://shopify/ProductVariant/47863822614823;BR06778T;S;3900.0;;6;gid://shopify/Product/9059682648359;Brinco Você - UNITÁRIO | Ouro Branco 18K e Diamante;142;26;19;BR06778T
gid://shopify/ProductVariant/47863822647591;BR06779T;T;3900.0;;5;gid://shopify/Product/9059682648359;Brinco Você - UNITÁRIO | Ouro Branco 18K e Diamante;142;26;19;BR06779T
gid://shopify/ProductVariant/47863822680359;BR06780T;U;3900.0;;5;gid://shopify/Product/9059682648359;Brinco Você - UNITÁRIO | Ouro Branco 18K e Diamante;142;26;19;BR06780T
gid://shopify/ProductVariant/47863822713127;BR06781T;V;3900.0;;5;gid://shopify/Product/9059682648359;Brinco Você - UNITÁRIO | Ouro Branco 18K e Diamante;142;26;19;BR06781T
gid://shopify/ProductVariant/47863822745895;BR06845T;W;3900.0;;5;gid://shopify/Product/9059682648359;Brinco Você - UNITÁRIO | Ouro Branco 18K e Diamante;142;26;19;BR06845T
gid://shopify/ProductVariant/47863822778663;BR06783T;X;3900.0;;5;gid://shopify/Product/9059682648359;Brinco Você - UNITÁRIO | Ouro Branco 18K e Diamante;142;26;19;BR06783T
gid://shopify/ProductVariant/47863822811431;BR06784T;Y;3900.0;;5;gid://shopify/Product/9059682648359;Brinco Você - UNITÁRIO | Ouro Branco 18K e Diamante;142;26;19;BR06784T
gid://shopify/ProductVariant/47863822844199;BR06785T;Z;3900.0;;5;gid://shopify/Product/9059682648359;Brinco Você - UNITÁRIO | Ouro Branco 18K e Diamante;142;26;19;BR06785T
gid://shopify/ProductVariant/47863912497447;BR06734T;A;3900.0;;6;gid://shopify/Product/9059693887783;Brinco Você - UNITÁRIO | Ouro Amarelo 18K e Diamante;140;26;25;BR06734T
gid://shopify/ProductVariant/47863912530215;BR06735T;B;3900.0;;5;gid://shopify/Product/9059693887783;Brinco Você - UNITÁRIO | Ouro Amarelo 18K e Diamante;140;26;25;BR06735T
gid://shopify/ProductVariant/47863912562983;BR06736T;C;3900.0;;6;gid://shopify/Product/9059693887783;Brinco Você - UNITÁRIO | Ouro Amarelo 18K e Diamante;140;26;25;BR06736T
gid://shopify/ProductVariant/47863912595751;BR06737T;D;3900.0;;6;gid://shopify/Product/9059693887783;Brinco Você - UNITÁRIO | Ouro Amarelo 18K e Diamante;140;26;25;BR06737T
gid://shopify/ProductVariant/47863912628519;BR06738T;E;3900.0;;6;gid://shopify/Product/9059693887783;Brinco Você - UNITÁRIO | Ouro Amarelo 18K e Diamante;140;26;25;BR06738T
gid://shopify/ProductVariant/47863912661287;BR06739T;F;3900.0;;6;gid://shopify/Product/9059693887783;Brinco Você - UNITÁRIO | Ouro Amarelo 18K e Diamante;140;26;25;BR06739T
gid://shopify/ProductVariant/47863912694055;BR06740T;G;3900.0;;6;gid://shopify/Product/9059693887783;Brinco Você - UNITÁRIO | Ouro Amarelo 18K e Diamante;140;26;25;BR06740T
gid://shopify/ProductVariant/47863912726823;BR06741T;H;3900.0;;5;gid://shopify/Product/9059693887783;Brinco Você - UNITÁRIO | Ouro Amarelo 18K e Diamante;140;26;25;BR06741T
gid://shopify/ProductVariant/47863912759591;BR06742T;I;3900.0;;5;gid://shopify/Product/9059693887783;Brinco Você - UNITÁRIO | Ouro Amarelo 18K e Diamante;140;26;25;BR06742T
gid://shopify/ProductVariant/47863912792359;BR06743T;J;3900.0;;6;gid://shopify/Product/9059693887783;Brinco Você - UNITÁRIO | Ouro Amarelo 18K e Diamante;140;26;25;BR06743T
gid://shopify/ProductVariant/47863912825127;BR06744T;K;3900.0;;5;gid://shopify/Product/9059693887783;Brinco Você - UNITÁRIO | Ouro Amarelo 18K e Diamante;140;26;25;BR06744T
gid://shopify/ProductVariant/47863912857895;BR06745T;L;3900.0;;6;gid://shopify/Product/9059693887783;Brinco Você - UNITÁRIO | Ouro Amarelo 18K e Diamante;140;26;25;BR06745T
gid://shopify/ProductVariant/47863912890663;BR06746T;M;3900.0;;5;gid://shopify/Product/9059693887783;Brinco Você - UNITÁRIO | Ouro Amarelo 18K e Diamante;140;26;25;BR06746T
gid://shopify/ProductVariant/47863912923431;BR06747T;N;3900.0;;5;gid://shopify/Product/9059693887783;Brinco Você - UNITÁRIO | Ouro Amarelo 18K e Diamante;140;26;25;BR06747T
gid://shopify/ProductVariant/47863912956199;BR06748T;O;3900.0;;5;gid://shopify/Product/9059693887783;Brinco Você - UNITÁRIO | Ouro Amarelo 18K e Diamante;140;26;25;BR06748T
gid://shopify/ProductVariant/47863912988967;BR06749T;P;3900.0;;5;gid://shopify/Product/9059693887783;Brinco Você - UNITÁRIO | Ouro Amarelo 18K e Diamante;140;26;25;BR06749T
gid://shopify/ProductVariant/47863913021735;BR06750T;Q;3900.0;;5;gid://shopify/Product/9059693887783;Brinco Você - UNITÁRIO | Ouro Amarelo 18K e Diamante;140;26;25;BR06750T
gid://shopify/ProductVariant/47863913054503;BR06751T;R;3900.0;;6;gid://shopify/Product/9059693887783;Brinco Você - UNITÁRIO | Ouro Amarelo 18K e Diamante;140;26;25;BR06751T
gid://shopify/ProductVariant/47863913087271;BR06752T;S;3900.0;;6;gid://shopify/Product/9059693887783;Brinco Você - UNITÁRIO | Ouro Amarelo 18K e Diamante;140;26;25;BR06752T
gid://shopify/ProductVariant/47863913120039;BR06753T;T;3900.0;;5;gid://shopify/Product/9059693887783;Brinco Você - UNITÁRIO | Ouro Amarelo 18K e Diamante;140;26;25;BR06753T
gid://shopify/ProductVariant/47863913152807;BR06754T;U;3900.0;;5;gid://shopify/Product/9059693887783;Brinco Você - UNITÁRIO | Ouro Amarelo 18K e Diamante;140;26;25;BR06754T
gid://shopify/ProductVariant/47863913185575;BR06755T;V;3900.0;;5;gid://shopify/Product/9059693887783;Brinco Você - UNITÁRIO | Ouro Amarelo 18K e Diamante;140;26;25;BR06755T
gid://shopify/ProductVariant/47863913218343;BR06756T;W;3900.0;;5;gid://shopify/Product/9059693887783;Brinco Você - UNITÁRIO | Ouro Amarelo 18K e Diamante;140;26;25;BR06756T
gid://shopify/ProductVariant/47863913251111;BR06757T;X;3900.0;;5;gid://shopify/Product/9059693887783;Brinco Você - UNITÁRIO | Ouro Amarelo 18K e Diamante;140;26;25;BR06757T
gid://shopify/ProductVariant/47863913283879;BR06758T;Y;3900.0;;5;gid://shopify/Product/9059693887783;Brinco Você - UNITÁRIO | Ouro Amarelo 18K e Diamante;140;26;25;BR06758T
gid://shopify/ProductVariant/47863913316647;BR06759T;Z;3900.0;;5;gid://shopify/Product/9059693887783;Brinco Você - UNITÁRIO | Ouro Amarelo 18K e Diamante;140;26;25;BR06759T
gid://shopify/ProductVariant/47863934255399;BR06707T;A;4900.0;;5;gid://shopify/Product/9059695558951;Brinco Você - UNITÁRIO | Ouro Branco 18K e Diamantes;146;26;15;BR06707T
gid://shopify/ProductVariant/47863934353703;BR06708T;B;4900.0;;7;gid://shopify/Product/9059695558951;Brinco Você - UNITÁRIO | Ouro Branco 18K e Diamantes;146;26;15;BR06708T
gid://shopify/ProductVariant/47863934452007;BR06709T;C;4900.0;;7;gid://shopify/Product/9059695558951;Brinco Você - UNITÁRIO | Ouro Branco 18K e Diamantes;146;26;15;BR06709T
gid://shopify/ProductVariant/47863934550311;BR06710T;D;4900.0;;5;gid://shopify/Product/9059695558951;Brinco Você - UNITÁRIO | Ouro Branco 18K e Diamantes;146;26;15;BR06710T
gid://shopify/ProductVariant/47863934648615;BR06711T;E;4900.0;;6;gid://shopify/Product/9059695558951;Brinco Você - UNITÁRIO | Ouro Branco 18K e Diamantes;146;26;15;BR06711T
gid://shopify/ProductVariant/47863934746919;BR06712T;F;4900.0;;7;gid://shopify/Product/9059695558951;Brinco Você - UNITÁRIO | Ouro Branco 18K e Diamantes;146;26;15;BR06712T
gid://shopify/ProductVariant/47863934845223;BR06713T;G;4900.0;;7;gid://shopify/Product/9059695558951;Brinco Você - UNITÁRIO | Ouro Branco 18K e Diamantes;146;26;15;BR06713T
gid://shopify/ProductVariant/47863934943527;BR06715T;H;4900.0;;5;gid://shopify/Product/9059695558951;Brinco Você - UNITÁRIO | Ouro Branco 18K e Diamantes;146;26;15;BR06715T
gid://shopify/ProductVariant/47863935041831;BR06716T;I;4900.0;;6;gid://shopify/Product/9059695558951;Brinco Você - UNITÁRIO | Ouro Branco 18K e Diamantes;146;26;15;BR06716T
gid://shopify/ProductVariant/47863935140135;BR06717T;J;4900.0;;7;gid://shopify/Product/9059695558951;Brinco Você - UNITÁRIO | Ouro Branco 18K e Diamantes;146;26;15;BR06717T
gid://shopify/ProductVariant/47863935238439;BR06718T;K;4900.0;;5;gid://shopify/Product/9059695558951;Brinco Você - UNITÁRIO | Ouro Branco 18K e Diamantes;146;26;15;BR06718T
gid://shopify/ProductVariant/47863935336743;BR06719T;L;4900.0;;7;gid://shopify/Product/9059695558951;Brinco Você - UNITÁRIO | Ouro Branco 18K e Diamantes;146;26;15;BR06719T
gid://shopify/ProductVariant/47863935435047;BR06720T;M;4900.0;;5;gid://shopify/Product/9059695558951;Brinco Você - UNITÁRIO | Ouro Branco 18K e Diamantes;146;26;15;BR06720T
gid://shopify/ProductVariant/47863935533351;BR06721T;N;4900.0;;5;gid://shopify/Product/9059695558951;Brinco Você - UNITÁRIO | Ouro Branco 18K e Diamantes;146;26;15;BR06721T
gid://shopify/ProductVariant/47863935631655;BR06722T;O;4900.0;;5;gid://shopify/Product/9059695558951;Brinco Você - UNITÁRIO | Ouro Branco 18K e Diamantes;146;26;15;BR06722T
gid://shopify/ProductVariant/47863935729959;BR06723T;P;4900.0;;5;gid://shopify/Product/9059695558951;Brinco Você - UNITÁRIO | Ouro Branco 18K e Diamantes;146;26;15;BR06723T
gid://shopify/ProductVariant/47863935828263;BR06724T;Q;4900.0;;5;gid://shopify/Product/9059695558951;Brinco Você - UNITÁRIO | Ouro Branco 18K e Diamantes;146;26;15;BR06724T
gid://shopify/ProductVariant/47863935926567;BR06725T;R;4900.0;;5;gid://shopify/Product/9059695558951;Brinco Você - UNITÁRIO | Ouro Branco 18K e Diamantes;146;26;15;BR06725T
gid://shopify/ProductVariant/47863936024871;BR06726T;S;4900.0;;7;gid://shopify/Product/9059695558951;Brinco Você - UNITÁRIO | Ouro Branco 18K e Diamantes;146;26;15;BR06726T
gid://shopify/ProductVariant/47863936123175;BR06727T;T;4900.0;;5;gid://shopify/Product/9059695558951;Brinco Você - UNITÁRIO | Ouro Branco 18K e Diamantes;146;26;15;BR06727T
gid://shopify/ProductVariant/47863936221479;BR06728T;U;4900.0;;5;gid://shopify/Product/9059695558951;Brinco Você - UNITÁRIO | Ouro Branco 18K e Diamantes;146;26;15;BR06728T
gid://shopify/ProductVariant/47863936319783;BR06729T;V;4900.0;;5;gid://shopify/Product/9059695558951;Brinco Você - UNITÁRIO | Ouro Branco 18K e Diamantes;146;26;15;BR06729T
gid://shopify/ProductVariant/47863936418087;BR06730T;W;4900.0;;5;gid://shopify/Product/9059695558951;Brinco Você - UNITÁRIO | Ouro Branco 18K e Diamantes;146;26;15;BR06730T
gid://shopify/ProductVariant/47863936516391;BR06731T;X;4900.0;;5;gid://shopify/Product/9059695558951;Brinco Você - UNITÁRIO | Ouro Branco 18K e Diamantes;146;26;15;BR06731T
gid://shopify/ProductVariant/47863936614695;BR06732T;Y;4900.0;;5;gid://shopify/Product/9059695558951;Brinco Você - UNITÁRIO | Ouro Branco 18K e Diamantes;146;26;15;BR06732T
gid://shopify/ProductVariant/47863936712999;BR06733T;Z;4900.0;;5;gid://shopify/Product/9059695558951;Brinco Você - UNITÁRIO | Ouro Branco 18K e Diamantes;146;26;15;BR06733T
gid://shopify/ProductVariant/47864051794215;BR06792T;A;4900.0;;7;gid://shopify/Product/9059714760999;Brinco Você - UNITÁRIO | Ouro Branco 18K com Ródio Negro e Diamantes;136;26;11;BR06792T
gid://shopify/ProductVariant/47864051892519;BR06794T;B;4900.0;;5;gid://shopify/Product/9059714760999;Brinco Você - UNITÁRIO | Ouro Branco 18K com Ródio Negro e Diamantes;136;26;11;BR06794T
gid://shopify/ProductVariant/47864051990823;BR06795T;C;4900.0;;6;gid://shopify/Product/9059714760999;Brinco Você - UNITÁRIO | Ouro Branco 18K com Ródio Negro e Diamantes;136;26;11;BR06795T
gid://shopify/ProductVariant/47864052089127;BR06796T;D;4900.0;;5;gid://shopify/Product/9059714760999;Brinco Você - UNITÁRIO | Ouro Branco 18K com Ródio Negro e Diamantes;136;26;11;BR06796T
gid://shopify/ProductVariant/47864052187431;BR06797T;E;4900.0;;6;gid://shopify/Product/9059714760999;Brinco Você - UNITÁRIO | Ouro Branco 18K com Ródio Negro e Diamantes;136;26;11;BR06797T
gid://shopify/ProductVariant/47864052285735;BR06798T;F;4900.0;;5;gid://shopify/Product/9059714760999;Brinco Você - UNITÁRIO | Ouro Branco 18K com Ródio Negro e Diamantes;136;26;11;BR06798T
gid://shopify/ProductVariant/47864052384039;BR06799T;G;4900.0;;5;gid://shopify/Product/9059714760999;Brinco Você - UNITÁRIO | Ouro Branco 18K com Ródio Negro e Diamantes;136;26;11;BR06799T
gid://shopify/ProductVariant/47864052482343;BR06800T;H;4900.0;;5;gid://shopify/Product/9059714760999;Brinco Você - UNITÁRIO | Ouro Branco 18K com Ródio Negro e Diamantes;136;26;11;BR06800T
gid://shopify/ProductVariant/47864052580647;BR06801T;I;4900.0;;5;gid://shopify/Product/9059714760999;Brinco Você - UNITÁRIO | Ouro Branco 18K com Ródio Negro e Diamantes;136;26;11;BR06801T
gid://shopify/ProductVariant/47864052678951;BR06802T;J;4900.0;;5;gid://shopify/Product/9059714760999;Brinco Você - UNITÁRIO | Ouro Branco 18K com Ródio Negro e Diamantes;136;26;11;BR06802T
gid://shopify/ProductVariant/47864052777255;BR06803T;K;4900.0;;5;gid://shopify/Product/9059714760999;Brinco Você - UNITÁRIO | Ouro Branco 18K com Ródio Negro e Diamantes;136;26;11;BR06803T
gid://shopify/ProductVariant/47864052875559;BR06804T;L;4900.0;;6;gid://shopify/Product/9059714760999;Brinco Você - UNITÁRIO | Ouro Branco 18K com Ródio Negro e Diamantes;136;26;11;BR06804T
gid://shopify/ProductVariant/47864052973863;BR06805T;M;4900.0;;5;gid://shopify/Product/9059714760999;Brinco Você - UNITÁRIO | Ouro Branco 18K com Ródio Negro e Diamantes;136;26;11;BR06805T
gid://shopify/ProductVariant/47864053072167;BR06806T;N;4900.0;;5;gid://shopify/Product/9059714760999;Brinco Você - UNITÁRIO | Ouro Branco 18K com Ródio Negro e Diamantes;136;26;11;BR06806T
gid://shopify/ProductVariant/47864053170471;BR06807T;O;4900.0;;5;gid://shopify/Product/9059714760999;Brinco Você - UNITÁRIO | Ouro Branco 18K com Ródio Negro e Diamantes;136;26;11;BR06807T
gid://shopify/ProductVariant/47864053268775;BR06808T;P;4900.0;;5;gid://shopify/Product/9059714760999;Brinco Você - UNITÁRIO | Ouro Branco 18K com Ródio Negro e Diamantes;136;26;11;BR06808T
gid://shopify/ProductVariant/47864053367079;BR06809T;Q;4900.0;;5;gid://shopify/Product/9059714760999;Brinco Você - UNITÁRIO | Ouro Branco 18K com Ródio Negro e Diamantes;136;26;11;BR06809T
gid://shopify/ProductVariant/47864053465383;BR06810T;R;4900.0;;5;gid://shopify/Product/9059714760999;Brinco Você - UNITÁRIO | Ouro Branco 18K com Ródio Negro e Diamantes;136;26;11;BR06810T
gid://shopify/ProductVariant/47864053563687;BR06811T;S;4900.0;;6;gid://shopify/Product/9059714760999;Brinco Você - UNITÁRIO | Ouro Branco 18K com Ródio Negro e Diamantes;136;26;11;BR06811T
gid://shopify/ProductVariant/47864053661991;BR06812T;T;4900.0;;5;gid://shopify/Product/9059714760999;Brinco Você - UNITÁRIO | Ouro Branco 18K com Ródio Negro e Diamantes;136;26;11;BR06812T
gid://shopify/ProductVariant/47864053760295;BR06813T;U;4900.0;;5;gid://shopify/Product/9059714760999;Brinco Você - UNITÁRIO | Ouro Branco 18K com Ródio Negro e Diamantes;136;26;11;BR06813T
gid://shopify/ProductVariant/47864053858599;BR06814T;V;4900.0;;5;gid://shopify/Product/9059714760999;Brinco Você - UNITÁRIO | Ouro Branco 18K com Ródio Negro e Diamantes;136;26;11;BR06814T
gid://shopify/ProductVariant/47864053956903;BR06815T;W;4900.0;;5;gid://shopify/Product/9059714760999;Brinco Você - UNITÁRIO | Ouro Branco 18K com Ródio Negro e Diamantes;136;26;11;BR06815T
gid://shopify/ProductVariant/47864054055207;BR06816T;X;4900.0;;5;gid://shopify/Product/9059714760999;Brinco Você - UNITÁRIO | Ouro Branco 18K com Ródio Negro e Diamantes;136;26;11;BR06816T
gid://shopify/ProductVariant/47864054153511;BR06817T;Y;4900.0;;5;gid://shopify/Product/9059714760999;Brinco Você - UNITÁRIO | Ouro Branco 18K com Ródio Negro e Diamantes;136;26;11;BR06817T
gid://shopify/ProductVariant/47864054251815;BR06818T;Z;4900.0;;5;gid://shopify/Product/9059714760999;Brinco Você - UNITÁRIO | Ouro Branco 18K com Ródio Negro e Diamantes;136;26;11;BR06818T
gid://shopify/ProductVariant/48008695021863;PI01788;A;7900.0;;6;gid://shopify/Product/9113340248359;Pingente Você - M | Ouro Branco 18K e Diamantes;151;26;29;PI01788
gid://shopify/ProductVariant/48008695087399;PI01789;B;7900.0;;6;gid://shopify/Product/9113340248359;Pingente Você - M | Ouro Branco 18K e Diamantes;151;26;29;PI01789
gid://shopify/ProductVariant/48008695152935;PI01790;C;7900.0;;5;gid://shopify/Product/9113340248359;Pingente Você - M | Ouro Branco 18K e Diamantes;151;26;29;PI01790
gid://shopify/ProductVariant/48008695218471;PI01791;D;7900.0;;5;gid://shopify/Product/9113340248359;Pingente Você - M | Ouro Branco 18K e Diamantes;151;26;29;PI01791
gid://shopify/ProductVariant/48008695284007;PI01792;E;7900.0;;6;gid://shopify/Product/9113340248359;Pingente Você - M | Ouro Branco 18K e Diamantes;151;26;29;PI01792
gid://shopify/ProductVariant/48008695349543;PI01793;F;7900.0;;5;gid://shopify/Product/9113340248359;Pingente Você - M | Ouro Branco 18K e Diamantes;151;26;29;PI01793
gid://shopify/ProductVariant/48008695447847;PI01794;G;7900.0;;6;gid://shopify/Product/9113340248359;Pingente Você - M | Ouro Branco 18K e Diamantes;151;26;29;PI01794
gid://shopify/ProductVariant/48008695513383;PI01795;H;7900.0;;6;gid://shopify/Product/9113340248359;Pingente Você - M | Ouro Branco 18K e Diamantes;151;26;29;PI01795
gid://shopify/ProductVariant/48008695578919;PI01796;I;7900.0;;6;gid://shopify/Product/9113340248359;Pingente Você - M | Ouro Branco 18K e Diamantes;151;26;29;PI01796
gid://shopify/ProductVariant/48008695644455;PI01797;J;7900.0;;6;gid://shopify/Product/9113340248359;Pingente Você - M | Ouro Branco 18K e Diamantes;151;26;29;PI01797
gid://shopify/ProductVariant/48008695709991;PI01798;K;7900.0;;5;gid://shopify/Product/9113340248359;Pingente Você - M | Ouro Branco 18K e Diamantes;151;26;29;PI01798
gid://shopify/ProductVariant/48008695775527;PI01799;L;7900.0;;7;gid://shopify/Product/9113340248359;Pingente Você - M | Ouro Branco 18K e Diamantes;151;26;29;PI01799
gid://shopify/ProductVariant/48008695841063;PI01800;M;7900.0;;6;gid://shopify/Product/9113340248359;Pingente Você - M | Ouro Branco 18K e Diamantes;151;26;29;PI01800
gid://shopify/ProductVariant/48008695906599;PI01801;N;7900.0;;6;gid://shopify/Product/9113340248359;Pingente Você - M | Ouro Branco 18K e Diamantes;151;26;29;PI01801
gid://shopify/ProductVariant/48008695972135;PI01802;O;7900.0;;6;gid://shopify/Product/9113340248359;Pingente Você - M | Ouro Branco 18K e Diamantes;151;26;29;PI01802
gid://shopify/ProductVariant/48008696037671;PI01803;P;7900.0;;5;gid://shopify/Product/9113340248359;Pingente Você - M | Ouro Branco 18K e Diamantes;151;26;29;PI01803
gid://shopify/ProductVariant/48008696103207;PI01804;Q;7900.0;;6;gid://shopify/Product/9113340248359;Pingente Você - M | Ouro Branco 18K e Diamantes;151;26;29;PI01804
gid://shopify/ProductVariant/48008696168743;PI01805;R;7900.0;;6;gid://shopify/Product/9113340248359;Pingente Você - M | Ouro Branco 18K e Diamantes;151;26;29;PI01805
gid://shopify/ProductVariant/48008696234279;PI01806;S;7900.0;;6;gid://shopify/Product/9113340248359;Pingente Você - M | Ouro Branco 18K e Diamantes;151;26;29;PI01806
gid://shopify/ProductVariant/48008696299815;PI01807;T;7900.0;;6;gid://shopify/Product/9113340248359;Pingente Você - M | Ouro Branco 18K e Diamantes;151;26;29;PI01807
gid://shopify/ProductVariant/48008696365351;PI01808;U;7900.0;;6;gid://shopify/Product/9113340248359;Pingente Você - M | Ouro Branco 18K e Diamantes;151;26;29;PI01808
gid://shopify/ProductVariant/48008696430887;PI01809;V;7900.0;;5;gid://shopify/Product/9113340248359;Pingente Você - M | Ouro Branco 18K e Diamantes;151;26;29;PI01809
gid://shopify/ProductVariant/48008696496423;PI01810;W;7900.0;;6;gid://shopify/Product/9113340248359;Pingente Você - M | Ouro Branco 18K e Diamantes;151;26;29;PI01810
gid://shopify/ProductVariant/48008696561959;PI01811;X;7900.0;;6;gid://shopify/Product/9113340248359;Pingente Você - M | Ouro Branco 18K e Diamantes;151;26;29;PI01811
gid://shopify/ProductVariant/48008696627495;PI01812;Y;7900.0;;6;gid://shopify/Product/9113340248359;Pingente Você - M | Ouro Branco 18K e Diamantes;151;26;29;PI01812
gid://shopify/ProductVariant/48008696693031;PI01813;Z;7900.0;;6;gid://shopify/Product/9113340248359;Pingente Você - M | Ouro Branco 18K e Diamantes;151;26;29;PI01813
gid://shopify/ProductVariant/48009159868711;PI01736;A;4500.0;;6;gid://shopify/Product/9113437045031;Pingente Você - M | Ouro Branco 18K Com Ródio Negro e Diamante;155;26;11;PI01736
gid://shopify/ProductVariant/48009159934247;PI01737;B;4500.0;;6;gid://shopify/Product/9113437045031;Pingente Você - M | Ouro Branco 18K Com Ródio Negro e Diamante;155;26;11;PI01737
gid://shopify/ProductVariant/48009159999783;PI01738;C;4500.0;;6;gid://shopify/Product/9113437045031;Pingente Você - M | Ouro Branco 18K Com Ródio Negro e Diamante;155;26;11;PI01738
gid://shopify/ProductVariant/48009160065319;PI01739;D;4500.0;;6;gid://shopify/Product/9113437045031;Pingente Você - M | Ouro Branco 18K Com Ródio Negro e Diamante;155;26;11;PI01739
gid://shopify/ProductVariant/48009160130855;PI01740;E;4500.0;;6;gid://shopify/Product/9113437045031;Pingente Você - M | Ouro Branco 18K Com Ródio Negro e Diamante;155;26;11;PI01740
gid://shopify/ProductVariant/48009160196391;PI01741;F;4500.0;;6;gid://shopify/Product/9113437045031;Pingente Você - M | Ouro Branco 18K Com Ródio Negro e Diamante;155;26;11;PI01741
gid://shopify/ProductVariant/48009160261927;PI01742;G;4500.0;;6;gid://shopify/Product/9113437045031;Pingente Você - M | Ouro Branco 18K Com Ródio Negro e Diamante;155;26;11;PI01742
gid://shopify/ProductVariant/48009160327463;PI01743;H;4500.0;;6;gid://shopify/Product/9113437045031;Pingente Você - M | Ouro Branco 18K Com Ródio Negro e Diamante;155;26;11;PI01743
gid://shopify/ProductVariant/48009160392999;PI01744;I;4500.0;;6;gid://shopify/Product/9113437045031;Pingente Você - M | Ouro Branco 18K Com Ródio Negro e Diamante;155;26;11;PI01744
gid://shopify/ProductVariant/48009160458535;PI01745;J;4500.0;;6;gid://shopify/Product/9113437045031;Pingente Você - M | Ouro Branco 18K Com Ródio Negro e Diamante;155;26;11;PI01745
gid://shopify/ProductVariant/48009160524071;PI01746;K;4500.0;;6;gid://shopify/Product/9113437045031;Pingente Você - M | Ouro Branco 18K Com Ródio Negro e Diamante;155;26;11;PI01746
gid://shopify/ProductVariant/48009160589607;PI01747;L;4500.0;;6;gid://shopify/Product/9113437045031;Pingente Você - M | Ouro Branco 18K Com Ródio Negro e Diamante;155;26;11;PI01747
gid://shopify/ProductVariant/48009160687911;PI01748;M;4500.0;;6;gid://shopify/Product/9113437045031;Pingente Você - M | Ouro Branco 18K Com Ródio Negro e Diamante;155;26;11;PI01748
gid://shopify/ProductVariant/48009160753447;PI01749;N;4500.0;;6;gid://shopify/Product/9113437045031;Pingente Você - M | Ouro Branco 18K Com Ródio Negro e Diamante;155;26;11;PI01749
gid://shopify/ProductVariant/48009160818983;PI01750;O;4500.0;;6;gid://shopify/Product/9113437045031;Pingente Você - M | Ouro Branco 18K Com Ródio Negro e Diamante;155;26;11;PI01750
gid://shopify/ProductVariant/48009160884519;PI01751;P;4500.0;;5;gid://shopify/Product/9113437045031;Pingente Você - M | Ouro Branco 18K Com Ródio Negro e Diamante;155;26;11;PI01751
gid://shopify/ProductVariant/48009160950055;PI01752;Q;4500.0;;6;gid://shopify/Product/9113437045031;Pingente Você - M | Ouro Branco 18K Com Ródio Negro e Diamante;155;26;11;PI01752
gid://shopify/ProductVariant/48009161015591;PI01753;R;4500.0;;6;gid://shopify/Product/9113437045031;Pingente Você - M | Ouro Branco 18K Com Ródio Negro e Diamante;155;26;11;PI01753
gid://shopify/ProductVariant/48009161081127;PI01754;S;4500.0;;6;gid://shopify/Product/9113437045031;Pingente Você - M | Ouro Branco 18K Com Ródio Negro e Diamante;155;26;11;PI01754
gid://shopify/ProductVariant/48009161146663;PI01755;T;4500.0;;6;gid://shopify/Product/9113437045031;Pingente Você - M | Ouro Branco 18K Com Ródio Negro e Diamante;155;26;11;PI01755
gid://shopify/ProductVariant/48009161310503;PI01756;U;4500.0;;6;gid://shopify/Product/9113437045031;Pingente Você - M | Ouro Branco 18K Com Ródio Negro e Diamante;155;26;11;PI01756
gid://shopify/ProductVariant/48009161474343;PI01757;V;4500.0;;6;gid://shopify/Product/9113437045031;Pingente Você - M | Ouro Branco 18K Com Ródio Negro e Diamante;155;26;11;PI01757
gid://shopify/ProductVariant/48009161539879;PI01758;W;4500.0;;6;gid://shopify/Product/9113437045031;Pingente Você - M | Ouro Branco 18K Com Ródio Negro e Diamante;155;26;11;PI01758
gid://shopify/ProductVariant/48009161703719;PI01759;X;4500.0;;6;gid://shopify/Product/9113437045031;Pingente Você - M | Ouro Branco 18K Com Ródio Negro e Diamante;155;26;11;PI01759
gid://shopify/ProductVariant/48009161867559;PI01760;Y;4500.0;;6;gid://shopify/Product/9113437045031;Pingente Você - M | Ouro Branco 18K Com Ródio Negro e Diamante;155;26;11;PI01760
gid://shopify/ProductVariant/48009161998631;PI01761;Z;4500.0;;6;gid://shopify/Product/9113437045031;Pingente Você - M | Ouro Branco 18K Com Ródio Negro e Diamante;155;26;11;PI01761
gid://shopify/ProductVariant/48009293922599;PI01762;A;7900.0;;5;gid://shopify/Product/9113465454887;Pingente Você - M | Ouro Amarelo 18K e Diamantes;150;26;39;PI01762
gid://shopify/ProductVariant/48009293988135;PI01763;B;7900.0;;6;gid://shopify/Product/9113465454887;Pingente Você - M | Ouro Amarelo 18K e Diamantes;150;26;39;PI01763
gid://shopify/ProductVariant/48009294086439;PI01764;C;7900.0;;6;gid://shopify/Product/9113465454887;Pingente Você - M | Ouro Amarelo 18K e Diamantes;150;26;39;PI01764
gid://shopify/ProductVariant/48009294151975;PI01765;D;7900.0;;6;gid://shopify/Product/9113465454887;Pingente Você - M | Ouro Amarelo 18K e Diamantes;150;26;39;PI01765
gid://shopify/ProductVariant/48009294217511;PI01766;E;7900.0;;6;gid://shopify/Product/9113465454887;Pingente Você - M | Ouro Amarelo 18K e Diamantes;150;26;39;PI01766
gid://shopify/ProductVariant/48009294283047;PI01767;F;7900.0;;5;gid://shopify/Product/9113465454887;Pingente Você - M | Ouro Amarelo 18K e Diamantes;150;26;39;PI01767
gid://shopify/ProductVariant/48009294348583;PI01768;G;7900.0;;7;gid://shopify/Product/9113465454887;Pingente Você - M | Ouro Amarelo 18K e Diamantes;150;26;39;PI01768
gid://shopify/ProductVariant/48009294414119;PI01769;H;7900.0;;6;gid://shopify/Product/9113465454887;Pingente Você - M | Ouro Amarelo 18K e Diamantes;150;26;39;PI01769
gid://shopify/ProductVariant/48009294479655;PI01770;I;7900.0;;5;gid://shopify/Product/9113465454887;Pingente Você - M | Ouro Amarelo 18K e Diamantes;150;26;39;PI01770
gid://shopify/ProductVariant/48009294545191;PI01771;J;7900.0;;6;gid://shopify/Product/9113465454887;Pingente Você - M | Ouro Amarelo 18K e Diamantes;150;26;39;PI01771
gid://shopify/ProductVariant/48009294610727;PI01772;K;7900.0;;6;gid://shopify/Product/9113465454887;Pingente Você - M | Ouro Amarelo 18K e Diamantes;150;26;39;PI01772
gid://shopify/ProductVariant/48009294676263;PI01773;L;7900.0;;6;gid://shopify/Product/9113465454887;Pingente Você - M | Ouro Amarelo 18K e Diamantes;150;26;39;PI01773
gid://shopify/ProductVariant/48009294741799;PI01774;M;7900.0;;6;gid://shopify/Product/9113465454887;Pingente Você - M | Ouro Amarelo 18K e Diamantes;150;26;39;PI01774
gid://shopify/ProductVariant/48009294807335;PI01775;N;7900.0;;5;gid://shopify/Product/9113465454887;Pingente Você - M | Ouro Amarelo 18K e Diamantes;150;26;39;PI01775
gid://shopify/ProductVariant/48009294872871;PI01776;O;7900.0;;6;gid://shopify/Product/9113465454887;Pingente Você - M | Ouro Amarelo 18K e Diamantes;150;26;39;PI01776
gid://shopify/ProductVariant/48009294938407;PI01777;P;7900.0;;5;gid://shopify/Product/9113465454887;Pingente Você - M | Ouro Amarelo 18K e Diamantes;150;26;39;PI01777
gid://shopify/ProductVariant/48009295003943;PI01778;Q;7900.0;;6;gid://shopify/Product/9113465454887;Pingente Você - M | Ouro Amarelo 18K e Diamantes;150;26;39;PI01778
gid://shopify/ProductVariant/48009295069479;PI01779;R;7900.0;;6;gid://shopify/Product/9113465454887;Pingente Você - M | Ouro Amarelo 18K e Diamantes;150;26;39;PI01779
gid://shopify/ProductVariant/48009295135015;PI01780;S;7900.0;;6;gid://shopify/Product/9113465454887;Pingente Você - M | Ouro Amarelo 18K e Diamantes;150;26;39;PI01780
gid://shopify/ProductVariant/48009295200551;PI01781;T;7900.0;;5;gid://shopify/Product/9113465454887;Pingente Você - M | Ouro Amarelo 18K e Diamantes;150;26;39;PI01781
gid://shopify/ProductVariant/48009295266087;PI01782;U;7900.0;;6;gid://shopify/Product/9113465454887;Pingente Você - M | Ouro Amarelo 18K e Diamantes;150;26;39;PI01782
gid://shopify/ProductVariant/48009295331623;PI01783;V;7900.0;;5;gid://shopify/Product/9113465454887;Pingente Você - M | Ouro Amarelo 18K e Diamantes;150;26;39;PI01783
gid://shopify/ProductVariant/48009295397159;PI01784;W;7900.0;;6;gid://shopify/Product/9113465454887;Pingente Você - M | Ouro Amarelo 18K e Diamantes;150;26;39;PI01784
gid://shopify/ProductVariant/48009295462695;PI01785;X;7900.0;;6;gid://shopify/Product/9113465454887;Pingente Você - M | Ouro Amarelo 18K e Diamantes;150;26;39;PI01785
gid://shopify/ProductVariant/48009295528231;PI01786;Y;7900.0;;6;gid://shopify/Product/9113465454887;Pingente Você - M | Ouro Amarelo 18K e Diamantes;150;26;39;PI01786
gid://shopify/ProductVariant/48009295593767;PI01787;Z;7900.0;;6;gid://shopify/Product/9113465454887;Pingente Você - M | Ouro Amarelo 18K e Diamantes;150;26;39;PI01787
gid://shopify/ProductVariant/48009696084263;PI01684;A;4500.0;;6;gid://shopify/Product/9113554616615;Pingente Você - M | Ouro Amarelo 18K e Diamante;143;26;11;PI01684
gid://shopify/ProductVariant/48009696149799;PI01685;B;4500.0;;6;gid://shopify/Product/9113554616615;Pingente Você - M | Ouro Amarelo 18K e Diamante;143;26;11;PI01685
gid://shopify/ProductVariant/48009696215335;PI01686;C;4500.0;;7;gid://shopify/Product/9113554616615;Pingente Você - M | Ouro Amarelo 18K e Diamante;143;26;11;PI01686
gid://shopify/ProductVariant/48009696280871;PI01687;D;4500.0;;7;gid://shopify/Product/9113554616615;Pingente Você - M | Ouro Amarelo 18K e Diamante;143;26;11;PI01687
gid://shopify/ProductVariant/48009696411943;PI01688;E;4500.0;;5;gid://shopify/Product/9113554616615;Pingente Você - M | Ouro Amarelo 18K e Diamante;143;26;11;PI01688
gid://shopify/ProductVariant/48009696543015;PI01689;F;4500.0;;6;gid://shopify/Product/9113554616615;Pingente Você - M | Ouro Amarelo 18K e Diamante;143;26;11;PI01689
gid://shopify/ProductVariant/48009696674087;PI01690;G;4500.0;;7;gid://shopify/Product/9113554616615;Pingente Você - M | Ouro Amarelo 18K e Diamante;143;26;11;PI01690
gid://shopify/ProductVariant/48009696837927;PI01691;H;4500.0;;5;gid://shopify/Product/9113554616615;Pingente Você - M | Ouro Amarelo 18K e Diamante;143;26;11;PI01691
gid://shopify/ProductVariant/48009696936231;PI01692;I;4500.0;;5;gid://shopify/Product/9113554616615;Pingente Você - M | Ouro Amarelo 18K e Diamante;143;26;11;PI01692
gid://shopify/ProductVariant/48009697001767;PI01693;J;4500.0;;6;gid://shopify/Product/9113554616615;Pingente Você - M | Ouro Amarelo 18K e Diamante;143;26;11;PI01693
gid://shopify/ProductVariant/48009697067303;PI01694;K;4500.0;;5;gid://shopify/Product/9113554616615;Pingente Você - M | Ouro Amarelo 18K e Diamante;143;26;11;PI01694
gid://shopify/ProductVariant/48009697132839;PI01695;L;4500.0;;6;gid://shopify/Product/9113554616615;Pingente Você - M | Ouro Amarelo 18K e Diamante;143;26;11;PI01695
gid://shopify/ProductVariant/48009697198375;PI01696;M;4500.0;;5;gid://shopify/Product/9113554616615;Pingente Você - M | Ouro Amarelo 18K e Diamante;143;26;11;PI01696
gid://shopify/ProductVariant/48009697263911;PI01697;N;4500.0;;5;gid://shopify/Product/9113554616615;Pingente Você - M | Ouro Amarelo 18K e Diamante;143;26;11;PI01697
gid://shopify/ProductVariant/48009697329447;PI01698;O;4500.0;;5;gid://shopify/Product/9113554616615;Pingente Você - M | Ouro Amarelo 18K e Diamante;143;26;11;PI01698
gid://shopify/ProductVariant/48009697394983;PI01699;P;4500.0;;5;gid://shopify/Product/9113554616615;Pingente Você - M | Ouro Amarelo 18K e Diamante;143;26;11;PI01699
gid://shopify/ProductVariant/48009697460519;PI01700;Q;4500.0;;5;gid://shopify/Product/9113554616615;Pingente Você - M | Ouro Amarelo 18K e Diamante;143;26;11;PI01700
gid://shopify/ProductVariant/48009697526055;PI01701;R;4500.0;;6;gid://shopify/Product/9113554616615;Pingente Você - M | Ouro Amarelo 18K e Diamante;143;26;11;PI01701
gid://shopify/ProductVariant/48009697591591;PI01702;S;4500.0;;6;gid://shopify/Product/9113554616615;Pingente Você - M | Ouro Amarelo 18K e Diamante;143;26;11;PI01702
gid://shopify/ProductVariant/48009697657127;PI01703;T;4500.0;;5;gid://shopify/Product/9113554616615;Pingente Você - M | Ouro Amarelo 18K e Diamante;143;26;11;PI01703
gid://shopify/ProductVariant/48009697722663;PI01704;U;4500.0;;5;gid://shopify/Product/9113554616615;Pingente Você - M | Ouro Amarelo 18K e Diamante;143;26;11;PI01704
gid://shopify/ProductVariant/48009697788199;PI01705;V;4500.0;;5;gid://shopify/Product/9113554616615;Pingente Você - M | Ouro Amarelo 18K e Diamante;143;26;11;PI01705
gid://shopify/ProductVariant/48009697853735;PI01706;W;4500.0;;5;gid://shopify/Product/9113554616615;Pingente Você - M | Ouro Amarelo 18K e Diamante;143;26;11;PI01706
gid://shopify/ProductVariant/48009697919271;PI01707;X;4500.0;;5;gid://shopify/Product/9113554616615;Pingente Você - M | Ouro Amarelo 18K e Diamante;143;26;11;PI01707
gid://shopify/ProductVariant/48009697984807;PI01708;Y;4500.0;;5;gid://shopify/Product/9113554616615;Pingente Você - M | Ouro Amarelo 18K e Diamante;143;26;11;PI01708
gid://shopify/ProductVariant/48009698050343;PI01709;Z;4500.0;;5;gid://shopify/Product/9113554616615;Pingente Você - M | Ouro Amarelo 18K e Diamante;143;26;11;PI01709
gid://shopify/ProductVariant/48009807495463;PI01710;A;4500.0;;7;gid://shopify/Product/9113572671783;Pingente Você - M | Ouro Branco 18K e Diamante;144;26;15;PI01710
gid://shopify/ProductVariant/48009807692071;PI01711;B;4500.0;;6;gid://shopify/Product/9113572671783;Pingente Você - M | Ouro Branco 18K e Diamante;144;26;15;PI01711
gid://shopify/ProductVariant/48009807790375;PI01712;C;4500.0;;7;gid://shopify/Product/9113572671783;Pingente Você - M | Ouro Branco 18K e Diamante;144;26;15;PI01712
gid://shopify/ProductVariant/48009807855911;PI01713;D;4500.0;;6;gid://shopify/Product/9113572671783;Pingente Você - M | Ouro Branco 18K e Diamante;144;26;15;PI01713
gid://shopify/ProductVariant/48009807921447;PI01714;E;4500.0;;5;gid://shopify/Product/9113572671783;Pingente Você - M | Ouro Branco 18K e Diamante;144;26;15;PI01714
gid://shopify/ProductVariant/48009808019751;PI01715;F;4500.0;;6;gid://shopify/Product/9113572671783;Pingente Você - M | Ouro Branco 18K e Diamante;144;26;15;PI01715
gid://shopify/ProductVariant/48009808085287;PI01716;G;4500.0;;7;gid://shopify/Product/9113572671783;Pingente Você - M | Ouro Branco 18K e Diamante;144;26;15;PI01716
gid://shopify/ProductVariant/48009808150823;PI01717;H;4500.0;;5;gid://shopify/Product/9113572671783;Pingente Você - M | Ouro Branco 18K e Diamante;144;26;15;PI01717
gid://shopify/ProductVariant/48009808216359;PI01718;I;4500.0;;5;gid://shopify/Product/9113572671783;Pingente Você - M | Ouro Branco 18K e Diamante;144;26;15;PI01718
gid://shopify/ProductVariant/48009808281895;PI01719;J;4500.0;;6;gid://shopify/Product/9113572671783;Pingente Você - M | Ouro Branco 18K e Diamante;144;26;15;PI01719
gid://shopify/ProductVariant/48009808347431;PI01720;K;4500.0;;5;gid://shopify/Product/9113572671783;Pingente Você - M | Ouro Branco 18K e Diamante;144;26;15;PI01720
gid://shopify/ProductVariant/48009808412967;PI01721;L;4500.0;;6;gid://shopify/Product/9113572671783;Pingente Você - M | Ouro Branco 18K e Diamante;144;26;15;PI01721
gid://shopify/ProductVariant/48009808478503;PI01722;M;4500.0;;6;gid://shopify/Product/9113572671783;Pingente Você - M | Ouro Branco 18K e Diamante;144;26;15;PI01722
gid://shopify/ProductVariant/48009808544039;PI01723;N;4500.0;;5;gid://shopify/Product/9113572671783;Pingente Você - M | Ouro Branco 18K e Diamante;144;26;15;PI01723
gid://shopify/ProductVariant/48009808609575;PI01724;O;4500.0;;5;gid://shopify/Product/9113572671783;Pingente Você - M | Ouro Branco 18K e Diamante;144;26;15;PI01724
gid://shopify/ProductVariant/48009808675111;PI01725;P;4500.0;;5;gid://shopify/Product/9113572671783;Pingente Você - M | Ouro Branco 18K e Diamante;144;26;15;PI01725
gid://shopify/ProductVariant/48009808740647;PI01726;Q;4500.0;;5;gid://shopify/Product/9113572671783;Pingente Você - M | Ouro Branco 18K e Diamante;144;26;15;PI01726
gid://shopify/ProductVariant/48009808806183;PI01727;R;4500.0;;6;gid://shopify/Product/9113572671783;Pingente Você - M | Ouro Branco 18K e Diamante;144;26;15;PI01727
gid://shopify/ProductVariant/48009808871719;PI01728;S;4500.0;;6;gid://shopify/Product/9113572671783;Pingente Você - M | Ouro Branco 18K e Diamante;144;26;15;PI01728
gid://shopify/ProductVariant/48009808937255;PI01729;T;4500.0;;5;gid://shopify/Product/9113572671783;Pingente Você - M | Ouro Branco 18K e Diamante;144;26;15;PI01729
gid://shopify/ProductVariant/48009809002791;PI01730;U;4500.0;;5;gid://shopify/Product/9113572671783;Pingente Você - M | Ouro Branco 18K e Diamante;144;26;15;PI01730
gid://shopify/ProductVariant/48009809199399;PI01731;V;4500.0;;5;gid://shopify/Product/9113572671783;Pingente Você - M | Ouro Branco 18K e Diamante;144;26;15;PI01731
gid://shopify/ProductVariant/48009809264935;PI01732;W;4500.0;;5;gid://shopify/Product/9113572671783;Pingente Você - M | Ouro Branco 18K e Diamante;144;26;15;PI01732
gid://shopify/ProductVariant/48009809330471;PI01733;X;4500.0;;5;gid://shopify/Product/9113572671783;Pingente Você - M | Ouro Branco 18K e Diamante;144;26;15;PI01733
gid://shopify/ProductVariant/48009809396007;PI01734;Y;4500.0;;5;gid://shopify/Product/9113572671783;Pingente Você - M | Ouro Branco 18K e Diamante;144;26;15;PI01734
gid://shopify/ProductVariant/48009809461543;PI01735;Z;4500.0;;5;gid://shopify/Product/9113572671783;Pingente Você - M | Ouro Branco 18K e Diamante;144;26;15;PI01735
gid://shopify/ProductVariant/48009909174567;PI01814;A;7900.0;;6;gid://shopify/Product/9113592267047;Pingente Você - M | Ouro Branco 18K com Ródio Negro e Diamantes;139;26;13;PI01814
gid://shopify/ProductVariant/48009909240103;PI01815;B;7900.0;;6;gid://shopify/Product/9113592267047;Pingente Você - M | Ouro Branco 18K com Ródio Negro e Diamantes;139;26;13;PI01815
gid://shopify/ProductVariant/48009909305639;PI01816;C;7900.0;;6;gid://shopify/Product/9113592267047;Pingente Você - M | Ouro Branco 18K com Ródio Negro e Diamantes;139;26;13;PI01816
gid://shopify/ProductVariant/48009909371175;PI01817;D;7900.0;;6;gid://shopify/Product/9113592267047;Pingente Você - M | Ouro Branco 18K com Ródio Negro e Diamantes;139;26;13;PI01817
gid://shopify/ProductVariant/48009909436711;PI01818;E;7900.0;;5;gid://shopify/Product/9113592267047;Pingente Você - M | Ouro Branco 18K com Ródio Negro e Diamantes;139;26;13;PI01818
gid://shopify/ProductVariant/48009909502247;PI01819;F;7900.0;;6;gid://shopify/Product/9113592267047;Pingente Você - M | Ouro Branco 18K com Ródio Negro e Diamantes;139;26;13;PI01819
gid://shopify/ProductVariant/48009909567783;PI01820;G;7900.0;;6;gid://shopify/Product/9113592267047;Pingente Você - M | Ouro Branco 18K com Ródio Negro e Diamantes;139;26;13;PI01820
gid://shopify/ProductVariant/48009909633319;PI01821;H;7900.0;;5;gid://shopify/Product/9113592267047;Pingente Você - M | Ouro Branco 18K com Ródio Negro e Diamantes;139;26;13;PI01821
gid://shopify/ProductVariant/48009909698855;PI01822;I;7900.0;;5;gid://shopify/Product/9113592267047;Pingente Você - M | Ouro Branco 18K com Ródio Negro e Diamantes;139;26;13;PI01822
gid://shopify/ProductVariant/48009909764391;PI01823;J;7900.0;;6;gid://shopify/Product/9113592267047;Pingente Você - M | Ouro Branco 18K com Ródio Negro e Diamantes;139;26;13;PI01823
gid://shopify/ProductVariant/48009909829927;PI01824;K;7900.0;;5;gid://shopify/Product/9113592267047;Pingente Você - M | Ouro Branco 18K com Ródio Negro e Diamantes;139;26;13;PI01824
gid://shopify/ProductVariant/48009909895463;PI01825;L;7900.0;;5;gid://shopify/Product/9113592267047;Pingente Você - M | Ouro Branco 18K com Ródio Negro e Diamantes;139;26;13;PI01825
gid://shopify/ProductVariant/48009909960999;PI01826;M;7900.0;;5;gid://shopify/Product/9113592267047;Pingente Você - M | Ouro Branco 18K com Ródio Negro e Diamantes;139;26;13;PI01826
gid://shopify/ProductVariant/48009910026535;PI01827;N;7900.0;;5;gid://shopify/Product/9113592267047;Pingente Você - M | Ouro Branco 18K com Ródio Negro e Diamantes;139;26;13;PI01827
gid://shopify/ProductVariant/48009910092071;PI01828;O;7900.0;;5;gid://shopify/Product/9113592267047;Pingente Você - M | Ouro Branco 18K com Ródio Negro e Diamantes;139;26;13;PI01828
gid://shopify/ProductVariant/48009910157607;PI01829;P;7900.0;;5;gid://shopify/Product/9113592267047;Pingente Você - M | Ouro Branco 18K com Ródio Negro e Diamantes;139;26;13;PI01829
gid://shopify/ProductVariant/48009910223143;PI01830;Q;7900.0;;5;gid://shopify/Product/9113592267047;Pingente Você - M | Ouro Branco 18K com Ródio Negro e Diamantes;139;26;13;PI01830
gid://shopify/ProductVariant/48009910288679;PI01831;R;7900.0;;6;gid://shopify/Product/9113592267047;Pingente Você - M | Ouro Branco 18K com Ródio Negro e Diamantes;139;26;13;PI01831
gid://shopify/ProductVariant/48009910354215;PI01832;S;7900.0;;6;gid://shopify/Product/9113592267047;Pingente Você - M | Ouro Branco 18K com Ródio Negro e Diamantes;139;26;13;PI01832
gid://shopify/ProductVariant/48009910419751;PI01833;T;7900.0;;5;gid://shopify/Product/9113592267047;Pingente Você - M | Ouro Branco 18K com Ródio Negro e Diamantes;139;26;13;PI01833
gid://shopify/ProductVariant/48009910485287;PI01834;U;7900.0;;5;gid://shopify/Product/9113592267047;Pingente Você - M | Ouro Branco 18K com Ródio Negro e Diamantes;139;26;13;PI01834
gid://shopify/ProductVariant/48009910550823;PI01835;V;7900.0;;5;gid://shopify/Product/9113592267047;Pingente Você - M | Ouro Branco 18K com Ródio Negro e Diamantes;139;26;13;PI01835
gid://shopify/ProductVariant/48009910616359;PI01836;W;7900.0;;5;gid://shopify/Product/9113592267047;Pingente Você - M | Ouro Branco 18K com Ródio Negro e Diamantes;139;26;13;PI01836
gid://shopify/ProductVariant/48009910681895;PI01837;X;7900.0;;5;gid://shopify/Product/9113592267047;Pingente Você - M | Ouro Branco 18K com Ródio Negro e Diamantes;139;26;13;PI01837
gid://shopify/ProductVariant/48009910747431;PI01838;Y;7900.0;;5;gid://shopify/Product/9113592267047;Pingente Você - M | Ouro Branco 18K com Ródio Negro e Diamantes;139;26;13;PI01838
gid://shopify/ProductVariant/48009910812967;PI01839;Z;7900.0;;5;gid://shopify/Product/9113592267047;Pingente Você - M | Ouro Branco 18K com Ródio Negro e Diamantes;139;26;13;PI01839
gid://shopify/ProductVariant/48016751034663;PI01624;Default Title;7900.0;;5;gid://shopify/Product/9118696931623;Piercing Você | Ouro Branco 18K e Diamantes;5;1;4;PI01624
gid://shopify/ProductVariant/48016758702375;PI01683;Default Title;7900.0;;5;gid://shopify/Product/9118700863783;Piercing Você | Ouro Branco 18K com Ródio Negro e Diamantes;5;1;4;PI01683
gid://shopify/ProductVariant/48017035002151;PI01623;Default Title;5900.0;;0;gid://shopify/Product/9118791958823;Piercing Você | Ouro Branco 18K e Diamante;0;1;3;PI01623
gid://shopify/ProductVariant/48017050665255;PI01682;Default Title;5900.0;;0;gid://shopify/Product/9118795956519;Piercing Você | Ouro Branco 18K com Ródio Negro e Diamante;0;1;2;PI01682
gid://shopify/ProductVariant/48186383434023;BR06859T;Default Title;6400.0;;8;gid://shopify/Product/9182872404263;Brinco Argola Zebra | Prata com Ouro Branco 18k;8;1;5;BR06859T
gid://shopify/ProductVariant/48186388185383;BR06860T;Default Title;7900.0;;5;gid://shopify/Product/9182874665255;Brinco Duplo Zebra | Prata com Ouro Branco 18k;5;1;6;BR06860T
gid://shopify/ProductVariant/48186394247463;CL04706;Default Title;12500.0;;5;gid://shopify/Product/9182875844903;Colar Maxi Zebra | Prata com Ouro Branco 18k;5;1;4;CL04706
gid://shopify/ProductVariant/48186420068647;PU02139T;P;8500.0;;5;gid://shopify/Product/9182879678759;Cuff Zebra | Prata com Ouro Branco 18k;16;3;5;PU02139T
gid://shopify/ProductVariant/48186420101415;PU02140T;M;8500.0;;6;gid://shopify/Product/9182879678759;Cuff Zebra | Prata com Ouro Branco 18k;16;3;5;PU02140T
gid://shopify/ProductVariant/48186420134183;PU02141T;G;8500.0;;5;gid://shopify/Product/9182879678759;Cuff Zebra | Prata com Ouro Branco 18k;16;3;5;PU02141T
gid://shopify/ProductVariant/48303004647719;PI01854;Default Title;2500.0;;5;gid://shopify/Product/9250020917543;Pingente Você - P | Ouro Amarelo 18K e Rubi;5;1;3;PI01854
gid://shopify/ProductVariant/48315247362343;PU02110T;Default Title;44000.0;;5;gid://shopify/Product/9255343456551;Pulseira Especial De Ouro Amarelo 18K E Diamantes;5;1;2;PU02110T
gid://shopify/ProductVariant/48533781807399;3a5565b7-846b-484f-a7e9-e9df4cf12343;Default Title;2565.0;2700.0;0;gid://shopify/Product/9335780933927;Corrente + Letra;0;1;2;3a5565b7
gid://shopify/ProductVariant/48594642960679;BR06881T;Default Title;4000.0;;0;gid://shopify/Product/9363565576487;Brinco Especial De Ouro Amarelo 18K E Esmeralda;0;1;0;BR06881T
gid://shopify/ProductVariant/49152832110887;BR06878T;Default Title;6800.0;;5;gid://shopify/Product/9563499659559;BRINCO BOLD DUPLO | PRATA COM OURO AMARELO 18K;5;1;8;BR06878T
gid://shopify/ProductVariant/49152946110759;BR06882T;Default Title;7800.0;;6;gid://shopify/Product/9563526431015;BRINCO BOLD DUPLO MAXI | PRATA COM OURO AMARELO 18K;6;1;8;BR06882T
gid://shopify/ProductVariant/49153017413927;BR06886;Default Title;2800.0;;7;gid://shopify/Product/9563542257959;BRINCO ESFERA BOLD P | PRATA COM OURO AMARELO 18K;7;1;4;BR06886
gid://shopify/ProductVariant/49154428567847;BR06887;Default Title;5800.0;;8;gid://shopify/Product/9564157968679;BRINCO ESFERA BOLD MAXI | PRATA COM OURO AMARELO 18K;8;1;5;BR06887
gid://shopify/ProductVariant/49154667249959;BR06879T;Default Title;5900.0;;11;gid://shopify/Product/9564214722855;BRINCO ARGOLA BOLD MAXI | PRATA COM OURO AMARELO 18K;11;1;5;BR06879T
gid://shopify/ProductVariant/49154687959335;BR06866T;Default Title;3900.0;;8;gid://shopify/Product/9564218425639;BRINCO ARGOLA BOLD | PRATA COM OURO AMARELO 18K;8;1;4;BR06866T
gid://shopify/ProductVariant/49156251386151;CL04725;P;13500.0;;7;gid://shopify/Product/9564752183591;COLAR MAXI BOLD | PRATA COM OURO AMARELO 18K;20;3;7;CL04725
gid://shopify/ProductVariant/49156251418919;CL04718;M;13500.0;;7;gid://shopify/Product/9564752183591;COLAR MAXI BOLD | PRATA COM OURO AMARELO 18K;20;3;7;CL04718
gid://shopify/ProductVariant/49156251451687;CL04726;G;13500.0;;6;gid://shopify/Product/9564752183591;COLAR MAXI BOLD | PRATA COM OURO AMARELO 18K;20;3;7;CL04726
gid://shopify/ProductVariant/49156767023399;PU02153T;P;7500.0;;8;gid://shopify/Product/9564873687335;CUFF BOLD MAXI | PRATA COM OURO AMARELO 18K;27;3;9;PU02153T
gid://shopify/ProductVariant/49156767056167;PU02154T;M;7500.0;0.0;8;gid://shopify/Product/9564873687335;CUFF BOLD MAXI | PRATA COM OURO AMARELO 18K;27;3;9;PU02154T
gid://shopify/ProductVariant/49156767088935;PU02155T;G;7500.0;;11;gid://shopify/Product/9564873687335;CUFF BOLD MAXI | PRATA COM OURO AMARELO 18K;27;3;9;PU02155T
gid://shopify/ProductVariant/49163313873191;PU02159T;P;4500.0;;6;gid://shopify/Product/9566443405607;PULSEIRA BOLD | PRATA COM OURO AMARELO 18K;20;3;6;PU02159T
gid://shopify/ProductVariant/49163313905959;PU02158T;M;4500.0;0.0;7;gid://shopify/Product/9566443405607;PULSEIRA BOLD | PRATA COM OURO AMARELO 18K;20;3;6;PU02158T
gid://shopify/ProductVariant/49163313938727;PU02160T;G;4500.0;;7;gid://shopify/Product/9566443405607;PULSEIRA BOLD | PRATA COM OURO AMARELO 18K;20;3;6;PU02160T
gid://shopify/ProductVariant/49203825541415;AN03640-10;10;2700.0;;5;gid://shopify/Product/9564725903655;ANEL ESFERA BOLD | PRATA COM OURO AMARELO 18K;79;13;4;AN03640
gid://shopify/ProductVariant/49915871592743;BR06969;Default Title;74000.0;;5;gid://shopify/Product/9797545328935;BRINCO SHINE DUPLO | OURO BRANCO 18K COM PÉROLA E DIAMANTES;5;1;5;BR06969
gid://shopify/ProductVariant/49915875983655;BR06947;Default Title;74000.0;;5;gid://shopify/Product/9797546541351;BRINCO SHINE DUPLO | OURO AMARELO 18K COM PÉROLA E DIAMANTES;5;1;5;BR06947
gid://shopify/ProductVariant/49915886174503;BR06949;Default Title;55000.0;;5;gid://shopify/Product/9797553094951;BRINCO SHINE FRANJA | OURO AMARELO 18K COM DIAMANTES;5;1;5;BR06949
gid://shopify/ProductVariant/49915903541543;BR06971;Default Title;28000.0;;5;gid://shopify/Product/9797565022503;EARCUFF SHINE PÉROLAS TRIPLO | OURO BRANCO 18K COM DIAMANTES;5;1;4;BR06971
gid://shopify/ProductVariant/49917515923751;AN03660-10;10;37500.0;;5;gid://shopify/Product/9796581785895;ANEL SHINE TRIPLO | OURO BRANCO 18K COM DIAMANTES;65;13;5;AN03660
gid://shopify/ProductVariant/49917529293095;AN03663-10;10;29900.0;;5;gid://shopify/Product/9796585259303;ANEL SHINE TRIPLO | OURO AMARELO 18K COM DIAMANTES;66;13;4;AN03663
gid://shopify/ProductVariant/49917536567591;AN03661-10;10;22500.0;;5;gid://shopify/Product/9798195380519;ANEL SHINE | OURO BRANCO 18K COM DIAMANTES;65;13;5;AN03661
gid://shopify/ProductVariant/49917543186727;AN03662-10;10;22500.0;;5;gid://shopify/Product/9798196953383;ANEL SHINE | OURO AMARELO 18K COM DIAMANTES;65;13;5;AN03662
gid://shopify/ProductVariant/49917663412519;BR06951;Default Title;55000.0;;5;gid://shopify/Product/9798221824295;BRINCO SHINE FRANJA | OURO BRANCO 18K COM DIAMANTES;5;1;5;BR06951
gid://shopify/ProductVariant/49917742121255;BR06952;Default Title;32500.0;;5;gid://shopify/Product/9798227362087;BRINCO SHINE P | OURO AMARELO 18K COM DIAMANTES;5;1;3;BR06952
gid://shopify/ProductVariant/49917756801319;BR06955;Default Title;49000.0;;6;gid://shopify/Product/9798233489703;BRINCO SHINE M | OURO AMARELO 18K COM PÉROLA E DIAMANTES;6;1;4;BR06955
gid://shopify/ProductVariant/49917760340263;BR06965;Default Title;54000.0;;5;gid://shopify/Product/9798235947303;EARCUFF SHINE POWER | OURO BRANCO 18K COM DIAMANTES;5;1;4;BR06965
gid://shopify/ProductVariant/49917826105639;BR06967;Default Title;32500.0;;5;gid://shopify/Product/9798244794663;BRINCO SHINE P | OURO BRANCO 18K COM DIAMANTES;5;1;3;BR06967
gid://shopify/ProductVariant/49917922705703;BR06968;Default Title;49000.0;;6;gid://shopify/Product/9798254559527;BRINCO SHINE M | OURO BRANCO 18K COM PÉROLA E DIAMANTES;6;1;5;BR06968
gid://shopify/ProductVariant/49917961077031;BR06973;Default Title;41500.0;;5;gid://shopify/Product/9798262260007;EARCUFF SHINE | OURO AMARELO 18K COM DIAMANTES;5;1;2;BR06973
gid://shopify/ProductVariant/49917996499239;CL04749;Default Title;39000.0;;5;gid://shopify/Product/9798271172903;COLAR SHINE | OURO BRANCO 18K COM PÉROLA E DIAMANTES;5;1;5;CL04749
gid://shopify/ProductVariant/49918035165479;CL04752;Default Title;39000.0;;5;gid://shopify/Product/9798281101607;COLAR SHINE | OURO AMARELO 18K COM PÉROLA E DIAMANTES;5;1;4;CL04752
gid://shopify/ProductVariant/49918041162023;PI01874;Default Title;28000.0;;6;gid://shopify/Product/9798283100455;PINGENTE SHINE | OURO BRANCO 18K COM PÉROLA E DIAMANTES;6;1;4;PI01874
gid://shopify/ProductVariant/49918043783463;PI01875;Default Title;28000.0;;6;gid://shopify/Product/9798284181799;PINGENTE SHINE | OURO AMARELO 18K COM PÉROLA E DIAMANTES;6;1;4;PI01875
gid://shopify/ProductVariant/49920572981543;BR06977;Default Title;25000.0;;6;gid://shopify/Product/9799223968039;EARCUFF SHINE PÉROLAS TRIPLO | OURO AMARELO 18K COM DIAMANTES;6;1;2;BR06977
gid://shopify/ProductVariant/50019580477735;BR06976;Default Title;39000.0;;5;gid://shopify/Product/9830081659175;EARCUFF SHINE | OURO BRANCO 18K COM DIAMANTES;5;1;3;BR06976
gid://shopify/ProductVariant/50291116048679;BR06922;Default Title;4800.0;;6;gid://shopify/Product/9899426382119;BRINCO ESFERA BOLD M | PRATA COM OURO AMARELO 18K;6;1;4;BR06922
gid://shopify/ProductVariant/50398755455271;AN03667-10;10;2800.0;;5;gid://shopify/Product/9924080992551;ANEL ESFERA JV LOLITTA | PRATA COM OURO AMARELO 18K;71;13;6;AN03667
gid://shopify/ProductVariant/50398761025831;AN03668-10;10;2600.0;;5;gid://shopify/Product/9924082827559;ANEL ESFERA JV LOLITTA | PRATA COM OURO BRANCO;70;13;6;AN03668
gid://shopify/ProductVariant/50398765187367;BR06984;Default Title;3900.0;;8;gid://shopify/Product/9924084498727;BRINCO ESFERA JV LOLITTA | PRATA COM OURO AMARELO 18K;8;1;5;BR06984
gid://shopify/ProductVariant/50399661130023;BR06985;Default Title;3600.0;;7;gid://shopify/Product/9924248535335;BRINCO ESFERA JV LOLITTA | PRATA COM OURO BRANCO;7;1;5;BR06985
gid://shopify/ProductVariant/50399669485863;BR06982;Default Title;6800.0;;8;gid://shopify/Product/9924251320615;BRINCO FRANJAS  JV LOLITTA | PRATA COM OURO AMARELO 18K;8;1;5;BR06982
gid://shopify/ProductVariant/50399804195111;CL04755;Default Title;13500.0;;8;gid://shopify/Product/9924284514599;COLAR FRANJAS  JV LOLITTA | PRATA COM OURO AMARELO 18K;8;1;7;CL04755
gid://shopify/ProductVariant/50414040875303;AN01279;11;12500.0;;0;gid://shopify/Product/9928893628711;ANEL OR, PYTHON, QUARTZO NEGRO;0;1;1;AN01279
gid://shopify/ProductVariant/50583778132263;PU02184;P;4200.0;0.0;6;gid://shopify/Product/9931355881767;PULSEIRA ESFERA JV LOLITTA | PRATA COM OURO BRANCO;19;3;7;PU02184
gid://shopify/ProductVariant/50583778165031;PU02181;M;4200.0;0.0;6;gid://shopify/Product/9931355881767;PULSEIRA ESFERA JV LOLITTA | PRATA COM OURO BRANCO;19;3;7;PU02181
gid://shopify/ProductVariant/50583778197799;PU02186;G;4200.0;0.0;7;gid://shopify/Product/9931355881767;PULSEIRA ESFERA JV LOLITTA | PRATA COM OURO BRANCO;19;3;7;PU02186
gid://shopify/ProductVariant/50583805231399;PU02183;P;4800.0;;7;gid://shopify/Product/9924293460263;PULSEIRA ESFERA JV LOLITTA | PRATA COM OURO AMARELO 18K;22;3;7;PU02183
gid://shopify/ProductVariant/50583805264167;PU02180;M;4800.0;;6;gid://shopify/Product/9924293460263;PULSEIRA ESFERA JV LOLITTA | PRATA COM OURO AMARELO 18K;22;3;7;PU02180
gid://shopify/ProductVariant/50583805296935;PU02185;G;4800.0;;9;gid://shopify/Product/9924293460263;PULSEIRA ESFERA JV LOLITTA | PRATA COM OURO AMARELO 18K;22;3;7;PU02185
gid://shopify/ProductVariant/50620312092967;BR07006;Default Title;4300.0;;8;gid://shopify/Product/9995769119015;BRINCO ESFERA BOLD WHITE M | PRATA COM OURO BRANCO;8;1;3;BR07006
gid://shopify/ProductVariant/50620312715559;PU02197;P;4000.0;;6;gid://shopify/Product/9995769479463;PULSEIRA BOLD WHITE | PRATA COM OURO BRANCO;20;3;9;PU02197
gid://shopify/ProductVariant/50620312748327;PU02196;M;4000.0;0.0;7;gid://shopify/Product/9995769479463;PULSEIRA BOLD WHITE | PRATA COM OURO BRANCO;20;3;9;PU02196
gid://shopify/ProductVariant/50620312781095;PU02198;G;4000.0;;7;gid://shopify/Product/9995769479463;PULSEIRA BOLD WHITE | PRATA COM OURO BRANCO;20;3;9;PU02198
gid://shopify/ProductVariant/50620313403687;PU02194;P;6800.0;;5;gid://shopify/Product/9995769676071;CUFF BOLD WHITE MAXI | PRATA COM OURO BRANCO;21;3;9;PU02194
gid://shopify/ProductVariant/50620313436455;PU02193;M;6800.0;0.0;7;gid://shopify/Product/9995769676071;CUFF BOLD WHITE MAXI | PRATA COM OURO BRANCO;21;3;9;PU02193
gid://shopify/ProductVariant/50620313469223;PU02195;G;6800.0;;9;gid://shopify/Product/9995769676071;CUFF BOLD WHITE MAXI | PRATA COM OURO BRANCO;21;3;9;PU02195
gid://shopify/ProductVariant/50620313600295;CL04771;P;12500.0;;6;gid://shopify/Product/9995769774375;COLAR MAXI BOLD WHITE | PRATA COM OURO BRANCO;19;3;9;CL04771
gid://shopify/ProductVariant/50620313633063;CL04770;M;12500.0;;6;gid://shopify/Product/9995769774375;COLAR MAXI BOLD WHITE | PRATA COM OURO BRANCO;19;3;9;CL04770
gid://shopify/ProductVariant/50620313665831;CL04772;G;12500.0;;7;gid://shopify/Product/9995769774375;COLAR MAXI BOLD WHITE | PRATA COM OURO BRANCO;19;3;9;CL04772
gid://shopify/ProductVariant/50620316811559;AN03671-10;10;2500.0;;5;gid://shopify/Product/9995769970983;ANEL ESFERA BOLD WHITE | PRATA COM OURO BRANCO;68;13;6;AN03671
gid://shopify/ProductVariant/50620318023975;BR07000;Default Title;3500.0;;6;gid://shopify/Product/9995770102055;BRINCO ARGOLA BOLD WHITE | PRATA COM OURO BRANCO;6;1;4;BR07000
gid://shopify/ProductVariant/50620319301927;BR07002;Default Title;5300.0;;8;gid://shopify/Product/9995770233127;BRINCO ARGOLA BOLD WHITE MAXI | PRATA COM OURO BRANCO;8;1;5;BR07002
gid://shopify/ProductVariant/50620319564071;BR07005;Default Title;5200.0;;8;gid://shopify/Product/9995770331431;BRINCO ESFERA BOLD WHITE MAXI | PRATA COM OURO BRANCO;8;1;4;BR07005
gid://shopify/ProductVariant/50620319695143;BR07004;Default Title;2500.0;;7;gid://shopify/Product/9995770396967;BRINCO ESFERA BOLD WHITE P | PRATA COM OURO BRANCO;7;1;3;BR07004
gid://shopify/ProductVariant/50620319858983;BR07003;Default Title;7000.0;;10;gid://shopify/Product/9995770429735;BRINCO BOLD WHITE DUPLO MAXI | PRATA COM OURO BRANCO;10;1;7;BR07003
gid://shopify/ProductVariant/50620319957287;BR07001;Default Title;6200.0;;5;gid://shopify/Product/9995770495271;BRINCO BOLD WHITE DUPLO | PRATA COM OURO BRANCO;5;1;7;BR07001
gid://shopify/ProductVariant/50946169635111;CL04765;P;9800.0;;5;gid://shopify/Product/9924268294439;COLAR ESFERA  JV LOLITTA | PRATA COM OURO AMARELO 18K;17;3;7;CL04765
gid://shopify/ProductVariant/50946169667879;CL04756;M;9800.0;;7;gid://shopify/Product/9924268294439;COLAR ESFERA  JV LOLITTA | PRATA COM OURO AMARELO 18K;17;3;7;CL04756
gid://shopify/ProductVariant/50946169700647;CL04767;G;9800.0;;5;gid://shopify/Product/9924268294439;COLAR ESFERA  JV LOLITTA | PRATA COM OURO AMARELO 18K;17;3;7;CL04767
gid://shopify/ProductVariant/50946172027175;CL04766;P;8800.0;;5;gid://shopify/Product/9924278944039;COLAR ESFERA  JV LOLITTA | PRATA COM OURO BRANCO;16;3;7;CL04766
gid://shopify/ProductVariant/50946172059943;CL04757;M;8800.0;;6;gid://shopify/Product/9924278944039;COLAR ESFERA  JV LOLITTA | PRATA COM OURO BRANCO;16;3;7;CL04757
gid://shopify/ProductVariant/50946172092711;CL04768;G;8800.0;;5;gid://shopify/Product/9924278944039;COLAR ESFERA  JV LOLITTA | PRATA COM OURO BRANCO;16;3;7;CL04768
gid://shopify/ProductVariant/51060129399079;TESTE1234;Default Title;1.0;;0;gid://shopify/Product/10114453143847;Produto TESTE Allisson;0;1;1;TESTE1234
gid://shopify/ProductVariant/51103535497511;BR07037;Default Title;8100.0;;6;gid://shopify/Product/10131386401063;Brinco Solitário Oval | Ouro branco 18K Com Ródio Negro e esmeraldas;6;1;2;BR07037
gid://shopify/ProductVariant/51322960544039;CL04805;Default Title;19200.0;;1;gid://shopify/Product/10185059991847;Colar Solitário GOTA | Ouro Amarelo 18k com Esmeralda de 1,40ct;1;1;1;CL04805
gid://shopify/ProductVariant/51371532091687;BR07056;Default Title;7900.0;;5;gid://shopify/Product/10205328539943;Brinco Especial Solitário Oval De Ouro Branco 18K Com Safiras;5;1;1;BR07056
gid://shopify/ProductVariant/51371534942503;BR07038;Default Title;8100.0;;5;gid://shopify/Product/10205339975975;Brinco Especial De Ouro Amarelo 18K Com Esmeralda Da Zâmbia;5;1;2;BR07038
gid://shopify/ProductVariant/51533610909991;BR07055;Default Title;52000.0;;0;gid://shopify/Product/10259364249895;Brinco Solitário Esmeralda | Ouro Amarelo 18K com Esmeralda;0;1;2;BR07055
gid://shopify/ProductVariant/51533616251175;AN03683-10;10;56900.0;;0;gid://shopify/Product/10259369296167;Anel Clássico Esmeralda | Ouro Branco 18K com Esmeralda e Diamantes;1;13;1;AN03683
gid://shopify/ProductVariant/51533619822887;CL04810;Default Title;17800.0;;1;gid://shopify/Product/10259370967335;Colar Duo Esmeralda | Ouro Branco 18K com Ródio Negro e Esmeraldas;1;1;1;CL04810
gid://shopify/ProductVariant/51533621166375;CL04692;Default Title;139500.0;;1;gid://shopify/Product/10259371491623;Colar Coração Esmeralda | Ouro Amarelo 18K com Esmeralda e Diamantes;1;1;1;CL04692
gid://shopify/ProductVariant/51533623787815;CL04788;Default Title;22000.0;;1;gid://shopify/Product/10259372376359;Colar Solitário Oval | Ouro Branco 18K com Ródio Negro e Esmeralda;1;1;1;CL04788
gid://shopify/ProductVariant/51533624967463;BR06596T;Default Title;14300.0;;0;gid://shopify/Product/10259372802343;Brinco Solitário Gota | Ouro Amarelo 18K com Esmeralda;0;1;2;BR06596T
gid://shopify/ProductVariant/51533893828903;PU02212;Default Title;82000.0;;1;gid://shopify/Product/10259437420839;Pulseira Tennis Degradê | Ouro Branco 18K com Esmeraldas;1;1;2;PU02212
gid://shopify/ProductVariant/51543327146279;BR07075;Default Title;46200.0;;1;gid://shopify/Product/10261162361127;Brinco Dolce Vita | Ouro Rosa 18K com Turquesa;1;1;1;BR07075
gid://shopify/ProductVariant/51549195665703;CL04825;Default Title;5800.0;;6;gid://shopify/Product/10262565060903;Colar JV MAN | Prata com Ródio Negro e Esmeralda;6;1;1;CL04825
gid://shopify/ProductVariant/51549199860007;CL04791;Default Title;21900.0;;1;gid://shopify/Product/10262565486887;Colar Especial Solitário Coração | Ouro Branco 18K com Ródio Negro e Esmeralda;1;1;1;CL04791
gid://shopify/ProductVariant/51549217325351;CL04751;Default Title;32000.0;;1;gid://shopify/Product/10262566666535;Colar Especial Solitário | Ouro Branco 18K com Ródio Negro e Esmeralda Colombiana;1;1;1;CL04751
gid://shopify/ProductVariant/51551337775399;BR07035;Default Title;18500.0;;0;gid://shopify/Product/10263337271591;Brinco Especial Solitário Coração | Ouro Branco 18K com Ródio Negro e Esmeralda;0;1;2;BR07035
gid://shopify/ProductVariant/51551339446567;BR06883T;Default Title;175900.0;;0;gid://shopify/Product/10263338385703;Brinco Clássico | Ouro Amarelo e Branco 18K com Diamantes Negros e Esmeraldas;0;1;1;BR06883T
gid://shopify/ProductVariant/51551893061927;AN03690-10;10;61000.0;;0;gid://shopify/Product/10263503405351;Anel Rock Star | Ouro Branco 18K com Ródio Negro, Esmeralda e Diamantes;0;13;1;AN03690
gid://shopify/ProductVariant/51606446145831;Cl04821;Default Title;66200.0;;0;gid://shopify/Product/10278439551271;Colar Especial Solitário | Ouro Branco 18K com Diamante;0;1;2;Cl04821
gid://shopify/ProductVariant/51606456402215;Cl04822;Default Title;66800.0;;0;gid://shopify/Product/10278446858535;Colar Especial Solitário | Ouro Branco 18K com Diamante;0;1;1;Cl04822
gid://shopify/ProductVariant/51606463709479;Cl04786;Default Title;33900.0;;0;gid://shopify/Product/10278452461863;Colar Pura Duo | Ouro Branco 18K com Diamantes;0;1;1;Cl04786
gid://shopify/ProductVariant/51606545793319;BR07061;Default Title;138000.0;;1;gid://shopify/Product/10278503579943;Brinco Especial Solitário | Ouro Branco 18K com Diamantes;1;1;1;BR07061
gid://shopify/ProductVariant/51606552838439;BR06957;Default Title;13500.0;;1;gid://shopify/Product/10278508593447;Brinco Especial Solitário | Ouro Branco 18K com Diamantes;1;1;1;BR06957
gid://shopify/ProductVariant/51622228099367;AN03685-10;10;36900.0;;0;gid://shopify/Product/10284381831463;Anel LifeStyle | Ouro Branco 18K com Diamantes;1;13;1;AN03685
gid://shopify/ProductVariant/51638393110823;BR07079;Default Title;29900.0;;5;gid://shopify/Product/10288791486759;Brinco Cometa Sapphire Diamantes | Ouro Branco 18K com Diamantes;5;1;1;BR07079
gid://shopify/ProductVariant/51698118033703;AN03700-10;10;24900.0;;5;gid://shopify/Product/10308998922535;Anel Universo Cometa | Ouro Branco 18K com Ródio Negro e Diamantes;65;13;1;AN03700
gid://shopify/ProductVariant/51748956078375;BR07036;Default Title;11600.0;;1;gid://shopify/Product/10319125479719;Brinco Especial Solitário Redondo | Ouro Branco 18K com Safiras Azuis;1;1;1;BR07036
gid://shopify/ProductVariant/51751226868007;BR06907;Default Title;21000.0;;1;gid://shopify/Product/10319379530023;Brinco Especial Solitário | Ouro Amarelo 18K com Esmeraldas;1;1;1;BR06907
