id;sku;title;price;compareAtPrice;inventoryQuantity;product_id;title.1;totalInventory;totalVariants;mediaCount.count;sku_2;variant.sku;variant.id;encomenda ouro;encomenda prata;Encomendavel;Em estoque
gid://shopify/ProductVariant/46330657636647;BR04014T;P;24500.0;17000.0;5;gid://shopify/Product/8572968665383;Brinco Star Diamond - P | Ouro Branco 18K E Diamantes;5;1;4;BR04014T;BR04014T;gid://shopify/ProductVariant/46330657636647;5.0;0.0;True;False
gid://shopify/ProductVariant/46330660913447;BR04127T;M;42900.0;34000.0;0;gid://shopify/Product/8572968960295;Brinco Star Diamond - M | Ouro Branco 18K E Diamantes;0;1;4;BR04127T;BR04127T;gid://shopify/ProductVariant/46330660913447;0.0;0.0;False;False
gid://shopify/ProductVariant/46331458519335;BR04027T;P;14900.0;10900.0;5;gid://shopify/Product/8573060383015;Brinco Star Diamond - P | Ouro Branco 18K Com Ródio Negro E Diamantes Negros;5;1;2;BR04027T;BR04027T;gid://shopify/ProductVariant/46331458519335;5.0;0.0;True;False
gid://shopify/ProductVariant/46331460780327;BR04355T;M;25500.0;19700.0;1;gid://shopify/Product/8573060677927;Brinco 15 Anos - M | Ouro Branco 18K Com Ródio Negro E Diamantes Negros;1;1;4;BR04355T;BR04355T;gid://shopify/ProductVariant/46331460780327;0.0;0.0;False;True
gid://shopify/ProductVariant/46331464122663;BR05117T;P;16500.0;12600.0;5;gid://shopify/Product/8573061038375;Brinco Star Diamond - P | Ouro Branco 18K Com Ródio Negro E Diamantes;5;1;2;BR05117T;BR05117T;gid://shopify/ProductVariant/46331464122663;5.0;0.0;True;False
gid://shopify/ProductVariant/46332394570023;CL04023;Default Title;5500.0;3400.0;6;gid://shopify/Product/8573203317031;Colar Amore De Ouro Amarelo 18K;6;1;3;CL04023;CL04023;gid://shopify/ProductVariant/46332394570023;5.0;0.0;True;True
gid://shopify/ProductVariant/46332398502183;CL04025;Default Title;5500.0;3400.0;6;gid://shopify/Product/8573203808551;Colar Amore De Ouro Amarelo 18K;6;1;3;CL04025;CL04025;gid://shopify/ProductVariant/46332398502183;5.0;0.0;True;True
gid://shopify/ProductVariant/46332404007207;CL04022;Default Title;5500.0;3400.0;1;gid://shopify/Product/8573204300071;Colar Amore De Ouro Branco 18K Com Ródio Negro;1;1;3;CL04022;CL04022;gid://shopify/ProductVariant/46332404007207;0.0;0.0;False;True
gid://shopify/ProductVariant/46332407382311;CL04024;Default Title;4400.0;3400.0;0;gid://shopify/Product/8573204758823;Colar Amore De Ouro Branco 18K Com Ródio Negro;0;1;3;CL04024;CL04024;gid://shopify/ProductVariant/46332407382311;0.0;0.0;False;False
gid://shopify/ProductVariant/46332840935719;BR05813T;G;21900.0;12500.0;5;gid://shopify/Product/8573252272423;Brinco Avantgarde | Ouro Branco 18K Com Ródio Negro E Diamantes;5;1;3;BR05813T;BR05813T;gid://shopify/ProductVariant/46332840935719;5.0;0.0;True;False
gid://shopify/ProductVariant/46332847554855;BR05812T;G;24500.0;15200.0;6;gid://shopify/Product/8573252960551;Brinco Avantgarde | Ouro Branco 18K E Diamantes;6;1;3;BR05812T;BR05812T;gid://shopify/ProductVariant/46332847554855;5.0;0.0;True;True
gid://shopify/ProductVariant/46334665654567;BR06282T;G;5900.0;4600.0;0;gid://shopify/Product/8573441376551;Brinco Black Leopardo - G | Prata Com Ródio Negro;0;1;4;BR06282T;BR06282T;gid://shopify/ProductVariant/46334665654567;0.0;0.0;False;False
gid://shopify/ProductVariant/46334669095207;BR06283T;M;5400.0;4300.0;0;gid://shopify/Product/8573441868071;Brinco Black Leopardo - M | Prata com Ródio Negro;0;1;4;BR06283T;BR06283T;gid://shopify/ProductVariant/46334669095207;0.0;0.0;False;False
gid://shopify/ProductVariant/46334672273703;CL04551;M;7800.0;7800.0;0;gid://shopify/Product/8573442294055;Colar Black Leopardo - Maxi | Prata com Ródio Negro;0;1;3;CL04551;CL04551;gid://shopify/ProductVariant/46334672273703;0.0;0.0;False;False
gid://shopify/ProductVariant/46334857085223;BR05931T;G;4700.0;4700.0;0;gid://shopify/Product/8573469065511;Brinco Blossom - G | Prata Com Ouro Amarelo 18k E Safira;0;1;2;BR05931T;BR05931T;gid://shopify/ProductVariant/46334857085223;0.0;0.0;False;False
gid://shopify/ProductVariant/46334858985767;BR05938T;Default Title;3700.0;3700.0;0;gid://shopify/Product/8573469491495;Brinco Blossom | Prata Com Ouro Amarelo 18k E Safira;0;1;2;BR05938T;BR05938T;gid://shopify/ProductVariant/46334858985767;0.0;0.0;False;False
gid://shopify/ProductVariant/46334861377831;BR05932T;G;4300.0;4300.0;0;gid://shopify/Product/8573469917479;Brinco Blossom - G | Prata Com Ródio Negro E Safira;0;1;2;BR05932T;BR05932T;gid://shopify/ProductVariant/46334861377831;0.0;0.0;False;False
gid://shopify/ProductVariant/46334865015079;BR05933T;P;3500.0;3500.0;0;gid://shopify/Product/8573470408999;Brinco Blossom - P | Prata Com Ródio Negro E Safira;0;1;3;BR05933T;BR05933T;gid://shopify/ProductVariant/46334865015079;0.0;0.0;False;False
gid://shopify/ProductVariant/46334867767591;BR05937T;Default Title;3700.0;3500.0;0;gid://shopify/Product/8573470703911;Brinco Blossom | Prata Com Ródio Negro E Safira;0;1;2;BR05937T;BR05937T;gid://shopify/ProductVariant/46334867767591;0.0;0.0;False;False
gid://shopify/ProductVariant/46334897094951;BR04476T;Default Title;16000.0;16000.0;0;gid://shopify/Product/8573475946791;Brinco Brasil | Ouro Branco 18K Com Ródio Negro E Turmalinas;0;1;1;BR04476T;BR04476T;gid://shopify/ProductVariant/46334897094951;0.0;0.0;False;False
gid://shopify/ProductVariant/46335058542887;BR06373T;Default Title;89900.0;78000.0;5;gid://shopify/Product/8573490659623;Brinco Celebrate Triplo | Ouro Amarelo 18K e Diamantes;5;1;2;BR06373T;BR06373T;gid://shopify/ProductVariant/46335058542887;5.0;0.0;True;False
gid://shopify/ProductVariant/46335063916839;BR06375T;Default Title;67900.0;59000.0;5;gid://shopify/Product/8573491052839;Brinco Celebrate Duplo | Ouro Amarelo 18K e Diamantes;5;1;4;BR06375T;BR06375T;gid://shopify/ProductVariant/46335063916839;5.0;0.0;True;False
gid://shopify/ProductVariant/46335067750695;BR06377T;Default Title;37900.0;33000.0;5;gid://shopify/Product/8573491413287;Brinco Celebrate Duo | Ouro Amarelo 18K e Diamantes;5;1;3;BR06377T;BR06377T;gid://shopify/ProductVariant/46335067750695;5.0;0.0;True;False
gid://shopify/ProductVariant/46335074533671;BR06379T;Default Title;25500.0;22000.0;6;gid://shopify/Product/8573492003111;Brinco Celebrate | Ouro Amarelo 18K e Diamantes;6;1;4;BR06379T;BR06379T;gid://shopify/ProductVariant/46335074533671;5.0;0.0;True;True
gid://shopify/ProductVariant/46335077777703;BR06380T;Default Title;19900.0;14000.0;5;gid://shopify/Product/8573492298023;Brinco Celebrate Franja | Ouro Amarelo 18K e Diamantes;5;1;3;BR06380T;BR06380T;gid://shopify/ProductVariant/46335077777703;5.0;0.0;True;False
gid://shopify/ProductVariant/46335081349415;BR06381T;Default Title;5900.0;4500.0;7;gid://shopify/Product/8573492592935;Brinco Celebrate Plus Solitário | Ouro Amarelo 18K e Diamantes;7;1;3;BR06381T;BR06381T;gid://shopify/ProductVariant/46335081349415;5.0;0.0;True;True
gid://shopify/ProductVariant/46335086264615;BR06387T;Default Title;13500.0;9100.0;5;gid://shopify/Product/8573492986151;Brinco Celebrate Rock | Ouro Amarelo 18K e Diamantes;5;1;3;BR06387T;BR06387T;gid://shopify/ProductVariant/46335086264615;5.0;0.0;True;False
gid://shopify/ProductVariant/46335092654375;BR06299T;Default Title;20900.0;15000.0;6;gid://shopify/Product/8573493510439;Brinco Celebrate Franja | Ouro Branco 18K E Diamantes;6;1;4;BR06299T;BR06299T;gid://shopify/ProductVariant/46335092654375;5.0;0.0;True;True
gid://shopify/ProductVariant/46335096095015;BR06301T;Default Title;5900.0;4500.0;5;gid://shopify/Product/8573493870887;Brinco Celebrate Plus Unitário | Ouro Branco 18K e Diamante;5;1;3;BR06301T;BR06301T;gid://shopify/ProductVariant/46335096095015;5.0;0.0;True;False
gid://shopify/ProductVariant/46335101468967;BR06302T;Default Title;13900.0;9400.0;7;gid://shopify/Product/8573494231335;Brinco Celebrate Rock | Ouro Branco 18K e Diamantes;7;1;3;BR06302T;BR06302T;gid://shopify/ProductVariant/46335101468967;5.0;0.0;True;True
gid://shopify/ProductVariant/46335104123175;BR06372T;Default Title;105900.0;105900.0;6;gid://shopify/Product/8573494559015;Brinco Celebrate Triplo | Ouro Branco 18K com Diamantes;6;1;4;BR06372T;BR06372T;gid://shopify/ProductVariant/46335104123175;5.0;0.0;True;True
gid://shopify/ProductVariant/46335107072295;BR06374T;Default Title;78500.0;68000.0;5;gid://shopify/Product/8573494853927;Brinco Celebrate Duplo | Ouro Branco 18K e Diamantes;5;1;4;BR06374T;BR06374T;gid://shopify/ProductVariant/46335107072295;5.0;0.0;True;False
gid://shopify/ProductVariant/46335110545703;BR06376T;Default Title;43900.0;38000.0;6;gid://shopify/Product/8573495181607;Brinco Celebrate Duo | Ouro Branco 18K e Diamantes;6;1;3;BR06376T;BR06376T;gid://shopify/ProductVariant/46335110545703;5.0;0.0;True;True
gid://shopify/ProductVariant/46335115788583;BR06378T;Default Title;29900.0;26000.0;6;gid://shopify/Product/8573495607591;Brinco Celebrate | Ouro Branco 18K e Diamantes;6;1;2;BR06378T;BR06378T;gid://shopify/ProductVariant/46335115788583;5.0;0.0;True;True
gid://shopify/ProductVariant/46335121588519;BR06388T;Default Title;57500.0;57500.0;0;gid://shopify/Product/8573495968039;Brinco Celebrate | Ouro Amarelo 18K com Diamantes e Esmeraldas;0;1;2;BR06388T;BR06388T;gid://shopify/ProductVariant/46335121588519;0.0;0.0;False;False
gid://shopify/ProductVariant/46335226708263;BR05398T;Default Title;1250.0;1250.0;6;gid://shopify/Product/8573505634599;Brinco Chain  - Unitário | Prata Com Ouro Amarelo 18k;6;1;4;BR05398T;BR05398T;gid://shopify/ProductVariant/46335226708263;0.0;5.0;True;True
gid://shopify/ProductVariant/46335229755687;BR05400T;G;2300.0;2300.0;6;gid://shopify/Product/8573505896743;Brinco Argola Chain - G | Prata Com Ouro Amarelo 18k;6;1;5;BR05400T;BR05400T;gid://shopify/ProductVariant/46335229755687;0.0;5.0;True;True
gid://shopify/ProductVariant/46335232704807;BR05404T;Default Title;980.0;980.0;5;gid://shopify/Product/8573506093351;Brinco Chain - Unitário | Prata Com Ouro Amarelo 18k;5;1;5;BR05404T;BR05404T;gid://shopify/ProductVariant/46335232704807;0.0;5.0;True;False
gid://shopify/ProductVariant/46335235391783;BR05407T;Default Title;1800.0;1800.0;5;gid://shopify/Product/8573506322727;Brinco Ear Cuff Chain | Prata Com Ouro Amarelo 18k;5;1;4;BR05407T;BR05407T;gid://shopify/ProductVariant/46335235391783;0.0;5.0;True;False
gid://shopify/ProductVariant/46335237685543;BR05411T;P;1600.0;1600.0;5;gid://shopify/Product/8573506486567;Brinco Argola Chain - P | Prata Com Ouro Amarelo 18k;5;1;5;BR05411T;BR05411T;gid://shopify/ProductVariant/46335237685543;0.0;5.0;True;False
gid://shopify/ProductVariant/46335239291175;BR05602T;Default Title;1400.0;1400.0;5;gid://shopify/Product/8573506617639;Brinco Argola Chain - Mini | Prata Com Ouro Amarelo 18k;5;1;5;BR05602T;BR05602T;gid://shopify/ProductVariant/46335239291175;0.0;5.0;True;False
gid://shopify/ProductVariant/46335240372519;BR05399T;Default Title;1250.0;1250.0;12;gid://shopify/Product/8573506715943;Brinco Chain - Unitário | Prata Com Ródio Negro;12;1;3;BR05399T;BR05399T;gid://shopify/ProductVariant/46335240372519;0.0;0.0;False;True
gid://shopify/ProductVariant/46335245091111;BR05412T;P;1600.0;1600.0;0;gid://shopify/Product/8573507240231;Brinco Argola Chain - P | Prata Com Ródio Negro;0;1;4;BR05412T;BR05412T;gid://shopify/ProductVariant/46335245091111;0.0;0.0;False;False
gid://shopify/ProductVariant/46335247352103;CL04178;P;6200.0;6200.0;11;gid://shopify/Product/8573507469607;Colar Chain - P | Prata Com Ouro Amarelo 18K;11;1;3;CL04178;CL04178;gid://shopify/ProductVariant/46335247352103;0.0;5.0;True;True
gid://shopify/ProductVariant/46335251644711;CL04182;G;8500.0;8500.0;9;gid://shopify/Product/8573507830055;Colar Chain - G | Prata Com Ouro Amarelo 18K;9;1;5;CL04182;CL04182;gid://shopify/ProductVariant/46335251644711;0.0;5.0;True;True
gid://shopify/ProductVariant/46335255904551;CL04179;P;6200.0;6200.0;5;gid://shopify/Product/8573508124967;Colar Chain - P | Prata Com Ródio Negro;5;1;3;CL04179;CL04179;gid://shopify/ProductVariant/46335255904551;0.0;5.0;True;False
gid://shopify/ProductVariant/46335260197159;BR05606T;Default Title;980.0;980.0;5;gid://shopify/Product/8573508452647;Piercing Chain | Prata Com Ouro Amarelo 18K;5;1;4;BR05606T;BR05606T;gid://shopify/ProductVariant/46335260197159;0.0;5.0;True;False
gid://shopify/ProductVariant/46335263408423;PU01791T;P;3700.0;3700.0;6;gid://shopify/Product/8573508714791;Pulseira Chain Elo - P | Prata Com Ouro Amarelo 18k;18;3;5;PU01791T;PU01791T;gid://shopify/ProductVariant/46335263408423;0.0;5.0;True;True
gid://shopify/ProductVariant/46335274320167;PU01805T;G;4900.0;4900.0;9;gid://shopify/Product/8573509730599;Pulseira Chain De Prata Com Ouro Amarelo - Elo G;9;1;3;PU01805T;PU01805T;gid://shopify/ProductVariant/46335274320167;0.0;5.0;True;True
gid://shopify/ProductVariant/46335277662503;PU01792T;P;3700.0;3700.0;0;gid://shopify/Product/8573509992743;Pulseira Chain Elo - P | Prata Com Ródio Negro;3;3;3;PU01792T;PU01792T;gid://shopify/ProductVariant/46335277662503;0.0;0.0;False;False
gid://shopify/ProductVariant/46335289983271;PU01806T;G;4900.0;4900.0;1;gid://shopify/Product/8573510975783;Pulseira Chain De Prata Com Ródio Negro - Elo G;1;1;3;PU01806T;PU01806T;gid://shopify/ProductVariant/46335289983271;0.0;0.0;False;True
gid://shopify/ProductVariant/46336082936103;BR05581T;Default Title;3900.0;2900.0;5;gid://shopify/Product/8573576708391;Piercing Chain Lovers | Ouro Branco 18K Com Ródio Negro E Diamantes;5;1;2;BR05581T;BR05581T;gid://shopify/ProductVariant/46336082936103;5.0;0.0;True;False
gid://shopify/ProductVariant/46336085983527;BR05603T;Default Title;9500.0;5900.0;6;gid://shopify/Product/8573576937767;Brinco Argola Chain Lovers - Mini | Ouro Branco 18K Com Ródio Negro E Diamantes;6;1;3;BR05603T;BR05603T;gid://shopify/ProductVariant/46336085983527;5.0;0.0;True;True
gid://shopify/ProductVariant/46336089096487;BR05580T;Default Title;4900.0;3200.0;5;gid://shopify/Product/8573577265447;Piercing Chain Lovers | Ouro Branco 18K E Diamantes;5;1;2;BR05580T;BR05580T;gid://shopify/ProductVariant/46336089096487;5.0;0.0;True;False
gid://shopify/ProductVariant/46336093389095;BR05604T;Default Title;12900.0;;5;gid://shopify/Product/8573577593127;Brinco Argola Chain Lovers - Mini | Ouro Branco 18K e Diamantes;5;1;3;BR05604T;BR05604T;gid://shopify/ProductVariant/46336093389095;5.0;0.0;True;False
gid://shopify/ProductVariant/46336096796967;BR05777T;Default Title;15900.0;12000.0;5;gid://shopify/Product/8573577920807;Piercing Chain Lovers | Ouro Branco 18K Com Ródio Negro E Diamantes;5;1;3;BR05777T;BR05777T;gid://shopify/ProductVariant/46336096796967;5.0;0.0;True;False
gid://shopify/ProductVariant/46336099909927;BR05778T;Default Title;4900.0;4200.0;5;gid://shopify/Product/8573578215719;Piercing Chain Lovers | Ouro Branco 18K Com Ródio Negro E Diamantes Negros;5;1;2;BR05778T;BR05778T;gid://shopify/ProductVariant/46336099909927;5.0;0.0;True;False
gid://shopify/ProductVariant/46336104169767;BR05779T;Default Title;7500.0;6500.0;5;gid://shopify/Product/8573578608935;Piercing Chain Lovers | Ouro Branco 18K Com Ródio Negro E Esmeraldas;5;1;3;BR05779T;BR05779T;gid://shopify/ProductVariant/46336104169767;5.0;0.0;True;False
gid://shopify/ProductVariant/46336121569575;CL01443;Default Title;27900.0;20900.0;5;gid://shopify/Product/8573579919655;Colar Choker De Ouro Amarelo 18K;5;1;3;CL01443;CL01443;gid://shopify/ProductVariant/46336121569575;5.0;0.0;True;False
gid://shopify/ProductVariant/46336123502887;CL01450;Default Title;8900.0;6500.0;5;gid://shopify/Product/8573580116263;Colar Choker De Ouro Amarelo 18K;5;1;4;CL01450;CL01450;gid://shopify/ProductVariant/46336123502887;5.0;0.0;True;False
gid://shopify/ProductVariant/46336129794343;CL01442;Default Title;29000.0;29000.0;0;gid://shopify/Product/8573580673319;Colar Choker De Ouro Branco 18K Com Ródio Negro E Diamante;0;1;3;CL01442;CL01442;gid://shopify/ProductVariant/46336129794343;0.0;0.0;False;False
gid://shopify/ProductVariant/46336136773927;CL01449;Default Title;9900.0;6700.0;6;gid://shopify/Product/8573581426983;Colar Choker De Ouro Branco 18K Com Ródio Negro E Diamante;6;1;3;CL01449;CL01449;gid://shopify/ProductVariant/46336136773927;5.0;0.0;True;True
gid://shopify/ProductVariant/46336139165991;CL01451;Default Title;6200.0;5200.0;0;gid://shopify/Product/8573581656359;Colar Choker De Ouro Branco 18K Com Ródio Negro E Diamante;0;1;2;CL01451;CL01451;gid://shopify/ProductVariant/46336139165991;0.0;0.0;False;False
gid://shopify/ProductVariant/46336139264295;CL03641;Default Title;8500.0;5200.0;5;gid://shopify/Product/8573581787431;Colar Choker De Ouro Branco 18K Com Ródio Negro E Rubi;5;1;3;CL03641;CL03641;gid://shopify/ProductVariant/46336139264295;5.0;0.0;True;False
gid://shopify/ProductVariant/46336139493671;CL03642;Default Title;8900.0;6500.0;5;gid://shopify/Product/8573581852967;Colar Choker De Ouro Branco 18K Com Ródio Negro E Esmeralda;5;1;3;CL03642;CL03642;gid://shopify/ProductVariant/46336139493671;5.0;0.0;True;False
gid://shopify/ProductVariant/46336139559207;CL03643;Default Title;6900.0;5200.0;6;gid://shopify/Product/8573581918503;Colar Choker De Ouro Branco 18K Com Ródio Negro E Safira;6;1;3;CL03643;CL03643;gid://shopify/ProductVariant/46336139559207;5.0;0.0;True;True
gid://shopify/ProductVariant/46336139657511;CL03645;Default Title;7500.0;5500.0;5;gid://shopify/Product/8573582016807;Colar Choker | Ouro Branco 18K Com Ródio Negro E Diamantes Negros;5;1;3;CL03645;CL03645;gid://shopify/ProductVariant/46336139657511;5.0;0.0;True;False
gid://shopify/ProductVariant/46336140837159;CL01438;Default Title;36900.0;32000.0;5;gid://shopify/Product/8573582213415;Colar Choker De Ouro Branco 18K E Diamante;5;1;3;CL01438;CL01438;gid://shopify/ProductVariant/46336140837159;5.0;0.0;True;False
gid://shopify/ProductVariant/46336144146727;CL01446;Default Title;46000.0;42000.0;0;gid://shopify/Product/8573582541095;Colar Choker De Ouro Branco 18K E Diamante;0;1;3;CL01446;CL01446;gid://shopify/ProductVariant/46336144146727;0.0;0.0;False;False
gid://shopify/ProductVariant/46336149192999;CL01448;Default Title;10900.0;7400.0;5;gid://shopify/Product/8573582901543;Colar Choker De Ouro Branco 18K E Diamante;5;1;3;CL01448;CL01448;gid://shopify/ProductVariant/46336149192999;5.0;0.0;True;False
gid://shopify/ProductVariant/46336152437031;CL01452;Default Title;7900.0;5600.0;5;gid://shopify/Product/8573583196455;Colar Choker De Ouro Branco 18K E Diamante;5;1;4;CL01452;CL01452;gid://shopify/ProductVariant/46336152437031;5.0;0.0;True;False
gid://shopify/ProductVariant/46336174981415;BR05643T;Default Title;14900.0;10900.0;5;gid://shopify/Product/8573584998695;Brinco Ear Cuff Deco 2019 | Ouro Amarelo 18K com ródio negro E Diamantes;5;1;2;BR05643T;BR05643T;gid://shopify/ProductVariant/46336174981415;5.0;0.0;True;False
gid://shopify/ProductVariant/46336178258215;BR05649T;Default Title;17900.0;14500.0;6;gid://shopify/Product/8573585326375;Brinco Ear Cuff Deco 2019 | Ouro Amarelo 18K com ródio negro E Diamantes;6;1;2;BR05649T;BR05649T;gid://shopify/ProductVariant/46336178258215;5.0;0.0;True;True
gid://shopify/ProductVariant/46336182747431;BR05642T;Default Title;18500.0;14900.0;5;gid://shopify/Product/8573585621287;Brinco Ear Cuff Deco 2019 | Ouro Branco 18K E Diamantes;5;1;2;BR05642T;BR05642T;gid://shopify/ProductVariant/46336182747431;5.0;0.0;True;False
gid://shopify/ProductVariant/46336185958695;BR05650T;Default Title;27900.0;23000.0;5;gid://shopify/Product/8573585883431;Brinco Ear Cuff Deco 2019 De Ouro Branco 18K E Diamante;5;1;2;BR05650T;BR05650T;gid://shopify/ProductVariant/46336185958695;5.0;0.0;True;False
gid://shopify/ProductVariant/46336190873895;CL04279;Default Title;55000.0;46000.0;0;gid://shopify/Product/8573586374951;Colar Deco 2019 De Ouro Branco 18K E Diamante;0;1;2;CL04279;CL04279;gid://shopify/ProductVariant/46336190873895;0.0;0.0;False;False
gid://shopify/ProductVariant/46336245661991;BR02400T;Default Title;9500.0;5200.0;5;gid://shopify/Product/8573591617831;Brinco Clássico | Ouro Amarelo 18K E Diamantes;5;1;3;BR02400T;BR02400T;gid://shopify/ProductVariant/46336245661991;5.0;0.0;True;False
gid://shopify/ProductVariant/46336245727527;BR02108T;Default Title;9500.0;5200.0;5;gid://shopify/Product/8573591716135;Brinco Clássico | Ouro Branco 18K E Diamantes;5;1;2;BR02108T;BR02108T;gid://shopify/ProductVariant/46336245727527;5.0;0.0;True;False
gid://shopify/ProductVariant/46336246710567;BR02120T;Default Title;9500.0;5200.0;5;gid://shopify/Product/8573591781671;Brinco Clássico | Ouro Rosa 18K E Diamantes;5;1;2;BR02120T;BR02120T;gid://shopify/ProductVariant/46336246710567;5.0;0.0;True;False
gid://shopify/ProductVariant/46336249626919;BR02148T;Default Title;3900.0;2300.0;5;gid://shopify/Product/8573591978279;Piercing Clássico De Ouro Rosa 18K E Diamante;5;1;3;BR02148T;BR02148T;gid://shopify/ProductVariant/46336249626919;5.0;0.0;True;False
gid://shopify/ProductVariant/46336250675495;CL01000;Default Title;6900.0;3400.0;6;gid://shopify/Product/8573592142119;Colar Clássico De Ouro Branco 18K Com Ródio Negro E Diamante Negro;6;1;2;CL01000;CL01000;gid://shopify/ProductVariant/46336250675495;5.0;0.0;True;True
gid://shopify/ProductVariant/46336251560231;CL01042;Default Title;4900.0;4100.0;5;gid://shopify/Product/8573592273191;Colar Clássico De Ouro Branco 18K Com Ródio Negro E Diamante Negro;5;1;2;CL01042;CL01042;gid://shopify/ProductVariant/46336251560231;5.0;0.0;True;False
gid://shopify/ProductVariant/46336253985063;CL00999;Default Title;6900.0;3400.0;6;gid://shopify/Product/8573592568103;Colar Clássico De Ouro Branco 18K E Diamante Negro;6;1;2;CL00999;CL00999;gid://shopify/ProductVariant/46336253985063;5.0;0.0;True;True
gid://shopify/ProductVariant/46336255263015;CL00016;Default Title;2500.0;1800.0;5;gid://shopify/Product/8573592699175;Corrente Clássico De Ouro Amarelo 18K;5;1;3;CL00016;CL00016;gid://shopify/ProductVariant/46336255263015;5.0;0.0;True;False
gid://shopify/ProductVariant/46336256606503;CO01314;Default Title;3500.0;;6;gid://shopify/Product/8573592895783;Corrente Você - 45cm | Ouro Amarelo 18K;6;1;4;CO01314;CO01314;gid://shopify/ProductVariant/46336256606503;5.0;0.0;True;True
gid://shopify/ProductVariant/46336258277671;CO01318;Default Title;5500.0;3700.0;5;gid://shopify/Product/8573593059623;Corrente Clássico De Ouro Amarelo 18K;5;1;3;CO01318;CO01318;gid://shopify/ProductVariant/46336258277671;5.0;0.0;True;False
gid://shopify/ProductVariant/46336259391783;CO01312;Default Title;3500.0;;6;gid://shopify/Product/8573593190695;Corrente Você - 45cm | Ouro Branco 18K Com Ródio Negro;6;1;3;CO01312;CO01312;gid://shopify/ProductVariant/46336259391783;5.0;0.0;True;True
gid://shopify/ProductVariant/46336259981607;CO01316;Default Title;5500.0;3700.0;0;gid://shopify/Product/8573593288999;Corrente Clássico De Ouro Branco 18K Com Ródio Negro;0;1;3;CO01316;CO01316;gid://shopify/ProductVariant/46336259981607;0.0;0.0;False;False
gid://shopify/ProductVariant/46336260899111;CO00023;Default Title;3500.0;;8;gid://shopify/Product/8573593420071;Corrente Você - 45cm | Ouro Branco 18K;8;1;4;CO00023;CO00023;gid://shopify/ProductVariant/46336260899111;5.0;0.0;True;True
gid://shopify/ProductVariant/46336261521703;CO01277;Default Title;2500.0;1800.0;6;gid://shopify/Product/8573593551143;Corrente Clássico De Ouro Branco 18K;6;1;2;CO01277;CO01277;gid://shopify/ProductVariant/46336261521703;5.0;0.0;True;True
gid://shopify/ProductVariant/46336262603047;CO01315;Default Title;5500.0;3700.0;1;gid://shopify/Product/8573593682215;Corrente Clássico De Ouro Branco 18K;1;1;3;CO01315;CO01315;gid://shopify/ProductVariant/46336262603047;0.0;0.0;False;True
gid://shopify/ProductVariant/46336263815463;CO01313;Default Title;3500.0;3500.0;7;gid://shopify/Product/8573593846055;Corrente Clássico | Ouro Rosa 18K;7;1;3;CO01313;CO01313;gid://shopify/ProductVariant/46336263815463;5.0;0.0;True;True
gid://shopify/ProductVariant/46336265126183;CO01317;Default Title;4500.0;3700.0;5;gid://shopify/Product/8573594009895;Corrente Clássico De Ouro Rosa 18K;5;1;3;CO01317;CO01317;gid://shopify/ProductVariant/46336265126183;0.0;0.0;False;True
gid://shopify/ProductVariant/46336266240295;BR02212T;Default Title;3900.0;2300.0;5;gid://shopify/Product/8573594140967;Piercing Clássico De Ouro Amarelo 18K E Diamante;5;1;3;BR02212T;BR02212T;gid://shopify/ProductVariant/46336266240295;5.0;0.0;True;False
gid://shopify/ProductVariant/46336267059495;BR03167T;Default Title;2900.0;1600.0;5;gid://shopify/Product/8573594304807;Piercing Clássico De Ouro Branco 18K Com Ródio Negro E Diamante Negro;5;1;3;BR03167T;BR03167T;gid://shopify/ProductVariant/46336267059495;5.0;0.0;True;False
gid://shopify/ProductVariant/46336268009767;BR03682T;Default Title;3500.0;1950.0;6;gid://shopify/Product/8573594435879;Piercing Clássico De Ouro Branco 18K Com Ródio Negro E Diamante;6;1;3;BR03682T;BR03682T;gid://shopify/ProductVariant/46336268009767;5.0;0.0;True;True
gid://shopify/ProductVariant/46336268599591;BR02192T;Default Title;3900.0;2300.0;5;gid://shopify/Product/8573594534183;Piercing Clássico De Ouro Branco 18K E Diamante;5;1;3;BR02192T;BR02192T;gid://shopify/ProductVariant/46336268599591;5.0;0.0;True;False
gid://shopify/ProductVariant/46336268632359;PU01082T;Default Title;2900.0;1850.0;5;gid://shopify/Product/8573594566951;Pulseira Clássico De Ouro Amarelo 18K E Safira;5;1;3;PU01082T;PU01082T;gid://shopify/ProductVariant/46336268632359;5.0;0.0;True;False
gid://shopify/ProductVariant/46336269353255;PU01278T;Default Title;2900.0;1650.0;7;gid://shopify/Product/8573594763559;Pulseira Clássico De Ouro Branco 18K Com Ródio Negro E Diamante Negro;7;1;3;PU01278T;PU01278T;gid://shopify/ProductVariant/46336269353255;5.0;0.0;True;True
gid://shopify/ProductVariant/46336269386023;PU01293T;Default Title;25500.0;21800.0;5;gid://shopify/Product/8573594796327;Pulseira Clássico De Ouro Branco 18K Com Ródio Negro E Rubi;5;1;2;PU01293T;PU01293T;gid://shopify/ProductVariant/46336269386023;5.0;0.0;True;False
gid://shopify/ProductVariant/46336269943079;PU01314T;Default Title;2900.0;1850.0;6;gid://shopify/Product/8573594861863;Pulseira Clássico De Ouro Branco 18K Com Ródio Negro E Safira;6;1;3;PU01314T;PU01314T;gid://shopify/ProductVariant/46336269943079;5.0;0.0;True;True
gid://shopify/ProductVariant/46336270631207;PU01081T;Default Title;2900.0;1850.0;6;gid://shopify/Product/8573595091239;Pulseira Clássico De Ouro Branco 18K E Safira;6;1;3;PU01081T;PU01081T;gid://shopify/ProductVariant/46336270631207;5.0;0.0;True;True
gid://shopify/ProductVariant/46336272269607;PU01422T;Default Title;2500.0;1500.0;5;gid://shopify/Product/8573595222311;Pulseira Clássico De Ouro Branco 18K E Safira;5;1;2;PU01422T;PU01422T;gid://shopify/ProductVariant/46336272269607;5.0;0.0;True;False
gid://shopify/ProductVariant/46336274202919;PU01074T;Default Title;2900.0;1850.0;7;gid://shopify/Product/8573595418919;Pulseira Clássico De Ouro Rosa 18K E Safira;7;1;3;PU01074T;PU01074T;gid://shopify/ProductVariant/46336274202919;5.0;0.0;True;True
gid://shopify/ProductVariant/46336276201767;PU01552T;Default Title;2900.0;1500.0;5;gid://shopify/Product/8573595549991;Pulseira Clássico De Ouro Rosa 18K E Safira;5;1;2;PU01552T;PU01552T;gid://shopify/ProductVariant/46336276201767;5.0;0.0;True;False
gid://shopify/ProductVariant/46336295665959;BR04856T;Default Title;1900.0;1100.0;7;gid://shopify/Product/8573597548839;Brinco Especial | Ouro Amarelo 18K E Esmeralda;7;1;2;BR04856T;BR04856T;gid://shopify/ProductVariant/46336295665959;5.0;0.0;True;True
gid://shopify/ProductVariant/46336296485159;BR04857T;Default Title;3500.0;1600.0;5;gid://shopify/Product/8573597647143;Brinco Especial De Ouro Amarelo 18K E Esmeralda;5;1;2;BR04857T;BR04857T;gid://shopify/ProductVariant/46336296485159;5.0;0.0;True;False
gid://shopify/ProductVariant/46336297926951;BR05616T;Default Title;1900.0;1100.0;5;gid://shopify/Product/8573597810983;Brinco Especial De Ouro Branco 18K Com Ródio Negro E Esmeralda;5;1;2;BR05616T;BR05616T;gid://shopify/ProductVariant/46336297926951;5.0;0.0;True;False
gid://shopify/ProductVariant/46336299598119;BR05879T;Default Title;23900.0;23900.0;0;gid://shopify/Product/8573598007591;Brinco Especial De Ouro Branco 18K Com Ródio Negro E Safira;0;1;1;BR05879T;BR05879T;gid://shopify/ProductVariant/46336299598119;0.0;0.0;False;False
gid://shopify/ProductVariant/46336304644391;BR04220T;Default Title;2900.0;2200.0;5;gid://shopify/Product/8573598564647;Brinco Especial De Ouro Branco 18K E Diamante Negro;5;1;1;BR04220T;BR04220T;gid://shopify/ProductVariant/46336304644391;5.0;0.0;True;False
gid://shopify/ProductVariant/46336306708775;BR04221T;Default Title;5900.0;5200.0;5;gid://shopify/Product/8573598794023;Brinco Especial De Ouro Branco 18K E Diamante Negro;5;1;1;BR04221T;BR04221T;gid://shopify/ProductVariant/46336306708775;5.0;0.0;True;False
gid://shopify/ProductVariant/46336308347175;BR04223T;Default Title;14500.0;12400.0;5;gid://shopify/Product/8573598957863;Brinco Especial De Ouro Branco 18K E Diamante Negro;5;1;0;BR04223T;BR04223T;gid://shopify/ProductVariant/46336308347175;5.0;0.0;True;False
gid://shopify/ProductVariant/46336311230759;BR06298T;Default Title;4500.0;3700.0;0;gid://shopify/Product/8573599351079;Brinco Especial De Ouro Branco 18K E Diamante Negro;0;1;0;BR06298T;BR06298T;gid://shopify/ProductVariant/46336311230759;0.0;0.0;False;False
gid://shopify/ProductVariant/46336405405991;BR05881T;Default Title;4700.0;4700.0;0;gid://shopify/Product/8573608624423;Brinco Especial De Ouro Amarelo 18K E Diamante Fancy;0;1;2;BR05881T;BR05881T;gid://shopify/ProductVariant/46336405405991;0.0;0.0;False;False
gid://shopify/ProductVariant/46336405995815;BR03449T;Default Title;2900.0;2000.0;6;gid://shopify/Product/8573608722727;Brinco Especial De Ouro Branco 18K E Diamante Solitário;6;1;3;BR03449T;BR03449T;gid://shopify/ProductVariant/46336405995815;5.0;0.0;True;True
gid://shopify/ProductVariant/46336406126887;BR05301T;Default Title;1900.0;1400.0;5;gid://shopify/Product/8573608788263;Brinco Especial De Ouro Branco 18K E Diamante Solitário;5;1;3;BR05301T;BR05301T;gid://shopify/ProductVariant/46336406126887;5.0;0.0;True;False
gid://shopify/ProductVariant/46336406159655;BR06039T;Default Title;6900.0;5900.0;6;gid://shopify/Product/8573608821031;Brinco Especial De Ouro Branco 18K E Diamante Solitário;6;1;3;BR06039T;BR06039T;gid://shopify/ProductVariant/46336406159655;5.0;0.0;True;True
gid://shopify/ProductVariant/46336406225191;BR06040T;Default Title;8900.0;;5;gid://shopify/Product/8573608853799;Brinco Especial De Ouro Branco 18K E Diamante Solitário;5;1;3;BR06040T;BR06040T;gid://shopify/ProductVariant/46336406225191;5.0;0.0;True;False
gid://shopify/ProductVariant/46336406257959;BR06041T;Default Title;12500.0;10500.0;5;gid://shopify/Product/8573608886567;Brinco Especial De Ouro Branco 18K E Diamante Solitário;5;1;3;BR06041T;BR06041T;gid://shopify/ProductVariant/46336406257959;5.0;0.0;True;False
gid://shopify/ProductVariant/46336406847783;BR06042T;Default Title;19500.0;16800.0;5;gid://shopify/Product/8573609017639;Brinco Especial De Ouro Branco 18K E Diamante Solitário;5;1;3;BR06042T;BR06042T;gid://shopify/ProductVariant/46336406847783;5.0;0.0;True;False
gid://shopify/ProductVariant/46336408060199;BR06111T;Default Title;1900.0;1400.0;5;gid://shopify/Product/8573609214247;Brinco Especial De Ouro Rosa 18K E Diamante Solitário;5;1;0;BR06111T;BR06111T;gid://shopify/ProductVariant/46336408060199;5.0;0.0;True;False
gid://shopify/ProductVariant/46336409796903;CL04441;Default Title;8900.0;5950.0;5;gid://shopify/Product/8573609476391;Colar Especial De Ouro Branco 18K E Diamante Solitário;5;1;2;CL04441;CL04441;gid://shopify/ProductVariant/46336409796903;5.0;0.0;True;False
gid://shopify/ProductVariant/46336411205927;CL04443;Default Title;12900.0;11000.0;5;gid://shopify/Product/8573609705767;Colar Especial De Ouro Branco 18K E Diamante Solitário;5;1;2;CL04443;CL04443;gid://shopify/ProductVariant/46336411205927;5.0;0.0;True;False
gid://shopify/ProductVariant/46336489128231;BR06258T;Default Title;21900.0;18000.0;0;gid://shopify/Product/8573617832231;Brinco Eterna Rock | Ouro Branco 18K com Morganita e Diamantes;0;1;1;BR06258T;BR06258T;gid://shopify/ProductVariant/46336489128231;0.0;0.0;False;False
gid://shopify/ProductVariant/46336529334567;BR02064T;Default Title;10500.0;8400.0;5;gid://shopify/Product/8573626286375;Brinco Galeria De Ouro Amarelo 18K;5;1;2;BR02064T;BR02064T;gid://shopify/ProductVariant/46336529334567;5.0;0.0;True;False
gid://shopify/ProductVariant/46336531333415;BR02005T;Default Title;19800.0;13900.0;5;gid://shopify/Product/8573626679591;Brinco Galeria De Ouro Branco 18K E Diamante;5;1;2;BR02005T;BR02005T;gid://shopify/ProductVariant/46336531333415;5.0;0.0;True;False
gid://shopify/ProductVariant/46336536477991;CL00331;P;5900.0;5200.0;7;gid://shopify/Product/8573628023079;Colar Algema De Ouro Amarelo 18K E Diamante - P;7;1;4;CL00331;CL00331;gid://shopify/ProductVariant/46336536477991;5.0;0.0;True;True
gid://shopify/ProductVariant/46336537592103;CO0866;M;6900.0;5700.0;6;gid://shopify/Product/8573628252455;Colar Algema De Ouro Amarelo 18K E Diamante - M;6;1;4;CO0866;CO0866;gid://shopify/ProductVariant/46336537592103;5.0;0.0;True;True
gid://shopify/ProductVariant/46336537854247;CL00098;M;5900.0;4800.0;6;gid://shopify/Product/8573628481831;Colar Algema De Ouro Branco 18K Com Ródio Negro E Diamante - M;6;1;3;CL00098;CL00098;gid://shopify/ProductVariant/46336537854247;5.0;0.0;True;True
gid://shopify/ProductVariant/46336540541223;CL00730;P;5500.0;4400.0;6;gid://shopify/Product/8573628940583;Colar Algema De Ouro Branco 18K Com Ródio Negro E Diamante - P;6;1;3;CL00730;CL00730;gid://shopify/ProductVariant/46336540541223;5.0;0.0;True;True
gid://shopify/ProductVariant/46336542605607;CL00332;P;5500.0;4400.0;7;gid://shopify/Product/8573629301031;Colar Algema De Ouro Branco 18K E Diamante - P;7;1;5;CL00332;CL00332;gid://shopify/ProductVariant/46336542605607;5.0;0.0;True;True
gid://shopify/ProductVariant/46336545063207;CO0857;M;6900.0;5700.0;5;gid://shopify/Product/8573629727015;Colar Algema De Ouro Branco 18K E Diamante - M;5;1;4;CO0857;CO0857;gid://shopify/ProductVariant/46336545063207;5.0;0.0;True;False
gid://shopify/ProductVariant/46336546799911;CL00330;P;5900.0;5200.0;7;gid://shopify/Product/8573629956391;Colar Algema De Ouro Rosa 18K E Diamante - P;7;1;4;CL00330;CL00330;gid://shopify/ProductVariant/46336546799911;5.0;0.0;True;True
gid://shopify/ProductVariant/46336548995367;PU01335T;P;4500.0;3700.0;6;gid://shopify/Product/8573630185767;Pulseira Algeminha De Ouro Amarelo 18K E Diamante - P;6;1;4;PU01335T;PU01335T;gid://shopify/ProductVariant/46336548995367;5.0;0.0;True;True
gid://shopify/ProductVariant/46336549552423;PU01336T;P;4500.0;3700.0;6;gid://shopify/Product/8573630251303;Pulseira Algeminha De Ouro Branco 18K Com Ródio Negro E Diamante - P;6;1;3;PU01336T;PU01336T;gid://shopify/ProductVariant/46336549552423;5.0;0.0;True;True
gid://shopify/ProductVariant/46336551715111;PU01333T;P;4500.0;3700.0;5;gid://shopify/Product/8573630546215;Pulseira Algeminha De Ouro Branco 18K E Diamante - P;5;1;3;PU01333T;PU01333T;gid://shopify/ProductVariant/46336551715111;5.0;0.0;True;False
gid://shopify/ProductVariant/46336553550119;PU01334T;P;4500.0;3700.0;7;gid://shopify/Product/8573630939431;Pulseira Algeminha De Ouro Rosa 18K E Diamante - P;7;1;4;PU01334T;PU01334T;gid://shopify/ProductVariant/46336553550119;5.0;0.0;True;True
gid://shopify/ProductVariant/46336572752167;BR04304T;Default Title;5500.0;3200.0;6;gid://shopify/Product/8573634642215;Brinco First Diamond De Ouro Branco 18K Com Ródio Negro E Diamante;6;1;4;BR04304T;BR04304T;gid://shopify/ProductVariant/46336572752167;5.0;0.0;True;True
gid://shopify/ProductVariant/46336573538599;BR04305T;Default Title;5500.0;3200.0;5;gid://shopify/Product/8573635100967;Brinco First Diamond De Ouro Rosa 18K E Diamante;5;1;4;BR04305T;BR04305T;gid://shopify/ProductVariant/46336573538599;5.0;0.0;True;False
gid://shopify/ProductVariant/46336573833511;CL01285;Default Title;8900.0;5500.0;6;gid://shopify/Product/8573635428647;Colar First Diamond De Ouro Branco 18K Com Ródio Negro E Diamante;6;1;5;CL01285;CL01285;gid://shopify/ProductVariant/46336573833511;5.0;0.0;True;True
gid://shopify/ProductVariant/46336574161191;CL01286;Default Title;8900.0;5500.0;5;gid://shopify/Product/8573635723559;Colar First Diamond De Ouro Rosa 18K E Diamante;5;1;4;CL01286;CL01286;gid://shopify/ProductVariant/46336574161191;5.0;0.0;True;False
gid://shopify/ProductVariant/46336588054823;PI01064;Default Title;2800.0;1900.0;5;gid://shopify/Product/8573637853479;Pingente Pequeno De Ouro Amarelo 18K E Diamante;5;1;3;PI01064;PI01064;gid://shopify/ProductVariant/46336588054823;5.0;0.0;True;False
gid://shopify/ProductVariant/46336590315815;PI01065;Default Title;2400.0;1650.0;7;gid://shopify/Product/8573638148391;Pingente Pequeno De Ouro Amarelo 18K E Diamante;7;1;3;PI01065;PI01065;gid://shopify/ProductVariant/46336590315815;5.0;0.0;True;True
gid://shopify/ProductVariant/46336592675111;PI01066;Default Title;2800.0;1900.0;5;gid://shopify/Product/8573638541607;Pingente Pequeno De Ouro Branco 18K Com Ródio Negro E Diamante;5;1;3;PI01066;PI01066;gid://shopify/ProductVariant/46336592675111;5.0;0.0;True;False
gid://shopify/ProductVariant/46336594510119;PI01067;Default Title;2400.0;1650.0;5;gid://shopify/Product/8573638902055;Pingente Pequeno De Ouro Branco 18K Com Ródio Negro E Diamante;5;1;3;PI01067;PI01067;gid://shopify/ProductVariant/46336594510119;5.0;0.0;True;False
gid://shopify/ProductVariant/46336597393703;PI01062;Default Title;2800.0;1900.0;6;gid://shopify/Product/8573639262503;Pingente Pequeno De Ouro Branco 18K E Diamante;6;1;3;PI01062;PI01062;gid://shopify/ProductVariant/46336597393703;5.0;0.0;True;True
gid://shopify/ProductVariant/46336599720231;PI01063;Default Title;2400.0;1650.0;9;gid://shopify/Product/8573639622951;Pingente Pequeno De Ouro Branco 18K E Diamante;9;1;3;PI01063;PI01063;gid://shopify/ProductVariant/46336599720231;5.0;0.0;True;True
gid://shopify/ProductVariant/46336613384487;BR05791T;Default Title;2200.0;2200.0;5;gid://shopify/Product/8573641785639;Brinco Protea De Prata Com Ouro Rosa;5;1;4;BR05791T;BR05791T;gid://shopify/ProductVariant/46336613384487;0.0;5.0;True;False
gid://shopify/ProductVariant/46336643760423;BR06120T;P;4700.0;4200.0;8;gid://shopify/Product/8573647487271;Brinco Leopardo De Prata Com Ouro Amarelo - P;8;1;5;BR06120T;BR06120T;gid://shopify/ProductVariant/46336643760423;0.0;5.0;True;True
gid://shopify/ProductVariant/46336645759271;BR06121T;M;5400.0;4900.0;5;gid://shopify/Product/8573648044327;Brinco Leopardo De Prata Com Ouro Amarelo - M;5;1;5;BR06121T;BR06121T;gid://shopify/ProductVariant/46336645759271;0.0;5.0;True;False
gid://shopify/ProductVariant/46336646086951;BR06122T;G;5900.0;5400.0;7;gid://shopify/Product/8573648372007;Brinco Leopardo De Prata Com Ouro Amarelo - G;7;1;5;BR06122T;BR06122T;gid://shopify/ProductVariant/46336646086951;0.0;5.0;True;True
gid://shopify/ProductVariant/46336646447399;CL04480;M;7800.0;7800.0;5;gid://shopify/Product/8573648732455;Colar Leopardo De Prata Com Ouro Amarelo - Maxi;5;1;5;CL04480;CL04480;gid://shopify/ProductVariant/46336646447399;0.0;5.0;True;False
gid://shopify/ProductVariant/46336653000999;BR04822T;Default Title;32500.0;17800.0;8;gid://shopify/Product/8573650043175;Brinco Love Ny De Ouro Amarelo 18K E Diamante;8;1;3;BR04822T;BR04822T;gid://shopify/ProductVariant/46336653000999;5.0;0.0;True;True
gid://shopify/ProductVariant/46336654967079;BR04824T;Default Title;16500.0;10500.0;6;gid://shopify/Product/8573650239783;Brinco Ear Cuff Love Ny | Ouro Amarelo 18K;6;1;3;BR04824T;BR04824T;gid://shopify/ProductVariant/46336654967079;5.0;0.0;True;True
gid://shopify/ProductVariant/46336656113959;BR04833T;Default Title;28900.0;21000.0;5;gid://shopify/Product/8573650436391;Brinco Ear Cuff Love Ny | Ouro Amarelo 18K;5;1;3;BR04833T;BR04833T;gid://shopify/ProductVariant/46336656113959;5.0;0.0;True;False
gid://shopify/ProductVariant/46336657981735;BR04845T;Default Title;18900.0;14500.0;5;gid://shopify/Product/8573650796839;Brinco Love Ny De Ouro Amarelo 18K E Diamante;5;1;3;BR04845T;BR04845T;gid://shopify/ProductVariant/46336657981735;5.0;0.0;True;False
gid://shopify/ProductVariant/46336660963623;BR04820T;Default Title;21900.0;16000.0;5;gid://shopify/Product/8573651681575;Brinco Love Ny De Ouro Branco 18K E Diamante;5;1;3;BR04820T;BR04820T;gid://shopify/ProductVariant/46336660963623;5.0;0.0;True;False
gid://shopify/ProductVariant/46336662864167;BR04847T;Default Title;44900.0;28000.0;5;gid://shopify/Product/8573652107559;Brinco Love Ny De Ouro Branco 18K E Diamante;5;1;3;BR04847T;BR04847T;gid://shopify/ProductVariant/46336662864167;5.0;0.0;True;False
gid://shopify/ProductVariant/46336664207655;BR04850T;Default Title;18500.0;13000.0;5;gid://shopify/Product/8573652500775;Brinco Love Ny De Ouro Branco 18K E Diamante;5;1;3;BR04850T;BR04850T;gid://shopify/ProductVariant/46336664207655;5.0;0.0;True;False
gid://shopify/ProductVariant/46336666075431;BR04852T;Default Title;31500.0;23000.0;6;gid://shopify/Product/8573652861223;Brinco Ear Cuff Love Ny | Ouro Branco 18K E Diamantes;6;1;3;BR04852T;BR04852T;gid://shopify/ProductVariant/46336666075431;5.0;0.0;True;True
gid://shopify/ProductVariant/46336667812135;CL03693;Default Title;40500.0;35000.0;5;gid://shopify/Product/8573653123367;Colar Love Ny De Ouro Amarelo 18K;5;1;3;CL03693;CL03693;gid://shopify/ProductVariant/46336667812135;5.0;0.0;True;False
gid://shopify/ProductVariant/46336673612071;CL03712;Default Title;58900.0;51000.0;5;gid://shopify/Product/8573654499623;Colar Love NY De Ouro Branco 18K E Diamante;5;1;3;CL03712;CL03712;gid://shopify/ProductVariant/46336673612071;5.0;0.0;True;False
gid://shopify/ProductVariant/46336675283239;CL03716;M;23000.0;22000.0;5;gid://shopify/Product/8573654860071;Colar Love NY De Ouro Branco 18K E Diamante;15;3;2;CL03716;CL03716;gid://shopify/ProductVariant/46336675283239;5.0;0.0;True;False
gid://shopify/ProductVariant/46355364610343;BR05260T;Default Title;9900.0;6900.0;5;gid://shopify/Product/8577717993767;Brinco Lifestyle De Ouro Amarelo 18K;5;1;2;BR05260T;BR05260T;gid://shopify/ProductVariant/46355364610343;5.0;0.0;True;False
gid://shopify/ProductVariant/46355364708647;BR05269T;P;17500.0;17500.0;0;gid://shopify/Product/8577718092071;Brinco Argola Style - P | Ouro Amarelo 18K;0;1;2;BR05269T;BR05269T;gid://shopify/ProductVariant/46355364708647;0.0;0.0;False;False
gid://shopify/ProductVariant/46355364806951;BR05271T;Default Title;13500.0;9500.0;6;gid://shopify/Product/8577718190375;Brinco Lifestyle De Ouro Amarelo 18K;6;1;2;BR05271T;BR05271T;gid://shopify/ProductVariant/46355364806951;5.0;0.0;True;True
gid://shopify/ProductVariant/46355365134631;BR05254T;Default Title;16500.0;12100.0;6;gid://shopify/Product/8577718288679;Brinco Lifestyle De Ouro Branco 18K Com Ródio Negro E Diamante Negro;6;1;2;BR05254T;BR05254T;gid://shopify/ProductVariant/46355365134631;5.0;0.0;True;True
gid://shopify/ProductVariant/46355365364007;BR05258T;Default Title;17500.0;10500.0;5;gid://shopify/Product/8577718681895;Brinco Lifestyle De Ouro Branco 18K Com Ródio Negro E Diamante E Esmeralda;5;1;2;BR05258T;BR05258T;gid://shopify/ProductVariant/46355365364007;5.0;0.0;True;False
gid://shopify/ProductVariant/46355366117671;BR05262T;Default Title;12900.0;8700.0;5;gid://shopify/Product/8577719206183;Brinco Lifestyle De Ouro Branco 18K Com Ródio Negro E Diamante;5;1;2;BR05262T;BR05262T;gid://shopify/ProductVariant/46355366117671;5.0;0.0;True;False
gid://shopify/ProductVariant/46355366936871;BR05272T;Default Title;17900.0;12500.0;5;gid://shopify/Product/8577719533863;Brinco Lifestyle De Ouro Branco 18K Com Ródio Negro E Diamante;5;1;2;BR05272T;BR05272T;gid://shopify/ProductVariant/46355366936871;5.0;0.0;True;False
gid://shopify/ProductVariant/46355367067943;BR05392T;Default Title;11900.0;9250.0;5;gid://shopify/Product/8577719632167;Brinco Lifestyle De Ouro Branco 18K Com Ródio Negro E Diamante Negro;5;1;2;BR05392T;BR05392T;gid://shopify/ProductVariant/46355367067943;5.0;0.0;True;False
gid://shopify/ProductVariant/46355367100711;BR05240T;Default Title;19900.0;15500.0;5;gid://shopify/Product/8577719664935;Brinco Lifestyle De Ouro Branco 18K E Diamante;5;1;2;BR05240T;BR05240T;gid://shopify/ProductVariant/46355367100711;5.0;0.0;True;False
gid://shopify/ProductVariant/46355367166247;BR05249T;Default Title;51900.0;36000.0;5;gid://shopify/Product/8577719730471;Brinco Lifestyle De Ouro Branco 18K E Diamante;5;1;2;BR05249T;BR05249T;gid://shopify/ProductVariant/46355367166247;5.0;0.0;True;False
gid://shopify/ProductVariant/46355367297319;BR05259T;P;31900.0;24000.0;5;gid://shopify/Product/8577719861543;Brinco Lifestyle De Ouro Branco 18K E Diamante - P;5;1;2;BR05259T;BR05259T;gid://shopify/ProductVariant/46355367297319;5.0;0.0;True;False
gid://shopify/ProductVariant/46355367330087;BR05261T;Default Title;13900.0;9900.0;5;gid://shopify/Product/8577719894311;Brinco Lifestyle De Ouro Branco 18K E Diamante;5;1;2;BR05261T;BR05261T;gid://shopify/ProductVariant/46355367330087;5.0;0.0;True;False
gid://shopify/ProductVariant/46355368444199;BR05280T;Default Title;2900.0;2600.0;1;gid://shopify/Product/8577720287527;Piercing Lifestyle De Ouro Branco 18K Com Ródio Negro E Diamante;1;1;2;BR05280T;BR05280T;gid://shopify/ProductVariant/46355368444199;0.0;0.0;False;True
gid://shopify/ProductVariant/46355368509735;BR05283T;Default Title;2900.0;2550.0;4;gid://shopify/Product/8577720353063;Piercing Lifestyle De Ouro Branco 18K Com Ródio Negro E Diamante;4;1;2;BR05283T;BR05283T;gid://shopify/ProductVariant/46355368509735;0.0;0.0;False;True
gid://shopify/ProductVariant/46355368542503;BR05300T;Default Title;4900.0;4900.0;3;gid://shopify/Product/8577720385831;Piercing Lifestyle De Ouro Branco 18K Com Ródio Negro E Diamante;3;1;2;BR05300T;BR05300T;gid://shopify/ProductVariant/46355368542503;0.0;0.0;False;True
gid://shopify/ProductVariant/46355369034023;BR05279T;Default Title;3900.0;3100.0;0;gid://shopify/Product/8577720615207;Piercing Lifestyle De Ouro Branco 18K E Diamante;0;1;2;BR05279T;BR05279T;gid://shopify/ProductVariant/46355369034023;0.0;0.0;False;False
gid://shopify/ProductVariant/46355369165095;BR05282T;Default Title;3200.0;3200.0;1;gid://shopify/Product/8577720746279;Piercing Lifestyle De Ouro Branco 18K E Diamante;1;1;2;BR05282T;BR05282T;gid://shopify/ProductVariant/46355369165095;0.0;0.0;False;True
gid://shopify/ProductVariant/46355369230631;BR05299T;Default Title;5900.0;5900.0;0;gid://shopify/Product/8577720811815;Piercing Lifestyle De Ouro Branco 18K E Diamante;0;1;2;BR05299T;BR05299T;gid://shopify/ProductVariant/46355369230631;0.0;0.0;False;False
gid://shopify/ProductVariant/46355369361703;PU01768T;Default Title;18000.0;18000.0;0;gid://shopify/Product/8577720942887;Pulseira Lifestyle De Ouro Branco 18K Com Ródio Negro E Diamante;0;1;2;PU01768T;PU01768T;gid://shopify/ProductVariant/46355369361703;0.0;0.0;False;False
gid://shopify/ProductVariant/46355369427239;PU01767T;Default Title;25500.0;25500.0;1;gid://shopify/Product/8577721008423;Pulseira Line | Ouro Branco 18K com Diamante;1;1;2;PU01767T;PU01767T;gid://shopify/ProductVariant/46355369427239;0.0;0.0;False;True
gid://shopify/ProductVariant/46355371557159;BR04415T;Default Title;20500.0;17400.0;5;gid://shopify/Product/8577722253607;Brinco Orquidea De Ouro Branco 18K E Diamante;5;1;2;BR04415T;BR04415T;gid://shopify/ProductVariant/46355371557159;5.0;0.0;True;False
gid://shopify/ProductVariant/46355371753767;BR04382T;Default Title;2200.0;2200.0;5;gid://shopify/Product/8577722450215;Brinco Orquidea De Prata Com Ouro Rosa E Diamante;5;1;2;BR04382T;BR04382T;gid://shopify/ProductVariant/46355371753767;0.0;5.0;True;False
gid://shopify/ProductVariant/46355371852071;BR04385T;Default Title;4200.0;4200.0;5;gid://shopify/Product/8577722548519;Brinco Orquidea De Prata Com Ouro Rosa E Diamante;5;1;2;BR04385T;BR04385T;gid://shopify/ProductVariant/46355371852071;0.0;5.0;True;False
gid://shopify/ProductVariant/46355373031719;PU01661T;M;4850.0;4850.0;5;gid://shopify/Product/8577723072807;Pulseira Orquidea De Prata Com Ouro Rosa E Diamante;15;3;2;PU01661T;PU01661T;gid://shopify/ProductVariant/46355373031719;0.0;5.0;True;False
gid://shopify/ProductVariant/46355391807783;BR05443T;Default Title;1900.0;1700.0;5;gid://shopify/Product/8577728413991;Brinco Piscine De Ouro Amarelo 18K - Unitário;5;1;2;BR05443T;BR05443T;gid://shopify/ProductVariant/46355391807783;5.0;0.0;True;False
gid://shopify/ProductVariant/46355392069927;BR05444T;Default Title;2500.0;1800.0;6;gid://shopify/Product/8577728512295;Brinco Piscine De Ouro Amarelo 18K - Unitário;6;1;2;BR05444T;BR05444T;gid://shopify/ProductVariant/46355392069927;5.0;0.0;True;True
gid://shopify/ProductVariant/46355392168231;BR05449T;Default Title;6500.0;4500.0;6;gid://shopify/Product/8577728643367;Brinco Ear Cuff Piscine | Ouro Branco 18K Com Ródio Negro E Diamantes;6;1;2;BR05449T;BR05449T;gid://shopify/ProductVariant/46355392168231;5.0;0.0;True;True
gid://shopify/ProductVariant/46355392495911;BR05451T;Default Title;2900.0;2200.0;5;gid://shopify/Product/8577728905511;Brinco Piscine De Ouro Branco 18K Com Ródio Negro E Diamante - Unitário;5;1;2;BR05451T;BR05451T;gid://shopify/ProductVariant/46355392495911;5.0;0.0;True;False
gid://shopify/ProductVariant/46355393642791;BR05453T;Default Title;2900.0;2300.0;7;gid://shopify/Product/8577729102119;Brinco Piscine De Ouro Branco 18K Com Ródio Negro E Diamante - Unitário;7;1;2;BR05453T;BR05453T;gid://shopify/ProductVariant/46355393642791;5.0;0.0;True;True
gid://shopify/ProductVariant/46355393970471;BR05448T;Default Title;7900.0;5400.0;5;gid://shopify/Product/8577729200423;Brinco Ear Cuff Piscine | Ouro Branco 18K E Diamantes;5;1;2;BR05448T;BR05448T;gid://shopify/ProductVariant/46355393970471;5.0;0.0;True;False
gid://shopify/ProductVariant/46355394134311;BR05450T;Default Title;3500.0;3500.0;7;gid://shopify/Product/8577729364263;Brinco Piscine De Ouro Branco 18K E Diamante - Unitário;7;1;2;BR05450T;BR05450T;gid://shopify/ProductVariant/46355394134311;5.0;0.0;True;True
gid://shopify/ProductVariant/46355394232615;BR05452T;Default Title;3500.0;2700.0;7;gid://shopify/Product/8577729462567;Brinco Piscine De Ouro Branco 18K E Diamante - Unitário;7;1;2;BR05452T;BR05452T;gid://shopify/ProductVariant/46355394232615;5.0;0.0;True;True
gid://shopify/ProductVariant/46355394429223;CL04197;Default Title;7900.0;5900.0;5;gid://shopify/Product/8577729659175;Colar Piscine De Ouro Amarelo 18K;5;1;2;CL04197;CL04197;gid://shopify/ProductVariant/46355394429223;5.0;0.0;True;False
gid://shopify/ProductVariant/46355394789671;CL04198;Default Title;9500.0;6300.0;7;gid://shopify/Product/8577730019623;Colar Piscine De Ouro Branco 18K E Diamante;7;1;2;CL04198;CL04198;gid://shopify/ProductVariant/46355394789671;5.0;0.0;True;True
gid://shopify/ProductVariant/46355394920743;PU01808T;Default Title;2500.0;1700.0;5;gid://shopify/Product/8577730150695;Pulseira Piscine De Ouro Amarelo 18K;5;1;3;PU01808T;PU01808T;gid://shopify/ProductVariant/46355394920743;5.0;0.0;True;False
gid://shopify/ProductVariant/46355414057255;CL04575;Default Title;48000.0;48000.0;0;gid://shopify/Product/8577737654567;Colar Pura De Ouro Branco 18K Com Ródio Negro E Esmeralda;0;1;1;CL04575;CL04575;gid://shopify/ProductVariant/46355414057255;0.0;0.0;False;False
gid://shopify/ProductVariant/46355414450471;BR03453T;Default Title;7500.0;3800.0;5;gid://shopify/Product/8577738015015;Brinco Tlj De Ouro Amarelo 18K E Diamante;5;1;1;BR03453T;BR03453T;gid://shopify/ProductVariant/46355414450471;5.0;0.0;True;False
gid://shopify/ProductVariant/46355414614311;BR02140T;Default Title;7500.0;3800.0;5;gid://shopify/Product/8577738178855;Brinco Tlj De Ouro Branco 18K E Diamante;5;1;2;BR02140T;BR02140T;gid://shopify/ProductVariant/46355414614311;5.0;0.0;True;False
gid://shopify/ProductVariant/46355414712615;BR01992T;Default Title;7500.0;3800.0;5;gid://shopify/Product/8577738277159;Brinco Tlj De Ouro Rosa 18K E Diamante;5;1;1;BR01992T;BR01992T;gid://shopify/ProductVariant/46355414712615;5.0;0.0;True;False
gid://shopify/ProductVariant/46355414941991;CL01040;Default Title;6500.0;4200.0;5;gid://shopify/Product/8577738506535;Colar Tlj De Ouro Amarelo 18K E Diamante;5;1;3;CL01040;CL01040;gid://shopify/ProductVariant/46355414941991;5.0;0.0;True;False
gid://shopify/ProductVariant/46355415236903;CO0993;Default Title;6500.0;4200.0;8;gid://shopify/Product/8577738801447;Colar Tlj De Ouro Rosa 18K E Diamante;8;1;2;CO0993;CO0993;gid://shopify/ProductVariant/46355415236903;5.0;0.0;True;True
gid://shopify/ProductVariant/46355437158695;BR05031T;Default Title;3300.0;3300.0;7;gid://shopify/Product/8577746141479;Brinco Riviera De Prata Com Ouro Amarelo;7;1;4;BR05031T;BR05031T;gid://shopify/ProductVariant/46355437158695;0.0;5.0;True;True
gid://shopify/ProductVariant/46355437289767;BR05033T;Default Title;2900.0;2900.0;7;gid://shopify/Product/8577746272551;Brinco Riviera De Prata Com Ouro Amarelo;7;1;4;BR05033T;BR05033T;gid://shopify/ProductVariant/46355437289767;0.0;5.0;True;True
gid://shopify/ProductVariant/46355448398119;BR06522T;Default Title;220000.0;220000.0;0;gid://shopify/Product/8577749844263;Brinco Vita Eterna | Ouro Amarelo e Branco 18K com Diamantes e Esmeraldas;0;1;1;BR06522T;BR06522T;gid://shopify/ProductVariant/46355448398119;0.0;0.0;False;False
gid://shopify/ProductVariant/46355448955175;BR06452T;P;12900.0;8200.0;6;gid://shopify/Product/8577750237479;Piercing Savage De Ouro Branco 18K E Diamante - P;6;1;1;BR06452T;BR06452T;gid://shopify/ProductVariant/46355448955175;5.0;0.0;True;True
gid://shopify/ProductVariant/46355449151783;BR06454T;M;13900.0;10800.0;5;gid://shopify/Product/8577750368551;Piercing Savage De Ouro Branco 18K E Diamante - M;5;1;1;BR06454T;BR06454T;gid://shopify/ProductVariant/46355449151783;5.0;0.0;True;False
gid://shopify/ProductVariant/46355450167591;BR04907T;Default Title;25400.0;25400.0;0;gid://shopify/Product/8577750892839;Brinco Voyeur De Ouro Branco 18K Com Ródio Negro E Diamante;0;1;3;BR04907T;BR04907T;gid://shopify/ProductVariant/46355450167591;0.0;0.0;False;False
gid://shopify/ProductVariant/46355450396967;BR04910T;Default Title;12500.0;12500.0;0;gid://shopify/Product/8577751122215;Brinco Voyeur De Ouro Branco 18K Com Ródio Negro E Diamante;0;1;2;BR04910T;BR04910T;gid://shopify/ProductVariant/46355450396967;0.0;0.0;False;False
gid://shopify/ProductVariant/46355451609383;BR04911T;Default Title;6400.0;6400.0;0;gid://shopify/Product/8577751187751;Brinco Voyeur De Ouro Branco 18K Com Ródio Negro E Diamante Negro - Unitário;0;1;3;BR04911T;BR04911T;gid://shopify/ProductVariant/46355451609383;0.0;0.0;False;False
gid://shopify/ProductVariant/46355451707687;BR04914T;Default Title;36000.0;31000.0;0;gid://shopify/Product/8577751286055;Brinco Ear Cuff Voyeur | Ouro Branco 18K Com Ródio Negro E Diamantes;0;1;4;BR04914T;BR04914T;gid://shopify/ProductVariant/46355451707687;0.0;0.0;False;False
gid://shopify/ProductVariant/46355451805991;BR04915T;Default Title;19900.0;17000.0;5;gid://shopify/Product/8577751384359;Brinco Ear Cuff Voyeur | Ouro Branco 18K Com Ródio Negro E Diamantes Negros;5;1;4;BR04915T;BR04915T;gid://shopify/ProductVariant/46355451805991;5.0;0.0;True;False
gid://shopify/ProductVariant/46355451937063;BR04917T;Default Title;85000.0;76000.0;0;gid://shopify/Product/8577751515431;Brinco Voyeur De Ouro Branco 18K Com Ródio Negro E Diamante;0;1;2;BR04917T;BR04917T;gid://shopify/ProductVariant/46355451937063;0.0;0.0;False;False
gid://shopify/ProductVariant/46355452002599;BR04918T;Default Title;48500.0;37000.0;5;gid://shopify/Product/8577751580967;Brinco Voyeur De Ouro Branco 18K Com Ródio Negro E Diamante Negro;5;1;3;BR04918T;BR04918T;gid://shopify/ProductVariant/46355452002599;5.0;0.0;True;False
gid://shopify/ProductVariant/46355452166439;BR04924T;Default Title;33000.0;28000.0;0;gid://shopify/Product/8577751744807;Brinco Voyeur De Ouro Branco 18K Com Ródio Negro E Diamante E Safira;0;1;4;BR04924T;BR04924T;gid://shopify/ProductVariant/46355452166439;0.0;0.0;False;False
gid://shopify/ProductVariant/46355452264743;BR04925T;Default Title;37900.0;28000.0;0;gid://shopify/Product/8577751843111;Brinco Voyeur De Ouro Branco 18K Com Ródio Negro E Diamante E Esmeralda;0;1;3;BR04925T;BR04925T;gid://shopify/ProductVariant/46355452264743;0.0;0.0;False;False
gid://shopify/ProductVariant/46355452363047;BR04913T;Default Title;56500.0;39000.0;5;gid://shopify/Product/8577751941415;Brinco Ear Cuff Voyeur | Ouro Branco 18K E Diamantes;5;1;4;BR04913T;BR04913T;gid://shopify/ProductVariant/46355452363047;5.0;0.0;True;False
gid://shopify/ProductVariant/46355452625191;BR04916T;Default Title;149000.0;99000.0;5;gid://shopify/Product/8577752105255;Brinco Voyeur De Ouro Branco 18K E Diamante;5;1;2;BR04916T;BR04916T;gid://shopify/ProductVariant/46355452625191;5.0;0.0;True;False
gid://shopify/ProductVariant/46355452690727;BR04922T;Default Title;44900.0;39000.0;5;gid://shopify/Product/8577752170791;Brinco Ear Cuff Voyeur | Ouro Branco 18K com Diamantes E Safira;5;1;4;BR04922T;BR04922T;gid://shopify/ProductVariant/46355452690727;5.0;0.0;True;False
gid://shopify/ProductVariant/46355452821799;BR04923T;Default Title;44900.0;39000.0;5;gid://shopify/Product/8577752301863;Brinco Ear Cuff Voyeur | Ouro Branco 18K com Diamantes E Esmeralda;5;1;4;BR04923T;BR04923T;gid://shopify/ProductVariant/46355452821799;5.0;0.0;True;False
gid://shopify/ProductVariant/46355453640999;CL03837;Default Title;57000.0;57000.0;0;gid://shopify/Product/8577752400167;Colar Voyeur De Ouro Branco 18K Com Ródio Negro E Diamante;0;1;3;CL03837;CL03837;gid://shopify/ProductVariant/46355453640999;0.0;0.0;False;False
gid://shopify/ProductVariant/46355453772071;CL03838;Default Title;35900.0;31000.0;5;gid://shopify/Product/8577752531239;Colar Voyeur De Ouro Branco 18K Com Ródio Negro E Diamante Negro;5;1;2;CL03838;CL03838;gid://shopify/ProductVariant/46355453772071;5.0;0.0;True;False
gid://shopify/ProductVariant/46355454099751;CL03832;Default Title;94500.0;67000.0;5;gid://shopify/Product/8577752695079;Colar Voyeur De Ouro Branco 18K E Diamante;5;1;3;CL03832;CL03832;gid://shopify/ProductVariant/46355454099751;5.0;0.0;True;False
gid://shopify/ProductVariant/46355454165287;BR04920T;Default Title;5500.0;3900.0;5;gid://shopify/Product/8577752760615;Piercing Voyeur De Ouro Branco 18K Com Ródio Negro E Esmeralda;5;1;3;BR04920T;BR04920T;gid://shopify/ProductVariant/46355454165287;5.0;0.0;True;False
gid://shopify/ProductVariant/46355454394663;PU01704T;M;29000.0;29000.0;0;gid://shopify/Product/8577752891687;Pulseira Voyeur De Ouro Branco 18K Com Ródio Negro E Diamante - M;0;1;3;PU01704T;PU01704T;gid://shopify/ProductVariant/46355454394663;0.0;0.0;False;False
gid://shopify/ProductVariant/46355455148327;PU01705T;M;21900.0;19000.0;5;gid://shopify/Product/8577752989991;Pulseira Voyeur De Ouro Branco 18K Com Ródio Negro E Diamante Negro - M;5;1;3;PU01705T;PU01705T;gid://shopify/ProductVariant/46355455148327;5.0;0.0;True;False
gid://shopify/ProductVariant/46355473727783;BR03065T;Default Title;13900.0;10400.0;6;gid://shopify/Product/8577761902887;Brinco Ear Cuff Universo | Ouro Branco 18K Com Ródio Negro E Safiras;6;1;3;BR03065T;BR03065T;gid://shopify/ProductVariant/46355473727783;5.0;0.0;True;True
gid://shopify/ProductVariant/46355477070119;BR03066T;Default Title;17500.0;13900.0;10;gid://shopify/Product/8577761968423;Brinco Ear Cuff Universo | Ouro Branco 18K Com Ródio Negro E Esmeraldas;10;1;3;BR03066T;BR03066T;gid://shopify/ProductVariant/46355477070119;5.0;0.0;True;True
gid://shopify/ProductVariant/46355477201191;BR03067T;Default Title;13900.0;10400.0;5;gid://shopify/Product/8577762099495;Brinco Ear Cuff Universo | Ouro Branco 18K Com Ródio Negro E Rubis;5;1;3;BR03067T;BR03067T;gid://shopify/ProductVariant/46355477201191;5.0;0.0;True;False
gid://shopify/ProductVariant/46355477397799;BR03071T;Default Title;33500.0;24000.0;5;gid://shopify/Product/8577762230567;Brinco Ear Cuff Universo| Ouro Branco 18K Com Ródio Negro E Diamantes Negros;5;1;3;BR03071T;BR03071T;gid://shopify/ProductVariant/46355477397799;5.0;0.0;True;False
gid://shopify/ProductVariant/46355477528871;BR03110T;Default Title;10500.0;7900.0;5;gid://shopify/Product/8577762361639;Brinco Ear Cuff Universo | Ouro Branco 18K Com Ródio Negro E Diamantes Negros;5;1;3;BR03110T;BR03110T;gid://shopify/ProductVariant/46355477528871;5.0;0.0;True;False
gid://shopify/ProductVariant/46355477594407;BR03150T;Default Title;35900.0;26000.0;6;gid://shopify/Product/8577762427175;Brinco Ear Cuff Universo | Ouro Branco 18K Com Ródio Negro E Diamantes;6;1;3;BR03150T;BR03150T;gid://shopify/ProductVariant/46355477594407;5.0;0.0;True;True
gid://shopify/ProductVariant/46355477823783;BR05002T;Default Title;33500.0;21000.0;6;gid://shopify/Product/8577762656551;Brinco Ear Cuff Universo | Ouro Branco 18K Com Ródio Negro E Diamantes;6;1;2;BR05002T;BR05002T;gid://shopify/ProductVariant/46355477823783;5.0;0.0;True;True
gid://shopify/ProductVariant/46355477922087;BR03063T;Default Title;25500.0;17700.0;5;gid://shopify/Product/8577762754855;Brinco Ear Cuff Universo | Ouro Branco 18K E Diamantes;5;1;3;BR03063T;BR03063T;gid://shopify/ProductVariant/46355477922087;5.0;0.0;True;False
gid://shopify/ProductVariant/46355478053159;BR03070T;Default Title;69000.0;48000.0;5;gid://shopify/Product/8577762885927;Brinco Ear Cuff Universo | Ouro Branco 18K E Diamantes;5;1;3;BR03070T;BR03070T;gid://shopify/ProductVariant/46355478053159;5.0;0.0;True;False
gid://shopify/ProductVariant/46355478184231;BR04906T;Default Title;42900.0;33000.0;7;gid://shopify/Product/8577763016999;Brinco Ear Cuff Universo | Ouro Branco 18K E Diamantes;7;1;3;BR04906T;BR04906T;gid://shopify/ProductVariant/46355478184231;5.0;0.0;True;True
gid://shopify/ProductVariant/46355489784103;BR05598T;Default Title;1250.0;1250.0;2;gid://shopify/Product/8577767112999;Brinco White Chain - Unitário | Prata Com Ouro Branco 18k;2;1;3;BR05598T;BR05598T;gid://shopify/ProductVariant/46355489784103;0.0;0.0;False;True
gid://shopify/ProductVariant/46355490537767;BR05599T;Default Title;980.0;980.0;0;gid://shopify/Product/8577767375143;Brinco White Chain | Prata Com Ouro Branco 18k;0;1;3;BR05599T;BR05599T;gid://shopify/ProductVariant/46355490537767;0.0;0.0;False;False
gid://shopify/ProductVariant/46355491062055;CL04260;G;8500.0;8500.0;0;gid://shopify/Product/8577767571751;Colar White Chain - G | Prata Com Ouro Branco 18K;0;1;3;CL04260;CL04260;gid://shopify/ProductVariant/46355491062055;0.0;0.0;False;False
gid://shopify/ProductVariant/46355491979559;BR06049T;P;7200.0;7200.0;0;gid://shopify/Product/8577768292647;Brinco We Love Sapphire De Ouro Amarelo 18K E Safira - P;0;1;4;BR06049T;BR06049T;gid://shopify/ProductVariant/46355491979559;0.0;0.0;False;False
gid://shopify/ProductVariant/46355492077863;BR06050T;G;16700.0;14500.0;0;gid://shopify/Product/8577768390951;Brinco We Love Sapphire De Ouro Amarelo 18K E Safira - G;0;1;4;BR06050T;BR06050T;gid://shopify/ProductVariant/46355492077863;0.0;0.0;False;False
gid://shopify/ProductVariant/46355492471079;BR06051T;P;21900.0;14800.0;5;gid://shopify/Product/8577768489255;Brinco Ear Cuff We Love Sapphire - P | Ouro Amarelo 18K E Diamantes;5;1;3;BR06051T;BR06051T;gid://shopify/ProductVariant/46355492471079;5.0;0.0;True;False
gid://shopify/ProductVariant/46355492700455;BR06053T;P;14900.0;10500.0;5;gid://shopify/Product/8577768685863;Brinco We Love Sapphire De Ouro Amarelo 18K E Diamante - P;5;1;4;BR06053T;BR06053T;gid://shopify/ProductVariant/46355492700455;5.0;0.0;True;False
gid://shopify/ProductVariant/46355494469927;BR06054T;G;35900.0;25000.0;5;gid://shopify/Product/8577768915239;Brinco We Love Sapphire De Ouro Amarelo 18K E Diamante - G;5;1;4;BR06054T;BR06054T;gid://shopify/ProductVariant/46355494469927;5.0;0.0;True;False
gid://shopify/ProductVariant/46355494568231;BR06062T;P;11500.0;8500.0;5;gid://shopify/Product/8577769013543;Brinco Ear Cuff We Love Sapphire - P | Ouro Branco 18K Com Ródio Negro E Safiras;5;1;3;BR06062T;BR06062T;gid://shopify/ProductVariant/46355494568231;5.0;0.0;True;False
gid://shopify/ProductVariant/46355494633767;BR06063T;P;11500.0;8500.0;5;gid://shopify/Product/8577769079079;Brinco Ear Cuff We Love Sapphire - P | Ouro Branco 18K Com Ródio Negro E Safiras;5;1;3;BR06063T;BR06063T;gid://shopify/ProductVariant/46355494633767;5.0;0.0;True;False
gid://shopify/ProductVariant/46355494764839;BR06064T;P;18500.0;13800.0;5;gid://shopify/Product/8577769177383;Brinco Ear Cuff We Love Sapphire  - P | Ouro Branco 18K Com Ródio Negro E Diamante;5;1;3;BR06064T;BR06064T;gid://shopify/ProductVariant/46355494764839;5.0;0.0;True;False
gid://shopify/ProductVariant/46355494895911;BR06068T;P;8500.0;7200.0;5;gid://shopify/Product/8577769308455;Brinco We Love Sapphire De Ouro Branco 18K Com Ródio Negro E Safira - P;5;1;4;BR06068T;BR06068T;gid://shopify/ProductVariant/46355494895911;5.0;0.0;True;False
gid://shopify/ProductVariant/46355494961447;BR06069T;P;8500.0;7200.0;5;gid://shopify/Product/8577769373991;Brinco We Love Sapphire De Ouro Branco 18K Com Ródio Negro E Safira - P;5;1;3;BR06069T;BR06069T;gid://shopify/ProductVariant/46355494961447;5.0;0.0;True;False
gid://shopify/ProductVariant/46355498303783;BR06070T;P;12900.0;9500.0;5;gid://shopify/Product/8577769537831;Brinco We Love Sapphire De Ouro Branco 18K Com Ródio Negro E Diamante - P;5;1;4;BR06070T;BR06070T;gid://shopify/ProductVariant/46355498303783;5.0;0.0;True;False
gid://shopify/ProductVariant/46355498696999;BR06072T;G;18500.0;14500.0;5;gid://shopify/Product/8577769734439;Brinco We Love Sapphire De Ouro Branco 18K Com Ródio Negro E Safira - G;5;1;4;BR06072T;BR06072T;gid://shopify/ProductVariant/46355498696999;5.0;0.0;True;False
gid://shopify/ProductVariant/46355502170407;BR06073T;G;18500.0;14500.0;5;gid://shopify/Product/8577769898279;Brinco We Love Sapphire De Ouro Branco 18K Com Ródio Negro E Safira - G;5;1;4;BR06073T;BR06073T;gid://shopify/ProductVariant/46355502170407;5.0;0.0;True;False
gid://shopify/ProductVariant/46355502530855;BR06074T;G;26500.0;21500.0;5;gid://shopify/Product/8577770094887;Brinco We Love Sapphire De Ouro Branco 18K Com Ródio Negro E Diamante - G;5;1;4;BR06074T;BR06074T;gid://shopify/ProductVariant/46355502530855;5.0;0.0;True;False
gid://shopify/ProductVariant/46355502694695;BR06105T;G;10900.0;9500.0;5;gid://shopify/Product/8577770258727;Brinco Ear Cuff We Love Sapphire  - G | Ouro Branco 18K Com Ródio Negro E Safiras;5;1;2;BR06105T;BR06105T;gid://shopify/ProductVariant/46355502694695;5.0;0.0;True;False
gid://shopify/ProductVariant/46355502760231;BR06055T;P;9900.0;8500.0;5;gid://shopify/Product/8577770324263;Brinco Ear Cuff We Love Sapphire - P | Ouro Rosa 18K E Safiras;5;1;3;BR06055T;BR06055T;gid://shopify/ProductVariant/46355502760231;5.0;0.0;True;False
gid://shopify/ProductVariant/46355502891303;BR06056T;G;10900.0;9500.0;5;gid://shopify/Product/8577770455335;Brinco Ear Cuff We Love Sapphire - G | Ouro Rosa 18K E Safiras;5;1;3;BR06056T;BR06056T;gid://shopify/ProductVariant/46355502891303;5.0;0.0;True;False
gid://shopify/ProductVariant/46355503087911;BR06057T;P;8500.0;7200.0;5;gid://shopify/Product/8577770651943;Brinco We Love Sapphire De Ouro Rosa 18K E Safira - P;5;1;4;BR06057T;BR06057T;gid://shopify/ProductVariant/46355503087911;5.0;0.0;True;False
gid://shopify/ProductVariant/46355503382823;BR06058T;G;16900.0;14500.0;5;gid://shopify/Product/8577770848551;Brinco We Love Sapphire De Ouro Rosa 18K E Safira - G;5;1;4;BR06058T;BR06058T;gid://shopify/ProductVariant/46355503382823;5.0;0.0;True;False
gid://shopify/ProductVariant/46355503513895;BR06059T;Default Title;18500.0;13800.0;5;gid://shopify/Product/8577770979623;Brinco Ear Cuff We Love Sapphire | Ouro Rosa 18K E Diamantes;5;1;3;BR06059T;BR06059T;gid://shopify/ProductVariant/46355503513895;5.0;0.0;True;False
gid://shopify/ProductVariant/46355505545511;BR06061T;P;12900.0;12900.0;5;gid://shopify/Product/8577771208999;Brinco Argola Sapphire - P | Ouro Rosa 18K com Diamante;5;1;4;BR06061T;BR06061T;gid://shopify/ProductVariant/46355505545511;5.0;0.0;True;False
gid://shopify/ProductVariant/46355505643815;BR06071T;G;26500.0;21500.0;5;gid://shopify/Product/8577771307303;Brinco We Love Sapphire De Ouro Rosa 18K E Diamante - G;5;1;4;BR06071T;BR06071T;gid://shopify/ProductVariant/46355505643815;5.0;0.0;True;False
gid://shopify/ProductVariant/46355505807655;PI01364;Default Title;6900.0;6000.0;5;gid://shopify/Product/8577771438375;Piercing We Love Sapphire De Ouro Amarelo 18K E Diamante;5;1;3;PI01364;PI01364;gid://shopify/ProductVariant/46355505807655;5.0;0.0;True;False
gid://shopify/ProductVariant/46355505873191;PI01457;Default Title;8900.0;7600.0;5;gid://shopify/Product/8577771503911;Piercing We Love Sapphire De Ouro Branco 18K E Diamante;5;1;2;PI01457;PI01457;gid://shopify/ProductVariant/46355505873191;5.0;0.0;True;False
gid://shopify/ProductVariant/46355506004263;PI01365;Default Title;3500.0;3500.0;0;gid://shopify/Product/8577771667751;Piercing We Love Sapphire De Ouro Rosa 18K E Safira;0;1;3;PI01365;PI01365;gid://shopify/ProductVariant/46355506004263;0.0;0.0;False;False
gid://shopify/ProductVariant/46355507872039;BR05983T;G;2400.0;2400.0;5;gid://shopify/Product/8577772454183;Brinco Dois Elos Pop Chain - G | Prata Com Ouro Amarelo 18K;5;1;3;BR05983T;BR05983T;gid://shopify/ProductVariant/46355507872039;0.0;5.0;True;False
gid://shopify/ProductVariant/46355508166951;BR05987T;Default Title;1800.0;1800.0;5;gid://shopify/Product/8577772618023;Brinco Dois Elos Pop Chain - P | Prata Com Ouro Amarelo 18k;5;1;3;BR05987T;BR05987T;gid://shopify/ProductVariant/46355508166951;0.0;5.0;True;False
gid://shopify/ProductVariant/46355508265255;BR05991T;Default Title;1900.0;1900.0;5;gid://shopify/Product/8577772716327;Brinco Ear Hook Pop Chain | Prata Com Ouro Amarelo 18K;5;1;3;BR05991T;BR05991T;gid://shopify/ProductVariant/46355508265255;0.0;5.0;True;False
gid://shopify/ProductVariant/46355508396327;BR05995T;Default Title;1400.0;1400.0;5;gid://shopify/Product/8577772814631;Brinco Argola Pop Chain - Mini | Prata Com Ouro Amarelo 18K;5;1;3;BR05995T;BR05995T;gid://shopify/ProductVariant/46355508396327;0.0;5.0;True;False
gid://shopify/ProductVariant/46355508527399;BR05999T;Default Title;1200.0;1200.0;0;gid://shopify/Product/8577772945703;Brinco Peace & Love Pop Chain | Prata Com Ouro Amarelo 18K;0;1;3;BR05999T;BR05999T;gid://shopify/ProductVariant/46355508527399;0.0;0.0;False;False
gid://shopify/ProductVariant/46355508625703;BR05984T;G;1900.0;1900.0;5;gid://shopify/Product/8577773076775;Brinco Dois Elos Pop Chain - G | Prata Com Ródio Negro;5;1;3;BR05984T;BR05984T;gid://shopify/ProductVariant/46355508625703;0.0;5.0;True;False
gid://shopify/ProductVariant/46355510559015;BR05988T;P;1800.0;1600.0;5;gid://shopify/Product/8577773306151;Brinco Dois Elos Pop Chain - P | Prata Com Ródio Negro;5;1;3;BR05988T;BR05988T;gid://shopify/ProductVariant/46355510559015;0.0;5.0;True;False
gid://shopify/ProductVariant/46355510821159;BR05992T;Default Title;1500.0;1500.0;0;gid://shopify/Product/8577773404455;Brinco Ear Hook Pop Chain | Prata Com Ródio Negro;0;1;3;BR05992T;BR05992T;gid://shopify/ProductVariant/46355510821159;0.0;0.0;False;False
gid://shopify/ProductVariant/46355510952231;BR05996T;Default Title;1250.0;1250.0;0;gid://shopify/Product/8577773502759;Brinco Argola Pop Chain - Mini | Prata Com Ródio Negro;0;1;3;BR05996T;BR05996T;gid://shopify/ProductVariant/46355510952231;0.0;0.0;False;False
gid://shopify/ProductVariant/46355511148839;CL04429;Default Title;3900.0;3900.0;6;gid://shopify/Product/8577773699367;Colar Pop Chain | Prata Com Ouro Amarelo 18K;6;1;3;CL04429;CL04429;gid://shopify/ProductVariant/46355511148839;0.0;5.0;True;True
gid://shopify/ProductVariant/46355511476519;BR06004T;Default Title;980.0;980.0;5;gid://shopify/Product/8577773928743;Piercing Pop Chain | Prata Com Ouro Amarelo 18K;5;1;2;BR06004T;BR06004T;gid://shopify/ProductVariant/46355511476519;0.0;5.0;True;False
gid://shopify/ProductVariant/46355511607591;PI01341;G;1400.0;1400.0;0;gid://shopify/Product/8577774059815;Pingente Pop Chain - G | Prata Com Ouro Amarelo 18k;0;1;3;PI01341;PI01341;gid://shopify/ProductVariant/46355511607591;0.0;0.0;False;False
gid://shopify/ProductVariant/46355513213223;PI01345;P;950.0;950.0;9;gid://shopify/Product/8577774289191;Pingente Pop Chain - P | Prata Com Ouro Amarelo 18k;9;1;4;PI01345;PI01345;gid://shopify/ProductVariant/46355513213223;0.0;0.0;False;True
gid://shopify/ProductVariant/46355513573671;PI01350;Default Title;1100.0;1100.0;6;gid://shopify/Product/8577774453031;Pingente Pop Chain - G | Prata Com Ouro Amarelo 18k;6;1;4;PI01350;PI01350;gid://shopify/ProductVariant/46355513573671;0.0;0.0;False;True
gid://shopify/ProductVariant/46355513737511;PI01342;G;1200.0;1200.0;6;gid://shopify/Product/8577774518567;Pingente Pop Chain - G | Prata Com Ródio Negro;6;1;4;PI01342;PI01342;gid://shopify/ProductVariant/46355513737511;0.0;0.0;False;True
gid://shopify/ProductVariant/46355513901351;PI01346;P;800.0;800.0;9;gid://shopify/Product/8577774649639;Pingente Pop Chain - P | Prata Com Ródio Negro;9;1;4;PI01346;PI01346;gid://shopify/ProductVariant/46355513901351;0.0;0.0;False;True
gid://shopify/ProductVariant/46355514261799;PI01351;Default Title;1000.0;1000.0;6;gid://shopify/Product/8577774780711;Pingente Pop Chain - G | Prata Com Ródio Negro;6;1;4;PI01351;PI01351;gid://shopify/ProductVariant/46355514261799;0.0;0.0;False;True
gid://shopify/ProductVariant/46355517276455;BR05782T;Default Title;3100.0;3100.0;7;gid://shopify/Product/8577776189735;Brinco Rock&Hot De Prata Com Ouro Amarelo;7;1;3;BR05782T;BR05782T;gid://shopify/ProductVariant/46355517276455;0.0;5.0;True;True
gid://shopify/ProductVariant/46355517899047;CL04336;Default Title;4700.0;4700.0;5;gid://shopify/Product/8577776550183;Colar Rock&Hot De Prata Com Ouro Amarelo;5;1;2;CL04336;CL04336;gid://shopify/ProductVariant/46355517899047;0.0;5.0;True;False
gid://shopify/ProductVariant/46355519308071;BR06155T;M;8900.0;7800.0;5;gid://shopify/Product/8577777893671;Brinco Ear Cuff Rock Star - M | Ouro Branco 18K com Ródio Negro e Rubi;5;1;2;BR06155T;BR06155T;gid://shopify/ProductVariant/46355519308071;5.0;0.0;True;False
gid://shopify/ProductVariant/46355519373607;BR06159T;P;6900.0;5900.0;5;gid://shopify/Product/8577777959207;Brinco Ear Cuff Rock Star - P | Ouro Branco 18K com Ródio Negro e Diamantes Negros;5;1;2;BR06159T;BR06159T;gid://shopify/ProductVariant/46355519373607;5.0;0.0;True;False
gid://shopify/ProductVariant/46355519439143;BR06168T;Default Title;11000.0;11000.0;0;gid://shopify/Product/8577778024743;Brinco Rock Star | Ouro Branco 18K Com Ródio Negro, Diamantes E Safiras;0;1;2;BR06168T;BR06168T;gid://shopify/ProductVariant/46355519439143;0.0;0.0;False;False
gid://shopify/ProductVariant/46355519504679;BR06170T;Default Title;10900.0;10900.0;6;gid://shopify/Product/8577778090279;Brinco Rock Star | Ouro Branco 18K Com Ródio Negro E Diamantes;6;1;2;BR06170T;BR06170T;gid://shopify/ProductVariant/46355519504679;5.0;0.0;True;True
gid://shopify/ProductVariant/46355519635751;BR06171T;Default Title;9500.0;8000.0;6;gid://shopify/Product/8577778221351;Brinco Rock Star | Ouro Branco 18K Com Ródio Negro, Diamantes E Esmeraldas;6;1;2;BR06171T;BR06171T;gid://shopify/ProductVariant/46355519635751;5.0;0.0;True;True
gid://shopify/ProductVariant/46355519865127;BR06172T;Default Title;8500.0;7000.0;5;gid://shopify/Product/8577778417959;Brinco Rock Star | Ouro Branco 18K Com Ródio Negro, Diamantes e Rubis;5;1;2;BR06172T;BR06172T;gid://shopify/ProductVariant/46355519865127;5.0;0.0;True;False
gid://shopify/ProductVariant/46355520192807;BR06173T;Default Title;8500.0;7000.0;5;gid://shopify/Product/8577778581799;Brinco Rock Star | Ouro Branco 18K Com Ródio Negro, Diamantes e Safiras;5;1;2;BR06173T;BR06173T;gid://shopify/ProductVariant/46355520192807;5.0;0.0;True;False
gid://shopify/ProductVariant/46355520454951;BR06174T;Default Title;11000.0;11000.0;0;gid://shopify/Product/8577778680103;Brinco Rock Star | Ouro Branco 18K Com Ródio Negro, Diamantes E Safiras;0;1;2;BR06174T;BR06174T;gid://shopify/ProductVariant/46355520454951;0.0;0.0;False;False
gid://shopify/ProductVariant/46355520520487;BR06175T;G;14500.0;12500.0;5;gid://shopify/Product/8577778745639;Brinco Ear Cuff Rock Star - G | Ouro Branco 18K com Ródio Negro e Safiras;5;1;2;BR06175T;BR06175T;gid://shopify/ProductVariant/46355520520487;5.0;0.0;True;False
gid://shopify/ProductVariant/46355520815399;BR06176T;G;14500.0;12500.0;5;gid://shopify/Product/8577778843943;Brinco Ear Cuff Rock Star - G | Ouro Branco 18K com Ródio Negro e Safiras;5;1;2;BR06176T;BR06176T;gid://shopify/ProductVariant/46355520815399;5.0;0.0;True;False
gid://shopify/ProductVariant/46355521044775;BR06177T;Default Title;12500.0;12500.0;0;gid://shopify/Product/8577779007783;Brinco Rock Star | Ouro Branco 18K Com Ródio Negro, Diamantes e Safiras;0;1;2;BR06177T;BR06177T;gid://shopify/ProductVariant/46355521044775;0.0;0.0;False;False
gid://shopify/ProductVariant/46355521208615;BR06178T;M;10900.0;9500.0;5;gid://shopify/Product/8577779171623;Brinco Ear Cuff Rock Star - M | Ouro Branco 18K com Ródio Negro e Esmeraldas;5;1;2;BR06178T;BR06178T;gid://shopify/ProductVariant/46355521208615;5.0;0.0;True;False
gid://shopify/ProductVariant/46355521274151;BR06179T;M;8900.0;7800.0;5;gid://shopify/Product/8577779204391;Brinco Ear Cuff Rock Star - M | Ouro Branco 18K com Ródio Negro e Safiras;5;1;2;BR06179T;BR06179T;gid://shopify/ProductVariant/46355521274151;5.0;0.0;True;False
gid://shopify/ProductVariant/46355521339687;BR06192T;P;9900.0;7800.0;5;gid://shopify/Product/8577779269927;Brinco Ear Cuff Rock Star - P | Ouro Branco 18K com Ródio Negro e Diamantes;5;1;2;BR06192T;BR06192T;gid://shopify/ProductVariant/46355521339687;5.0;0.0;True;False
gid://shopify/ProductVariant/46355521503527;BR06252T;M;8900.0;7800.0;5;gid://shopify/Product/8577779433767;Brinco Ear Cuff Rock Star - M | Ouro Branco 18K com Ródio Negro e Safiras;5;1;1;BR06252T;BR06252T;gid://shopify/ProductVariant/46355521503527;5.0;0.0;True;False
gid://shopify/ProductVariant/46355521601831;BR06152T;Default Title;13500.0;13500.0;5;gid://shopify/Product/8577779532071;Brinco Rock Star | Ouro Branco 18K E Diamante;5;1;2;BR06152T;BR06152T;gid://shopify/ProductVariant/46355521601831;5.0;0.0;True;False
gid://shopify/ProductVariant/46355521700135;BR06158T;P;10900.0;9500.0;5;gid://shopify/Product/8577779630375;Brinco Ear Cuff Rock Star - P | Ouro Branco 18K e Diamantes;5;1;2;BR06158T;BR06158T;gid://shopify/ProductVariant/46355521700135;5.0;0.0;True;False
gid://shopify/ProductVariant/46355523174695;PU01999T;P;22500.0;19500.0;5;gid://shopify/Product/8577780908327;Pulseira Rock Star De Ouro Branco 18K Com Ródio Negro E Diamante Negro;15;3;3;PU01999T;PU01999T;gid://shopify/ProductVariant/46355523174695;5.0;0.0;True;False
gid://shopify/ProductVariant/46355523895591;PU02001T;P;21500.0;18500.0;5;gid://shopify/Product/8577781530919;Pulseira Rock Star De Ouro Branco 18K Com Ródio Negro E Safira;15;3;3;PU02001T;PU02001T;gid://shopify/ProductVariant/46355523895591;5.0;0.0;True;False
gid://shopify/ProductVariant/46355524452647;PU02003T;P;22500.0;19500.0;5;gid://shopify/Product/8577782022439;Pulseira Rock Star De Ouro Branco 18K Com Ródio Negro E Esmeralda;15;3;3;PU02003T;PU02003T;gid://shopify/ProductVariant/46355524452647;5.0;0.0;True;False
gid://shopify/ProductVariant/46355525271847;PU02006T;P;28900.0;25000.0;5;gid://shopify/Product/8577782710567;Pulseira Rock Star De Ouro Branco 18K Com Ródio Negro E Diamante;15;3;3;PU02006T;PU02006T;gid://shopify/ProductVariant/46355525271847;5.0;0.0;True;False
gid://shopify/ProductVariant/46355525501223;PU03422T;P;21500.0;18500.0;5;gid://shopify/Product/8577782972711;Pulseira Rock Star De Ouro Branco 18K Com Ródio Negro E Rubi;15;3;3;PU03422T;PU03422T;gid://shopify/ProductVariant/46355525501223;5.0;0.0;True;False
gid://shopify/ProductVariant/46355527827751;PU01997T;P;33900.0;29500.0;5;gid://shopify/Product/8577784316199;Pulseira Rock Star De Ouro Branco 18K E Diamante;15;3;3;PU01997T;PU01997T;gid://shopify/ProductVariant/46355527827751;5.0;0.0;True;False
gid://shopify/ProductVariant/46355606274343;BR05350T;P;2100.0;1700.0;5;gid://shopify/Product/8577837564199;Brinco Pop De Prata Com Ouro Amarelo - P;5;1;4;BR05350T;BR05350T;gid://shopify/ProductVariant/46355606274343;0.0;5.0;True;False
gid://shopify/ProductVariant/46355606536487;BR05351T;M;2700.0;2200.0;7;gid://shopify/Product/8577837793575;Brinco Pop De Prata Com Ouro Amarelo - M;7;1;5;BR05351T;BR05351T;gid://shopify/ProductVariant/46355606536487;0.0;5.0;True;True
gid://shopify/ProductVariant/46355606831399;BR05352T;G;3500.0;2900.0;10;gid://shopify/Product/8577838088487;Brinco Pop De Prata Com Ouro Amarelo - G;10;1;4;BR05352T;BR05352T;gid://shopify/ProductVariant/46355606831399;0.0;5.0;True;True
gid://shopify/ProductVariant/46355607028007;BR05353T;Default Title;3100.0;2550.0;12;gid://shopify/Product/8577838285095;Brinco Pop De Prata Com Ouro Amarelo;12;1;4;BR05353T;BR05353T;gid://shopify/ProductVariant/46355607028007;0.0;5.0;True;True
gid://shopify/ProductVariant/46355607814439;CO01278;Default Title;1300.0;1100.0;7;gid://shopify/Product/8577838448935;Corrente Pop De Prata Com Ouro Amarelo, 60cm.;7;1;3;CO01278;CO01278;gid://shopify/ProductVariant/46355607814439;0.0;5.0;True;True
gid://shopify/ProductVariant/46355607912743;CO01279;Default Title;1500.0;1300.0;15;gid://shopify/Product/8577838547239;Corrente Pop De Prata Com Ouro Amarelo, 80cm.;15;1;3;CO01279;CO01279;gid://shopify/ProductVariant/46355607912743;0.0;5.0;True;True
gid://shopify/ProductVariant/46355608142119;CO01280;Default Title;1700.0;1450.0;12;gid://shopify/Product/8577838711079;Corrente Pop De Prata Com Ouro Amarelo, 60cm.;12;1;3;CO01280;CO01280;gid://shopify/ProductVariant/46355608142119;0.0;5.0;True;True
gid://shopify/ProductVariant/46355608273191;CO01281;Default Title;1900.0;1700.0;13;gid://shopify/Product/8577838842151;Corrente Pop De Prata Com Ouro Amarelo, 80cm.;13;1;3;CO01281;CO01281;gid://shopify/ProductVariant/46355608273191;0.0;5.0;True;True
gid://shopify/ProductVariant/46355608404263;CO01282;Default Title;1100.0;880.0;6;gid://shopify/Product/8577838973223;Corrente Pop De Prata Com Ouro Amarelo, 50Cm.;6;1;2;CO01282;CO01282;gid://shopify/ProductVariant/46355608404263;0.0;5.0;True;True
gid://shopify/ProductVariant/46355630096679;BR06544T;Default Title;3400.0;3400.0;8;gid://shopify/Product/8577852866855;Brinco Mare | Prata com Ouro Amarelo 18K e Pérolas;8;1;5;BR06544T;BR06544T;gid://shopify/ProductVariant/46355630096679;0.0;5.0;True;True
gid://shopify/ProductVariant/46355630719271;BR06545T;Default Title;2600.0;2600.0;10;gid://shopify/Product/8577852965159;Brinco Mare | Prata com Ouro Amarelo 18K;10;1;3;BR06545T;BR06545T;gid://shopify/ProductVariant/46355630719271;0.0;5.0;True;True
gid://shopify/ProductVariant/46355633602855;BR06547T;Default Title;4500.0;3900.0;7;gid://shopify/Product/8577853358375;Brinco Mare Duplo Maxi | Prata com ouro amarelo 18K;7;1;4;BR06547T;BR06547T;gid://shopify/ProductVariant/46355633602855;0.0;5.0;True;True
gid://shopify/ProductVariant/46355634782503;BR06549T;Default Title;1200.0;1200.0;6;gid://shopify/Product/8577853587751;Brinco Mare - Unitário | Prata com Ouro Amarelo e Pérola;6;1;3;BR06549T;BR06549T;gid://shopify/ProductVariant/46355634782503;0.0;5.0;True;True
gid://shopify/ProductVariant/46355635962151;BR06554T;Default Title;3900.0;3900.0;0;gid://shopify/Product/8577853718823;Brinco Mare Madrepérola Negra | Prata com Ouro Amarelo 18K;0;1;3;BR06554T;BR06554T;gid://shopify/ProductVariant/46355635962151;0.0;0.0;False;False
gid://shopify/ProductVariant/46355635994919;BR06559T;Default Title;1900.0;1900.0;6;gid://shopify/Product/8577853751591;Brinco Mare Mini | Prata com Ouro Amarelo 18k;6;1;4;BR06559T;BR06559T;gid://shopify/ProductVariant/46355635994919;0.0;5.0;True;True
gid://shopify/ProductVariant/46355636060455;BR06560T;Default Title;490.0;490.0;6;gid://shopify/Product/8577853817127;Brinco Mare - Unitário | Prata com Ouro Amarelo 18K;6;1;3;BR06560T;BR06560T;gid://shopify/ProductVariant/46355636060455;0.0;5.0;True;True
gid://shopify/ProductVariant/46355636191527;CL04619;P;2200.0;2200.0;5;gid://shopify/Product/8577853948199;Colar Mare - P | Prata com Ouro Amarelo 18K;5;1;4;CL04619;CL04619;gid://shopify/ProductVariant/46355636191527;0.0;5.0;True;False
gid://shopify/ProductVariant/46355636224295;CL04621;M;2700.0;2700.0;5;gid://shopify/Product/8577853980967;Colar Mare - M | Prata com Ouro Amarelo 18K;5;1;3;CL04621;CL04621;gid://shopify/ProductVariant/46355636224295;0.0;5.0;True;False
gid://shopify/ProductVariant/46355638059303;CL04622;G;3500.0;3500.0;11;gid://shopify/Product/8577854243111;Colar Mare - G | Prata com Ouro Amarelo 18K;11;1;3;CL04622;CL04622;gid://shopify/ProductVariant/46355638059303;0.0;5.0;True;True
gid://shopify/ProductVariant/46355641073959;CL04631;Default Title;8700.0;8700.0;8;gid://shopify/Product/8577854800167;Colar MARE Maxi | Prata com Ouro Amarelo 18K;8;1;3;CL04631;CL04631;gid://shopify/ProductVariant/46355641073959;0.0;5.0;True;True
gid://shopify/ProductVariant/46355645202727;PI01495;Default Title;980.0;980.0;6;gid://shopify/Product/8577855422759;Piercing Mare | Prata com Ouro Amarelo 18K;6;1;3;PI01495;PI01495;gid://shopify/ProductVariant/46355645202727;0.0;5.0;True;True
gid://shopify/ProductVariant/46355669713191;PI01496;Default Title;1300.0;1300.0;6;gid://shopify/Product/8577858339111;Piercing Mare | Prata com Ouro Amarelo 18K e Madrepérolas;6;1;5;PI01496;PI01496;gid://shopify/ProductVariant/46355669713191;0.0;5.0;True;True
gid://shopify/ProductVariant/46355678658855;BR06486T;Default Title;12000.0;9800.0;0;gid://shopify/Product/8577859551527;Brinco Dolce | Ouro Amarelo 18K com Lápis Lazúli;0;1;3;BR06486T;BR06486T;gid://shopify/ProductVariant/46355678658855;0.0;0.0;False;False
gid://shopify/ProductVariant/46355679904039;BR06488T;Default Title;13900.0;9800.0;5;gid://shopify/Product/8577859715367;Brinco Dolce | Ouro Amarelo 18K e Ágata;5;1;3;BR06488T;BR06488T;gid://shopify/ProductVariant/46355679904039;5.0;0.0;True;False
gid://shopify/ProductVariant/46355681050919;BR06489T;Default Title;13900.0;9800.0;1;gid://shopify/Product/8577859879207;Brinco Dolce | Ouro Amarelo 18K e Quartzo;1;1;3;BR06489T;BR06489T;gid://shopify/ProductVariant/46355681050919;0.0;0.0;False;True
gid://shopify/ProductVariant/46355681640743;BR06490T;Default Title;13900.0;9800.0;5;gid://shopify/Product/8577860010279;Brinco Dolce | Ouro Amarelo 18K com Malaquita;5;1;3;BR06490T;BR06490T;gid://shopify/ProductVariant/46355681640743;5.0;0.0;True;False
gid://shopify/ProductVariant/46355682885927;BR06491T;Default Title;20900.0;14500.0;5;gid://shopify/Product/8577860174119;Brinco Vita | Ouro Amarelo 18K com Ágata e Diamantes;5;1;3;BR06491T;BR06491T;gid://shopify/ProductVariant/46355682885927;5.0;0.0;True;False
gid://shopify/ProductVariant/46355684229415;BR06493T;Default Title;18000.0;14500.0;0;gid://shopify/Product/8577860370727;Brinco Vita | Ouro Amarelo 18K com Lápis Lazúli e Diamantes;0;1;3;BR06493T;BR06493T;gid://shopify/ProductVariant/46355684229415;0.0;0.0;False;False
gid://shopify/ProductVariant/46355684819239;BR06495T;Default Title;20900.0;14500.0;5;gid://shopify/Product/8577860469031;Brinco Vita | Ouro Amarelo 18K com Coral e Diamantes;5;1;3;BR06495T;BR06495T;gid://shopify/ProductVariant/46355684819239;5.0;0.0;True;False
gid://shopify/ProductVariant/46355685441831;BR06496T;Default Title;20900.0;14500.0;6;gid://shopify/Product/8577860600103;Brinco Vita | Ouro Amarelo 18K com Malaquita e Diamantes;6;1;3;BR06496T;BR06496T;gid://shopify/ProductVariant/46355685441831;5.0;0.0;True;True
gid://shopify/ProductVariant/46355686621479;BR06497T;Default Title;21900.0;15900.0;5;gid://shopify/Product/8577860796711;Brinco Vita | Ouro Amarelo 18K com Turquesa e Diamantes;5;1;3;BR06497T;BR06497T;gid://shopify/ProductVariant/46355686621479;5.0;0.0;True;False
gid://shopify/ProductVariant/46355689046311;BR06501T;Default Title;43900.0;32000.0;5;gid://shopify/Product/8577861157159;Brinco Duo Vita | Ouro Amarelo 18K com Ágata e Diamantes;5;1;3;BR06501T;BR06501T;gid://shopify/ProductVariant/46355689046311;5.0;0.0;True;False
gid://shopify/ProductVariant/46355689701671;BR06502T;Default Title;43900.0;32000.0;5;gid://shopify/Product/8577861320999;Brinco Duo Vita | Ouro Amarelo 18K com Ágata e Diamantes;5;1;3;BR06502T;BR06502T;gid://shopify/ProductVariant/46355689701671;5.0;0.0;True;False
gid://shopify/ProductVariant/46355690291495;BR06506T;Default Title;28900.0;20500.0;5;gid://shopify/Product/8577861419303;Brinco Duo Dolce | Ouro Amarelo 18K e Ágata;5;1;3;BR06506T;BR06506T;gid://shopify/ProductVariant/46355690291495;5.0;0.0;True;False
gid://shopify/ProductVariant/46355690422567;BR06508T;Default Title;28900.0;20500.0;6;gid://shopify/Product/8577861484839;Brinco Duo Dolce | Ouro Amarelo 18K e Ágata;6;1;3;BR06508T;BR06508T;gid://shopify/ProductVariant/46355690422567;5.0;0.0;True;True
gid://shopify/ProductVariant/46355690520871;BR06503T;Default Title;23900.0;20500.0;1;gid://shopify/Product/8577861583143;Brinco Duo Dolce | Ouro Rosa 18K e Opalas;1;1;3;BR06503T;BR06503T;gid://shopify/ProductVariant/46355690520871;0.0;0.0;False;True
gid://shopify/ProductVariant/46355691143463;CO01329;Default Title;11500.0;8800.0;5;gid://shopify/Product/8577861714215;Corrente Dolce Vita | Ouro Amarelo 18K;5;1;2;CO01329;CO01329;gid://shopify/ProductVariant/46355691143463;5.0;0.0;True;False
gid://shopify/ProductVariant/46355691208999;CO01331;Default Title;13900.0;11000.0;5;gid://shopify/Product/8577861746983;Corrente Dolce Vita | Ouro Amarelo 18K;5;1;2;CO01331;CO01331;gid://shopify/ProductVariant/46355691208999;5.0;0.0;True;False
gid://shopify/ProductVariant/46355691897127;CO01328;Default Title;11500.0;11500.0;6;gid://shopify/Product/8577861943591;Corrente Dolce Vita | Ouro Rosa 18K;6;1;2;CO01328;CO01328;gid://shopify/ProductVariant/46355691897127;5.0;0.0;True;True
gid://shopify/ProductVariant/46355693273383;CO01330;Default Title;13900.0;11000.0;7;gid://shopify/Product/8577862140199;Corrente Dolce Vita | Ouro Rosa 18K;7;1;2;CO01330;CO01330;gid://shopify/ProductVariant/46355693273383;5.0;0.0;True;True
gid://shopify/ProductVariant/46355694420263;PI01473;Default Title;16500.0;13800.0;1;gid://shopify/Product/8577862336807;Pingente Dolce Vita | Ouro Amarelo 18K com Lápis Lazuli e Diamantes;1;1;3;PI01473;PI01473;gid://shopify/ProductVariant/46355694420263;0.0;0.0;False;True
gid://shopify/ProductVariant/46355695042855;PI01474;Default Title;16500.0;16500.0;6;gid://shopify/Product/8577862467879;Pingente Dolce Vita | Ouro Amarelo 18K com Ágata e Diamantes;6;1;3;PI01474;PI01474;gid://shopify/ProductVariant/46355695042855;5.0;0.0;True;True
gid://shopify/ProductVariant/46355696353575;PI01475;Default Title;16500.0;16500.0;5;gid://shopify/Product/8577862664487;Pingente Dolce Vita | Ouro Amarelo 18K com Malaquita e Diamantes;5;1;3;PI01475;PI01475;gid://shopify/ProductVariant/46355696353575;5.0;0.0;True;False
gid://shopify/ProductVariant/46355697565991;PI01476;Default Title;18500.0;15200.0;5;gid://shopify/Product/8577862828327;Pingente Dolce Vita | Ouro Amarelo 18K com Turquesa e Diamantes;5;1;3;PI01476;PI01476;gid://shopify/ProductVariant/46355697565991;5.0;0.0;True;False
gid://shopify/ProductVariant/46355699237159;PI01479;Default Title;16500.0;16500.0;5;gid://shopify/Product/8577863024935;Pingente Dolce Vita | Ouro Amarelo 18K com Ágata e Diamantes;5;1;3;PI01479;PI01479;gid://shopify/ProductVariant/46355699237159;5.0;0.0;True;False
gid://shopify/ProductVariant/46355700482343;PI01480;Default Title;13900.0;13900.0;1;gid://shopify/Product/8577863254311;Pingente Dolce Vita | Ouro Amarelo 18K e Lápis Lazuli;1;1;3;PI01480;PI01480;gid://shopify/ProductVariant/46355700482343;0.0;0.0;False;True
gid://shopify/ProductVariant/46355701694759;PI01482;Default Title;13900.0;10500.0;5;gid://shopify/Product/8577863418151;Pingente Dolce Vita | Ouro Amarelo 18K e Malaquita;5;1;3;PI01482;PI01482;gid://shopify/ProductVariant/46355701694759;5.0;0.0;True;False
gid://shopify/ProductVariant/46355702841639;PI01486;Default Title;12500.0;10500.0;6;gid://shopify/Product/8577863581991;Pingente Dolce Vita | Ouro Amarelo 18K e Ágata;6;1;2;PI01486;PI01486;gid://shopify/ProductVariant/46355702841639;5.0;0.0;True;True
gid://shopify/ProductVariant/46355747668263;BR06485T;Default Title;12000.0;9800.0;0;gid://shopify/Product/8577869381927;Brinco Dolce | Ouro Amarelo 18K com Olho De Tigre;0;1;3;BR06485T;BR06485T;gid://shopify/ProductVariant/46355747668263;0.0;0.0;False;False
gid://shopify/ProductVariant/46355748847911;BR06492T;Default Title;20900.0;14500.0;5;gid://shopify/Product/8577869676839;Brinco Vita | Ouro Amarelo 18K com Safiras e Olho De Tigre;5;1;3;BR06492T;BR06492T;gid://shopify/ProductVariant/46355748847911;5.0;0.0;True;False
gid://shopify/ProductVariant/46355750125863;PI01477;Default Title;9500.0;8900.0;0;gid://shopify/Product/8577870004519;Pingente Dolce Vita | Ouro Amarelo 18K com Olho De Tigre e Safiras;0;1;3;PI01477;PI01477;gid://shopify/ProductVariant/46355750125863;0.0;0.0;False;False
gid://shopify/ProductVariant/46355751239975;PI01481;Default Title;13900.0;10500.0;5;gid://shopify/Product/8577870135591;Pingente Dolce Vita | Ouro Amarelo 18K e Crisoprásio;5;1;3;PI01481;PI01481;gid://shopify/ProductVariant/46355751239975;5.0;0.0;True;False
gid://shopify/ProductVariant/46355752517927;PI01484;Default Title;13900.0;10500.0;5;gid://shopify/Product/8577870299431;Pingente Dolce Vita | Ouro Amarelo 18K e Olho De Tigre;5;1;3;PI01484;PI01484;gid://shopify/ProductVariant/46355752517927;5.0;0.0;True;False
gid://shopify/ProductVariant/46355790758183;BR06494T;Default Title;20900.0;20900.0;0;gid://shopify/Product/8577874886951;Brinco Vita | Ouro Amarelo 18K com Quartzo e Safiras;0;1;3;BR06494T;BR06494T;gid://shopify/ProductVariant/46355790758183;0.0;0.0;False;False
gid://shopify/ProductVariant/46355792429351;PI01478;Default Title;10900.0;10900.0;1;gid://shopify/Product/8577875149095;Pingente Dolce Vita | Ouro Rosa 18K com Opala e Safiras;1;1;3;PI01478;PI01478;gid://shopify/ProductVariant/46355792429351;0.0;0.0;False;True
gid://shopify/ProductVariant/46356154155303;CL04313;Default Title;3500.0;3500.0;8;gid://shopify/Product/8577922335015;Colar JV MAN II | Prata Com Ouro Branco 18k;8;1;2;CL04313;CL04313;gid://shopify/ProductVariant/46356154155303;0.0;5.0;True;True
gid://shopify/ProductVariant/46356154351911;CL04314;Default Title;3500.0;3500.0;7;gid://shopify/Product/8577922466087;Colar JV MAN II De Prata Com Ródio Negro;7;1;2;CL04314;CL04314;gid://shopify/ProductVariant/46356154351911;0.0;5.0;True;True
gid://shopify/ProductVariant/46356154417447;CO01305;Default Title;1550.0;1550.0;8;gid://shopify/Product/8577922531623;Corrente JV MAN II De Prata Com Ródio Negro;8;1;2;CO01305;CO01305;gid://shopify/ProductVariant/46356154417447;0.0;5.0;True;True
gid://shopify/ProductVariant/46356154482983;CO01308;Default Title;1550.0;1550.0;10;gid://shopify/Product/8577922564391;Corrente JV MAN II De Prata Com Ouro Branco;10;1;2;CO01308;CO01308;gid://shopify/ProductVariant/46356154482983;0.0;5.0;True;True
gid://shopify/ProductVariant/46356154614055;PI01321;Default Title;1800.0;1800.0;9;gid://shopify/Product/8577922662695;Pingente JV MAN II De Prata Com Ródio Negro E Diamante Negro;9;1;2;PI01321;PI01321;gid://shopify/ProductVariant/46356154614055;0.0;5.0;True;True
gid://shopify/ProductVariant/46356157727015;PI01320;Default Title;1980.0;1980.0;9;gid://shopify/Product/8577922957607;Pingente JV MAN II De Prata Com Ródio Negro E Esmeralda;9;1;2;PI01320;PI01320;gid://shopify/ProductVariant/46356157727015;0.0;5.0;True;True
gid://shopify/ProductVariant/46356159562023;PI01315;Default Title;950.0;950.0;6;gid://shopify/Product/8577923219751;Pingente JV MAN II De Prata Com Ródio Negro E Ágata;6;1;2;PI01315;PI01315;gid://shopify/ProductVariant/46356159562023;0.0;5.0;True;True
gid://shopify/ProductVariant/46356164804903;PI01331;Default Title;950.0;950.0;9;gid://shopify/Product/8577923907879;Pingente JV MAN II | Prata Com Ródio Negro;9;1;3;PI01331;PI01331;gid://shopify/ProductVariant/46356164804903;0.0;5.0;True;True
gid://shopify/ProductVariant/46356165984551;PI01333;Default Title;950.0;950.0;6;gid://shopify/Product/8577924071719;Pingente JV MAN II | Prata Com Ouro Branco 18k;6;1;6;PI01333;PI01333;gid://shopify/ProductVariant/46356165984551;0.0;5.0;True;True
gid://shopify/ProductVariant/46356167262503;PU01853T;M;6500.0;6500.0;6;gid://shopify/Product/8577924268327;Pulseira JV MAN II | Prata Com Ródio Negro E Diamante Negro;11;2;2;PU01853T;PU01853T;gid://shopify/ProductVariant/46356167262503;0.0;5.0;True;True
gid://shopify/ProductVariant/46356170703143;PU01852T;P;6500.0;6500.0;5;gid://shopify/Product/8577925054759;Pulseira JV MAN II | Prata Com Ródio Negro e diamantes negros;11;2;1;PU01852T;PU01852T;gid://shopify/ProductVariant/46356170703143;0.0;5.0;True;False
gid://shopify/ProductVariant/46356181352743;PU01862T;PP;2700.0;2700.0;0;gid://shopify/Product/8577926824231;Pulseira JV MAN II De Prata Com Ródio Negro;0;1;0;PU01862T;PU01862T;gid://shopify/ProductVariant/46356181352743;0.0;0.0;False;False
gid://shopify/ProductVariant/46356183122215;PU01868T;P;2900.0;2900.0;9;gid://shopify/Product/8577927053607;Pulseira JV MAN II | Prata Com Ródio Negro;14;3;3;PU01868T;PU01868T;gid://shopify/ProductVariant/46356183122215;0.0;5.0;True;True
gid://shopify/ProductVariant/46356188561703;PU01873T;P;2900.0;2900.0;6;gid://shopify/Product/8577927676199;Pulseira JV MAN II | Prata Com Ouro Branco 18k;14;2;3;PU01873T;PU01873T;gid://shopify/ProductVariant/46356188561703;0.0;0.0;False;True
gid://shopify/ProductVariant/46356210614567;PU01855T;P;1590.0;1590.0;6;gid://shopify/Product/8577930985767;Pulseira JV MAN II | Prata Com Ródio Negro;24;4;2;PU01855T;PU01855T;gid://shopify/ProductVariant/46356210614567;0.0;5.0;True;True
gid://shopify/ProductVariant/46356211204391;PU01858T;P;1590.0;1590.0;5;gid://shopify/Product/8577931280679;Pulseira JV MAN II | Prata Com Ouro Branco 18k;24;4;2;PU01858T;PU01858T;gid://shopify/ProductVariant/46356211204391;0.0;5.0;True;False
gid://shopify/ProductVariant/46356289356071;PU01900T;P;1590.0;1590.0;5;gid://shopify/Product/8577941307687;Pulseira JV MAN II De Prata Com Ródio Negro Fosco;22;4;1;PU01900T;PU01900T;gid://shopify/ProductVariant/46356289356071;0.0;5.0;True;False
gid://shopify/ProductVariant/46356295876903;PU01904T;P;1590.0;1590.0;5;gid://shopify/Product/8577942192423;Pulseira JV MAN II | Prata Com Ouro Branco 18k Fosco;20;4;1;PU01904T;PU01904T;gid://shopify/ProductVariant/46356295876903;0.0;5.0;True;False
gid://shopify/ProductVariant/46356299809063;PU01885T;P;2700.0;2700.0;0;gid://shopify/Product/8577943175463;Pulseira JV MAN II | Prata Com Ouro Branco 18k Fosco;22;4;2;PU01885T;PU01885T;gid://shopify/ProductVariant/46356299809063;0.0;0.0;False;False
gid://shopify/ProductVariant/46356303970599;PU01890T;GG;2700.0;2700.0;7;gid://shopify/Product/8577943830823;Pulseira JV MAN II | Prata Com Ródio Negro Fosco;29;4;1;PU01890T;PU01890T;gid://shopify/ProductVariant/46356303970599;0.0;0.0;False;True
gid://shopify/ProductVariant/46356305084711;PU01892T;P;2900.0;2900.0;7;gid://shopify/Product/8577943961895;Pulseira JV MAN II | Prata Com Ródio Negro Fosco;7;1;2;PU01892T;PU01892T;gid://shopify/ProductVariant/46356305084711;0.0;5.0;True;True
gid://shopify/ProductVariant/46356306788647;PU01893T;P;2900.0;2900.0;5;gid://shopify/Product/8577944191271;Pulseira JV MAN II | Prata Com Ouro Branco 18k Fosco;5;1;2;PU01893T;PU01893T;gid://shopify/ProductVariant/46356306788647;0.0;0.0;False;True
gid://shopify/ProductVariant/46356311638311;PU01909T;M;6500.0;5900.0;6;gid://shopify/Product/8577944781095;Pulseira JV MAN II De Prata Com Ródio Negro Fosco E Diamante Negro;23;4;1;PU01909T;PU01909T;gid://shopify/ProductVariant/46356311638311;0.0;5.0;True;True
gid://shopify/ProductVariant/46356739948839;BR06212T;Default Title;1600.0;1600.0;10;gid://shopify/Product/8577997570343;Brinco Mini Argola Rock | Prata com Ouro Amarelo 18K;10;1;5;BR06212T;BR06212T;gid://shopify/ProductVariant/46356739948839;0.0;5.0;True;True
gid://shopify/ProductVariant/46356741456167;BR06209T;Default Title;2100.0;2100.0;13;gid://shopify/Product/8577997734183;Brinco Ear hook Rock | Prata com Ouro Amarelo 18K;13;1;5;BR06209T;BR06209T;gid://shopify/ProductVariant/46356741456167;0.0;5.0;True;True
gid://shopify/ProductVariant/46356780319015;BR06207T;Default Title;3200.0;3200.0;5;gid://shopify/Product/8578001436967;Brinco Dois Elos Rock Chain | Prata com Ouro Amarelo 18K;5;1;5;BR06207T;BR06207T;gid://shopify/ProductVariant/46356780319015;0.0;5.0;True;False
gid://shopify/ProductVariant/46356781859111;CL04525;Default Title;8900.0;8900.0;5;gid://shopify/Product/8578001633575;Colar Rock Chain | Prata com Ouro Amarelo 18K;5;1;4;CL04525;CL04525;gid://shopify/ProductVariant/46356781859111;0.0;5.0;True;False
gid://shopify/ProductVariant/46356783464743;PI01383;Default Title;1100.0;1100.0;8;gid://shopify/Product/8578001797415;Piercing Rock | Prata Com Ouro Amarelo 18K;8;1;4;PI01383;PI01383;gid://shopify/ProductVariant/46356783464743;0.0;5.0;True;True
gid://shopify/ProductVariant/46356787200295;PI01389;P;650.0;650.0;0;gid://shopify/Product/8578002256167;Pingente Rock Gota - P | Prata com Ouro Amarelo 18K e Quartzo;0;1;3;PI01389;PI01389;gid://shopify/ProductVariant/46356787200295;0.0;0.0;False;False
gid://shopify/ProductVariant/46356788019495;PI01391;P;700.0;700.0;0;gid://shopify/Product/8578002485543;Pingente Rock Retangular - P | Prata com Ouro Amarelo 18K e Quartzo;0;1;3;PI01391;PI01391;gid://shopify/ProductVariant/46356788019495;0.0;0.0;False;False
gid://shopify/ProductVariant/46356788117799;PI01392;P;700.0;700.0;0;gid://shopify/Product/8578002583847;Pingente Rock Retangular - P | Prata com Ouro Amarelo 18K e Ametista;0;1;3;PI01392;PI01392;gid://shopify/ProductVariant/46356788117799;0.0;0.0;False;False
gid://shopify/ProductVariant/46356788871463;PI01393;G;1300.0;1300.0;0;gid://shopify/Product/8578002682151;Pingente Rock Retangular - G | Prata com Ouro Amarelo 18K e Quartzo;0;1;3;PI01393;PI01393;gid://shopify/ProductVariant/46356788871463;0.0;0.0;False;False
gid://shopify/ProductVariant/46356789297447;PI01394;G;1300.0;1300.0;0;gid://shopify/Product/8578002780455;Pingente Rock Retangular - G | Prata com Ouro Amarelo 18K e Ametista;0;1;3;PI01394;PI01394;gid://shopify/ProductVariant/46356789297447;0.0;0.0;False;False
gid://shopify/ProductVariant/46356790083879;PI01395;P;650.0;650.0;0;gid://shopify/Product/8578002878759;Pingente Rock Gota - P | Prata com Ouro Amarelo 18K e Quartzo;0;1;3;PI01395;PI01395;gid://shopify/ProductVariant/46356790083879;0.0;0.0;False;False
gid://shopify/ProductVariant/46356792869159;PI01397;G;1050.0;1050.0;5;gid://shopify/Product/8578003173671;Pingente Rock Gota - G | Prata com Ouro Amarelo 18K e Quartzo;5;1;3;PI01397;PI01397;gid://shopify/ProductVariant/46356792869159;0.0;5.0;True;False
gid://shopify/ProductVariant/46356794474791;PI01398;G;1050.0;1050.0;0;gid://shopify/Product/8578003304743;Pingente Rock Gota - G | Prata com Ouro Amarelo 18K e Ametista;0;1;3;PI01398;PI01398;gid://shopify/ProductVariant/46356794474791;0.0;0.0;False;False
gid://shopify/ProductVariant/46356795621671;PI01460;P;700.0;700.0;0;gid://shopify/Product/8578003501351;Pingente Rock Chain - P | Prata Com Ouro Amarelo 18K E Quartzo;0;1;0;PI01460;PI01460;gid://shopify/ProductVariant/46356795621671;0.0;0.0;False;False
gid://shopify/ProductVariant/46356797718823;PI01461;P;700.0;700.0;0;gid://shopify/Product/8578003730727;Pingente Rock Chain De Prata Com Ouro Amarelo E Ametista - P;0;1;0;PI01461;PI01461;gid://shopify/ProductVariant/46356797718823;0.0;0.0;False;False
gid://shopify/ProductVariant/46356799652135;PI01462;P;650.0;650.0;0;gid://shopify/Product/8578004189479;Pingente Rock Chain De Prata Com Ouro Amarelo E Quartzo - P;0;1;0;PI01462;PI01462;gid://shopify/ProductVariant/46356799652135;0.0;0.0;False;False
gid://shopify/ProductVariant/46356800930087;PI01463;Default Title;2900.0;2900.0;0;gid://shopify/Product/8578004353319;Pingente Rock Gota - Maxi | Prata com Ouro Amarelo 18K e Quartzo;0;1;3;PI01463;PI01463;gid://shopify/ProductVariant/46356800930087;0.0;0.0;False;False
gid://shopify/ProductVariant/46356802502951;PI01466;Default Title;2900.0;2900.0;0;gid://shopify/Product/8578004549927;Pingente Rock Gota - Maxi | Prata com Ouro Amarelo 18K e Quartzo;0;1;2;PI01466;PI01466;gid://shopify/ProductVariant/46356802502951;0.0;0.0;False;False
gid://shopify/ProductVariant/46356803649831;PI01467;Default Title;2900.0;2900.0;0;gid://shopify/Product/8578004975911;Pingente Rock Retangular - Maxi | Prata com Ouro Amarelo 18K e Quartzo;0;1;2;PI01467;PI01467;gid://shopify/ProductVariant/46356803649831;0.0;0.0;False;False
gid://shopify/ProductVariant/46356804993319;PI01380;Default Title;450.0;450.0;6;gid://shopify/Product/8578005106983;Clip Rock | Prata Com Ouro Amarelo 18K;6;1;4;PI01380;PI01380;gid://shopify/ProductVariant/46356804993319;0.0;5.0;True;True
gid://shopify/ProductVariant/46356807024935;PU02014T;P;2800.0;2800.0;8;gid://shopify/Product/8578005369127;Bracelete Rock | Prata com Ouro Amarelo 18K;27;3;5;PU02014T;PU02014T;gid://shopify/ProductVariant/46356807024935;0.0;5.0;True;True
gid://shopify/ProductVariant/46356811415847;PU02067T;P;2800.0;2800.0;6;gid://shopify/Product/8578005827879;Bracelete Rock | Prata com Ródio Negro;19;3;3;PU02067T;PU02067T;gid://shopify/ProductVariant/46356811415847;0.0;5.0;True;True
gid://shopify/ProductVariant/46356815282471;PU02007T;P;5100.0;5100.0;5;gid://shopify/Product/8578006384935;Pulseira Rock Chain | Prata com Ouro Amarelo 18K;15;3;4;PU02007T;PU02007T;gid://shopify/ProductVariant/46356815282471;0.0;5.0;True;False
gid://shopify/ProductVariant/46356876001575;PI01464;Default Title;2900.0;2900.0;0;gid://shopify/Product/8578012283175;Pingente Rock Retangular - Maxi | Prata com Ouro Amarelo 18K e Quartzo Negro;0;1;2;PI01464;PI01464;gid://shopify/ProductVariant/46356876001575;0.0;0.0;False;False
gid://shopify/ProductVariant/46356879868199;AB01010;Default Title;8500.0;5100.0;0;gid://shopify/Product/8578013069607;ABOTOADURA JV MAN | PRATA COM RÓDIO NEGRO;0;1;1;AB01010;AB01010;gid://shopify/ProductVariant/46356879868199;0.0;0.0;False;False
gid://shopify/ProductVariant/46356881801511;AB01011;Default Title;1100.0;;6;gid://shopify/Product/8578013233447;ABOTUADURA JV MAN | PRATA COM OURO BRANCO 18K;6;1;2;AB01011;AB01011;gid://shopify/ProductVariant/46356881801511;0.0;5.0;True;True
gid://shopify/ProductVariant/46356883669287;CL01134;P;9900.0;8400.0;7;gid://shopify/Product/8578013364519;Colar JV MAN De Ouro Branco 18K Com Ródio Negro E Diamante Negro - P;7;1;2;CL01134;CL01134;gid://shopify/ProductVariant/46356883669287;5.0;0.0;True;True
gid://shopify/ProductVariant/46356885307687;CL01133;P;9900.0;8400.0;5;gid://shopify/Product/8578013528359;Colar JV MAN De Ouro Branco 18K E Diamante Negro - P;5;1;3;CL01133;CL01133;gid://shopify/ProductVariant/46356885307687;5.0;0.0;True;False
gid://shopify/ProductVariant/46356887142695;CL01116;Default Title;4100.0;4100.0;8;gid://shopify/Product/8578013757735;Colar JV MAN De Prata Com Ródio Negro E Diamante Negro;8;1;3;CL01116;CL01116;gid://shopify/ProductVariant/46356887142695;0.0;5.0;True;True
gid://shopify/ProductVariant/46357419032871;CO0939R;F;1900.0;1900.0;0;gid://shopify/Product/8578164850983;Pingente Letra De Ouro Rosa 18K E Diamante;0;8;0;CO0939R;CO0939R;gid://shopify/ProductVariant/46357419032871;0.0;0.0;False;False
gid://shopify/ProductVariant/46357419065639;CO0942R;I;1900.0;1900.0;0;gid://shopify/Product/8578164850983;Pingente Letra De Ouro Rosa 18K E Diamante;0;8;0;CO0942R;CO0942R;gid://shopify/ProductVariant/46357419065639;0.0;0.0;False;False
gid://shopify/ProductVariant/46357419098407;CO0950R;Q;1900.0;1900.0;0;gid://shopify/Product/8578164850983;Pingente Letra De Ouro Rosa 18K E Diamante;0;8;0;CO0950R;CO0950R;gid://shopify/ProductVariant/46357419098407;0.0;0.0;False;False
gid://shopify/ProductVariant/46357419131175;CO0954R;U;1900.0;1900.0;0;gid://shopify/Product/8578164850983;Pingente Letra De Ouro Rosa 18K E Diamante;0;8;0;CO0954R;CO0954R;gid://shopify/ProductVariant/46357419131175;0.0;0.0;False;False
gid://shopify/ProductVariant/46357419163943;CO0956R;W;2100.0;2100.0;0;gid://shopify/Product/8578164850983;Pingente Letra De Ouro Rosa 18K E Diamante;0;8;0;CO0956R;CO0956R;gid://shopify/ProductVariant/46357419163943;0.0;0.0;False;False
gid://shopify/ProductVariant/46357419196711;CO0957R;X;1900.0;1900.0;0;gid://shopify/Product/8578164850983;Pingente Letra De Ouro Rosa 18K E Diamante;0;8;0;CO0957R;CO0957R;gid://shopify/ProductVariant/46357419196711;0.0;0.0;False;False
gid://shopify/ProductVariant/46357419229479;CO0958R;Y;1900.0;1900.0;0;gid://shopify/Product/8578164850983;Pingente Letra De Ouro Rosa 18K E Diamante;0;8;0;CO0958R;CO0958R;gid://shopify/ProductVariant/46357419229479;0.0;0.0;False;False
gid://shopify/ProductVariant/46357419262247;CO0959R;Z;1800.0;1800.0;0;gid://shopify/Product/8578164850983;Pingente Letra De Ouro Rosa 18K E Diamante;0;8;0;CO0959R;CO0959R;gid://shopify/ProductVariant/46357419262247;0.0;0.0;False;False
gid://shopify/ProductVariant/46357420278055;CO0935A;B;2100.0;2100.0;0;gid://shopify/Product/8578165080359;Pingente Letra De Ouro Amarelo 18K E Diamante;2;8;0;CO0935A;CO0935A;gid://shopify/ProductVariant/46357420278055;0.0;0.0;False;False
gid://shopify/ProductVariant/46357420310823;CO0937A;D;2500.0;1900.0;1;gid://shopify/Product/8578165080359;Pingente Letra De Ouro Amarelo 18K E Diamante;2;8;0;CO0937A;CO0937A;gid://shopify/ProductVariant/46357420310823;0.0;0.0;False;True
gid://shopify/ProductVariant/46357420343591;CO0942A;I;2500.0;1900.0;1;gid://shopify/Product/8578165080359;Pingente Letra De Ouro Amarelo 18K E Diamante;2;8;0;CO0942A;CO0942A;gid://shopify/ProductVariant/46357420343591;0.0;0.0;False;True
gid://shopify/ProductVariant/46357420376359;CO0950A;Q;1900.0;1900.0;0;gid://shopify/Product/8578165080359;Pingente Letra De Ouro Amarelo 18K E Diamante;2;8;0;CO0950A;CO0950A;gid://shopify/ProductVariant/46357420376359;0.0;0.0;False;False
gid://shopify/ProductVariant/46357420409127;CO0954A;U;1900.0;1900.0;0;gid://shopify/Product/8578165080359;Pingente Letra De Ouro Amarelo 18K E Diamante;2;8;0;CO0954A;CO0954A;gid://shopify/ProductVariant/46357420409127;0.0;0.0;False;False
gid://shopify/ProductVariant/46357420441895;CO0956A;W;2100.0;2100.0;0;gid://shopify/Product/8578165080359;Pingente Letra De Ouro Amarelo 18K E Diamante;2;8;0;CO0956A;CO0956A;gid://shopify/ProductVariant/46357420441895;0.0;0.0;False;False
gid://shopify/ProductVariant/46357420474663;CO0957A;X;1900.0;1900.0;0;gid://shopify/Product/8578165080359;Pingente Letra De Ouro Amarelo 18K E Diamante;2;8;0;CO0957A;CO0957A;gid://shopify/ProductVariant/46357420474663;0.0;0.0;False;False
gid://shopify/ProductVariant/46357420507431;CO0958A;Y;1900.0;1900.0;0;gid://shopify/Product/8578165080359;Pingente Letra De Ouro Amarelo 18K E Diamante;2;8;0;CO0958A;CO0958A;gid://shopify/ProductVariant/46357420507431;0.0;0.0;False;False
gid://shopify/ProductVariant/46357420736807;CO0934B;A;1900.0;1900.0;0;gid://shopify/Product/8578165244199;Pingente Letra De Ouro Branco 18K E Diamante;5;23;0;CO0934B;CO0934B;gid://shopify/ProductVariant/46357420736807;0.0;0.0;False;False
gid://shopify/ProductVariant/46357420769575;CO0935B;B;2100.0;2100.0;0;gid://shopify/Product/8578165244199;Pingente Letra De Ouro Branco 18K E Diamante;5;23;0;CO0935B;CO0935B;gid://shopify/ProductVariant/46357420769575;0.0;0.0;False;False
gid://shopify/ProductVariant/46357420802343;CO0936B;C;1900.0;1900.0;0;gid://shopify/Product/8578165244199;Pingente Letra De Ouro Branco 18K E Diamante;5;23;0;CO0936B;CO0936B;gid://shopify/ProductVariant/46357420802343;0.0;0.0;False;False
gid://shopify/ProductVariant/46357420835111;CO0937B;D;1900.0;1900.0;0;gid://shopify/Product/8578165244199;Pingente Letra De Ouro Branco 18K E Diamante;5;23;0;CO0937B;CO0937B;gid://shopify/ProductVariant/46357420835111;0.0;0.0;False;False
gid://shopify/ProductVariant/46357420867879;CO0938B;E;1900.0;1900.0;0;gid://shopify/Product/8578165244199;Pingente Letra De Ouro Branco 18K E Diamante;5;23;0;CO0938B;CO0938B;gid://shopify/ProductVariant/46357420867879;0.0;0.0;False;False
gid://shopify/ProductVariant/46357420900647;CO0939B;F;1800.0;1800.0;0;gid://shopify/Product/8578165244199;Pingente Letra De Ouro Branco 18K E Diamante;5;23;0;CO0939B;CO0939B;gid://shopify/ProductVariant/46357420900647;0.0;0.0;False;False
gid://shopify/ProductVariant/46357420933415;CO0940B;G;2500.0;1900.0;1;gid://shopify/Product/8578165244199;Pingente Letra De Ouro Branco 18K E Diamante;5;23;0;CO0940B;CO0940B;gid://shopify/ProductVariant/46357420933415;0.0;0.0;False;True
gid://shopify/ProductVariant/46357420966183;CO0941B;H;1900.0;1900.0;0;gid://shopify/Product/8578165244199;Pingente Letra De Ouro Branco 18K E Diamante;5;23;0;CO0941B;CO0941B;gid://shopify/ProductVariant/46357420966183;0.0;0.0;False;False
gid://shopify/ProductVariant/46357420998951;CO0942B;I;1900.0;1900.0;0;gid://shopify/Product/8578165244199;Pingente Letra De Ouro Branco 18K E Diamante;5;23;0;CO0942B;CO0942B;gid://shopify/ProductVariant/46357420998951;0.0;0.0;False;False
gid://shopify/ProductVariant/46357421064487;CO0943B;J;1800.0;1800.0;0;gid://shopify/Product/8578165244199;Pingente Letra De Ouro Branco 18K E Diamante;5;23;0;CO0943B;CO0943B;gid://shopify/ProductVariant/46357421064487;0.0;0.0;False;False
gid://shopify/ProductVariant/46357421097255;CO0944B;K;1900.0;1900.0;0;gid://shopify/Product/8578165244199;Pingente Letra De Ouro Branco 18K E Diamante;5;23;0;CO0944B;CO0944B;gid://shopify/ProductVariant/46357421097255;0.0;0.0;False;False
gid://shopify/ProductVariant/46357421130023;CO0945B;L;1900.0;1900.0;0;gid://shopify/Product/8578165244199;Pingente Letra De Ouro Branco 18K E Diamante;5;23;0;CO0945B;CO0945B;gid://shopify/ProductVariant/46357421130023;0.0;0.0;False;False
gid://shopify/ProductVariant/46357421162791;CO0946B;M;1900.0;1900.0;0;gid://shopify/Product/8578165244199;Pingente Letra De Ouro Branco 18K E Diamante;5;23;0;CO0946B;CO0946B;gid://shopify/ProductVariant/46357421162791;0.0;0.0;False;False
gid://shopify/ProductVariant/46357421195559;CO0947B;N;2500.0;1900.0;1;gid://shopify/Product/8578165244199;Pingente Letra De Ouro Branco 18K E Diamante;5;23;0;CO0947B;CO0947B;gid://shopify/ProductVariant/46357421195559;0.0;0.0;False;True
gid://shopify/ProductVariant/46357421228327;CO0948B;O;2500.0;1900.0;1;gid://shopify/Product/8578165244199;Pingente Letra De Ouro Branco 18K E Diamante;5;23;0;CO0948B;CO0948B;gid://shopify/ProductVariant/46357421228327;0.0;0.0;False;True
gid://shopify/ProductVariant/46357421261095;CO0949B;P;1900.0;1900.0;0;gid://shopify/Product/8578165244199;Pingente Letra De Ouro Branco 18K E Diamante;5;23;0;CO0949B;CO0949B;gid://shopify/ProductVariant/46357421261095;0.0;0.0;False;False
gid://shopify/ProductVariant/46357421293863;CO0950B;Q;1900.0;1900.0;0;gid://shopify/Product/8578165244199;Pingente Letra De Ouro Branco 18K E Diamante;5;23;0;CO0950B;CO0950B;gid://shopify/ProductVariant/46357421293863;0.0;0.0;False;False
gid://shopify/ProductVariant/46357421326631;CO0951B;R;1900.0;1900.0;0;gid://shopify/Product/8578165244199;Pingente Letra De Ouro Branco 18K E Diamante;5;23;0;CO0951B;CO0951B;gid://shopify/ProductVariant/46357421326631;0.0;0.0;False;False
gid://shopify/ProductVariant/46357421359399;CO0954B;U;2500.0;1900.0;1;gid://shopify/Product/8578165244199;Pingente Letra De Ouro Branco 18K E Diamante;5;23;0;CO0954B;CO0954B;gid://shopify/ProductVariant/46357421359399;0.0;0.0;False;True
gid://shopify/ProductVariant/46357421392167;CO0956B;W;2100.0;2100.0;0;gid://shopify/Product/8578165244199;Pingente Letra De Ouro Branco 18K E Diamante;5;23;0;CO0956B;CO0956B;gid://shopify/ProductVariant/46357421392167;0.0;0.0;False;False
gid://shopify/ProductVariant/46357421424935;CO0957B;X;1900.0;1900.0;0;gid://shopify/Product/8578165244199;Pingente Letra De Ouro Branco 18K E Diamante;5;23;0;CO0957B;CO0957B;gid://shopify/ProductVariant/46357421424935;0.0;0.0;False;False
gid://shopify/ProductVariant/46357421457703;CO0958B;Y;1900.0;1900.0;0;gid://shopify/Product/8578165244199;Pingente Letra De Ouro Branco 18K E Diamante;5;23;0;CO0958B;CO0958B;gid://shopify/ProductVariant/46357421457703;0.0;0.0;False;False
gid://shopify/ProductVariant/46357421490471;CO0959B;Z;2500.0;1900.0;1;gid://shopify/Product/8578165244199;Pingente Letra De Ouro Branco 18K E Diamante;5;23;0;CO0959B;CO0959B;gid://shopify/ProductVariant/46357421490471;0.0;0.0;False;True
gid://shopify/ProductVariant/46358265463079;PI01428;A;1700.0;1400.0;5;gid://shopify/Product/8578290483495;Pingente Letra Rock Para Colar | Prata Com Ouro Amarelo 18K e Diamantes;150;26;29;PI01428;PI01428;gid://shopify/ProductVariant/46358265463079;0.0;5.0;True;False
gid://shopify/ProductVariant/46358265495847;PI01429;B;1700.0;1700.0;7;gid://shopify/Product/8578290483495;Pingente Letra Rock Para Colar | Prata Com Ouro Amarelo 18K e Diamantes;150;26;29;PI01429;PI01429;gid://shopify/ProductVariant/46358265495847;0.0;5.0;True;True
gid://shopify/ProductVariant/46358265528615;PI01430;C;1700.0;1400.0;5;gid://shopify/Product/8578290483495;Pingente Letra Rock Para Colar | Prata Com Ouro Amarelo 18K e Diamantes;150;26;29;PI01430;PI01430;gid://shopify/ProductVariant/46358265528615;0.0;5.0;True;False
gid://shopify/ProductVariant/46358265561383;PI01431;D;1700.0;1400.0;7;gid://shopify/Product/8578290483495;Pingente Letra Rock Para Colar | Prata Com Ouro Amarelo 18K e Diamantes;150;26;29;PI01431;PI01431;gid://shopify/ProductVariant/46358265561383;0.0;5.0;True;True
gid://shopify/ProductVariant/46358265594151;PI01432;E;1700.0;1400.0;5;gid://shopify/Product/8578290483495;Pingente Letra Rock Para Colar | Prata Com Ouro Amarelo 18K e Diamantes;150;26;29;PI01432;PI01432;gid://shopify/ProductVariant/46358265594151;0.0;5.0;True;False
gid://shopify/ProductVariant/46358265626919;PI01433;F;1700.0;1400.0;8;gid://shopify/Product/8578290483495;Pingente Letra Rock Para Colar | Prata Com Ouro Amarelo 18K e Diamantes;150;26;29;PI01433;PI01433;gid://shopify/ProductVariant/46358265626919;0.0;5.0;True;True
gid://shopify/ProductVariant/46358265659687;PI01434;G;1700.0;1400.0;6;gid://shopify/Product/8578290483495;Pingente Letra Rock Para Colar | Prata Com Ouro Amarelo 18K e Diamantes;150;26;29;PI01434;PI01434;gid://shopify/ProductVariant/46358265659687;0.0;5.0;True;True
gid://shopify/ProductVariant/46358265692455;PI01435;H;1700.0;1400.0;5;gid://shopify/Product/8578290483495;Pingente Letra Rock Para Colar | Prata Com Ouro Amarelo 18K e Diamantes;150;26;29;PI01435;PI01435;gid://shopify/ProductVariant/46358265692455;0.0;5.0;True;False
gid://shopify/ProductVariant/46358265725223;PI01436;I;1700.0;1400.0;5;gid://shopify/Product/8578290483495;Pingente Letra Rock Para Colar | Prata Com Ouro Amarelo 18K e Diamantes;150;26;29;PI01436;PI01436;gid://shopify/ProductVariant/46358265725223;0.0;5.0;True;False
gid://shopify/ProductVariant/46358265757991;PI01437;J;1700.0;1400.0;8;gid://shopify/Product/8578290483495;Pingente Letra Rock Para Colar | Prata Com Ouro Amarelo 18K e Diamantes;150;26;29;PI01437;PI01437;gid://shopify/ProductVariant/46358265757991;0.0;5.0;True;True
gid://shopify/ProductVariant/46358265790759;PI01438;K;1700.0;1400.0;5;gid://shopify/Product/8578290483495;Pingente Letra Rock Para Colar | Prata Com Ouro Amarelo 18K e Diamantes;150;26;29;PI01438;PI01438;gid://shopify/ProductVariant/46358265790759;0.0;5.0;True;False
gid://shopify/ProductVariant/46358265823527;PI01439;L;1700.0;1400.0;5;gid://shopify/Product/8578290483495;Pingente Letra Rock Para Colar | Prata Com Ouro Amarelo 18K e Diamantes;150;26;29;PI01439;PI01439;gid://shopify/ProductVariant/46358265823527;0.0;5.0;True;False
gid://shopify/ProductVariant/46358265856295;PI01440;M;1700.0;1400.0;5;gid://shopify/Product/8578290483495;Pingente Letra Rock Para Colar | Prata Com Ouro Amarelo 18K e Diamantes;150;26;29;PI01440;PI01440;gid://shopify/ProductVariant/46358265856295;0.0;5.0;True;False
gid://shopify/ProductVariant/46358265889063;PI01441;N;1700.0;1400.0;7;gid://shopify/Product/8578290483495;Pingente Letra Rock Para Colar | Prata Com Ouro Amarelo 18K e Diamantes;150;26;29;PI01441;PI01441;gid://shopify/ProductVariant/46358265889063;0.0;5.0;True;True
gid://shopify/ProductVariant/46358265921831;PI01442;O;1700.0;1700.0;8;gid://shopify/Product/8578290483495;Pingente Letra Rock Para Colar | Prata Com Ouro Amarelo 18K e Diamantes;150;26;29;PI01442;PI01442;gid://shopify/ProductVariant/46358265921831;0.0;5.0;True;True
gid://shopify/ProductVariant/46358265954599;PI01443;P;1700.0;1400.0;5;gid://shopify/Product/8578290483495;Pingente Letra Rock Para Colar | Prata Com Ouro Amarelo 18K e Diamantes;150;26;29;PI01443;PI01443;gid://shopify/ProductVariant/46358265954599;0.0;5.0;True;False
gid://shopify/ProductVariant/46358265987367;PI01444;Q;1700.0;1400.0;5;gid://shopify/Product/8578290483495;Pingente Letra Rock Para Colar | Prata Com Ouro Amarelo 18K e Diamantes;150;26;29;PI01444;PI01444;gid://shopify/ProductVariant/46358265987367;0.0;5.0;True;False
gid://shopify/ProductVariant/46358266020135;PI01445;R;1700.0;1400.0;7;gid://shopify/Product/8578290483495;Pingente Letra Rock Para Colar | Prata Com Ouro Amarelo 18K e Diamantes;150;26;29;PI01445;PI01445;gid://shopify/ProductVariant/46358266020135;0.0;5.0;True;True
gid://shopify/ProductVariant/46358266052903;PI01446;S;1700.0;1400.0;5;gid://shopify/Product/8578290483495;Pingente Letra Rock Para Colar | Prata Com Ouro Amarelo 18K e Diamantes;150;26;29;PI01446;PI01446;gid://shopify/ProductVariant/46358266052903;0.0;5.0;True;False
gid://shopify/ProductVariant/46358266085671;PI01447;T;1700.0;1400.0;5;gid://shopify/Product/8578290483495;Pingente Letra Rock Para Colar | Prata Com Ouro Amarelo 18K e Diamantes;150;26;29;PI01447;PI01447;gid://shopify/ProductVariant/46358266085671;0.0;5.0;True;False
gid://shopify/ProductVariant/46358266118439;PI01448;U;1700.0;1400.0;5;gid://shopify/Product/8578290483495;Pingente Letra Rock Para Colar | Prata Com Ouro Amarelo 18K e Diamantes;150;26;29;PI01448;PI01448;gid://shopify/ProductVariant/46358266118439;0.0;5.0;True;False
gid://shopify/ProductVariant/46358266151207;PI01449;V;1700.0;1400.0;5;gid://shopify/Product/8578290483495;Pingente Letra Rock Para Colar | Prata Com Ouro Amarelo 18K e Diamantes;150;26;29;PI01449;PI01449;gid://shopify/ProductVariant/46358266151207;0.0;5.0;True;False
gid://shopify/ProductVariant/46358266183975;PI01450;W;1700.0;1400.0;5;gid://shopify/Product/8578290483495;Pingente Letra Rock Para Colar | Prata Com Ouro Amarelo 18K e Diamantes;150;26;29;PI01450;PI01450;gid://shopify/ProductVariant/46358266183975;0.0;5.0;True;False
gid://shopify/ProductVariant/46358266216743;PI01451;X;1700.0;1400.0;5;gid://shopify/Product/8578290483495;Pingente Letra Rock Para Colar | Prata Com Ouro Amarelo 18K e Diamantes;150;26;29;PI01451;PI01451;gid://shopify/ProductVariant/46358266216743;0.0;5.0;True;False
gid://shopify/ProductVariant/46358266249511;PI01452;Y;1700.0;1400.0;5;gid://shopify/Product/8578290483495;Pingente Letra Rock Para Colar | Prata Com Ouro Amarelo 18K e Diamantes;150;26;29;PI01452;PI01452;gid://shopify/ProductVariant/46358266249511;0.0;5.0;True;False
gid://shopify/ProductVariant/46358266282279;PI01453;Z;1700.0;1400.0;7;gid://shopify/Product/8578290483495;Pingente Letra Rock Para Colar | Prata Com Ouro Amarelo 18K e Diamantes;150;26;29;PI01453;PI01453;gid://shopify/ProductVariant/46358266282279;0.0;5.0;True;True
gid://shopify/ProductVariant/46358387949863;PI01149;A;1000.0;1000.0;5;gid://shopify/Product/8578318860583;Pingente Letra Pop Para Colar - M | Prata Com Ouro Amarelo 18K;204;26;27;PI01149;PI01149;gid://shopify/ProductVariant/46358387949863;0.0;5.0;True;False
gid://shopify/ProductVariant/46358387982631;PI01150;B;1000.0;750.0;5;gid://shopify/Product/8578318860583;Pingente Letra Pop Para Colar - M | Prata Com Ouro Amarelo 18K;204;26;27;PI01150;PI01150;gid://shopify/ProductVariant/46358387982631;0.0;5.0;True;False
gid://shopify/ProductVariant/46358388015399;PI01151;C;1000.0;750.0;5;gid://shopify/Product/8578318860583;Pingente Letra Pop Para Colar - M | Prata Com Ouro Amarelo 18K;204;26;27;PI01151;PI01151;gid://shopify/ProductVariant/46358388015399;0.0;5.0;True;False
gid://shopify/ProductVariant/46358388048167;PI01152;D;1000.0;750.0;7;gid://shopify/Product/8578318860583;Pingente Letra Pop Para Colar - M | Prata Com Ouro Amarelo 18K;204;26;27;PI01152;PI01152;gid://shopify/ProductVariant/46358388048167;0.0;5.0;True;True
gid://shopify/ProductVariant/46358388080935;PI01153;E;1000.0;750.0;6;gid://shopify/Product/8578318860583;Pingente Letra Pop Para Colar - M | Prata Com Ouro Amarelo 18K;204;26;27;PI01153;PI01153;gid://shopify/ProductVariant/46358388080935;0.0;5.0;True;True
gid://shopify/ProductVariant/46358388113703;PI01154;F;1000.0;1000.0;7;gid://shopify/Product/8578318860583;Pingente Letra Pop Para Colar - M | Prata Com Ouro Amarelo 18K;204;26;27;PI01154;PI01154;gid://shopify/ProductVariant/46358388113703;0.0;5.0;True;True
gid://shopify/ProductVariant/46358388146471;PI01155;G;1000.0;750.0;6;gid://shopify/Product/8578318860583;Pingente Letra Pop Para Colar - M | Prata Com Ouro Amarelo 18K;204;26;27;PI01155;PI01155;gid://shopify/ProductVariant/46358388146471;0.0;5.0;True;True
gid://shopify/ProductVariant/46358388179239;PI01156;H;1000.0;750.0;7;gid://shopify/Product/8578318860583;Pingente Letra Pop Para Colar - M | Prata Com Ouro Amarelo 18K;204;26;27;PI01156;PI01156;gid://shopify/ProductVariant/46358388179239;0.0;5.0;True;True
gid://shopify/ProductVariant/46358388212007;PI01157;I;1000.0;750.0;7;gid://shopify/Product/8578318860583;Pingente Letra Pop Para Colar - M | Prata Com Ouro Amarelo 18K;204;26;27;PI01157;PI01157;gid://shopify/ProductVariant/46358388212007;0.0;5.0;True;True
gid://shopify/ProductVariant/46358388244775;PI01158;J;1000.0;750.0;8;gid://shopify/Product/8578318860583;Pingente Letra Pop Para Colar - M | Prata Com Ouro Amarelo 18K;204;26;27;PI01158;PI01158;gid://shopify/ProductVariant/46358388244775;0.0;5.0;True;True
gid://shopify/ProductVariant/46358388277543;PI01159;K;1000.0;750.0;9;gid://shopify/Product/8578318860583;Pingente Letra Pop Para Colar - M | Prata Com Ouro Amarelo 18K;204;26;27;PI01159;PI01159;gid://shopify/ProductVariant/46358388277543;0.0;5.0;True;True
gid://shopify/ProductVariant/46358388310311;PI01160;L;1000.0;750.0;5;gid://shopify/Product/8578318860583;Pingente Letra Pop Para Colar - M | Prata Com Ouro Amarelo 18K;204;26;27;PI01160;PI01160;gid://shopify/ProductVariant/46358388310311;0.0;5.0;True;False
gid://shopify/ProductVariant/46358388343079;PI01161;M;1000.0;750.0;5;gid://shopify/Product/8578318860583;Pingente Letra Pop Para Colar - M | Prata Com Ouro Amarelo 18K;204;26;27;PI01161;PI01161;gid://shopify/ProductVariant/46358388343079;0.0;5.0;True;False
gid://shopify/ProductVariant/46358388375847;PI01162;N;1000.0;1000.0;8;gid://shopify/Product/8578318860583;Pingente Letra Pop Para Colar - M | Prata Com Ouro Amarelo 18K;204;26;27;PI01162;PI01162;gid://shopify/ProductVariant/46358388375847;0.0;5.0;True;True
gid://shopify/ProductVariant/46358388408615;PI01163;O;1000.0;750.0;9;gid://shopify/Product/8578318860583;Pingente Letra Pop Para Colar - M | Prata Com Ouro Amarelo 18K;204;26;27;PI01163;PI01163;gid://shopify/ProductVariant/46358388408615;0.0;5.0;True;True
gid://shopify/ProductVariant/46358388441383;PI01164;P;1000.0;750.0;6;gid://shopify/Product/8578318860583;Pingente Letra Pop Para Colar - M | Prata Com Ouro Amarelo 18K;204;26;27;PI01164;PI01164;gid://shopify/ProductVariant/46358388441383;0.0;5.0;True;True
gid://shopify/ProductVariant/46358388474151;PI01165;Q;1000.0;1000.0;7;gid://shopify/Product/8578318860583;Pingente Letra Pop Para Colar - M | Prata Com Ouro Amarelo 18K;204;26;27;PI01165;PI01165;gid://shopify/ProductVariant/46358388474151;0.0;5.0;True;True
gid://shopify/ProductVariant/46358388506919;PI01166;R;1000.0;750.0;8;gid://shopify/Product/8578318860583;Pingente Letra Pop Para Colar - M | Prata Com Ouro Amarelo 18K;204;26;27;PI01166;PI01166;gid://shopify/ProductVariant/46358388506919;0.0;5.0;True;True
gid://shopify/ProductVariant/46358388539687;PI01167;S;1000.0;750.0;8;gid://shopify/Product/8578318860583;Pingente Letra Pop Para Colar - M | Prata Com Ouro Amarelo 18K;204;26;27;PI01167;PI01167;gid://shopify/ProductVariant/46358388539687;0.0;5.0;True;True
gid://shopify/ProductVariant/46358388572455;PI01168;T;1000.0;750.0;7;gid://shopify/Product/8578318860583;Pingente Letra Pop Para Colar - M | Prata Com Ouro Amarelo 18K;204;26;27;PI01168;PI01168;gid://shopify/ProductVariant/46358388572455;0.0;5.0;True;True
gid://shopify/ProductVariant/46358388605223;PI01169;U;1000.0;1000.0;15;gid://shopify/Product/8578318860583;Pingente Letra Pop Para Colar - M | Prata Com Ouro Amarelo 18K;204;26;27;PI01169;PI01169;gid://shopify/ProductVariant/46358388605223;0.0;5.0;True;True
gid://shopify/ProductVariant/46358388637991;PI01170;V;1000.0;750.0;5;gid://shopify/Product/8578318860583;Pingente Letra Pop Para Colar - M | Prata Com Ouro Amarelo 18K;204;26;27;PI01170;PI01170;gid://shopify/ProductVariant/46358388637991;0.0;5.0;True;False
gid://shopify/ProductVariant/46358388670759;PI01171;W;1000.0;1000.0;13;gid://shopify/Product/8578318860583;Pingente Letra Pop Para Colar - M | Prata Com Ouro Amarelo 18K;204;26;27;PI01171;PI01171;gid://shopify/ProductVariant/46358388670759;0.0;5.0;True;True
gid://shopify/ProductVariant/46358388703527;PI01172;X;1000.0;1000.0;15;gid://shopify/Product/8578318860583;Pingente Letra Pop Para Colar - M | Prata Com Ouro Amarelo 18K;204;26;27;PI01172;PI01172;gid://shopify/ProductVariant/46358388703527;0.0;5.0;True;True
gid://shopify/ProductVariant/46358388736295;PI01173;Y;1000.0;1000.0;13;gid://shopify/Product/8578318860583;Pingente Letra Pop Para Colar - M | Prata Com Ouro Amarelo 18K;204;26;27;PI01173;PI01173;gid://shopify/ProductVariant/46358388736295;0.0;5.0;True;True
gid://shopify/ProductVariant/46358388769063;PI01174;Z;1000.0;1000.0;8;gid://shopify/Product/8578318860583;Pingente Letra Pop Para Colar - M | Prata Com Ouro Amarelo 18K;204;26;27;PI01174;PI01174;gid://shopify/ProductVariant/46358388769063;0.0;5.0;True;True
gid://shopify/ProductVariant/46358389227815;PI01098;A;1000.0;750.0;29;gid://shopify/Product/8578319089959;Pingente Letra Pop para Brinco | Prata com Ouro Amarelo 18K;400;26;28;PI01098;PI01098;gid://shopify/ProductVariant/46358389227815;0.0;5.0;True;True
gid://shopify/ProductVariant/46358389260583;PI01099;B;1000.0;1000.0;8;gid://shopify/Product/8578319089959;Pingente Letra Pop para Brinco | Prata com Ouro Amarelo 18K;400;26;28;PI01099;PI01099;gid://shopify/ProductVariant/46358389260583;0.0;5.0;True;True
gid://shopify/ProductVariant/46358389293351;PI01100;C;1000.0;750.0;6;gid://shopify/Product/8578319089959;Pingente Letra Pop para Brinco | Prata com Ouro Amarelo 18K;400;26;28;PI01100;PI01100;gid://shopify/ProductVariant/46358389293351;0.0;5.0;True;True
gid://shopify/ProductVariant/46358389326119;PI01101;D;1000.0;1000.0;13;gid://shopify/Product/8578319089959;Pingente Letra Pop para Brinco | Prata com Ouro Amarelo 18K;400;26;28;PI01101;PI01101;gid://shopify/ProductVariant/46358389326119;0.0;5.0;True;True
gid://shopify/ProductVariant/46358389358887;PI01102;E;1000.0;750.0;36;gid://shopify/Product/8578319089959;Pingente Letra Pop para Brinco | Prata com Ouro Amarelo 18K;400;26;28;PI01102;PI01102;gid://shopify/ProductVariant/46358389358887;0.0;5.0;True;True
gid://shopify/ProductVariant/46358389391655;PI01103;F;1000.0;1000.0;10;gid://shopify/Product/8578319089959;Pingente Letra Pop para Brinco | Prata com Ouro Amarelo 18K;400;26;28;PI01103;PI01103;gid://shopify/ProductVariant/46358389391655;0.0;5.0;True;True
gid://shopify/ProductVariant/46358389424423;PI01104;G;1000.0;750.0;6;gid://shopify/Product/8578319089959;Pingente Letra Pop para Brinco | Prata com Ouro Amarelo 18K;400;26;28;PI01104;PI01104;gid://shopify/ProductVariant/46358389424423;0.0;5.0;True;True
gid://shopify/ProductVariant/46358389457191;PI01105;H;1000.0;750.0;8;gid://shopify/Product/8578319089959;Pingente Letra Pop para Brinco | Prata com Ouro Amarelo 18K;400;26;28;PI01105;PI01105;gid://shopify/ProductVariant/46358389457191;0.0;5.0;True;True
gid://shopify/ProductVariant/46358389489959;PI01106;I;1000.0;1000.0;16;gid://shopify/Product/8578319089959;Pingente Letra Pop para Brinco | Prata com Ouro Amarelo 18K;400;26;28;PI01106;PI01106;gid://shopify/ProductVariant/46358389489959;0.0;5.0;True;True
gid://shopify/ProductVariant/46358389522727;PI01107;J;1000.0;1000.0;10;gid://shopify/Product/8578319089959;Pingente Letra Pop para Brinco | Prata com Ouro Amarelo 18K;400;26;28;PI01107;PI01107;gid://shopify/ProductVariant/46358389522727;0.0;5.0;True;True
gid://shopify/ProductVariant/46358389555495;PI01108;K;1000.0;1000.0;13;gid://shopify/Product/8578319089959;Pingente Letra Pop para Brinco | Prata com Ouro Amarelo 18K;400;26;28;PI01108;PI01108;gid://shopify/ProductVariant/46358389555495;0.0;5.0;True;True
gid://shopify/ProductVariant/46358389588263;PI01109;L;1000.0;750.0;36;gid://shopify/Product/8578319089959;Pingente Letra Pop para Brinco | Prata com Ouro Amarelo 18K;400;26;28;PI01109;PI01109;gid://shopify/ProductVariant/46358389588263;0.0;5.0;True;True
gid://shopify/ProductVariant/46358389621031;PI01110;M;1000.0;750.0;5;gid://shopify/Product/8578319089959;Pingente Letra Pop para Brinco | Prata com Ouro Amarelo 18K;400;26;28;PI01110;PI01110;gid://shopify/ProductVariant/46358389621031;0.0;5.0;True;False
gid://shopify/ProductVariant/46358389653799;PI01111;N;1000.0;750.0;14;gid://shopify/Product/8578319089959;Pingente Letra Pop para Brinco | Prata com Ouro Amarelo 18K;400;26;28;PI01111;PI01111;gid://shopify/ProductVariant/46358389653799;0.0;5.0;True;True
gid://shopify/ProductVariant/46358389686567;PI01112;O;1000.0;1000.0;13;gid://shopify/Product/8578319089959;Pingente Letra Pop para Brinco | Prata com Ouro Amarelo 18K;400;26;28;PI01112;PI01112;gid://shopify/ProductVariant/46358389686567;0.0;5.0;True;True
gid://shopify/ProductVariant/46358389719335;PI01113;P;1000.0;1000.0;6;gid://shopify/Product/8578319089959;Pingente Letra Pop para Brinco | Prata com Ouro Amarelo 18K;400;26;28;PI01113;PI01113;gid://shopify/ProductVariant/46358389719335;0.0;5.0;True;True
gid://shopify/ProductVariant/46358389752103;PI01114;Q;1000.0;750.0;12;gid://shopify/Product/8578319089959;Pingente Letra Pop para Brinco | Prata com Ouro Amarelo 18K;400;26;28;PI01114;PI01114;gid://shopify/ProductVariant/46358389752103;0.0;5.0;True;True
gid://shopify/ProductVariant/46358389784871;PI01115;R;1000.0;1000.0;48;gid://shopify/Product/8578319089959;Pingente Letra Pop para Brinco | Prata com Ouro Amarelo 18K;400;26;28;PI01115;PI01115;gid://shopify/ProductVariant/46358389784871;0.0;5.0;True;True
gid://shopify/ProductVariant/46358389817639;PI01116;S;1000.0;1000.0;21;gid://shopify/Product/8578319089959;Pingente Letra Pop para Brinco | Prata com Ouro Amarelo 18K;400;26;28;PI01116;PI01116;gid://shopify/ProductVariant/46358389817639;0.0;5.0;True;True
gid://shopify/ProductVariant/46358389850407;PI01117;T;1000.0;1000.0;21;gid://shopify/Product/8578319089959;Pingente Letra Pop para Brinco | Prata com Ouro Amarelo 18K;400;26;28;PI01117;PI01117;gid://shopify/ProductVariant/46358389850407;0.0;5.0;True;True
gid://shopify/ProductVariant/46358389883175;PI01118;U;1000.0;1000.0;14;gid://shopify/Product/8578319089959;Pingente Letra Pop para Brinco | Prata com Ouro Amarelo 18K;400;26;28;PI01118;PI01118;gid://shopify/ProductVariant/46358389883175;0.0;5.0;True;True
gid://shopify/ProductVariant/46358389915943;PI01119;V;1000.0;750.0;7;gid://shopify/Product/8578319089959;Pingente Letra Pop para Brinco | Prata com Ouro Amarelo 18K;400;26;28;PI01119;PI01119;gid://shopify/ProductVariant/46358389915943;0.0;5.0;True;True
gid://shopify/ProductVariant/46358389948711;PI01120;W;1000.0;1000.0;18;gid://shopify/Product/8578319089959;Pingente Letra Pop para Brinco | Prata com Ouro Amarelo 18K;400;26;28;PI01120;PI01120;gid://shopify/ProductVariant/46358389948711;0.0;5.0;True;True
gid://shopify/ProductVariant/46358389981479;PI01121;X;1000.0;1000.0;11;gid://shopify/Product/8578319089959;Pingente Letra Pop para Brinco | Prata com Ouro Amarelo 18K;400;26;28;PI01121;PI01121;gid://shopify/ProductVariant/46358389981479;0.0;5.0;True;True
gid://shopify/ProductVariant/46358390014247;PI01122;Y;1000.0;1000.0;12;gid://shopify/Product/8578319089959;Pingente Letra Pop para Brinco | Prata com Ouro Amarelo 18K;400;26;28;PI01122;PI01122;gid://shopify/ProductVariant/46358390014247;0.0;5.0;True;True
gid://shopify/ProductVariant/46358390047015;PI01123;Z;1000.0;1000.0;7;gid://shopify/Product/8578319089959;Pingente Letra Pop para Brinco | Prata com Ouro Amarelo 18K;400;26;28;PI01123;PI01123;gid://shopify/ProductVariant/46358390047015;0.0;5.0;True;True
gid://shopify/ProductVariant/46358393225511;PI01072;A;1200.0;900.0;5;gid://shopify/Product/8578319286567;Pingente Letra Pop Para Colar - G | Prata Com Ouro Amarelo 18K;259;26;28;PI01072;PI01072;gid://shopify/ProductVariant/46358393225511;0.0;5.0;True;False
gid://shopify/ProductVariant/46358393258279;PI01073;B;1200.0;900.0;10;gid://shopify/Product/8578319286567;Pingente Letra Pop Para Colar - G | Prata Com Ouro Amarelo 18K;259;26;28;PI01073;PI01073;gid://shopify/ProductVariant/46358393258279;0.0;5.0;True;True
gid://shopify/ProductVariant/46358393291047;PI01074;C;1200.0;900.0;5;gid://shopify/Product/8578319286567;Pingente Letra Pop Para Colar - G | Prata Com Ouro Amarelo 18K;259;26;28;PI01074;PI01074;gid://shopify/ProductVariant/46358393291047;0.0;5.0;True;False
gid://shopify/ProductVariant/46358393323815;PI01075;D;1200.0;900.0;6;gid://shopify/Product/8578319286567;Pingente Letra Pop Para Colar - G | Prata Com Ouro Amarelo 18K;259;26;28;PI01075;PI01075;gid://shopify/ProductVariant/46358393323815;0.0;5.0;True;True
gid://shopify/ProductVariant/46358393356583;PI01076;E;1200.0;900.0;8;gid://shopify/Product/8578319286567;Pingente Letra Pop Para Colar - G | Prata Com Ouro Amarelo 18K;259;26;28;PI01076;PI01076;gid://shopify/ProductVariant/46358393356583;0.0;5.0;True;True
gid://shopify/ProductVariant/46358393389351;PI01077;F;1200.0;900.0;13;gid://shopify/Product/8578319286567;Pingente Letra Pop Para Colar - G | Prata Com Ouro Amarelo 18K;259;26;28;PI01077;PI01077;gid://shopify/ProductVariant/46358393389351;0.0;5.0;True;True
gid://shopify/ProductVariant/46358393422119;PI01078;G;1200.0;900.0;6;gid://shopify/Product/8578319286567;Pingente Letra Pop Para Colar - G | Prata Com Ouro Amarelo 18K;259;26;28;PI01078;PI01078;gid://shopify/ProductVariant/46358393422119;0.0;5.0;True;True
gid://shopify/ProductVariant/46358393454887;PI01079;H;1200.0;900.0;5;gid://shopify/Product/8578319286567;Pingente Letra Pop Para Colar - G | Prata Com Ouro Amarelo 18K;259;26;28;PI01079;PI01079;gid://shopify/ProductVariant/46358393454887;0.0;5.0;True;False
gid://shopify/ProductVariant/46358393487655;PI01080;I;1200.0;900.0;6;gid://shopify/Product/8578319286567;Pingente Letra Pop Para Colar - G | Prata Com Ouro Amarelo 18K;259;26;28;PI01080;PI01080;gid://shopify/ProductVariant/46358393487655;0.0;5.0;True;True
gid://shopify/ProductVariant/46358393520423;PI01081;J;1200.0;900.0;8;gid://shopify/Product/8578319286567;Pingente Letra Pop Para Colar - G | Prata Com Ouro Amarelo 18K;259;26;28;PI01081;PI01081;gid://shopify/ProductVariant/46358393520423;0.0;5.0;True;True
gid://shopify/ProductVariant/46358393553191;PI01082;K;1200.0;1200.0;9;gid://shopify/Product/8578319286567;Pingente Letra Pop Para Colar - G | Prata Com Ouro Amarelo 18K;259;26;28;PI01082;PI01082;gid://shopify/ProductVariant/46358393553191;0.0;5.0;True;True
gid://shopify/ProductVariant/46358393585959;PI01083;L;1200.0;900.0;8;gid://shopify/Product/8578319286567;Pingente Letra Pop Para Colar - G | Prata Com Ouro Amarelo 18K;259;26;28;PI01083;PI01083;gid://shopify/ProductVariant/46358393585959;0.0;5.0;True;True
gid://shopify/ProductVariant/46358393618727;PI01084;M;1200.0;900.0;5;gid://shopify/Product/8578319286567;Pingente Letra Pop Para Colar - G | Prata Com Ouro Amarelo 18K;259;26;28;PI01084;PI01084;gid://shopify/ProductVariant/46358393618727;0.0;5.0;True;False
gid://shopify/ProductVariant/46358393651495;PI01085;N;1200.0;900.0;8;gid://shopify/Product/8578319286567;Pingente Letra Pop Para Colar - G | Prata Com Ouro Amarelo 18K;259;26;28;PI01085;PI01085;gid://shopify/ProductVariant/46358393651495;0.0;5.0;True;True
gid://shopify/ProductVariant/46358393684263;PI01086;O;1200.0;1200.0;9;gid://shopify/Product/8578319286567;Pingente Letra Pop Para Colar - G | Prata Com Ouro Amarelo 18K;259;26;28;PI01086;PI01086;gid://shopify/ProductVariant/46358393684263;0.0;5.0;True;True
gid://shopify/ProductVariant/46358393717031;PI01087;P;1200.0;900.0;7;gid://shopify/Product/8578319286567;Pingente Letra Pop Para Colar - G | Prata Com Ouro Amarelo 18K;259;26;28;PI01087;PI01087;gid://shopify/ProductVariant/46358393717031;0.0;5.0;True;True
gid://shopify/ProductVariant/46358393749799;PI01088;Q;1200.0;1200.0;18;gid://shopify/Product/8578319286567;Pingente Letra Pop Para Colar - G | Prata Com Ouro Amarelo 18K;259;26;28;PI01088;PI01088;gid://shopify/ProductVariant/46358393749799;0.0;5.0;True;True
gid://shopify/ProductVariant/46358393782567;PI01089;R;1200.0;1200.0;9;gid://shopify/Product/8578319286567;Pingente Letra Pop Para Colar - G | Prata Com Ouro Amarelo 18K;259;26;28;PI01089;PI01089;gid://shopify/ProductVariant/46358393782567;0.0;5.0;True;True
gid://shopify/ProductVariant/46358393848103;PI01090;S;1200.0;900.0;8;gid://shopify/Product/8578319286567;Pingente Letra Pop Para Colar - G | Prata Com Ouro Amarelo 18K;259;26;28;PI01090;PI01090;gid://shopify/ProductVariant/46358393848103;0.0;5.0;True;True
gid://shopify/ProductVariant/46358393880871;PI01091;T;1200.0;900.0;51;gid://shopify/Product/8578319286567;Pingente Letra Pop Para Colar - G | Prata Com Ouro Amarelo 18K;259;26;28;PI01091;PI01091;gid://shopify/ProductVariant/46358393880871;0.0;5.0;True;True
gid://shopify/ProductVariant/46358393913639;PI01092;U;1200.0;1200.0;18;gid://shopify/Product/8578319286567;Pingente Letra Pop Para Colar - G | Prata Com Ouro Amarelo 18K;259;26;28;PI01092;PI01092;gid://shopify/ProductVariant/46358393913639;0.0;5.0;True;True
gid://shopify/ProductVariant/46358393946407;PI01093;V;1200.0;900.0;5;gid://shopify/Product/8578319286567;Pingente Letra Pop Para Colar - G | Prata Com Ouro Amarelo 18K;259;26;28;PI01093;PI01093;gid://shopify/ProductVariant/46358393946407;0.0;5.0;True;False
gid://shopify/ProductVariant/46358393979175;PI01094;W;1200.0;900.0;8;gid://shopify/Product/8578319286567;Pingente Letra Pop Para Colar - G | Prata Com Ouro Amarelo 18K;259;26;28;PI01094;PI01094;gid://shopify/ProductVariant/46358393979175;0.0;5.0;True;True
gid://shopify/ProductVariant/46358394011943;PI01095;X;1200.0;1200.0;12;gid://shopify/Product/8578319286567;Pingente Letra Pop Para Colar - G | Prata Com Ouro Amarelo 18K;259;26;28;PI01095;PI01095;gid://shopify/ProductVariant/46358394011943;0.0;5.0;True;True
gid://shopify/ProductVariant/46358394044711;PI01096;Y;1200.0;1200.0;7;gid://shopify/Product/8578319286567;Pingente Letra Pop Para Colar - G | Prata Com Ouro Amarelo 18K;259;26;28;PI01096;PI01096;gid://shopify/ProductVariant/46358394044711;0.0;5.0;True;True
gid://shopify/ProductVariant/46358394077479;PI01097;Z;1200.0;900.0;5;gid://shopify/Product/8578319286567;Pingente Letra Pop Para Colar - G | Prata Com Ouro Amarelo 18K;259;26;28;PI01097;PI01097;gid://shopify/ProductVariant/46358394077479;0.0;5.0;True;False
gid://shopify/ProductVariant/46358729228583;CL04548;P;6700.0;6700.0;0;gid://shopify/Product/8578411102503;Colar Black Leopardo | Prata com Ródio Negro;1;3;2;CL04548;CL04548;gid://shopify/ProductVariant/46358729228583;0.0;0.0;False;False
gid://shopify/ProductVariant/46358729261351;CL04549;M;6700.0;6700.0;0;gid://shopify/Product/8578411102503;Colar Black Leopardo | Prata com Ródio Negro;1;3;2;CL04549;CL04549;gid://shopify/ProductVariant/46358729261351;0.0;0.0;False;False
gid://shopify/ProductVariant/46358729294119;CL04550;G;6700.0;6700.0;1;gid://shopify/Product/8578411102503;Colar Black Leopardo | Prata com Ródio Negro;1;3;2;CL04550;CL04550;gid://shopify/ProductVariant/46358729294119;0.0;0.0;False;True
gid://shopify/ProductVariant/46358730375463;PU02039T;PP;3500.0;3500.0;0;gid://shopify/Product/8578411659559;Pulseira Black Leopardo | Prata com Ródio Negro;2;3;4;PU02039T;PU02039T;gid://shopify/ProductVariant/46358730375463;0.0;0.0;False;False
gid://shopify/ProductVariant/46358730408231;PU02036T;M;3500.0;3500.0;0;gid://shopify/Product/8578411659559;Pulseira Black Leopardo | Prata com Ródio Negro;2;3;4;PU02036T;PU02036T;gid://shopify/ProductVariant/46358730408231;0.0;0.0;False;False
gid://shopify/ProductVariant/46358730440999;PU02038T;G;3500.0;3500.0;2;gid://shopify/Product/8578411659559;Pulseira Black Leopardo | Prata com Ródio Negro;2;3;4;PU02038T;PU02038T;gid://shopify/ProductVariant/46358730440999;0.0;0.0;False;True
gid://shopify/ProductVariant/46358753411367;PU02080T;P;2800.0;2800.0;6;gid://shopify/Product/8578425356583;Pulseira Mare | Prata com Ouro Amarelo 18K;18;3;4;PU02080T;PU02080T;gid://shopify/ProductVariant/46358753411367;0.0;5.0;True;True
gid://shopify/ProductVariant/46358753444135;PU02076T;M;2800.0;2800.0;5;gid://shopify/Product/8578425356583;Pulseira Mare | Prata com Ouro Amarelo 18K;18;3;4;PU02076T;PU02076T;gid://shopify/ProductVariant/46358753444135;0.0;5.0;True;False
gid://shopify/ProductVariant/46358753476903;PU02079T;G;2800.0;2800.0;7;gid://shopify/Product/8578425356583;Pulseira Mare | Prata com Ouro Amarelo 18K;18;3;4;PU02079T;PU02079T;gid://shopify/ProductVariant/46358753476903;0.0;5.0;True;True
gid://shopify/ProductVariant/46358760849703;PU02077T;P;4900.0;4900.0;7;gid://shopify/Product/8578429944103;Cuff Mare Maxi | Prata com Ouro Amarelo 18K;24;3;4;PU02077T;PU02077T;gid://shopify/ProductVariant/46358760849703;0.0;5.0;True;True
gid://shopify/ProductVariant/46358760882471;PU02075T;M;4900.0;4900.0;6;gid://shopify/Product/8578429944103;Cuff Mare Maxi | Prata com Ouro Amarelo 18K;24;3;4;PU02075T;PU02075T;gid://shopify/ProductVariant/46358760882471;0.0;5.0;True;True
gid://shopify/ProductVariant/46358760915239;PU02078T;G;4900.0;4900.0;11;gid://shopify/Product/8578429944103;Cuff Mare Maxi | Prata com Ouro Amarelo 18K;24;3;4;PU02078T;PU02078T;gid://shopify/ProductVariant/46358760915239;0.0;5.0;True;True
gid://shopify/ProductVariant/46358771466535;PU01729T;P;3900.0;3900.0;6;gid://shopify/Product/8578434957607;Pulseira Riviera De Prata Com Ouro Amarelo;19;3;2;PU01729T;PU01729T;gid://shopify/ProductVariant/46358771466535;0.0;5.0;True;True
gid://shopify/ProductVariant/46358771499303;PU01730T;M;3900.0;3900.0;7;gid://shopify/Product/8578434957607;Pulseira Riviera De Prata Com Ouro Amarelo;19;3;2;PU01730T;PU01730T;gid://shopify/ProductVariant/46358771499303;0.0;5.0;True;True
gid://shopify/ProductVariant/46358771532071;PU01731T;G;3900.0;3900.0;6;gid://shopify/Product/8578434957607;Pulseira Riviera De Prata Com Ouro Amarelo;19;3;2;PU01731T;PU01731T;gid://shopify/ProductVariant/46358771532071;0.0;5.0;True;True
gid://shopify/ProductVariant/46358773203239;PU01735T;P;2150.0;2150.0;8;gid://shopify/Product/8578435481895;Pulseira Riviera De Prata Com Ouro Amarelo;21;3;3;PU01735T;PU01735T;gid://shopify/ProductVariant/46358773203239;0.0;5.0;True;True
gid://shopify/ProductVariant/46358773268775;PU01736T;M;2150.0;2150.0;7;gid://shopify/Product/8578435481895;Pulseira Riviera De Prata Com Ouro Amarelo;21;3;3;PU01736T;PU01736T;gid://shopify/ProductVariant/46358773268775;0.0;5.0;True;True
gid://shopify/ProductVariant/46358773301543;PU01737T;G;2150.0;2150.0;6;gid://shopify/Product/8578435481895;Pulseira Riviera De Prata Com Ouro Amarelo;21;3;3;PU01737T;PU01737T;gid://shopify/ProductVariant/46358773301543;0.0;5.0;True;True
gid://shopify/ProductVariant/46358778642727;PU01937T;P;2200.0;2200.0;8;gid://shopify/Product/8578438136103;Pulseira Pop Chain De Prata Com Ouro Amarelo;13;2;3;PU01937T;PU01937T;gid://shopify/ProductVariant/46358778642727;0.0;5.0;True;True
gid://shopify/ProductVariant/46358778675495;PU01945T;G;2200.0;2200.0;5;gid://shopify/Product/8578438136103;Pulseira Pop Chain De Prata Com Ouro Amarelo;13;2;3;PU01945T;PU01945T;gid://shopify/ProductVariant/46358778675495;0.0;5.0;True;False
gid://shopify/ProductVariant/46358779953447;PU01938T;P;1950.0;1950.0;5;gid://shopify/Product/8578438824231;Pulseira Pop Chain De Prata Com Ródio Negro;5;2;3;PU01938T;PU01938T;gid://shopify/ProductVariant/46358779953447;0.0;0.0;False;True
gid://shopify/ProductVariant/46358779986215;PU01946T;G;1950.0;1950.0;0;gid://shopify/Product/8578438824231;Pulseira Pop Chain De Prata Com Ródio Negro;5;2;3;PU01946T;PU01946T;gid://shopify/ProductVariant/46358779986215;0.0;0.0;False;False
gid://shopify/ProductVariant/46358793257255;CL04478;P;6700.0;6700.0;7;gid://shopify/Product/8578445705511;Colar Leopardo De Prata Com Ouro Amarelo;17;4;6;CL04478;CL04478;gid://shopify/ProductVariant/46358793257255;0.0;5.0;True;True
gid://shopify/ProductVariant/46358793290023;CL04479;M;6700.0;6700.0;5;gid://shopify/Product/8578445705511;Colar Leopardo De Prata Com Ouro Amarelo;17;4;6;CL04479;CL04479;gid://shopify/ProductVariant/46358793290023;0.0;5.0;True;False
gid://shopify/ProductVariant/46358793322791;CL04490;G;6700.0;6700.0;5;gid://shopify/Product/8578445705511;Colar Leopardo De Prata Com Ouro Amarelo;17;4;6;CL04490;CL04490;gid://shopify/ProductVariant/46358793322791;0.0;5.0;True;False
gid://shopify/ProductVariant/46358793847079;PU01965T;P;3500.0;3500.0;5;gid://shopify/Product/8578446229799;Pulseira Leopardo De Prata Com Ouro Amarelo;25;4;5;PU01965T;PU01965T;gid://shopify/ProductVariant/46358793847079;0.0;5.0;True;False
gid://shopify/ProductVariant/46358793879847;PU01966T;M;3500.0;3500.0;5;gid://shopify/Product/8578446229799;Pulseira Leopardo De Prata Com Ouro Amarelo;25;4;5;PU01966T;PU01966T;gid://shopify/ProductVariant/46358793879847;0.0;5.0;True;False
gid://shopify/ProductVariant/46358793912615;PU01967T;G;3500.0;3500.0;6;gid://shopify/Product/8578446229799;Pulseira Leopardo De Prata Com Ouro Amarelo;25;4;5;PU01967T;PU01967T;gid://shopify/ProductVariant/46358793912615;0.0;5.0;True;True
gid://shopify/ProductVariant/46358796632359;PU01714T;P;34000.0;27000.0;0;gid://shopify/Product/8578447868199;Pulseira Voyeur De Ouro Branco 18K Com Ródio Negro E Diamante;0;2;2;PU01714T;PU01714T;gid://shopify/ProductVariant/46358796632359;0.0;0.0;False;False
gid://shopify/ProductVariant/46358796665127;PU01715T;G;33000.0;31000.0;0;gid://shopify/Product/8578447868199;Pulseira Voyeur De Ouro Branco 18K Com Ródio Negro E Diamante;0;2;2;PU01715T;PU01715T;gid://shopify/ProductVariant/46358796665127;0.0;0.0;False;False
gid://shopify/ProductVariant/46358797156647;PU01716T;P;20900.0;18000.0;5;gid://shopify/Product/8578448359719;Pulseira Voyeur De Ouro Branco 18K Com Ródio Negro E Diamante Negro;10;2;2;PU01716T;PU01716T;gid://shopify/ProductVariant/46358797156647;5.0;0.0;True;False
gid://shopify/ProductVariant/46358797189415;PU01717T;G;23500.0;20000.0;5;gid://shopify/Product/8578448359719;Pulseira Voyeur De Ouro Branco 18K Com Ródio Negro E Diamante Negro;10;2;2;PU01717T;PU01717T;gid://shopify/ProductVariant/46358797189415;5.0;0.0;True;False
gid://shopify/ProductVariant/46358798074151;PU01712T;P;38000.0;32000.0;0;gid://shopify/Product/8578448916775;Pulseira Voyeur De Ouro Branco 18K E Diamante;10;3;2;PU01712T;PU01712T;gid://shopify/ProductVariant/46358798074151;0.0;0.0;False;False
gid://shopify/ProductVariant/46358798106919;PU01703T;M;48500.0;34000.0;5;gid://shopify/Product/8578448916775;Pulseira Voyeur De Ouro Branco 18K E Diamante;10;3;2;PU01703T;PU01703T;gid://shopify/ProductVariant/46358798106919;5.0;0.0;True;False
gid://shopify/ProductVariant/46358798139687;PU01713T;G;50900.0;36000.0;5;gid://shopify/Product/8578448916775;Pulseira Voyeur De Ouro Branco 18K E Diamante;10;3;2;PU01713T;PU01713T;gid://shopify/ProductVariant/46358798139687;5.0;0.0;True;False
gid://shopify/ProductVariant/46390856548647;PI01071;Default Title;580.0;580.0;22;gid://shopify/Product/8582010962215;Pingente Pop De Prata Com Ouro Amarelo;22;1;2;PI01071;PI01071;gid://shopify/ProductVariant/46390856548647;0.0;0.0;False;True
gid://shopify/ProductVariant/46390856909095;PI01128;G;1080.0;1080.0;5;gid://shopify/Product/8582011224359;Pingente Pop - G | Prata com Ouro Amarelo 18K;5;1;2;PI01128;PI01128;gid://shopify/ProductVariant/46390856909095;0.0;5.0;True;False
gid://shopify/ProductVariant/46390856941863;PI01132;P;650.0;650.0;4;gid://shopify/Product/8582011257127;Pingente Pop óculos - P | Prata Com Ouro Amarelo 18K;4;1;3;PI01132;PI01132;gid://shopify/ProductVariant/46390856941863;0.0;0.0;False;True
gid://shopify/ProductVariant/46390856974631;PI01133;P;650.0;650.0;18;gid://shopify/Product/8582011289895;Pingente Pop Sorriso - P | Prata Com Ouro Amarelo 18K;18;1;3;PI01133;PI01133;gid://shopify/ProductVariant/46390856974631;0.0;0.0;False;True
gid://shopify/ProductVariant/46390857072935;PI01134;P;850.0;850.0;0;gid://shopify/Product/8582011355431;Pingente Pop Coração - P | Prata com Ouro Amarelo 18K;0;1;3;PI01134;PI01134;gid://shopify/ProductVariant/46390857072935;0.0;0.0;False;False
gid://shopify/ProductVariant/46390858055975;PI01136;Default Title;1000.0;1000.0;11;gid://shopify/Product/8582011453735;Pingente Pop | Prata com Ouro Amarelo 18K;11;1;3;PI01136;PI01136;gid://shopify/ProductVariant/46390858055975;0.0;0.0;False;True
gid://shopify/ProductVariant/46390860906791;PI01139;Default Title;650.0;650.0;8;gid://shopify/Product/8582011650343;Pingente Pop óculos | Prata Com Ouro Amarelo 18k;8;1;0;PI01139;PI01139;gid://shopify/ProductVariant/46390860906791;0.0;0.0;False;True
gid://shopify/ProductVariant/46390861005095;PI01141;Default Title;850.0;850.0;6;gid://shopify/Product/8582011715879;Pingente Pop | Prata Com Ouro Amarelo 18k;6;1;0;PI01141;PI01141;gid://shopify/ProductVariant/46390861005095;0.0;5.0;True;True
gid://shopify/ProductVariant/46390876242215;PI01145;G;900.0;900.0;4;gid://shopify/Product/8582014763303;Pingente Pop - G | Prata com Ouro Amarelo 18K;4;1;3;PI01145;PI01145;gid://shopify/ProductVariant/46390876242215;0.0;0.0;False;True
gid://shopify/ProductVariant/46390876602663;PI01296;Default Title;1000.0;750.0;5;gid://shopify/Product/8582014894375;Pingente Pop | Prata Com Ouro Amarelo 18K;5;1;0;PI01296;PI01296;gid://shopify/ProductVariant/46390876602663;0.0;5.0;True;False
gid://shopify/ProductVariant/46393436569895;AN02482-10;10;15900.0;13000.0;5;gid://shopify/Product/8582654230823;ANEL 15 ANOS | OURO BRANCO 18K COM RÓDIO NEGRO E DIAMANTES;65;13;3;AN02482;AN02482-10;gid://shopify/ProductVariant/46393436569895;5.0;0.0;True;False
gid://shopify/ProductVariant/46393436602663;AN02482-11;11;15900.0;13000.0;5;gid://shopify/Product/8582654230823;ANEL 15 ANOS | OURO BRANCO 18K COM RÓDIO NEGRO E DIAMANTES;65;13;3;AN02482;AN02482-11;gid://shopify/ProductVariant/46393436602663;5.0;0.0;True;False
gid://shopify/ProductVariant/46393436635431;AN02482-12;12;15900.0;13000.0;5;gid://shopify/Product/8582654230823;ANEL 15 ANOS | OURO BRANCO 18K COM RÓDIO NEGRO E DIAMANTES;65;13;3;AN02482;AN02482-12;gid://shopify/ProductVariant/46393436635431;5.0;0.0;True;False
gid://shopify/ProductVariant/46393436668199;AN02482-13;13;15900.0;13000.0;5;gid://shopify/Product/8582654230823;ANEL 15 ANOS | OURO BRANCO 18K COM RÓDIO NEGRO E DIAMANTES;65;13;3;AN02482;AN02482-13;gid://shopify/ProductVariant/46393436668199;5.0;0.0;True;False
gid://shopify/ProductVariant/46393436700967;AN02482-14;14;15900.0;13000.0;5;gid://shopify/Product/8582654230823;ANEL 15 ANOS | OURO BRANCO 18K COM RÓDIO NEGRO E DIAMANTES;65;13;3;AN02482;AN02482-14;gid://shopify/ProductVariant/46393436700967;5.0;0.0;True;False
gid://shopify/ProductVariant/46393436733735;AN02482-15;15;15900.0;13000.0;5;gid://shopify/Product/8582654230823;ANEL 15 ANOS | OURO BRANCO 18K COM RÓDIO NEGRO E DIAMANTES;65;13;3;AN02482;AN02482-15;gid://shopify/ProductVariant/46393436733735;5.0;0.0;True;False
gid://shopify/ProductVariant/46393436766503;AN02482-16;16;15900.0;13000.0;5;gid://shopify/Product/8582654230823;ANEL 15 ANOS | OURO BRANCO 18K COM RÓDIO NEGRO E DIAMANTES;65;13;3;AN02482;AN02482-16;gid://shopify/ProductVariant/46393436766503;5.0;0.0;True;False
gid://shopify/ProductVariant/46393436799271;AN02482-17;17;15900.0;13000.0;5;gid://shopify/Product/8582654230823;ANEL 15 ANOS | OURO BRANCO 18K COM RÓDIO NEGRO E DIAMANTES;65;13;3;AN02482;AN02482-17;gid://shopify/ProductVariant/46393436799271;5.0;0.0;True;False
gid://shopify/ProductVariant/46393436832039;AN02482-18;18;15900.0;13000.0;5;gid://shopify/Product/8582654230823;ANEL 15 ANOS | OURO BRANCO 18K COM RÓDIO NEGRO E DIAMANTES;65;13;3;AN02482;AN02482-18;gid://shopify/ProductVariant/46393436832039;5.0;0.0;True;False
gid://shopify/ProductVariant/46393436864807;AN02482-19;19;15900.0;13000.0;5;gid://shopify/Product/8582654230823;ANEL 15 ANOS | OURO BRANCO 18K COM RÓDIO NEGRO E DIAMANTES;65;13;3;AN02482;AN02482-19;gid://shopify/ProductVariant/46393436864807;5.0;0.0;True;False
gid://shopify/ProductVariant/46393436897575;AN02482-20;20;15900.0;13000.0;5;gid://shopify/Product/8582654230823;ANEL 15 ANOS | OURO BRANCO 18K COM RÓDIO NEGRO E DIAMANTES;65;13;3;AN02482;AN02482-20;gid://shopify/ProductVariant/46393436897575;5.0;0.0;True;False
gid://shopify/ProductVariant/46393436930343;AN02482-21;21;15900.0;13000.0;5;gid://shopify/Product/8582654230823;ANEL 15 ANOS | OURO BRANCO 18K COM RÓDIO NEGRO E DIAMANTES;65;13;3;AN02482;AN02482-21;gid://shopify/ProductVariant/46393436930343;5.0;0.0;True;False
gid://shopify/ProductVariant/46393436963111;AN02482-22;22;15900.0;13000.0;5;gid://shopify/Product/8582654230823;ANEL 15 ANOS | OURO BRANCO 18K COM RÓDIO NEGRO E DIAMANTES;65;13;3;AN02482;AN02482-22;gid://shopify/ProductVariant/46393436963111;5.0;0.0;True;False
gid://shopify/ProductVariant/46393437094183;AN02949-10;10;21500.0;17000.0;5;gid://shopify/Product/8582654296359;ANEL 15 ANOS | OURO BRANCO 18K COM RÓDIO NEGRO E DIAMANTES;66;13;3;AN02949;AN02949-10;gid://shopify/ProductVariant/46393437094183;5.0;0.0;True;False
gid://shopify/ProductVariant/46393437126951;AN02949-11;11;21500.0;17000.0;5;gid://shopify/Product/8582654296359;ANEL 15 ANOS | OURO BRANCO 18K COM RÓDIO NEGRO E DIAMANTES;66;13;3;AN02949;AN02949-11;gid://shopify/ProductVariant/46393437126951;5.0;0.0;True;False
gid://shopify/ProductVariant/46393437159719;AN02949-12;12;21500.0;17000.0;5;gid://shopify/Product/8582654296359;ANEL 15 ANOS | OURO BRANCO 18K COM RÓDIO NEGRO E DIAMANTES;66;13;3;AN02949;AN02949-12;gid://shopify/ProductVariant/46393437159719;5.0;0.0;True;False
gid://shopify/ProductVariant/46393437192487;AN02949-13;13;21500.0;17000.0;5;gid://shopify/Product/8582654296359;ANEL 15 ANOS | OURO BRANCO 18K COM RÓDIO NEGRO E DIAMANTES;66;13;3;AN02949;AN02949-13;gid://shopify/ProductVariant/46393437192487;5.0;0.0;True;False
gid://shopify/ProductVariant/46393437225255;AN02949-14;14;21500.0;17000.0;5;gid://shopify/Product/8582654296359;ANEL 15 ANOS | OURO BRANCO 18K COM RÓDIO NEGRO E DIAMANTES;66;13;3;AN02949;AN02949-14;gid://shopify/ProductVariant/46393437225255;5.0;0.0;True;False
gid://shopify/ProductVariant/46393437258023;AN02949-15;15;21500.0;17000.0;5;gid://shopify/Product/8582654296359;ANEL 15 ANOS | OURO BRANCO 18K COM RÓDIO NEGRO E DIAMANTES;66;13;3;AN02949;AN02949-15;gid://shopify/ProductVariant/46393437258023;5.0;0.0;True;False
gid://shopify/ProductVariant/46393437290791;AN02949-16;16;21500.0;17000.0;6;gid://shopify/Product/8582654296359;ANEL 15 ANOS | OURO BRANCO 18K COM RÓDIO NEGRO E DIAMANTES;66;13;3;AN02949;AN02949-16;gid://shopify/ProductVariant/46393437290791;5.0;0.0;True;True
gid://shopify/ProductVariant/46393437323559;AN02949-17;17;21500.0;17000.0;5;gid://shopify/Product/8582654296359;ANEL 15 ANOS | OURO BRANCO 18K COM RÓDIO NEGRO E DIAMANTES;66;13;3;AN02949;AN02949-17;gid://shopify/ProductVariant/46393437323559;5.0;0.0;True;False
gid://shopify/ProductVariant/46393437356327;AN02949-18;18;21500.0;17000.0;5;gid://shopify/Product/8582654296359;ANEL 15 ANOS | OURO BRANCO 18K COM RÓDIO NEGRO E DIAMANTES;66;13;3;AN02949;AN02949-18;gid://shopify/ProductVariant/46393437356327;5.0;0.0;True;False
gid://shopify/ProductVariant/46393437389095;AN02949-19;19;21500.0;17000.0;5;gid://shopify/Product/8582654296359;ANEL 15 ANOS | OURO BRANCO 18K COM RÓDIO NEGRO E DIAMANTES;66;13;3;AN02949;AN02949-19;gid://shopify/ProductVariant/46393437389095;5.0;0.0;True;False
gid://shopify/ProductVariant/46393437421863;AN02949-20;20;21500.0;17000.0;5;gid://shopify/Product/8582654296359;ANEL 15 ANOS | OURO BRANCO 18K COM RÓDIO NEGRO E DIAMANTES;66;13;3;AN02949;AN02949-20;gid://shopify/ProductVariant/46393437421863;5.0;0.0;True;False
gid://shopify/ProductVariant/46393437454631;AN02949-21;21;21500.0;17000.0;5;gid://shopify/Product/8582654296359;ANEL 15 ANOS | OURO BRANCO 18K COM RÓDIO NEGRO E DIAMANTES;66;13;3;AN02949;AN02949-21;gid://shopify/ProductVariant/46393437454631;5.0;0.0;True;False
gid://shopify/ProductVariant/46393437487399;AN02949-22;22;21500.0;17000.0;5;gid://shopify/Product/8582654296359;ANEL 15 ANOS | OURO BRANCO 18K COM RÓDIO NEGRO E DIAMANTES;66;13;3;AN02949;AN02949-22;gid://shopify/ProductVariant/46393437487399;5.0;0.0;True;False
gid://shopify/ProductVariant/46393437749543;AN02483-10;10;26500.0;21000.0;5;gid://shopify/Product/8582654427431;ANEL 15 ANOS | OURO BRANCO 18K E DIAMANTES;65;13;3;AN02483;AN02483-10;gid://shopify/ProductVariant/46393437749543;5.0;0.0;True;False
gid://shopify/ProductVariant/46393437782311;AN02483-11;11;26500.0;21000.0;5;gid://shopify/Product/8582654427431;ANEL 15 ANOS | OURO BRANCO 18K E DIAMANTES;65;13;3;AN02483;AN02483-11;gid://shopify/ProductVariant/46393437782311;5.0;0.0;True;False
gid://shopify/ProductVariant/46393437815079;AN02483-12;12;26500.0;21000.0;5;gid://shopify/Product/8582654427431;ANEL 15 ANOS | OURO BRANCO 18K E DIAMANTES;65;13;3;AN02483;AN02483-12;gid://shopify/ProductVariant/46393437815079;5.0;0.0;True;False
gid://shopify/ProductVariant/46393437847847;AN02483-13;13;26500.0;21000.0;5;gid://shopify/Product/8582654427431;ANEL 15 ANOS | OURO BRANCO 18K E DIAMANTES;65;13;3;AN02483;AN02483-13;gid://shopify/ProductVariant/46393437847847;5.0;0.0;True;False
gid://shopify/ProductVariant/46393437880615;AN02483-14;14;26500.0;21000.0;5;gid://shopify/Product/8582654427431;ANEL 15 ANOS | OURO BRANCO 18K E DIAMANTES;65;13;3;AN02483;AN02483-14;gid://shopify/ProductVariant/46393437880615;5.0;0.0;True;False
gid://shopify/ProductVariant/46393437913383;AN02483-15;15;26500.0;21000.0;5;gid://shopify/Product/8582654427431;ANEL 15 ANOS | OURO BRANCO 18K E DIAMANTES;65;13;3;AN02483;AN02483-15;gid://shopify/ProductVariant/46393437913383;5.0;0.0;True;False
gid://shopify/ProductVariant/46393437946151;AN02483-16;16;26500.0;21000.0;5;gid://shopify/Product/8582654427431;ANEL 15 ANOS | OURO BRANCO 18K E DIAMANTES;65;13;3;AN02483;AN02483-16;gid://shopify/ProductVariant/46393437946151;5.0;0.0;True;False
gid://shopify/ProductVariant/46393437978919;AN02483-17;17;26500.0;21000.0;5;gid://shopify/Product/8582654427431;ANEL 15 ANOS | OURO BRANCO 18K E DIAMANTES;65;13;3;AN02483;AN02483-17;gid://shopify/ProductVariant/46393437978919;5.0;0.0;True;False
gid://shopify/ProductVariant/46393438011687;AN02483-18;18;26500.0;21000.0;5;gid://shopify/Product/8582654427431;ANEL 15 ANOS | OURO BRANCO 18K E DIAMANTES;65;13;3;AN02483;AN02483-18;gid://shopify/ProductVariant/46393438011687;5.0;0.0;True;False
gid://shopify/ProductVariant/46393438044455;AN02483-19;19;26500.0;21000.0;5;gid://shopify/Product/8582654427431;ANEL 15 ANOS | OURO BRANCO 18K E DIAMANTES;65;13;3;AN02483;AN02483-19;gid://shopify/ProductVariant/46393438044455;5.0;0.0;True;False
gid://shopify/ProductVariant/46393438077223;AN02483-20;20;26500.0;21000.0;5;gid://shopify/Product/8582654427431;ANEL 15 ANOS | OURO BRANCO 18K E DIAMANTES;65;13;3;AN02483;AN02483-20;gid://shopify/ProductVariant/46393438077223;5.0;0.0;True;False
gid://shopify/ProductVariant/46393438109991;AN02483-21;21;26500.0;21000.0;5;gid://shopify/Product/8582654427431;ANEL 15 ANOS | OURO BRANCO 18K E DIAMANTES;65;13;3;AN02483;AN02483-21;gid://shopify/ProductVariant/46393438109991;5.0;0.0;True;False
gid://shopify/ProductVariant/46393438142759;AN02483-22;22;26500.0;21000.0;5;gid://shopify/Product/8582654427431;ANEL 15 ANOS | OURO BRANCO 18K E DIAMANTES;65;13;3;AN02483;AN02483-22;gid://shopify/ProductVariant/46393438142759;5.0;0.0;True;False
gid://shopify/ProductVariant/46393440469287;AN03338-10;10;3200.0;3100.0;0;gid://shopify/Product/8582654820647;ANEL BLOSSOM | PRATA COM RÓDIO NEGRO E SAFIRA;0;13;3;AN03338;AN03338-10;gid://shopify/ProductVariant/46393440469287;0.0;0.0;False;False
gid://shopify/ProductVariant/46393440502055;AN03338-11;11;3200.0;3100.0;0;gid://shopify/Product/8582654820647;ANEL BLOSSOM | PRATA COM RÓDIO NEGRO E SAFIRA;0;13;3;AN03338;AN03338-11;gid://shopify/ProductVariant/46393440502055;0.0;0.0;False;False
gid://shopify/ProductVariant/46393440534823;AN03338-12;12;3200.0;3100.0;0;gid://shopify/Product/8582654820647;ANEL BLOSSOM | PRATA COM RÓDIO NEGRO E SAFIRA;0;13;3;AN03338;AN03338-12;gid://shopify/ProductVariant/46393440534823;0.0;0.0;False;False
gid://shopify/ProductVariant/46393440567591;AN03338-13;13;3200.0;3100.0;0;gid://shopify/Product/8582654820647;ANEL BLOSSOM | PRATA COM RÓDIO NEGRO E SAFIRA;0;13;3;AN03338;AN03338-13;gid://shopify/ProductVariant/46393440567591;0.0;0.0;False;False
gid://shopify/ProductVariant/46393440600359;AN03338-14;14;3200.0;3100.0;0;gid://shopify/Product/8582654820647;ANEL BLOSSOM | PRATA COM RÓDIO NEGRO E SAFIRA;0;13;3;AN03338;AN03338-14;gid://shopify/ProductVariant/46393440600359;0.0;0.0;False;False
gid://shopify/ProductVariant/46393440633127;AN03338-15;15;3200.0;3100.0;0;gid://shopify/Product/8582654820647;ANEL BLOSSOM | PRATA COM RÓDIO NEGRO E SAFIRA;0;13;3;AN03338;AN03338-15;gid://shopify/ProductVariant/46393440633127;0.0;0.0;False;False
gid://shopify/ProductVariant/46393440665895;AN03338-16;16;3200.0;3100.0;0;gid://shopify/Product/8582654820647;ANEL BLOSSOM | PRATA COM RÓDIO NEGRO E SAFIRA;0;13;3;AN03338;AN03338-16;gid://shopify/ProductVariant/46393440665895;0.0;0.0;False;False
gid://shopify/ProductVariant/46393440698663;AN03338-17;17;3200.0;3100.0;0;gid://shopify/Product/8582654820647;ANEL BLOSSOM | PRATA COM RÓDIO NEGRO E SAFIRA;0;13;3;AN03338;AN03338-17;gid://shopify/ProductVariant/46393440698663;0.0;0.0;False;False
gid://shopify/ProductVariant/46393440731431;AN03338-18;18;3200.0;3100.0;0;gid://shopify/Product/8582654820647;ANEL BLOSSOM | PRATA COM RÓDIO NEGRO E SAFIRA;0;13;3;AN03338;AN03338-18;gid://shopify/ProductVariant/46393440731431;0.0;0.0;False;False
gid://shopify/ProductVariant/46393440764199;AN03338-19;19;3200.0;3100.0;0;gid://shopify/Product/8582654820647;ANEL BLOSSOM | PRATA COM RÓDIO NEGRO E SAFIRA;0;13;3;AN03338;AN03338-19;gid://shopify/ProductVariant/46393440764199;0.0;0.0;False;False
gid://shopify/ProductVariant/46393440796967;AN03338-20;20;3200.0;3100.0;0;gid://shopify/Product/8582654820647;ANEL BLOSSOM | PRATA COM RÓDIO NEGRO E SAFIRA;0;13;3;AN03338;AN03338-20;gid://shopify/ProductVariant/46393440796967;0.0;0.0;False;False
gid://shopify/ProductVariant/46393440829735;AN03338-21;21;3200.0;3100.0;0;gid://shopify/Product/8582654820647;ANEL BLOSSOM | PRATA COM RÓDIO NEGRO E SAFIRA;0;13;3;AN03338;AN03338-21;gid://shopify/ProductVariant/46393440829735;0.0;0.0;False;False
gid://shopify/ProductVariant/46393440862503;AN03338-22;22;3200.0;3100.0;0;gid://shopify/Product/8582654820647;ANEL BLOSSOM | PRATA COM RÓDIO NEGRO E SAFIRA;0;13;3;AN03338;AN03338-22;gid://shopify/ProductVariant/46393440862503;0.0;0.0;False;False
gid://shopify/ProductVariant/46393441812775;AN03342-10;10;1600.0;1400.0;0;gid://shopify/Product/8582654984487;ANEL BLOSSOM | PRATA COM RÓDIO NEGRO E SAFIRA;0;13;3;AN03342;AN03342-10;gid://shopify/ProductVariant/46393441812775;0.0;0.0;False;False
gid://shopify/ProductVariant/46393441845543;AN03342-11;11;1600.0;1400.0;0;gid://shopify/Product/8582654984487;ANEL BLOSSOM | PRATA COM RÓDIO NEGRO E SAFIRA;0;13;3;AN03342;AN03342-11;gid://shopify/ProductVariant/46393441845543;0.0;0.0;False;False
gid://shopify/ProductVariant/46393441878311;AN03342-12;12;1600.0;1400.0;0;gid://shopify/Product/8582654984487;ANEL BLOSSOM | PRATA COM RÓDIO NEGRO E SAFIRA;0;13;3;AN03342;AN03342-12;gid://shopify/ProductVariant/46393441878311;0.0;0.0;False;False
gid://shopify/ProductVariant/46393441911079;AN03342-13;13;1600.0;1400.0;0;gid://shopify/Product/8582654984487;ANEL BLOSSOM | PRATA COM RÓDIO NEGRO E SAFIRA;0;13;3;AN03342;AN03342-13;gid://shopify/ProductVariant/46393441911079;0.0;0.0;False;False
gid://shopify/ProductVariant/46393441943847;AN03342-14;14;1600.0;1400.0;0;gid://shopify/Product/8582654984487;ANEL BLOSSOM | PRATA COM RÓDIO NEGRO E SAFIRA;0;13;3;AN03342;AN03342-14;gid://shopify/ProductVariant/46393441943847;0.0;0.0;False;False
gid://shopify/ProductVariant/46393441976615;AN03342-15;15;1600.0;1400.0;0;gid://shopify/Product/8582654984487;ANEL BLOSSOM | PRATA COM RÓDIO NEGRO E SAFIRA;0;13;3;AN03342;AN03342-15;gid://shopify/ProductVariant/46393441976615;0.0;0.0;False;False
gid://shopify/ProductVariant/46393442009383;AN03342-16;16;1600.0;1400.0;0;gid://shopify/Product/8582654984487;ANEL BLOSSOM | PRATA COM RÓDIO NEGRO E SAFIRA;0;13;3;AN03342;AN03342-16;gid://shopify/ProductVariant/46393442009383;0.0;0.0;False;False
gid://shopify/ProductVariant/46393442042151;AN03342-17;17;1600.0;1400.0;0;gid://shopify/Product/8582654984487;ANEL BLOSSOM | PRATA COM RÓDIO NEGRO E SAFIRA;0;13;3;AN03342;AN03342-17;gid://shopify/ProductVariant/46393442042151;0.0;0.0;False;False
gid://shopify/ProductVariant/46393442074919;AN03342-18;18;1600.0;1400.0;0;gid://shopify/Product/8582654984487;ANEL BLOSSOM | PRATA COM RÓDIO NEGRO E SAFIRA;0;13;3;AN03342;AN03342-18;gid://shopify/ProductVariant/46393442074919;0.0;0.0;False;False
gid://shopify/ProductVariant/46393442107687;AN03342-19;19;1600.0;1400.0;0;gid://shopify/Product/8582654984487;ANEL BLOSSOM | PRATA COM RÓDIO NEGRO E SAFIRA;0;13;3;AN03342;AN03342-19;gid://shopify/ProductVariant/46393442107687;0.0;0.0;False;False
gid://shopify/ProductVariant/46393442140455;AN03342-20;20;1600.0;1400.0;0;gid://shopify/Product/8582654984487;ANEL BLOSSOM | PRATA COM RÓDIO NEGRO E SAFIRA;0;13;3;AN03342;AN03342-20;gid://shopify/ProductVariant/46393442140455;0.0;0.0;False;False
gid://shopify/ProductVariant/46393442173223;AN03342-21;21;1600.0;1400.0;0;gid://shopify/Product/8582654984487;ANEL BLOSSOM | PRATA COM RÓDIO NEGRO E SAFIRA;0;13;3;AN03342;AN03342-21;gid://shopify/ProductVariant/46393442173223;0.0;0.0;False;False
gid://shopify/ProductVariant/46393442205991;AN03342-22;22;1600.0;1400.0;0;gid://shopify/Product/8582654984487;ANEL BLOSSOM | PRATA COM RÓDIO NEGRO E SAFIRA;0;13;3;AN03342;AN03342-22;gid://shopify/ProductVariant/46393442205991;0.0;0.0;False;False
gid://shopify/ProductVariant/46393444860199;AN03531-10;10;45000.0;45000.0;0;gid://shopify/Product/8582655312167;ANEL CELEBRATE SOLITÁRIO | OURO AMARELO 18K COM DIAMANTES E ESMERALDA;0;13;1;AN03531;AN03531-10;gid://shopify/ProductVariant/46393444860199;0.0;0.0;False;False
gid://shopify/ProductVariant/46393444892967;AN03531-11;11;45000.0;45000.0;0;gid://shopify/Product/8582655312167;ANEL CELEBRATE SOLITÁRIO | OURO AMARELO 18K COM DIAMANTES E ESMERALDA;0;13;1;AN03531;AN03531-11;gid://shopify/ProductVariant/46393444892967;0.0;0.0;False;False
gid://shopify/ProductVariant/46393444925735;AN03531-12;12;45000.0;45000.0;0;gid://shopify/Product/8582655312167;ANEL CELEBRATE SOLITÁRIO | OURO AMARELO 18K COM DIAMANTES E ESMERALDA;0;13;1;AN03531;AN03531-12;gid://shopify/ProductVariant/46393444925735;0.0;0.0;False;False
gid://shopify/ProductVariant/46393444958503;AN03531-13;13;45000.0;45000.0;0;gid://shopify/Product/8582655312167;ANEL CELEBRATE SOLITÁRIO | OURO AMARELO 18K COM DIAMANTES E ESMERALDA;0;13;1;AN03531;AN03531-13;gid://shopify/ProductVariant/46393444958503;0.0;0.0;False;False
gid://shopify/ProductVariant/46393444991271;AN03531-14;14;45000.0;45000.0;0;gid://shopify/Product/8582655312167;ANEL CELEBRATE SOLITÁRIO | OURO AMARELO 18K COM DIAMANTES E ESMERALDA;0;13;1;AN03531;AN03531-14;gid://shopify/ProductVariant/46393444991271;0.0;0.0;False;False
gid://shopify/ProductVariant/46393445024039;AN03531-15;15;45000.0;45000.0;0;gid://shopify/Product/8582655312167;ANEL CELEBRATE SOLITÁRIO | OURO AMARELO 18K COM DIAMANTES E ESMERALDA;0;13;1;AN03531;AN03531-15;gid://shopify/ProductVariant/46393445024039;0.0;0.0;False;False
gid://shopify/ProductVariant/46393445056807;AN03531-16;16;45000.0;45000.0;0;gid://shopify/Product/8582655312167;ANEL CELEBRATE SOLITÁRIO | OURO AMARELO 18K COM DIAMANTES E ESMERALDA;0;13;1;AN03531;AN03531-16;gid://shopify/ProductVariant/46393445056807;0.0;0.0;False;False
gid://shopify/ProductVariant/46393445089575;AN03531-17;17;45000.0;45000.0;0;gid://shopify/Product/8582655312167;ANEL CELEBRATE SOLITÁRIO | OURO AMARELO 18K COM DIAMANTES E ESMERALDA;0;13;1;AN03531;AN03531-17;gid://shopify/ProductVariant/46393445089575;0.0;0.0;False;False
gid://shopify/ProductVariant/46393445122343;AN03531-18;18;45000.0;45000.0;0;gid://shopify/Product/8582655312167;ANEL CELEBRATE SOLITÁRIO | OURO AMARELO 18K COM DIAMANTES E ESMERALDA;0;13;1;AN03531;AN03531-18;gid://shopify/ProductVariant/46393445122343;0.0;0.0;False;False
gid://shopify/ProductVariant/46393445155111;AN03531-19;19;45000.0;45000.0;0;gid://shopify/Product/8582655312167;ANEL CELEBRATE SOLITÁRIO | OURO AMARELO 18K COM DIAMANTES E ESMERALDA;0;13;1;AN03531;AN03531-19;gid://shopify/ProductVariant/46393445155111;0.0;0.0;False;False
gid://shopify/ProductVariant/46393445187879;AN03531-20;20;45000.0;45000.0;0;gid://shopify/Product/8582655312167;ANEL CELEBRATE SOLITÁRIO | OURO AMARELO 18K COM DIAMANTES E ESMERALDA;0;13;1;AN03531;AN03531-20;gid://shopify/ProductVariant/46393445187879;0.0;0.0;False;False
gid://shopify/ProductVariant/46393445220647;AN03531-21;21;45000.0;45000.0;0;gid://shopify/Product/8582655312167;ANEL CELEBRATE SOLITÁRIO | OURO AMARELO 18K COM DIAMANTES E ESMERALDA;0;13;1;AN03531;AN03531-21;gid://shopify/ProductVariant/46393445220647;0.0;0.0;False;False
gid://shopify/ProductVariant/46393445286183;AN03531-22;22;45000.0;45000.0;0;gid://shopify/Product/8582655312167;ANEL CELEBRATE SOLITÁRIO | OURO AMARELO 18K COM DIAMANTES E ESMERALDA;0;13;1;AN03531;AN03531-22;gid://shopify/ProductVariant/46393445286183;0.0;0.0;False;False
gid://shopify/ProductVariant/46393446695207;AN03506-10;10;11500.0;7900.0;5;gid://shopify/Product/8582655705383;Anel Celebrate | Ouro Amarelo 18K e Diamantes;66;13;4;AN03506;AN03506-10;gid://shopify/ProductVariant/46393446695207;5.0;0.0;True;False
gid://shopify/ProductVariant/46393446727975;AN03506-11;11;11500.0;7900.0;5;gid://shopify/Product/8582655705383;Anel Celebrate | Ouro Amarelo 18K e Diamantes;66;13;4;AN03506;AN03506-11;gid://shopify/ProductVariant/46393446727975;5.0;0.0;True;False
gid://shopify/ProductVariant/46393446760743;AN03506-12;12;11500.0;7900.0;5;gid://shopify/Product/8582655705383;Anel Celebrate | Ouro Amarelo 18K e Diamantes;66;13;4;AN03506;AN03506-12;gid://shopify/ProductVariant/46393446760743;5.0;0.0;True;False
gid://shopify/ProductVariant/46393446793511;AN03506-13;13;11500.0;7900.0;5;gid://shopify/Product/8582655705383;Anel Celebrate | Ouro Amarelo 18K e Diamantes;66;13;4;AN03506;AN03506-13;gid://shopify/ProductVariant/46393446793511;5.0;0.0;True;False
gid://shopify/ProductVariant/46393446826279;AN03506-14;14;11500.0;7900.0;5;gid://shopify/Product/8582655705383;Anel Celebrate | Ouro Amarelo 18K e Diamantes;66;13;4;AN03506;AN03506-14;gid://shopify/ProductVariant/46393446826279;5.0;0.0;True;False
gid://shopify/ProductVariant/46393446859047;AN03506-15;15;11500.0;7900.0;5;gid://shopify/Product/8582655705383;Anel Celebrate | Ouro Amarelo 18K e Diamantes;66;13;4;AN03506;AN03506-15;gid://shopify/ProductVariant/46393446859047;5.0;0.0;True;False
gid://shopify/ProductVariant/46393446891815;AN03506-16;16;11500.0;7900.0;5;gid://shopify/Product/8582655705383;Anel Celebrate | Ouro Amarelo 18K e Diamantes;66;13;4;AN03506;AN03506-16;gid://shopify/ProductVariant/46393446891815;5.0;0.0;True;False
gid://shopify/ProductVariant/46393446924583;AN03506-17;17;11500.0;7900.0;6;gid://shopify/Product/8582655705383;Anel Celebrate | Ouro Amarelo 18K e Diamantes;66;13;4;AN03506;AN03506-17;gid://shopify/ProductVariant/46393446924583;5.0;0.0;True;True
gid://shopify/ProductVariant/46393446957351;AN03506-18;18;11500.0;7900.0;5;gid://shopify/Product/8582655705383;Anel Celebrate | Ouro Amarelo 18K e Diamantes;66;13;4;AN03506;AN03506-18;gid://shopify/ProductVariant/46393446957351;5.0;0.0;True;False
gid://shopify/ProductVariant/46393446990119;AN03506-19;19;11500.0;7900.0;5;gid://shopify/Product/8582655705383;Anel Celebrate | Ouro Amarelo 18K e Diamantes;66;13;4;AN03506;AN03506-19;gid://shopify/ProductVariant/46393446990119;5.0;0.0;True;False
gid://shopify/ProductVariant/46393447022887;AN03506-20;20;11500.0;7900.0;5;gid://shopify/Product/8582655705383;Anel Celebrate | Ouro Amarelo 18K e Diamantes;66;13;4;AN03506;AN03506-20;gid://shopify/ProductVariant/46393447022887;5.0;0.0;True;False
gid://shopify/ProductVariant/46393447055655;AN03506-21;21;11500.0;7900.0;5;gid://shopify/Product/8582655705383;Anel Celebrate | Ouro Amarelo 18K e Diamantes;66;13;4;AN03506;AN03506-21;gid://shopify/ProductVariant/46393447055655;5.0;0.0;True;False
gid://shopify/ProductVariant/46393447088423;AN03506-22;22;11500.0;7900.0;5;gid://shopify/Product/8582655705383;Anel Celebrate | Ouro Amarelo 18K e Diamantes;66;13;4;AN03506;AN03506-22;gid://shopify/ProductVariant/46393447088423;5.0;0.0;True;False
gid://shopify/ProductVariant/46393447383335;AN03513-10;10;8500.0;5900.0;5;gid://shopify/Product/8582655901991;Anel Celebrate | Ouro Amarelo 18K e Esmeraldas;68;13;4;AN03513;AN03513-10;gid://shopify/ProductVariant/46393447383335;5.0;0.0;True;False
gid://shopify/ProductVariant/46393447416103;AN03513-11;11;8500.0;5900.0;5;gid://shopify/Product/8582655901991;Anel Celebrate | Ouro Amarelo 18K e Esmeraldas;68;13;4;AN03513;AN03513-11;gid://shopify/ProductVariant/46393447416103;5.0;0.0;True;False
gid://shopify/ProductVariant/46393447448871;AN03513-12;12;8500.0;5900.0;5;gid://shopify/Product/8582655901991;Anel Celebrate | Ouro Amarelo 18K e Esmeraldas;68;13;4;AN03513;AN03513-12;gid://shopify/ProductVariant/46393447448871;5.0;0.0;True;False
gid://shopify/ProductVariant/46393447481639;AN03513-13;13;8500.0;5900.0;5;gid://shopify/Product/8582655901991;Anel Celebrate | Ouro Amarelo 18K e Esmeraldas;68;13;4;AN03513;AN03513-13;gid://shopify/ProductVariant/46393447481639;5.0;0.0;True;False
gid://shopify/ProductVariant/46393447514407;AN03513-14;14;8500.0;5900.0;5;gid://shopify/Product/8582655901991;Anel Celebrate | Ouro Amarelo 18K e Esmeraldas;68;13;4;AN03513;AN03513-14;gid://shopify/ProductVariant/46393447514407;5.0;0.0;True;False
gid://shopify/ProductVariant/46393447547175;AN03513-15;15;8500.0;5900.0;5;gid://shopify/Product/8582655901991;Anel Celebrate | Ouro Amarelo 18K e Esmeraldas;68;13;4;AN03513;AN03513-15;gid://shopify/ProductVariant/46393447547175;5.0;0.0;True;False
gid://shopify/ProductVariant/46393447579943;AN03513-16;16;8500.0;5900.0;6;gid://shopify/Product/8582655901991;Anel Celebrate | Ouro Amarelo 18K e Esmeraldas;68;13;4;AN03513;AN03513-16;gid://shopify/ProductVariant/46393447579943;5.0;0.0;True;True
gid://shopify/ProductVariant/46393447612711;AN03513-17;17;8500.0;5900.0;6;gid://shopify/Product/8582655901991;Anel Celebrate | Ouro Amarelo 18K e Esmeraldas;68;13;4;AN03513;AN03513-17;gid://shopify/ProductVariant/46393447612711;5.0;0.0;True;True
gid://shopify/ProductVariant/46393447645479;AN03513-18;18;8500.0;5900.0;5;gid://shopify/Product/8582655901991;Anel Celebrate | Ouro Amarelo 18K e Esmeraldas;68;13;4;AN03513;AN03513-18;gid://shopify/ProductVariant/46393447645479;5.0;0.0;True;False
gid://shopify/ProductVariant/46393447678247;AN03513-19;19;8500.0;5900.0;6;gid://shopify/Product/8582655901991;Anel Celebrate | Ouro Amarelo 18K e Esmeraldas;68;13;4;AN03513;AN03513-19;gid://shopify/ProductVariant/46393447678247;5.0;0.0;True;True
gid://shopify/ProductVariant/46393447711015;AN03513-20;20;8500.0;5900.0;5;gid://shopify/Product/8582655901991;Anel Celebrate | Ouro Amarelo 18K e Esmeraldas;68;13;4;AN03513;AN03513-20;gid://shopify/ProductVariant/46393447711015;5.0;0.0;True;False
gid://shopify/ProductVariant/46393447743783;AN03513-21;21;8500.0;5900.0;5;gid://shopify/Product/8582655901991;Anel Celebrate | Ouro Amarelo 18K e Esmeraldas;68;13;4;AN03513;AN03513-21;gid://shopify/ProductVariant/46393447743783;5.0;0.0;True;False
gid://shopify/ProductVariant/46393447776551;AN03513-22;22;8500.0;5900.0;5;gid://shopify/Product/8582655901991;Anel Celebrate | Ouro Amarelo 18K e Esmeraldas;68;13;4;AN03513;AN03513-22;gid://shopify/ProductVariant/46393447776551;5.0;0.0;True;False
gid://shopify/ProductVariant/46393447973159;AN03505-10;10;14900.0;11900.0;5;gid://shopify/Product/8582656098599;Anel Celebrate | Ouro Branco 18K E Diamantes;66;13;3;AN03505;AN03505-10;gid://shopify/ProductVariant/46393447973159;5.0;0.0;True;False
gid://shopify/ProductVariant/46393448005927;AN03505-11;11;14900.0;11900.0;5;gid://shopify/Product/8582656098599;Anel Celebrate | Ouro Branco 18K E Diamantes;66;13;3;AN03505;AN03505-11;gid://shopify/ProductVariant/46393448005927;5.0;0.0;True;False
gid://shopify/ProductVariant/46393448038695;AN03505-12;12;14900.0;11900.0;5;gid://shopify/Product/8582656098599;Anel Celebrate | Ouro Branco 18K E Diamantes;66;13;3;AN03505;AN03505-12;gid://shopify/ProductVariant/46393448038695;5.0;0.0;True;False
gid://shopify/ProductVariant/46393448071463;AN03505-13;13;14900.0;11900.0;5;gid://shopify/Product/8582656098599;Anel Celebrate | Ouro Branco 18K E Diamantes;66;13;3;AN03505;AN03505-13;gid://shopify/ProductVariant/46393448071463;5.0;0.0;True;False
gid://shopify/ProductVariant/46393448104231;AN03505-14;14;14900.0;11900.0;5;gid://shopify/Product/8582656098599;Anel Celebrate | Ouro Branco 18K E Diamantes;66;13;3;AN03505;AN03505-14;gid://shopify/ProductVariant/46393448104231;5.0;0.0;True;False
gid://shopify/ProductVariant/46393448136999;AN03505-15;15;14900.0;11900.0;5;gid://shopify/Product/8582656098599;Anel Celebrate | Ouro Branco 18K E Diamantes;66;13;3;AN03505;AN03505-15;gid://shopify/ProductVariant/46393448136999;5.0;0.0;True;False
gid://shopify/ProductVariant/46393448169767;AN03505-16;16;14900.0;11900.0;6;gid://shopify/Product/8582656098599;Anel Celebrate | Ouro Branco 18K E Diamantes;66;13;3;AN03505;AN03505-16;gid://shopify/ProductVariant/46393448169767;5.0;0.0;True;True
gid://shopify/ProductVariant/46393448202535;AN03505-17;17;14900.0;11900.0;5;gid://shopify/Product/8582656098599;Anel Celebrate | Ouro Branco 18K E Diamantes;66;13;3;AN03505;AN03505-17;gid://shopify/ProductVariant/46393448202535;5.0;0.0;True;False
gid://shopify/ProductVariant/46393448235303;AN03505-18;18;14900.0;11900.0;5;gid://shopify/Product/8582656098599;Anel Celebrate | Ouro Branco 18K E Diamantes;66;13;3;AN03505;AN03505-18;gid://shopify/ProductVariant/46393448235303;5.0;0.0;True;False
gid://shopify/ProductVariant/46393448268071;AN03505-19;19;14900.0;11900.0;5;gid://shopify/Product/8582656098599;Anel Celebrate | Ouro Branco 18K E Diamantes;66;13;3;AN03505;AN03505-19;gid://shopify/ProductVariant/46393448268071;5.0;0.0;True;False
gid://shopify/ProductVariant/46393448300839;AN03505-20;20;14900.0;11900.0;5;gid://shopify/Product/8582656098599;Anel Celebrate | Ouro Branco 18K E Diamantes;66;13;3;AN03505;AN03505-20;gid://shopify/ProductVariant/46393448300839;5.0;0.0;True;False
gid://shopify/ProductVariant/46393448333607;AN03505-21;21;14900.0;11900.0;5;gid://shopify/Product/8582656098599;Anel Celebrate | Ouro Branco 18K E Diamantes;66;13;3;AN03505;AN03505-21;gid://shopify/ProductVariant/46393448333607;5.0;0.0;True;False
gid://shopify/ProductVariant/46393448366375;AN03505-22;22;14900.0;11900.0;5;gid://shopify/Product/8582656098599;Anel Celebrate | Ouro Branco 18K E Diamantes;66;13;3;AN03505;AN03505-22;gid://shopify/ProductVariant/46393448366375;5.0;0.0;True;False
gid://shopify/ProductVariant/46393448628519;AN03512-10;10;8500.0;5900.0;5;gid://shopify/Product/8582656327975;Anel Celebrate | Ouro Branco 18K e Esmeraldas;66;13;3;AN03512;AN03512-10;gid://shopify/ProductVariant/46393448628519;5.0;0.0;True;False
gid://shopify/ProductVariant/46393448661287;AN03512-11;11;8500.0;5900.0;5;gid://shopify/Product/8582656327975;Anel Celebrate | Ouro Branco 18K e Esmeraldas;66;13;3;AN03512;AN03512-11;gid://shopify/ProductVariant/46393448661287;5.0;0.0;True;False
gid://shopify/ProductVariant/46393448694055;AN03512-12;12;8500.0;5900.0;5;gid://shopify/Product/8582656327975;Anel Celebrate | Ouro Branco 18K e Esmeraldas;66;13;3;AN03512;AN03512-12;gid://shopify/ProductVariant/46393448694055;5.0;0.0;True;False
gid://shopify/ProductVariant/46393448726823;AN03512-13;13;8500.0;5900.0;5;gid://shopify/Product/8582656327975;Anel Celebrate | Ouro Branco 18K e Esmeraldas;66;13;3;AN03512;AN03512-13;gid://shopify/ProductVariant/46393448726823;5.0;0.0;True;False
gid://shopify/ProductVariant/46393448759591;AN03512-14;14;8500.0;5900.0;5;gid://shopify/Product/8582656327975;Anel Celebrate | Ouro Branco 18K e Esmeraldas;66;13;3;AN03512;AN03512-14;gid://shopify/ProductVariant/46393448759591;5.0;0.0;True;False
gid://shopify/ProductVariant/46393448792359;AN03512-15;15;8500.0;5900.0;5;gid://shopify/Product/8582656327975;Anel Celebrate | Ouro Branco 18K e Esmeraldas;66;13;3;AN03512;AN03512-15;gid://shopify/ProductVariant/46393448792359;5.0;0.0;True;False
gid://shopify/ProductVariant/46393448825127;AN03512-16;16;8500.0;5900.0;5;gid://shopify/Product/8582656327975;Anel Celebrate | Ouro Branco 18K e Esmeraldas;66;13;3;AN03512;AN03512-16;gid://shopify/ProductVariant/46393448825127;5.0;0.0;True;False
gid://shopify/ProductVariant/46393448857895;AN03512-17;17;8500.0;5900.0;6;gid://shopify/Product/8582656327975;Anel Celebrate | Ouro Branco 18K e Esmeraldas;66;13;3;AN03512;AN03512-17;gid://shopify/ProductVariant/46393448857895;5.0;0.0;True;True
gid://shopify/ProductVariant/46393448890663;AN03512-18;18;8500.0;5900.0;5;gid://shopify/Product/8582656327975;Anel Celebrate | Ouro Branco 18K e Esmeraldas;66;13;3;AN03512;AN03512-18;gid://shopify/ProductVariant/46393448890663;5.0;0.0;True;False
gid://shopify/ProductVariant/46393448923431;AN03512-19;19;8500.0;5900.0;5;gid://shopify/Product/8582656327975;Anel Celebrate | Ouro Branco 18K e Esmeraldas;66;13;3;AN03512;AN03512-19;gid://shopify/ProductVariant/46393448923431;5.0;0.0;True;False
gid://shopify/ProductVariant/46393448956199;AN03512-20;20;8500.0;5900.0;5;gid://shopify/Product/8582656327975;Anel Celebrate | Ouro Branco 18K e Esmeraldas;66;13;3;AN03512;AN03512-20;gid://shopify/ProductVariant/46393448956199;5.0;0.0;True;False
gid://shopify/ProductVariant/46393448988967;AN03512-21;21;8500.0;5900.0;5;gid://shopify/Product/8582656327975;Anel Celebrate | Ouro Branco 18K e Esmeraldas;66;13;3;AN03512;AN03512-21;gid://shopify/ProductVariant/46393448988967;5.0;0.0;True;False
gid://shopify/ProductVariant/46393449021735;AN03512-22;22;8500.0;5900.0;5;gid://shopify/Product/8582656327975;Anel Celebrate | Ouro Branco 18K e Esmeraldas;66;13;3;AN03512;AN03512-22;gid://shopify/ProductVariant/46393449021735;5.0;0.0;True;False
gid://shopify/ProductVariant/46393449120039;AN03073-10;10;1100.0;1100.0;7;gid://shopify/Product/8582656426279;Anel Chain |  Prata Com Ouro Amarelo 18k;70;13;3;AN03073;AN03073-10;gid://shopify/ProductVariant/46393449120039;0.0;5.0;True;True
gid://shopify/ProductVariant/46393449152807;AN03073-11;11;1100.0;1100.0;5;gid://shopify/Product/8582656426279;Anel Chain |  Prata Com Ouro Amarelo 18k;70;13;3;AN03073;AN03073-11;gid://shopify/ProductVariant/46393449152807;0.0;5.0;True;False
gid://shopify/ProductVariant/46393449185575;AN03073-12;12;1100.0;1100.0;5;gid://shopify/Product/8582656426279;Anel Chain |  Prata Com Ouro Amarelo 18k;70;13;3;AN03073;AN03073-12;gid://shopify/ProductVariant/46393449185575;0.0;5.0;True;False
gid://shopify/ProductVariant/46393449218343;AN03073-13;13;1100.0;1100.0;5;gid://shopify/Product/8582656426279;Anel Chain |  Prata Com Ouro Amarelo 18k;70;13;3;AN03073;AN03073-13;gid://shopify/ProductVariant/46393449218343;0.0;5.0;True;False
gid://shopify/ProductVariant/46393449251111;AN03073-14;14;1100.0;1100.0;5;gid://shopify/Product/8582656426279;Anel Chain |  Prata Com Ouro Amarelo 18k;70;13;3;AN03073;AN03073-14;gid://shopify/ProductVariant/46393449251111;0.0;5.0;True;False
gid://shopify/ProductVariant/46393449283879;AN03073-15;15;1100.0;1100.0;6;gid://shopify/Product/8582656426279;Anel Chain |  Prata Com Ouro Amarelo 18k;70;13;3;AN03073;AN03073-15;gid://shopify/ProductVariant/46393449283879;0.0;5.0;True;True
gid://shopify/ProductVariant/46393449316647;AN03073-16;16;1100.0;1100.0;5;gid://shopify/Product/8582656426279;Anel Chain |  Prata Com Ouro Amarelo 18k;70;13;3;AN03073;AN03073-16;gid://shopify/ProductVariant/46393449316647;0.0;5.0;True;False
gid://shopify/ProductVariant/46393449349415;AN03073-17;17;1100.0;1100.0;5;gid://shopify/Product/8582656426279;Anel Chain |  Prata Com Ouro Amarelo 18k;70;13;3;AN03073;AN03073-17;gid://shopify/ProductVariant/46393449349415;0.0;5.0;True;False
gid://shopify/ProductVariant/46393449382183;AN03073-18;18;1100.0;1100.0;5;gid://shopify/Product/8582656426279;Anel Chain |  Prata Com Ouro Amarelo 18k;70;13;3;AN03073;AN03073-18;gid://shopify/ProductVariant/46393449382183;0.0;5.0;True;False
gid://shopify/ProductVariant/46393449414951;AN03073-19;19;1100.0;1100.0;5;gid://shopify/Product/8582656426279;Anel Chain |  Prata Com Ouro Amarelo 18k;70;13;3;AN03073;AN03073-19;gid://shopify/ProductVariant/46393449414951;0.0;5.0;True;False
gid://shopify/ProductVariant/46393449447719;AN03073-20;20;1100.0;1100.0;6;gid://shopify/Product/8582656426279;Anel Chain |  Prata Com Ouro Amarelo 18k;70;13;3;AN03073;AN03073-20;gid://shopify/ProductVariant/46393449447719;0.0;5.0;True;True
gid://shopify/ProductVariant/46393449480487;AN03073-21;21;1100.0;1100.0;6;gid://shopify/Product/8582656426279;Anel Chain |  Prata Com Ouro Amarelo 18k;70;13;3;AN03073;AN03073-21;gid://shopify/ProductVariant/46393449480487;0.0;5.0;True;True
gid://shopify/ProductVariant/46393449513255;AN03073-22;22;1100.0;1100.0;5;gid://shopify/Product/8582656426279;Anel Chain |  Prata Com Ouro Amarelo 18k;70;13;3;AN03073;AN03073-22;gid://shopify/ProductVariant/46393449513255;0.0;5.0;True;False
gid://shopify/ProductVariant/46393449939239;AN03074-10;10;1100.0;1100.0;5;gid://shopify/Product/8582656590119;Anel Chain | Prata Com Ródio Negro;68;13;3;AN03074;AN03074-10;gid://shopify/ProductVariant/46393449939239;0.0;5.0;True;False
gid://shopify/ProductVariant/46393449972007;AN03074-11;11;1100.0;1100.0;5;gid://shopify/Product/8582656590119;Anel Chain | Prata Com Ródio Negro;68;13;3;AN03074;AN03074-11;gid://shopify/ProductVariant/46393449972007;0.0;5.0;True;False
gid://shopify/ProductVariant/46393450004775;AN03074-12;12;1100.0;1100.0;6;gid://shopify/Product/8582656590119;Anel Chain | Prata Com Ródio Negro;68;13;3;AN03074;AN03074-12;gid://shopify/ProductVariant/46393450004775;0.0;5.0;True;True
gid://shopify/ProductVariant/46393450070311;AN03074-13;13;1100.0;1100.0;6;gid://shopify/Product/8582656590119;Anel Chain | Prata Com Ródio Negro;68;13;3;AN03074;AN03074-13;gid://shopify/ProductVariant/46393450070311;0.0;5.0;True;True
gid://shopify/ProductVariant/46393450135847;AN03074-14;14;1100.0;1100.0;5;gid://shopify/Product/8582656590119;Anel Chain | Prata Com Ródio Negro;68;13;3;AN03074;AN03074-14;gid://shopify/ProductVariant/46393450135847;0.0;5.0;True;False
gid://shopify/ProductVariant/46393450168615;AN03074-15;15;1100.0;1100.0;5;gid://shopify/Product/8582656590119;Anel Chain | Prata Com Ródio Negro;68;13;3;AN03074;AN03074-15;gid://shopify/ProductVariant/46393450168615;0.0;5.0;True;False
gid://shopify/ProductVariant/46393450234151;AN03074-16;16;1100.0;1100.0;5;gid://shopify/Product/8582656590119;Anel Chain | Prata Com Ródio Negro;68;13;3;AN03074;AN03074-16;gid://shopify/ProductVariant/46393450234151;0.0;5.0;True;False
gid://shopify/ProductVariant/46393450266919;AN03074-17;17;1100.0;1100.0;5;gid://shopify/Product/8582656590119;Anel Chain | Prata Com Ródio Negro;68;13;3;AN03074;AN03074-17;gid://shopify/ProductVariant/46393450266919;0.0;5.0;True;False
gid://shopify/ProductVariant/46393450332455;AN03074-18;18;1100.0;1100.0;6;gid://shopify/Product/8582656590119;Anel Chain | Prata Com Ródio Negro;68;13;3;AN03074;AN03074-18;gid://shopify/ProductVariant/46393450332455;0.0;5.0;True;True
gid://shopify/ProductVariant/46393450365223;AN03074-19;19;1100.0;1100.0;5;gid://shopify/Product/8582656590119;Anel Chain | Prata Com Ródio Negro;68;13;3;AN03074;AN03074-19;gid://shopify/ProductVariant/46393450365223;0.0;5.0;True;False
gid://shopify/ProductVariant/46393450430759;AN03074-20;20;1100.0;1100.0;5;gid://shopify/Product/8582656590119;Anel Chain | Prata Com Ródio Negro;68;13;3;AN03074;AN03074-20;gid://shopify/ProductVariant/46393450430759;0.0;5.0;True;False
gid://shopify/ProductVariant/46393450463527;AN03074-21;21;1100.0;1100.0;5;gid://shopify/Product/8582656590119;Anel Chain | Prata Com Ródio Negro;68;13;3;AN03074;AN03074-21;gid://shopify/ProductVariant/46393450463527;0.0;5.0;True;False
gid://shopify/ProductVariant/46393450496295;AN03074-22;22;1100.0;1100.0;5;gid://shopify/Product/8582656590119;Anel Chain | Prata Com Ródio Negro;68;13;3;AN03074;AN03074-22;gid://shopify/ProductVariant/46393450496295;0.0;5.0;True;False
gid://shopify/ProductVariant/46393450594599;AL00031-10;10;4500.0;3100.0;5;gid://shopify/Product/8582656655655;ALIANÇA QUADRADA | OURO AMARELO 18K, 2MM;66;13;2;AL00031;AL00031-10;gid://shopify/ProductVariant/46393450594599;5.0;0.0;True;False
gid://shopify/ProductVariant/46393450627367;AL00031-11;11;4500.0;3100.0;5;gid://shopify/Product/8582656655655;ALIANÇA QUADRADA | OURO AMARELO 18K, 2MM;66;13;2;AL00031;AL00031-11;gid://shopify/ProductVariant/46393450627367;5.0;0.0;True;False
gid://shopify/ProductVariant/46393450660135;AL00031-12;12;4500.0;3100.0;5;gid://shopify/Product/8582656655655;ALIANÇA QUADRADA | OURO AMARELO 18K, 2MM;66;13;2;AL00031;AL00031-12;gid://shopify/ProductVariant/46393450660135;5.0;0.0;True;False
gid://shopify/ProductVariant/46393450692903;AL00031-13;13;4500.0;3100.0;5;gid://shopify/Product/8582656655655;ALIANÇA QUADRADA | OURO AMARELO 18K, 2MM;66;13;2;AL00031;AL00031-13;gid://shopify/ProductVariant/46393450692903;5.0;0.0;True;False
gid://shopify/ProductVariant/46393450725671;AL00031-14;14;4500.0;3100.0;5;gid://shopify/Product/8582656655655;ALIANÇA QUADRADA | OURO AMARELO 18K, 2MM;66;13;2;AL00031;AL00031-14;gid://shopify/ProductVariant/46393450725671;5.0;0.0;True;False
gid://shopify/ProductVariant/46393450758439;AL00031-15;15;4500.0;3100.0;6;gid://shopify/Product/8582656655655;ALIANÇA QUADRADA | OURO AMARELO 18K, 2MM;66;13;2;AL00031;AL00031-15;gid://shopify/ProductVariant/46393450758439;5.0;0.0;True;True
gid://shopify/ProductVariant/46393450791207;AL00031-16;16;4500.0;3100.0;5;gid://shopify/Product/8582656655655;ALIANÇA QUADRADA | OURO AMARELO 18K, 2MM;66;13;2;AL00031;AL00031-16;gid://shopify/ProductVariant/46393450791207;5.0;0.0;True;False
gid://shopify/ProductVariant/46393450823975;AL00031-17;17;4500.0;3100.0;5;gid://shopify/Product/8582656655655;ALIANÇA QUADRADA | OURO AMARELO 18K, 2MM;66;13;2;AL00031;AL00031-17;gid://shopify/ProductVariant/46393450823975;5.0;0.0;True;False
gid://shopify/ProductVariant/46393450856743;AL00031-18;18;4500.0;3100.0;5;gid://shopify/Product/8582656655655;ALIANÇA QUADRADA | OURO AMARELO 18K, 2MM;66;13;2;AL00031;AL00031-18;gid://shopify/ProductVariant/46393450856743;5.0;0.0;True;False
gid://shopify/ProductVariant/46393450889511;AL00031-19;19;4500.0;3100.0;5;gid://shopify/Product/8582656655655;ALIANÇA QUADRADA | OURO AMARELO 18K, 2MM;66;13;2;AL00031;AL00031-19;gid://shopify/ProductVariant/46393450889511;5.0;0.0;True;False
gid://shopify/ProductVariant/46393450922279;AL00031-20;20;4500.0;3100.0;5;gid://shopify/Product/8582656655655;ALIANÇA QUADRADA | OURO AMARELO 18K, 2MM;66;13;2;AL00031;AL00031-20;gid://shopify/ProductVariant/46393450922279;5.0;0.0;True;False
gid://shopify/ProductVariant/46393450955047;AL00031-21;21;4500.0;3100.0;5;gid://shopify/Product/8582656655655;ALIANÇA QUADRADA | OURO AMARELO 18K, 2MM;66;13;2;AL00031;AL00031-21;gid://shopify/ProductVariant/46393450955047;5.0;0.0;True;False
gid://shopify/ProductVariant/46393450987815;AL00031-22;22;4500.0;3100.0;5;gid://shopify/Product/8582656655655;ALIANÇA QUADRADA | OURO AMARELO 18K, 2MM;66;13;2;AL00031;AL00031-22;gid://shopify/ProductVariant/46393450987815;5.0;0.0;True;False
gid://shopify/ProductVariant/46393451315495;AL00037-10;10;6500.0;4500.0;5;gid://shopify/Product/8582656786727;ALIANÇA QUADRADA | OURO AMARELO 18K, 3MM;66;13;3;AL00037;AL00037-10;gid://shopify/ProductVariant/46393451315495;5.0;0.0;True;False
gid://shopify/ProductVariant/46393451348263;AL00037-11;11;6500.0;4500.0;5;gid://shopify/Product/8582656786727;ALIANÇA QUADRADA | OURO AMARELO 18K, 3MM;66;13;3;AL00037;AL00037-11;gid://shopify/ProductVariant/46393451348263;5.0;0.0;True;False
gid://shopify/ProductVariant/46393451381031;AL00037-12;12;6500.0;4500.0;5;gid://shopify/Product/8582656786727;ALIANÇA QUADRADA | OURO AMARELO 18K, 3MM;66;13;3;AL00037;AL00037-12;gid://shopify/ProductVariant/46393451381031;5.0;0.0;True;False
gid://shopify/ProductVariant/46393451413799;AL00037-13;13;6500.0;4500.0;5;gid://shopify/Product/8582656786727;ALIANÇA QUADRADA | OURO AMARELO 18K, 3MM;66;13;3;AL00037;AL00037-13;gid://shopify/ProductVariant/46393451413799;5.0;0.0;True;False
gid://shopify/ProductVariant/46393451446567;AL00037-14;14;6500.0;4500.0;5;gid://shopify/Product/8582656786727;ALIANÇA QUADRADA | OURO AMARELO 18K, 3MM;66;13;3;AL00037;AL00037-14;gid://shopify/ProductVariant/46393451446567;5.0;0.0;True;False
gid://shopify/ProductVariant/46393451479335;AL00037-15;15;6500.0;4500.0;5;gid://shopify/Product/8582656786727;ALIANÇA QUADRADA | OURO AMARELO 18K, 3MM;66;13;3;AL00037;AL00037-15;gid://shopify/ProductVariant/46393451479335;5.0;0.0;True;False
gid://shopify/ProductVariant/46393451512103;AL00037-16;16;6500.0;4500.0;6;gid://shopify/Product/8582656786727;ALIANÇA QUADRADA | OURO AMARELO 18K, 3MM;66;13;3;AL00037;AL00037-16;gid://shopify/ProductVariant/46393451512103;5.0;0.0;True;True
gid://shopify/ProductVariant/46393451544871;AL00037-17;17;6500.0;4500.0;5;gid://shopify/Product/8582656786727;ALIANÇA QUADRADA | OURO AMARELO 18K, 3MM;66;13;3;AL00037;AL00037-17;gid://shopify/ProductVariant/46393451544871;5.0;0.0;True;False
gid://shopify/ProductVariant/46393451577639;AL00037-18;18;6500.0;4500.0;5;gid://shopify/Product/8582656786727;ALIANÇA QUADRADA | OURO AMARELO 18K, 3MM;66;13;3;AL00037;AL00037-18;gid://shopify/ProductVariant/46393451577639;5.0;0.0;True;False
gid://shopify/ProductVariant/46393451610407;AL00037-19;19;6500.0;4500.0;5;gid://shopify/Product/8582656786727;ALIANÇA QUADRADA | OURO AMARELO 18K, 3MM;66;13;3;AL00037;AL00037-19;gid://shopify/ProductVariant/46393451610407;5.0;0.0;True;False
gid://shopify/ProductVariant/46393451643175;AL00037-20;20;6500.0;4500.0;5;gid://shopify/Product/8582656786727;ALIANÇA QUADRADA | OURO AMARELO 18K, 3MM;66;13;3;AL00037;AL00037-20;gid://shopify/ProductVariant/46393451643175;5.0;0.0;True;False
gid://shopify/ProductVariant/46393451675943;AL00037-21;21;6500.0;4500.0;5;gid://shopify/Product/8582656786727;ALIANÇA QUADRADA | OURO AMARELO 18K, 3MM;66;13;3;AL00037;AL00037-21;gid://shopify/ProductVariant/46393451675943;5.0;0.0;True;False
gid://shopify/ProductVariant/46393451708711;AL00037-22;22;6500.0;4500.0;5;gid://shopify/Product/8582656786727;ALIANÇA QUADRADA | OURO AMARELO 18K, 3MM;66;13;3;AL00037;AL00037-22;gid://shopify/ProductVariant/46393451708711;5.0;0.0;True;False
gid://shopify/ProductVariant/46393451741479;AL0127-10;10;3900.0;2600.0;5;gid://shopify/Product/8582656819495;ALIANÇA MEIA CANA | OURO AMARELO 18K, 2MM;66;13;2;AL0127;AL0127-10;gid://shopify/ProductVariant/46393451741479;5.0;0.0;True;False
gid://shopify/ProductVariant/46393451774247;AL0127-11;11;3900.0;2600.0;5;gid://shopify/Product/8582656819495;ALIANÇA MEIA CANA | OURO AMARELO 18K, 2MM;66;13;2;AL0127;AL0127-11;gid://shopify/ProductVariant/46393451774247;5.0;0.0;True;False
gid://shopify/ProductVariant/46393451807015;AL0127-12;12;3900.0;2600.0;5;gid://shopify/Product/8582656819495;ALIANÇA MEIA CANA | OURO AMARELO 18K, 2MM;66;13;2;AL0127;AL0127-12;gid://shopify/ProductVariant/46393451807015;5.0;0.0;True;False
gid://shopify/ProductVariant/46393451839783;AL0127-13;13;3900.0;2600.0;5;gid://shopify/Product/8582656819495;ALIANÇA MEIA CANA | OURO AMARELO 18K, 2MM;66;13;2;AL0127;AL0127-13;gid://shopify/ProductVariant/46393451839783;5.0;0.0;True;False
gid://shopify/ProductVariant/46393451872551;AL0127-14;14;3900.0;2600.0;5;gid://shopify/Product/8582656819495;ALIANÇA MEIA CANA | OURO AMARELO 18K, 2MM;66;13;2;AL0127;AL0127-14;gid://shopify/ProductVariant/46393451872551;5.0;0.0;True;False
gid://shopify/ProductVariant/46393451905319;AL0127-15;15;3900.0;2600.0;6;gid://shopify/Product/8582656819495;ALIANÇA MEIA CANA | OURO AMARELO 18K, 2MM;66;13;2;AL0127;AL0127-15;gid://shopify/ProductVariant/46393451905319;5.0;0.0;True;True
gid://shopify/ProductVariant/46393451938087;AL0127-16;16;3900.0;2600.0;5;gid://shopify/Product/8582656819495;ALIANÇA MEIA CANA | OURO AMARELO 18K, 2MM;66;13;2;AL0127;AL0127-16;gid://shopify/ProductVariant/46393451938087;5.0;0.0;True;False
gid://shopify/ProductVariant/46393451970855;AL0127-17;17;3900.0;2600.0;5;gid://shopify/Product/8582656819495;ALIANÇA MEIA CANA | OURO AMARELO 18K, 2MM;66;13;2;AL0127;AL0127-17;gid://shopify/ProductVariant/46393451970855;5.0;0.0;True;False
gid://shopify/ProductVariant/46393452003623;AL0127-18;18;3900.0;2600.0;5;gid://shopify/Product/8582656819495;ALIANÇA MEIA CANA | OURO AMARELO 18K, 2MM;66;13;2;AL0127;AL0127-18;gid://shopify/ProductVariant/46393452003623;5.0;0.0;True;False
gid://shopify/ProductVariant/46393452036391;AL0127-19;19;3900.0;2600.0;5;gid://shopify/Product/8582656819495;ALIANÇA MEIA CANA | OURO AMARELO 18K, 2MM;66;13;2;AL0127;AL0127-19;gid://shopify/ProductVariant/46393452036391;5.0;0.0;True;False
gid://shopify/ProductVariant/46393452069159;AL0127-20;20;3900.0;2600.0;5;gid://shopify/Product/8582656819495;ALIANÇA MEIA CANA | OURO AMARELO 18K, 2MM;66;13;2;AL0127;AL0127-20;gid://shopify/ProductVariant/46393452069159;5.0;0.0;True;False
gid://shopify/ProductVariant/46393452101927;AL0127-21;21;3900.0;2600.0;5;gid://shopify/Product/8582656819495;ALIANÇA MEIA CANA | OURO AMARELO 18K, 2MM;66;13;2;AL0127;AL0127-21;gid://shopify/ProductVariant/46393452101927;5.0;0.0;True;False
gid://shopify/ProductVariant/46393452134695;AL0127-22;22;3900.0;2600.0;5;gid://shopify/Product/8582656819495;ALIANÇA MEIA CANA | OURO AMARELO 18K, 2MM;66;13;2;AL0127;AL0127-22;gid://shopify/ProductVariant/46393452134695;5.0;0.0;True;False
gid://shopify/ProductVariant/46393452626215;AL0129-10;10;5500.0;3800.0;5;gid://shopify/Product/8582657016103;ALIANÇA MEIA CANA | OURO AMARELO 18K, 3MM;67;13;2;AL0129;AL0129-10;gid://shopify/ProductVariant/46393452626215;5.0;0.0;True;False
gid://shopify/ProductVariant/46393452658983;AL0129-11;11;5500.0;3800.0;5;gid://shopify/Product/8582657016103;ALIANÇA MEIA CANA | OURO AMARELO 18K, 3MM;67;13;2;AL0129;AL0129-11;gid://shopify/ProductVariant/46393452658983;5.0;0.0;True;False
gid://shopify/ProductVariant/46393452691751;AL0129-12;12;5500.0;3800.0;5;gid://shopify/Product/8582657016103;ALIANÇA MEIA CANA | OURO AMARELO 18K, 3MM;67;13;2;AL0129;AL0129-12;gid://shopify/ProductVariant/46393452691751;5.0;0.0;True;False
gid://shopify/ProductVariant/46393452724519;AL0129-13;13;5500.0;3800.0;5;gid://shopify/Product/8582657016103;ALIANÇA MEIA CANA | OURO AMARELO 18K, 3MM;67;13;2;AL0129;AL0129-13;gid://shopify/ProductVariant/46393452724519;5.0;0.0;True;False
gid://shopify/ProductVariant/46393452757287;AL0129-14;14;5500.0;3800.0;5;gid://shopify/Product/8582657016103;ALIANÇA MEIA CANA | OURO AMARELO 18K, 3MM;67;13;2;AL0129;AL0129-14;gid://shopify/ProductVariant/46393452757287;5.0;0.0;True;False
gid://shopify/ProductVariant/46393452790055;AL0129-15;15;5500.0;3800.0;6;gid://shopify/Product/8582657016103;ALIANÇA MEIA CANA | OURO AMARELO 18K, 3MM;67;13;2;AL0129;AL0129-15;gid://shopify/ProductVariant/46393452790055;5.0;0.0;True;True
gid://shopify/ProductVariant/46393452822823;AL0129-16;16;5500.0;3800.0;5;gid://shopify/Product/8582657016103;ALIANÇA MEIA CANA | OURO AMARELO 18K, 3MM;67;13;2;AL0129;AL0129-16;gid://shopify/ProductVariant/46393452822823;5.0;0.0;True;False
gid://shopify/ProductVariant/46393452855591;AL0129-17;17;5500.0;3800.0;5;gid://shopify/Product/8582657016103;ALIANÇA MEIA CANA | OURO AMARELO 18K, 3MM;67;13;2;AL0129;AL0129-17;gid://shopify/ProductVariant/46393452855591;5.0;0.0;True;False
gid://shopify/ProductVariant/46393452888359;AL0129-18;18;5500.0;3800.0;5;gid://shopify/Product/8582657016103;ALIANÇA MEIA CANA | OURO AMARELO 18K, 3MM;67;13;2;AL0129;AL0129-18;gid://shopify/ProductVariant/46393452888359;5.0;0.0;True;False
gid://shopify/ProductVariant/46393452921127;AL0129-19;19;5500.0;3800.0;5;gid://shopify/Product/8582657016103;ALIANÇA MEIA CANA | OURO AMARELO 18K, 3MM;67;13;2;AL0129;AL0129-19;gid://shopify/ProductVariant/46393452921127;5.0;0.0;True;False
gid://shopify/ProductVariant/46393452953895;AL0129-20;20;5500.0;3800.0;5;gid://shopify/Product/8582657016103;ALIANÇA MEIA CANA | OURO AMARELO 18K, 3MM;67;13;2;AL0129;AL0129-20;gid://shopify/ProductVariant/46393452953895;5.0;0.0;True;False
gid://shopify/ProductVariant/46393452986663;AL0129-21;21;5500.0;3800.0;6;gid://shopify/Product/8582657016103;ALIANÇA MEIA CANA | OURO AMARELO 18K, 3MM;67;13;2;AL0129;AL0129-21;gid://shopify/ProductVariant/46393452986663;5.0;0.0;True;True
gid://shopify/ProductVariant/46393453019431;AL0129-22;22;5500.0;3800.0;5;gid://shopify/Product/8582657016103;ALIANÇA MEIA CANA | OURO AMARELO 18K, 3MM;67;13;2;AL0129;AL0129-22;gid://shopify/ProductVariant/46393453019431;5.0;0.0;True;False
gid://shopify/ProductVariant/46393453248807;AL0131-10;10;7500.0;5300.0;5;gid://shopify/Product/8582657147175;ALIANÇA MEIA CANA | OURO AMARELO 18K, 4MM;67;13;3;AL0131;AL0131-10;gid://shopify/ProductVariant/46393453248807;5.0;0.0;True;False
gid://shopify/ProductVariant/46393453281575;AL0131-11;11;7500.0;5300.0;5;gid://shopify/Product/8582657147175;ALIANÇA MEIA CANA | OURO AMARELO 18K, 4MM;67;13;3;AL0131;AL0131-11;gid://shopify/ProductVariant/46393453281575;5.0;0.0;True;False
gid://shopify/ProductVariant/46393453314343;AL0131-12;12;7500.0;5300.0;5;gid://shopify/Product/8582657147175;ALIANÇA MEIA CANA | OURO AMARELO 18K, 4MM;67;13;3;AL0131;AL0131-12;gid://shopify/ProductVariant/46393453314343;5.0;0.0;True;False
gid://shopify/ProductVariant/46393453347111;AL0131-13;13;7500.0;5300.0;5;gid://shopify/Product/8582657147175;ALIANÇA MEIA CANA | OURO AMARELO 18K, 4MM;67;13;3;AL0131;AL0131-13;gid://shopify/ProductVariant/46393453347111;5.0;0.0;True;False
gid://shopify/ProductVariant/46393453379879;AL0131-14;14;7500.0;5300.0;5;gid://shopify/Product/8582657147175;ALIANÇA MEIA CANA | OURO AMARELO 18K, 4MM;67;13;3;AL0131;AL0131-14;gid://shopify/ProductVariant/46393453379879;5.0;0.0;True;False
gid://shopify/ProductVariant/46393453412647;AL0131-15;15;7500.0;5300.0;5;gid://shopify/Product/8582657147175;ALIANÇA MEIA CANA | OURO AMARELO 18K, 4MM;67;13;3;AL0131;AL0131-15;gid://shopify/ProductVariant/46393453412647;5.0;0.0;True;False
gid://shopify/ProductVariant/46393453445415;AL0131-16;16;7500.0;5300.0;5;gid://shopify/Product/8582657147175;ALIANÇA MEIA CANA | OURO AMARELO 18K, 4MM;67;13;3;AL0131;AL0131-16;gid://shopify/ProductVariant/46393453445415;5.0;0.0;True;False
gid://shopify/ProductVariant/46393453478183;AL0131-17;17;7500.0;5300.0;5;gid://shopify/Product/8582657147175;ALIANÇA MEIA CANA | OURO AMARELO 18K, 4MM;67;13;3;AL0131;AL0131-17;gid://shopify/ProductVariant/46393453478183;5.0;0.0;True;False
gid://shopify/ProductVariant/46393453510951;AL0131-18;18;7500.0;5300.0;6;gid://shopify/Product/8582657147175;ALIANÇA MEIA CANA | OURO AMARELO 18K, 4MM;67;13;3;AL0131;AL0131-18;gid://shopify/ProductVariant/46393453510951;5.0;0.0;True;True
gid://shopify/ProductVariant/46393453543719;AL0131-19;19;7500.0;5300.0;5;gid://shopify/Product/8582657147175;ALIANÇA MEIA CANA | OURO AMARELO 18K, 4MM;67;13;3;AL0131;AL0131-19;gid://shopify/ProductVariant/46393453543719;5.0;0.0;True;False
gid://shopify/ProductVariant/46393453576487;AL0131-20;20;7500.0;5300.0;5;gid://shopify/Product/8582657147175;ALIANÇA MEIA CANA | OURO AMARELO 18K, 4MM;67;13;3;AL0131;AL0131-20;gid://shopify/ProductVariant/46393453576487;5.0;0.0;True;False
gid://shopify/ProductVariant/46393453609255;AL0131-21;21;7500.0;5300.0;5;gid://shopify/Product/8582657147175;ALIANÇA MEIA CANA | OURO AMARELO 18K, 4MM;67;13;3;AL0131;AL0131-21;gid://shopify/ProductVariant/46393453609255;5.0;0.0;True;False
gid://shopify/ProductVariant/46393453642023;AL0131-22;22;7500.0;5300.0;6;gid://shopify/Product/8582657147175;ALIANÇA MEIA CANA | OURO AMARELO 18K, 4MM;67;13;3;AL0131;AL0131-22;gid://shopify/ProductVariant/46393453642023;5.0;0.0;True;True
gid://shopify/ProductVariant/46393454068007;AL00033-10;10;4500.0;3100.0;5;gid://shopify/Product/8582657311015;ALIANÇA QUADRADA | OURO BRANCO 18K, 2MM;67;13;2;AL00033;AL00033-10;gid://shopify/ProductVariant/46393454068007;5.0;0.0;True;False
gid://shopify/ProductVariant/46393454100775;AL00033-11;11;4500.0;3100.0;5;gid://shopify/Product/8582657311015;ALIANÇA QUADRADA | OURO BRANCO 18K, 2MM;67;13;2;AL00033;AL00033-11;gid://shopify/ProductVariant/46393454100775;5.0;0.0;True;False
gid://shopify/ProductVariant/46393454133543;AL00033-12;12;4500.0;3100.0;5;gid://shopify/Product/8582657311015;ALIANÇA QUADRADA | OURO BRANCO 18K, 2MM;67;13;2;AL00033;AL00033-12;gid://shopify/ProductVariant/46393454133543;5.0;0.0;True;False
gid://shopify/ProductVariant/46393454166311;AL00033-13;13;4500.0;3100.0;5;gid://shopify/Product/8582657311015;ALIANÇA QUADRADA | OURO BRANCO 18K, 2MM;67;13;2;AL00033;AL00033-13;gid://shopify/ProductVariant/46393454166311;5.0;0.0;True;False
gid://shopify/ProductVariant/46393454199079;AL00033-14;14;4500.0;3100.0;6;gid://shopify/Product/8582657311015;ALIANÇA QUADRADA | OURO BRANCO 18K, 2MM;67;13;2;AL00033;AL00033-14;gid://shopify/ProductVariant/46393454199079;5.0;0.0;True;True
gid://shopify/ProductVariant/46393454231847;AL00033-15;15;4500.0;3100.0;5;gid://shopify/Product/8582657311015;ALIANÇA QUADRADA | OURO BRANCO 18K, 2MM;67;13;2;AL00033;AL00033-15;gid://shopify/ProductVariant/46393454231847;5.0;0.0;True;False
gid://shopify/ProductVariant/46393454264615;AL00033-16;16;4500.0;3100.0;6;gid://shopify/Product/8582657311015;ALIANÇA QUADRADA | OURO BRANCO 18K, 2MM;67;13;2;AL00033;AL00033-16;gid://shopify/ProductVariant/46393454264615;5.0;0.0;True;True
gid://shopify/ProductVariant/46393454297383;AL00033-17;17;4500.0;3100.0;5;gid://shopify/Product/8582657311015;ALIANÇA QUADRADA | OURO BRANCO 18K, 2MM;67;13;2;AL00033;AL00033-17;gid://shopify/ProductVariant/46393454297383;5.0;0.0;True;False
gid://shopify/ProductVariant/46393454330151;AL00033-18;18;4500.0;3100.0;5;gid://shopify/Product/8582657311015;ALIANÇA QUADRADA | OURO BRANCO 18K, 2MM;67;13;2;AL00033;AL00033-18;gid://shopify/ProductVariant/46393454330151;5.0;0.0;True;False
gid://shopify/ProductVariant/46393454362919;AL00033-19;19;4500.0;3100.0;5;gid://shopify/Product/8582657311015;ALIANÇA QUADRADA | OURO BRANCO 18K, 2MM;67;13;2;AL00033;AL00033-19;gid://shopify/ProductVariant/46393454362919;5.0;0.0;True;False
gid://shopify/ProductVariant/46393454395687;AL00033-20;20;4500.0;3100.0;5;gid://shopify/Product/8582657311015;ALIANÇA QUADRADA | OURO BRANCO 18K, 2MM;67;13;2;AL00033;AL00033-20;gid://shopify/ProductVariant/46393454395687;5.0;0.0;True;False
gid://shopify/ProductVariant/46393454428455;AL00033-21;21;4500.0;3100.0;5;gid://shopify/Product/8582657311015;ALIANÇA QUADRADA | OURO BRANCO 18K, 2MM;67;13;2;AL00033;AL00033-21;gid://shopify/ProductVariant/46393454428455;5.0;0.0;True;False
gid://shopify/ProductVariant/46393454461223;AL00033-22;22;4500.0;3100.0;5;gid://shopify/Product/8582657311015;ALIANÇA QUADRADA | OURO BRANCO 18K, 2MM;67;13;2;AL00033;AL00033-22;gid://shopify/ProductVariant/46393454461223;5.0;0.0;True;False
gid://shopify/ProductVariant/46393454723367;AL0119-10;10;3900.0;2600.0;5;gid://shopify/Product/8582657442087;ALIANÇA MEIA CANA | OURO BRANCO 18K, 2MM;67;13;1;AL0119;AL0119-10;gid://shopify/ProductVariant/46393454723367;5.0;0.0;True;False
gid://shopify/ProductVariant/46393454756135;AL0119-11;11;3900.0;2600.0;5;gid://shopify/Product/8582657442087;ALIANÇA MEIA CANA | OURO BRANCO 18K, 2MM;67;13;1;AL0119;AL0119-11;gid://shopify/ProductVariant/46393454756135;5.0;0.0;True;False
gid://shopify/ProductVariant/46393454788903;AL0119-12;12;3900.0;2600.0;5;gid://shopify/Product/8582657442087;ALIANÇA MEIA CANA | OURO BRANCO 18K, 2MM;67;13;1;AL0119;AL0119-12;gid://shopify/ProductVariant/46393454788903;5.0;0.0;True;False
gid://shopify/ProductVariant/46393454821671;AL0119-13;13;3900.0;2600.0;5;gid://shopify/Product/8582657442087;ALIANÇA MEIA CANA | OURO BRANCO 18K, 2MM;67;13;1;AL0119;AL0119-13;gid://shopify/ProductVariant/46393454821671;5.0;0.0;True;False
gid://shopify/ProductVariant/46393454854439;AL0119-14;14;3900.0;2600.0;6;gid://shopify/Product/8582657442087;ALIANÇA MEIA CANA | OURO BRANCO 18K, 2MM;67;13;1;AL0119;AL0119-14;gid://shopify/ProductVariant/46393454854439;5.0;0.0;True;True
gid://shopify/ProductVariant/46393454887207;AL0119-15;15;3900.0;2600.0;5;gid://shopify/Product/8582657442087;ALIANÇA MEIA CANA | OURO BRANCO 18K, 2MM;67;13;1;AL0119;AL0119-15;gid://shopify/ProductVariant/46393454887207;5.0;0.0;True;False
gid://shopify/ProductVariant/46393454919975;AL0119-16;16;3900.0;2600.0;5;gid://shopify/Product/8582657442087;ALIANÇA MEIA CANA | OURO BRANCO 18K, 2MM;67;13;1;AL0119;AL0119-16;gid://shopify/ProductVariant/46393454919975;5.0;0.0;True;False
gid://shopify/ProductVariant/46393454952743;AL0119-17;17;3900.0;2600.0;5;gid://shopify/Product/8582657442087;ALIANÇA MEIA CANA | OURO BRANCO 18K, 2MM;67;13;1;AL0119;AL0119-17;gid://shopify/ProductVariant/46393454952743;5.0;0.0;True;False
gid://shopify/ProductVariant/46393454985511;AL0119-18;18;3900.0;2600.0;6;gid://shopify/Product/8582657442087;ALIANÇA MEIA CANA | OURO BRANCO 18K, 2MM;67;13;1;AL0119;AL0119-18;gid://shopify/ProductVariant/46393454985511;5.0;0.0;True;True
gid://shopify/ProductVariant/46393455018279;AL0119-19;19;3900.0;2600.0;5;gid://shopify/Product/8582657442087;ALIANÇA MEIA CANA | OURO BRANCO 18K, 2MM;67;13;1;AL0119;AL0119-19;gid://shopify/ProductVariant/46393455018279;5.0;0.0;True;False
gid://shopify/ProductVariant/46393455051047;AL0119-20;20;3900.0;2600.0;5;gid://shopify/Product/8582657442087;ALIANÇA MEIA CANA | OURO BRANCO 18K, 2MM;67;13;1;AL0119;AL0119-20;gid://shopify/ProductVariant/46393455051047;5.0;0.0;True;False
gid://shopify/ProductVariant/46393455083815;AL0119-21;21;3900.0;2600.0;5;gid://shopify/Product/8582657442087;ALIANÇA MEIA CANA | OURO BRANCO 18K, 2MM;67;13;1;AL0119;AL0119-21;gid://shopify/ProductVariant/46393455083815;5.0;0.0;True;False
gid://shopify/ProductVariant/46393455116583;AL0119-22;22;3900.0;2600.0;5;gid://shopify/Product/8582657442087;ALIANÇA MEIA CANA | OURO BRANCO 18K, 2MM;67;13;1;AL0119;AL0119-22;gid://shopify/ProductVariant/46393455116583;5.0;0.0;True;False
gid://shopify/ProductVariant/46393455771943;AL0121-10;10;5500.0;3800.0;5;gid://shopify/Product/8582657573159;ALIANÇA MEIA CANA | OURO BRANCO 18K, 3MM;67;13;3;AL0121;AL0121-10;gid://shopify/ProductVariant/46393455771943;5.0;0.0;True;False
gid://shopify/ProductVariant/46393455804711;AL0121-11;11;5500.0;3800.0;5;gid://shopify/Product/8582657573159;ALIANÇA MEIA CANA | OURO BRANCO 18K, 3MM;67;13;3;AL0121;AL0121-11;gid://shopify/ProductVariant/46393455804711;5.0;0.0;True;False
gid://shopify/ProductVariant/46393455837479;AL0121-12;12;5500.0;3800.0;5;gid://shopify/Product/8582657573159;ALIANÇA MEIA CANA | OURO BRANCO 18K, 3MM;67;13;3;AL0121;AL0121-12;gid://shopify/ProductVariant/46393455837479;5.0;0.0;True;False
gid://shopify/ProductVariant/46393455870247;AL0121-13;13;5500.0;3800.0;5;gid://shopify/Product/8582657573159;ALIANÇA MEIA CANA | OURO BRANCO 18K, 3MM;67;13;3;AL0121;AL0121-13;gid://shopify/ProductVariant/46393455870247;5.0;0.0;True;False
gid://shopify/ProductVariant/46393455903015;AL0121-14;14;5500.0;3800.0;5;gid://shopify/Product/8582657573159;ALIANÇA MEIA CANA | OURO BRANCO 18K, 3MM;67;13;3;AL0121;AL0121-14;gid://shopify/ProductVariant/46393455903015;5.0;0.0;True;False
gid://shopify/ProductVariant/46393455935783;AL0121-15;15;5500.0;3800.0;6;gid://shopify/Product/8582657573159;ALIANÇA MEIA CANA | OURO BRANCO 18K, 3MM;67;13;3;AL0121;AL0121-15;gid://shopify/ProductVariant/46393455935783;5.0;0.0;True;True
gid://shopify/ProductVariant/46393455968551;AL0121-16;16;5500.0;3800.0;5;gid://shopify/Product/8582657573159;ALIANÇA MEIA CANA | OURO BRANCO 18K, 3MM;67;13;3;AL0121;AL0121-16;gid://shopify/ProductVariant/46393455968551;5.0;0.0;True;False
gid://shopify/ProductVariant/46393456001319;AL0121-17;17;5500.0;3800.0;5;gid://shopify/Product/8582657573159;ALIANÇA MEIA CANA | OURO BRANCO 18K, 3MM;67;13;3;AL0121;AL0121-17;gid://shopify/ProductVariant/46393456001319;5.0;0.0;True;False
gid://shopify/ProductVariant/46393456034087;AL0121-18;18;5500.0;3800.0;5;gid://shopify/Product/8582657573159;ALIANÇA MEIA CANA | OURO BRANCO 18K, 3MM;67;13;3;AL0121;AL0121-18;gid://shopify/ProductVariant/46393456034087;5.0;0.0;True;False
gid://shopify/ProductVariant/46393456066855;AL0121-19;19;5500.0;3800.0;5;gid://shopify/Product/8582657573159;ALIANÇA MEIA CANA | OURO BRANCO 18K, 3MM;67;13;3;AL0121;AL0121-19;gid://shopify/ProductVariant/46393456066855;5.0;0.0;True;False
gid://shopify/ProductVariant/46393456099623;AL0121-20;20;5500.0;3800.0;5;gid://shopify/Product/8582657573159;ALIANÇA MEIA CANA | OURO BRANCO 18K, 3MM;67;13;3;AL0121;AL0121-20;gid://shopify/ProductVariant/46393456099623;5.0;0.0;True;False
gid://shopify/ProductVariant/46393456132391;AL0121-21;21;5500.0;3800.0;6;gid://shopify/Product/8582657573159;ALIANÇA MEIA CANA | OURO BRANCO 18K, 3MM;67;13;3;AL0121;AL0121-21;gid://shopify/ProductVariant/46393456132391;5.0;0.0;True;True
gid://shopify/ProductVariant/46393456165159;AL0121-22;22;5500.0;3800.0;5;gid://shopify/Product/8582657573159;ALIANÇA MEIA CANA | OURO BRANCO 18K, 3MM;67;13;3;AL0121;AL0121-22;gid://shopify/ProductVariant/46393456165159;5.0;0.0;True;False
gid://shopify/ProductVariant/46393456623911;AL0123-10;10;7500.0;5300.0;5;gid://shopify/Product/8582657736999;ALIANÇA MEIA CANA | OURO BRANCO 18K, 4MM;66;13;2;AL0123;AL0123-10;gid://shopify/ProductVariant/46393456623911;5.0;0.0;True;False
gid://shopify/ProductVariant/46393456656679;AL0123-11;11;7500.0;5300.0;5;gid://shopify/Product/8582657736999;ALIANÇA MEIA CANA | OURO BRANCO 18K, 4MM;66;13;2;AL0123;AL0123-11;gid://shopify/ProductVariant/46393456656679;5.0;0.0;True;False
gid://shopify/ProductVariant/46393456689447;AL0123-12;12;7500.0;5300.0;5;gid://shopify/Product/8582657736999;ALIANÇA MEIA CANA | OURO BRANCO 18K, 4MM;66;13;2;AL0123;AL0123-12;gid://shopify/ProductVariant/46393456689447;5.0;0.0;True;False
gid://shopify/ProductVariant/46393456722215;AL0123-13;13;7500.0;5300.0;5;gid://shopify/Product/8582657736999;ALIANÇA MEIA CANA | OURO BRANCO 18K, 4MM;66;13;2;AL0123;AL0123-13;gid://shopify/ProductVariant/46393456722215;5.0;0.0;True;False
gid://shopify/ProductVariant/46393456754983;AL0123-14;14;7500.0;5300.0;5;gid://shopify/Product/8582657736999;ALIANÇA MEIA CANA | OURO BRANCO 18K, 4MM;66;13;2;AL0123;AL0123-14;gid://shopify/ProductVariant/46393456754983;5.0;0.0;True;False
gid://shopify/ProductVariant/46393456787751;AL0123-15;15;7500.0;5300.0;5;gid://shopify/Product/8582657736999;ALIANÇA MEIA CANA | OURO BRANCO 18K, 4MM;66;13;2;AL0123;AL0123-15;gid://shopify/ProductVariant/46393456787751;5.0;0.0;True;False
gid://shopify/ProductVariant/46393456820519;AL0123-16;16;7500.0;5300.0;6;gid://shopify/Product/8582657736999;ALIANÇA MEIA CANA | OURO BRANCO 18K, 4MM;66;13;2;AL0123;AL0123-16;gid://shopify/ProductVariant/46393456820519;5.0;0.0;True;True
gid://shopify/ProductVariant/46393456853287;AL0123-17;17;7500.0;5300.0;5;gid://shopify/Product/8582657736999;ALIANÇA MEIA CANA | OURO BRANCO 18K, 4MM;66;13;2;AL0123;AL0123-17;gid://shopify/ProductVariant/46393456853287;5.0;0.0;True;False
gid://shopify/ProductVariant/46393456886055;AL0123-18;18;7500.0;5300.0;5;gid://shopify/Product/8582657736999;ALIANÇA MEIA CANA | OURO BRANCO 18K, 4MM;66;13;2;AL0123;AL0123-18;gid://shopify/ProductVariant/46393456886055;5.0;0.0;True;False
gid://shopify/ProductVariant/46393456918823;AL0123-19;19;7500.0;5300.0;5;gid://shopify/Product/8582657736999;ALIANÇA MEIA CANA | OURO BRANCO 18K, 4MM;66;13;2;AL0123;AL0123-19;gid://shopify/ProductVariant/46393456918823;5.0;0.0;True;False
gid://shopify/ProductVariant/46393456951591;AL0123-20;20;7500.0;5300.0;5;gid://shopify/Product/8582657736999;ALIANÇA MEIA CANA | OURO BRANCO 18K, 4MM;66;13;2;AL0123;AL0123-20;gid://shopify/ProductVariant/46393456951591;5.0;0.0;True;False
gid://shopify/ProductVariant/46393456984359;AL0123-21;21;7500.0;5300.0;5;gid://shopify/Product/8582657736999;ALIANÇA MEIA CANA | OURO BRANCO 18K, 4MM;66;13;2;AL0123;AL0123-21;gid://shopify/ProductVariant/46393456984359;5.0;0.0;True;False
gid://shopify/ProductVariant/46393457017127;AL0123-22;22;7500.0;5300.0;5;gid://shopify/Product/8582657736999;ALIANÇA MEIA CANA | OURO BRANCO 18K, 4MM;66;13;2;AL0123;AL0123-22;gid://shopify/ProductVariant/46393457017127;5.0;0.0;True;False
gid://shopify/ProductVariant/46393457213735;AL0143-10;10;6500.0;4500.0;5;gid://shopify/Product/8582657835303;ALIANÇA QUADRADA | OURO BRANCO 18K, 3MM;65;13;1;AL0143;AL0143-10;gid://shopify/ProductVariant/46393457213735;5.0;0.0;True;False
gid://shopify/ProductVariant/46393457246503;AL0143-11;11;6500.0;4500.0;5;gid://shopify/Product/8582657835303;ALIANÇA QUADRADA | OURO BRANCO 18K, 3MM;65;13;1;AL0143;AL0143-11;gid://shopify/ProductVariant/46393457246503;5.0;0.0;True;False
gid://shopify/ProductVariant/46393457279271;AL0143-12;12;6500.0;4500.0;5;gid://shopify/Product/8582657835303;ALIANÇA QUADRADA | OURO BRANCO 18K, 3MM;65;13;1;AL0143;AL0143-12;gid://shopify/ProductVariant/46393457279271;5.0;0.0;True;False
gid://shopify/ProductVariant/46393457312039;AL0143-13;13;6500.0;4500.0;5;gid://shopify/Product/8582657835303;ALIANÇA QUADRADA | OURO BRANCO 18K, 3MM;65;13;1;AL0143;AL0143-13;gid://shopify/ProductVariant/46393457312039;5.0;0.0;True;False
gid://shopify/ProductVariant/46393457344807;AL0143-14;14;6500.0;4500.0;5;gid://shopify/Product/8582657835303;ALIANÇA QUADRADA | OURO BRANCO 18K, 3MM;65;13;1;AL0143;AL0143-14;gid://shopify/ProductVariant/46393457344807;5.0;0.0;True;False
gid://shopify/ProductVariant/46393457377575;AL0143-15;15;6500.0;4500.0;5;gid://shopify/Product/8582657835303;ALIANÇA QUADRADA | OURO BRANCO 18K, 3MM;65;13;1;AL0143;AL0143-15;gid://shopify/ProductVariant/46393457377575;5.0;0.0;True;False
gid://shopify/ProductVariant/46393457410343;AL0143-16;16;6500.0;4500.0;5;gid://shopify/Product/8582657835303;ALIANÇA QUADRADA | OURO BRANCO 18K, 3MM;65;13;1;AL0143;AL0143-16;gid://shopify/ProductVariant/46393457410343;5.0;0.0;True;False
gid://shopify/ProductVariant/46393457443111;AL0143-17;17;6500.0;4500.0;5;gid://shopify/Product/8582657835303;ALIANÇA QUADRADA | OURO BRANCO 18K, 3MM;65;13;1;AL0143;AL0143-17;gid://shopify/ProductVariant/46393457443111;5.0;0.0;True;False
gid://shopify/ProductVariant/46393457475879;AL0143-18;18;6500.0;4500.0;5;gid://shopify/Product/8582657835303;ALIANÇA QUADRADA | OURO BRANCO 18K, 3MM;65;13;1;AL0143;AL0143-18;gid://shopify/ProductVariant/46393457475879;5.0;0.0;True;False
gid://shopify/ProductVariant/46393457508647;AL0143-19;19;6500.0;4500.0;5;gid://shopify/Product/8582657835303;ALIANÇA QUADRADA | OURO BRANCO 18K, 3MM;65;13;1;AL0143;AL0143-19;gid://shopify/ProductVariant/46393457508647;5.0;0.0;True;False
gid://shopify/ProductVariant/46393457541415;AL0143-20;20;6500.0;4500.0;5;gid://shopify/Product/8582657835303;ALIANÇA QUADRADA | OURO BRANCO 18K, 3MM;65;13;1;AL0143;AL0143-20;gid://shopify/ProductVariant/46393457541415;5.0;0.0;True;False
gid://shopify/ProductVariant/46393457574183;AL0143-21;21;6500.0;4500.0;5;gid://shopify/Product/8582657835303;ALIANÇA QUADRADA | OURO BRANCO 18K, 3MM;65;13;1;AL0143;AL0143-21;gid://shopify/ProductVariant/46393457574183;5.0;0.0;True;False
gid://shopify/ProductVariant/46393457606951;AL0143-22;22;6500.0;4500.0;5;gid://shopify/Product/8582657835303;ALIANÇA QUADRADA | OURO BRANCO 18K, 3MM;65;13;1;AL0143;AL0143-22;gid://shopify/ProductVariant/46393457606951;5.0;0.0;True;False
gid://shopify/ProductVariant/46393457836327;AL00042-10;10;6500.0;4500.0;5;gid://shopify/Product/8582657900839;ALIANÇA QUADRADA | OURO ROSA 18K, 3MM;66;13;2;AL00042;AL00042-10;gid://shopify/ProductVariant/46393457836327;5.0;0.0;True;False
gid://shopify/ProductVariant/46393457869095;AL00042-11;11;6500.0;4500.0;5;gid://shopify/Product/8582657900839;ALIANÇA QUADRADA | OURO ROSA 18K, 3MM;66;13;2;AL00042;AL00042-11;gid://shopify/ProductVariant/46393457869095;5.0;0.0;True;False
gid://shopify/ProductVariant/46393457901863;AL00042-12;12;6500.0;4500.0;5;gid://shopify/Product/8582657900839;ALIANÇA QUADRADA | OURO ROSA 18K, 3MM;66;13;2;AL00042;AL00042-12;gid://shopify/ProductVariant/46393457901863;5.0;0.0;True;False
gid://shopify/ProductVariant/46393457934631;AL00042-13;13;6500.0;4500.0;5;gid://shopify/Product/8582657900839;ALIANÇA QUADRADA | OURO ROSA 18K, 3MM;66;13;2;AL00042;AL00042-13;gid://shopify/ProductVariant/46393457934631;5.0;0.0;True;False
gid://shopify/ProductVariant/46393457967399;AL00042-14;14;6500.0;4500.0;5;gid://shopify/Product/8582657900839;ALIANÇA QUADRADA | OURO ROSA 18K, 3MM;66;13;2;AL00042;AL00042-14;gid://shopify/ProductVariant/46393457967399;5.0;0.0;True;False
gid://shopify/ProductVariant/46393458000167;AL00042-15;15;6500.0;4500.0;6;gid://shopify/Product/8582657900839;ALIANÇA QUADRADA | OURO ROSA 18K, 3MM;66;13;2;AL00042;AL00042-15;gid://shopify/ProductVariant/46393458000167;5.0;0.0;True;True
gid://shopify/ProductVariant/46393458032935;AL00042-16;16;6500.0;4500.0;5;gid://shopify/Product/8582657900839;ALIANÇA QUADRADA | OURO ROSA 18K, 3MM;66;13;2;AL00042;AL00042-16;gid://shopify/ProductVariant/46393458032935;5.0;0.0;True;False
gid://shopify/ProductVariant/46393458065703;AL00042-17;17;6500.0;4500.0;5;gid://shopify/Product/8582657900839;ALIANÇA QUADRADA | OURO ROSA 18K, 3MM;66;13;2;AL00042;AL00042-17;gid://shopify/ProductVariant/46393458065703;5.0;0.0;True;False
gid://shopify/ProductVariant/46393458098471;AL00042-18;18;6500.0;4500.0;5;gid://shopify/Product/8582657900839;ALIANÇA QUADRADA | OURO ROSA 18K, 3MM;66;13;2;AL00042;AL00042-18;gid://shopify/ProductVariant/46393458098471;5.0;0.0;True;False
gid://shopify/ProductVariant/46393458131239;AL00042-19;19;6500.0;4500.0;5;gid://shopify/Product/8582657900839;ALIANÇA QUADRADA | OURO ROSA 18K, 3MM;66;13;2;AL00042;AL00042-19;gid://shopify/ProductVariant/46393458131239;5.0;0.0;True;False
gid://shopify/ProductVariant/46393458164007;AL00042-20;20;6500.0;4500.0;5;gid://shopify/Product/8582657900839;ALIANÇA QUADRADA | OURO ROSA 18K, 3MM;66;13;2;AL00042;AL00042-20;gid://shopify/ProductVariant/46393458164007;5.0;0.0;True;False
gid://shopify/ProductVariant/46393458196775;AL00042-21;21;6500.0;4500.0;5;gid://shopify/Product/8582657900839;ALIANÇA QUADRADA | OURO ROSA 18K, 3MM;66;13;2;AL00042;AL00042-21;gid://shopify/ProductVariant/46393458196775;5.0;0.0;True;False
gid://shopify/ProductVariant/46393458229543;AL00042-22;22;6500.0;4500.0;5;gid://shopify/Product/8582657900839;ALIANÇA QUADRADA | OURO ROSA 18K, 3MM;66;13;2;AL00042;AL00042-22;gid://shopify/ProductVariant/46393458229543;5.0;0.0;True;False
gid://shopify/ProductVariant/46393458458919;AL00049-10;10;4500.0;3100.0;5;gid://shopify/Product/8582657966375;ALIANÇA QUADRADA | OURO ROSA 18K, 2MM;69;13;2;AL00049;AL00049-10;gid://shopify/ProductVariant/46393458458919;5.0;0.0;True;False
gid://shopify/ProductVariant/46393458491687;AL00049-11;11;4500.0;3100.0;5;gid://shopify/Product/8582657966375;ALIANÇA QUADRADA | OURO ROSA 18K, 2MM;69;13;2;AL00049;AL00049-11;gid://shopify/ProductVariant/46393458491687;5.0;0.0;True;False
gid://shopify/ProductVariant/46393458524455;AL00049-12;12;4500.0;3100.0;5;gid://shopify/Product/8582657966375;ALIANÇA QUADRADA | OURO ROSA 18K, 2MM;69;13;2;AL00049;AL00049-12;gid://shopify/ProductVariant/46393458524455;5.0;0.0;True;False
gid://shopify/ProductVariant/46393458557223;AL00049-13;13;4500.0;3100.0;5;gid://shopify/Product/8582657966375;ALIANÇA QUADRADA | OURO ROSA 18K, 2MM;69;13;2;AL00049;AL00049-13;gid://shopify/ProductVariant/46393458557223;5.0;0.0;True;False
gid://shopify/ProductVariant/46393458589991;AL00049-14;14;4500.0;3100.0;5;gid://shopify/Product/8582657966375;ALIANÇA QUADRADA | OURO ROSA 18K, 2MM;69;13;2;AL00049;AL00049-14;gid://shopify/ProductVariant/46393458589991;5.0;0.0;True;False
gid://shopify/ProductVariant/46393458622759;AL00049-15;15;4500.0;3100.0;5;gid://shopify/Product/8582657966375;ALIANÇA QUADRADA | OURO ROSA 18K, 2MM;69;13;2;AL00049;AL00049-15;gid://shopify/ProductVariant/46393458622759;5.0;0.0;True;False
gid://shopify/ProductVariant/46393458655527;AL00049-16;16;4500.0;3100.0;6;gid://shopify/Product/8582657966375;ALIANÇA QUADRADA | OURO ROSA 18K, 2MM;69;13;2;AL00049;AL00049-16;gid://shopify/ProductVariant/46393458655527;5.0;0.0;True;True
gid://shopify/ProductVariant/46393458688295;AL00049-17;17;4500.0;3100.0;5;gid://shopify/Product/8582657966375;ALIANÇA QUADRADA | OURO ROSA 18K, 2MM;69;13;2;AL00049;AL00049-17;gid://shopify/ProductVariant/46393458688295;5.0;0.0;True;False
gid://shopify/ProductVariant/46393458721063;AL00049-18;18;4500.0;3100.0;5;gid://shopify/Product/8582657966375;ALIANÇA QUADRADA | OURO ROSA 18K, 2MM;69;13;2;AL00049;AL00049-18;gid://shopify/ProductVariant/46393458721063;5.0;0.0;True;False
gid://shopify/ProductVariant/46393458753831;AL00049-19;19;4500.0;3100.0;5;gid://shopify/Product/8582657966375;ALIANÇA QUADRADA | OURO ROSA 18K, 2MM;69;13;2;AL00049;AL00049-19;gid://shopify/ProductVariant/46393458753831;5.0;0.0;True;False
gid://shopify/ProductVariant/46393458786599;AL00049-20;20;4500.0;3100.0;8;gid://shopify/Product/8582657966375;ALIANÇA QUADRADA | OURO ROSA 18K, 2MM;69;13;2;AL00049;AL00049-20;gid://shopify/ProductVariant/46393458786599;5.0;0.0;True;True
gid://shopify/ProductVariant/46393458819367;AL00049-21;21;4500.0;3100.0;5;gid://shopify/Product/8582657966375;ALIANÇA QUADRADA | OURO ROSA 18K, 2MM;69;13;2;AL00049;AL00049-21;gid://shopify/ProductVariant/46393458819367;5.0;0.0;True;False
gid://shopify/ProductVariant/46393458852135;AL00049-22;22;4500.0;3100.0;5;gid://shopify/Product/8582657966375;ALIANÇA QUADRADA | OURO ROSA 18K, 2MM;69;13;2;AL00049;AL00049-22;gid://shopify/ProductVariant/46393458852135;5.0;0.0;True;False
gid://shopify/ProductVariant/46393459015975;AL00069-10;10;3900.0;2600.0;5;gid://shopify/Product/8582658031911;ALIANÇA MEIA CANA | OURO ROSA 18K, 2MM;67;13;3;AL00069;AL00069-10;gid://shopify/ProductVariant/46393459015975;5.0;0.0;True;False
gid://shopify/ProductVariant/46393459048743;AL00069-11;11;3900.0;2600.0;5;gid://shopify/Product/8582658031911;ALIANÇA MEIA CANA | OURO ROSA 18K, 2MM;67;13;3;AL00069;AL00069-11;gid://shopify/ProductVariant/46393459048743;5.0;0.0;True;False
gid://shopify/ProductVariant/46393459081511;AL00069-12;12;3900.0;2600.0;5;gid://shopify/Product/8582658031911;ALIANÇA MEIA CANA | OURO ROSA 18K, 2MM;67;13;3;AL00069;AL00069-12;gid://shopify/ProductVariant/46393459081511;5.0;0.0;True;False
gid://shopify/ProductVariant/46393459114279;AL00069-13;13;3900.0;2600.0;5;gid://shopify/Product/8582658031911;ALIANÇA MEIA CANA | OURO ROSA 18K, 2MM;67;13;3;AL00069;AL00069-13;gid://shopify/ProductVariant/46393459114279;5.0;0.0;True;False
gid://shopify/ProductVariant/46393459147047;AL00069-14;14;3900.0;2600.0;5;gid://shopify/Product/8582658031911;ALIANÇA MEIA CANA | OURO ROSA 18K, 2MM;67;13;3;AL00069;AL00069-14;gid://shopify/ProductVariant/46393459147047;5.0;0.0;True;False
gid://shopify/ProductVariant/46393459179815;AL00069-15;15;3900.0;2600.0;6;gid://shopify/Product/8582658031911;ALIANÇA MEIA CANA | OURO ROSA 18K, 2MM;67;13;3;AL00069;AL00069-15;gid://shopify/ProductVariant/46393459179815;5.0;0.0;True;True
gid://shopify/ProductVariant/46393459212583;AL00069-16;16;3900.0;2600.0;5;gid://shopify/Product/8582658031911;ALIANÇA MEIA CANA | OURO ROSA 18K, 2MM;67;13;3;AL00069;AL00069-16;gid://shopify/ProductVariant/46393459212583;5.0;0.0;True;False
gid://shopify/ProductVariant/46393459245351;AL00069-17;17;3900.0;2600.0;5;gid://shopify/Product/8582658031911;ALIANÇA MEIA CANA | OURO ROSA 18K, 2MM;67;13;3;AL00069;AL00069-17;gid://shopify/ProductVariant/46393459245351;5.0;0.0;True;False
gid://shopify/ProductVariant/46393459278119;AL00069-18;18;3900.0;2600.0;5;gid://shopify/Product/8582658031911;ALIANÇA MEIA CANA | OURO ROSA 18K, 2MM;67;13;3;AL00069;AL00069-18;gid://shopify/ProductVariant/46393459278119;5.0;0.0;True;False
gid://shopify/ProductVariant/46393459310887;AL00069-19;19;3900.0;2600.0;5;gid://shopify/Product/8582658031911;ALIANÇA MEIA CANA | OURO ROSA 18K, 2MM;67;13;3;AL00069;AL00069-19;gid://shopify/ProductVariant/46393459310887;5.0;0.0;True;False
gid://shopify/ProductVariant/46393459343655;AL00069-20;20;3900.0;2600.0;6;gid://shopify/Product/8582658031911;ALIANÇA MEIA CANA | OURO ROSA 18K, 2MM;67;13;3;AL00069;AL00069-20;gid://shopify/ProductVariant/46393459343655;5.0;0.0;True;True
gid://shopify/ProductVariant/46393459376423;AL00069-21;21;3900.0;2600.0;5;gid://shopify/Product/8582658031911;ALIANÇA MEIA CANA | OURO ROSA 18K, 2MM;67;13;3;AL00069;AL00069-21;gid://shopify/ProductVariant/46393459376423;5.0;0.0;True;False
gid://shopify/ProductVariant/46393459409191;AL00069-22;22;3900.0;2600.0;5;gid://shopify/Product/8582658031911;ALIANÇA MEIA CANA | OURO ROSA 18K, 2MM;67;13;3;AL00069;AL00069-22;gid://shopify/ProductVariant/46393459409191;5.0;0.0;True;False
gid://shopify/ProductVariant/46393459704103;AL02775-10;10;5500.0;3800.0;5;gid://shopify/Product/8582658162983;ALIANÇA MEIA CANA | OURO ROSA 18K, 3MM;65;13;1;AL02775;AL02775-10;gid://shopify/ProductVariant/46393459704103;5.0;0.0;True;False
gid://shopify/ProductVariant/46393459736871;AL02775-11;11;5500.0;3800.0;5;gid://shopify/Product/8582658162983;ALIANÇA MEIA CANA | OURO ROSA 18K, 3MM;65;13;1;AL02775;AL02775-11;gid://shopify/ProductVariant/46393459736871;5.0;0.0;True;False
gid://shopify/ProductVariant/46393459769639;AL02775-12;12;5500.0;3800.0;5;gid://shopify/Product/8582658162983;ALIANÇA MEIA CANA | OURO ROSA 18K, 3MM;65;13;1;AL02775;AL02775-12;gid://shopify/ProductVariant/46393459769639;5.0;0.0;True;False
gid://shopify/ProductVariant/46393459802407;AL02775-13;13;5500.0;3800.0;5;gid://shopify/Product/8582658162983;ALIANÇA MEIA CANA | OURO ROSA 18K, 3MM;65;13;1;AL02775;AL02775-13;gid://shopify/ProductVariant/46393459802407;5.0;0.0;True;False
gid://shopify/ProductVariant/46393459835175;AL02775-14;14;5500.0;3800.0;5;gid://shopify/Product/8582658162983;ALIANÇA MEIA CANA | OURO ROSA 18K, 3MM;65;13;1;AL02775;AL02775-14;gid://shopify/ProductVariant/46393459835175;5.0;0.0;True;False
gid://shopify/ProductVariant/46393459867943;AL02775-15;15;5500.0;3800.0;5;gid://shopify/Product/8582658162983;ALIANÇA MEIA CANA | OURO ROSA 18K, 3MM;65;13;1;AL02775;AL02775-15;gid://shopify/ProductVariant/46393459867943;5.0;0.0;True;False
gid://shopify/ProductVariant/46393459900711;AL02775-16;16;5500.0;3800.0;5;gid://shopify/Product/8582658162983;ALIANÇA MEIA CANA | OURO ROSA 18K, 3MM;65;13;1;AL02775;AL02775-16;gid://shopify/ProductVariant/46393459900711;5.0;0.0;True;False
gid://shopify/ProductVariant/46393459933479;AL02775-17;17;5500.0;3800.0;5;gid://shopify/Product/8582658162983;ALIANÇA MEIA CANA | OURO ROSA 18K, 3MM;65;13;1;AL02775;AL02775-17;gid://shopify/ProductVariant/46393459933479;5.0;0.0;True;False
gid://shopify/ProductVariant/46393459966247;AL02775-18;18;5500.0;3800.0;5;gid://shopify/Product/8582658162983;ALIANÇA MEIA CANA | OURO ROSA 18K, 3MM;65;13;1;AL02775;AL02775-18;gid://shopify/ProductVariant/46393459966247;5.0;0.0;True;False
gid://shopify/ProductVariant/46393459999015;AL02775-19;19;5500.0;3800.0;5;gid://shopify/Product/8582658162983;ALIANÇA MEIA CANA | OURO ROSA 18K, 3MM;65;13;1;AL02775;AL02775-19;gid://shopify/ProductVariant/46393459999015;5.0;0.0;True;False
gid://shopify/ProductVariant/46393460031783;AL02775-20;20;5500.0;3800.0;5;gid://shopify/Product/8582658162983;ALIANÇA MEIA CANA | OURO ROSA 18K, 3MM;65;13;1;AL02775;AL02775-20;gid://shopify/ProductVariant/46393460031783;5.0;0.0;True;False
gid://shopify/ProductVariant/46393460064551;AL02775-21;21;5500.0;3800.0;5;gid://shopify/Product/8582658162983;ALIANÇA MEIA CANA | OURO ROSA 18K, 3MM;65;13;1;AL02775;AL02775-21;gid://shopify/ProductVariant/46393460064551;5.0;0.0;True;False
gid://shopify/ProductVariant/46393460097319;AL02775-22;22;5500.0;3800.0;5;gid://shopify/Product/8582658162983;ALIANÇA MEIA CANA | OURO ROSA 18K, 3MM;65;13;1;AL02775;AL02775-22;gid://shopify/ProductVariant/46393460097319;5.0;0.0;True;False
gid://shopify/ProductVariant/46393460621607;AN03191-10;10;8900.0;7700.0;5;gid://shopify/Product/8582658294055;Anel Deco 2019 | Ouro Amarelo 18K COM RÓDIO NEGRO E DIAMANTES;65;13;2;AN03191;AN03191-10;gid://shopify/ProductVariant/46393460621607;5.0;0.0;True;False
gid://shopify/ProductVariant/46393460654375;AN03191-11;11;8900.0;7700.0;5;gid://shopify/Product/8582658294055;Anel Deco 2019 | Ouro Amarelo 18K COM RÓDIO NEGRO E DIAMANTES;65;13;2;AN03191;AN03191-11;gid://shopify/ProductVariant/46393460654375;5.0;0.0;True;False
gid://shopify/ProductVariant/46393460687143;AN03191-12;12;8900.0;7700.0;5;gid://shopify/Product/8582658294055;Anel Deco 2019 | Ouro Amarelo 18K COM RÓDIO NEGRO E DIAMANTES;65;13;2;AN03191;AN03191-12;gid://shopify/ProductVariant/46393460687143;5.0;0.0;True;False
gid://shopify/ProductVariant/46393460719911;AN03191-13;13;8900.0;7700.0;5;gid://shopify/Product/8582658294055;Anel Deco 2019 | Ouro Amarelo 18K COM RÓDIO NEGRO E DIAMANTES;65;13;2;AN03191;AN03191-13;gid://shopify/ProductVariant/46393460719911;5.0;0.0;True;False
gid://shopify/ProductVariant/46393460752679;AN03191-14;14;8900.0;7700.0;5;gid://shopify/Product/8582658294055;Anel Deco 2019 | Ouro Amarelo 18K COM RÓDIO NEGRO E DIAMANTES;65;13;2;AN03191;AN03191-14;gid://shopify/ProductVariant/46393460752679;5.0;0.0;True;False
gid://shopify/ProductVariant/46393460785447;AN03191-15;15;8900.0;7700.0;5;gid://shopify/Product/8582658294055;Anel Deco 2019 | Ouro Amarelo 18K COM RÓDIO NEGRO E DIAMANTES;65;13;2;AN03191;AN03191-15;gid://shopify/ProductVariant/46393460785447;5.0;0.0;True;False
gid://shopify/ProductVariant/46393460818215;AN03191-16;16;8900.0;7700.0;5;gid://shopify/Product/8582658294055;Anel Deco 2019 | Ouro Amarelo 18K COM RÓDIO NEGRO E DIAMANTES;65;13;2;AN03191;AN03191-16;gid://shopify/ProductVariant/46393460818215;5.0;0.0;True;False
gid://shopify/ProductVariant/46393460850983;AN03191-17;17;8900.0;7700.0;5;gid://shopify/Product/8582658294055;Anel Deco 2019 | Ouro Amarelo 18K COM RÓDIO NEGRO E DIAMANTES;65;13;2;AN03191;AN03191-17;gid://shopify/ProductVariant/46393460850983;5.0;0.0;True;False
gid://shopify/ProductVariant/46393460883751;AN03191-18;18;8900.0;7700.0;5;gid://shopify/Product/8582658294055;Anel Deco 2019 | Ouro Amarelo 18K COM RÓDIO NEGRO E DIAMANTES;65;13;2;AN03191;AN03191-18;gid://shopify/ProductVariant/46393460883751;5.0;0.0;True;False
gid://shopify/ProductVariant/46393460916519;AN03191-19;19;8900.0;7700.0;5;gid://shopify/Product/8582658294055;Anel Deco 2019 | Ouro Amarelo 18K COM RÓDIO NEGRO E DIAMANTES;65;13;2;AN03191;AN03191-19;gid://shopify/ProductVariant/46393460916519;5.0;0.0;True;False
gid://shopify/ProductVariant/46393460949287;AN03191-20;20;8900.0;7700.0;5;gid://shopify/Product/8582658294055;Anel Deco 2019 | Ouro Amarelo 18K COM RÓDIO NEGRO E DIAMANTES;65;13;2;AN03191;AN03191-20;gid://shopify/ProductVariant/46393460949287;5.0;0.0;True;False
gid://shopify/ProductVariant/46393460982055;AN03191-21;21;8900.0;7700.0;5;gid://shopify/Product/8582658294055;Anel Deco 2019 | Ouro Amarelo 18K COM RÓDIO NEGRO E DIAMANTES;65;13;2;AN03191;AN03191-21;gid://shopify/ProductVariant/46393460982055;5.0;0.0;True;False
gid://shopify/ProductVariant/46393461014823;AN03191-22;22;8900.0;7700.0;5;gid://shopify/Product/8582658294055;Anel Deco 2019 | Ouro Amarelo 18K COM RÓDIO NEGRO E DIAMANTES;65;13;2;AN03191;AN03191-22;gid://shopify/ProductVariant/46393461014823;5.0;0.0;True;False
gid://shopify/ProductVariant/46393461080359;AN03190-10;10;10500.0;8300.0;5;gid://shopify/Product/8582658359591;Anel Deco 2019 | Ouro Branco 18K Com Ródio Negro E Diamantes;66;13;2;AN03190;AN03190-10;gid://shopify/ProductVariant/46393461080359;5.0;0.0;True;False
gid://shopify/ProductVariant/46393461113127;AN03190-11;11;10500.0;8300.0;5;gid://shopify/Product/8582658359591;Anel Deco 2019 | Ouro Branco 18K Com Ródio Negro E Diamantes;66;13;2;AN03190;AN03190-11;gid://shopify/ProductVariant/46393461113127;5.0;0.0;True;False
gid://shopify/ProductVariant/46393461145895;AN03190-12;12;10500.0;8300.0;5;gid://shopify/Product/8582658359591;Anel Deco 2019 | Ouro Branco 18K Com Ródio Negro E Diamantes;66;13;2;AN03190;AN03190-12;gid://shopify/ProductVariant/46393461145895;5.0;0.0;True;False
gid://shopify/ProductVariant/46393461178663;AN03190-13;13;10500.0;8300.0;5;gid://shopify/Product/8582658359591;Anel Deco 2019 | Ouro Branco 18K Com Ródio Negro E Diamantes;66;13;2;AN03190;AN03190-13;gid://shopify/ProductVariant/46393461178663;5.0;0.0;True;False
gid://shopify/ProductVariant/46393461211431;AN03190-14;14;10500.0;8300.0;5;gid://shopify/Product/8582658359591;Anel Deco 2019 | Ouro Branco 18K Com Ródio Negro E Diamantes;66;13;2;AN03190;AN03190-14;gid://shopify/ProductVariant/46393461211431;5.0;0.0;True;False
gid://shopify/ProductVariant/46393461244199;AN03190-15;15;10500.0;8300.0;5;gid://shopify/Product/8582658359591;Anel Deco 2019 | Ouro Branco 18K Com Ródio Negro E Diamantes;66;13;2;AN03190;AN03190-15;gid://shopify/ProductVariant/46393461244199;5.0;0.0;True;False
gid://shopify/ProductVariant/46393461276967;AN03190-16;16;10500.0;8300.0;5;gid://shopify/Product/8582658359591;Anel Deco 2019 | Ouro Branco 18K Com Ródio Negro E Diamantes;66;13;2;AN03190;AN03190-16;gid://shopify/ProductVariant/46393461276967;5.0;0.0;True;False
gid://shopify/ProductVariant/46393461309735;AN03190-17;17;10500.0;8300.0;6;gid://shopify/Product/8582658359591;Anel Deco 2019 | Ouro Branco 18K Com Ródio Negro E Diamantes;66;13;2;AN03190;AN03190-17;gid://shopify/ProductVariant/46393461309735;5.0;0.0;True;True
gid://shopify/ProductVariant/46393461342503;AN03190-18;18;10500.0;8300.0;5;gid://shopify/Product/8582658359591;Anel Deco 2019 | Ouro Branco 18K Com Ródio Negro E Diamantes;66;13;2;AN03190;AN03190-18;gid://shopify/ProductVariant/46393461342503;5.0;0.0;True;False
gid://shopify/ProductVariant/46393461375271;AN03190-19;19;10500.0;8300.0;5;gid://shopify/Product/8582658359591;Anel Deco 2019 | Ouro Branco 18K Com Ródio Negro E Diamantes;66;13;2;AN03190;AN03190-19;gid://shopify/ProductVariant/46393461375271;5.0;0.0;True;False
gid://shopify/ProductVariant/46393461408039;AN03190-20;20;10500.0;8300.0;5;gid://shopify/Product/8582658359591;Anel Deco 2019 | Ouro Branco 18K Com Ródio Negro E Diamantes;66;13;2;AN03190;AN03190-20;gid://shopify/ProductVariant/46393461408039;5.0;0.0;True;False
gid://shopify/ProductVariant/46393461440807;AN03190-21;21;10500.0;8300.0;5;gid://shopify/Product/8582658359591;Anel Deco 2019 | Ouro Branco 18K Com Ródio Negro E Diamantes;66;13;2;AN03190;AN03190-21;gid://shopify/ProductVariant/46393461440807;5.0;0.0;True;False
gid://shopify/ProductVariant/46393461473575;AN03190-22;22;10500.0;8300.0;5;gid://shopify/Product/8582658359591;Anel Deco 2019 | Ouro Branco 18K Com Ródio Negro E Diamantes;66;13;2;AN03190;AN03190-22;gid://shopify/ProductVariant/46393461473575;5.0;0.0;True;False
gid://shopify/ProductVariant/46393461604647;AN03189-10;10;12900.0;9800.0;5;gid://shopify/Product/8582658457895;Anel Deco 2019 | Ouro Branco 18K E Diamantes;65;13;2;AN03189;AN03189-10;gid://shopify/ProductVariant/46393461604647;5.0;0.0;True;False
gid://shopify/ProductVariant/46393461637415;AN03189-11;11;12900.0;9800.0;5;gid://shopify/Product/8582658457895;Anel Deco 2019 | Ouro Branco 18K E Diamantes;65;13;2;AN03189;AN03189-11;gid://shopify/ProductVariant/46393461637415;5.0;0.0;True;False
gid://shopify/ProductVariant/46393461670183;AN03189-12;12;12900.0;9800.0;5;gid://shopify/Product/8582658457895;Anel Deco 2019 | Ouro Branco 18K E Diamantes;65;13;2;AN03189;AN03189-12;gid://shopify/ProductVariant/46393461670183;5.0;0.0;True;False
gid://shopify/ProductVariant/46393461702951;AN03189-13;13;12900.0;9800.0;5;gid://shopify/Product/8582658457895;Anel Deco 2019 | Ouro Branco 18K E Diamantes;65;13;2;AN03189;AN03189-13;gid://shopify/ProductVariant/46393461702951;5.0;0.0;True;False
gid://shopify/ProductVariant/46393461735719;AN03189-14;14;12900.0;9800.0;5;gid://shopify/Product/8582658457895;Anel Deco 2019 | Ouro Branco 18K E Diamantes;65;13;2;AN03189;AN03189-14;gid://shopify/ProductVariant/46393461735719;5.0;0.0;True;False
gid://shopify/ProductVariant/46393461768487;AN03189-15;15;12900.0;9800.0;5;gid://shopify/Product/8582658457895;Anel Deco 2019 | Ouro Branco 18K E Diamantes;65;13;2;AN03189;AN03189-15;gid://shopify/ProductVariant/46393461768487;5.0;0.0;True;False
gid://shopify/ProductVariant/46393461801255;AN03189-16;16;12900.0;9800.0;5;gid://shopify/Product/8582658457895;Anel Deco 2019 | Ouro Branco 18K E Diamantes;65;13;2;AN03189;AN03189-16;gid://shopify/ProductVariant/46393461801255;5.0;0.0;True;False
gid://shopify/ProductVariant/46393461834023;AN03189-17;17;12900.0;9800.0;5;gid://shopify/Product/8582658457895;Anel Deco 2019 | Ouro Branco 18K E Diamantes;65;13;2;AN03189;AN03189-17;gid://shopify/ProductVariant/46393461834023;5.0;0.0;True;False
gid://shopify/ProductVariant/46393461866791;AN03189-18;18;12900.0;9800.0;5;gid://shopify/Product/8582658457895;Anel Deco 2019 | Ouro Branco 18K E Diamantes;65;13;2;AN03189;AN03189-18;gid://shopify/ProductVariant/46393461866791;5.0;0.0;True;False
gid://shopify/ProductVariant/46393461899559;AN03189-19;19;12900.0;9800.0;5;gid://shopify/Product/8582658457895;Anel Deco 2019 | Ouro Branco 18K E Diamantes;65;13;2;AN03189;AN03189-19;gid://shopify/ProductVariant/46393461899559;5.0;0.0;True;False
gid://shopify/ProductVariant/46393461932327;AN03189-20;20;12900.0;9800.0;5;gid://shopify/Product/8582658457895;Anel Deco 2019 | Ouro Branco 18K E Diamantes;65;13;2;AN03189;AN03189-20;gid://shopify/ProductVariant/46393461932327;5.0;0.0;True;False
gid://shopify/ProductVariant/46393461965095;AN03189-21;21;12900.0;9800.0;5;gid://shopify/Product/8582658457895;Anel Deco 2019 | Ouro Branco 18K E Diamantes;65;13;2;AN03189;AN03189-21;gid://shopify/ProductVariant/46393461965095;5.0;0.0;True;False
gid://shopify/ProductVariant/46393461997863;AN03189-22;22;12900.0;9800.0;5;gid://shopify/Product/8582658457895;Anel Deco 2019 | Ouro Branco 18K E Diamantes;65;13;2;AN03189;AN03189-22;gid://shopify/ProductVariant/46393461997863;5.0;0.0;True;False
gid://shopify/ProductVariant/46393462030631;AN03556-10;10;16500.0;11500.0;5;gid://shopify/Product/8582658490663;Anel Dolce Vita | Ouro Amarelo 18K com Ágata e Diamantes;65;13;3;AN03556;AN03556-10;gid://shopify/ProductVariant/46393462030631;5.0;0.0;True;False
gid://shopify/ProductVariant/46393462063399;AN03556-11;11;16500.0;11500.0;5;gid://shopify/Product/8582658490663;Anel Dolce Vita | Ouro Amarelo 18K com Ágata e Diamantes;65;13;3;AN03556;AN03556-11;gid://shopify/ProductVariant/46393462063399;5.0;0.0;True;False
gid://shopify/ProductVariant/46393462096167;AN03556-12;12;16500.0;11500.0;5;gid://shopify/Product/8582658490663;Anel Dolce Vita | Ouro Amarelo 18K com Ágata e Diamantes;65;13;3;AN03556;AN03556-12;gid://shopify/ProductVariant/46393462096167;5.0;0.0;True;False
gid://shopify/ProductVariant/46393462128935;AN03556-13;13;16500.0;11500.0;5;gid://shopify/Product/8582658490663;Anel Dolce Vita | Ouro Amarelo 18K com Ágata e Diamantes;65;13;3;AN03556;AN03556-13;gid://shopify/ProductVariant/46393462128935;5.0;0.0;True;False
gid://shopify/ProductVariant/46393462161703;AN03556-14;14;16500.0;11500.0;5;gid://shopify/Product/8582658490663;Anel Dolce Vita | Ouro Amarelo 18K com Ágata e Diamantes;65;13;3;AN03556;AN03556-14;gid://shopify/ProductVariant/46393462161703;5.0;0.0;True;False
gid://shopify/ProductVariant/46393462194471;AN03556-15;15;16500.0;11500.0;5;gid://shopify/Product/8582658490663;Anel Dolce Vita | Ouro Amarelo 18K com Ágata e Diamantes;65;13;3;AN03556;AN03556-15;gid://shopify/ProductVariant/46393462194471;5.0;0.0;True;False
gid://shopify/ProductVariant/46393462227239;AN03556-16;16;16500.0;11500.0;5;gid://shopify/Product/8582658490663;Anel Dolce Vita | Ouro Amarelo 18K com Ágata e Diamantes;65;13;3;AN03556;AN03556-16;gid://shopify/ProductVariant/46393462227239;5.0;0.0;True;False
gid://shopify/ProductVariant/46393462260007;AN03556-17;17;16500.0;11500.0;5;gid://shopify/Product/8582658490663;Anel Dolce Vita | Ouro Amarelo 18K com Ágata e Diamantes;65;13;3;AN03556;AN03556-17;gid://shopify/ProductVariant/46393462260007;5.0;0.0;True;False
gid://shopify/ProductVariant/46393462292775;AN03556-18;18;16500.0;11500.0;5;gid://shopify/Product/8582658490663;Anel Dolce Vita | Ouro Amarelo 18K com Ágata e Diamantes;65;13;3;AN03556;AN03556-18;gid://shopify/ProductVariant/46393462292775;5.0;0.0;True;False
gid://shopify/ProductVariant/46393462325543;AN03556-19;19;16500.0;11500.0;5;gid://shopify/Product/8582658490663;Anel Dolce Vita | Ouro Amarelo 18K com Ágata e Diamantes;65;13;3;AN03556;AN03556-19;gid://shopify/ProductVariant/46393462325543;5.0;0.0;True;False
gid://shopify/ProductVariant/46393462358311;AN03556-20;20;16500.0;11500.0;5;gid://shopify/Product/8582658490663;Anel Dolce Vita | Ouro Amarelo 18K com Ágata e Diamantes;65;13;3;AN03556;AN03556-20;gid://shopify/ProductVariant/46393462358311;5.0;0.0;True;False
gid://shopify/ProductVariant/46393462391079;AN03556-21;21;16500.0;11500.0;5;gid://shopify/Product/8582658490663;Anel Dolce Vita | Ouro Amarelo 18K com Ágata e Diamantes;65;13;3;AN03556;AN03556-21;gid://shopify/ProductVariant/46393462391079;5.0;0.0;True;False
gid://shopify/ProductVariant/46393462423847;AN03556-22;22;16500.0;11500.0;5;gid://shopify/Product/8582658490663;Anel Dolce Vita | Ouro Amarelo 18K com Ágata e Diamantes;65;13;3;AN03556;AN03556-22;gid://shopify/ProductVariant/46393462423847;5.0;0.0;True;False
gid://shopify/ProductVariant/46393462751527;AN03557-10;10;14000.0;11500.0;0;gid://shopify/Product/8582658588967;Anel Dolce Vita | Ouro Amarelo 18K com Safiras E Quartzo;0;13;3;AN03557;AN03557-10;gid://shopify/ProductVariant/46393462751527;0.0;0.0;False;False
gid://shopify/ProductVariant/46393462784295;AN03557-11;11;14000.0;11500.0;0;gid://shopify/Product/8582658588967;Anel Dolce Vita | Ouro Amarelo 18K com Safiras E Quartzo;0;13;3;AN03557;AN03557-11;gid://shopify/ProductVariant/46393462784295;0.0;0.0;False;False
gid://shopify/ProductVariant/46393462817063;AN03557-12;12;14000.0;11500.0;0;gid://shopify/Product/8582658588967;Anel Dolce Vita | Ouro Amarelo 18K com Safiras E Quartzo;0;13;3;AN03557;AN03557-12;gid://shopify/ProductVariant/46393462817063;0.0;0.0;False;False
gid://shopify/ProductVariant/46393462849831;AN03557-13;13;14000.0;11500.0;0;gid://shopify/Product/8582658588967;Anel Dolce Vita | Ouro Amarelo 18K com Safiras E Quartzo;0;13;3;AN03557;AN03557-13;gid://shopify/ProductVariant/46393462849831;0.0;0.0;False;False
gid://shopify/ProductVariant/46393462882599;AN03557-14;14;14000.0;11500.0;0;gid://shopify/Product/8582658588967;Anel Dolce Vita | Ouro Amarelo 18K com Safiras E Quartzo;0;13;3;AN03557;AN03557-14;gid://shopify/ProductVariant/46393462882599;0.0;0.0;False;False
gid://shopify/ProductVariant/46393462915367;AN03557-15;15;14000.0;11500.0;0;gid://shopify/Product/8582658588967;Anel Dolce Vita | Ouro Amarelo 18K com Safiras E Quartzo;0;13;3;AN03557;AN03557-15;gid://shopify/ProductVariant/46393462915367;0.0;0.0;False;False
gid://shopify/ProductVariant/46393462948135;AN03557-16;16;14000.0;11500.0;0;gid://shopify/Product/8582658588967;Anel Dolce Vita | Ouro Amarelo 18K com Safiras E Quartzo;0;13;3;AN03557;AN03557-16;gid://shopify/ProductVariant/46393462948135;0.0;0.0;False;False
gid://shopify/ProductVariant/46393462980903;AN03557-17;17;14000.0;11500.0;0;gid://shopify/Product/8582658588967;Anel Dolce Vita | Ouro Amarelo 18K com Safiras E Quartzo;0;13;3;AN03557;AN03557-17;gid://shopify/ProductVariant/46393462980903;0.0;0.0;False;False
gid://shopify/ProductVariant/46393463013671;AN03557-18;18;14000.0;11500.0;0;gid://shopify/Product/8582658588967;Anel Dolce Vita | Ouro Amarelo 18K com Safiras E Quartzo;0;13;3;AN03557;AN03557-18;gid://shopify/ProductVariant/46393463013671;0.0;0.0;False;False
gid://shopify/ProductVariant/46393463046439;AN03557-19;19;14000.0;11500.0;0;gid://shopify/Product/8582658588967;Anel Dolce Vita | Ouro Amarelo 18K com Safiras E Quartzo;0;13;3;AN03557;AN03557-19;gid://shopify/ProductVariant/46393463046439;0.0;0.0;False;False
gid://shopify/ProductVariant/46393463079207;AN03557-20;20;14000.0;11500.0;0;gid://shopify/Product/8582658588967;Anel Dolce Vita | Ouro Amarelo 18K com Safiras E Quartzo;0;13;3;AN03557;AN03557-20;gid://shopify/ProductVariant/46393463079207;0.0;0.0;False;False
gid://shopify/ProductVariant/46393463111975;AN03557-21;21;14000.0;11500.0;0;gid://shopify/Product/8582658588967;Anel Dolce Vita | Ouro Amarelo 18K com Safiras E Quartzo;0;13;3;AN03557;AN03557-21;gid://shopify/ProductVariant/46393463111975;0.0;0.0;False;False
gid://shopify/ProductVariant/46393463144743;AN03557-22;22;14000.0;11500.0;0;gid://shopify/Product/8582658588967;Anel Dolce Vita | Ouro Amarelo 18K com Safiras E Quartzo;0;13;3;AN03557;AN03557-22;gid://shopify/ProductVariant/46393463144743;0.0;0.0;False;False
gid://shopify/ProductVariant/46393463701799;AN03558-10;10;19900.0;15200.0;5;gid://shopify/Product/8582658654503;Anel Dolce Vita | Ouro Amarelo 18K com Turquesa e Diamantes;65;13;3;AN03558;AN03558-10;gid://shopify/ProductVariant/46393463701799;5.0;0.0;True;False
gid://shopify/ProductVariant/46393463734567;AN03558-11;11;19900.0;15200.0;5;gid://shopify/Product/8582658654503;Anel Dolce Vita | Ouro Amarelo 18K com Turquesa e Diamantes;65;13;3;AN03558;AN03558-11;gid://shopify/ProductVariant/46393463734567;5.0;0.0;True;False
gid://shopify/ProductVariant/46393463767335;AN03558-12;12;19900.0;15200.0;5;gid://shopify/Product/8582658654503;Anel Dolce Vita | Ouro Amarelo 18K com Turquesa e Diamantes;65;13;3;AN03558;AN03558-12;gid://shopify/ProductVariant/46393463767335;5.0;0.0;True;False
gid://shopify/ProductVariant/46393463800103;AN03558-13;13;19900.0;15200.0;5;gid://shopify/Product/8582658654503;Anel Dolce Vita | Ouro Amarelo 18K com Turquesa e Diamantes;65;13;3;AN03558;AN03558-13;gid://shopify/ProductVariant/46393463800103;5.0;0.0;True;False
gid://shopify/ProductVariant/46393463832871;AN03558-14;14;19900.0;15200.0;5;gid://shopify/Product/8582658654503;Anel Dolce Vita | Ouro Amarelo 18K com Turquesa e Diamantes;65;13;3;AN03558;AN03558-14;gid://shopify/ProductVariant/46393463832871;5.0;0.0;True;False
gid://shopify/ProductVariant/46393463865639;AN03558-15;15;19900.0;15200.0;5;gid://shopify/Product/8582658654503;Anel Dolce Vita | Ouro Amarelo 18K com Turquesa e Diamantes;65;13;3;AN03558;AN03558-15;gid://shopify/ProductVariant/46393463865639;5.0;0.0;True;False
gid://shopify/ProductVariant/46393463898407;AN03558-16;16;19900.0;15200.0;5;gid://shopify/Product/8582658654503;Anel Dolce Vita | Ouro Amarelo 18K com Turquesa e Diamantes;65;13;3;AN03558;AN03558-16;gid://shopify/ProductVariant/46393463898407;5.0;0.0;True;False
gid://shopify/ProductVariant/46393463931175;AN03558-17;17;19900.0;15200.0;5;gid://shopify/Product/8582658654503;Anel Dolce Vita | Ouro Amarelo 18K com Turquesa e Diamantes;65;13;3;AN03558;AN03558-17;gid://shopify/ProductVariant/46393463931175;5.0;0.0;True;False
gid://shopify/ProductVariant/46393463963943;AN03558-18;18;19900.0;15200.0;5;gid://shopify/Product/8582658654503;Anel Dolce Vita | Ouro Amarelo 18K com Turquesa e Diamantes;65;13;3;AN03558;AN03558-18;gid://shopify/ProductVariant/46393463963943;5.0;0.0;True;False
gid://shopify/ProductVariant/46393463996711;AN03558-19;19;19900.0;15200.0;5;gid://shopify/Product/8582658654503;Anel Dolce Vita | Ouro Amarelo 18K com Turquesa e Diamantes;65;13;3;AN03558;AN03558-19;gid://shopify/ProductVariant/46393463996711;5.0;0.0;True;False
gid://shopify/ProductVariant/46393464029479;AN03558-20;20;19900.0;15200.0;5;gid://shopify/Product/8582658654503;Anel Dolce Vita | Ouro Amarelo 18K com Turquesa e Diamantes;65;13;3;AN03558;AN03558-20;gid://shopify/ProductVariant/46393464029479;5.0;0.0;True;False
gid://shopify/ProductVariant/46393464062247;AN03558-21;21;19900.0;15200.0;5;gid://shopify/Product/8582658654503;Anel Dolce Vita | Ouro Amarelo 18K com Turquesa e Diamantes;65;13;3;AN03558;AN03558-21;gid://shopify/ProductVariant/46393464062247;5.0;0.0;True;False
gid://shopify/ProductVariant/46393464095015;AN03558-22;22;19900.0;15200.0;5;gid://shopify/Product/8582658654503;Anel Dolce Vita | Ouro Amarelo 18K com Turquesa e Diamantes;65;13;3;AN03558;AN03558-22;gid://shopify/ProductVariant/46393464095015;5.0;0.0;True;False
gid://shopify/ProductVariant/46393464258855;AN03559-10;10;16500.0;11500.0;5;gid://shopify/Product/8582658720039;Anel Dolce Vita | Ouro Amarelo 18K com Ágata E Diamantes;65;13;3;AN03559;AN03559-10;gid://shopify/ProductVariant/46393464258855;5.0;0.0;True;False
gid://shopify/ProductVariant/46393464291623;AN03559-11;11;16500.0;11500.0;5;gid://shopify/Product/8582658720039;Anel Dolce Vita | Ouro Amarelo 18K com Ágata E Diamantes;65;13;3;AN03559;AN03559-11;gid://shopify/ProductVariant/46393464291623;5.0;0.0;True;False
gid://shopify/ProductVariant/46393464324391;AN03559-12;12;16500.0;11500.0;5;gid://shopify/Product/8582658720039;Anel Dolce Vita | Ouro Amarelo 18K com Ágata E Diamantes;65;13;3;AN03559;AN03559-12;gid://shopify/ProductVariant/46393464324391;5.0;0.0;True;False
gid://shopify/ProductVariant/46393464357159;AN03559-13;13;16500.0;11500.0;5;gid://shopify/Product/8582658720039;Anel Dolce Vita | Ouro Amarelo 18K com Ágata E Diamantes;65;13;3;AN03559;AN03559-13;gid://shopify/ProductVariant/46393464357159;5.0;0.0;True;False
gid://shopify/ProductVariant/46393464389927;AN03559-14;14;16500.0;11500.0;5;gid://shopify/Product/8582658720039;Anel Dolce Vita | Ouro Amarelo 18K com Ágata E Diamantes;65;13;3;AN03559;AN03559-14;gid://shopify/ProductVariant/46393464389927;5.0;0.0;True;False
gid://shopify/ProductVariant/46393464422695;AN03559-15;15;16500.0;11500.0;5;gid://shopify/Product/8582658720039;Anel Dolce Vita | Ouro Amarelo 18K com Ágata E Diamantes;65;13;3;AN03559;AN03559-15;gid://shopify/ProductVariant/46393464422695;5.0;0.0;True;False
gid://shopify/ProductVariant/46393464455463;AN03559-16;16;16500.0;11500.0;5;gid://shopify/Product/8582658720039;Anel Dolce Vita | Ouro Amarelo 18K com Ágata E Diamantes;65;13;3;AN03559;AN03559-16;gid://shopify/ProductVariant/46393464455463;5.0;0.0;True;False
gid://shopify/ProductVariant/46393464488231;AN03559-17;17;16500.0;11500.0;5;gid://shopify/Product/8582658720039;Anel Dolce Vita | Ouro Amarelo 18K com Ágata E Diamantes;65;13;3;AN03559;AN03559-17;gid://shopify/ProductVariant/46393464488231;5.0;0.0;True;False
gid://shopify/ProductVariant/46393464520999;AN03559-18;18;16500.0;11500.0;5;gid://shopify/Product/8582658720039;Anel Dolce Vita | Ouro Amarelo 18K com Ágata E Diamantes;65;13;3;AN03559;AN03559-18;gid://shopify/ProductVariant/46393464520999;5.0;0.0;True;False
gid://shopify/ProductVariant/46393464553767;AN03559-19;19;16500.0;11500.0;5;gid://shopify/Product/8582658720039;Anel Dolce Vita | Ouro Amarelo 18K com Ágata E Diamantes;65;13;3;AN03559;AN03559-19;gid://shopify/ProductVariant/46393464553767;5.0;0.0;True;False
gid://shopify/ProductVariant/46393464586535;AN03559-20;20;16500.0;11500.0;5;gid://shopify/Product/8582658720039;Anel Dolce Vita | Ouro Amarelo 18K com Ágata E Diamantes;65;13;3;AN03559;AN03559-20;gid://shopify/ProductVariant/46393464586535;5.0;0.0;True;False
gid://shopify/ProductVariant/46393464619303;AN03559-21;21;16500.0;11500.0;5;gid://shopify/Product/8582658720039;Anel Dolce Vita | Ouro Amarelo 18K com Ágata E Diamantes;65;13;3;AN03559;AN03559-21;gid://shopify/ProductVariant/46393464619303;5.0;0.0;True;False
gid://shopify/ProductVariant/46393464652071;AN03559-22;22;16500.0;11500.0;5;gid://shopify/Product/8582658720039;Anel Dolce Vita | Ouro Amarelo 18K com Ágata E Diamantes;65;13;3;AN03559;AN03559-22;gid://shopify/ProductVariant/46393464652071;5.0;0.0;True;False
gid://shopify/ProductVariant/46393465143591;AN03560-10;10;16500.0;11500.0;5;gid://shopify/Product/8582658851111;Anel Dolce Vita | Ouro Amarelo 18K com Malaquita E Diamantes;65;13;3;AN03560;AN03560-10;gid://shopify/ProductVariant/46393465143591;5.0;0.0;True;False
gid://shopify/ProductVariant/46393465176359;AN03560-11;11;16500.0;11500.0;5;gid://shopify/Product/8582658851111;Anel Dolce Vita | Ouro Amarelo 18K com Malaquita E Diamantes;65;13;3;AN03560;AN03560-11;gid://shopify/ProductVariant/46393465176359;5.0;0.0;True;False
gid://shopify/ProductVariant/46393465209127;AN03560-12;12;16500.0;11500.0;5;gid://shopify/Product/8582658851111;Anel Dolce Vita | Ouro Amarelo 18K com Malaquita E Diamantes;65;13;3;AN03560;AN03560-12;gid://shopify/ProductVariant/46393465209127;5.0;0.0;True;False
gid://shopify/ProductVariant/46393465241895;AN03560-13;13;16500.0;11500.0;5;gid://shopify/Product/8582658851111;Anel Dolce Vita | Ouro Amarelo 18K com Malaquita E Diamantes;65;13;3;AN03560;AN03560-13;gid://shopify/ProductVariant/46393465241895;5.0;0.0;True;False
gid://shopify/ProductVariant/46393465274663;AN03560-14;14;16500.0;11500.0;5;gid://shopify/Product/8582658851111;Anel Dolce Vita | Ouro Amarelo 18K com Malaquita E Diamantes;65;13;3;AN03560;AN03560-14;gid://shopify/ProductVariant/46393465274663;5.0;0.0;True;False
gid://shopify/ProductVariant/46393465307431;AN03560-15;15;16500.0;11500.0;5;gid://shopify/Product/8582658851111;Anel Dolce Vita | Ouro Amarelo 18K com Malaquita E Diamantes;65;13;3;AN03560;AN03560-15;gid://shopify/ProductVariant/46393465307431;5.0;0.0;True;False
gid://shopify/ProductVariant/46393465340199;AN03560-16;16;16500.0;11500.0;5;gid://shopify/Product/8582658851111;Anel Dolce Vita | Ouro Amarelo 18K com Malaquita E Diamantes;65;13;3;AN03560;AN03560-16;gid://shopify/ProductVariant/46393465340199;5.0;0.0;True;False
gid://shopify/ProductVariant/46393465372967;AN03560-17;17;16500.0;11500.0;5;gid://shopify/Product/8582658851111;Anel Dolce Vita | Ouro Amarelo 18K com Malaquita E Diamantes;65;13;3;AN03560;AN03560-17;gid://shopify/ProductVariant/46393465372967;5.0;0.0;True;False
gid://shopify/ProductVariant/46393465405735;AN03560-18;18;16500.0;11500.0;5;gid://shopify/Product/8582658851111;Anel Dolce Vita | Ouro Amarelo 18K com Malaquita E Diamantes;65;13;3;AN03560;AN03560-18;gid://shopify/ProductVariant/46393465405735;5.0;0.0;True;False
gid://shopify/ProductVariant/46393465438503;AN03560-19;19;16500.0;11500.0;5;gid://shopify/Product/8582658851111;Anel Dolce Vita | Ouro Amarelo 18K com Malaquita E Diamantes;65;13;3;AN03560;AN03560-19;gid://shopify/ProductVariant/46393465438503;5.0;0.0;True;False
gid://shopify/ProductVariant/46393465471271;AN03560-20;20;16500.0;11500.0;5;gid://shopify/Product/8582658851111;Anel Dolce Vita | Ouro Amarelo 18K com Malaquita E Diamantes;65;13;3;AN03560;AN03560-20;gid://shopify/ProductVariant/46393465471271;5.0;0.0;True;False
gid://shopify/ProductVariant/46393465504039;AN03560-21;21;16500.0;11500.0;5;gid://shopify/Product/8582658851111;Anel Dolce Vita | Ouro Amarelo 18K com Malaquita E Diamantes;65;13;3;AN03560;AN03560-21;gid://shopify/ProductVariant/46393465504039;5.0;0.0;True;False
gid://shopify/ProductVariant/46393465536807;AN03560-22;22;16500.0;11500.0;5;gid://shopify/Product/8582658851111;Anel Dolce Vita | Ouro Amarelo 18K com Malaquita E Diamantes;65;13;3;AN03560;AN03560-22;gid://shopify/ProductVariant/46393465536807;5.0;0.0;True;False
gid://shopify/ProductVariant/46393465962791;AN03562-10;10;10900.0;9200.0;0;gid://shopify/Product/8582659014951;Anel Dolce Vita | Ouro Amarelo 18K com Lápis Lazuli;0;13;3;AN03562;AN03562-10;gid://shopify/ProductVariant/46393465962791;0.0;0.0;False;False
gid://shopify/ProductVariant/46393465995559;AN03562-11;11;10900.0;9200.0;0;gid://shopify/Product/8582659014951;Anel Dolce Vita | Ouro Amarelo 18K com Lápis Lazuli;0;13;3;AN03562;AN03562-11;gid://shopify/ProductVariant/46393465995559;0.0;0.0;False;False
gid://shopify/ProductVariant/46393466028327;AN03562-12;12;10900.0;9200.0;0;gid://shopify/Product/8582659014951;Anel Dolce Vita | Ouro Amarelo 18K com Lápis Lazuli;0;13;3;AN03562;AN03562-12;gid://shopify/ProductVariant/46393466028327;0.0;0.0;False;False
gid://shopify/ProductVariant/46393466061095;AN03562-13;13;10900.0;9200.0;0;gid://shopify/Product/8582659014951;Anel Dolce Vita | Ouro Amarelo 18K com Lápis Lazuli;0;13;3;AN03562;AN03562-13;gid://shopify/ProductVariant/46393466061095;0.0;0.0;False;False
gid://shopify/ProductVariant/46393466093863;AN03562-14;14;10900.0;9200.0;0;gid://shopify/Product/8582659014951;Anel Dolce Vita | Ouro Amarelo 18K com Lápis Lazuli;0;13;3;AN03562;AN03562-14;gid://shopify/ProductVariant/46393466093863;0.0;0.0;False;False
gid://shopify/ProductVariant/46393466126631;AN03562-15;15;10900.0;9200.0;0;gid://shopify/Product/8582659014951;Anel Dolce Vita | Ouro Amarelo 18K com Lápis Lazuli;0;13;3;AN03562;AN03562-15;gid://shopify/ProductVariant/46393466126631;0.0;0.0;False;False
gid://shopify/ProductVariant/46393466159399;AN03562-16;16;10900.0;9200.0;0;gid://shopify/Product/8582659014951;Anel Dolce Vita | Ouro Amarelo 18K com Lápis Lazuli;0;13;3;AN03562;AN03562-16;gid://shopify/ProductVariant/46393466159399;0.0;0.0;False;False
gid://shopify/ProductVariant/46393466192167;AN03562-17;17;10900.0;9200.0;0;gid://shopify/Product/8582659014951;Anel Dolce Vita | Ouro Amarelo 18K com Lápis Lazuli;0;13;3;AN03562;AN03562-17;gid://shopify/ProductVariant/46393466192167;0.0;0.0;False;False
gid://shopify/ProductVariant/46393466224935;AN03562-18;18;10900.0;9200.0;0;gid://shopify/Product/8582659014951;Anel Dolce Vita | Ouro Amarelo 18K com Lápis Lazuli;0;13;3;AN03562;AN03562-18;gid://shopify/ProductVariant/46393466224935;0.0;0.0;False;False
gid://shopify/ProductVariant/46393466257703;AN03562-19;19;10900.0;9200.0;0;gid://shopify/Product/8582659014951;Anel Dolce Vita | Ouro Amarelo 18K com Lápis Lazuli;0;13;3;AN03562;AN03562-19;gid://shopify/ProductVariant/46393466257703;0.0;0.0;False;False
gid://shopify/ProductVariant/46393466290471;AN03562-20;20;10900.0;9200.0;0;gid://shopify/Product/8582659014951;Anel Dolce Vita | Ouro Amarelo 18K com Lápis Lazuli;0;13;3;AN03562;AN03562-20;gid://shopify/ProductVariant/46393466290471;0.0;0.0;False;False
gid://shopify/ProductVariant/46393466323239;AN03562-21;21;10900.0;9200.0;0;gid://shopify/Product/8582659014951;Anel Dolce Vita | Ouro Amarelo 18K com Lápis Lazuli;0;13;3;AN03562;AN03562-21;gid://shopify/ProductVariant/46393466323239;0.0;0.0;False;False
gid://shopify/ProductVariant/46393466356007;AN03562-22;22;10900.0;9200.0;0;gid://shopify/Product/8582659014951;Anel Dolce Vita | Ouro Amarelo 18K com Lápis Lazuli;0;13;3;AN03562;AN03562-22;gid://shopify/ProductVariant/46393466356007;0.0;0.0;False;False
gid://shopify/ProductVariant/46393466552615;AN03563-10;10;12900.0;9200.0;5;gid://shopify/Product/8582659080487;Anel Dolce Vita | Ouro Amarelo 18K com Ágata;65;13;3;AN03563;AN03563-10;gid://shopify/ProductVariant/46393466552615;5.0;0.0;True;False
gid://shopify/ProductVariant/46393466585383;AN03563-11;11;12900.0;9200.0;5;gid://shopify/Product/8582659080487;Anel Dolce Vita | Ouro Amarelo 18K com Ágata;65;13;3;AN03563;AN03563-11;gid://shopify/ProductVariant/46393466585383;5.0;0.0;True;False
gid://shopify/ProductVariant/46393466618151;AN03563-12;12;12900.0;9200.0;5;gid://shopify/Product/8582659080487;Anel Dolce Vita | Ouro Amarelo 18K com Ágata;65;13;3;AN03563;AN03563-12;gid://shopify/ProductVariant/46393466618151;5.0;0.0;True;False
gid://shopify/ProductVariant/46393466650919;AN03563-13;13;12900.0;9200.0;5;gid://shopify/Product/8582659080487;Anel Dolce Vita | Ouro Amarelo 18K com Ágata;65;13;3;AN03563;AN03563-13;gid://shopify/ProductVariant/46393466650919;5.0;0.0;True;False
gid://shopify/ProductVariant/46393466683687;AN03563-14;14;12900.0;9200.0;5;gid://shopify/Product/8582659080487;Anel Dolce Vita | Ouro Amarelo 18K com Ágata;65;13;3;AN03563;AN03563-14;gid://shopify/ProductVariant/46393466683687;5.0;0.0;True;False
gid://shopify/ProductVariant/46393466716455;AN03563-15;15;12900.0;9200.0;5;gid://shopify/Product/8582659080487;Anel Dolce Vita | Ouro Amarelo 18K com Ágata;65;13;3;AN03563;AN03563-15;gid://shopify/ProductVariant/46393466716455;5.0;0.0;True;False
gid://shopify/ProductVariant/46393466749223;AN03563-16;16;12900.0;9200.0;5;gid://shopify/Product/8582659080487;Anel Dolce Vita | Ouro Amarelo 18K com Ágata;65;13;3;AN03563;AN03563-16;gid://shopify/ProductVariant/46393466749223;5.0;0.0;True;False
gid://shopify/ProductVariant/46393466781991;AN03563-17;17;12900.0;9200.0;5;gid://shopify/Product/8582659080487;Anel Dolce Vita | Ouro Amarelo 18K com Ágata;65;13;3;AN03563;AN03563-17;gid://shopify/ProductVariant/46393466781991;5.0;0.0;True;False
gid://shopify/ProductVariant/46393466814759;AN03563-18;18;12900.0;9200.0;5;gid://shopify/Product/8582659080487;Anel Dolce Vita | Ouro Amarelo 18K com Ágata;65;13;3;AN03563;AN03563-18;gid://shopify/ProductVariant/46393466814759;5.0;0.0;True;False
gid://shopify/ProductVariant/46393466847527;AN03563-19;19;12900.0;9200.0;5;gid://shopify/Product/8582659080487;Anel Dolce Vita | Ouro Amarelo 18K com Ágata;65;13;3;AN03563;AN03563-19;gid://shopify/ProductVariant/46393466847527;5.0;0.0;True;False
gid://shopify/ProductVariant/46393466880295;AN03563-20;20;12900.0;9200.0;5;gid://shopify/Product/8582659080487;Anel Dolce Vita | Ouro Amarelo 18K com Ágata;65;13;3;AN03563;AN03563-20;gid://shopify/ProductVariant/46393466880295;5.0;0.0;True;False
gid://shopify/ProductVariant/46393466913063;AN03563-21;21;12900.0;9200.0;5;gid://shopify/Product/8582659080487;Anel Dolce Vita | Ouro Amarelo 18K com Ágata;65;13;3;AN03563;AN03563-21;gid://shopify/ProductVariant/46393466913063;5.0;0.0;True;False
gid://shopify/ProductVariant/46393466945831;AN03563-22;22;12900.0;9200.0;5;gid://shopify/Product/8582659080487;Anel Dolce Vita | Ouro Amarelo 18K com Ágata;65;13;3;AN03563;AN03563-22;gid://shopify/ProductVariant/46393466945831;5.0;0.0;True;False
gid://shopify/ProductVariant/46393467044135;AN03564-10;10;11000.0;9200.0;0;gid://shopify/Product/8582659178791;Anel Dolce Vita | Ouro Amarelo 18K com Quartzo;0;13;4;AN03564;AN03564-10;gid://shopify/ProductVariant/46393467044135;0.0;0.0;False;False
gid://shopify/ProductVariant/46393467076903;AN03564-11;11;11000.0;9200.0;0;gid://shopify/Product/8582659178791;Anel Dolce Vita | Ouro Amarelo 18K com Quartzo;0;13;4;AN03564;AN03564-11;gid://shopify/ProductVariant/46393467076903;0.0;0.0;False;False
gid://shopify/ProductVariant/46393467109671;AN03564-12;12;11000.0;9200.0;0;gid://shopify/Product/8582659178791;Anel Dolce Vita | Ouro Amarelo 18K com Quartzo;0;13;4;AN03564;AN03564-12;gid://shopify/ProductVariant/46393467109671;0.0;0.0;False;False
gid://shopify/ProductVariant/46393467142439;AN03564-13;13;11000.0;9200.0;0;gid://shopify/Product/8582659178791;Anel Dolce Vita | Ouro Amarelo 18K com Quartzo;0;13;4;AN03564;AN03564-13;gid://shopify/ProductVariant/46393467142439;0.0;0.0;False;False
gid://shopify/ProductVariant/46393467175207;AN03564-14;14;11000.0;9200.0;0;gid://shopify/Product/8582659178791;Anel Dolce Vita | Ouro Amarelo 18K com Quartzo;0;13;4;AN03564;AN03564-14;gid://shopify/ProductVariant/46393467175207;0.0;0.0;False;False
gid://shopify/ProductVariant/46393467207975;AN03564-15;15;11000.0;9200.0;0;gid://shopify/Product/8582659178791;Anel Dolce Vita | Ouro Amarelo 18K com Quartzo;0;13;4;AN03564;AN03564-15;gid://shopify/ProductVariant/46393467207975;0.0;0.0;False;False
gid://shopify/ProductVariant/46393467240743;AN03564-16;16;11000.0;9200.0;0;gid://shopify/Product/8582659178791;Anel Dolce Vita | Ouro Amarelo 18K com Quartzo;0;13;4;AN03564;AN03564-16;gid://shopify/ProductVariant/46393467240743;0.0;0.0;False;False
gid://shopify/ProductVariant/46393467273511;AN03564-17;17;11000.0;9200.0;0;gid://shopify/Product/8582659178791;Anel Dolce Vita | Ouro Amarelo 18K com Quartzo;0;13;4;AN03564;AN03564-17;gid://shopify/ProductVariant/46393467273511;0.0;0.0;False;False
gid://shopify/ProductVariant/46393467306279;AN03564-18;18;11000.0;9200.0;0;gid://shopify/Product/8582659178791;Anel Dolce Vita | Ouro Amarelo 18K com Quartzo;0;13;4;AN03564;AN03564-18;gid://shopify/ProductVariant/46393467306279;0.0;0.0;False;False
gid://shopify/ProductVariant/46393467339047;AN03564-19;19;11000.0;9200.0;0;gid://shopify/Product/8582659178791;Anel Dolce Vita | Ouro Amarelo 18K com Quartzo;0;13;4;AN03564;AN03564-19;gid://shopify/ProductVariant/46393467339047;0.0;0.0;False;False
gid://shopify/ProductVariant/46393467371815;AN03564-20;20;11000.0;9200.0;0;gid://shopify/Product/8582659178791;Anel Dolce Vita | Ouro Amarelo 18K com Quartzo;0;13;4;AN03564;AN03564-20;gid://shopify/ProductVariant/46393467371815;0.0;0.0;False;False
gid://shopify/ProductVariant/46393467404583;AN03564-21;21;11000.0;9200.0;0;gid://shopify/Product/8582659178791;Anel Dolce Vita | Ouro Amarelo 18K com Quartzo;0;13;4;AN03564;AN03564-21;gid://shopify/ProductVariant/46393467404583;0.0;0.0;False;False
gid://shopify/ProductVariant/46393467437351;AN03564-22;22;11000.0;9200.0;0;gid://shopify/Product/8582659178791;Anel Dolce Vita | Ouro Amarelo 18K com Quartzo;0;13;4;AN03564;AN03564-22;gid://shopify/ProductVariant/46393467437351;0.0;0.0;False;False
gid://shopify/ProductVariant/46393469305127;AN03565-10;10;15500.0;10200.0;5;gid://shopify/Product/8582659309863;Anel Dolce Vita | Ouro Amarelo 18K com Turquesa;66;13;3;AN03565;AN03565-10;gid://shopify/ProductVariant/46393469305127;5.0;0.0;True;False
gid://shopify/ProductVariant/46393469337895;AN03565-11;11;15500.0;10200.0;5;gid://shopify/Product/8582659309863;Anel Dolce Vita | Ouro Amarelo 18K com Turquesa;66;13;3;AN03565;AN03565-11;gid://shopify/ProductVariant/46393469337895;5.0;0.0;True;False
gid://shopify/ProductVariant/46393469370663;AN03565-12;12;15500.0;10200.0;5;gid://shopify/Product/8582659309863;Anel Dolce Vita | Ouro Amarelo 18K com Turquesa;66;13;3;AN03565;AN03565-12;gid://shopify/ProductVariant/46393469370663;5.0;0.0;True;False
gid://shopify/ProductVariant/46393469403431;AN03565-13;13;15500.0;10200.0;5;gid://shopify/Product/8582659309863;Anel Dolce Vita | Ouro Amarelo 18K com Turquesa;66;13;3;AN03565;AN03565-13;gid://shopify/ProductVariant/46393469403431;5.0;0.0;True;False
gid://shopify/ProductVariant/46393469436199;AN03565-14;14;15500.0;10200.0;5;gid://shopify/Product/8582659309863;Anel Dolce Vita | Ouro Amarelo 18K com Turquesa;66;13;3;AN03565;AN03565-14;gid://shopify/ProductVariant/46393469436199;5.0;0.0;True;False
gid://shopify/ProductVariant/46393469468967;AN03565-15;15;15500.0;10200.0;5;gid://shopify/Product/8582659309863;Anel Dolce Vita | Ouro Amarelo 18K com Turquesa;66;13;3;AN03565;AN03565-15;gid://shopify/ProductVariant/46393469468967;5.0;0.0;True;False
gid://shopify/ProductVariant/46393469501735;AN03565-16;16;15500.0;10200.0;6;gid://shopify/Product/8582659309863;Anel Dolce Vita | Ouro Amarelo 18K com Turquesa;66;13;3;AN03565;AN03565-16;gid://shopify/ProductVariant/46393469501735;5.0;0.0;True;True
gid://shopify/ProductVariant/46393469534503;AN03565-17;17;15500.0;10200.0;5;gid://shopify/Product/8582659309863;Anel Dolce Vita | Ouro Amarelo 18K com Turquesa;66;13;3;AN03565;AN03565-17;gid://shopify/ProductVariant/46393469534503;5.0;0.0;True;False
gid://shopify/ProductVariant/46393469567271;AN03565-18;18;15500.0;10200.0;5;gid://shopify/Product/8582659309863;Anel Dolce Vita | Ouro Amarelo 18K com Turquesa;66;13;3;AN03565;AN03565-18;gid://shopify/ProductVariant/46393469567271;5.0;0.0;True;False
gid://shopify/ProductVariant/46393469600039;AN03565-19;19;15500.0;10200.0;5;gid://shopify/Product/8582659309863;Anel Dolce Vita | Ouro Amarelo 18K com Turquesa;66;13;3;AN03565;AN03565-19;gid://shopify/ProductVariant/46393469600039;5.0;0.0;True;False
gid://shopify/ProductVariant/46393469632807;AN03565-20;20;15500.0;10200.0;5;gid://shopify/Product/8582659309863;Anel Dolce Vita | Ouro Amarelo 18K com Turquesa;66;13;3;AN03565;AN03565-20;gid://shopify/ProductVariant/46393469632807;5.0;0.0;True;False
gid://shopify/ProductVariant/46393469665575;AN03565-21;21;15500.0;10200.0;5;gid://shopify/Product/8582659309863;Anel Dolce Vita | Ouro Amarelo 18K com Turquesa;66;13;3;AN03565;AN03565-21;gid://shopify/ProductVariant/46393469665575;5.0;0.0;True;False
gid://shopify/ProductVariant/46393469698343;AN03565-22;22;15500.0;10200.0;5;gid://shopify/Product/8582659309863;Anel Dolce Vita | Ouro Amarelo 18K com Turquesa;66;13;3;AN03565;AN03565-22;gid://shopify/ProductVariant/46393469698343;5.0;0.0;True;False
gid://shopify/ProductVariant/46393469993255;AN03566-10;10;12900.0;12900.0;5;gid://shopify/Product/8582659506471;Anel Dolce Vita | Ouro Amarelo 18K com Ágata;66;13;3;AN03566;AN03566-10;gid://shopify/ProductVariant/46393469993255;5.0;0.0;True;False
gid://shopify/ProductVariant/46393470026023;AN03566-11;11;12900.0;12900.0;5;gid://shopify/Product/8582659506471;Anel Dolce Vita | Ouro Amarelo 18K com Ágata;66;13;3;AN03566;AN03566-11;gid://shopify/ProductVariant/46393470026023;5.0;0.0;True;False
gid://shopify/ProductVariant/46393470058791;AN03566-12;12;12900.0;12900.0;5;gid://shopify/Product/8582659506471;Anel Dolce Vita | Ouro Amarelo 18K com Ágata;66;13;3;AN03566;AN03566-12;gid://shopify/ProductVariant/46393470058791;5.0;0.0;True;False
gid://shopify/ProductVariant/46393470091559;AN03566-13;13;12900.0;12900.0;5;gid://shopify/Product/8582659506471;Anel Dolce Vita | Ouro Amarelo 18K com Ágata;66;13;3;AN03566;AN03566-13;gid://shopify/ProductVariant/46393470091559;5.0;0.0;True;False
gid://shopify/ProductVariant/46393470124327;AN03566-14;14;12900.0;12900.0;5;gid://shopify/Product/8582659506471;Anel Dolce Vita | Ouro Amarelo 18K com Ágata;66;13;3;AN03566;AN03566-14;gid://shopify/ProductVariant/46393470124327;5.0;0.0;True;False
gid://shopify/ProductVariant/46393470157095;AN03566-15;15;12900.0;12900.0;5;gid://shopify/Product/8582659506471;Anel Dolce Vita | Ouro Amarelo 18K com Ágata;66;13;3;AN03566;AN03566-15;gid://shopify/ProductVariant/46393470157095;5.0;0.0;True;False
gid://shopify/ProductVariant/46393470189863;AN03566-16;16;12900.0;12900.0;5;gid://shopify/Product/8582659506471;Anel Dolce Vita | Ouro Amarelo 18K com Ágata;66;13;3;AN03566;AN03566-16;gid://shopify/ProductVariant/46393470189863;5.0;0.0;True;False
gid://shopify/ProductVariant/46393470222631;AN03566-17;17;12900.0;12900.0;5;gid://shopify/Product/8582659506471;Anel Dolce Vita | Ouro Amarelo 18K com Ágata;66;13;3;AN03566;AN03566-17;gid://shopify/ProductVariant/46393470222631;5.0;0.0;True;False
gid://shopify/ProductVariant/46393470255399;AN03566-18;18;12900.0;12900.0;6;gid://shopify/Product/8582659506471;Anel Dolce Vita | Ouro Amarelo 18K com Ágata;66;13;3;AN03566;AN03566-18;gid://shopify/ProductVariant/46393470255399;5.0;0.0;True;True
gid://shopify/ProductVariant/46393470288167;AN03566-19;19;12900.0;12900.0;5;gid://shopify/Product/8582659506471;Anel Dolce Vita | Ouro Amarelo 18K com Ágata;66;13;3;AN03566;AN03566-19;gid://shopify/ProductVariant/46393470288167;5.0;0.0;True;False
gid://shopify/ProductVariant/46393470320935;AN03566-20;20;12900.0;12900.0;5;gid://shopify/Product/8582659506471;Anel Dolce Vita | Ouro Amarelo 18K com Ágata;66;13;3;AN03566;AN03566-20;gid://shopify/ProductVariant/46393470320935;5.0;0.0;True;False
gid://shopify/ProductVariant/46393470386471;AN03566-21;21;12900.0;12900.0;5;gid://shopify/Product/8582659506471;Anel Dolce Vita | Ouro Amarelo 18K com Ágata;66;13;3;AN03566;AN03566-21;gid://shopify/ProductVariant/46393470386471;5.0;0.0;True;False
gid://shopify/ProductVariant/46393470419239;AN03566-22;22;12900.0;12900.0;5;gid://shopify/Product/8582659506471;Anel Dolce Vita | Ouro Amarelo 18K com Ágata;66;13;3;AN03566;AN03566-22;gid://shopify/ProductVariant/46393470419239;5.0;0.0;True;False
gid://shopify/ProductVariant/46393470615847;AN03567-10;10;12900.0;9200.0;5;gid://shopify/Product/8582659703079;Anel Dolce Vita | Ouro Amarelo 18K com Malaquita;65;13;3;AN03567;AN03567-10;gid://shopify/ProductVariant/46393470615847;5.0;0.0;True;False
gid://shopify/ProductVariant/46393470648615;AN03567-11;11;12900.0;9200.0;5;gid://shopify/Product/8582659703079;Anel Dolce Vita | Ouro Amarelo 18K com Malaquita;65;13;3;AN03567;AN03567-11;gid://shopify/ProductVariant/46393470648615;5.0;0.0;True;False
gid://shopify/ProductVariant/46393470681383;AN03567-12;12;12900.0;9200.0;5;gid://shopify/Product/8582659703079;Anel Dolce Vita | Ouro Amarelo 18K com Malaquita;65;13;3;AN03567;AN03567-12;gid://shopify/ProductVariant/46393470681383;5.0;0.0;True;False
gid://shopify/ProductVariant/46393470714151;AN03567-13;13;12900.0;9200.0;5;gid://shopify/Product/8582659703079;Anel Dolce Vita | Ouro Amarelo 18K com Malaquita;65;13;3;AN03567;AN03567-13;gid://shopify/ProductVariant/46393470714151;5.0;0.0;True;False
gid://shopify/ProductVariant/46393470746919;AN03567-14;14;12900.0;9200.0;5;gid://shopify/Product/8582659703079;Anel Dolce Vita | Ouro Amarelo 18K com Malaquita;65;13;3;AN03567;AN03567-14;gid://shopify/ProductVariant/46393470746919;5.0;0.0;True;False
gid://shopify/ProductVariant/46393470779687;AN03567-15;15;12900.0;9200.0;5;gid://shopify/Product/8582659703079;Anel Dolce Vita | Ouro Amarelo 18K com Malaquita;65;13;3;AN03567;AN03567-15;gid://shopify/ProductVariant/46393470779687;5.0;0.0;True;False
gid://shopify/ProductVariant/46393470812455;AN03567-16;16;12900.0;9200.0;5;gid://shopify/Product/8582659703079;Anel Dolce Vita | Ouro Amarelo 18K com Malaquita;65;13;3;AN03567;AN03567-16;gid://shopify/ProductVariant/46393470812455;5.0;0.0;True;False
gid://shopify/ProductVariant/46393470845223;AN03567-17;17;12900.0;9200.0;5;gid://shopify/Product/8582659703079;Anel Dolce Vita | Ouro Amarelo 18K com Malaquita;65;13;3;AN03567;AN03567-17;gid://shopify/ProductVariant/46393470845223;5.0;0.0;True;False
gid://shopify/ProductVariant/46393470877991;AN03567-18;18;12900.0;9200.0;5;gid://shopify/Product/8582659703079;Anel Dolce Vita | Ouro Amarelo 18K com Malaquita;65;13;3;AN03567;AN03567-18;gid://shopify/ProductVariant/46393470877991;5.0;0.0;True;False
gid://shopify/ProductVariant/46393470910759;AN03567-19;19;12900.0;9200.0;5;gid://shopify/Product/8582659703079;Anel Dolce Vita | Ouro Amarelo 18K com Malaquita;65;13;3;AN03567;AN03567-19;gid://shopify/ProductVariant/46393470910759;5.0;0.0;True;False
gid://shopify/ProductVariant/46393470943527;AN03567-20;20;12900.0;9200.0;5;gid://shopify/Product/8582659703079;Anel Dolce Vita | Ouro Amarelo 18K com Malaquita;65;13;3;AN03567;AN03567-20;gid://shopify/ProductVariant/46393470943527;5.0;0.0;True;False
gid://shopify/ProductVariant/46393470976295;AN03567-21;21;12900.0;9200.0;5;gid://shopify/Product/8582659703079;Anel Dolce Vita | Ouro Amarelo 18K com Malaquita;65;13;3;AN03567;AN03567-21;gid://shopify/ProductVariant/46393470976295;5.0;0.0;True;False
gid://shopify/ProductVariant/46393471009063;AN03567-22;22;12900.0;9200.0;5;gid://shopify/Product/8582659703079;Anel Dolce Vita | Ouro Amarelo 18K com Malaquita;65;13;3;AN03567;AN03567-22;gid://shopify/ProductVariant/46393471009063;5.0;0.0;True;False
gid://shopify/ProductVariant/46393471205671;AN03574-10;10;11000.0;9200.0;0;gid://shopify/Product/8582659866919;Anel Dolce Vita | Ouro Amarelo 18K com Olho De Tigre;0;13;1;AN03574;AN03574-10;gid://shopify/ProductVariant/46393471205671;0.0;0.0;False;False
gid://shopify/ProductVariant/46393471238439;AN03574-11;11;11000.0;9200.0;0;gid://shopify/Product/8582659866919;Anel Dolce Vita | Ouro Amarelo 18K com Olho De Tigre;0;13;1;AN03574;AN03574-11;gid://shopify/ProductVariant/46393471238439;0.0;0.0;False;False
gid://shopify/ProductVariant/46393471271207;AN03574-12;12;11000.0;9200.0;0;gid://shopify/Product/8582659866919;Anel Dolce Vita | Ouro Amarelo 18K com Olho De Tigre;0;13;1;AN03574;AN03574-12;gid://shopify/ProductVariant/46393471271207;0.0;0.0;False;False
gid://shopify/ProductVariant/46393471303975;AN03574-13;13;11000.0;9200.0;0;gid://shopify/Product/8582659866919;Anel Dolce Vita | Ouro Amarelo 18K com Olho De Tigre;0;13;1;AN03574;AN03574-13;gid://shopify/ProductVariant/46393471303975;0.0;0.0;False;False
gid://shopify/ProductVariant/46393471336743;AN03574-14;14;11000.0;9200.0;0;gid://shopify/Product/8582659866919;Anel Dolce Vita | Ouro Amarelo 18K com Olho De Tigre;0;13;1;AN03574;AN03574-14;gid://shopify/ProductVariant/46393471336743;0.0;0.0;False;False
gid://shopify/ProductVariant/46393471369511;AN03574-15;15;11000.0;9200.0;0;gid://shopify/Product/8582659866919;Anel Dolce Vita | Ouro Amarelo 18K com Olho De Tigre;0;13;1;AN03574;AN03574-15;gid://shopify/ProductVariant/46393471369511;0.0;0.0;False;False
gid://shopify/ProductVariant/46393471402279;AN03574-16;16;11000.0;9200.0;0;gid://shopify/Product/8582659866919;Anel Dolce Vita | Ouro Amarelo 18K com Olho De Tigre;0;13;1;AN03574;AN03574-16;gid://shopify/ProductVariant/46393471402279;0.0;0.0;False;False
gid://shopify/ProductVariant/46393471435047;AN03574-17;17;11000.0;9200.0;0;gid://shopify/Product/8582659866919;Anel Dolce Vita | Ouro Amarelo 18K com Olho De Tigre;0;13;1;AN03574;AN03574-17;gid://shopify/ProductVariant/46393471435047;0.0;0.0;False;False
gid://shopify/ProductVariant/46393471467815;AN03574-18;18;11000.0;9200.0;0;gid://shopify/Product/8582659866919;Anel Dolce Vita | Ouro Amarelo 18K com Olho De Tigre;0;13;1;AN03574;AN03574-18;gid://shopify/ProductVariant/46393471467815;0.0;0.0;False;False
gid://shopify/ProductVariant/46393471500583;AN03574-19;19;11000.0;9200.0;0;gid://shopify/Product/8582659866919;Anel Dolce Vita | Ouro Amarelo 18K com Olho De Tigre;0;13;1;AN03574;AN03574-19;gid://shopify/ProductVariant/46393471500583;0.0;0.0;False;False
gid://shopify/ProductVariant/46393471533351;AN03574-20;20;11000.0;9200.0;0;gid://shopify/Product/8582659866919;Anel Dolce Vita | Ouro Amarelo 18K com Olho De Tigre;0;13;1;AN03574;AN03574-20;gid://shopify/ProductVariant/46393471533351;0.0;0.0;False;False
gid://shopify/ProductVariant/46393471566119;AN03574-21;21;11000.0;9200.0;0;gid://shopify/Product/8582659866919;Anel Dolce Vita | Ouro Amarelo 18K com Olho De Tigre;0;13;1;AN03574;AN03574-21;gid://shopify/ProductVariant/46393471566119;0.0;0.0;False;False
gid://shopify/ProductVariant/46393471598887;AN03574-22;22;11000.0;9200.0;0;gid://shopify/Product/8582659866919;Anel Dolce Vita | Ouro Amarelo 18K com Olho De Tigre;0;13;1;AN03574;AN03574-22;gid://shopify/ProductVariant/46393471598887;0.0;0.0;False;False
gid://shopify/ProductVariant/46393471828263;AN03575-10;10;14000.0;11500.0;0;gid://shopify/Product/8582659965223;Anel Dolce Vita | Ouro Amarelo 18K com Safiras E Olho De Tigre;0;13;1;AN03575;AN03575-10;gid://shopify/ProductVariant/46393471828263;0.0;0.0;False;False
gid://shopify/ProductVariant/46393471861031;AN03575-11;11;14000.0;11500.0;0;gid://shopify/Product/8582659965223;Anel Dolce Vita | Ouro Amarelo 18K com Safiras E Olho De Tigre;0;13;1;AN03575;AN03575-11;gid://shopify/ProductVariant/46393471861031;0.0;0.0;False;False
gid://shopify/ProductVariant/46393471893799;AN03575-12;12;14000.0;11500.0;0;gid://shopify/Product/8582659965223;Anel Dolce Vita | Ouro Amarelo 18K com Safiras E Olho De Tigre;0;13;1;AN03575;AN03575-12;gid://shopify/ProductVariant/46393471893799;0.0;0.0;False;False
gid://shopify/ProductVariant/46393471926567;AN03575-13;13;14000.0;11500.0;0;gid://shopify/Product/8582659965223;Anel Dolce Vita | Ouro Amarelo 18K com Safiras E Olho De Tigre;0;13;1;AN03575;AN03575-13;gid://shopify/ProductVariant/46393471926567;0.0;0.0;False;False
gid://shopify/ProductVariant/46393471959335;AN03575-14;14;14000.0;11500.0;0;gid://shopify/Product/8582659965223;Anel Dolce Vita | Ouro Amarelo 18K com Safiras E Olho De Tigre;0;13;1;AN03575;AN03575-14;gid://shopify/ProductVariant/46393471959335;0.0;0.0;False;False
gid://shopify/ProductVariant/46393471992103;AN03575-15;15;14000.0;11500.0;0;gid://shopify/Product/8582659965223;Anel Dolce Vita | Ouro Amarelo 18K com Safiras E Olho De Tigre;0;13;1;AN03575;AN03575-15;gid://shopify/ProductVariant/46393471992103;0.0;0.0;False;False
gid://shopify/ProductVariant/46393472024871;AN03575-16;16;14000.0;11500.0;0;gid://shopify/Product/8582659965223;Anel Dolce Vita | Ouro Amarelo 18K com Safiras E Olho De Tigre;0;13;1;AN03575;AN03575-16;gid://shopify/ProductVariant/46393472024871;0.0;0.0;False;False
gid://shopify/ProductVariant/46393472057639;AN03575-17;17;14000.0;11500.0;0;gid://shopify/Product/8582659965223;Anel Dolce Vita | Ouro Amarelo 18K com Safiras E Olho De Tigre;0;13;1;AN03575;AN03575-17;gid://shopify/ProductVariant/46393472057639;0.0;0.0;False;False
gid://shopify/ProductVariant/46393472090407;AN03575-18;18;14000.0;11500.0;0;gid://shopify/Product/8582659965223;Anel Dolce Vita | Ouro Amarelo 18K com Safiras E Olho De Tigre;0;13;1;AN03575;AN03575-18;gid://shopify/ProductVariant/46393472090407;0.0;0.0;False;False
gid://shopify/ProductVariant/46393472123175;AN03575-19;19;14000.0;11500.0;0;gid://shopify/Product/8582659965223;Anel Dolce Vita | Ouro Amarelo 18K com Safiras E Olho De Tigre;0;13;1;AN03575;AN03575-19;gid://shopify/ProductVariant/46393472123175;0.0;0.0;False;False
gid://shopify/ProductVariant/46393472155943;AN03575-20;20;14000.0;11500.0;0;gid://shopify/Product/8582659965223;Anel Dolce Vita | Ouro Amarelo 18K com Safiras E Olho De Tigre;0;13;1;AN03575;AN03575-20;gid://shopify/ProductVariant/46393472155943;0.0;0.0;False;False
gid://shopify/ProductVariant/46393472188711;AN03575-21;21;14000.0;11500.0;0;gid://shopify/Product/8582659965223;Anel Dolce Vita | Ouro Amarelo 18K com Safiras E Olho De Tigre;0;13;1;AN03575;AN03575-21;gid://shopify/ProductVariant/46393472188711;0.0;0.0;False;False
gid://shopify/ProductVariant/46393472221479;AN03575-22;22;14000.0;11500.0;0;gid://shopify/Product/8582659965223;Anel Dolce Vita | Ouro Amarelo 18K com Safiras E Olho De Tigre;0;13;1;AN03575;AN03575-22;gid://shopify/ProductVariant/46393472221479;0.0;0.0;False;False
gid://shopify/ProductVariant/46393472516391;AN03554-10;10;11500.0;11500.0;0;gid://shopify/Product/8582660063527;Anel Dolce Vita | Ouro Rosa 18K com Safiras e Opala;0;13;3;AN03554;AN03554-10;gid://shopify/ProductVariant/46393472516391;0.0;0.0;False;False
gid://shopify/ProductVariant/46393472549159;AN03554-11;11;11500.0;11500.0;0;gid://shopify/Product/8582660063527;Anel Dolce Vita | Ouro Rosa 18K com Safiras e Opala;0;13;3;AN03554;AN03554-11;gid://shopify/ProductVariant/46393472549159;0.0;0.0;False;False
gid://shopify/ProductVariant/46393472581927;AN03554-12;12;11500.0;11500.0;0;gid://shopify/Product/8582660063527;Anel Dolce Vita | Ouro Rosa 18K com Safiras e Opala;0;13;3;AN03554;AN03554-12;gid://shopify/ProductVariant/46393472581927;0.0;0.0;False;False
gid://shopify/ProductVariant/46393472614695;AN03554-13;13;11500.0;11500.0;0;gid://shopify/Product/8582660063527;Anel Dolce Vita | Ouro Rosa 18K com Safiras e Opala;0;13;3;AN03554;AN03554-13;gid://shopify/ProductVariant/46393472614695;0.0;0.0;False;False
gid://shopify/ProductVariant/46393472647463;AN03554-14;14;11500.0;11500.0;0;gid://shopify/Product/8582660063527;Anel Dolce Vita | Ouro Rosa 18K com Safiras e Opala;0;13;3;AN03554;AN03554-14;gid://shopify/ProductVariant/46393472647463;0.0;0.0;False;False
gid://shopify/ProductVariant/46393472680231;AN03554-15;15;11500.0;11500.0;0;gid://shopify/Product/8582660063527;Anel Dolce Vita | Ouro Rosa 18K com Safiras e Opala;0;13;3;AN03554;AN03554-15;gid://shopify/ProductVariant/46393472680231;0.0;0.0;False;False
gid://shopify/ProductVariant/46393472712999;AN03554-16;16;11500.0;11500.0;0;gid://shopify/Product/8582660063527;Anel Dolce Vita | Ouro Rosa 18K com Safiras e Opala;0;13;3;AN03554;AN03554-16;gid://shopify/ProductVariant/46393472712999;0.0;0.0;False;False
gid://shopify/ProductVariant/46393472745767;AN03554-17;17;11500.0;11500.0;0;gid://shopify/Product/8582660063527;Anel Dolce Vita | Ouro Rosa 18K com Safiras e Opala;0;13;3;AN03554;AN03554-17;gid://shopify/ProductVariant/46393472745767;0.0;0.0;False;False
gid://shopify/ProductVariant/46393472778535;AN03554-18;18;11500.0;11500.0;0;gid://shopify/Product/8582660063527;Anel Dolce Vita | Ouro Rosa 18K com Safiras e Opala;0;13;3;AN03554;AN03554-18;gid://shopify/ProductVariant/46393472778535;0.0;0.0;False;False
gid://shopify/ProductVariant/46393472811303;AN03554-19;19;11500.0;11500.0;0;gid://shopify/Product/8582660063527;Anel Dolce Vita | Ouro Rosa 18K com Safiras e Opala;0;13;3;AN03554;AN03554-19;gid://shopify/ProductVariant/46393472811303;0.0;0.0;False;False
gid://shopify/ProductVariant/46393472844071;AN03554-20;20;11500.0;11500.0;0;gid://shopify/Product/8582660063527;Anel Dolce Vita | Ouro Rosa 18K com Safiras e Opala;0;13;3;AN03554;AN03554-20;gid://shopify/ProductVariant/46393472844071;0.0;0.0;False;False
gid://shopify/ProductVariant/46393472876839;AN03554-21;21;11500.0;11500.0;0;gid://shopify/Product/8582660063527;Anel Dolce Vita | Ouro Rosa 18K com Safiras e Opala;0;13;3;AN03554;AN03554-21;gid://shopify/ProductVariant/46393472876839;0.0;0.0;False;False
gid://shopify/ProductVariant/46393472909607;AN03554-22;22;11500.0;11500.0;0;gid://shopify/Product/8582660063527;Anel Dolce Vita | Ouro Rosa 18K com Safiras e Opala;0;13;3;AN03554;AN03554-22;gid://shopify/ProductVariant/46393472909607;0.0;0.0;False;False
gid://shopify/ProductVariant/46393473073447;AN03561-10;10;10900.0;9200.0;0;gid://shopify/Product/8582660129063;Anel Dolce Vita | Ouro Rosa 18K com Opala;0;13;3;AN03561;AN03561-10;gid://shopify/ProductVariant/46393473073447;0.0;0.0;False;False
gid://shopify/ProductVariant/46393473106215;AN03561-11;11;10900.0;9200.0;0;gid://shopify/Product/8582660129063;Anel Dolce Vita | Ouro Rosa 18K com Opala;0;13;3;AN03561;AN03561-11;gid://shopify/ProductVariant/46393473106215;0.0;0.0;False;False
gid://shopify/ProductVariant/46393473138983;AN03561-12;12;10900.0;9200.0;0;gid://shopify/Product/8582660129063;Anel Dolce Vita | Ouro Rosa 18K com Opala;0;13;3;AN03561;AN03561-12;gid://shopify/ProductVariant/46393473138983;0.0;0.0;False;False
gid://shopify/ProductVariant/46393473171751;AN03561-13;13;10900.0;9200.0;0;gid://shopify/Product/8582660129063;Anel Dolce Vita | Ouro Rosa 18K com Opala;0;13;3;AN03561;AN03561-13;gid://shopify/ProductVariant/46393473171751;0.0;0.0;False;False
gid://shopify/ProductVariant/46393473204519;AN03561-14;14;10900.0;9200.0;0;gid://shopify/Product/8582660129063;Anel Dolce Vita | Ouro Rosa 18K com Opala;0;13;3;AN03561;AN03561-14;gid://shopify/ProductVariant/46393473204519;0.0;0.0;False;False
gid://shopify/ProductVariant/46393473237287;AN03561-15;15;10900.0;9200.0;0;gid://shopify/Product/8582660129063;Anel Dolce Vita | Ouro Rosa 18K com Opala;0;13;3;AN03561;AN03561-15;gid://shopify/ProductVariant/46393473237287;0.0;0.0;False;False
gid://shopify/ProductVariant/46393473270055;AN03561-16;16;10900.0;9200.0;0;gid://shopify/Product/8582660129063;Anel Dolce Vita | Ouro Rosa 18K com Opala;0;13;3;AN03561;AN03561-16;gid://shopify/ProductVariant/46393473270055;0.0;0.0;False;False
gid://shopify/ProductVariant/46393473302823;AN03561-17;17;10900.0;9200.0;0;gid://shopify/Product/8582660129063;Anel Dolce Vita | Ouro Rosa 18K com Opala;0;13;3;AN03561;AN03561-17;gid://shopify/ProductVariant/46393473302823;0.0;0.0;False;False
gid://shopify/ProductVariant/46393473335591;AN03561-18;18;10900.0;9200.0;0;gid://shopify/Product/8582660129063;Anel Dolce Vita | Ouro Rosa 18K com Opala;0;13;3;AN03561;AN03561-18;gid://shopify/ProductVariant/46393473335591;0.0;0.0;False;False
gid://shopify/ProductVariant/46393473368359;AN03561-19;19;10900.0;9200.0;0;gid://shopify/Product/8582660129063;Anel Dolce Vita | Ouro Rosa 18K com Opala;0;13;3;AN03561;AN03561-19;gid://shopify/ProductVariant/46393473368359;0.0;0.0;False;False
gid://shopify/ProductVariant/46393473401127;AN03561-20;20;10900.0;9200.0;0;gid://shopify/Product/8582660129063;Anel Dolce Vita | Ouro Rosa 18K com Opala;0;13;3;AN03561;AN03561-20;gid://shopify/ProductVariant/46393473401127;0.0;0.0;False;False
gid://shopify/ProductVariant/46393473433895;AN03561-21;21;10900.0;9200.0;0;gid://shopify/Product/8582660129063;Anel Dolce Vita | Ouro Rosa 18K com Opala;0;13;3;AN03561;AN03561-21;gid://shopify/ProductVariant/46393473433895;0.0;0.0;False;False
gid://shopify/ProductVariant/46393473466663;AN03561-22;22;10900.0;9200.0;0;gid://shopify/Product/8582660129063;Anel Dolce Vita | Ouro Rosa 18K com Opala;0;13;3;AN03561;AN03561-22;gid://shopify/ProductVariant/46393473466663;0.0;0.0;False;False
gid://shopify/ProductVariant/46393473892647;AN03544-10;10;247500.0;184000.0;0;gid://shopify/Product/8582660194599;Anel Especial Solitário | Ouro Branco 18K E Diamantes;0;13;1;AN03544;AN03544-10;gid://shopify/ProductVariant/46393473892647;0.0;0.0;False;False
gid://shopify/ProductVariant/46393473925415;AN03544-11;11;247500.0;184000.0;0;gid://shopify/Product/8582660194599;Anel Especial Solitário | Ouro Branco 18K E Diamantes;0;13;1;AN03544;AN03544-11;gid://shopify/ProductVariant/46393473925415;0.0;0.0;False;False
gid://shopify/ProductVariant/46393473958183;AN03544-12;12;247500.0;184000.0;0;gid://shopify/Product/8582660194599;Anel Especial Solitário | Ouro Branco 18K E Diamantes;0;13;1;AN03544;AN03544-12;gid://shopify/ProductVariant/46393473958183;0.0;0.0;False;False
gid://shopify/ProductVariant/46393473990951;AN03544-13;13;247500.0;184000.0;0;gid://shopify/Product/8582660194599;Anel Especial Solitário | Ouro Branco 18K E Diamantes;0;13;1;AN03544;AN03544-13;gid://shopify/ProductVariant/46393473990951;0.0;0.0;False;False
gid://shopify/ProductVariant/46393474023719;AN03544-14;14;247500.0;184000.0;0;gid://shopify/Product/8582660194599;Anel Especial Solitário | Ouro Branco 18K E Diamantes;0;13;1;AN03544;AN03544-14;gid://shopify/ProductVariant/46393474023719;0.0;0.0;False;False
gid://shopify/ProductVariant/46393474056487;AN03544-15;15;247500.0;184000.0;0;gid://shopify/Product/8582660194599;Anel Especial Solitário | Ouro Branco 18K E Diamantes;0;13;1;AN03544;AN03544-15;gid://shopify/ProductVariant/46393474056487;0.0;0.0;False;False
gid://shopify/ProductVariant/46393474089255;AN03544-16;16;247500.0;184000.0;0;gid://shopify/Product/8582660194599;Anel Especial Solitário | Ouro Branco 18K E Diamantes;0;13;1;AN03544;AN03544-16;gid://shopify/ProductVariant/46393474089255;0.0;0.0;False;False
gid://shopify/ProductVariant/46393474122023;AN03544-17;17;247500.0;184000.0;0;gid://shopify/Product/8582660194599;Anel Especial Solitário | Ouro Branco 18K E Diamantes;0;13;1;AN03544;AN03544-17;gid://shopify/ProductVariant/46393474122023;0.0;0.0;False;False
gid://shopify/ProductVariant/46393474154791;AN03544-18;18;247500.0;184000.0;0;gid://shopify/Product/8582660194599;Anel Especial Solitário | Ouro Branco 18K E Diamantes;0;13;1;AN03544;AN03544-18;gid://shopify/ProductVariant/46393474154791;0.0;0.0;False;False
gid://shopify/ProductVariant/46393474187559;AN03544-19;19;247500.0;184000.0;0;gid://shopify/Product/8582660194599;Anel Especial Solitário | Ouro Branco 18K E Diamantes;0;13;1;AN03544;AN03544-19;gid://shopify/ProductVariant/46393474187559;0.0;0.0;False;False
gid://shopify/ProductVariant/46393474220327;AN03544-20;20;247500.0;184000.0;0;gid://shopify/Product/8582660194599;Anel Especial Solitário | Ouro Branco 18K E Diamantes;0;13;1;AN03544;AN03544-20;gid://shopify/ProductVariant/46393474220327;0.0;0.0;False;False
gid://shopify/ProductVariant/46393474253095;AN03544-21;21;247500.0;184000.0;0;gid://shopify/Product/8582660194599;Anel Especial Solitário | Ouro Branco 18K E Diamantes;0;13;1;AN03544;AN03544-21;gid://shopify/ProductVariant/46393474253095;0.0;0.0;False;False
gid://shopify/ProductVariant/46393474285863;AN03544-22;22;247500.0;184000.0;0;gid://shopify/Product/8582660194599;Anel Especial Solitário | Ouro Branco 18K E Diamantes;0;13;1;AN03544;AN03544-22;gid://shopify/ProductVariant/46393474285863;0.0;0.0;False;False
gid://shopify/ProductVariant/46393474810151;AN0793-10;10;9500.0;5500.0;5;gid://shopify/Product/8582660292903;Anel Fetiche | Ouro Amarelo 18K;68;13;3;AN0793;AN0793-10;gid://shopify/ProductVariant/46393474810151;5.0;0.0;True;False
gid://shopify/ProductVariant/46393474842919;AN0793-11;11;9500.0;5500.0;6;gid://shopify/Product/8582660292903;Anel Fetiche | Ouro Amarelo 18K;68;13;3;AN0793;AN0793-11;gid://shopify/ProductVariant/46393474842919;5.0;0.0;True;True
gid://shopify/ProductVariant/46393474875687;AN0793-12;12;9500.0;5500.0;5;gid://shopify/Product/8582660292903;Anel Fetiche | Ouro Amarelo 18K;68;13;3;AN0793;AN0793-12;gid://shopify/ProductVariant/46393474875687;5.0;0.0;True;False
gid://shopify/ProductVariant/46393474908455;AN0793-13;13;9500.0;5500.0;5;gid://shopify/Product/8582660292903;Anel Fetiche | Ouro Amarelo 18K;68;13;3;AN0793;AN0793-13;gid://shopify/ProductVariant/46393474908455;5.0;0.0;True;False
gid://shopify/ProductVariant/46393474941223;AN0793-14;14;9500.0;5500.0;6;gid://shopify/Product/8582660292903;Anel Fetiche | Ouro Amarelo 18K;68;13;3;AN0793;AN0793-14;gid://shopify/ProductVariant/46393474941223;5.0;0.0;True;True
gid://shopify/ProductVariant/46393474973991;AN0793-15;15;9500.0;5500.0;5;gid://shopify/Product/8582660292903;Anel Fetiche | Ouro Amarelo 18K;68;13;3;AN0793;AN0793-15;gid://shopify/ProductVariant/46393474973991;5.0;0.0;True;False
gid://shopify/ProductVariant/46393475006759;AN0793-16;16;9500.0;5500.0;5;gid://shopify/Product/8582660292903;Anel Fetiche | Ouro Amarelo 18K;68;13;3;AN0793;AN0793-16;gid://shopify/ProductVariant/46393475006759;5.0;0.0;True;False
gid://shopify/ProductVariant/46393475039527;AN0793-17;17;9500.0;5500.0;5;gid://shopify/Product/8582660292903;Anel Fetiche | Ouro Amarelo 18K;68;13;3;AN0793;AN0793-17;gid://shopify/ProductVariant/46393475039527;5.0;0.0;True;False
gid://shopify/ProductVariant/46393475072295;AN0793-18;18;9500.0;5500.0;6;gid://shopify/Product/8582660292903;Anel Fetiche | Ouro Amarelo 18K;68;13;3;AN0793;AN0793-18;gid://shopify/ProductVariant/46393475072295;5.0;0.0;True;True
gid://shopify/ProductVariant/46393475105063;AN0793-19;19;9500.0;5500.0;5;gid://shopify/Product/8582660292903;Anel Fetiche | Ouro Amarelo 18K;68;13;3;AN0793;AN0793-19;gid://shopify/ProductVariant/46393475105063;5.0;0.0;True;False
gid://shopify/ProductVariant/46393475137831;AN0793-20;20;9500.0;5500.0;5;gid://shopify/Product/8582660292903;Anel Fetiche | Ouro Amarelo 18K;68;13;3;AN0793;AN0793-20;gid://shopify/ProductVariant/46393475137831;5.0;0.0;True;False
gid://shopify/ProductVariant/46393475170599;AN0793-21;21;9500.0;5500.0;5;gid://shopify/Product/8582660292903;Anel Fetiche | Ouro Amarelo 18K;68;13;3;AN0793;AN0793-21;gid://shopify/ProductVariant/46393475170599;5.0;0.0;True;False
gid://shopify/ProductVariant/46393475203367;AN0793-22;22;9500.0;5500.0;5;gid://shopify/Product/8582660292903;Anel Fetiche | Ouro Amarelo 18K;68;13;3;AN0793;AN0793-22;gid://shopify/ProductVariant/46393475203367;5.0;0.0;True;False
gid://shopify/ProductVariant/46393475334439;AN01150-10;10;9500.0;5500.0;5;gid://shopify/Product/8582660358439;Anel Fetiche | Ouro Branco 18K Com Ródio Negro;67;13;2;AN01150;AN01150-10;gid://shopify/ProductVariant/46393475334439;5.0;0.0;True;False
gid://shopify/ProductVariant/46393475367207;AN01150-11;11;9500.0;5500.0;5;gid://shopify/Product/8582660358439;Anel Fetiche | Ouro Branco 18K Com Ródio Negro;67;13;2;AN01150;AN01150-11;gid://shopify/ProductVariant/46393475367207;5.0;0.0;True;False
gid://shopify/ProductVariant/46393475399975;AN01150-12;12;9500.0;5500.0;5;gid://shopify/Product/8582660358439;Anel Fetiche | Ouro Branco 18K Com Ródio Negro;67;13;2;AN01150;AN01150-12;gid://shopify/ProductVariant/46393475399975;5.0;0.0;True;False
gid://shopify/ProductVariant/46393475432743;AN01150-13;13;9500.0;5500.0;6;gid://shopify/Product/8582660358439;Anel Fetiche | Ouro Branco 18K Com Ródio Negro;67;13;2;AN01150;AN01150-13;gid://shopify/ProductVariant/46393475432743;5.0;0.0;True;True
gid://shopify/ProductVariant/46393475465511;AN01150-14;14;9500.0;5500.0;5;gid://shopify/Product/8582660358439;Anel Fetiche | Ouro Branco 18K Com Ródio Negro;67;13;2;AN01150;AN01150-14;gid://shopify/ProductVariant/46393475465511;5.0;0.0;True;False
gid://shopify/ProductVariant/46393475498279;AN01150-15;15;9500.0;5500.0;5;gid://shopify/Product/8582660358439;Anel Fetiche | Ouro Branco 18K Com Ródio Negro;67;13;2;AN01150;AN01150-15;gid://shopify/ProductVariant/46393475498279;5.0;0.0;True;False
gid://shopify/ProductVariant/46393475531047;AN01150-16;16;9500.0;5500.0;5;gid://shopify/Product/8582660358439;Anel Fetiche | Ouro Branco 18K Com Ródio Negro;67;13;2;AN01150;AN01150-16;gid://shopify/ProductVariant/46393475531047;5.0;0.0;True;False
gid://shopify/ProductVariant/46393475563815;AN01150-17;17;9500.0;5500.0;6;gid://shopify/Product/8582660358439;Anel Fetiche | Ouro Branco 18K Com Ródio Negro;67;13;2;AN01150;AN01150-17;gid://shopify/ProductVariant/46393475563815;5.0;0.0;True;True
gid://shopify/ProductVariant/46393475596583;AN01150-18;18;9500.0;5500.0;5;gid://shopify/Product/8582660358439;Anel Fetiche | Ouro Branco 18K Com Ródio Negro;67;13;2;AN01150;AN01150-18;gid://shopify/ProductVariant/46393475596583;5.0;0.0;True;False
gid://shopify/ProductVariant/46393475629351;AN01150-19;19;9500.0;5500.0;5;gid://shopify/Product/8582660358439;Anel Fetiche | Ouro Branco 18K Com Ródio Negro;67;13;2;AN01150;AN01150-19;gid://shopify/ProductVariant/46393475629351;5.0;0.0;True;False
gid://shopify/ProductVariant/46393475694887;AN01150-20;20;9500.0;5500.0;5;gid://shopify/Product/8582660358439;Anel Fetiche | Ouro Branco 18K Com Ródio Negro;67;13;2;AN01150;AN01150-20;gid://shopify/ProductVariant/46393475694887;5.0;0.0;True;False
gid://shopify/ProductVariant/46393475727655;AN01150-21;21;9500.0;5500.0;5;gid://shopify/Product/8582660358439;Anel Fetiche | Ouro Branco 18K Com Ródio Negro;67;13;2;AN01150;AN01150-21;gid://shopify/ProductVariant/46393475727655;5.0;0.0;True;False
gid://shopify/ProductVariant/46393475760423;AN01150-22;22;9500.0;5500.0;5;gid://shopify/Product/8582660358439;Anel Fetiche | Ouro Branco 18K Com Ródio Negro;67;13;2;AN01150;AN01150-22;gid://shopify/ProductVariant/46393475760423;5.0;0.0;True;False
gid://shopify/ProductVariant/46393475825959;AN0792-10;10;9500.0;5500.0;5;gid://shopify/Product/8582660456743;Anel Fetiche | Ouro Branco 18K;67;13;3;AN0792;AN0792-10;gid://shopify/ProductVariant/46393475825959;5.0;0.0;True;False
gid://shopify/ProductVariant/46393475858727;AN0792-11;11;9500.0;5500.0;5;gid://shopify/Product/8582660456743;Anel Fetiche | Ouro Branco 18K;67;13;3;AN0792;AN0792-11;gid://shopify/ProductVariant/46393475858727;5.0;0.0;True;False
gid://shopify/ProductVariant/46393475891495;AN0792-12;12;9500.0;5500.0;5;gid://shopify/Product/8582660456743;Anel Fetiche | Ouro Branco 18K;67;13;3;AN0792;AN0792-12;gid://shopify/ProductVariant/46393475891495;5.0;0.0;True;False
gid://shopify/ProductVariant/46393475924263;AN0792-13;13;9500.0;5500.0;5;gid://shopify/Product/8582660456743;Anel Fetiche | Ouro Branco 18K;67;13;3;AN0792;AN0792-13;gid://shopify/ProductVariant/46393475924263;5.0;0.0;True;False
gid://shopify/ProductVariant/46393475957031;AN0792-14;14;9500.0;5500.0;6;gid://shopify/Product/8582660456743;Anel Fetiche | Ouro Branco 18K;67;13;3;AN0792;AN0792-14;gid://shopify/ProductVariant/46393475957031;5.0;0.0;True;True
gid://shopify/ProductVariant/46393475989799;AN0792-15;15;9500.0;5500.0;5;gid://shopify/Product/8582660456743;Anel Fetiche | Ouro Branco 18K;67;13;3;AN0792;AN0792-15;gid://shopify/ProductVariant/46393475989799;5.0;0.0;True;False
gid://shopify/ProductVariant/46393476022567;AN0792-16;16;9500.0;5500.0;6;gid://shopify/Product/8582660456743;Anel Fetiche | Ouro Branco 18K;67;13;3;AN0792;AN0792-16;gid://shopify/ProductVariant/46393476022567;5.0;0.0;True;True
gid://shopify/ProductVariant/46393476055335;AN0792-17;17;9500.0;5500.0;5;gid://shopify/Product/8582660456743;Anel Fetiche | Ouro Branco 18K;67;13;3;AN0792;AN0792-17;gid://shopify/ProductVariant/46393476055335;5.0;0.0;True;False
gid://shopify/ProductVariant/46393476088103;AN0792-18;18;9500.0;5500.0;5;gid://shopify/Product/8582660456743;Anel Fetiche | Ouro Branco 18K;67;13;3;AN0792;AN0792-18;gid://shopify/ProductVariant/46393476088103;5.0;0.0;True;False
gid://shopify/ProductVariant/46393476120871;AN0792-19;19;9500.0;5500.0;5;gid://shopify/Product/8582660456743;Anel Fetiche | Ouro Branco 18K;67;13;3;AN0792;AN0792-19;gid://shopify/ProductVariant/46393476120871;5.0;0.0;True;False
gid://shopify/ProductVariant/46393476153639;AN0792-20;20;9500.0;5500.0;5;gid://shopify/Product/8582660456743;Anel Fetiche | Ouro Branco 18K;67;13;3;AN0792;AN0792-20;gid://shopify/ProductVariant/46393476153639;5.0;0.0;True;False
gid://shopify/ProductVariant/46393476186407;AN0792-21;21;9500.0;5500.0;5;gid://shopify/Product/8582660456743;Anel Fetiche | Ouro Branco 18K;67;13;3;AN0792;AN0792-21;gid://shopify/ProductVariant/46393476186407;5.0;0.0;True;False
gid://shopify/ProductVariant/46393476219175;AN0792-22;22;9500.0;5500.0;5;gid://shopify/Product/8582660456743;Anel Fetiche | Ouro Branco 18K;67;13;3;AN0792;AN0792-22;gid://shopify/ProductVariant/46393476219175;5.0;0.0;True;False
gid://shopify/ProductVariant/46393476874535;AN0791-10;10;9500.0;5500.0;5;gid://shopify/Product/8582660587815;Anel Fetiche | Ouro Rosa 18K;66;13;3;AN0791;AN0791-10;gid://shopify/ProductVariant/46393476874535;5.0;0.0;True;False
gid://shopify/ProductVariant/46393476907303;AN0791-11;11;9500.0;5500.0;5;gid://shopify/Product/8582660587815;Anel Fetiche | Ouro Rosa 18K;66;13;3;AN0791;AN0791-11;gid://shopify/ProductVariant/46393476907303;5.0;0.0;True;False
gid://shopify/ProductVariant/46393476972839;AN0791-12;12;9500.0;5500.0;5;gid://shopify/Product/8582660587815;Anel Fetiche | Ouro Rosa 18K;66;13;3;AN0791;AN0791-12;gid://shopify/ProductVariant/46393476972839;5.0;0.0;True;False
gid://shopify/ProductVariant/46393477038375;AN0791-13;13;9500.0;5500.0;5;gid://shopify/Product/8582660587815;Anel Fetiche | Ouro Rosa 18K;66;13;3;AN0791;AN0791-13;gid://shopify/ProductVariant/46393477038375;5.0;0.0;True;False
gid://shopify/ProductVariant/46393477103911;AN0791-14;14;9500.0;5500.0;5;gid://shopify/Product/8582660587815;Anel Fetiche | Ouro Rosa 18K;66;13;3;AN0791;AN0791-14;gid://shopify/ProductVariant/46393477103911;5.0;0.0;True;False
gid://shopify/ProductVariant/46393477136679;AN0791-15;15;9500.0;5500.0;6;gid://shopify/Product/8582660587815;Anel Fetiche | Ouro Rosa 18K;66;13;3;AN0791;AN0791-15;gid://shopify/ProductVariant/46393477136679;5.0;0.0;True;True
gid://shopify/ProductVariant/46393477202215;AN0791-16;16;9500.0;5500.0;5;gid://shopify/Product/8582660587815;Anel Fetiche | Ouro Rosa 18K;66;13;3;AN0791;AN0791-16;gid://shopify/ProductVariant/46393477202215;5.0;0.0;True;False
gid://shopify/ProductVariant/46393477267751;AN0791-17;17;9500.0;5500.0;5;gid://shopify/Product/8582660587815;Anel Fetiche | Ouro Rosa 18K;66;13;3;AN0791;AN0791-17;gid://shopify/ProductVariant/46393477267751;5.0;0.0;True;False
gid://shopify/ProductVariant/46393477333287;AN0791-18;18;9500.0;5500.0;5;gid://shopify/Product/8582660587815;Anel Fetiche | Ouro Rosa 18K;66;13;3;AN0791;AN0791-18;gid://shopify/ProductVariant/46393477333287;5.0;0.0;True;False
gid://shopify/ProductVariant/46393477398823;AN0791-19;19;9500.0;5500.0;5;gid://shopify/Product/8582660587815;Anel Fetiche | Ouro Rosa 18K;66;13;3;AN0791;AN0791-19;gid://shopify/ProductVariant/46393477398823;5.0;0.0;True;False
gid://shopify/ProductVariant/46393477431591;AN0791-20;20;9500.0;5500.0;5;gid://shopify/Product/8582660587815;Anel Fetiche | Ouro Rosa 18K;66;13;3;AN0791;AN0791-20;gid://shopify/ProductVariant/46393477431591;5.0;0.0;True;False
gid://shopify/ProductVariant/46393477497127;AN0791-21;21;9500.0;5500.0;5;gid://shopify/Product/8582660587815;Anel Fetiche | Ouro Rosa 18K;66;13;3;AN0791;AN0791-21;gid://shopify/ProductVariant/46393477497127;5.0;0.0;True;False
gid://shopify/ProductVariant/46393477562663;AN0791-22;22;9500.0;5500.0;5;gid://shopify/Product/8582660587815;Anel Fetiche | Ouro Rosa 18K;66;13;3;AN0791;AN0791-22;gid://shopify/ProductVariant/46393477562663;5.0;0.0;True;False
gid://shopify/ProductVariant/46393480151335;AN02445-10;10;4900.0;3200.0;5;gid://shopify/Product/8582660653351;Anel First Diamond | Ouro Branco 18K Com Ródio Negro E Diamante;65;13;3;AN02445;AN02445-10;gid://shopify/ProductVariant/46393480151335;5.0;0.0;True;False
gid://shopify/ProductVariant/46393480184103;AN02445-11;11;4900.0;3200.0;5;gid://shopify/Product/8582660653351;Anel First Diamond | Ouro Branco 18K Com Ródio Negro E Diamante;65;13;3;AN02445;AN02445-11;gid://shopify/ProductVariant/46393480184103;5.0;0.0;True;False
gid://shopify/ProductVariant/46393480216871;AN02445-12;12;4900.0;3200.0;5;gid://shopify/Product/8582660653351;Anel First Diamond | Ouro Branco 18K Com Ródio Negro E Diamante;65;13;3;AN02445;AN02445-12;gid://shopify/ProductVariant/46393480216871;5.0;0.0;True;False
gid://shopify/ProductVariant/46393480249639;AN02445-13;13;4900.0;3200.0;5;gid://shopify/Product/8582660653351;Anel First Diamond | Ouro Branco 18K Com Ródio Negro E Diamante;65;13;3;AN02445;AN02445-13;gid://shopify/ProductVariant/46393480249639;5.0;0.0;True;False
gid://shopify/ProductVariant/46393480282407;AN02445-14;14;4900.0;3200.0;5;gid://shopify/Product/8582660653351;Anel First Diamond | Ouro Branco 18K Com Ródio Negro E Diamante;65;13;3;AN02445;AN02445-14;gid://shopify/ProductVariant/46393480282407;5.0;0.0;True;False
gid://shopify/ProductVariant/46393480315175;AN02445-15;15;4900.0;3200.0;5;gid://shopify/Product/8582660653351;Anel First Diamond | Ouro Branco 18K Com Ródio Negro E Diamante;65;13;3;AN02445;AN02445-15;gid://shopify/ProductVariant/46393480315175;5.0;0.0;True;False
gid://shopify/ProductVariant/46393480347943;AN02445-16;16;4900.0;3200.0;5;gid://shopify/Product/8582660653351;Anel First Diamond | Ouro Branco 18K Com Ródio Negro E Diamante;65;13;3;AN02445;AN02445-16;gid://shopify/ProductVariant/46393480347943;5.0;0.0;True;False
gid://shopify/ProductVariant/46393480380711;AN02445-17;17;4900.0;3200.0;5;gid://shopify/Product/8582660653351;Anel First Diamond | Ouro Branco 18K Com Ródio Negro E Diamante;65;13;3;AN02445;AN02445-17;gid://shopify/ProductVariant/46393480380711;5.0;0.0;True;False
gid://shopify/ProductVariant/46393480413479;AN02445-18;18;4900.0;3200.0;5;gid://shopify/Product/8582660653351;Anel First Diamond | Ouro Branco 18K Com Ródio Negro E Diamante;65;13;3;AN02445;AN02445-18;gid://shopify/ProductVariant/46393480413479;5.0;0.0;True;False
gid://shopify/ProductVariant/46393480446247;AN02445-19;19;4900.0;3200.0;5;gid://shopify/Product/8582660653351;Anel First Diamond | Ouro Branco 18K Com Ródio Negro E Diamante;65;13;3;AN02445;AN02445-19;gid://shopify/ProductVariant/46393480446247;5.0;0.0;True;False
gid://shopify/ProductVariant/46393480479015;AN02445-20;20;4900.0;3200.0;5;gid://shopify/Product/8582660653351;Anel First Diamond | Ouro Branco 18K Com Ródio Negro E Diamante;65;13;3;AN02445;AN02445-20;gid://shopify/ProductVariant/46393480479015;5.0;0.0;True;False
gid://shopify/ProductVariant/46393480511783;AN02445-21;21;4900.0;3200.0;5;gid://shopify/Product/8582660653351;Anel First Diamond | Ouro Branco 18K Com Ródio Negro E Diamante;65;13;3;AN02445;AN02445-21;gid://shopify/ProductVariant/46393480511783;5.0;0.0;True;False
gid://shopify/ProductVariant/46393480544551;AN02445-22;22;4900.0;3200.0;5;gid://shopify/Product/8582660653351;Anel First Diamond | Ouro Branco 18K Com Ródio Negro E Diamante;65;13;3;AN02445;AN02445-22;gid://shopify/ProductVariant/46393480544551;5.0;0.0;True;False
gid://shopify/ProductVariant/46393480806695;AN03305-10;10;4900.0;3200.0;5;gid://shopify/Product/8582660751655;Anel First Diamond | Ouro Branco 18K E Diamante;65;13;2;AN03305;AN03305-10;gid://shopify/ProductVariant/46393480806695;5.0;0.0;True;False
gid://shopify/ProductVariant/46393480839463;AN03305-11;11;4900.0;3200.0;5;gid://shopify/Product/8582660751655;Anel First Diamond | Ouro Branco 18K E Diamante;65;13;2;AN03305;AN03305-11;gid://shopify/ProductVariant/46393480839463;5.0;0.0;True;False
gid://shopify/ProductVariant/46393480872231;AN03305-12;12;4900.0;3200.0;5;gid://shopify/Product/8582660751655;Anel First Diamond | Ouro Branco 18K E Diamante;65;13;2;AN03305;AN03305-12;gid://shopify/ProductVariant/46393480872231;5.0;0.0;True;False
gid://shopify/ProductVariant/46393480904999;AN03305-13;13;4900.0;3200.0;5;gid://shopify/Product/8582660751655;Anel First Diamond | Ouro Branco 18K E Diamante;65;13;2;AN03305;AN03305-13;gid://shopify/ProductVariant/46393480904999;5.0;0.0;True;False
gid://shopify/ProductVariant/46393480937767;AN03305-14;14;4900.0;3200.0;5;gid://shopify/Product/8582660751655;Anel First Diamond | Ouro Branco 18K E Diamante;65;13;2;AN03305;AN03305-14;gid://shopify/ProductVariant/46393480937767;5.0;0.0;True;False
gid://shopify/ProductVariant/46393480970535;AN03305-15;15;4900.0;3200.0;5;gid://shopify/Product/8582660751655;Anel First Diamond | Ouro Branco 18K E Diamante;65;13;2;AN03305;AN03305-15;gid://shopify/ProductVariant/46393480970535;5.0;0.0;True;False
gid://shopify/ProductVariant/46393481003303;AN03305-16;16;4900.0;3200.0;5;gid://shopify/Product/8582660751655;Anel First Diamond | Ouro Branco 18K E Diamante;65;13;2;AN03305;AN03305-16;gid://shopify/ProductVariant/46393481003303;5.0;0.0;True;False
gid://shopify/ProductVariant/46393481036071;AN03305-17;17;4900.0;3200.0;5;gid://shopify/Product/8582660751655;Anel First Diamond | Ouro Branco 18K E Diamante;65;13;2;AN03305;AN03305-17;gid://shopify/ProductVariant/46393481036071;5.0;0.0;True;False
gid://shopify/ProductVariant/46393481068839;AN03305-18;18;4900.0;3200.0;5;gid://shopify/Product/8582660751655;Anel First Diamond | Ouro Branco 18K E Diamante;65;13;2;AN03305;AN03305-18;gid://shopify/ProductVariant/46393481068839;5.0;0.0;True;False
gid://shopify/ProductVariant/46393481101607;AN03305-19;19;4900.0;3200.0;5;gid://shopify/Product/8582660751655;Anel First Diamond | Ouro Branco 18K E Diamante;65;13;2;AN03305;AN03305-19;gid://shopify/ProductVariant/46393481101607;5.0;0.0;True;False
gid://shopify/ProductVariant/46393481134375;AN03305-20;20;4900.0;3200.0;5;gid://shopify/Product/8582660751655;Anel First Diamond | Ouro Branco 18K E Diamante;65;13;2;AN03305;AN03305-20;gid://shopify/ProductVariant/46393481134375;5.0;0.0;True;False
gid://shopify/ProductVariant/46393481167143;AN03305-21;21;4900.0;3200.0;5;gid://shopify/Product/8582660751655;Anel First Diamond | Ouro Branco 18K E Diamante;65;13;2;AN03305;AN03305-21;gid://shopify/ProductVariant/46393481167143;5.0;0.0;True;False
gid://shopify/ProductVariant/46393481199911;AN03305-22;22;4900.0;3200.0;5;gid://shopify/Product/8582660751655;Anel First Diamond | Ouro Branco 18K E Diamante;65;13;2;AN03305;AN03305-22;gid://shopify/ProductVariant/46393481199911;5.0;0.0;True;False
gid://shopify/ProductVariant/46393481330983;AN02446-10;10;4900.0;3200.0;5;gid://shopify/Product/8582660817191;Anel First Diamond | Ouro Rosa 18K E Diamante;65;13;3;AN02446;AN02446-10;gid://shopify/ProductVariant/46393481330983;5.0;0.0;True;False
gid://shopify/ProductVariant/46393481363751;AN02446-11;11;4900.0;3200.0;5;gid://shopify/Product/8582660817191;Anel First Diamond | Ouro Rosa 18K E Diamante;65;13;3;AN02446;AN02446-11;gid://shopify/ProductVariant/46393481363751;5.0;0.0;True;False
gid://shopify/ProductVariant/46393481396519;AN02446-12;12;4900.0;3200.0;5;gid://shopify/Product/8582660817191;Anel First Diamond | Ouro Rosa 18K E Diamante;65;13;3;AN02446;AN02446-12;gid://shopify/ProductVariant/46393481396519;5.0;0.0;True;False
gid://shopify/ProductVariant/46393481429287;AN02446-13;13;4900.0;3200.0;5;gid://shopify/Product/8582660817191;Anel First Diamond | Ouro Rosa 18K E Diamante;65;13;3;AN02446;AN02446-13;gid://shopify/ProductVariant/46393481429287;5.0;0.0;True;False
gid://shopify/ProductVariant/46393481462055;AN02446-14;14;4900.0;3200.0;5;gid://shopify/Product/8582660817191;Anel First Diamond | Ouro Rosa 18K E Diamante;65;13;3;AN02446;AN02446-14;gid://shopify/ProductVariant/46393481462055;5.0;0.0;True;False
gid://shopify/ProductVariant/46393481494823;AN02446-15;15;4900.0;3200.0;5;gid://shopify/Product/8582660817191;Anel First Diamond | Ouro Rosa 18K E Diamante;65;13;3;AN02446;AN02446-15;gid://shopify/ProductVariant/46393481494823;5.0;0.0;True;False
gid://shopify/ProductVariant/46393481527591;AN02446-16;16;4900.0;3200.0;5;gid://shopify/Product/8582660817191;Anel First Diamond | Ouro Rosa 18K E Diamante;65;13;3;AN02446;AN02446-16;gid://shopify/ProductVariant/46393481527591;5.0;0.0;True;False
gid://shopify/ProductVariant/46393481560359;AN02446-17;17;4900.0;3200.0;5;gid://shopify/Product/8582660817191;Anel First Diamond | Ouro Rosa 18K E Diamante;65;13;3;AN02446;AN02446-17;gid://shopify/ProductVariant/46393481560359;5.0;0.0;True;False
gid://shopify/ProductVariant/46393481593127;AN02446-18;18;4900.0;3200.0;5;gid://shopify/Product/8582660817191;Anel First Diamond | Ouro Rosa 18K E Diamante;65;13;3;AN02446;AN02446-18;gid://shopify/ProductVariant/46393481593127;5.0;0.0;True;False
gid://shopify/ProductVariant/46393481625895;AN02446-19;19;4900.0;3200.0;5;gid://shopify/Product/8582660817191;Anel First Diamond | Ouro Rosa 18K E Diamante;65;13;3;AN02446;AN02446-19;gid://shopify/ProductVariant/46393481625895;5.0;0.0;True;False
gid://shopify/ProductVariant/46393481658663;AN02446-20;20;4900.0;3200.0;5;gid://shopify/Product/8582660817191;Anel First Diamond | Ouro Rosa 18K E Diamante;65;13;3;AN02446;AN02446-20;gid://shopify/ProductVariant/46393481658663;5.0;0.0;True;False
gid://shopify/ProductVariant/46393481691431;AN02446-21;21;4900.0;3200.0;5;gid://shopify/Product/8582660817191;Anel First Diamond | Ouro Rosa 18K E Diamante;65;13;3;AN02446;AN02446-21;gid://shopify/ProductVariant/46393481691431;5.0;0.0;True;False
gid://shopify/ProductVariant/46393481724199;AN02446-22;22;4900.0;3200.0;5;gid://shopify/Product/8582660817191;Anel First Diamond | Ouro Rosa 18K E Diamante;65;13;3;AN02446;AN02446-22;gid://shopify/ProductVariant/46393481724199;5.0;0.0;True;False
gid://shopify/ProductVariant/46393482543399;AN03026-10;10;7500.0;6500.0;5;gid://shopify/Product/8582660882727;Anel Lifestyle | Ouro Branco 18K Com Ródio Negro, Diamantes E Esmeralda;67;13;2;AN03026;AN03026-10;gid://shopify/ProductVariant/46393482543399;5.0;0.0;True;False
gid://shopify/ProductVariant/46393482576167;AN03026-11;11;7500.0;6500.0;5;gid://shopify/Product/8582660882727;Anel Lifestyle | Ouro Branco 18K Com Ródio Negro, Diamantes E Esmeralda;67;13;2;AN03026;AN03026-11;gid://shopify/ProductVariant/46393482576167;5.0;0.0;True;False
gid://shopify/ProductVariant/46393482608935;AN03026-12;12;7500.0;6500.0;5;gid://shopify/Product/8582660882727;Anel Lifestyle | Ouro Branco 18K Com Ródio Negro, Diamantes E Esmeralda;67;13;2;AN03026;AN03026-12;gid://shopify/ProductVariant/46393482608935;5.0;0.0;True;False
gid://shopify/ProductVariant/46393482641703;AN03026-13;13;7500.0;6500.0;5;gid://shopify/Product/8582660882727;Anel Lifestyle | Ouro Branco 18K Com Ródio Negro, Diamantes E Esmeralda;67;13;2;AN03026;AN03026-13;gid://shopify/ProductVariant/46393482641703;5.0;0.0;True;False
gid://shopify/ProductVariant/46393482674471;AN03026-14;14;7500.0;6500.0;5;gid://shopify/Product/8582660882727;Anel Lifestyle | Ouro Branco 18K Com Ródio Negro, Diamantes E Esmeralda;67;13;2;AN03026;AN03026-14;gid://shopify/ProductVariant/46393482674471;5.0;0.0;True;False
gid://shopify/ProductVariant/46393482707239;AN03026-15;15;7500.0;6500.0;5;gid://shopify/Product/8582660882727;Anel Lifestyle | Ouro Branco 18K Com Ródio Negro, Diamantes E Esmeralda;67;13;2;AN03026;AN03026-15;gid://shopify/ProductVariant/46393482707239;5.0;0.0;True;False
gid://shopify/ProductVariant/46393482740007;AN03026-16;16;7500.0;6500.0;6;gid://shopify/Product/8582660882727;Anel Lifestyle | Ouro Branco 18K Com Ródio Negro, Diamantes E Esmeralda;67;13;2;AN03026;AN03026-16;gid://shopify/ProductVariant/46393482740007;5.0;0.0;True;True
gid://shopify/ProductVariant/46393482772775;AN03026-17;17;7500.0;6500.0;6;gid://shopify/Product/8582660882727;Anel Lifestyle | Ouro Branco 18K Com Ródio Negro, Diamantes E Esmeralda;67;13;2;AN03026;AN03026-17;gid://shopify/ProductVariant/46393482772775;5.0;0.0;True;True
gid://shopify/ProductVariant/46393482805543;AN03026-18;18;7500.0;6500.0;5;gid://shopify/Product/8582660882727;Anel Lifestyle | Ouro Branco 18K Com Ródio Negro, Diamantes E Esmeralda;67;13;2;AN03026;AN03026-18;gid://shopify/ProductVariant/46393482805543;5.0;0.0;True;False
gid://shopify/ProductVariant/46393482838311;AN03026-19;19;7500.0;6500.0;5;gid://shopify/Product/8582660882727;Anel Lifestyle | Ouro Branco 18K Com Ródio Negro, Diamantes E Esmeralda;67;13;2;AN03026;AN03026-19;gid://shopify/ProductVariant/46393482838311;5.0;0.0;True;False
gid://shopify/ProductVariant/46393482871079;AN03026-20;20;7500.0;6500.0;5;gid://shopify/Product/8582660882727;Anel Lifestyle | Ouro Branco 18K Com Ródio Negro, Diamantes E Esmeralda;67;13;2;AN03026;AN03026-20;gid://shopify/ProductVariant/46393482871079;5.0;0.0;True;False
gid://shopify/ProductVariant/46393482903847;AN03026-21;21;7500.0;6500.0;5;gid://shopify/Product/8582660882727;Anel Lifestyle | Ouro Branco 18K Com Ródio Negro, Diamantes E Esmeralda;67;13;2;AN03026;AN03026-21;gid://shopify/ProductVariant/46393482903847;5.0;0.0;True;False
gid://shopify/ProductVariant/46393482936615;AN03026-22;22;7500.0;6500.0;5;gid://shopify/Product/8582660882727;Anel Lifestyle | Ouro Branco 18K Com Ródio Negro, Diamantes E Esmeralda;67;13;2;AN03026;AN03026-22;gid://shopify/ProductVariant/46393482936615;5.0;0.0;True;False
gid://shopify/ProductVariant/46393483297063;AN03030-10;10;8900.0;8900.0;5;gid://shopify/Product/8582660981031;Anel Lifestyle | Ouro Branco 18K Com Ródio Negro E Diamantes;66;13;2;AN03030;AN03030-10;gid://shopify/ProductVariant/46393483297063;5.0;0.0;True;False
gid://shopify/ProductVariant/46393483329831;AN03030-11;11;8900.0;8900.0;5;gid://shopify/Product/8582660981031;Anel Lifestyle | Ouro Branco 18K Com Ródio Negro E Diamantes;66;13;2;AN03030;AN03030-11;gid://shopify/ProductVariant/46393483329831;5.0;0.0;True;False
gid://shopify/ProductVariant/46393483362599;AN03030-12;12;8900.0;8900.0;5;gid://shopify/Product/8582660981031;Anel Lifestyle | Ouro Branco 18K Com Ródio Negro E Diamantes;66;13;2;AN03030;AN03030-12;gid://shopify/ProductVariant/46393483362599;5.0;0.0;True;False
gid://shopify/ProductVariant/46393483395367;AN03030-13;13;8900.0;8900.0;5;gid://shopify/Product/8582660981031;Anel Lifestyle | Ouro Branco 18K Com Ródio Negro E Diamantes;66;13;2;AN03030;AN03030-13;gid://shopify/ProductVariant/46393483395367;5.0;0.0;True;False
gid://shopify/ProductVariant/46393483428135;AN03030-14;14;8900.0;8900.0;5;gid://shopify/Product/8582660981031;Anel Lifestyle | Ouro Branco 18K Com Ródio Negro E Diamantes;66;13;2;AN03030;AN03030-14;gid://shopify/ProductVariant/46393483428135;5.0;0.0;True;False
gid://shopify/ProductVariant/46393483460903;AN03030-15;15;8900.0;8900.0;5;gid://shopify/Product/8582660981031;Anel Lifestyle | Ouro Branco 18K Com Ródio Negro E Diamantes;66;13;2;AN03030;AN03030-15;gid://shopify/ProductVariant/46393483460903;5.0;0.0;True;False
gid://shopify/ProductVariant/46393483493671;AN03030-16;16;8900.0;8900.0;6;gid://shopify/Product/8582660981031;Anel Lifestyle | Ouro Branco 18K Com Ródio Negro E Diamantes;66;13;2;AN03030;AN03030-16;gid://shopify/ProductVariant/46393483493671;5.0;0.0;True;True
gid://shopify/ProductVariant/46393483526439;AN03030-17;17;8900.0;8900.0;5;gid://shopify/Product/8582660981031;Anel Lifestyle | Ouro Branco 18K Com Ródio Negro E Diamantes;66;13;2;AN03030;AN03030-17;gid://shopify/ProductVariant/46393483526439;5.0;0.0;True;False
gid://shopify/ProductVariant/46393483559207;AN03030-18;18;8900.0;8900.0;5;gid://shopify/Product/8582660981031;Anel Lifestyle | Ouro Branco 18K Com Ródio Negro E Diamantes;66;13;2;AN03030;AN03030-18;gid://shopify/ProductVariant/46393483559207;5.0;0.0;True;False
gid://shopify/ProductVariant/46393483591975;AN03030-19;19;8900.0;8900.0;5;gid://shopify/Product/8582660981031;Anel Lifestyle | Ouro Branco 18K Com Ródio Negro E Diamantes;66;13;2;AN03030;AN03030-19;gid://shopify/ProductVariant/46393483591975;5.0;0.0;True;False
gid://shopify/ProductVariant/46393483624743;AN03030-20;20;8900.0;8900.0;5;gid://shopify/Product/8582660981031;Anel Lifestyle | Ouro Branco 18K Com Ródio Negro E Diamantes;66;13;2;AN03030;AN03030-20;gid://shopify/ProductVariant/46393483624743;5.0;0.0;True;False
gid://shopify/ProductVariant/46393483657511;AN03030-21;21;8900.0;8900.0;5;gid://shopify/Product/8582660981031;Anel Lifestyle | Ouro Branco 18K Com Ródio Negro E Diamantes;66;13;2;AN03030;AN03030-21;gid://shopify/ProductVariant/46393483657511;5.0;0.0;True;False
gid://shopify/ProductVariant/46393483690279;AN03030-22;22;8900.0;8900.0;5;gid://shopify/Product/8582660981031;Anel Lifestyle | Ouro Branco 18K Com Ródio Negro E Diamantes;66;13;2;AN03030;AN03030-22;gid://shopify/ProductVariant/46393483690279;5.0;0.0;True;False
gid://shopify/ProductVariant/46393484247335;AN03033-10;10;8500.0;7100.0;5;gid://shopify/Product/8582661079335;Anel Lifestyle | Ouro Branco 18K Com Ródio Negro E Diamantes Negros;65;13;2;AN03033;AN03033-10;gid://shopify/ProductVariant/46393484247335;5.0;0.0;True;False
gid://shopify/ProductVariant/46393484280103;AN03033-11;11;8500.0;7100.0;5;gid://shopify/Product/8582661079335;Anel Lifestyle | Ouro Branco 18K Com Ródio Negro E Diamantes Negros;65;13;2;AN03033;AN03033-11;gid://shopify/ProductVariant/46393484280103;5.0;0.0;True;False
gid://shopify/ProductVariant/46393484312871;AN03033-12;12;8500.0;7100.0;5;gid://shopify/Product/8582661079335;Anel Lifestyle | Ouro Branco 18K Com Ródio Negro E Diamantes Negros;65;13;2;AN03033;AN03033-12;gid://shopify/ProductVariant/46393484312871;5.0;0.0;True;False
gid://shopify/ProductVariant/46393484345639;AN03033-13;13;8500.0;7100.0;5;gid://shopify/Product/8582661079335;Anel Lifestyle | Ouro Branco 18K Com Ródio Negro E Diamantes Negros;65;13;2;AN03033;AN03033-13;gid://shopify/ProductVariant/46393484345639;5.0;0.0;True;False
gid://shopify/ProductVariant/46393484378407;AN03033-14;14;8500.0;7100.0;5;gid://shopify/Product/8582661079335;Anel Lifestyle | Ouro Branco 18K Com Ródio Negro E Diamantes Negros;65;13;2;AN03033;AN03033-14;gid://shopify/ProductVariant/46393484378407;5.0;0.0;True;False
gid://shopify/ProductVariant/46393484411175;AN03033-15;15;8500.0;7100.0;5;gid://shopify/Product/8582661079335;Anel Lifestyle | Ouro Branco 18K Com Ródio Negro E Diamantes Negros;65;13;2;AN03033;AN03033-15;gid://shopify/ProductVariant/46393484411175;5.0;0.0;True;False
gid://shopify/ProductVariant/46393484443943;AN03033-16;16;8500.0;7100.0;5;gid://shopify/Product/8582661079335;Anel Lifestyle | Ouro Branco 18K Com Ródio Negro E Diamantes Negros;65;13;2;AN03033;AN03033-16;gid://shopify/ProductVariant/46393484443943;5.0;0.0;True;False
gid://shopify/ProductVariant/46393484476711;AN03033-17;17;8500.0;7100.0;5;gid://shopify/Product/8582661079335;Anel Lifestyle | Ouro Branco 18K Com Ródio Negro E Diamantes Negros;65;13;2;AN03033;AN03033-17;gid://shopify/ProductVariant/46393484476711;5.0;0.0;True;False
gid://shopify/ProductVariant/46393484509479;AN03033-18;18;8500.0;7100.0;5;gid://shopify/Product/8582661079335;Anel Lifestyle | Ouro Branco 18K Com Ródio Negro E Diamantes Negros;65;13;2;AN03033;AN03033-18;gid://shopify/ProductVariant/46393484509479;5.0;0.0;True;False
gid://shopify/ProductVariant/46393484542247;AN03033-19;19;8500.0;7100.0;5;gid://shopify/Product/8582661079335;Anel Lifestyle | Ouro Branco 18K Com Ródio Negro E Diamantes Negros;65;13;2;AN03033;AN03033-19;gid://shopify/ProductVariant/46393484542247;5.0;0.0;True;False
gid://shopify/ProductVariant/46393484575015;AN03033-20;20;8500.0;7100.0;5;gid://shopify/Product/8582661079335;Anel Lifestyle | Ouro Branco 18K Com Ródio Negro E Diamantes Negros;65;13;2;AN03033;AN03033-20;gid://shopify/ProductVariant/46393484575015;5.0;0.0;True;False
gid://shopify/ProductVariant/46393484607783;AN03033-21;21;8500.0;7100.0;5;gid://shopify/Product/8582661079335;Anel Lifestyle | Ouro Branco 18K Com Ródio Negro E Diamantes Negros;65;13;2;AN03033;AN03033-21;gid://shopify/ProductVariant/46393484607783;5.0;0.0;True;False
gid://shopify/ProductVariant/46393484640551;AN03033-22;22;8500.0;7100.0;5;gid://shopify/Product/8582661079335;Anel Lifestyle | Ouro Branco 18K Com Ródio Negro E Diamantes Negros;65;13;2;AN03033;AN03033-22;gid://shopify/ProductVariant/46393484640551;5.0;0.0;True;False
gid://shopify/ProductVariant/46393484706087;AN03027-10;10;20500.0;17500.0;0;gid://shopify/Product/8582661144871;Anel Lifestyle - G | Ouro Branco 18K E Diamantes;1;13;2;AN03027;AN03027-10;gid://shopify/ProductVariant/46393484706087;0.0;0.0;False;False
gid://shopify/ProductVariant/46393484738855;AN03027-11;11;20500.0;17500.0;0;gid://shopify/Product/8582661144871;Anel Lifestyle - G | Ouro Branco 18K E Diamantes;1;13;2;AN03027;AN03027-11;gid://shopify/ProductVariant/46393484738855;0.0;0.0;False;False
gid://shopify/ProductVariant/46393484771623;AN03027-12;12;20500.0;17500.0;0;gid://shopify/Product/8582661144871;Anel Lifestyle - G | Ouro Branco 18K E Diamantes;1;13;2;AN03027;AN03027-12;gid://shopify/ProductVariant/46393484771623;0.0;0.0;False;False
gid://shopify/ProductVariant/46393484804391;AN03027-13;13;20500.0;17500.0;0;gid://shopify/Product/8582661144871;Anel Lifestyle - G | Ouro Branco 18K E Diamantes;1;13;2;AN03027;AN03027-13;gid://shopify/ProductVariant/46393484804391;0.0;0.0;False;False
gid://shopify/ProductVariant/46393484837159;AN03027-14;14;20500.0;17500.0;0;gid://shopify/Product/8582661144871;Anel Lifestyle - G | Ouro Branco 18K E Diamantes;1;13;2;AN03027;AN03027-14;gid://shopify/ProductVariant/46393484837159;0.0;0.0;False;False
gid://shopify/ProductVariant/46393484869927;AN03027-15;15;20500.0;17500.0;0;gid://shopify/Product/8582661144871;Anel Lifestyle - G | Ouro Branco 18K E Diamantes;1;13;2;AN03027;AN03027-15;gid://shopify/ProductVariant/46393484869927;0.0;0.0;False;False
gid://shopify/ProductVariant/46393484902695;AN03027-16;16;20500.0;17500.0;0;gid://shopify/Product/8582661144871;Anel Lifestyle - G | Ouro Branco 18K E Diamantes;1;13;2;AN03027;AN03027-16;gid://shopify/ProductVariant/46393484902695;0.0;0.0;False;False
gid://shopify/ProductVariant/46393484935463;AN03027-17;17;20500.0;17500.0;1;gid://shopify/Product/8582661144871;Anel Lifestyle - G | Ouro Branco 18K E Diamantes;1;13;2;AN03027;AN03027-17;gid://shopify/ProductVariant/46393484935463;0.0;0.0;False;True
gid://shopify/ProductVariant/46393484968231;AN03027-18;18;20500.0;17500.0;0;gid://shopify/Product/8582661144871;Anel Lifestyle - G | Ouro Branco 18K E Diamantes;1;13;2;AN03027;AN03027-18;gid://shopify/ProductVariant/46393484968231;0.0;0.0;False;False
gid://shopify/ProductVariant/46393485000999;AN03027-19;19;20500.0;17500.0;0;gid://shopify/Product/8582661144871;Anel Lifestyle - G | Ouro Branco 18K E Diamantes;1;13;2;AN03027;AN03027-19;gid://shopify/ProductVariant/46393485000999;0.0;0.0;False;False
gid://shopify/ProductVariant/46393485033767;AN03027-20;20;20500.0;17500.0;0;gid://shopify/Product/8582661144871;Anel Lifestyle - G | Ouro Branco 18K E Diamantes;1;13;2;AN03027;AN03027-20;gid://shopify/ProductVariant/46393485033767;0.0;0.0;False;False
gid://shopify/ProductVariant/46393485066535;AN03027-21;21;20500.0;17500.0;0;gid://shopify/Product/8582661144871;Anel Lifestyle - G | Ouro Branco 18K E Diamantes;1;13;2;AN03027;AN03027-21;gid://shopify/ProductVariant/46393485066535;0.0;0.0;False;False
gid://shopify/ProductVariant/46393485099303;AN03027-22;22;20500.0;17500.0;0;gid://shopify/Product/8582661144871;Anel Lifestyle - G | Ouro Branco 18K E Diamantes;1;13;2;AN03027;AN03027-22;gid://shopify/ProductVariant/46393485099303;0.0;0.0;False;False
gid://shopify/ProductVariant/46393485230375;AN03029-10;10;9900.0;8500.0;5;gid://shopify/Product/8582661210407;Anel Lifestyle | Ouro Branco 18K E Diamantes;65;13;2;AN03029;AN03029-10;gid://shopify/ProductVariant/46393485230375;5.0;0.0;True;False
gid://shopify/ProductVariant/46393485263143;AN03029-11;11;9900.0;8500.0;5;gid://shopify/Product/8582661210407;Anel Lifestyle | Ouro Branco 18K E Diamantes;65;13;2;AN03029;AN03029-11;gid://shopify/ProductVariant/46393485263143;5.0;0.0;True;False
gid://shopify/ProductVariant/46393485295911;AN03029-12;12;9900.0;8500.0;5;gid://shopify/Product/8582661210407;Anel Lifestyle | Ouro Branco 18K E Diamantes;65;13;2;AN03029;AN03029-12;gid://shopify/ProductVariant/46393485295911;5.0;0.0;True;False
gid://shopify/ProductVariant/46393485328679;AN03029-13;13;9900.0;8500.0;5;gid://shopify/Product/8582661210407;Anel Lifestyle | Ouro Branco 18K E Diamantes;65;13;2;AN03029;AN03029-13;gid://shopify/ProductVariant/46393485328679;5.0;0.0;True;False
gid://shopify/ProductVariant/46393485361447;AN03029-14;14;9900.0;8500.0;5;gid://shopify/Product/8582661210407;Anel Lifestyle | Ouro Branco 18K E Diamantes;65;13;2;AN03029;AN03029-14;gid://shopify/ProductVariant/46393485361447;5.0;0.0;True;False
gid://shopify/ProductVariant/46393485394215;AN03029-15;15;9900.0;8500.0;5;gid://shopify/Product/8582661210407;Anel Lifestyle | Ouro Branco 18K E Diamantes;65;13;2;AN03029;AN03029-15;gid://shopify/ProductVariant/46393485394215;5.0;0.0;True;False
gid://shopify/ProductVariant/46393485426983;AN03029-16;16;9900.0;8500.0;5;gid://shopify/Product/8582661210407;Anel Lifestyle | Ouro Branco 18K E Diamantes;65;13;2;AN03029;AN03029-16;gid://shopify/ProductVariant/46393485426983;5.0;0.0;True;False
gid://shopify/ProductVariant/46393485459751;AN03029-17;17;9900.0;8500.0;5;gid://shopify/Product/8582661210407;Anel Lifestyle | Ouro Branco 18K E Diamantes;65;13;2;AN03029;AN03029-17;gid://shopify/ProductVariant/46393485459751;5.0;0.0;True;False
gid://shopify/ProductVariant/46393485492519;AN03029-18;18;9900.0;8500.0;5;gid://shopify/Product/8582661210407;Anel Lifestyle | Ouro Branco 18K E Diamantes;65;13;2;AN03029;AN03029-18;gid://shopify/ProductVariant/46393485492519;5.0;0.0;True;False
gid://shopify/ProductVariant/46393485525287;AN03029-19;19;9900.0;8500.0;5;gid://shopify/Product/8582661210407;Anel Lifestyle | Ouro Branco 18K E Diamantes;65;13;2;AN03029;AN03029-19;gid://shopify/ProductVariant/46393485525287;5.0;0.0;True;False
gid://shopify/ProductVariant/46393485558055;AN03029-20;20;9900.0;8500.0;5;gid://shopify/Product/8582661210407;Anel Lifestyle | Ouro Branco 18K E Diamantes;65;13;2;AN03029;AN03029-20;gid://shopify/ProductVariant/46393485558055;5.0;0.0;True;False
gid://shopify/ProductVariant/46393485590823;AN03029-21;21;9900.0;8500.0;5;gid://shopify/Product/8582661210407;Anel Lifestyle | Ouro Branco 18K E Diamantes;65;13;2;AN03029;AN03029-21;gid://shopify/ProductVariant/46393485590823;5.0;0.0;True;False
gid://shopify/ProductVariant/46393485623591;AN03029-22;22;9900.0;8500.0;5;gid://shopify/Product/8582661210407;Anel Lifestyle | Ouro Branco 18K E Diamantes;65;13;2;AN03029;AN03029-22;gid://shopify/ProductVariant/46393485623591;5.0;0.0;True;False
gid://shopify/ProductVariant/46393486115111;AN03031-10;10;26500.0;17000.0;5;gid://shopify/Product/8582661308711;Anel Lifestyle | Ouro Branco 18K E Diamantes;66;13;2;AN03031;AN03031-10;gid://shopify/ProductVariant/46393486115111;5.0;0.0;True;False
gid://shopify/ProductVariant/46393486147879;AN03031-11;11;26500.0;17000.0;5;gid://shopify/Product/8582661308711;Anel Lifestyle | Ouro Branco 18K E Diamantes;66;13;2;AN03031;AN03031-11;gid://shopify/ProductVariant/46393486147879;5.0;0.0;True;False
gid://shopify/ProductVariant/46393486180647;AN03031-12;12;26500.0;17000.0;5;gid://shopify/Product/8582661308711;Anel Lifestyle | Ouro Branco 18K E Diamantes;66;13;2;AN03031;AN03031-12;gid://shopify/ProductVariant/46393486180647;5.0;0.0;True;False
gid://shopify/ProductVariant/46393486213415;AN03031-13;13;26500.0;17000.0;5;gid://shopify/Product/8582661308711;Anel Lifestyle | Ouro Branco 18K E Diamantes;66;13;2;AN03031;AN03031-13;gid://shopify/ProductVariant/46393486213415;5.0;0.0;True;False
gid://shopify/ProductVariant/46393486246183;AN03031-14;14;26500.0;17000.0;5;gid://shopify/Product/8582661308711;Anel Lifestyle | Ouro Branco 18K E Diamantes;66;13;2;AN03031;AN03031-14;gid://shopify/ProductVariant/46393486246183;5.0;0.0;True;False
gid://shopify/ProductVariant/46393486278951;AN03031-15;15;26500.0;17000.0;5;gid://shopify/Product/8582661308711;Anel Lifestyle | Ouro Branco 18K E Diamantes;66;13;2;AN03031;AN03031-15;gid://shopify/ProductVariant/46393486278951;5.0;0.0;True;False
gid://shopify/ProductVariant/46393486311719;AN03031-16;16;26500.0;17000.0;5;gid://shopify/Product/8582661308711;Anel Lifestyle | Ouro Branco 18K E Diamantes;66;13;2;AN03031;AN03031-16;gid://shopify/ProductVariant/46393486311719;5.0;0.0;True;False
gid://shopify/ProductVariant/46393486344487;AN03031-17;17;26500.0;17000.0;6;gid://shopify/Product/8582661308711;Anel Lifestyle | Ouro Branco 18K E Diamantes;66;13;2;AN03031;AN03031-17;gid://shopify/ProductVariant/46393486344487;5.0;0.0;True;True
gid://shopify/ProductVariant/46393486377255;AN03031-18;18;26500.0;17000.0;5;gid://shopify/Product/8582661308711;Anel Lifestyle | Ouro Branco 18K E Diamantes;66;13;2;AN03031;AN03031-18;gid://shopify/ProductVariant/46393486377255;5.0;0.0;True;False
gid://shopify/ProductVariant/46393486410023;AN03031-19;19;26500.0;17000.0;5;gid://shopify/Product/8582661308711;Anel Lifestyle | Ouro Branco 18K E Diamantes;66;13;2;AN03031;AN03031-19;gid://shopify/ProductVariant/46393486410023;5.0;0.0;True;False
gid://shopify/ProductVariant/46393486442791;AN03031-20;20;26500.0;17000.0;5;gid://shopify/Product/8582661308711;Anel Lifestyle | Ouro Branco 18K E Diamantes;66;13;2;AN03031;AN03031-20;gid://shopify/ProductVariant/46393486442791;5.0;0.0;True;False
gid://shopify/ProductVariant/46393486475559;AN03031-21;21;26500.0;17000.0;5;gid://shopify/Product/8582661308711;Anel Lifestyle | Ouro Branco 18K E Diamantes;66;13;2;AN03031;AN03031-21;gid://shopify/ProductVariant/46393486475559;5.0;0.0;True;False
gid://shopify/ProductVariant/46393486508327;AN03031-22;22;26500.0;17000.0;5;gid://shopify/Product/8582661308711;Anel Lifestyle | Ouro Branco 18K E Diamantes;66;13;2;AN03031;AN03031-22;gid://shopify/ProductVariant/46393486508327;5.0;0.0;True;False
gid://shopify/ProductVariant/46393486541095;AN03028-10;10;7900.0;5900.0;5;gid://shopify/Product/8582661341479;Anel Lifestyle | Ouro Amarelo 18K;66;13;2;AN03028;AN03028-10;gid://shopify/ProductVariant/46393486541095;5.0;0.0;True;False
gid://shopify/ProductVariant/46393486573863;AN03028-11;11;7900.0;5900.0;5;gid://shopify/Product/8582661341479;Anel Lifestyle | Ouro Amarelo 18K;66;13;2;AN03028;AN03028-11;gid://shopify/ProductVariant/46393486573863;5.0;0.0;True;False
gid://shopify/ProductVariant/46393486606631;AN03028-12;12;7900.0;5900.0;5;gid://shopify/Product/8582661341479;Anel Lifestyle | Ouro Amarelo 18K;66;13;2;AN03028;AN03028-12;gid://shopify/ProductVariant/46393486606631;5.0;0.0;True;False
gid://shopify/ProductVariant/46393486639399;AN03028-13;13;7900.0;5900.0;5;gid://shopify/Product/8582661341479;Anel Lifestyle | Ouro Amarelo 18K;66;13;2;AN03028;AN03028-13;gid://shopify/ProductVariant/46393486639399;5.0;0.0;True;False
gid://shopify/ProductVariant/46393486672167;AN03028-14;14;7900.0;5900.0;5;gid://shopify/Product/8582661341479;Anel Lifestyle | Ouro Amarelo 18K;66;13;2;AN03028;AN03028-14;gid://shopify/ProductVariant/46393486672167;5.0;0.0;True;False
gid://shopify/ProductVariant/46393486704935;AN03028-15;15;7900.0;5900.0;5;gid://shopify/Product/8582661341479;Anel Lifestyle | Ouro Amarelo 18K;66;13;2;AN03028;AN03028-15;gid://shopify/ProductVariant/46393486704935;5.0;0.0;True;False
gid://shopify/ProductVariant/46393486737703;AN03028-16;16;7900.0;5900.0;5;gid://shopify/Product/8582661341479;Anel Lifestyle | Ouro Amarelo 18K;66;13;2;AN03028;AN03028-16;gid://shopify/ProductVariant/46393486737703;5.0;0.0;True;False
gid://shopify/ProductVariant/46393486770471;AN03028-17;17;7900.0;5900.0;6;gid://shopify/Product/8582661341479;Anel Lifestyle | Ouro Amarelo 18K;66;13;2;AN03028;AN03028-17;gid://shopify/ProductVariant/46393486770471;5.0;0.0;True;True
gid://shopify/ProductVariant/46393486803239;AN03028-18;18;7900.0;5900.0;5;gid://shopify/Product/8582661341479;Anel Lifestyle | Ouro Amarelo 18K;66;13;2;AN03028;AN03028-18;gid://shopify/ProductVariant/46393486803239;5.0;0.0;True;False
gid://shopify/ProductVariant/46393486836007;AN03028-19;19;7900.0;5900.0;5;gid://shopify/Product/8582661341479;Anel Lifestyle | Ouro Amarelo 18K;66;13;2;AN03028;AN03028-19;gid://shopify/ProductVariant/46393486836007;5.0;0.0;True;False
gid://shopify/ProductVariant/46393486868775;AN03028-20;20;7900.0;5900.0;5;gid://shopify/Product/8582661341479;Anel Lifestyle | Ouro Amarelo 18K;66;13;2;AN03028;AN03028-20;gid://shopify/ProductVariant/46393486868775;5.0;0.0;True;False
gid://shopify/ProductVariant/46393486901543;AN03028-21;21;7900.0;5900.0;5;gid://shopify/Product/8582661341479;Anel Lifestyle | Ouro Amarelo 18K;66;13;2;AN03028;AN03028-21;gid://shopify/ProductVariant/46393486901543;5.0;0.0;True;False
gid://shopify/ProductVariant/46393486934311;AN03028-22;22;7900.0;5900.0;5;gid://shopify/Product/8582661341479;Anel Lifestyle | Ouro Amarelo 18K;66;13;2;AN03028;AN03028-22;gid://shopify/ProductVariant/46393486934311;5.0;0.0;True;False
gid://shopify/ProductVariant/46393487130919;AN02823-10;10;8500.0;8500.0;0;gid://shopify/Product/8582661407015;Anel Love NY | Ouro Branco 18K Com Ródio Negro E Diamantes;0;13;3;AN02823;AN02823-10;gid://shopify/ProductVariant/46393487130919;0.0;0.0;False;False
gid://shopify/ProductVariant/46393487163687;AN02823-11;11;8500.0;8500.0;0;gid://shopify/Product/8582661407015;Anel Love NY | Ouro Branco 18K Com Ródio Negro E Diamantes;0;13;3;AN02823;AN02823-11;gid://shopify/ProductVariant/46393487163687;0.0;0.0;False;False
gid://shopify/ProductVariant/46393487196455;AN02823-12;12;8500.0;8500.0;0;gid://shopify/Product/8582661407015;Anel Love NY | Ouro Branco 18K Com Ródio Negro E Diamantes;0;13;3;AN02823;AN02823-12;gid://shopify/ProductVariant/46393487196455;0.0;0.0;False;False
gid://shopify/ProductVariant/46393487229223;AN02823-13;13;8500.0;8500.0;0;gid://shopify/Product/8582661407015;Anel Love NY | Ouro Branco 18K Com Ródio Negro E Diamantes;0;13;3;AN02823;AN02823-13;gid://shopify/ProductVariant/46393487229223;0.0;0.0;False;False
gid://shopify/ProductVariant/46393487261991;AN02823-14;14;8500.0;8500.0;0;gid://shopify/Product/8582661407015;Anel Love NY | Ouro Branco 18K Com Ródio Negro E Diamantes;0;13;3;AN02823;AN02823-14;gid://shopify/ProductVariant/46393487261991;0.0;0.0;False;False
gid://shopify/ProductVariant/46393487294759;AN02823-15;15;8500.0;8500.0;0;gid://shopify/Product/8582661407015;Anel Love NY | Ouro Branco 18K Com Ródio Negro E Diamantes;0;13;3;AN02823;AN02823-15;gid://shopify/ProductVariant/46393487294759;0.0;0.0;False;False
gid://shopify/ProductVariant/46393487327527;AN02823-16;16;8500.0;8500.0;0;gid://shopify/Product/8582661407015;Anel Love NY | Ouro Branco 18K Com Ródio Negro E Diamantes;0;13;3;AN02823;AN02823-16;gid://shopify/ProductVariant/46393487327527;0.0;0.0;False;False
gid://shopify/ProductVariant/46393487360295;AN02823-17;17;8500.0;8500.0;0;gid://shopify/Product/8582661407015;Anel Love NY | Ouro Branco 18K Com Ródio Negro E Diamantes;0;13;3;AN02823;AN02823-17;gid://shopify/ProductVariant/46393487360295;0.0;0.0;False;False
gid://shopify/ProductVariant/46393487393063;AN02823-18;18;8500.0;8500.0;0;gid://shopify/Product/8582661407015;Anel Love NY | Ouro Branco 18K Com Ródio Negro E Diamantes;0;13;3;AN02823;AN02823-18;gid://shopify/ProductVariant/46393487393063;0.0;0.0;False;False
gid://shopify/ProductVariant/46393487425831;AN02823-19;19;8500.0;8500.0;0;gid://shopify/Product/8582661407015;Anel Love NY | Ouro Branco 18K Com Ródio Negro E Diamantes;0;13;3;AN02823;AN02823-19;gid://shopify/ProductVariant/46393487425831;0.0;0.0;False;False
gid://shopify/ProductVariant/46393487458599;AN02823-20;20;8500.0;8500.0;0;gid://shopify/Product/8582661407015;Anel Love NY | Ouro Branco 18K Com Ródio Negro E Diamantes;0;13;3;AN02823;AN02823-20;gid://shopify/ProductVariant/46393487458599;0.0;0.0;False;False
gid://shopify/ProductVariant/46393487491367;AN02823-21;21;8500.0;8500.0;0;gid://shopify/Product/8582661407015;Anel Love NY | Ouro Branco 18K Com Ródio Negro E Diamantes;0;13;3;AN02823;AN02823-21;gid://shopify/ProductVariant/46393487491367;0.0;0.0;False;False
gid://shopify/ProductVariant/46393487524135;AN02823-22;22;8500.0;8500.0;0;gid://shopify/Product/8582661407015;Anel Love NY | Ouro Branco 18K Com Ródio Negro E Diamantes;0;13;3;AN02823;AN02823-22;gid://shopify/ProductVariant/46393487524135;0.0;0.0;False;False
gid://shopify/ProductVariant/46393487687975;AN02824-10;10;11500.0;9800.0;5;gid://shopify/Product/8582661472551;Anel Love Ny | Ouro Branco 18K E Diamantes;65;13;3;AN02824;AN02824-10;gid://shopify/ProductVariant/46393487687975;5.0;0.0;True;False
gid://shopify/ProductVariant/46393487720743;AN02824-11;11;11500.0;9800.0;5;gid://shopify/Product/8582661472551;Anel Love Ny | Ouro Branco 18K E Diamantes;65;13;3;AN02824;AN02824-11;gid://shopify/ProductVariant/46393487720743;5.0;0.0;True;False
gid://shopify/ProductVariant/46393487753511;AN02824-12;12;11500.0;9800.0;5;gid://shopify/Product/8582661472551;Anel Love Ny | Ouro Branco 18K E Diamantes;65;13;3;AN02824;AN02824-12;gid://shopify/ProductVariant/46393487753511;5.0;0.0;True;False
gid://shopify/ProductVariant/46393487786279;AN02824-13;13;11500.0;9800.0;5;gid://shopify/Product/8582661472551;Anel Love Ny | Ouro Branco 18K E Diamantes;65;13;3;AN02824;AN02824-13;gid://shopify/ProductVariant/46393487786279;5.0;0.0;True;False
gid://shopify/ProductVariant/46393487819047;AN02824-14;14;11500.0;9800.0;5;gid://shopify/Product/8582661472551;Anel Love Ny | Ouro Branco 18K E Diamantes;65;13;3;AN02824;AN02824-14;gid://shopify/ProductVariant/46393487819047;5.0;0.0;True;False
gid://shopify/ProductVariant/46393487851815;AN02824-15;15;11500.0;9800.0;5;gid://shopify/Product/8582661472551;Anel Love Ny | Ouro Branco 18K E Diamantes;65;13;3;AN02824;AN02824-15;gid://shopify/ProductVariant/46393487851815;5.0;0.0;True;False
gid://shopify/ProductVariant/46393487884583;AN02824-16;16;11500.0;9800.0;5;gid://shopify/Product/8582661472551;Anel Love Ny | Ouro Branco 18K E Diamantes;65;13;3;AN02824;AN02824-16;gid://shopify/ProductVariant/46393487884583;5.0;0.0;True;False
gid://shopify/ProductVariant/46393487917351;AN02824-17;17;11500.0;9800.0;5;gid://shopify/Product/8582661472551;Anel Love Ny | Ouro Branco 18K E Diamantes;65;13;3;AN02824;AN02824-17;gid://shopify/ProductVariant/46393487917351;5.0;0.0;True;False
gid://shopify/ProductVariant/46393487950119;AN02824-18;18;11500.0;9800.0;5;gid://shopify/Product/8582661472551;Anel Love Ny | Ouro Branco 18K E Diamantes;65;13;3;AN02824;AN02824-18;gid://shopify/ProductVariant/46393487950119;5.0;0.0;True;False
gid://shopify/ProductVariant/46393487982887;AN02824-19;19;11500.0;9800.0;5;gid://shopify/Product/8582661472551;Anel Love Ny | Ouro Branco 18K E Diamantes;65;13;3;AN02824;AN02824-19;gid://shopify/ProductVariant/46393487982887;5.0;0.0;True;False
gid://shopify/ProductVariant/46393488015655;AN02824-20;20;11500.0;9800.0;5;gid://shopify/Product/8582661472551;Anel Love Ny | Ouro Branco 18K E Diamantes;65;13;3;AN02824;AN02824-20;gid://shopify/ProductVariant/46393488015655;5.0;0.0;True;False
gid://shopify/ProductVariant/46393488048423;AN02824-21;21;11500.0;9800.0;5;gid://shopify/Product/8582661472551;Anel Love Ny | Ouro Branco 18K E Diamantes;65;13;3;AN02824;AN02824-21;gid://shopify/ProductVariant/46393488048423;5.0;0.0;True;False
gid://shopify/ProductVariant/46393488081191;AN02824-22;22;11500.0;9800.0;5;gid://shopify/Product/8582661472551;Anel Love Ny | Ouro Branco 18K E Diamantes;65;13;3;AN02824;AN02824-22;gid://shopify/ProductVariant/46393488081191;5.0;0.0;True;False
gid://shopify/ProductVariant/46393488146727;AN02815-10;10;7900.0;6800.0;5;gid://shopify/Product/8582661538087;Anel Love Ny | Ouro Amarelo 18K;66;13;3;AN02815;AN02815-10;gid://shopify/ProductVariant/46393488146727;5.0;0.0;True;False
gid://shopify/ProductVariant/46393488179495;AN02815-11;11;7900.0;6800.0;5;gid://shopify/Product/8582661538087;Anel Love Ny | Ouro Amarelo 18K;66;13;3;AN02815;AN02815-11;gid://shopify/ProductVariant/46393488179495;5.0;0.0;True;False
gid://shopify/ProductVariant/46393488212263;AN02815-12;12;7900.0;6800.0;5;gid://shopify/Product/8582661538087;Anel Love Ny | Ouro Amarelo 18K;66;13;3;AN02815;AN02815-12;gid://shopify/ProductVariant/46393488212263;5.0;0.0;True;False
gid://shopify/ProductVariant/46393488245031;AN02815-13;13;7900.0;6800.0;6;gid://shopify/Product/8582661538087;Anel Love Ny | Ouro Amarelo 18K;66;13;3;AN02815;AN02815-13;gid://shopify/ProductVariant/46393488245031;5.0;0.0;True;True
gid://shopify/ProductVariant/46393488277799;AN02815-14;14;7900.0;6800.0;5;gid://shopify/Product/8582661538087;Anel Love Ny | Ouro Amarelo 18K;66;13;3;AN02815;AN02815-14;gid://shopify/ProductVariant/46393488277799;5.0;0.0;True;False
gid://shopify/ProductVariant/46393488310567;AN02815-15;15;7900.0;6800.0;5;gid://shopify/Product/8582661538087;Anel Love Ny | Ouro Amarelo 18K;66;13;3;AN02815;AN02815-15;gid://shopify/ProductVariant/46393488310567;5.0;0.0;True;False
gid://shopify/ProductVariant/46393488343335;AN02815-16;16;7900.0;6800.0;5;gid://shopify/Product/8582661538087;Anel Love Ny | Ouro Amarelo 18K;66;13;3;AN02815;AN02815-16;gid://shopify/ProductVariant/46393488343335;5.0;0.0;True;False
gid://shopify/ProductVariant/46393488376103;AN02815-17;17;7900.0;6800.0;5;gid://shopify/Product/8582661538087;Anel Love Ny | Ouro Amarelo 18K;66;13;3;AN02815;AN02815-17;gid://shopify/ProductVariant/46393488376103;5.0;0.0;True;False
gid://shopify/ProductVariant/46393488408871;AN02815-18;18;7900.0;6800.0;5;gid://shopify/Product/8582661538087;Anel Love Ny | Ouro Amarelo 18K;66;13;3;AN02815;AN02815-18;gid://shopify/ProductVariant/46393488408871;5.0;0.0;True;False
gid://shopify/ProductVariant/46393488441639;AN02815-19;19;7900.0;6800.0;5;gid://shopify/Product/8582661538087;Anel Love Ny | Ouro Amarelo 18K;66;13;3;AN02815;AN02815-19;gid://shopify/ProductVariant/46393488441639;5.0;0.0;True;False
gid://shopify/ProductVariant/46393488474407;AN02815-20;20;7900.0;6800.0;5;gid://shopify/Product/8582661538087;Anel Love Ny | Ouro Amarelo 18K;66;13;3;AN02815;AN02815-20;gid://shopify/ProductVariant/46393488474407;5.0;0.0;True;False
gid://shopify/ProductVariant/46393488507175;AN02815-21;21;7900.0;6800.0;5;gid://shopify/Product/8582661538087;Anel Love Ny | Ouro Amarelo 18K;66;13;3;AN02815;AN02815-21;gid://shopify/ProductVariant/46393488507175;5.0;0.0;True;False
gid://shopify/ProductVariant/46393488539943;AN02815-22;22;7900.0;6800.0;5;gid://shopify/Product/8582661538087;Anel Love Ny | Ouro Amarelo 18K;66;13;3;AN02815;AN02815-22;gid://shopify/ProductVariant/46393488539943;5.0;0.0;True;False
gid://shopify/ProductVariant/46393489260839;AN03585-10;10;1500.0;1500.0;5;gid://shopify/Product/8582661734695;Anel Mare | Prata com Ouro Amarelo 18K e Pérola;71;13;3;AN03585;AN03585-10;gid://shopify/ProductVariant/46393489260839;0.0;5.0;True;False
gid://shopify/ProductVariant/46393489293607;AN03585-11;11;1500.0;1500.0;5;gid://shopify/Product/8582661734695;Anel Mare | Prata com Ouro Amarelo 18K e Pérola;71;13;3;AN03585;AN03585-11;gid://shopify/ProductVariant/46393489293607;0.0;5.0;True;False
gid://shopify/ProductVariant/46393489326375;AN03585-12;12;1500.0;1500.0;6;gid://shopify/Product/8582661734695;Anel Mare | Prata com Ouro Amarelo 18K e Pérola;71;13;3;AN03585;AN03585-12;gid://shopify/ProductVariant/46393489326375;0.0;5.0;True;True
gid://shopify/ProductVariant/46393489359143;AN03585-13;13;1500.0;1500.0;6;gid://shopify/Product/8582661734695;Anel Mare | Prata com Ouro Amarelo 18K e Pérola;71;13;3;AN03585;AN03585-13;gid://shopify/ProductVariant/46393489359143;0.0;5.0;True;True
gid://shopify/ProductVariant/46393489391911;AN03585-14;14;1500.0;1500.0;6;gid://shopify/Product/8582661734695;Anel Mare | Prata com Ouro Amarelo 18K e Pérola;71;13;3;AN03585;AN03585-14;gid://shopify/ProductVariant/46393489391911;0.0;5.0;True;True
gid://shopify/ProductVariant/46393489424679;AN03585-15;15;1500.0;1500.0;6;gid://shopify/Product/8582661734695;Anel Mare | Prata com Ouro Amarelo 18K e Pérola;71;13;3;AN03585;AN03585-15;gid://shopify/ProductVariant/46393489424679;0.0;5.0;True;True
gid://shopify/ProductVariant/46393489457447;AN03585-16;16;1500.0;1500.0;6;gid://shopify/Product/8582661734695;Anel Mare | Prata com Ouro Amarelo 18K e Pérola;71;13;3;AN03585;AN03585-16;gid://shopify/ProductVariant/46393489457447;0.0;5.0;True;True
gid://shopify/ProductVariant/46393489490215;AN03585-17;17;1500.0;1500.0;6;gid://shopify/Product/8582661734695;Anel Mare | Prata com Ouro Amarelo 18K e Pérola;71;13;3;AN03585;AN03585-17;gid://shopify/ProductVariant/46393489490215;0.0;5.0;True;True
gid://shopify/ProductVariant/46393489522983;AN03585-18;18;1500.0;1500.0;5;gid://shopify/Product/8582661734695;Anel Mare | Prata com Ouro Amarelo 18K e Pérola;71;13;3;AN03585;AN03585-18;gid://shopify/ProductVariant/46393489522983;0.0;5.0;True;False
gid://shopify/ProductVariant/46393489555751;AN03585-19;19;1500.0;1500.0;5;gid://shopify/Product/8582661734695;Anel Mare | Prata com Ouro Amarelo 18K e Pérola;71;13;3;AN03585;AN03585-19;gid://shopify/ProductVariant/46393489555751;0.0;5.0;True;False
gid://shopify/ProductVariant/46393489588519;AN03585-20;20;1500.0;1500.0;5;gid://shopify/Product/8582661734695;Anel Mare | Prata com Ouro Amarelo 18K e Pérola;71;13;3;AN03585;AN03585-20;gid://shopify/ProductVariant/46393489588519;0.0;5.0;True;False
gid://shopify/ProductVariant/46393489621287;AN03585-21;21;1500.0;1500.0;5;gid://shopify/Product/8582661734695;Anel Mare | Prata com Ouro Amarelo 18K e Pérola;71;13;3;AN03585;AN03585-21;gid://shopify/ProductVariant/46393489621287;0.0;5.0;True;False
gid://shopify/ProductVariant/46393489654055;AN03585-22;22;1500.0;1500.0;5;gid://shopify/Product/8582661734695;Anel Mare | Prata com Ouro Amarelo 18K e Pérola;71;13;3;AN03585;AN03585-22;gid://shopify/ProductVariant/46393489654055;0.0;5.0;True;False
gid://shopify/ProductVariant/46393489785127;AN03586-10;10;2100.0;2100.0;5;gid://shopify/Product/8582661865767;Anel Mare | Prata com Ouro Amarelo 18K;69;13;3;AN03586;AN03586-10;gid://shopify/ProductVariant/46393489785127;0.0;5.0;True;False
gid://shopify/ProductVariant/46393489817895;AN03586-11;11;2100.0;2100.0;5;gid://shopify/Product/8582661865767;Anel Mare | Prata com Ouro Amarelo 18K;69;13;3;AN03586;AN03586-11;gid://shopify/ProductVariant/46393489817895;0.0;5.0;True;False
gid://shopify/ProductVariant/46393489850663;AN03586-12;12;2100.0;2100.0;5;gid://shopify/Product/8582661865767;Anel Mare | Prata com Ouro Amarelo 18K;69;13;3;AN03586;AN03586-12;gid://shopify/ProductVariant/46393489850663;0.0;5.0;True;False
gid://shopify/ProductVariant/46393489883431;AN03586-13;13;2100.0;2100.0;5;gid://shopify/Product/8582661865767;Anel Mare | Prata com Ouro Amarelo 18K;69;13;3;AN03586;AN03586-13;gid://shopify/ProductVariant/46393489883431;0.0;5.0;True;False
gid://shopify/ProductVariant/46393489916199;AN03586-14;14;2100.0;2100.0;6;gid://shopify/Product/8582661865767;Anel Mare | Prata com Ouro Amarelo 18K;69;13;3;AN03586;AN03586-14;gid://shopify/ProductVariant/46393489916199;0.0;5.0;True;True
gid://shopify/ProductVariant/46393489948967;AN03586-15;15;2100.0;2100.0;6;gid://shopify/Product/8582661865767;Anel Mare | Prata com Ouro Amarelo 18K;69;13;3;AN03586;AN03586-15;gid://shopify/ProductVariant/46393489948967;0.0;5.0;True;True
gid://shopify/ProductVariant/46393489981735;AN03586-16;16;2100.0;2100.0;6;gid://shopify/Product/8582661865767;Anel Mare | Prata com Ouro Amarelo 18K;69;13;3;AN03586;AN03586-16;gid://shopify/ProductVariant/46393489981735;0.0;5.0;True;True
gid://shopify/ProductVariant/46393490014503;AN03586-17;17;2100.0;2100.0;6;gid://shopify/Product/8582661865767;Anel Mare | Prata com Ouro Amarelo 18K;69;13;3;AN03586;AN03586-17;gid://shopify/ProductVariant/46393490014503;0.0;5.0;True;True
gid://shopify/ProductVariant/46393490047271;AN03586-18;18;2100.0;2100.0;5;gid://shopify/Product/8582661865767;Anel Mare | Prata com Ouro Amarelo 18K;69;13;3;AN03586;AN03586-18;gid://shopify/ProductVariant/46393490047271;0.0;5.0;True;False
gid://shopify/ProductVariant/46393490080039;AN03586-19;19;2100.0;2100.0;5;gid://shopify/Product/8582661865767;Anel Mare | Prata com Ouro Amarelo 18K;69;13;3;AN03586;AN03586-19;gid://shopify/ProductVariant/46393490080039;0.0;5.0;True;False
gid://shopify/ProductVariant/46393490112807;AN03586-20;20;2100.0;2100.0;5;gid://shopify/Product/8582661865767;Anel Mare | Prata com Ouro Amarelo 18K;69;13;3;AN03586;AN03586-20;gid://shopify/ProductVariant/46393490112807;0.0;5.0;True;False
gid://shopify/ProductVariant/46393490145575;AN03586-21;21;2100.0;2100.0;5;gid://shopify/Product/8582661865767;Anel Mare | Prata com Ouro Amarelo 18K;69;13;3;AN03586;AN03586-21;gid://shopify/ProductVariant/46393490145575;0.0;5.0;True;False
gid://shopify/ProductVariant/46393490178343;AN03586-22;22;2100.0;2100.0;5;gid://shopify/Product/8582661865767;Anel Mare | Prata com Ouro Amarelo 18K;69;13;3;AN03586;AN03586-22;gid://shopify/ProductVariant/46393490178343;0.0;5.0;True;False
gid://shopify/ProductVariant/46393490407719;AN01604-10;10;6500.0;3500.0;5;gid://shopify/Product/8582661996839;Anel Namo 2012 | Ouro Branco 18K Com Ródio Negro E Diamantes;66;13;2;AN01604;AN01604-10;gid://shopify/ProductVariant/46393490407719;5.0;0.0;True;False
gid://shopify/ProductVariant/46393490440487;AN01604-11;11;6500.0;3500.0;5;gid://shopify/Product/8582661996839;Anel Namo 2012 | Ouro Branco 18K Com Ródio Negro E Diamantes;66;13;2;AN01604;AN01604-11;gid://shopify/ProductVariant/46393490440487;5.0;0.0;True;False
gid://shopify/ProductVariant/46393490473255;AN01604-12;12;6500.0;3500.0;6;gid://shopify/Product/8582661996839;Anel Namo 2012 | Ouro Branco 18K Com Ródio Negro E Diamantes;66;13;2;AN01604;AN01604-12;gid://shopify/ProductVariant/46393490473255;5.0;0.0;True;True
gid://shopify/ProductVariant/46393490506023;AN01604-13;13;6500.0;3500.0;5;gid://shopify/Product/8582661996839;Anel Namo 2012 | Ouro Branco 18K Com Ródio Negro E Diamantes;66;13;2;AN01604;AN01604-13;gid://shopify/ProductVariant/46393490506023;5.0;0.0;True;False
gid://shopify/ProductVariant/46393490538791;AN01604-14;14;6500.0;3500.0;5;gid://shopify/Product/8582661996839;Anel Namo 2012 | Ouro Branco 18K Com Ródio Negro E Diamantes;66;13;2;AN01604;AN01604-14;gid://shopify/ProductVariant/46393490538791;5.0;0.0;True;False
gid://shopify/ProductVariant/46393490571559;AN01604-15;15;6500.0;3500.0;5;gid://shopify/Product/8582661996839;Anel Namo 2012 | Ouro Branco 18K Com Ródio Negro E Diamantes;66;13;2;AN01604;AN01604-15;gid://shopify/ProductVariant/46393490571559;5.0;0.0;True;False
gid://shopify/ProductVariant/46393490604327;AN01604-16;16;6500.0;3500.0;5;gid://shopify/Product/8582661996839;Anel Namo 2012 | Ouro Branco 18K Com Ródio Negro E Diamantes;66;13;2;AN01604;AN01604-16;gid://shopify/ProductVariant/46393490604327;5.0;0.0;True;False
gid://shopify/ProductVariant/46393490637095;AN01604-17;17;6500.0;3500.0;5;gid://shopify/Product/8582661996839;Anel Namo 2012 | Ouro Branco 18K Com Ródio Negro E Diamantes;66;13;2;AN01604;AN01604-17;gid://shopify/ProductVariant/46393490637095;5.0;0.0;True;False
gid://shopify/ProductVariant/46393490669863;AN01604-18;18;6500.0;3500.0;5;gid://shopify/Product/8582661996839;Anel Namo 2012 | Ouro Branco 18K Com Ródio Negro E Diamantes;66;13;2;AN01604;AN01604-18;gid://shopify/ProductVariant/46393490669863;5.0;0.0;True;False
gid://shopify/ProductVariant/46393490702631;AN01604-19;19;6500.0;3500.0;5;gid://shopify/Product/8582661996839;Anel Namo 2012 | Ouro Branco 18K Com Ródio Negro E Diamantes;66;13;2;AN01604;AN01604-19;gid://shopify/ProductVariant/46393490702631;5.0;0.0;True;False
gid://shopify/ProductVariant/46393490735399;AN01604-20;20;6500.0;3500.0;5;gid://shopify/Product/8582661996839;Anel Namo 2012 | Ouro Branco 18K Com Ródio Negro E Diamantes;66;13;2;AN01604;AN01604-20;gid://shopify/ProductVariant/46393490735399;5.0;0.0;True;False
gid://shopify/ProductVariant/46393490768167;AN01604-21;21;6500.0;3500.0;5;gid://shopify/Product/8582661996839;Anel Namo 2012 | Ouro Branco 18K Com Ródio Negro E Diamantes;66;13;2;AN01604;AN01604-21;gid://shopify/ProductVariant/46393490768167;5.0;0.0;True;False
gid://shopify/ProductVariant/46393490800935;AN01604-22;22;6500.0;3500.0;5;gid://shopify/Product/8582661996839;Anel Namo 2012 | Ouro Branco 18K Com Ródio Negro E Diamantes;66;13;2;AN01604;AN01604-22;gid://shopify/ProductVariant/46393490800935;5.0;0.0;True;False
gid://shopify/ProductVariant/46393490997543;AN01605-10;10;6500.0;3500.0;5;gid://shopify/Product/8582662095143;Anel Namo 2012 | Ouro Branco 18K E Diamantes;65;13;2;AN01605;AN01605-10;gid://shopify/ProductVariant/46393490997543;5.0;0.0;True;False
gid://shopify/ProductVariant/46393491030311;AN01605-11;11;6500.0;3500.0;5;gid://shopify/Product/8582662095143;Anel Namo 2012 | Ouro Branco 18K E Diamantes;65;13;2;AN01605;AN01605-11;gid://shopify/ProductVariant/46393491030311;5.0;0.0;True;False
gid://shopify/ProductVariant/46393491063079;AN01605-12;12;6500.0;3500.0;5;gid://shopify/Product/8582662095143;Anel Namo 2012 | Ouro Branco 18K E Diamantes;65;13;2;AN01605;AN01605-12;gid://shopify/ProductVariant/46393491063079;5.0;0.0;True;False
gid://shopify/ProductVariant/46393491095847;AN01605-13;13;6500.0;3500.0;5;gid://shopify/Product/8582662095143;Anel Namo 2012 | Ouro Branco 18K E Diamantes;65;13;2;AN01605;AN01605-13;gid://shopify/ProductVariant/46393491095847;5.0;0.0;True;False
gid://shopify/ProductVariant/46393491128615;AN01605-14;14;6500.0;3500.0;5;gid://shopify/Product/8582662095143;Anel Namo 2012 | Ouro Branco 18K E Diamantes;65;13;2;AN01605;AN01605-14;gid://shopify/ProductVariant/46393491128615;5.0;0.0;True;False
gid://shopify/ProductVariant/46393491161383;AN01605-15;15;6500.0;3500.0;5;gid://shopify/Product/8582662095143;Anel Namo 2012 | Ouro Branco 18K E Diamantes;65;13;2;AN01605;AN01605-15;gid://shopify/ProductVariant/46393491161383;5.0;0.0;True;False
gid://shopify/ProductVariant/46393491194151;AN01605-16;16;6500.0;3500.0;5;gid://shopify/Product/8582662095143;Anel Namo 2012 | Ouro Branco 18K E Diamantes;65;13;2;AN01605;AN01605-16;gid://shopify/ProductVariant/46393491194151;5.0;0.0;True;False
gid://shopify/ProductVariant/46393491226919;AN01605-17;17;6500.0;3500.0;5;gid://shopify/Product/8582662095143;Anel Namo 2012 | Ouro Branco 18K E Diamantes;65;13;2;AN01605;AN01605-17;gid://shopify/ProductVariant/46393491226919;5.0;0.0;True;False
gid://shopify/ProductVariant/46393491259687;AN01605-18;18;6500.0;3500.0;5;gid://shopify/Product/8582662095143;Anel Namo 2012 | Ouro Branco 18K E Diamantes;65;13;2;AN01605;AN01605-18;gid://shopify/ProductVariant/46393491259687;5.0;0.0;True;False
gid://shopify/ProductVariant/46393491292455;AN01605-19;19;6500.0;3500.0;5;gid://shopify/Product/8582662095143;Anel Namo 2012 | Ouro Branco 18K E Diamantes;65;13;2;AN01605;AN01605-19;gid://shopify/ProductVariant/46393491292455;5.0;0.0;True;False
gid://shopify/ProductVariant/46393491325223;AN01605-20;20;6500.0;3500.0;5;gid://shopify/Product/8582662095143;Anel Namo 2012 | Ouro Branco 18K E Diamantes;65;13;2;AN01605;AN01605-20;gid://shopify/ProductVariant/46393491325223;5.0;0.0;True;False
gid://shopify/ProductVariant/46393491357991;AN01605-21;21;6500.0;3500.0;5;gid://shopify/Product/8582662095143;Anel Namo 2012 | Ouro Branco 18K E Diamantes;65;13;2;AN01605;AN01605-21;gid://shopify/ProductVariant/46393491357991;5.0;0.0;True;False
gid://shopify/ProductVariant/46393491390759;AN01605-22;22;6500.0;3500.0;5;gid://shopify/Product/8582662095143;Anel Namo 2012 | Ouro Branco 18K E Diamantes;65;13;2;AN01605;AN01605-22;gid://shopify/ProductVariant/46393491390759;5.0;0.0;True;False
gid://shopify/ProductVariant/46393491620135;AN01606-10;10;6500.0;3500.0;5;gid://shopify/Product/8582662226215;Anel Namo 2012 | Ouro Rosa 18K E Diamantes;66;13;2;AN01606;AN01606-10;gid://shopify/ProductVariant/46393491620135;5.0;0.0;True;False
gid://shopify/ProductVariant/46393491652903;AN01606-11;11;6500.0;3500.0;5;gid://shopify/Product/8582662226215;Anel Namo 2012 | Ouro Rosa 18K E Diamantes;66;13;2;AN01606;AN01606-11;gid://shopify/ProductVariant/46393491652903;5.0;0.0;True;False
gid://shopify/ProductVariant/46393491685671;AN01606-12;12;6500.0;3500.0;5;gid://shopify/Product/8582662226215;Anel Namo 2012 | Ouro Rosa 18K E Diamantes;66;13;2;AN01606;AN01606-12;gid://shopify/ProductVariant/46393491685671;5.0;0.0;True;False
gid://shopify/ProductVariant/46393491718439;AN01606-13;13;6500.0;3500.0;5;gid://shopify/Product/8582662226215;Anel Namo 2012 | Ouro Rosa 18K E Diamantes;66;13;2;AN01606;AN01606-13;gid://shopify/ProductVariant/46393491718439;5.0;0.0;True;False
gid://shopify/ProductVariant/46393491751207;AN01606-14;14;6500.0;3500.0;5;gid://shopify/Product/8582662226215;Anel Namo 2012 | Ouro Rosa 18K E Diamantes;66;13;2;AN01606;AN01606-14;gid://shopify/ProductVariant/46393491751207;5.0;0.0;True;False
gid://shopify/ProductVariant/46393491783975;AN01606-15;15;6500.0;3500.0;5;gid://shopify/Product/8582662226215;Anel Namo 2012 | Ouro Rosa 18K E Diamantes;66;13;2;AN01606;AN01606-15;gid://shopify/ProductVariant/46393491783975;5.0;0.0;True;False
gid://shopify/ProductVariant/46393491816743;AN01606-16;16;6500.0;3500.0;5;gid://shopify/Product/8582662226215;Anel Namo 2012 | Ouro Rosa 18K E Diamantes;66;13;2;AN01606;AN01606-16;gid://shopify/ProductVariant/46393491816743;5.0;0.0;True;False
gid://shopify/ProductVariant/46393491849511;AN01606-17;17;6500.0;3500.0;5;gid://shopify/Product/8582662226215;Anel Namo 2012 | Ouro Rosa 18K E Diamantes;66;13;2;AN01606;AN01606-17;gid://shopify/ProductVariant/46393491849511;5.0;0.0;True;False
gid://shopify/ProductVariant/46393491882279;AN01606-18;18;6500.0;3500.0;6;gid://shopify/Product/8582662226215;Anel Namo 2012 | Ouro Rosa 18K E Diamantes;66;13;2;AN01606;AN01606-18;gid://shopify/ProductVariant/46393491882279;5.0;0.0;True;True
gid://shopify/ProductVariant/46393491915047;AN01606-19;19;6500.0;3500.0;5;gid://shopify/Product/8582662226215;Anel Namo 2012 | Ouro Rosa 18K E Diamantes;66;13;2;AN01606;AN01606-19;gid://shopify/ProductVariant/46393491915047;5.0;0.0;True;False
gid://shopify/ProductVariant/46393491947815;AN01606-20;20;6500.0;3500.0;5;gid://shopify/Product/8582662226215;Anel Namo 2012 | Ouro Rosa 18K E Diamantes;66;13;2;AN01606;AN01606-20;gid://shopify/ProductVariant/46393491947815;5.0;0.0;True;False
gid://shopify/ProductVariant/46393491980583;AN01606-21;21;6500.0;3500.0;5;gid://shopify/Product/8582662226215;Anel Namo 2012 | Ouro Rosa 18K E Diamantes;66;13;2;AN01606;AN01606-21;gid://shopify/ProductVariant/46393491980583;5.0;0.0;True;False
gid://shopify/ProductVariant/46393492013351;AN01606-22;22;6500.0;3500.0;5;gid://shopify/Product/8582662226215;Anel Namo 2012 | Ouro Rosa 18K E Diamantes;66;13;2;AN01606;AN01606-22;gid://shopify/ProductVariant/46393492013351;5.0;0.0;True;False
gid://shopify/ProductVariant/46393492177191;AN01607-10;10;6500.0;3500.0;5;gid://shopify/Product/8582662324519;Anel Namo 2012 | Ouro Amarelo 18K E Diamantes;68;13;2;AN01607;AN01607-10;gid://shopify/ProductVariant/46393492177191;5.0;0.0;True;False
gid://shopify/ProductVariant/46393492209959;AN01607-11;11;6500.0;3500.0;5;gid://shopify/Product/8582662324519;Anel Namo 2012 | Ouro Amarelo 18K E Diamantes;68;13;2;AN01607;AN01607-11;gid://shopify/ProductVariant/46393492209959;5.0;0.0;True;False
gid://shopify/ProductVariant/46393492242727;AN01607-12;12;6500.0;3500.0;5;gid://shopify/Product/8582662324519;Anel Namo 2012 | Ouro Amarelo 18K E Diamantes;68;13;2;AN01607;AN01607-12;gid://shopify/ProductVariant/46393492242727;5.0;0.0;True;False
gid://shopify/ProductVariant/46393492275495;AN01607-13;13;6500.0;3500.0;5;gid://shopify/Product/8582662324519;Anel Namo 2012 | Ouro Amarelo 18K E Diamantes;68;13;2;AN01607;AN01607-13;gid://shopify/ProductVariant/46393492275495;5.0;0.0;True;False
gid://shopify/ProductVariant/46393492308263;AN01607-14;14;6500.0;3500.0;5;gid://shopify/Product/8582662324519;Anel Namo 2012 | Ouro Amarelo 18K E Diamantes;68;13;2;AN01607;AN01607-14;gid://shopify/ProductVariant/46393492308263;5.0;0.0;True;False
gid://shopify/ProductVariant/46393492341031;AN01607-15;15;6500.0;3500.0;6;gid://shopify/Product/8582662324519;Anel Namo 2012 | Ouro Amarelo 18K E Diamantes;68;13;2;AN01607;AN01607-15;gid://shopify/ProductVariant/46393492341031;5.0;0.0;True;True
gid://shopify/ProductVariant/46393492373799;AN01607-16;16;6500.0;3500.0;5;gid://shopify/Product/8582662324519;Anel Namo 2012 | Ouro Amarelo 18K E Diamantes;68;13;2;AN01607;AN01607-16;gid://shopify/ProductVariant/46393492373799;5.0;0.0;True;False
gid://shopify/ProductVariant/46393492406567;AN01607-17;17;6500.0;3500.0;6;gid://shopify/Product/8582662324519;Anel Namo 2012 | Ouro Amarelo 18K E Diamantes;68;13;2;AN01607;AN01607-17;gid://shopify/ProductVariant/46393492406567;5.0;0.0;True;True
gid://shopify/ProductVariant/46393492439335;AN01607-18;18;6500.0;3500.0;6;gid://shopify/Product/8582662324519;Anel Namo 2012 | Ouro Amarelo 18K E Diamantes;68;13;2;AN01607;AN01607-18;gid://shopify/ProductVariant/46393492439335;5.0;0.0;True;True
gid://shopify/ProductVariant/46393492472103;AN01607-19;19;6500.0;3500.0;5;gid://shopify/Product/8582662324519;Anel Namo 2012 | Ouro Amarelo 18K E Diamantes;68;13;2;AN01607;AN01607-19;gid://shopify/ProductVariant/46393492472103;5.0;0.0;True;False
gid://shopify/ProductVariant/46393492504871;AN01607-20;20;6500.0;3500.0;5;gid://shopify/Product/8582662324519;Anel Namo 2012 | Ouro Amarelo 18K E Diamantes;68;13;2;AN01607;AN01607-20;gid://shopify/ProductVariant/46393492504871;5.0;0.0;True;False
gid://shopify/ProductVariant/46393492537639;AN01607-21;21;6500.0;3500.0;5;gid://shopify/Product/8582662324519;Anel Namo 2012 | Ouro Amarelo 18K E Diamantes;68;13;2;AN01607;AN01607-21;gid://shopify/ProductVariant/46393492537639;5.0;0.0;True;False
gid://shopify/ProductVariant/46393492570407;AN01607-22;22;6500.0;3500.0;5;gid://shopify/Product/8582662324519;Anel Namo 2012 | Ouro Amarelo 18K E Diamantes;68;13;2;AN01607;AN01607-22;gid://shopify/ProductVariant/46393492570407;5.0;0.0;True;False
gid://shopify/ProductVariant/46393492635943;AN01611-10;10;3600.0;2500.0;5;gid://shopify/Product/8582662390055;Anel Namorados 2012 | Ouro Amarelo 18K;65;13;2;AN01611;AN01611-10;gid://shopify/ProductVariant/46393492635943;5.0;0.0;True;False
gid://shopify/ProductVariant/46393492668711;AN01611-11;11;3600.0;2500.0;5;gid://shopify/Product/8582662390055;Anel Namorados 2012 | Ouro Amarelo 18K;65;13;2;AN01611;AN01611-11;gid://shopify/ProductVariant/46393492668711;5.0;0.0;True;False
gid://shopify/ProductVariant/46393492701479;AN01611-12;12;3600.0;2500.0;5;gid://shopify/Product/8582662390055;Anel Namorados 2012 | Ouro Amarelo 18K;65;13;2;AN01611;AN01611-12;gid://shopify/ProductVariant/46393492701479;5.0;0.0;True;False
gid://shopify/ProductVariant/46393492734247;AN01611-13;13;3600.0;2500.0;5;gid://shopify/Product/8582662390055;Anel Namorados 2012 | Ouro Amarelo 18K;65;13;2;AN01611;AN01611-13;gid://shopify/ProductVariant/46393492734247;5.0;0.0;True;False
gid://shopify/ProductVariant/46393492767015;AN01611-14;14;3600.0;2500.0;5;gid://shopify/Product/8582662390055;Anel Namorados 2012 | Ouro Amarelo 18K;65;13;2;AN01611;AN01611-14;gid://shopify/ProductVariant/46393492767015;5.0;0.0;True;False
gid://shopify/ProductVariant/46393492799783;AN01611-15;15;3600.0;2500.0;5;gid://shopify/Product/8582662390055;Anel Namorados 2012 | Ouro Amarelo 18K;65;13;2;AN01611;AN01611-15;gid://shopify/ProductVariant/46393492799783;5.0;0.0;True;False
gid://shopify/ProductVariant/46393492832551;AN01611-16;16;3600.0;2500.0;5;gid://shopify/Product/8582662390055;Anel Namorados 2012 | Ouro Amarelo 18K;65;13;2;AN01611;AN01611-16;gid://shopify/ProductVariant/46393492832551;5.0;0.0;True;False
gid://shopify/ProductVariant/46393492865319;AN01611-17;17;3600.0;2500.0;5;gid://shopify/Product/8582662390055;Anel Namorados 2012 | Ouro Amarelo 18K;65;13;2;AN01611;AN01611-17;gid://shopify/ProductVariant/46393492865319;5.0;0.0;True;False
gid://shopify/ProductVariant/46393492898087;AN01611-18;18;3600.0;2500.0;5;gid://shopify/Product/8582662390055;Anel Namorados 2012 | Ouro Amarelo 18K;65;13;2;AN01611;AN01611-18;gid://shopify/ProductVariant/46393492898087;5.0;0.0;True;False
gid://shopify/ProductVariant/46393492930855;AN01611-19;19;3600.0;2500.0;5;gid://shopify/Product/8582662390055;Anel Namorados 2012 | Ouro Amarelo 18K;65;13;2;AN01611;AN01611-19;gid://shopify/ProductVariant/46393492930855;5.0;0.0;True;False
gid://shopify/ProductVariant/46393492963623;AN01611-20;20;3600.0;2500.0;5;gid://shopify/Product/8582662390055;Anel Namorados 2012 | Ouro Amarelo 18K;65;13;2;AN01611;AN01611-20;gid://shopify/ProductVariant/46393492963623;5.0;0.0;True;False
gid://shopify/ProductVariant/46393492996391;AN01611-21;21;3600.0;2500.0;5;gid://shopify/Product/8582662390055;Anel Namorados 2012 | Ouro Amarelo 18K;65;13;2;AN01611;AN01611-21;gid://shopify/ProductVariant/46393492996391;5.0;0.0;True;False
gid://shopify/ProductVariant/46393493029159;AN01611-22;22;3600.0;2500.0;5;gid://shopify/Product/8582662390055;Anel Namorados 2012 | Ouro Amarelo 18K;65;13;2;AN01611;AN01611-22;gid://shopify/ProductVariant/46393493029159;5.0;0.0;True;False
gid://shopify/ProductVariant/46393493094695;AN01608-10;10;3600.0;2500.0;5;gid://shopify/Product/8582662455591;Anel Namo 2012 | Ouro Branco 18K Com Ródio Negro;65;13;2;AN01608;AN01608-10;gid://shopify/ProductVariant/46393493094695;5.0;0.0;True;False
gid://shopify/ProductVariant/46393493127463;AN01608-11;11;3600.0;2500.0;5;gid://shopify/Product/8582662455591;Anel Namo 2012 | Ouro Branco 18K Com Ródio Negro;65;13;2;AN01608;AN01608-11;gid://shopify/ProductVariant/46393493127463;5.0;0.0;True;False
gid://shopify/ProductVariant/46393493160231;AN01608-12;12;3600.0;2500.0;5;gid://shopify/Product/8582662455591;Anel Namo 2012 | Ouro Branco 18K Com Ródio Negro;65;13;2;AN01608;AN01608-12;gid://shopify/ProductVariant/46393493160231;5.0;0.0;True;False
gid://shopify/ProductVariant/46393493192999;AN01608-13;13;3600.0;2500.0;5;gid://shopify/Product/8582662455591;Anel Namo 2012 | Ouro Branco 18K Com Ródio Negro;65;13;2;AN01608;AN01608-13;gid://shopify/ProductVariant/46393493192999;5.0;0.0;True;False
gid://shopify/ProductVariant/46393493225767;AN01608-14;14;3600.0;2500.0;5;gid://shopify/Product/8582662455591;Anel Namo 2012 | Ouro Branco 18K Com Ródio Negro;65;13;2;AN01608;AN01608-14;gid://shopify/ProductVariant/46393493225767;5.0;0.0;True;False
gid://shopify/ProductVariant/46393493258535;AN01608-15;15;3600.0;2500.0;5;gid://shopify/Product/8582662455591;Anel Namo 2012 | Ouro Branco 18K Com Ródio Negro;65;13;2;AN01608;AN01608-15;gid://shopify/ProductVariant/46393493258535;5.0;0.0;True;False
gid://shopify/ProductVariant/46393493291303;AN01608-16;16;3600.0;2500.0;5;gid://shopify/Product/8582662455591;Anel Namo 2012 | Ouro Branco 18K Com Ródio Negro;65;13;2;AN01608;AN01608-16;gid://shopify/ProductVariant/46393493291303;5.0;0.0;True;False
gid://shopify/ProductVariant/46393493324071;AN01608-17;17;3600.0;2500.0;5;gid://shopify/Product/8582662455591;Anel Namo 2012 | Ouro Branco 18K Com Ródio Negro;65;13;2;AN01608;AN01608-17;gid://shopify/ProductVariant/46393493324071;5.0;0.0;True;False
gid://shopify/ProductVariant/46393493356839;AN01608-18;18;3600.0;2500.0;5;gid://shopify/Product/8582662455591;Anel Namo 2012 | Ouro Branco 18K Com Ródio Negro;65;13;2;AN01608;AN01608-18;gid://shopify/ProductVariant/46393493356839;5.0;0.0;True;False
gid://shopify/ProductVariant/46393493389607;AN01608-19;19;3600.0;2500.0;5;gid://shopify/Product/8582662455591;Anel Namo 2012 | Ouro Branco 18K Com Ródio Negro;65;13;2;AN01608;AN01608-19;gid://shopify/ProductVariant/46393493389607;5.0;0.0;True;False
gid://shopify/ProductVariant/46393493422375;AN01608-20;20;3600.0;2500.0;5;gid://shopify/Product/8582662455591;Anel Namo 2012 | Ouro Branco 18K Com Ródio Negro;65;13;2;AN01608;AN01608-20;gid://shopify/ProductVariant/46393493422375;5.0;0.0;True;False
gid://shopify/ProductVariant/46393493455143;AN01608-21;21;3600.0;2500.0;5;gid://shopify/Product/8582662455591;Anel Namo 2012 | Ouro Branco 18K Com Ródio Negro;65;13;2;AN01608;AN01608-21;gid://shopify/ProductVariant/46393493455143;5.0;0.0;True;False
gid://shopify/ProductVariant/46393493487911;AN01608-22;22;3600.0;2500.0;5;gid://shopify/Product/8582662455591;Anel Namo 2012 | Ouro Branco 18K Com Ródio Negro;65;13;2;AN01608;AN01608-22;gid://shopify/ProductVariant/46393493487911;5.0;0.0;True;False
gid://shopify/ProductVariant/46393493717287;AN01609-10;10;3600.0;2500.0;5;gid://shopify/Product/8582662521127;Anel Namo 2012 | Ouro Branco 18K;68;13;2;AN01609;AN01609-10;gid://shopify/ProductVariant/46393493717287;5.0;0.0;True;False
gid://shopify/ProductVariant/46393493750055;AN01609-11;11;3600.0;2500.0;5;gid://shopify/Product/8582662521127;Anel Namo 2012 | Ouro Branco 18K;68;13;2;AN01609;AN01609-11;gid://shopify/ProductVariant/46393493750055;5.0;0.0;True;False
gid://shopify/ProductVariant/46393493782823;AN01609-12;12;3600.0;2500.0;6;gid://shopify/Product/8582662521127;Anel Namo 2012 | Ouro Branco 18K;68;13;2;AN01609;AN01609-12;gid://shopify/ProductVariant/46393493782823;5.0;0.0;True;True
gid://shopify/ProductVariant/46393493815591;AN01609-13;13;3600.0;2500.0;6;gid://shopify/Product/8582662521127;Anel Namo 2012 | Ouro Branco 18K;68;13;2;AN01609;AN01609-13;gid://shopify/ProductVariant/46393493815591;5.0;0.0;True;True
gid://shopify/ProductVariant/46393493848359;AN01609-14;14;3600.0;2500.0;5;gid://shopify/Product/8582662521127;Anel Namo 2012 | Ouro Branco 18K;68;13;2;AN01609;AN01609-14;gid://shopify/ProductVariant/46393493848359;5.0;0.0;True;False
gid://shopify/ProductVariant/46393493881127;AN01609-15;15;3600.0;2500.0;5;gid://shopify/Product/8582662521127;Anel Namo 2012 | Ouro Branco 18K;68;13;2;AN01609;AN01609-15;gid://shopify/ProductVariant/46393493881127;5.0;0.0;True;False
gid://shopify/ProductVariant/46393493913895;AN01609-16;16;3600.0;2500.0;6;gid://shopify/Product/8582662521127;Anel Namo 2012 | Ouro Branco 18K;68;13;2;AN01609;AN01609-16;gid://shopify/ProductVariant/46393493913895;5.0;0.0;True;True
gid://shopify/ProductVariant/46393493946663;AN01609-17;17;3600.0;2500.0;5;gid://shopify/Product/8582662521127;Anel Namo 2012 | Ouro Branco 18K;68;13;2;AN01609;AN01609-17;gid://shopify/ProductVariant/46393493946663;5.0;0.0;True;False
gid://shopify/ProductVariant/46393493979431;AN01609-18;18;3600.0;2500.0;5;gid://shopify/Product/8582662521127;Anel Namo 2012 | Ouro Branco 18K;68;13;2;AN01609;AN01609-18;gid://shopify/ProductVariant/46393493979431;5.0;0.0;True;False
gid://shopify/ProductVariant/46393494012199;AN01609-19;19;3600.0;2500.0;5;gid://shopify/Product/8582662521127;Anel Namo 2012 | Ouro Branco 18K;68;13;2;AN01609;AN01609-19;gid://shopify/ProductVariant/46393494012199;5.0;0.0;True;False
gid://shopify/ProductVariant/46393494044967;AN01609-20;20;3600.0;2500.0;5;gid://shopify/Product/8582662521127;Anel Namo 2012 | Ouro Branco 18K;68;13;2;AN01609;AN01609-20;gid://shopify/ProductVariant/46393494044967;5.0;0.0;True;False
gid://shopify/ProductVariant/46393494077735;AN01609-21;21;3600.0;2500.0;5;gid://shopify/Product/8582662521127;Anel Namo 2012 | Ouro Branco 18K;68;13;2;AN01609;AN01609-21;gid://shopify/ProductVariant/46393494077735;5.0;0.0;True;False
gid://shopify/ProductVariant/46393494110503;AN01609-22;22;3600.0;2500.0;5;gid://shopify/Product/8582662521127;Anel Namo 2012 | Ouro Branco 18K;68;13;2;AN01609;AN01609-22;gid://shopify/ProductVariant/46393494110503;5.0;0.0;True;False
gid://shopify/ProductVariant/46393494339879;AN01610-10;10;3600.0;2500.0;5;gid://shopify/Product/8582662619431;Anel Namo 2012 | Ouro Rosa 18K;66;13;2;AN01610;AN01610-10;gid://shopify/ProductVariant/46393494339879;5.0;0.0;True;False
gid://shopify/ProductVariant/46393494372647;AN01610-11;11;3600.0;2500.0;5;gid://shopify/Product/8582662619431;Anel Namo 2012 | Ouro Rosa 18K;66;13;2;AN01610;AN01610-11;gid://shopify/ProductVariant/46393494372647;5.0;0.0;True;False
gid://shopify/ProductVariant/46393494405415;AN01610-12;12;3600.0;2500.0;5;gid://shopify/Product/8582662619431;Anel Namo 2012 | Ouro Rosa 18K;66;13;2;AN01610;AN01610-12;gid://shopify/ProductVariant/46393494405415;5.0;0.0;True;False
gid://shopify/ProductVariant/46393494438183;AN01610-13;13;3600.0;2500.0;5;gid://shopify/Product/8582662619431;Anel Namo 2012 | Ouro Rosa 18K;66;13;2;AN01610;AN01610-13;gid://shopify/ProductVariant/46393494438183;5.0;0.0;True;False
gid://shopify/ProductVariant/46393494470951;AN01610-14;14;3600.0;2500.0;5;gid://shopify/Product/8582662619431;Anel Namo 2012 | Ouro Rosa 18K;66;13;2;AN01610;AN01610-14;gid://shopify/ProductVariant/46393494470951;5.0;0.0;True;False
gid://shopify/ProductVariant/46393494503719;AN01610-15;15;3600.0;2500.0;5;gid://shopify/Product/8582662619431;Anel Namo 2012 | Ouro Rosa 18K;66;13;2;AN01610;AN01610-15;gid://shopify/ProductVariant/46393494503719;5.0;0.0;True;False
gid://shopify/ProductVariant/46393494536487;AN01610-16;16;3600.0;2500.0;5;gid://shopify/Product/8582662619431;Anel Namo 2012 | Ouro Rosa 18K;66;13;2;AN01610;AN01610-16;gid://shopify/ProductVariant/46393494536487;5.0;0.0;True;False
gid://shopify/ProductVariant/46393494569255;AN01610-17;17;3600.0;2500.0;6;gid://shopify/Product/8582662619431;Anel Namo 2012 | Ouro Rosa 18K;66;13;2;AN01610;AN01610-17;gid://shopify/ProductVariant/46393494569255;5.0;0.0;True;True
gid://shopify/ProductVariant/46393494602023;AN01610-18;18;3600.0;2500.0;5;gid://shopify/Product/8582662619431;Anel Namo 2012 | Ouro Rosa 18K;66;13;2;AN01610;AN01610-18;gid://shopify/ProductVariant/46393494602023;5.0;0.0;True;False
gid://shopify/ProductVariant/46393494634791;AN01610-19;19;3600.0;2500.0;5;gid://shopify/Product/8582662619431;Anel Namo 2012 | Ouro Rosa 18K;66;13;2;AN01610;AN01610-19;gid://shopify/ProductVariant/46393494634791;5.0;0.0;True;False
gid://shopify/ProductVariant/46393494667559;AN01610-20;20;3600.0;2500.0;5;gid://shopify/Product/8582662619431;Anel Namo 2012 | Ouro Rosa 18K;66;13;2;AN01610;AN01610-20;gid://shopify/ProductVariant/46393494667559;5.0;0.0;True;False
gid://shopify/ProductVariant/46393494700327;AN01610-21;21;3600.0;2500.0;5;gid://shopify/Product/8582662619431;Anel Namo 2012 | Ouro Rosa 18K;66;13;2;AN01610;AN01610-21;gid://shopify/ProductVariant/46393494700327;5.0;0.0;True;False
gid://shopify/ProductVariant/46393494733095;AN01610-22;22;3600.0;2500.0;5;gid://shopify/Product/8582662619431;Anel Namo 2012 | Ouro Rosa 18K;66;13;2;AN01610;AN01610-22;gid://shopify/ProductVariant/46393494733095;5.0;0.0;True;False
gid://shopify/ProductVariant/46393495159079;AN02506-10;10;3200.0;3200.0;5;gid://shopify/Product/8582662816039;Anel Orquidea | Prata Com Ouro Rosa E Diamante;65;13;3;AN02506;AN02506-10;gid://shopify/ProductVariant/46393495159079;0.0;5.0;True;False
gid://shopify/ProductVariant/46393495191847;AN02506-11;11;3200.0;3200.0;5;gid://shopify/Product/8582662816039;Anel Orquidea | Prata Com Ouro Rosa E Diamante;65;13;3;AN02506;AN02506-11;gid://shopify/ProductVariant/46393495191847;0.0;5.0;True;False
gid://shopify/ProductVariant/46393495224615;AN02506-12;12;3200.0;3200.0;5;gid://shopify/Product/8582662816039;Anel Orquidea | Prata Com Ouro Rosa E Diamante;65;13;3;AN02506;AN02506-12;gid://shopify/ProductVariant/46393495224615;0.0;5.0;True;False
gid://shopify/ProductVariant/46393495257383;AN02506-13;13;3200.0;3200.0;5;gid://shopify/Product/8582662816039;Anel Orquidea | Prata Com Ouro Rosa E Diamante;65;13;3;AN02506;AN02506-13;gid://shopify/ProductVariant/46393495257383;0.0;5.0;True;False
gid://shopify/ProductVariant/46393495290151;AN02506-14;14;3200.0;3200.0;5;gid://shopify/Product/8582662816039;Anel Orquidea | Prata Com Ouro Rosa E Diamante;65;13;3;AN02506;AN02506-14;gid://shopify/ProductVariant/46393495290151;0.0;5.0;True;False
gid://shopify/ProductVariant/46393495322919;AN02506-15;15;3200.0;3200.0;5;gid://shopify/Product/8582662816039;Anel Orquidea | Prata Com Ouro Rosa E Diamante;65;13;3;AN02506;AN02506-15;gid://shopify/ProductVariant/46393495322919;0.0;5.0;True;False
gid://shopify/ProductVariant/46393495355687;AN02506-16;16;3200.0;3200.0;5;gid://shopify/Product/8582662816039;Anel Orquidea | Prata Com Ouro Rosa E Diamante;65;13;3;AN02506;AN02506-16;gid://shopify/ProductVariant/46393495355687;0.0;5.0;True;False
gid://shopify/ProductVariant/46393495388455;AN02506-17;17;3200.0;3200.0;5;gid://shopify/Product/8582662816039;Anel Orquidea | Prata Com Ouro Rosa E Diamante;65;13;3;AN02506;AN02506-17;gid://shopify/ProductVariant/46393495388455;0.0;5.0;True;False
gid://shopify/ProductVariant/46393495421223;AN02506-18;18;3200.0;3200.0;5;gid://shopify/Product/8582662816039;Anel Orquidea | Prata Com Ouro Rosa E Diamante;65;13;3;AN02506;AN02506-18;gid://shopify/ProductVariant/46393495421223;0.0;5.0;True;False
gid://shopify/ProductVariant/46393495453991;AN02506-19;19;3200.0;3200.0;5;gid://shopify/Product/8582662816039;Anel Orquidea | Prata Com Ouro Rosa E Diamante;65;13;3;AN02506;AN02506-19;gid://shopify/ProductVariant/46393495453991;0.0;5.0;True;False
gid://shopify/ProductVariant/46393495486759;AN02506-20;20;3200.0;3200.0;5;gid://shopify/Product/8582662816039;Anel Orquidea | Prata Com Ouro Rosa E Diamante;65;13;3;AN02506;AN02506-20;gid://shopify/ProductVariant/46393495486759;0.0;5.0;True;False
gid://shopify/ProductVariant/46393495519527;AN02506-21;21;3200.0;3200.0;5;gid://shopify/Product/8582662816039;Anel Orquidea | Prata Com Ouro Rosa E Diamante;65;13;3;AN02506;AN02506-21;gid://shopify/ProductVariant/46393495519527;0.0;5.0;True;False
gid://shopify/ProductVariant/46393495552295;AN02506-22;22;3200.0;3200.0;5;gid://shopify/Product/8582662816039;Anel Orquidea | Prata Com Ouro Rosa E Diamante;65;13;3;AN02506;AN02506-22;gid://shopify/ProductVariant/46393495552295;0.0;5.0;True;False
gid://shopify/ProductVariant/46393496928551;AN03360-10;10;1100.0;1100.0;5;gid://shopify/Product/8582663176487;Anel Pop Chain | Prata Com Ouro Amarelo 18k;82;13;2;AN03360;AN03360-10;gid://shopify/ProductVariant/46393496928551;0.0;5.0;True;False
gid://shopify/ProductVariant/46393496994087;AN03360-11;11;1100.0;1100.0;5;gid://shopify/Product/8582663176487;Anel Pop Chain | Prata Com Ouro Amarelo 18k;82;13;2;AN03360;AN03360-11;gid://shopify/ProductVariant/46393496994087;0.0;5.0;True;False
gid://shopify/ProductVariant/46393497256231;AN03360-12;12;1100.0;1100.0;5;gid://shopify/Product/8582663176487;Anel Pop Chain | Prata Com Ouro Amarelo 18k;82;13;2;AN03360;AN03360-12;gid://shopify/ProductVariant/46393497256231;0.0;5.0;True;False
gid://shopify/ProductVariant/46393497288999;AN03360-13;13;1100.0;1100.0;6;gid://shopify/Product/8582663176487;Anel Pop Chain | Prata Com Ouro Amarelo 18k;82;13;2;AN03360;AN03360-13;gid://shopify/ProductVariant/46393497288999;0.0;5.0;True;True
gid://shopify/ProductVariant/46393497321767;AN03360-14;14;1100.0;1100.0;7;gid://shopify/Product/8582663176487;Anel Pop Chain | Prata Com Ouro Amarelo 18k;82;13;2;AN03360;AN03360-14;gid://shopify/ProductVariant/46393497321767;0.0;5.0;True;True
gid://shopify/ProductVariant/46393497354535;AN03360-15;15;1100.0;1100.0;5;gid://shopify/Product/8582663176487;Anel Pop Chain | Prata Com Ouro Amarelo 18k;82;13;2;AN03360;AN03360-15;gid://shopify/ProductVariant/46393497354535;0.0;5.0;True;False
gid://shopify/ProductVariant/46393497387303;AN03360-16;16;1100.0;1100.0;8;gid://shopify/Product/8582663176487;Anel Pop Chain | Prata Com Ouro Amarelo 18k;82;13;2;AN03360;AN03360-16;gid://shopify/ProductVariant/46393497387303;0.0;5.0;True;True
gid://shopify/ProductVariant/46393497420071;AN03360-17;17;1100.0;1100.0;6;gid://shopify/Product/8582663176487;Anel Pop Chain | Prata Com Ouro Amarelo 18k;82;13;2;AN03360;AN03360-17;gid://shopify/ProductVariant/46393497420071;0.0;5.0;True;True
gid://shopify/ProductVariant/46393497452839;AN03360-18;18;1100.0;1100.0;14;gid://shopify/Product/8582663176487;Anel Pop Chain | Prata Com Ouro Amarelo 18k;82;13;2;AN03360;AN03360-18;gid://shopify/ProductVariant/46393497452839;0.0;5.0;True;True
gid://shopify/ProductVariant/46393497485607;AN03360-19;19;1100.0;1100.0;6;gid://shopify/Product/8582663176487;Anel Pop Chain | Prata Com Ouro Amarelo 18k;82;13;2;AN03360;AN03360-19;gid://shopify/ProductVariant/46393497485607;0.0;5.0;True;True
gid://shopify/ProductVariant/46393497518375;AN03360-20;20;1100.0;1100.0;5;gid://shopify/Product/8582663176487;Anel Pop Chain | Prata Com Ouro Amarelo 18k;82;13;2;AN03360;AN03360-20;gid://shopify/ProductVariant/46393497518375;0.0;5.0;True;False
gid://shopify/ProductVariant/46393497551143;AN03360-21;21;1100.0;1100.0;5;gid://shopify/Product/8582663176487;Anel Pop Chain | Prata Com Ouro Amarelo 18k;82;13;2;AN03360;AN03360-21;gid://shopify/ProductVariant/46393497551143;0.0;5.0;True;False
gid://shopify/ProductVariant/46393497583911;AN03360-22;22;1100.0;1100.0;5;gid://shopify/Product/8582663176487;Anel Pop Chain | Prata Com Ouro Amarelo 18k;82;13;2;AN03360;AN03360-22;gid://shopify/ProductVariant/46393497583911;0.0;5.0;True;False
gid://shopify/ProductVariant/46393498140967;AN03361-13;13;950.0;950.0;5;gid://shopify/Product/8582663340327;Anel Pop Chain | Prata Com Ródio Negro;85;13;2;AN03361;AN03361-13;gid://shopify/ProductVariant/46393498140967;0.0;5.0;True;False
gid://shopify/ProductVariant/46393498272039;AN03361-17;17;950.0;950.0;11;gid://shopify/Product/8582663340327;Anel Pop Chain | Prata Com Ródio Negro;85;13;2;AN03361;AN03361-17;gid://shopify/ProductVariant/46393498272039;0.0;5.0;True;True
gid://shopify/ProductVariant/46393498304807;AN03361-18;18;950.0;950.0;7;gid://shopify/Product/8582663340327;Anel Pop Chain | Prata Com Ródio Negro;85;13;2;AN03361;AN03361-18;gid://shopify/ProductVariant/46393498304807;0.0;5.0;True;True
gid://shopify/ProductVariant/46393498370343;AN03361-20;20;950.0;950.0;5;gid://shopify/Product/8582663340327;Anel Pop Chain | Prata Com Ródio Negro;85;13;2;AN03361;AN03361-20;gid://shopify/ProductVariant/46393498370343;0.0;5.0;True;False
gid://shopify/ProductVariant/46393498730791;AN03444-10;10;40800.0;40800.0;0;gid://shopify/Product/8582663471399;Anel Rock Star | Ouro Rosa E Branco 18K com Morganita e Diamantes;0;13;1;AN03444;AN03444-10;gid://shopify/ProductVariant/46393498730791;0.0;0.0;False;False
gid://shopify/ProductVariant/46393498763559;AN03444-11;11;40800.0;40800.0;0;gid://shopify/Product/8582663471399;Anel Rock Star | Ouro Rosa E Branco 18K com Morganita e Diamantes;0;13;1;AN03444;AN03444-11;gid://shopify/ProductVariant/46393498763559;0.0;0.0;False;False
gid://shopify/ProductVariant/46393498796327;AN03444-12;12;40800.0;40800.0;0;gid://shopify/Product/8582663471399;Anel Rock Star | Ouro Rosa E Branco 18K com Morganita e Diamantes;0;13;1;AN03444;AN03444-12;gid://shopify/ProductVariant/46393498796327;0.0;0.0;False;False
gid://shopify/ProductVariant/46393498829095;AN03444-13;13;40800.0;40800.0;0;gid://shopify/Product/8582663471399;Anel Rock Star | Ouro Rosa E Branco 18K com Morganita e Diamantes;0;13;1;AN03444;AN03444-13;gid://shopify/ProductVariant/46393498829095;0.0;0.0;False;False
gid://shopify/ProductVariant/46393498861863;AN03444-14;14;40800.0;40800.0;0;gid://shopify/Product/8582663471399;Anel Rock Star | Ouro Rosa E Branco 18K com Morganita e Diamantes;0;13;1;AN03444;AN03444-14;gid://shopify/ProductVariant/46393498861863;0.0;0.0;False;False
gid://shopify/ProductVariant/46393498894631;AN03444-15;15;40800.0;40800.0;0;gid://shopify/Product/8582663471399;Anel Rock Star | Ouro Rosa E Branco 18K com Morganita e Diamantes;0;13;1;AN03444;AN03444-15;gid://shopify/ProductVariant/46393498894631;0.0;0.0;False;False
gid://shopify/ProductVariant/46393498927399;AN03444-16;16;40800.0;40800.0;0;gid://shopify/Product/8582663471399;Anel Rock Star | Ouro Rosa E Branco 18K com Morganita e Diamantes;0;13;1;AN03444;AN03444-16;gid://shopify/ProductVariant/46393498927399;0.0;0.0;False;False
gid://shopify/ProductVariant/46393498960167;AN03444-17;17;40800.0;40800.0;0;gid://shopify/Product/8582663471399;Anel Rock Star | Ouro Rosa E Branco 18K com Morganita e Diamantes;0;13;1;AN03444;AN03444-17;gid://shopify/ProductVariant/46393498960167;0.0;0.0;False;False
gid://shopify/ProductVariant/46393498992935;AN03444-18;18;40800.0;40800.0;0;gid://shopify/Product/8582663471399;Anel Rock Star | Ouro Rosa E Branco 18K com Morganita e Diamantes;0;13;1;AN03444;AN03444-18;gid://shopify/ProductVariant/46393498992935;0.0;0.0;False;False
gid://shopify/ProductVariant/46393499025703;AN03444-19;19;40800.0;40800.0;0;gid://shopify/Product/8582663471399;Anel Rock Star | Ouro Rosa E Branco 18K com Morganita e Diamantes;0;13;1;AN03444;AN03444-19;gid://shopify/ProductVariant/46393499025703;0.0;0.0;False;False
gid://shopify/ProductVariant/46393499058471;AN03444-20;20;40800.0;40800.0;0;gid://shopify/Product/8582663471399;Anel Rock Star | Ouro Rosa E Branco 18K com Morganita e Diamantes;0;13;1;AN03444;AN03444-20;gid://shopify/ProductVariant/46393499058471;0.0;0.0;False;False
gid://shopify/ProductVariant/46393499091239;AN03444-21;21;40800.0;40800.0;0;gid://shopify/Product/8582663471399;Anel Rock Star | Ouro Rosa E Branco 18K com Morganita e Diamantes;0;13;1;AN03444;AN03444-21;gid://shopify/ProductVariant/46393499091239;0.0;0.0;False;False
gid://shopify/ProductVariant/46393499124007;AN03444-22;22;40800.0;40800.0;0;gid://shopify/Product/8582663471399;Anel Rock Star | Ouro Rosa E Branco 18K com Morganita e Diamantes;0;13;1;AN03444;AN03444-22;gid://shopify/ProductVariant/46393499124007;0.0;0.0;False;False
gid://shopify/ProductVariant/46393500631335;AN03404-10;10;9900.0;8500.0;5;gid://shopify/Product/8582663569703;Anel Rock Star - M | Ouro Branco 18K com Ródio Negro, Diamantes e Esmeralda;66;13;2;AN03404;AN03404-10;gid://shopify/ProductVariant/46393500631335;5.0;0.0;True;False
gid://shopify/ProductVariant/46393500664103;AN03404-11;11;9900.0;8500.0;5;gid://shopify/Product/8582663569703;Anel Rock Star - M | Ouro Branco 18K com Ródio Negro, Diamantes e Esmeralda;66;13;2;AN03404;AN03404-11;gid://shopify/ProductVariant/46393500664103;5.0;0.0;True;False
gid://shopify/ProductVariant/46393500696871;AN03404-12;12;9900.0;8500.0;5;gid://shopify/Product/8582663569703;Anel Rock Star - M | Ouro Branco 18K com Ródio Negro, Diamantes e Esmeralda;66;13;2;AN03404;AN03404-12;gid://shopify/ProductVariant/46393500696871;5.0;0.0;True;False
gid://shopify/ProductVariant/46393500729639;AN03404-13;13;9900.0;8500.0;5;gid://shopify/Product/8582663569703;Anel Rock Star - M | Ouro Branco 18K com Ródio Negro, Diamantes e Esmeralda;66;13;2;AN03404;AN03404-13;gid://shopify/ProductVariant/46393500729639;5.0;0.0;True;False
gid://shopify/ProductVariant/46393500762407;AN03404-14;14;9900.0;8500.0;5;gid://shopify/Product/8582663569703;Anel Rock Star - M | Ouro Branco 18K com Ródio Negro, Diamantes e Esmeralda;66;13;2;AN03404;AN03404-14;gid://shopify/ProductVariant/46393500762407;5.0;0.0;True;False
gid://shopify/ProductVariant/46393500795175;AN03404-15;15;9900.0;8500.0;5;gid://shopify/Product/8582663569703;Anel Rock Star - M | Ouro Branco 18K com Ródio Negro, Diamantes e Esmeralda;66;13;2;AN03404;AN03404-15;gid://shopify/ProductVariant/46393500795175;5.0;0.0;True;False
gid://shopify/ProductVariant/46393500827943;AN03404-16;16;9900.0;8500.0;6;gid://shopify/Product/8582663569703;Anel Rock Star - M | Ouro Branco 18K com Ródio Negro, Diamantes e Esmeralda;66;13;2;AN03404;AN03404-16;gid://shopify/ProductVariant/46393500827943;5.0;0.0;True;True
gid://shopify/ProductVariant/46393500860711;AN03404-17;17;9900.0;8500.0;5;gid://shopify/Product/8582663569703;Anel Rock Star - M | Ouro Branco 18K com Ródio Negro, Diamantes e Esmeralda;66;13;2;AN03404;AN03404-17;gid://shopify/ProductVariant/46393500860711;5.0;0.0;True;False
gid://shopify/ProductVariant/46393500893479;AN03404-18;18;9900.0;8500.0;5;gid://shopify/Product/8582663569703;Anel Rock Star - M | Ouro Branco 18K com Ródio Negro, Diamantes e Esmeralda;66;13;2;AN03404;AN03404-18;gid://shopify/ProductVariant/46393500893479;5.0;0.0;True;False
gid://shopify/ProductVariant/46393500926247;AN03404-19;19;9900.0;8500.0;5;gid://shopify/Product/8582663569703;Anel Rock Star - M | Ouro Branco 18K com Ródio Negro, Diamantes e Esmeralda;66;13;2;AN03404;AN03404-19;gid://shopify/ProductVariant/46393500926247;5.0;0.0;True;False
gid://shopify/ProductVariant/46393500959015;AN03404-20;20;9900.0;8500.0;5;gid://shopify/Product/8582663569703;Anel Rock Star - M | Ouro Branco 18K com Ródio Negro, Diamantes e Esmeralda;66;13;2;AN03404;AN03404-20;gid://shopify/ProductVariant/46393500959015;5.0;0.0;True;False
gid://shopify/ProductVariant/46393500991783;AN03404-21;21;9900.0;8500.0;5;gid://shopify/Product/8582663569703;Anel Rock Star - M | Ouro Branco 18K com Ródio Negro, Diamantes e Esmeralda;66;13;2;AN03404;AN03404-21;gid://shopify/ProductVariant/46393500991783;5.0;0.0;True;False
gid://shopify/ProductVariant/46393501024551;AN03404-22;22;9900.0;8500.0;5;gid://shopify/Product/8582663569703;Anel Rock Star - M | Ouro Branco 18K com Ródio Negro, Diamantes e Esmeralda;66;13;2;AN03404;AN03404-22;gid://shopify/ProductVariant/46393501024551;5.0;0.0;True;False
gid://shopify/ProductVariant/46393501450535;AN03405-10;10;8900.0;7500.0;5;gid://shopify/Product/8582663700775;Anel Rock Star - M | Ouro Branco 18K com Ródio Negro, Diamantes e Rubi;65;13;2;AN03405;AN03405-10;gid://shopify/ProductVariant/46393501450535;5.0;0.0;True;False
gid://shopify/ProductVariant/46393501483303;AN03405-11;11;8900.0;7500.0;5;gid://shopify/Product/8582663700775;Anel Rock Star - M | Ouro Branco 18K com Ródio Negro, Diamantes e Rubi;65;13;2;AN03405;AN03405-11;gid://shopify/ProductVariant/46393501483303;5.0;0.0;True;False
gid://shopify/ProductVariant/46393501516071;AN03405-12;12;8900.0;7500.0;5;gid://shopify/Product/8582663700775;Anel Rock Star - M | Ouro Branco 18K com Ródio Negro, Diamantes e Rubi;65;13;2;AN03405;AN03405-12;gid://shopify/ProductVariant/46393501516071;5.0;0.0;True;False
gid://shopify/ProductVariant/46393501548839;AN03405-13;13;8900.0;7500.0;5;gid://shopify/Product/8582663700775;Anel Rock Star - M | Ouro Branco 18K com Ródio Negro, Diamantes e Rubi;65;13;2;AN03405;AN03405-13;gid://shopify/ProductVariant/46393501548839;5.0;0.0;True;False
gid://shopify/ProductVariant/46393501581607;AN03405-14;14;8900.0;7500.0;5;gid://shopify/Product/8582663700775;Anel Rock Star - M | Ouro Branco 18K com Ródio Negro, Diamantes e Rubi;65;13;2;AN03405;AN03405-14;gid://shopify/ProductVariant/46393501581607;5.0;0.0;True;False
gid://shopify/ProductVariant/46393501614375;AN03405-15;15;8900.0;7500.0;5;gid://shopify/Product/8582663700775;Anel Rock Star - M | Ouro Branco 18K com Ródio Negro, Diamantes e Rubi;65;13;2;AN03405;AN03405-15;gid://shopify/ProductVariant/46393501614375;5.0;0.0;True;False
gid://shopify/ProductVariant/46393501647143;AN03405-16;16;8900.0;7500.0;5;gid://shopify/Product/8582663700775;Anel Rock Star - M | Ouro Branco 18K com Ródio Negro, Diamantes e Rubi;65;13;2;AN03405;AN03405-16;gid://shopify/ProductVariant/46393501647143;5.0;0.0;True;False
gid://shopify/ProductVariant/46393501679911;AN03405-17;17;8900.0;7500.0;5;gid://shopify/Product/8582663700775;Anel Rock Star - M | Ouro Branco 18K com Ródio Negro, Diamantes e Rubi;65;13;2;AN03405;AN03405-17;gid://shopify/ProductVariant/46393501679911;5.0;0.0;True;False
gid://shopify/ProductVariant/46393501712679;AN03405-18;18;8900.0;7500.0;5;gid://shopify/Product/8582663700775;Anel Rock Star - M | Ouro Branco 18K com Ródio Negro, Diamantes e Rubi;65;13;2;AN03405;AN03405-18;gid://shopify/ProductVariant/46393501712679;5.0;0.0;True;False
gid://shopify/ProductVariant/46393501745447;AN03405-19;19;8900.0;7500.0;5;gid://shopify/Product/8582663700775;Anel Rock Star - M | Ouro Branco 18K com Ródio Negro, Diamantes e Rubi;65;13;2;AN03405;AN03405-19;gid://shopify/ProductVariant/46393501745447;5.0;0.0;True;False
gid://shopify/ProductVariant/46393501778215;AN03405-20;20;8900.0;7500.0;5;gid://shopify/Product/8582663700775;Anel Rock Star - M | Ouro Branco 18K com Ródio Negro, Diamantes e Rubi;65;13;2;AN03405;AN03405-20;gid://shopify/ProductVariant/46393501778215;5.0;0.0;True;False
gid://shopify/ProductVariant/46393501810983;AN03405-21;21;8900.0;7500.0;5;gid://shopify/Product/8582663700775;Anel Rock Star - M | Ouro Branco 18K com Ródio Negro, Diamantes e Rubi;65;13;2;AN03405;AN03405-21;gid://shopify/ProductVariant/46393501810983;5.0;0.0;True;False
gid://shopify/ProductVariant/46393501843751;AN03405-22;22;8900.0;7500.0;5;gid://shopify/Product/8582663700775;Anel Rock Star - M | Ouro Branco 18K com Ródio Negro, Diamantes e Rubi;65;13;2;AN03405;AN03405-22;gid://shopify/ProductVariant/46393501843751;5.0;0.0;True;False
gid://shopify/ProductVariant/46393501974823;AN03406-10;10;8900.0;7500.0;5;gid://shopify/Product/8582663799079;Anel Rock Star - M | Ouro Branco 18K com Ródio Negro, Diamantes e Safira;65;13;2;AN03406;AN03406-10;gid://shopify/ProductVariant/46393501974823;5.0;0.0;True;False
gid://shopify/ProductVariant/46393502007591;AN03406-11;11;8900.0;7500.0;5;gid://shopify/Product/8582663799079;Anel Rock Star - M | Ouro Branco 18K com Ródio Negro, Diamantes e Safira;65;13;2;AN03406;AN03406-11;gid://shopify/ProductVariant/46393502007591;5.0;0.0;True;False
gid://shopify/ProductVariant/46393502040359;AN03406-12;12;8900.0;7500.0;5;gid://shopify/Product/8582663799079;Anel Rock Star - M | Ouro Branco 18K com Ródio Negro, Diamantes e Safira;65;13;2;AN03406;AN03406-12;gid://shopify/ProductVariant/46393502040359;5.0;0.0;True;False
gid://shopify/ProductVariant/46393502073127;AN03406-13;13;8900.0;7500.0;5;gid://shopify/Product/8582663799079;Anel Rock Star - M | Ouro Branco 18K com Ródio Negro, Diamantes e Safira;65;13;2;AN03406;AN03406-13;gid://shopify/ProductVariant/46393502073127;5.0;0.0;True;False
gid://shopify/ProductVariant/46393502105895;AN03406-14;14;8900.0;7500.0;5;gid://shopify/Product/8582663799079;Anel Rock Star - M | Ouro Branco 18K com Ródio Negro, Diamantes e Safira;65;13;2;AN03406;AN03406-14;gid://shopify/ProductVariant/46393502105895;5.0;0.0;True;False
gid://shopify/ProductVariant/46393502138663;AN03406-15;15;8900.0;7500.0;5;gid://shopify/Product/8582663799079;Anel Rock Star - M | Ouro Branco 18K com Ródio Negro, Diamantes e Safira;65;13;2;AN03406;AN03406-15;gid://shopify/ProductVariant/46393502138663;5.0;0.0;True;False
gid://shopify/ProductVariant/46393502171431;AN03406-16;16;8900.0;7500.0;5;gid://shopify/Product/8582663799079;Anel Rock Star - M | Ouro Branco 18K com Ródio Negro, Diamantes e Safira;65;13;2;AN03406;AN03406-16;gid://shopify/ProductVariant/46393502171431;5.0;0.0;True;False
gid://shopify/ProductVariant/46393502204199;AN03406-17;17;8900.0;7500.0;5;gid://shopify/Product/8582663799079;Anel Rock Star - M | Ouro Branco 18K com Ródio Negro, Diamantes e Safira;65;13;2;AN03406;AN03406-17;gid://shopify/ProductVariant/46393502204199;5.0;0.0;True;False
gid://shopify/ProductVariant/46393502236967;AN03406-18;18;8900.0;7500.0;5;gid://shopify/Product/8582663799079;Anel Rock Star - M | Ouro Branco 18K com Ródio Negro, Diamantes e Safira;65;13;2;AN03406;AN03406-18;gid://shopify/ProductVariant/46393502236967;5.0;0.0;True;False
gid://shopify/ProductVariant/46393502269735;AN03406-19;19;8900.0;7500.0;5;gid://shopify/Product/8582663799079;Anel Rock Star - M | Ouro Branco 18K com Ródio Negro, Diamantes e Safira;65;13;2;AN03406;AN03406-19;gid://shopify/ProductVariant/46393502269735;5.0;0.0;True;False
gid://shopify/ProductVariant/46393502302503;AN03406-20;20;8900.0;7500.0;5;gid://shopify/Product/8582663799079;Anel Rock Star - M | Ouro Branco 18K com Ródio Negro, Diamantes e Safira;65;13;2;AN03406;AN03406-20;gid://shopify/ProductVariant/46393502302503;5.0;0.0;True;False
gid://shopify/ProductVariant/46393502335271;AN03406-21;21;8900.0;7500.0;5;gid://shopify/Product/8582663799079;Anel Rock Star - M | Ouro Branco 18K com Ródio Negro, Diamantes e Safira;65;13;2;AN03406;AN03406-21;gid://shopify/ProductVariant/46393502335271;5.0;0.0;True;False
gid://shopify/ProductVariant/46393502368039;AN03406-22;22;8900.0;7500.0;5;gid://shopify/Product/8582663799079;Anel Rock Star - M | Ouro Branco 18K com Ródio Negro, Diamantes e Safira;65;13;2;AN03406;AN03406-22;gid://shopify/ProductVariant/46393502368039;5.0;0.0;True;False
gid://shopify/ProductVariant/46393502761255;AN03407-10;10;7500.0;6500.0;5;gid://shopify/Product/8582663930151;Anel Rock Star | Ouro Branco 18K com Ródio Negro, Diamantes e Safira;65;13;2;AN03407;AN03407-10;gid://shopify/ProductVariant/46393502761255;5.0;0.0;True;False
gid://shopify/ProductVariant/46393502794023;AN03407-11;11;7500.0;6500.0;5;gid://shopify/Product/8582663930151;Anel Rock Star | Ouro Branco 18K com Ródio Negro, Diamantes e Safira;65;13;2;AN03407;AN03407-11;gid://shopify/ProductVariant/46393502794023;5.0;0.0;True;False
gid://shopify/ProductVariant/46393502826791;AN03407-12;12;7500.0;6500.0;5;gid://shopify/Product/8582663930151;Anel Rock Star | Ouro Branco 18K com Ródio Negro, Diamantes e Safira;65;13;2;AN03407;AN03407-12;gid://shopify/ProductVariant/46393502826791;5.0;0.0;True;False
gid://shopify/ProductVariant/46393502859559;AN03407-13;13;7500.0;6500.0;5;gid://shopify/Product/8582663930151;Anel Rock Star | Ouro Branco 18K com Ródio Negro, Diamantes e Safira;65;13;2;AN03407;AN03407-13;gid://shopify/ProductVariant/46393502859559;5.0;0.0;True;False
gid://shopify/ProductVariant/46393502892327;AN03407-14;14;7500.0;6500.0;5;gid://shopify/Product/8582663930151;Anel Rock Star | Ouro Branco 18K com Ródio Negro, Diamantes e Safira;65;13;2;AN03407;AN03407-14;gid://shopify/ProductVariant/46393502892327;5.0;0.0;True;False
gid://shopify/ProductVariant/46393502925095;AN03407-15;15;7500.0;6500.0;5;gid://shopify/Product/8582663930151;Anel Rock Star | Ouro Branco 18K com Ródio Negro, Diamantes e Safira;65;13;2;AN03407;AN03407-15;gid://shopify/ProductVariant/46393502925095;5.0;0.0;True;False
gid://shopify/ProductVariant/46393502957863;AN03407-16;16;7500.0;6500.0;5;gid://shopify/Product/8582663930151;Anel Rock Star | Ouro Branco 18K com Ródio Negro, Diamantes e Safira;65;13;2;AN03407;AN03407-16;gid://shopify/ProductVariant/46393502957863;5.0;0.0;True;False
gid://shopify/ProductVariant/46393502990631;AN03407-17;17;7500.0;6500.0;5;gid://shopify/Product/8582663930151;Anel Rock Star | Ouro Branco 18K com Ródio Negro, Diamantes e Safira;65;13;2;AN03407;AN03407-17;gid://shopify/ProductVariant/46393502990631;5.0;0.0;True;False
gid://shopify/ProductVariant/46393503023399;AN03407-18;18;7500.0;6500.0;5;gid://shopify/Product/8582663930151;Anel Rock Star | Ouro Branco 18K com Ródio Negro, Diamantes e Safira;65;13;2;AN03407;AN03407-18;gid://shopify/ProductVariant/46393503023399;5.0;0.0;True;False
gid://shopify/ProductVariant/46393503056167;AN03407-19;19;7500.0;6500.0;5;gid://shopify/Product/8582663930151;Anel Rock Star | Ouro Branco 18K com Ródio Negro, Diamantes e Safira;65;13;2;AN03407;AN03407-19;gid://shopify/ProductVariant/46393503056167;5.0;0.0;True;False
gid://shopify/ProductVariant/46393503088935;AN03407-20;20;7500.0;6500.0;5;gid://shopify/Product/8582663930151;Anel Rock Star | Ouro Branco 18K com Ródio Negro, Diamantes e Safira;65;13;2;AN03407;AN03407-20;gid://shopify/ProductVariant/46393503088935;5.0;0.0;True;False
gid://shopify/ProductVariant/46393503121703;AN03407-21;21;7500.0;6500.0;5;gid://shopify/Product/8582663930151;Anel Rock Star | Ouro Branco 18K com Ródio Negro, Diamantes e Safira;65;13;2;AN03407;AN03407-21;gid://shopify/ProductVariant/46393503121703;5.0;0.0;True;False
gid://shopify/ProductVariant/46393503154471;AN03407-22;22;7500.0;6500.0;5;gid://shopify/Product/8582663930151;Anel Rock Star | Ouro Branco 18K com Ródio Negro, Diamantes e Safira;65;13;2;AN03407;AN03407-22;gid://shopify/ProductVariant/46393503154471;5.0;0.0;True;False
gid://shopify/ProductVariant/46393503285543;AN03408-10;10;24500.0;21000.0;5;gid://shopify/Product/8582664028455;Anel Rock Star - G | Ouro Branco 18K com Ródio Negro, Diamantes e Esmeralda;66;13;2;AN03408;AN03408-10;gid://shopify/ProductVariant/46393503285543;5.0;0.0;True;False
gid://shopify/ProductVariant/46393503318311;AN03408-11;11;24500.0;21000.0;5;gid://shopify/Product/8582664028455;Anel Rock Star - G | Ouro Branco 18K com Ródio Negro, Diamantes e Esmeralda;66;13;2;AN03408;AN03408-11;gid://shopify/ProductVariant/46393503318311;5.0;0.0;True;False
gid://shopify/ProductVariant/46393503351079;AN03408-12;12;24500.0;21000.0;5;gid://shopify/Product/8582664028455;Anel Rock Star - G | Ouro Branco 18K com Ródio Negro, Diamantes e Esmeralda;66;13;2;AN03408;AN03408-12;gid://shopify/ProductVariant/46393503351079;5.0;0.0;True;False
gid://shopify/ProductVariant/46393503383847;AN03408-13;13;24500.0;21000.0;5;gid://shopify/Product/8582664028455;Anel Rock Star - G | Ouro Branco 18K com Ródio Negro, Diamantes e Esmeralda;66;13;2;AN03408;AN03408-13;gid://shopify/ProductVariant/46393503383847;5.0;0.0;True;False
gid://shopify/ProductVariant/46393503416615;AN03408-14;14;24500.0;21000.0;5;gid://shopify/Product/8582664028455;Anel Rock Star - G | Ouro Branco 18K com Ródio Negro, Diamantes e Esmeralda;66;13;2;AN03408;AN03408-14;gid://shopify/ProductVariant/46393503416615;5.0;0.0;True;False
gid://shopify/ProductVariant/46393503449383;AN03408-15;15;24500.0;21000.0;5;gid://shopify/Product/8582664028455;Anel Rock Star - G | Ouro Branco 18K com Ródio Negro, Diamantes e Esmeralda;66;13;2;AN03408;AN03408-15;gid://shopify/ProductVariant/46393503449383;5.0;0.0;True;False
gid://shopify/ProductVariant/46393503482151;AN03408-16;16;24500.0;21000.0;5;gid://shopify/Product/8582664028455;Anel Rock Star - G | Ouro Branco 18K com Ródio Negro, Diamantes e Esmeralda;66;13;2;AN03408;AN03408-16;gid://shopify/ProductVariant/46393503482151;5.0;0.0;True;False
gid://shopify/ProductVariant/46393503514919;AN03408-17;17;24500.0;21000.0;6;gid://shopify/Product/8582664028455;Anel Rock Star - G | Ouro Branco 18K com Ródio Negro, Diamantes e Esmeralda;66;13;2;AN03408;AN03408-17;gid://shopify/ProductVariant/46393503514919;5.0;0.0;True;True
gid://shopify/ProductVariant/46393503547687;AN03408-18;18;24500.0;21000.0;5;gid://shopify/Product/8582664028455;Anel Rock Star - G | Ouro Branco 18K com Ródio Negro, Diamantes e Esmeralda;66;13;2;AN03408;AN03408-18;gid://shopify/ProductVariant/46393503547687;5.0;0.0;True;False
gid://shopify/ProductVariant/46393503580455;AN03408-19;19;24500.0;21000.0;5;gid://shopify/Product/8582664028455;Anel Rock Star - G | Ouro Branco 18K com Ródio Negro, Diamantes e Esmeralda;66;13;2;AN03408;AN03408-19;gid://shopify/ProductVariant/46393503580455;5.0;0.0;True;False
gid://shopify/ProductVariant/46393503613223;AN03408-20;20;24500.0;21000.0;5;gid://shopify/Product/8582664028455;Anel Rock Star - G | Ouro Branco 18K com Ródio Negro, Diamantes e Esmeralda;66;13;2;AN03408;AN03408-20;gid://shopify/ProductVariant/46393503613223;5.0;0.0;True;False
gid://shopify/ProductVariant/46393503645991;AN03408-21;21;24500.0;21000.0;5;gid://shopify/Product/8582664028455;Anel Rock Star - G | Ouro Branco 18K com Ródio Negro, Diamantes e Esmeralda;66;13;2;AN03408;AN03408-21;gid://shopify/ProductVariant/46393503645991;5.0;0.0;True;False
gid://shopify/ProductVariant/46393503678759;AN03408-22;22;24500.0;21000.0;5;gid://shopify/Product/8582664028455;Anel Rock Star - G | Ouro Branco 18K com Ródio Negro, Diamantes e Esmeralda;66;13;2;AN03408;AN03408-22;gid://shopify/ProductVariant/46393503678759;5.0;0.0;True;False
gid://shopify/ProductVariant/46393503711527;AN03409-10;10;21900.0;19000.0;5;gid://shopify/Product/8582664093991;Anel Rock Star - G | Ouro Branco 18K com Ródio Negro, Diamantes e Rubi;65;13;2;AN03409;AN03409-10;gid://shopify/ProductVariant/46393503711527;5.0;0.0;True;False
gid://shopify/ProductVariant/46393503744295;AN03409-11;11;21900.0;19000.0;5;gid://shopify/Product/8582664093991;Anel Rock Star - G | Ouro Branco 18K com Ródio Negro, Diamantes e Rubi;65;13;2;AN03409;AN03409-11;gid://shopify/ProductVariant/46393503744295;5.0;0.0;True;False
gid://shopify/ProductVariant/46393503777063;AN03409-12;12;21900.0;19000.0;5;gid://shopify/Product/8582664093991;Anel Rock Star - G | Ouro Branco 18K com Ródio Negro, Diamantes e Rubi;65;13;2;AN03409;AN03409-12;gid://shopify/ProductVariant/46393503777063;5.0;0.0;True;False
gid://shopify/ProductVariant/46393503842599;AN03409-13;13;21900.0;19000.0;5;gid://shopify/Product/8582664093991;Anel Rock Star - G | Ouro Branco 18K com Ródio Negro, Diamantes e Rubi;65;13;2;AN03409;AN03409-13;gid://shopify/ProductVariant/46393503842599;5.0;0.0;True;False
gid://shopify/ProductVariant/46393503908135;AN03409-14;14;21900.0;19000.0;5;gid://shopify/Product/8582664093991;Anel Rock Star - G | Ouro Branco 18K com Ródio Negro, Diamantes e Rubi;65;13;2;AN03409;AN03409-14;gid://shopify/ProductVariant/46393503908135;5.0;0.0;True;False
gid://shopify/ProductVariant/46393503940903;AN03409-15;15;21900.0;19000.0;5;gid://shopify/Product/8582664093991;Anel Rock Star - G | Ouro Branco 18K com Ródio Negro, Diamantes e Rubi;65;13;2;AN03409;AN03409-15;gid://shopify/ProductVariant/46393503940903;5.0;0.0;True;False
gid://shopify/ProductVariant/46393504006439;AN03409-16;16;21900.0;19000.0;5;gid://shopify/Product/8582664093991;Anel Rock Star - G | Ouro Branco 18K com Ródio Negro, Diamantes e Rubi;65;13;2;AN03409;AN03409-16;gid://shopify/ProductVariant/46393504006439;5.0;0.0;True;False
gid://shopify/ProductVariant/46393504071975;AN03409-17;17;21900.0;19000.0;5;gid://shopify/Product/8582664093991;Anel Rock Star - G | Ouro Branco 18K com Ródio Negro, Diamantes e Rubi;65;13;2;AN03409;AN03409-17;gid://shopify/ProductVariant/46393504071975;5.0;0.0;True;False
gid://shopify/ProductVariant/46393504104743;AN03409-18;18;21900.0;19000.0;5;gid://shopify/Product/8582664093991;Anel Rock Star - G | Ouro Branco 18K com Ródio Negro, Diamantes e Rubi;65;13;2;AN03409;AN03409-18;gid://shopify/ProductVariant/46393504104743;5.0;0.0;True;False
gid://shopify/ProductVariant/46393504137511;AN03409-19;19;21900.0;19000.0;5;gid://shopify/Product/8582664093991;Anel Rock Star - G | Ouro Branco 18K com Ródio Negro, Diamantes e Rubi;65;13;2;AN03409;AN03409-19;gid://shopify/ProductVariant/46393504137511;5.0;0.0;True;False
gid://shopify/ProductVariant/46393504170279;AN03409-20;20;21900.0;19000.0;5;gid://shopify/Product/8582664093991;Anel Rock Star - G | Ouro Branco 18K com Ródio Negro, Diamantes e Rubi;65;13;2;AN03409;AN03409-20;gid://shopify/ProductVariant/46393504170279;5.0;0.0;True;False
gid://shopify/ProductVariant/46393504203047;AN03409-21;21;21900.0;19000.0;5;gid://shopify/Product/8582664093991;Anel Rock Star - G | Ouro Branco 18K com Ródio Negro, Diamantes e Rubi;65;13;2;AN03409;AN03409-21;gid://shopify/ProductVariant/46393504203047;5.0;0.0;True;False
gid://shopify/ProductVariant/46393504235815;AN03409-22;22;21900.0;19000.0;5;gid://shopify/Product/8582664093991;Anel Rock Star - G | Ouro Branco 18K com Ródio Negro, Diamantes e Rubi;65;13;2;AN03409;AN03409-22;gid://shopify/ProductVariant/46393504235815;5.0;0.0;True;False
gid://shopify/ProductVariant/46393504366887;AN03410-10;10;21900.0;19000.0;5;gid://shopify/Product/8582664126759;Anel Rock Star - G | Ouro Branco 18K com Ródio Negro, Diamantes e Safira;65;13;2;AN03410;AN03410-10;gid://shopify/ProductVariant/46393504366887;5.0;0.0;True;False
gid://shopify/ProductVariant/46393504399655;AN03410-11;11;21900.0;19000.0;5;gid://shopify/Product/8582664126759;Anel Rock Star - G | Ouro Branco 18K com Ródio Negro, Diamantes e Safira;65;13;2;AN03410;AN03410-11;gid://shopify/ProductVariant/46393504399655;5.0;0.0;True;False
gid://shopify/ProductVariant/46393504432423;AN03410-12;12;21900.0;19000.0;5;gid://shopify/Product/8582664126759;Anel Rock Star - G | Ouro Branco 18K com Ródio Negro, Diamantes e Safira;65;13;2;AN03410;AN03410-12;gid://shopify/ProductVariant/46393504432423;5.0;0.0;True;False
gid://shopify/ProductVariant/46393504465191;AN03410-13;13;21900.0;19000.0;5;gid://shopify/Product/8582664126759;Anel Rock Star - G | Ouro Branco 18K com Ródio Negro, Diamantes e Safira;65;13;2;AN03410;AN03410-13;gid://shopify/ProductVariant/46393504465191;5.0;0.0;True;False
gid://shopify/ProductVariant/46393504497959;AN03410-14;14;21900.0;19000.0;5;gid://shopify/Product/8582664126759;Anel Rock Star - G | Ouro Branco 18K com Ródio Negro, Diamantes e Safira;65;13;2;AN03410;AN03410-14;gid://shopify/ProductVariant/46393504497959;5.0;0.0;True;False
gid://shopify/ProductVariant/46393504530727;AN03410-15;15;21900.0;19000.0;5;gid://shopify/Product/8582664126759;Anel Rock Star - G | Ouro Branco 18K com Ródio Negro, Diamantes e Safira;65;13;2;AN03410;AN03410-15;gid://shopify/ProductVariant/46393504530727;5.0;0.0;True;False
gid://shopify/ProductVariant/46393504563495;AN03410-16;16;21900.0;19000.0;5;gid://shopify/Product/8582664126759;Anel Rock Star - G | Ouro Branco 18K com Ródio Negro, Diamantes e Safira;65;13;2;AN03410;AN03410-16;gid://shopify/ProductVariant/46393504563495;5.0;0.0;True;False
gid://shopify/ProductVariant/46393504596263;AN03410-17;17;21900.0;19000.0;5;gid://shopify/Product/8582664126759;Anel Rock Star - G | Ouro Branco 18K com Ródio Negro, Diamantes e Safira;65;13;2;AN03410;AN03410-17;gid://shopify/ProductVariant/46393504596263;5.0;0.0;True;False
gid://shopify/ProductVariant/46393504629031;AN03410-18;18;21900.0;19000.0;5;gid://shopify/Product/8582664126759;Anel Rock Star - G | Ouro Branco 18K com Ródio Negro, Diamantes e Safira;65;13;2;AN03410;AN03410-18;gid://shopify/ProductVariant/46393504629031;5.0;0.0;True;False
gid://shopify/ProductVariant/46393504661799;AN03410-19;19;21900.0;19000.0;5;gid://shopify/Product/8582664126759;Anel Rock Star - G | Ouro Branco 18K com Ródio Negro, Diamantes e Safira;65;13;2;AN03410;AN03410-19;gid://shopify/ProductVariant/46393504661799;5.0;0.0;True;False
gid://shopify/ProductVariant/46393504694567;AN03410-20;20;21900.0;19000.0;5;gid://shopify/Product/8582664126759;Anel Rock Star - G | Ouro Branco 18K com Ródio Negro, Diamantes e Safira;65;13;2;AN03410;AN03410-20;gid://shopify/ProductVariant/46393504694567;5.0;0.0;True;False
gid://shopify/ProductVariant/46393504727335;AN03410-21;21;21900.0;19000.0;5;gid://shopify/Product/8582664126759;Anel Rock Star - G | Ouro Branco 18K com Ródio Negro, Diamantes e Safira;65;13;2;AN03410;AN03410-21;gid://shopify/ProductVariant/46393504727335;5.0;0.0;True;False
gid://shopify/ProductVariant/46393504760103;AN03410-22;22;21900.0;19000.0;5;gid://shopify/Product/8582664126759;Anel Rock Star - G | Ouro Branco 18K com Ródio Negro, Diamantes e Safira;65;13;2;AN03410;AN03410-22;gid://shopify/ProductVariant/46393504760103;5.0;0.0;True;False
gid://shopify/ProductVariant/46393505055015;AN03456-10;10;18000.0;18000.0;0;gid://shopify/Product/8582664290599;Anel Rock Star | Ouro Branco 18K com Ródio Negro, Quartzo e Diamantes;0;13;1;AN03456;AN03456-10;gid://shopify/ProductVariant/46393505055015;0.0;0.0;False;False
gid://shopify/ProductVariant/46393505087783;AN03456-11;11;18000.0;18000.0;0;gid://shopify/Product/8582664290599;Anel Rock Star | Ouro Branco 18K com Ródio Negro, Quartzo e Diamantes;0;13;1;AN03456;AN03456-11;gid://shopify/ProductVariant/46393505087783;0.0;0.0;False;False
gid://shopify/ProductVariant/46393505120551;AN03456-12;12;18000.0;18000.0;0;gid://shopify/Product/8582664290599;Anel Rock Star | Ouro Branco 18K com Ródio Negro, Quartzo e Diamantes;0;13;1;AN03456;AN03456-12;gid://shopify/ProductVariant/46393505120551;0.0;0.0;False;False
gid://shopify/ProductVariant/46393505153319;AN03456-13;13;18000.0;18000.0;0;gid://shopify/Product/8582664290599;Anel Rock Star | Ouro Branco 18K com Ródio Negro, Quartzo e Diamantes;0;13;1;AN03456;AN03456-13;gid://shopify/ProductVariant/46393505153319;0.0;0.0;False;False
gid://shopify/ProductVariant/46393505186087;AN03456-14;14;18000.0;18000.0;0;gid://shopify/Product/8582664290599;Anel Rock Star | Ouro Branco 18K com Ródio Negro, Quartzo e Diamantes;0;13;1;AN03456;AN03456-14;gid://shopify/ProductVariant/46393505186087;0.0;0.0;False;False
gid://shopify/ProductVariant/46393505218855;AN03456-15;15;18000.0;18000.0;0;gid://shopify/Product/8582664290599;Anel Rock Star | Ouro Branco 18K com Ródio Negro, Quartzo e Diamantes;0;13;1;AN03456;AN03456-15;gid://shopify/ProductVariant/46393505218855;0.0;0.0;False;False
gid://shopify/ProductVariant/46393505251623;AN03456-16;16;18000.0;18000.0;0;gid://shopify/Product/8582664290599;Anel Rock Star | Ouro Branco 18K com Ródio Negro, Quartzo e Diamantes;0;13;1;AN03456;AN03456-16;gid://shopify/ProductVariant/46393505251623;0.0;0.0;False;False
gid://shopify/ProductVariant/46393505284391;AN03456-17;17;18000.0;18000.0;0;gid://shopify/Product/8582664290599;Anel Rock Star | Ouro Branco 18K com Ródio Negro, Quartzo e Diamantes;0;13;1;AN03456;AN03456-17;gid://shopify/ProductVariant/46393505284391;0.0;0.0;False;False
gid://shopify/ProductVariant/46393505317159;AN03456-18;18;18000.0;18000.0;0;gid://shopify/Product/8582664290599;Anel Rock Star | Ouro Branco 18K com Ródio Negro, Quartzo e Diamantes;0;13;1;AN03456;AN03456-18;gid://shopify/ProductVariant/46393505317159;0.0;0.0;False;False
gid://shopify/ProductVariant/46393505349927;AN03456-19;19;18000.0;18000.0;0;gid://shopify/Product/8582664290599;Anel Rock Star | Ouro Branco 18K com Ródio Negro, Quartzo e Diamantes;0;13;1;AN03456;AN03456-19;gid://shopify/ProductVariant/46393505349927;0.0;0.0;False;False
gid://shopify/ProductVariant/46393505382695;AN03456-20;20;18000.0;18000.0;0;gid://shopify/Product/8582664290599;Anel Rock Star | Ouro Branco 18K com Ródio Negro, Quartzo e Diamantes;0;13;1;AN03456;AN03456-20;gid://shopify/ProductVariant/46393505382695;0.0;0.0;False;False
gid://shopify/ProductVariant/46393505415463;AN03456-21;21;18000.0;18000.0;0;gid://shopify/Product/8582664290599;Anel Rock Star | Ouro Branco 18K com Ródio Negro, Quartzo e Diamantes;0;13;1;AN03456;AN03456-21;gid://shopify/ProductVariant/46393505415463;0.0;0.0;False;False
gid://shopify/ProductVariant/46393505448231;AN03456-22;22;18000.0;18000.0;0;gid://shopify/Product/8582664290599;Anel Rock Star | Ouro Branco 18K com Ródio Negro, Quartzo e Diamantes;0;13;1;AN03456;AN03456-22;gid://shopify/ProductVariant/46393505448231;0.0;0.0;False;False
gid://shopify/ProductVariant/46393506038055;AN03397-10;10;18900.0;16500.0;5;gid://shopify/Product/8582664388903;Anel Rock Star | Ouro Branco 18K com Ametista e Diamantes;65;13;1;AN03397;AN03397-10;gid://shopify/ProductVariant/46393506038055;5.0;0.0;True;False
gid://shopify/ProductVariant/46393506070823;AN03397-11;11;18900.0;16500.0;5;gid://shopify/Product/8582664388903;Anel Rock Star | Ouro Branco 18K com Ametista e Diamantes;65;13;1;AN03397;AN03397-11;gid://shopify/ProductVariant/46393506070823;5.0;0.0;True;False
gid://shopify/ProductVariant/46393506136359;AN03397-12;12;18900.0;16500.0;5;gid://shopify/Product/8582664388903;Anel Rock Star | Ouro Branco 18K com Ametista e Diamantes;65;13;1;AN03397;AN03397-12;gid://shopify/ProductVariant/46393506136359;5.0;0.0;True;False
gid://shopify/ProductVariant/46393506234663;AN03397-13;13;18900.0;16500.0;5;gid://shopify/Product/8582664388903;Anel Rock Star | Ouro Branco 18K com Ametista e Diamantes;65;13;1;AN03397;AN03397-13;gid://shopify/ProductVariant/46393506234663;5.0;0.0;True;False
gid://shopify/ProductVariant/46393506267431;AN03397-14;14;18900.0;16500.0;5;gid://shopify/Product/8582664388903;Anel Rock Star | Ouro Branco 18K com Ametista e Diamantes;65;13;1;AN03397;AN03397-14;gid://shopify/ProductVariant/46393506267431;5.0;0.0;True;False
gid://shopify/ProductVariant/46393506300199;AN03397-15;15;18900.0;16500.0;5;gid://shopify/Product/8582664388903;Anel Rock Star | Ouro Branco 18K com Ametista e Diamantes;65;13;1;AN03397;AN03397-15;gid://shopify/ProductVariant/46393506300199;5.0;0.0;True;False
gid://shopify/ProductVariant/46393506332967;AN03397-16;16;18900.0;16500.0;5;gid://shopify/Product/8582664388903;Anel Rock Star | Ouro Branco 18K com Ametista e Diamantes;65;13;1;AN03397;AN03397-16;gid://shopify/ProductVariant/46393506332967;5.0;0.0;True;False
gid://shopify/ProductVariant/46393506365735;AN03397-17;17;18900.0;16500.0;5;gid://shopify/Product/8582664388903;Anel Rock Star | Ouro Branco 18K com Ametista e Diamantes;65;13;1;AN03397;AN03397-17;gid://shopify/ProductVariant/46393506365735;5.0;0.0;True;False
gid://shopify/ProductVariant/46393506398503;AN03397-18;18;18900.0;16500.0;5;gid://shopify/Product/8582664388903;Anel Rock Star | Ouro Branco 18K com Ametista e Diamantes;65;13;1;AN03397;AN03397-18;gid://shopify/ProductVariant/46393506398503;5.0;0.0;True;False
gid://shopify/ProductVariant/46393506431271;AN03397-19;19;18900.0;16500.0;5;gid://shopify/Product/8582664388903;Anel Rock Star | Ouro Branco 18K com Ametista e Diamantes;65;13;1;AN03397;AN03397-19;gid://shopify/ProductVariant/46393506431271;5.0;0.0;True;False
gid://shopify/ProductVariant/46393506464039;AN03397-20;20;18900.0;16500.0;5;gid://shopify/Product/8582664388903;Anel Rock Star | Ouro Branco 18K com Ametista e Diamantes;65;13;1;AN03397;AN03397-20;gid://shopify/ProductVariant/46393506464039;5.0;0.0;True;False
gid://shopify/ProductVariant/46393506496807;AN03397-21;21;18900.0;16500.0;5;gid://shopify/Product/8582664388903;Anel Rock Star | Ouro Branco 18K com Ametista e Diamantes;65;13;1;AN03397;AN03397-21;gid://shopify/ProductVariant/46393506496807;5.0;0.0;True;False
gid://shopify/ProductVariant/46393506529575;AN03397-22;22;18900.0;16500.0;5;gid://shopify/Product/8582664388903;Anel Rock Star | Ouro Branco 18K com Ametista e Diamantes;65;13;1;AN03397;AN03397-22;gid://shopify/ProductVariant/46393506529575;5.0;0.0;True;False
gid://shopify/ProductVariant/46393507021095;AN03398-10;10;8000.0;8000.0;0;gid://shopify/Product/8582664585511;Anel Rock Star | Ouro Branco 18K com Ródio Negro, Diamantes e Safira;0;13;2;AN03398;AN03398-10;gid://shopify/ProductVariant/46393507021095;0.0;0.0;False;False
gid://shopify/ProductVariant/46393507053863;AN03398-11;11;8000.0;8000.0;0;gid://shopify/Product/8582664585511;Anel Rock Star | Ouro Branco 18K com Ródio Negro, Diamantes e Safira;0;13;2;AN03398;AN03398-11;gid://shopify/ProductVariant/46393507053863;0.0;0.0;False;False
gid://shopify/ProductVariant/46393507086631;AN03398-12;12;8000.0;8000.0;0;gid://shopify/Product/8582664585511;Anel Rock Star | Ouro Branco 18K com Ródio Negro, Diamantes e Safira;0;13;2;AN03398;AN03398-12;gid://shopify/ProductVariant/46393507086631;0.0;0.0;False;False
gid://shopify/ProductVariant/46393507119399;AN03398-13;13;8000.0;8000.0;0;gid://shopify/Product/8582664585511;Anel Rock Star | Ouro Branco 18K com Ródio Negro, Diamantes e Safira;0;13;2;AN03398;AN03398-13;gid://shopify/ProductVariant/46393507119399;0.0;0.0;False;False
gid://shopify/ProductVariant/46393507152167;AN03398-14;14;8000.0;8000.0;0;gid://shopify/Product/8582664585511;Anel Rock Star | Ouro Branco 18K com Ródio Negro, Diamantes e Safira;0;13;2;AN03398;AN03398-14;gid://shopify/ProductVariant/46393507152167;0.0;0.0;False;False
gid://shopify/ProductVariant/46393507184935;AN03398-15;15;8000.0;8000.0;0;gid://shopify/Product/8582664585511;Anel Rock Star | Ouro Branco 18K com Ródio Negro, Diamantes e Safira;0;13;2;AN03398;AN03398-15;gid://shopify/ProductVariant/46393507184935;0.0;0.0;False;False
gid://shopify/ProductVariant/46393507217703;AN03398-16;16;8000.0;8000.0;0;gid://shopify/Product/8582664585511;Anel Rock Star | Ouro Branco 18K com Ródio Negro, Diamantes e Safira;0;13;2;AN03398;AN03398-16;gid://shopify/ProductVariant/46393507217703;0.0;0.0;False;False
gid://shopify/ProductVariant/46393507250471;AN03398-17;17;8000.0;8000.0;0;gid://shopify/Product/8582664585511;Anel Rock Star | Ouro Branco 18K com Ródio Negro, Diamantes e Safira;0;13;2;AN03398;AN03398-17;gid://shopify/ProductVariant/46393507250471;0.0;0.0;False;False
gid://shopify/ProductVariant/46393507283239;AN03398-18;18;8000.0;8000.0;0;gid://shopify/Product/8582664585511;Anel Rock Star | Ouro Branco 18K com Ródio Negro, Diamantes e Safira;0;13;2;AN03398;AN03398-18;gid://shopify/ProductVariant/46393507283239;0.0;0.0;False;False
gid://shopify/ProductVariant/46393507316007;AN03398-19;19;8000.0;8000.0;0;gid://shopify/Product/8582664585511;Anel Rock Star | Ouro Branco 18K com Ródio Negro, Diamantes e Safira;0;13;2;AN03398;AN03398-19;gid://shopify/ProductVariant/46393507316007;0.0;0.0;False;False
gid://shopify/ProductVariant/46393507348775;AN03398-20;20;8000.0;8000.0;0;gid://shopify/Product/8582664585511;Anel Rock Star | Ouro Branco 18K com Ródio Negro, Diamantes e Safira;0;13;2;AN03398;AN03398-20;gid://shopify/ProductVariant/46393507348775;0.0;0.0;False;False
gid://shopify/ProductVariant/46393507381543;AN03398-21;21;8000.0;8000.0;0;gid://shopify/Product/8582664585511;Anel Rock Star | Ouro Branco 18K com Ródio Negro, Diamantes e Safira;0;13;2;AN03398;AN03398-21;gid://shopify/ProductVariant/46393507381543;0.0;0.0;False;False
gid://shopify/ProductVariant/46393507414311;AN03398-22;22;8000.0;8000.0;0;gid://shopify/Product/8582664585511;Anel Rock Star | Ouro Branco 18K com Ródio Negro, Diamantes e Safira;0;13;2;AN03398;AN03398-22;gid://shopify/ProductVariant/46393507414311;0.0;0.0;False;False
gid://shopify/ProductVariant/46393507709223;AN03399-10;10;7500.0;7500.0;0;gid://shopify/Product/8582664782119;Anel Rock Star | Ouro Branco 18K com Ródio Negro, Diamante e Safiras;0;13;2;AN03399;AN03399-10;gid://shopify/ProductVariant/46393507709223;0.0;0.0;False;False
gid://shopify/ProductVariant/46393507741991;AN03399-11;11;7500.0;7500.0;0;gid://shopify/Product/8582664782119;Anel Rock Star | Ouro Branco 18K com Ródio Negro, Diamante e Safiras;0;13;2;AN03399;AN03399-11;gid://shopify/ProductVariant/46393507741991;0.0;0.0;False;False
gid://shopify/ProductVariant/46393507774759;AN03399-12;12;7500.0;7500.0;0;gid://shopify/Product/8582664782119;Anel Rock Star | Ouro Branco 18K com Ródio Negro, Diamante e Safiras;0;13;2;AN03399;AN03399-12;gid://shopify/ProductVariant/46393507774759;0.0;0.0;False;False
gid://shopify/ProductVariant/46393507807527;AN03399-13;13;7500.0;7500.0;0;gid://shopify/Product/8582664782119;Anel Rock Star | Ouro Branco 18K com Ródio Negro, Diamante e Safiras;0;13;2;AN03399;AN03399-13;gid://shopify/ProductVariant/46393507807527;0.0;0.0;False;False
gid://shopify/ProductVariant/46393507840295;AN03399-14;14;7500.0;7500.0;0;gid://shopify/Product/8582664782119;Anel Rock Star | Ouro Branco 18K com Ródio Negro, Diamante e Safiras;0;13;2;AN03399;AN03399-14;gid://shopify/ProductVariant/46393507840295;0.0;0.0;False;False
gid://shopify/ProductVariant/46393507873063;AN03399-15;15;7500.0;7500.0;0;gid://shopify/Product/8582664782119;Anel Rock Star | Ouro Branco 18K com Ródio Negro, Diamante e Safiras;0;13;2;AN03399;AN03399-15;gid://shopify/ProductVariant/46393507873063;0.0;0.0;False;False
gid://shopify/ProductVariant/46393507905831;AN03399-16;16;7500.0;7500.0;0;gid://shopify/Product/8582664782119;Anel Rock Star | Ouro Branco 18K com Ródio Negro, Diamante e Safiras;0;13;2;AN03399;AN03399-16;gid://shopify/ProductVariant/46393507905831;0.0;0.0;False;False
gid://shopify/ProductVariant/46393507938599;AN03399-17;17;7500.0;7500.0;0;gid://shopify/Product/8582664782119;Anel Rock Star | Ouro Branco 18K com Ródio Negro, Diamante e Safiras;0;13;2;AN03399;AN03399-17;gid://shopify/ProductVariant/46393507938599;0.0;0.0;False;False
gid://shopify/ProductVariant/46393507971367;AN03399-18;18;7500.0;7500.0;0;gid://shopify/Product/8582664782119;Anel Rock Star | Ouro Branco 18K com Ródio Negro, Diamante e Safiras;0;13;2;AN03399;AN03399-18;gid://shopify/ProductVariant/46393507971367;0.0;0.0;False;False
gid://shopify/ProductVariant/46393508004135;AN03399-19;19;7500.0;7500.0;0;gid://shopify/Product/8582664782119;Anel Rock Star | Ouro Branco 18K com Ródio Negro, Diamante e Safiras;0;13;2;AN03399;AN03399-19;gid://shopify/ProductVariant/46393508004135;0.0;0.0;False;False
gid://shopify/ProductVariant/46393508036903;AN03399-20;20;7500.0;7500.0;0;gid://shopify/Product/8582664782119;Anel Rock Star | Ouro Branco 18K com Ródio Negro, Diamante e Safiras;0;13;2;AN03399;AN03399-20;gid://shopify/ProductVariant/46393508036903;0.0;0.0;False;False
gid://shopify/ProductVariant/46393508069671;AN03399-21;21;7500.0;7500.0;0;gid://shopify/Product/8582664782119;Anel Rock Star | Ouro Branco 18K com Ródio Negro, Diamante e Safiras;0;13;2;AN03399;AN03399-21;gid://shopify/ProductVariant/46393508069671;0.0;0.0;False;False
gid://shopify/ProductVariant/46393508102439;AN03399-22;22;7500.0;7500.0;0;gid://shopify/Product/8582664782119;Anel Rock Star | Ouro Branco 18K com Ródio Negro, Diamante e Safiras;0;13;2;AN03399;AN03399-22;gid://shopify/ProductVariant/46393508102439;0.0;0.0;False;False
gid://shopify/ProductVariant/46393508299047;AN03400-10;10;5500.0;4600.0;5;gid://shopify/Product/8582664913191;Anel Rock Star - P | Ouro Branco 18K com Ródio Negro e Diamante Negros;65;13;2;AN03400;AN03400-10;gid://shopify/ProductVariant/46393508299047;5.0;0.0;True;False
gid://shopify/ProductVariant/46393508331815;AN03400-11;11;5500.0;4600.0;5;gid://shopify/Product/8582664913191;Anel Rock Star - P | Ouro Branco 18K com Ródio Negro e Diamante Negros;65;13;2;AN03400;AN03400-11;gid://shopify/ProductVariant/46393508331815;5.0;0.0;True;False
gid://shopify/ProductVariant/46393508364583;AN03400-12;12;5500.0;4600.0;5;gid://shopify/Product/8582664913191;Anel Rock Star - P | Ouro Branco 18K com Ródio Negro e Diamante Negros;65;13;2;AN03400;AN03400-12;gid://shopify/ProductVariant/46393508364583;5.0;0.0;True;False
gid://shopify/ProductVariant/46393508397351;AN03400-13;13;5500.0;4600.0;5;gid://shopify/Product/8582664913191;Anel Rock Star - P | Ouro Branco 18K com Ródio Negro e Diamante Negros;65;13;2;AN03400;AN03400-13;gid://shopify/ProductVariant/46393508397351;5.0;0.0;True;False
gid://shopify/ProductVariant/46393508430119;AN03400-14;14;5500.0;4600.0;5;gid://shopify/Product/8582664913191;Anel Rock Star - P | Ouro Branco 18K com Ródio Negro e Diamante Negros;65;13;2;AN03400;AN03400-14;gid://shopify/ProductVariant/46393508430119;5.0;0.0;True;False
gid://shopify/ProductVariant/46393508462887;AN03400-15;15;5500.0;4600.0;5;gid://shopify/Product/8582664913191;Anel Rock Star - P | Ouro Branco 18K com Ródio Negro e Diamante Negros;65;13;2;AN03400;AN03400-15;gid://shopify/ProductVariant/46393508462887;5.0;0.0;True;False
gid://shopify/ProductVariant/46393508495655;AN03400-16;16;5500.0;4600.0;5;gid://shopify/Product/8582664913191;Anel Rock Star - P | Ouro Branco 18K com Ródio Negro e Diamante Negros;65;13;2;AN03400;AN03400-16;gid://shopify/ProductVariant/46393508495655;5.0;0.0;True;False
gid://shopify/ProductVariant/46393508528423;AN03400-17;17;5500.0;4600.0;5;gid://shopify/Product/8582664913191;Anel Rock Star - P | Ouro Branco 18K com Ródio Negro e Diamante Negros;65;13;2;AN03400;AN03400-17;gid://shopify/ProductVariant/46393508528423;5.0;0.0;True;False
gid://shopify/ProductVariant/46393508561191;AN03400-18;18;5500.0;4600.0;5;gid://shopify/Product/8582664913191;Anel Rock Star - P | Ouro Branco 18K com Ródio Negro e Diamante Negros;65;13;2;AN03400;AN03400-18;gid://shopify/ProductVariant/46393508561191;5.0;0.0;True;False
gid://shopify/ProductVariant/46393508593959;AN03400-19;19;5500.0;4600.0;5;gid://shopify/Product/8582664913191;Anel Rock Star - P | Ouro Branco 18K com Ródio Negro e Diamante Negros;65;13;2;AN03400;AN03400-19;gid://shopify/ProductVariant/46393508593959;5.0;0.0;True;False
gid://shopify/ProductVariant/46393508626727;AN03400-20;20;5500.0;4600.0;5;gid://shopify/Product/8582664913191;Anel Rock Star - P | Ouro Branco 18K com Ródio Negro e Diamante Negros;65;13;2;AN03400;AN03400-20;gid://shopify/ProductVariant/46393508626727;5.0;0.0;True;False
gid://shopify/ProductVariant/46393508659495;AN03400-21;21;5500.0;4600.0;5;gid://shopify/Product/8582664913191;Anel Rock Star - P | Ouro Branco 18K com Ródio Negro e Diamante Negros;65;13;2;AN03400;AN03400-21;gid://shopify/ProductVariant/46393508659495;5.0;0.0;True;False
gid://shopify/ProductVariant/46393508692263;AN03400-22;22;5500.0;4600.0;5;gid://shopify/Product/8582664913191;Anel Rock Star - P | Ouro Branco 18K com Ródio Negro e Diamante Negros;65;13;2;AN03400;AN03400-22;gid://shopify/ProductVariant/46393508692263;5.0;0.0;True;False
gid://shopify/ProductVariant/46393509282087;AN03401-10;10;9500.0;8100.0;5;gid://shopify/Product/8582665077031;Anel Rock Star - P | Ouro Branco 18K com Ródio Negro e Esmeraldas;66;13;2;AN03401;AN03401-10;gid://shopify/ProductVariant/46393509282087;5.0;0.0;True;False
gid://shopify/ProductVariant/46393509314855;AN03401-11;11;9500.0;8100.0;5;gid://shopify/Product/8582665077031;Anel Rock Star - P | Ouro Branco 18K com Ródio Negro e Esmeraldas;66;13;2;AN03401;AN03401-11;gid://shopify/ProductVariant/46393509314855;5.0;0.0;True;False
gid://shopify/ProductVariant/46393509347623;AN03401-12;12;9500.0;8100.0;5;gid://shopify/Product/8582665077031;Anel Rock Star - P | Ouro Branco 18K com Ródio Negro e Esmeraldas;66;13;2;AN03401;AN03401-12;gid://shopify/ProductVariant/46393509347623;5.0;0.0;True;False
gid://shopify/ProductVariant/46393509380391;AN03401-13;13;9500.0;8100.0;5;gid://shopify/Product/8582665077031;Anel Rock Star - P | Ouro Branco 18K com Ródio Negro e Esmeraldas;66;13;2;AN03401;AN03401-13;gid://shopify/ProductVariant/46393509380391;5.0;0.0;True;False
gid://shopify/ProductVariant/46393509413159;AN03401-14;14;9500.0;8100.0;5;gid://shopify/Product/8582665077031;Anel Rock Star - P | Ouro Branco 18K com Ródio Negro e Esmeraldas;66;13;2;AN03401;AN03401-14;gid://shopify/ProductVariant/46393509413159;5.0;0.0;True;False
gid://shopify/ProductVariant/46393509445927;AN03401-15;15;9500.0;8100.0;5;gid://shopify/Product/8582665077031;Anel Rock Star - P | Ouro Branco 18K com Ródio Negro e Esmeraldas;66;13;2;AN03401;AN03401-15;gid://shopify/ProductVariant/46393509445927;5.0;0.0;True;False
gid://shopify/ProductVariant/46393509478695;AN03401-16;16;9500.0;8100.0;5;gid://shopify/Product/8582665077031;Anel Rock Star - P | Ouro Branco 18K com Ródio Negro e Esmeraldas;66;13;2;AN03401;AN03401-16;gid://shopify/ProductVariant/46393509478695;5.0;0.0;True;False
gid://shopify/ProductVariant/46393509511463;AN03401-17;17;9500.0;8100.0;6;gid://shopify/Product/8582665077031;Anel Rock Star - P | Ouro Branco 18K com Ródio Negro e Esmeraldas;66;13;2;AN03401;AN03401-17;gid://shopify/ProductVariant/46393509511463;5.0;0.0;True;True
gid://shopify/ProductVariant/46393509544231;AN03401-18;18;9500.0;8100.0;5;gid://shopify/Product/8582665077031;Anel Rock Star - P | Ouro Branco 18K com Ródio Negro e Esmeraldas;66;13;2;AN03401;AN03401-18;gid://shopify/ProductVariant/46393509544231;5.0;0.0;True;False
gid://shopify/ProductVariant/46393509576999;AN03401-19;19;9500.0;8100.0;5;gid://shopify/Product/8582665077031;Anel Rock Star - P | Ouro Branco 18K com Ródio Negro e Esmeraldas;66;13;2;AN03401;AN03401-19;gid://shopify/ProductVariant/46393509576999;5.0;0.0;True;False
gid://shopify/ProductVariant/46393509609767;AN03401-20;20;9500.0;8100.0;5;gid://shopify/Product/8582665077031;Anel Rock Star - P | Ouro Branco 18K com Ródio Negro e Esmeraldas;66;13;2;AN03401;AN03401-20;gid://shopify/ProductVariant/46393509609767;5.0;0.0;True;False
gid://shopify/ProductVariant/46393509642535;AN03401-21;21;9500.0;8100.0;5;gid://shopify/Product/8582665077031;Anel Rock Star - P | Ouro Branco 18K com Ródio Negro e Esmeraldas;66;13;2;AN03401;AN03401-21;gid://shopify/ProductVariant/46393509642535;5.0;0.0;True;False
gid://shopify/ProductVariant/46393509675303;AN03401-22;22;9500.0;8100.0;5;gid://shopify/Product/8582665077031;Anel Rock Star - P | Ouro Branco 18K com Ródio Negro e Esmeraldas;66;13;2;AN03401;AN03401-22;gid://shopify/ProductVariant/46393509675303;5.0;0.0;True;False
gid://shopify/ProductVariant/46393509904679;AN03402-10;10;7500.0;6500.0;5;gid://shopify/Product/8582665273639;Anel Rock Star - P | Ouro Branco 18K com Ródio Negro e Rubi;65;13;2;AN03402;AN03402-10;gid://shopify/ProductVariant/46393509904679;5.0;0.0;True;False
gid://shopify/ProductVariant/46393509937447;AN03402-11;11;7500.0;6500.0;5;gid://shopify/Product/8582665273639;Anel Rock Star - P | Ouro Branco 18K com Ródio Negro e Rubi;65;13;2;AN03402;AN03402-11;gid://shopify/ProductVariant/46393509937447;5.0;0.0;True;False
gid://shopify/ProductVariant/46393509970215;AN03402-12;12;7500.0;6500.0;5;gid://shopify/Product/8582665273639;Anel Rock Star - P | Ouro Branco 18K com Ródio Negro e Rubi;65;13;2;AN03402;AN03402-12;gid://shopify/ProductVariant/46393509970215;5.0;0.0;True;False
gid://shopify/ProductVariant/46393510002983;AN03402-13;13;7500.0;6500.0;5;gid://shopify/Product/8582665273639;Anel Rock Star - P | Ouro Branco 18K com Ródio Negro e Rubi;65;13;2;AN03402;AN03402-13;gid://shopify/ProductVariant/46393510002983;5.0;0.0;True;False
gid://shopify/ProductVariant/46393510035751;AN03402-14;14;7500.0;6500.0;5;gid://shopify/Product/8582665273639;Anel Rock Star - P | Ouro Branco 18K com Ródio Negro e Rubi;65;13;2;AN03402;AN03402-14;gid://shopify/ProductVariant/46393510035751;5.0;0.0;True;False
gid://shopify/ProductVariant/46393510068519;AN03402-15;15;7500.0;6500.0;5;gid://shopify/Product/8582665273639;Anel Rock Star - P | Ouro Branco 18K com Ródio Negro e Rubi;65;13;2;AN03402;AN03402-15;gid://shopify/ProductVariant/46393510068519;5.0;0.0;True;False
gid://shopify/ProductVariant/46393510101287;AN03402-16;16;7500.0;6500.0;5;gid://shopify/Product/8582665273639;Anel Rock Star - P | Ouro Branco 18K com Ródio Negro e Rubi;65;13;2;AN03402;AN03402-16;gid://shopify/ProductVariant/46393510101287;5.0;0.0;True;False
gid://shopify/ProductVariant/46393510134055;AN03402-17;17;7500.0;6500.0;5;gid://shopify/Product/8582665273639;Anel Rock Star - P | Ouro Branco 18K com Ródio Negro e Rubi;65;13;2;AN03402;AN03402-17;gid://shopify/ProductVariant/46393510134055;5.0;0.0;True;False
gid://shopify/ProductVariant/46393510166823;AN03402-18;18;7500.0;6500.0;5;gid://shopify/Product/8582665273639;Anel Rock Star - P | Ouro Branco 18K com Ródio Negro e Rubi;65;13;2;AN03402;AN03402-18;gid://shopify/ProductVariant/46393510166823;5.0;0.0;True;False
gid://shopify/ProductVariant/46393510199591;AN03402-19;19;7500.0;6500.0;5;gid://shopify/Product/8582665273639;Anel Rock Star - P | Ouro Branco 18K com Ródio Negro e Rubi;65;13;2;AN03402;AN03402-19;gid://shopify/ProductVariant/46393510199591;5.0;0.0;True;False
gid://shopify/ProductVariant/46393510232359;AN03402-20;20;7500.0;6500.0;5;gid://shopify/Product/8582665273639;Anel Rock Star - P | Ouro Branco 18K com Ródio Negro e Rubi;65;13;2;AN03402;AN03402-20;gid://shopify/ProductVariant/46393510232359;5.0;0.0;True;False
gid://shopify/ProductVariant/46393510265127;AN03402-21;21;7500.0;6500.0;5;gid://shopify/Product/8582665273639;Anel Rock Star - P | Ouro Branco 18K com Ródio Negro e Rubi;65;13;2;AN03402;AN03402-21;gid://shopify/ProductVariant/46393510265127;5.0;0.0;True;False
gid://shopify/ProductVariant/46393510297895;AN03402-22;22;7500.0;6500.0;5;gid://shopify/Product/8582665273639;Anel Rock Star - P | Ouro Branco 18K com Ródio Negro e Rubi;65;13;2;AN03402;AN03402-22;gid://shopify/ProductVariant/46393510297895;5.0;0.0;True;False
gid://shopify/ProductVariant/46393510396199;AN03403-10;10;7500.0;6500.0;5;gid://shopify/Product/8582665371943;Anel Rock Star - P | Ouro Branco 18K com Ródio Negro e Safira;66;13;2;AN03403;AN03403-10;gid://shopify/ProductVariant/46393510396199;5.0;0.0;True;False
gid://shopify/ProductVariant/46393510428967;AN03403-11;11;7500.0;6500.0;5;gid://shopify/Product/8582665371943;Anel Rock Star - P | Ouro Branco 18K com Ródio Negro e Safira;66;13;2;AN03403;AN03403-11;gid://shopify/ProductVariant/46393510428967;5.0;0.0;True;False
gid://shopify/ProductVariant/46393510461735;AN03403-12;12;7500.0;6500.0;5;gid://shopify/Product/8582665371943;Anel Rock Star - P | Ouro Branco 18K com Ródio Negro e Safira;66;13;2;AN03403;AN03403-12;gid://shopify/ProductVariant/46393510461735;5.0;0.0;True;False
gid://shopify/ProductVariant/46393510494503;AN03403-13;13;7500.0;6500.0;6;gid://shopify/Product/8582665371943;Anel Rock Star - P | Ouro Branco 18K com Ródio Negro e Safira;66;13;2;AN03403;AN03403-13;gid://shopify/ProductVariant/46393510494503;5.0;0.0;True;True
gid://shopify/ProductVariant/46393510527271;AN03403-14;14;7500.0;6500.0;5;gid://shopify/Product/8582665371943;Anel Rock Star - P | Ouro Branco 18K com Ródio Negro e Safira;66;13;2;AN03403;AN03403-14;gid://shopify/ProductVariant/46393510527271;5.0;0.0;True;False
gid://shopify/ProductVariant/46393510560039;AN03403-15;15;7500.0;6500.0;5;gid://shopify/Product/8582665371943;Anel Rock Star - P | Ouro Branco 18K com Ródio Negro e Safira;66;13;2;AN03403;AN03403-15;gid://shopify/ProductVariant/46393510560039;5.0;0.0;True;False
gid://shopify/ProductVariant/46393510592807;AN03403-16;16;7500.0;6500.0;5;gid://shopify/Product/8582665371943;Anel Rock Star - P | Ouro Branco 18K com Ródio Negro e Safira;66;13;2;AN03403;AN03403-16;gid://shopify/ProductVariant/46393510592807;5.0;0.0;True;False
gid://shopify/ProductVariant/46393510625575;AN03403-17;17;7500.0;6500.0;5;gid://shopify/Product/8582665371943;Anel Rock Star - P | Ouro Branco 18K com Ródio Negro e Safira;66;13;2;AN03403;AN03403-17;gid://shopify/ProductVariant/46393510625575;5.0;0.0;True;False
gid://shopify/ProductVariant/46393510658343;AN03403-18;18;7500.0;6500.0;5;gid://shopify/Product/8582665371943;Anel Rock Star - P | Ouro Branco 18K com Ródio Negro e Safira;66;13;2;AN03403;AN03403-18;gid://shopify/ProductVariant/46393510658343;5.0;0.0;True;False
gid://shopify/ProductVariant/46393510691111;AN03403-19;19;7500.0;6500.0;5;gid://shopify/Product/8582665371943;Anel Rock Star - P | Ouro Branco 18K com Ródio Negro e Safira;66;13;2;AN03403;AN03403-19;gid://shopify/ProductVariant/46393510691111;5.0;0.0;True;False
gid://shopify/ProductVariant/46393510723879;AN03403-20;20;7500.0;6500.0;5;gid://shopify/Product/8582665371943;Anel Rock Star - P | Ouro Branco 18K com Ródio Negro e Safira;66;13;2;AN03403;AN03403-20;gid://shopify/ProductVariant/46393510723879;5.0;0.0;True;False
gid://shopify/ProductVariant/46393510756647;AN03403-21;21;7500.0;6500.0;5;gid://shopify/Product/8582665371943;Anel Rock Star - P | Ouro Branco 18K com Ródio Negro e Safira;66;13;2;AN03403;AN03403-21;gid://shopify/ProductVariant/46393510756647;5.0;0.0;True;False
gid://shopify/ProductVariant/46393510789415;AN03403-22;22;7500.0;6500.0;5;gid://shopify/Product/8582665371943;Anel Rock Star - P | Ouro Branco 18K com Ródio Negro e Safira;66;13;2;AN03403;AN03403-22;gid://shopify/ProductVariant/46393510789415;5.0;0.0;True;False
gid://shopify/ProductVariant/46393510822183;AN06169-10;10;7500.0;7500.0;0;gid://shopify/Product/8582665404711;Anel Rock Star | Ouro Branco 18K com Ródio Negro, Diamante e Safiras;0;13;2;AN06169;AN06169-10;gid://shopify/ProductVariant/46393510822183;0.0;0.0;False;False
gid://shopify/ProductVariant/46393510854951;AN06169-11;11;7500.0;7500.0;0;gid://shopify/Product/8582665404711;Anel Rock Star | Ouro Branco 18K com Ródio Negro, Diamante e Safiras;0;13;2;AN06169;AN06169-11;gid://shopify/ProductVariant/46393510854951;0.0;0.0;False;False
gid://shopify/ProductVariant/46393510887719;AN06169-12;12;7500.0;7500.0;0;gid://shopify/Product/8582665404711;Anel Rock Star | Ouro Branco 18K com Ródio Negro, Diamante e Safiras;0;13;2;AN06169;AN06169-12;gid://shopify/ProductVariant/46393510887719;0.0;0.0;False;False
gid://shopify/ProductVariant/46393510920487;AN06169-13;13;7500.0;7500.0;0;gid://shopify/Product/8582665404711;Anel Rock Star | Ouro Branco 18K com Ródio Negro, Diamante e Safiras;0;13;2;AN06169;AN06169-13;gid://shopify/ProductVariant/46393510920487;0.0;0.0;False;False
gid://shopify/ProductVariant/46393510953255;AN06169-14;14;7500.0;7500.0;0;gid://shopify/Product/8582665404711;Anel Rock Star | Ouro Branco 18K com Ródio Negro, Diamante e Safiras;0;13;2;AN06169;AN06169-14;gid://shopify/ProductVariant/46393510953255;0.0;0.0;False;False
gid://shopify/ProductVariant/46393510986023;AN06169-15;15;7500.0;7500.0;0;gid://shopify/Product/8582665404711;Anel Rock Star | Ouro Branco 18K com Ródio Negro, Diamante e Safiras;0;13;2;AN06169;AN06169-15;gid://shopify/ProductVariant/46393510986023;0.0;0.0;False;False
gid://shopify/ProductVariant/46393511018791;AN06169-16;16;7500.0;7500.0;0;gid://shopify/Product/8582665404711;Anel Rock Star | Ouro Branco 18K com Ródio Negro, Diamante e Safiras;0;13;2;AN06169;AN06169-16;gid://shopify/ProductVariant/46393511018791;0.0;0.0;False;False
gid://shopify/ProductVariant/46393511051559;AN06169-17;17;7500.0;7500.0;0;gid://shopify/Product/8582665404711;Anel Rock Star | Ouro Branco 18K com Ródio Negro, Diamante e Safiras;0;13;2;AN06169;AN06169-17;gid://shopify/ProductVariant/46393511051559;0.0;0.0;False;False
gid://shopify/ProductVariant/46393511084327;AN06169-18;18;7500.0;7500.0;0;gid://shopify/Product/8582665404711;Anel Rock Star | Ouro Branco 18K com Ródio Negro, Diamante e Safiras;0;13;2;AN06169;AN06169-18;gid://shopify/ProductVariant/46393511084327;0.0;0.0;False;False
gid://shopify/ProductVariant/46393511117095;AN06169-19;19;7500.0;7500.0;0;gid://shopify/Product/8582665404711;Anel Rock Star | Ouro Branco 18K com Ródio Negro, Diamante e Safiras;0;13;2;AN06169;AN06169-19;gid://shopify/ProductVariant/46393511117095;0.0;0.0;False;False
gid://shopify/ProductVariant/46393511149863;AN06169-20;20;7500.0;7500.0;0;gid://shopify/Product/8582665404711;Anel Rock Star | Ouro Branco 18K com Ródio Negro, Diamante e Safiras;0;13;2;AN06169;AN06169-20;gid://shopify/ProductVariant/46393511149863;0.0;0.0;False;False
gid://shopify/ProductVariant/46393511182631;AN06169-21;21;7500.0;7500.0;0;gid://shopify/Product/8582665404711;Anel Rock Star | Ouro Branco 18K com Ródio Negro, Diamante e Safiras;0;13;2;AN06169;AN06169-21;gid://shopify/ProductVariant/46393511182631;0.0;0.0;False;False
gid://shopify/ProductVariant/46393511215399;AN06169-22;22;7500.0;7500.0;0;gid://shopify/Product/8582665404711;Anel Rock Star | Ouro Branco 18K com Ródio Negro, Diamante e Safiras;0;13;2;AN06169;AN06169-22;gid://shopify/ProductVariant/46393511215399;0.0;0.0;False;False
gid://shopify/ProductVariant/46393511248167;AN06195-10;10;7500.0;6500.0;5;gid://shopify/Product/8582665437479;Anel Rock Star | Ouro Branco 18K com Ródio Negro e Diamantes;66;13;2;AN06195;AN06195-10;gid://shopify/ProductVariant/46393511248167;5.0;0.0;True;False
gid://shopify/ProductVariant/46393511280935;AN06195-11;11;7500.0;6500.0;5;gid://shopify/Product/8582665437479;Anel Rock Star | Ouro Branco 18K com Ródio Negro e Diamantes;66;13;2;AN06195;AN06195-11;gid://shopify/ProductVariant/46393511280935;5.0;0.0;True;False
gid://shopify/ProductVariant/46393511313703;AN06195-12;12;7500.0;6500.0;5;gid://shopify/Product/8582665437479;Anel Rock Star | Ouro Branco 18K com Ródio Negro e Diamantes;66;13;2;AN06195;AN06195-12;gid://shopify/ProductVariant/46393511313703;5.0;0.0;True;False
gid://shopify/ProductVariant/46393511346471;AN06195-13;13;7500.0;6500.0;5;gid://shopify/Product/8582665437479;Anel Rock Star | Ouro Branco 18K com Ródio Negro e Diamantes;66;13;2;AN06195;AN06195-13;gid://shopify/ProductVariant/46393511346471;5.0;0.0;True;False
gid://shopify/ProductVariant/46393511379239;AN06195-14;14;7500.0;6500.0;6;gid://shopify/Product/8582665437479;Anel Rock Star | Ouro Branco 18K com Ródio Negro e Diamantes;66;13;2;AN06195;AN06195-14;gid://shopify/ProductVariant/46393511379239;5.0;0.0;True;True
gid://shopify/ProductVariant/46393511412007;AN06195-15;15;7500.0;6500.0;5;gid://shopify/Product/8582665437479;Anel Rock Star | Ouro Branco 18K com Ródio Negro e Diamantes;66;13;2;AN06195;AN06195-15;gid://shopify/ProductVariant/46393511412007;5.0;0.0;True;False
gid://shopify/ProductVariant/46393511444775;AN06195-16;16;7500.0;6500.0;5;gid://shopify/Product/8582665437479;Anel Rock Star | Ouro Branco 18K com Ródio Negro e Diamantes;66;13;2;AN06195;AN06195-16;gid://shopify/ProductVariant/46393511444775;5.0;0.0;True;False
gid://shopify/ProductVariant/46393511477543;AN06195-17;17;7500.0;6500.0;5;gid://shopify/Product/8582665437479;Anel Rock Star | Ouro Branco 18K com Ródio Negro e Diamantes;66;13;2;AN06195;AN06195-17;gid://shopify/ProductVariant/46393511477543;5.0;0.0;True;False
gid://shopify/ProductVariant/46393511510311;AN06195-18;18;7500.0;6500.0;5;gid://shopify/Product/8582665437479;Anel Rock Star | Ouro Branco 18K com Ródio Negro e Diamantes;66;13;2;AN06195;AN06195-18;gid://shopify/ProductVariant/46393511510311;5.0;0.0;True;False
gid://shopify/ProductVariant/46393511543079;AN06195-19;19;7500.0;6500.0;5;gid://shopify/Product/8582665437479;Anel Rock Star | Ouro Branco 18K com Ródio Negro e Diamantes;66;13;2;AN06195;AN06195-19;gid://shopify/ProductVariant/46393511543079;5.0;0.0;True;False
gid://shopify/ProductVariant/46393511575847;AN06195-20;20;7500.0;6500.0;5;gid://shopify/Product/8582665437479;Anel Rock Star | Ouro Branco 18K com Ródio Negro e Diamantes;66;13;2;AN06195;AN06195-20;gid://shopify/ProductVariant/46393511575847;5.0;0.0;True;False
gid://shopify/ProductVariant/46393511608615;AN06195-21;21;7500.0;6500.0;5;gid://shopify/Product/8582665437479;Anel Rock Star | Ouro Branco 18K com Ródio Negro e Diamantes;66;13;2;AN06195;AN06195-21;gid://shopify/ProductVariant/46393511608615;5.0;0.0;True;False
gid://shopify/ProductVariant/46393511641383;AN06195-22;22;7500.0;6500.0;5;gid://shopify/Product/8582665437479;Anel Rock Star | Ouro Branco 18K com Ródio Negro e Diamantes;66;13;2;AN06195;AN06195-22;gid://shopify/ProductVariant/46393511641383;5.0;0.0;True;False
gid://shopify/ProductVariant/46393512657191;AN03395-10;10;8900.0;7500.0;5;gid://shopify/Product/8582665503015;Anel Rock Star | Ouro Branco 18K e Diamantes;66;13;3;AN03395;AN03395-10;gid://shopify/ProductVariant/46393512657191;5.0;0.0;True;False
gid://shopify/ProductVariant/46393512689959;AN03395-11;11;8900.0;7500.0;5;gid://shopify/Product/8582665503015;Anel Rock Star | Ouro Branco 18K e Diamantes;66;13;3;AN03395;AN03395-11;gid://shopify/ProductVariant/46393512689959;5.0;0.0;True;False
gid://shopify/ProductVariant/46393512722727;AN03395-12;12;8900.0;7500.0;5;gid://shopify/Product/8582665503015;Anel Rock Star | Ouro Branco 18K e Diamantes;66;13;3;AN03395;AN03395-12;gid://shopify/ProductVariant/46393512722727;5.0;0.0;True;False
gid://shopify/ProductVariant/46393512755495;AN03395-13;13;8900.0;7500.0;5;gid://shopify/Product/8582665503015;Anel Rock Star | Ouro Branco 18K e Diamantes;66;13;3;AN03395;AN03395-13;gid://shopify/ProductVariant/46393512755495;5.0;0.0;True;False
gid://shopify/ProductVariant/46393512788263;AN03395-14;14;8900.0;7500.0;5;gid://shopify/Product/8582665503015;Anel Rock Star | Ouro Branco 18K e Diamantes;66;13;3;AN03395;AN03395-14;gid://shopify/ProductVariant/46393512788263;5.0;0.0;True;False
gid://shopify/ProductVariant/46393512821031;AN03395-15;15;8900.0;7500.0;5;gid://shopify/Product/8582665503015;Anel Rock Star | Ouro Branco 18K e Diamantes;66;13;3;AN03395;AN03395-15;gid://shopify/ProductVariant/46393512821031;5.0;0.0;True;False
gid://shopify/ProductVariant/46393512853799;AN03395-16;16;8900.0;7500.0;5;gid://shopify/Product/8582665503015;Anel Rock Star | Ouro Branco 18K e Diamantes;66;13;3;AN03395;AN03395-16;gid://shopify/ProductVariant/46393512853799;5.0;0.0;True;False
gid://shopify/ProductVariant/46393512886567;AN03395-17;17;8900.0;7500.0;5;gid://shopify/Product/8582665503015;Anel Rock Star | Ouro Branco 18K e Diamantes;66;13;3;AN03395;AN03395-17;gid://shopify/ProductVariant/46393512886567;5.0;0.0;True;False
gid://shopify/ProductVariant/46393512919335;AN03395-18;18;8900.0;7500.0;6;gid://shopify/Product/8582665503015;Anel Rock Star | Ouro Branco 18K e Diamantes;66;13;3;AN03395;AN03395-18;gid://shopify/ProductVariant/46393512919335;5.0;0.0;True;True
gid://shopify/ProductVariant/46393512952103;AN03395-19;19;8900.0;7500.0;5;gid://shopify/Product/8582665503015;Anel Rock Star | Ouro Branco 18K e Diamantes;66;13;3;AN03395;AN03395-19;gid://shopify/ProductVariant/46393512952103;5.0;0.0;True;False
gid://shopify/ProductVariant/46393512984871;AN03395-20;20;8900.0;7500.0;5;gid://shopify/Product/8582665503015;Anel Rock Star | Ouro Branco 18K e Diamantes;66;13;3;AN03395;AN03395-20;gid://shopify/ProductVariant/46393512984871;5.0;0.0;True;False
gid://shopify/ProductVariant/46393513017639;AN03395-21;21;8900.0;7500.0;5;gid://shopify/Product/8582665503015;Anel Rock Star | Ouro Branco 18K e Diamantes;66;13;3;AN03395;AN03395-21;gid://shopify/ProductVariant/46393513017639;5.0;0.0;True;False
gid://shopify/ProductVariant/46393513050407;AN03395-22;22;8900.0;7500.0;5;gid://shopify/Product/8582665503015;Anel Rock Star | Ouro Branco 18K e Diamantes;66;13;3;AN03395;AN03395-22;gid://shopify/ProductVariant/46393513050407;5.0;0.0;True;False
gid://shopify/ProductVariant/46393513312551;AN03245-14;14;2400.0;2400.0;5;gid://shopify/Product/8582665568551;Anel Rock&Hot | Prata Com Ouro Amarelo 18k E Ágata negra;66;13;3;AN03245;AN03245-14;gid://shopify/ProductVariant/46393513312551;0.0;5.0;True;False
gid://shopify/ProductVariant/46393513410855;AN03245-17;17;2400.0;2400.0;6;gid://shopify/Product/8582665568551;Anel Rock&Hot | Prata Com Ouro Amarelo 18k E Ágata negra;66;13;3;AN03245;AN03245-17;gid://shopify/ProductVariant/46393513410855;0.0;5.0;True;True
gid://shopify/ProductVariant/46393513738535;AN02276-10;10;5500.0;4500.0;5;gid://shopify/Product/8582665634087;Anel Savage Solitário | Ouro Amarelo 18K E Diamante;66;13;2;AN02276;AN02276-10;gid://shopify/ProductVariant/46393513738535;5.0;0.0;True;False
gid://shopify/ProductVariant/46393513771303;AN02276-11;11;5500.0;4500.0;5;gid://shopify/Product/8582665634087;Anel Savage Solitário | Ouro Amarelo 18K E Diamante;66;13;2;AN02276;AN02276-11;gid://shopify/ProductVariant/46393513771303;5.0;0.0;True;False
gid://shopify/ProductVariant/46393513804071;AN02276-12;12;5500.0;4500.0;5;gid://shopify/Product/8582665634087;Anel Savage Solitário | Ouro Amarelo 18K E Diamante;66;13;2;AN02276;AN02276-12;gid://shopify/ProductVariant/46393513804071;5.0;0.0;True;False
gid://shopify/ProductVariant/46393513836839;AN02276-13;13;5500.0;4500.0;5;gid://shopify/Product/8582665634087;Anel Savage Solitário | Ouro Amarelo 18K E Diamante;66;13;2;AN02276;AN02276-13;gid://shopify/ProductVariant/46393513836839;5.0;0.0;True;False
gid://shopify/ProductVariant/46393513869607;AN02276-14;14;5500.0;4500.0;5;gid://shopify/Product/8582665634087;Anel Savage Solitário | Ouro Amarelo 18K E Diamante;66;13;2;AN02276;AN02276-14;gid://shopify/ProductVariant/46393513869607;5.0;0.0;True;False
gid://shopify/ProductVariant/46393513902375;AN02276-15;15;5500.0;4500.0;5;gid://shopify/Product/8582665634087;Anel Savage Solitário | Ouro Amarelo 18K E Diamante;66;13;2;AN02276;AN02276-15;gid://shopify/ProductVariant/46393513902375;5.0;0.0;True;False
gid://shopify/ProductVariant/46393513935143;AN02276-16;16;5500.0;4500.0;5;gid://shopify/Product/8582665634087;Anel Savage Solitário | Ouro Amarelo 18K E Diamante;66;13;2;AN02276;AN02276-16;gid://shopify/ProductVariant/46393513935143;5.0;0.0;True;False
gid://shopify/ProductVariant/46393513967911;AN02276-17;17;5500.0;4500.0;5;gid://shopify/Product/8582665634087;Anel Savage Solitário | Ouro Amarelo 18K E Diamante;66;13;2;AN02276;AN02276-17;gid://shopify/ProductVariant/46393513967911;5.0;0.0;True;False
gid://shopify/ProductVariant/46393514000679;AN02276-18;18;5500.0;4500.0;5;gid://shopify/Product/8582665634087;Anel Savage Solitário | Ouro Amarelo 18K E Diamante;66;13;2;AN02276;AN02276-18;gid://shopify/ProductVariant/46393514000679;5.0;0.0;True;False
gid://shopify/ProductVariant/46393514033447;AN02276-19;19;5500.0;4500.0;5;gid://shopify/Product/8582665634087;Anel Savage Solitário | Ouro Amarelo 18K E Diamante;66;13;2;AN02276;AN02276-19;gid://shopify/ProductVariant/46393514033447;5.0;0.0;True;False
gid://shopify/ProductVariant/46393514066215;AN02276-20;20;5500.0;4500.0;5;gid://shopify/Product/8582665634087;Anel Savage Solitário | Ouro Amarelo 18K E Diamante;66;13;2;AN02276;AN02276-20;gid://shopify/ProductVariant/46393514066215;5.0;0.0;True;False
gid://shopify/ProductVariant/46393514098983;AN02276-21;21;5500.0;4500.0;5;gid://shopify/Product/8582665634087;Anel Savage Solitário | Ouro Amarelo 18K E Diamante;66;13;2;AN02276;AN02276-21;gid://shopify/ProductVariant/46393514098983;5.0;0.0;True;False
gid://shopify/ProductVariant/46393514131751;AN02276-22;22;5500.0;4500.0;6;gid://shopify/Product/8582665634087;Anel Savage Solitário | Ouro Amarelo 18K E Diamante;66;13;2;AN02276;AN02276-22;gid://shopify/ProductVariant/46393514131751;5.0;0.0;True;True
gid://shopify/ProductVariant/46393514197287;AN01867-10;10;3900.0;3200.0;5;gid://shopify/Product/8582665699623;Anel Savage Solitário | Ouro Branco 18K Com Ródio Negro E Safira;66;13;2;AN01867;AN01867-10;gid://shopify/ProductVariant/46393514197287;5.0;0.0;True;False
gid://shopify/ProductVariant/46393514230055;AN01867-11;11;3900.0;3200.0;5;gid://shopify/Product/8582665699623;Anel Savage Solitário | Ouro Branco 18K Com Ródio Negro E Safira;66;13;2;AN01867;AN01867-11;gid://shopify/ProductVariant/46393514230055;5.0;0.0;True;False
gid://shopify/ProductVariant/46393514262823;AN01867-12;12;3900.0;3200.0;5;gid://shopify/Product/8582665699623;Anel Savage Solitário | Ouro Branco 18K Com Ródio Negro E Safira;66;13;2;AN01867;AN01867-12;gid://shopify/ProductVariant/46393514262823;5.0;0.0;True;False
gid://shopify/ProductVariant/46393514295591;AN01867-13;13;3900.0;3200.0;5;gid://shopify/Product/8582665699623;Anel Savage Solitário | Ouro Branco 18K Com Ródio Negro E Safira;66;13;2;AN01867;AN01867-13;gid://shopify/ProductVariant/46393514295591;5.0;0.0;True;False
gid://shopify/ProductVariant/46393514328359;AN01867-14;14;3900.0;3200.0;5;gid://shopify/Product/8582665699623;Anel Savage Solitário | Ouro Branco 18K Com Ródio Negro E Safira;66;13;2;AN01867;AN01867-14;gid://shopify/ProductVariant/46393514328359;5.0;0.0;True;False
gid://shopify/ProductVariant/46393514361127;AN01867-15;15;3900.0;3200.0;6;gid://shopify/Product/8582665699623;Anel Savage Solitário | Ouro Branco 18K Com Ródio Negro E Safira;66;13;2;AN01867;AN01867-15;gid://shopify/ProductVariant/46393514361127;5.0;0.0;True;True
gid://shopify/ProductVariant/46393514393895;AN01867-16;16;3900.0;3200.0;5;gid://shopify/Product/8582665699623;Anel Savage Solitário | Ouro Branco 18K Com Ródio Negro E Safira;66;13;2;AN01867;AN01867-16;gid://shopify/ProductVariant/46393514393895;5.0;0.0;True;False
gid://shopify/ProductVariant/46393514426663;AN01867-17;17;3900.0;3200.0;5;gid://shopify/Product/8582665699623;Anel Savage Solitário | Ouro Branco 18K Com Ródio Negro E Safira;66;13;2;AN01867;AN01867-17;gid://shopify/ProductVariant/46393514426663;5.0;0.0;True;False
gid://shopify/ProductVariant/46393514459431;AN01867-18;18;3900.0;3200.0;5;gid://shopify/Product/8582665699623;Anel Savage Solitário | Ouro Branco 18K Com Ródio Negro E Safira;66;13;2;AN01867;AN01867-18;gid://shopify/ProductVariant/46393514459431;5.0;0.0;True;False
gid://shopify/ProductVariant/46393514492199;AN01867-19;19;3900.0;3200.0;5;gid://shopify/Product/8582665699623;Anel Savage Solitário | Ouro Branco 18K Com Ródio Negro E Safira;66;13;2;AN01867;AN01867-19;gid://shopify/ProductVariant/46393514492199;5.0;0.0;True;False
gid://shopify/ProductVariant/46393514524967;AN01867-20;20;3900.0;3200.0;5;gid://shopify/Product/8582665699623;Anel Savage Solitário | Ouro Branco 18K Com Ródio Negro E Safira;66;13;2;AN01867;AN01867-20;gid://shopify/ProductVariant/46393514524967;5.0;0.0;True;False
gid://shopify/ProductVariant/46393514557735;AN01867-21;21;3900.0;3200.0;5;gid://shopify/Product/8582665699623;Anel Savage Solitário | Ouro Branco 18K Com Ródio Negro E Safira;66;13;2;AN01867;AN01867-21;gid://shopify/ProductVariant/46393514557735;5.0;0.0;True;False
gid://shopify/ProductVariant/46393514590503;AN01867-22;22;3900.0;3200.0;5;gid://shopify/Product/8582665699623;Anel Savage Solitário | Ouro Branco 18K Com Ródio Negro E Safira;66;13;2;AN01867;AN01867-22;gid://shopify/ProductVariant/46393514590503;5.0;0.0;True;False
gid://shopify/ProductVariant/46393514721575;AN01868-10;10;3900.0;3200.0;5;gid://shopify/Product/8582665830695;Anel Savage Solitário | Ouro Branco 18K Com Ródio Negro E Esmeralda;66;13;2;AN01868;AN01868-10;gid://shopify/ProductVariant/46393514721575;5.0;0.0;True;False
gid://shopify/ProductVariant/46393514754343;AN01868-11;11;3900.0;3200.0;5;gid://shopify/Product/8582665830695;Anel Savage Solitário | Ouro Branco 18K Com Ródio Negro E Esmeralda;66;13;2;AN01868;AN01868-11;gid://shopify/ProductVariant/46393514754343;5.0;0.0;True;False
gid://shopify/ProductVariant/46393514787111;AN01868-12;12;3900.0;3200.0;5;gid://shopify/Product/8582665830695;Anel Savage Solitário | Ouro Branco 18K Com Ródio Negro E Esmeralda;66;13;2;AN01868;AN01868-12;gid://shopify/ProductVariant/46393514787111;5.0;0.0;True;False
gid://shopify/ProductVariant/46393514819879;AN01868-13;13;3900.0;3200.0;5;gid://shopify/Product/8582665830695;Anel Savage Solitário | Ouro Branco 18K Com Ródio Negro E Esmeralda;66;13;2;AN01868;AN01868-13;gid://shopify/ProductVariant/46393514819879;5.0;0.0;True;False
gid://shopify/ProductVariant/46393514852647;AN01868-14;14;3900.0;3200.0;6;gid://shopify/Product/8582665830695;Anel Savage Solitário | Ouro Branco 18K Com Ródio Negro E Esmeralda;66;13;2;AN01868;AN01868-14;gid://shopify/ProductVariant/46393514852647;5.0;0.0;True;True
gid://shopify/ProductVariant/46393514885415;AN01868-15;15;3900.0;3200.0;5;gid://shopify/Product/8582665830695;Anel Savage Solitário | Ouro Branco 18K Com Ródio Negro E Esmeralda;66;13;2;AN01868;AN01868-15;gid://shopify/ProductVariant/46393514885415;5.0;0.0;True;False
gid://shopify/ProductVariant/46393514918183;AN01868-16;16;3900.0;3200.0;5;gid://shopify/Product/8582665830695;Anel Savage Solitário | Ouro Branco 18K Com Ródio Negro E Esmeralda;66;13;2;AN01868;AN01868-16;gid://shopify/ProductVariant/46393514918183;5.0;0.0;True;False
gid://shopify/ProductVariant/46393514950951;AN01868-17;17;3900.0;3200.0;5;gid://shopify/Product/8582665830695;Anel Savage Solitário | Ouro Branco 18K Com Ródio Negro E Esmeralda;66;13;2;AN01868;AN01868-17;gid://shopify/ProductVariant/46393514950951;5.0;0.0;True;False
gid://shopify/ProductVariant/46393514983719;AN01868-18;18;3900.0;3200.0;5;gid://shopify/Product/8582665830695;Anel Savage Solitário | Ouro Branco 18K Com Ródio Negro E Esmeralda;66;13;2;AN01868;AN01868-18;gid://shopify/ProductVariant/46393514983719;5.0;0.0;True;False
gid://shopify/ProductVariant/46393515016487;AN01868-19;19;3900.0;3200.0;5;gid://shopify/Product/8582665830695;Anel Savage Solitário | Ouro Branco 18K Com Ródio Negro E Esmeralda;66;13;2;AN01868;AN01868-19;gid://shopify/ProductVariant/46393515016487;5.0;0.0;True;False
gid://shopify/ProductVariant/46393515049255;AN01868-20;20;3900.0;3200.0;5;gid://shopify/Product/8582665830695;Anel Savage Solitário | Ouro Branco 18K Com Ródio Negro E Esmeralda;66;13;2;AN01868;AN01868-20;gid://shopify/ProductVariant/46393515049255;5.0;0.0;True;False
gid://shopify/ProductVariant/46393515082023;AN01868-21;21;3900.0;3200.0;5;gid://shopify/Product/8582665830695;Anel Savage Solitário | Ouro Branco 18K Com Ródio Negro E Esmeralda;66;13;2;AN01868;AN01868-21;gid://shopify/ProductVariant/46393515082023;5.0;0.0;True;False
gid://shopify/ProductVariant/46393515114791;AN01868-22;22;3900.0;3200.0;5;gid://shopify/Product/8582665830695;Anel Savage Solitário | Ouro Branco 18K Com Ródio Negro E Esmeralda;66;13;2;AN01868;AN01868-22;gid://shopify/ProductVariant/46393515114791;5.0;0.0;True;False
gid://shopify/ProductVariant/46393515180327;AN01869-10;10;5500.0;4500.0;5;gid://shopify/Product/8582665896231;Anel Savage Solitário | Ouro Branco 18K Com Ródio Negro E Diamante;66;13;2;AN01869;AN01869-10;gid://shopify/ProductVariant/46393515180327;5.0;0.0;True;False
gid://shopify/ProductVariant/46393515213095;AN01869-11;11;5500.0;4500.0;5;gid://shopify/Product/8582665896231;Anel Savage Solitário | Ouro Branco 18K Com Ródio Negro E Diamante;66;13;2;AN01869;AN01869-11;gid://shopify/ProductVariant/46393515213095;5.0;0.0;True;False
gid://shopify/ProductVariant/46393515245863;AN01869-12;12;5500.0;4500.0;5;gid://shopify/Product/8582665896231;Anel Savage Solitário | Ouro Branco 18K Com Ródio Negro E Diamante;66;13;2;AN01869;AN01869-12;gid://shopify/ProductVariant/46393515245863;5.0;0.0;True;False
gid://shopify/ProductVariant/46393515278631;AN01869-13;13;5500.0;4500.0;5;gid://shopify/Product/8582665896231;Anel Savage Solitário | Ouro Branco 18K Com Ródio Negro E Diamante;66;13;2;AN01869;AN01869-13;gid://shopify/ProductVariant/46393515278631;5.0;0.0;True;False
gid://shopify/ProductVariant/46393515311399;AN01869-14;14;5500.0;4500.0;5;gid://shopify/Product/8582665896231;Anel Savage Solitário | Ouro Branco 18K Com Ródio Negro E Diamante;66;13;2;AN01869;AN01869-14;gid://shopify/ProductVariant/46393515311399;5.0;0.0;True;False
gid://shopify/ProductVariant/46393515344167;AN01869-15;15;5500.0;4500.0;6;gid://shopify/Product/8582665896231;Anel Savage Solitário | Ouro Branco 18K Com Ródio Negro E Diamante;66;13;2;AN01869;AN01869-15;gid://shopify/ProductVariant/46393515344167;5.0;0.0;True;True
gid://shopify/ProductVariant/46393515376935;AN01869-16;16;5500.0;4500.0;5;gid://shopify/Product/8582665896231;Anel Savage Solitário | Ouro Branco 18K Com Ródio Negro E Diamante;66;13;2;AN01869;AN01869-16;gid://shopify/ProductVariant/46393515376935;5.0;0.0;True;False
gid://shopify/ProductVariant/46393515409703;AN01869-17;17;5500.0;4500.0;5;gid://shopify/Product/8582665896231;Anel Savage Solitário | Ouro Branco 18K Com Ródio Negro E Diamante;66;13;2;AN01869;AN01869-17;gid://shopify/ProductVariant/46393515409703;5.0;0.0;True;False
gid://shopify/ProductVariant/46393515442471;AN01869-18;18;5500.0;4500.0;5;gid://shopify/Product/8582665896231;Anel Savage Solitário | Ouro Branco 18K Com Ródio Negro E Diamante;66;13;2;AN01869;AN01869-18;gid://shopify/ProductVariant/46393515442471;5.0;0.0;True;False
gid://shopify/ProductVariant/46393515475239;AN01869-19;19;5500.0;4500.0;5;gid://shopify/Product/8582665896231;Anel Savage Solitário | Ouro Branco 18K Com Ródio Negro E Diamante;66;13;2;AN01869;AN01869-19;gid://shopify/ProductVariant/46393515475239;5.0;0.0;True;False
gid://shopify/ProductVariant/46393515508007;AN01869-20;20;5500.0;4500.0;5;gid://shopify/Product/8582665896231;Anel Savage Solitário | Ouro Branco 18K Com Ródio Negro E Diamante;66;13;2;AN01869;AN01869-20;gid://shopify/ProductVariant/46393515508007;5.0;0.0;True;False
gid://shopify/ProductVariant/46393515540775;AN01869-21;21;5500.0;4500.0;5;gid://shopify/Product/8582665896231;Anel Savage Solitário | Ouro Branco 18K Com Ródio Negro E Diamante;66;13;2;AN01869;AN01869-21;gid://shopify/ProductVariant/46393515540775;5.0;0.0;True;False
gid://shopify/ProductVariant/46393515573543;AN01869-22;22;5500.0;4500.0;5;gid://shopify/Product/8582665896231;Anel Savage Solitário | Ouro Branco 18K Com Ródio Negro E Diamante;66;13;2;AN01869;AN01869-22;gid://shopify/ProductVariant/46393515573543;5.0;0.0;True;False
gid://shopify/ProductVariant/46393515639079;AN01890-10;10;3900.0;3200.0;5;gid://shopify/Product/8582665928999;Anel Savage Solitário | Ouro Branco 18K Com Ródio Negro E Safira;65;13;1;AN01890;AN01890-10;gid://shopify/ProductVariant/46393515639079;5.0;0.0;True;False
gid://shopify/ProductVariant/46393515671847;AN01890-11;11;3900.0;3200.0;5;gid://shopify/Product/8582665928999;Anel Savage Solitário | Ouro Branco 18K Com Ródio Negro E Safira;65;13;1;AN01890;AN01890-11;gid://shopify/ProductVariant/46393515671847;5.0;0.0;True;False
gid://shopify/ProductVariant/46393515704615;AN01890-12;12;3900.0;3200.0;5;gid://shopify/Product/8582665928999;Anel Savage Solitário | Ouro Branco 18K Com Ródio Negro E Safira;65;13;1;AN01890;AN01890-12;gid://shopify/ProductVariant/46393515704615;5.0;0.0;True;False
gid://shopify/ProductVariant/46393515737383;AN01890-13;13;3900.0;3200.0;5;gid://shopify/Product/8582665928999;Anel Savage Solitário | Ouro Branco 18K Com Ródio Negro E Safira;65;13;1;AN01890;AN01890-13;gid://shopify/ProductVariant/46393515737383;5.0;0.0;True;False
gid://shopify/ProductVariant/46393515770151;AN01890-14;14;3900.0;3200.0;5;gid://shopify/Product/8582665928999;Anel Savage Solitário | Ouro Branco 18K Com Ródio Negro E Safira;65;13;1;AN01890;AN01890-14;gid://shopify/ProductVariant/46393515770151;5.0;0.0;True;False
gid://shopify/ProductVariant/46393515802919;AN01890-15;15;3900.0;3200.0;5;gid://shopify/Product/8582665928999;Anel Savage Solitário | Ouro Branco 18K Com Ródio Negro E Safira;65;13;1;AN01890;AN01890-15;gid://shopify/ProductVariant/46393515802919;5.0;0.0;True;False
gid://shopify/ProductVariant/46393515835687;AN01890-16;16;3900.0;3200.0;5;gid://shopify/Product/8582665928999;Anel Savage Solitário | Ouro Branco 18K Com Ródio Negro E Safira;65;13;1;AN01890;AN01890-16;gid://shopify/ProductVariant/46393515835687;5.0;0.0;True;False
gid://shopify/ProductVariant/46393515868455;AN01890-17;17;3900.0;3200.0;5;gid://shopify/Product/8582665928999;Anel Savage Solitário | Ouro Branco 18K Com Ródio Negro E Safira;65;13;1;AN01890;AN01890-17;gid://shopify/ProductVariant/46393515868455;5.0;0.0;True;False
gid://shopify/ProductVariant/46393515901223;AN01890-18;18;3900.0;3200.0;5;gid://shopify/Product/8582665928999;Anel Savage Solitário | Ouro Branco 18K Com Ródio Negro E Safira;65;13;1;AN01890;AN01890-18;gid://shopify/ProductVariant/46393515901223;5.0;0.0;True;False
gid://shopify/ProductVariant/46393515933991;AN01890-19;19;3900.0;3200.0;5;gid://shopify/Product/8582665928999;Anel Savage Solitário | Ouro Branco 18K Com Ródio Negro E Safira;65;13;1;AN01890;AN01890-19;gid://shopify/ProductVariant/46393515933991;5.0;0.0;True;False
gid://shopify/ProductVariant/46393515966759;AN01890-20;20;3900.0;3200.0;5;gid://shopify/Product/8582665928999;Anel Savage Solitário | Ouro Branco 18K Com Ródio Negro E Safira;65;13;1;AN01890;AN01890-20;gid://shopify/ProductVariant/46393515966759;5.0;0.0;True;False
gid://shopify/ProductVariant/46393515999527;AN01890-21;21;3900.0;3200.0;5;gid://shopify/Product/8582665928999;Anel Savage Solitário | Ouro Branco 18K Com Ródio Negro E Safira;65;13;1;AN01890;AN01890-21;gid://shopify/ProductVariant/46393515999527;5.0;0.0;True;False
gid://shopify/ProductVariant/46393516032295;AN01890-22;22;3900.0;3200.0;5;gid://shopify/Product/8582665928999;Anel Savage Solitário | Ouro Branco 18K Com Ródio Negro E Safira;65;13;1;AN01890;AN01890-22;gid://shopify/ProductVariant/46393516032295;5.0;0.0;True;False
gid://shopify/ProductVariant/46393516065063;AN01864-10;10;5900.0;4900.0;5;gid://shopify/Product/8582665961767;Anel Savage Solitário | Ouro Branco 18K E Diamante Solitário;66;13;3;AN01864;AN01864-10;gid://shopify/ProductVariant/46393516065063;5.0;0.0;True;False
gid://shopify/ProductVariant/46393516097831;AN01864-11;11;5900.0;4900.0;5;gid://shopify/Product/8582665961767;Anel Savage Solitário | Ouro Branco 18K E Diamante Solitário;66;13;3;AN01864;AN01864-11;gid://shopify/ProductVariant/46393516097831;5.0;0.0;True;False
gid://shopify/ProductVariant/46393516130599;AN01864-12;12;5900.0;4900.0;5;gid://shopify/Product/8582665961767;Anel Savage Solitário | Ouro Branco 18K E Diamante Solitário;66;13;3;AN01864;AN01864-12;gid://shopify/ProductVariant/46393516130599;5.0;0.0;True;False
gid://shopify/ProductVariant/46393516163367;AN01864-13;13;5900.0;4900.0;5;gid://shopify/Product/8582665961767;Anel Savage Solitário | Ouro Branco 18K E Diamante Solitário;66;13;3;AN01864;AN01864-13;gid://shopify/ProductVariant/46393516163367;5.0;0.0;True;False
gid://shopify/ProductVariant/46393516196135;AN01864-14;14;5900.0;4900.0;5;gid://shopify/Product/8582665961767;Anel Savage Solitário | Ouro Branco 18K E Diamante Solitário;66;13;3;AN01864;AN01864-14;gid://shopify/ProductVariant/46393516196135;5.0;0.0;True;False
gid://shopify/ProductVariant/46393516228903;AN01864-15;15;5900.0;4900.0;6;gid://shopify/Product/8582665961767;Anel Savage Solitário | Ouro Branco 18K E Diamante Solitário;66;13;3;AN01864;AN01864-15;gid://shopify/ProductVariant/46393516228903;5.0;0.0;True;True
gid://shopify/ProductVariant/46393516261671;AN01864-16;16;5900.0;4900.0;5;gid://shopify/Product/8582665961767;Anel Savage Solitário | Ouro Branco 18K E Diamante Solitário;66;13;3;AN01864;AN01864-16;gid://shopify/ProductVariant/46393516261671;5.0;0.0;True;False
gid://shopify/ProductVariant/46393516294439;AN01864-17;17;5900.0;4900.0;5;gid://shopify/Product/8582665961767;Anel Savage Solitário | Ouro Branco 18K E Diamante Solitário;66;13;3;AN01864;AN01864-17;gid://shopify/ProductVariant/46393516294439;5.0;0.0;True;False
gid://shopify/ProductVariant/46393516327207;AN01864-18;18;5900.0;4900.0;5;gid://shopify/Product/8582665961767;Anel Savage Solitário | Ouro Branco 18K E Diamante Solitário;66;13;3;AN01864;AN01864-18;gid://shopify/ProductVariant/46393516327207;5.0;0.0;True;False
gid://shopify/ProductVariant/46393516359975;AN01864-19;19;5900.0;4900.0;5;gid://shopify/Product/8582665961767;Anel Savage Solitário | Ouro Branco 18K E Diamante Solitário;66;13;3;AN01864;AN01864-19;gid://shopify/ProductVariant/46393516359975;5.0;0.0;True;False
gid://shopify/ProductVariant/46393516392743;AN01864-20;20;5900.0;4900.0;5;gid://shopify/Product/8582665961767;Anel Savage Solitário | Ouro Branco 18K E Diamante Solitário;66;13;3;AN01864;AN01864-20;gid://shopify/ProductVariant/46393516392743;5.0;0.0;True;False
gid://shopify/ProductVariant/46393516425511;AN01864-21;21;5900.0;4900.0;5;gid://shopify/Product/8582665961767;Anel Savage Solitário | Ouro Branco 18K E Diamante Solitário;66;13;3;AN01864;AN01864-21;gid://shopify/ProductVariant/46393516425511;5.0;0.0;True;False
gid://shopify/ProductVariant/46393516458279;AN01864-22;22;5900.0;4900.0;5;gid://shopify/Product/8582665961767;Anel Savage Solitário | Ouro Branco 18K E Diamante Solitário;66;13;3;AN01864;AN01864-22;gid://shopify/ProductVariant/46393516458279;5.0;0.0;True;False
gid://shopify/ProductVariant/46393516523815;AN03307-10;10;13900.0;9500.0;5;gid://shopify/Product/8582665994535;Anel Savage Solitário | Ouro Branco 18K E Diamante;66;13;3;AN03307;AN03307-10;gid://shopify/ProductVariant/46393516523815;5.0;0.0;True;False
gid://shopify/ProductVariant/46393516556583;AN03307-11;11;13900.0;9500.0;5;gid://shopify/Product/8582665994535;Anel Savage Solitário | Ouro Branco 18K E Diamante;66;13;3;AN03307;AN03307-11;gid://shopify/ProductVariant/46393516556583;5.0;0.0;True;False
gid://shopify/ProductVariant/46393516589351;AN03307-12;12;13900.0;9500.0;5;gid://shopify/Product/8582665994535;Anel Savage Solitário | Ouro Branco 18K E Diamante;66;13;3;AN03307;AN03307-12;gid://shopify/ProductVariant/46393516589351;5.0;0.0;True;False
gid://shopify/ProductVariant/46393516622119;AN03307-13;13;13900.0;9500.0;5;gid://shopify/Product/8582665994535;Anel Savage Solitário | Ouro Branco 18K E Diamante;66;13;3;AN03307;AN03307-13;gid://shopify/ProductVariant/46393516622119;5.0;0.0;True;False
gid://shopify/ProductVariant/46393516654887;AN03307-14;14;13900.0;9500.0;5;gid://shopify/Product/8582665994535;Anel Savage Solitário | Ouro Branco 18K E Diamante;66;13;3;AN03307;AN03307-14;gid://shopify/ProductVariant/46393516654887;5.0;0.0;True;False
gid://shopify/ProductVariant/46393516687655;AN03307-15;15;13900.0;9500.0;6;gid://shopify/Product/8582665994535;Anel Savage Solitário | Ouro Branco 18K E Diamante;66;13;3;AN03307;AN03307-15;gid://shopify/ProductVariant/46393516687655;5.0;0.0;True;True
gid://shopify/ProductVariant/46393516720423;AN03307-16;16;13900.0;9500.0;5;gid://shopify/Product/8582665994535;Anel Savage Solitário | Ouro Branco 18K E Diamante;66;13;3;AN03307;AN03307-16;gid://shopify/ProductVariant/46393516720423;5.0;0.0;True;False
gid://shopify/ProductVariant/46393516753191;AN03307-17;17;13900.0;9500.0;5;gid://shopify/Product/8582665994535;Anel Savage Solitário | Ouro Branco 18K E Diamante;66;13;3;AN03307;AN03307-17;gid://shopify/ProductVariant/46393516753191;5.0;0.0;True;False
gid://shopify/ProductVariant/46393516785959;AN03307-18;18;13900.0;9500.0;5;gid://shopify/Product/8582665994535;Anel Savage Solitário | Ouro Branco 18K E Diamante;66;13;3;AN03307;AN03307-18;gid://shopify/ProductVariant/46393516785959;5.0;0.0;True;False
gid://shopify/ProductVariant/46393516818727;AN03307-19;19;13900.0;9500.0;5;gid://shopify/Product/8582665994535;Anel Savage Solitário | Ouro Branco 18K E Diamante;66;13;3;AN03307;AN03307-19;gid://shopify/ProductVariant/46393516818727;5.0;0.0;True;False
gid://shopify/ProductVariant/46393516851495;AN03307-20;20;13900.0;9500.0;5;gid://shopify/Product/8582665994535;Anel Savage Solitário | Ouro Branco 18K E Diamante;66;13;3;AN03307;AN03307-20;gid://shopify/ProductVariant/46393516851495;5.0;0.0;True;False
gid://shopify/ProductVariant/46393516884263;AN03307-21;21;13900.0;9500.0;5;gid://shopify/Product/8582665994535;Anel Savage Solitário | Ouro Branco 18K E Diamante;66;13;3;AN03307;AN03307-21;gid://shopify/ProductVariant/46393516884263;5.0;0.0;True;False
gid://shopify/ProductVariant/46393516917031;AN03307-22;22;13900.0;9500.0;5;gid://shopify/Product/8582665994535;Anel Savage Solitário | Ouro Branco 18K E Diamante;66;13;3;AN03307;AN03307-22;gid://shopify/ProductVariant/46393516917031;5.0;0.0;True;False
gid://shopify/ProductVariant/46393517015335;AN03368-10;10;9500.0;5700.0;5;gid://shopify/Product/8582666092839;Anel Savage De Ouro Branco 18K E Diamante Solitário;65;13;3;AN03368;AN03368-10;gid://shopify/ProductVariant/46393517015335;5.0;0.0;True;False
gid://shopify/ProductVariant/46393517048103;AN03368-11;11;9500.0;5700.0;5;gid://shopify/Product/8582666092839;Anel Savage De Ouro Branco 18K E Diamante Solitário;65;13;3;AN03368;AN03368-11;gid://shopify/ProductVariant/46393517048103;5.0;0.0;True;False
gid://shopify/ProductVariant/46393517080871;AN03368-12;12;9500.0;5700.0;5;gid://shopify/Product/8582666092839;Anel Savage De Ouro Branco 18K E Diamante Solitário;65;13;3;AN03368;AN03368-12;gid://shopify/ProductVariant/46393517080871;5.0;0.0;True;False
gid://shopify/ProductVariant/46393517113639;AN03368-13;13;9500.0;5700.0;5;gid://shopify/Product/8582666092839;Anel Savage De Ouro Branco 18K E Diamante Solitário;65;13;3;AN03368;AN03368-13;gid://shopify/ProductVariant/46393517113639;5.0;0.0;True;False
gid://shopify/ProductVariant/46393517146407;AN03368-14;14;9500.0;5700.0;5;gid://shopify/Product/8582666092839;Anel Savage De Ouro Branco 18K E Diamante Solitário;65;13;3;AN03368;AN03368-14;gid://shopify/ProductVariant/46393517146407;5.0;0.0;True;False
gid://shopify/ProductVariant/46393517179175;AN03368-15;15;9500.0;5700.0;5;gid://shopify/Product/8582666092839;Anel Savage De Ouro Branco 18K E Diamante Solitário;65;13;3;AN03368;AN03368-15;gid://shopify/ProductVariant/46393517179175;5.0;0.0;True;False
gid://shopify/ProductVariant/46393517211943;AN03368-16;16;9500.0;5700.0;5;gid://shopify/Product/8582666092839;Anel Savage De Ouro Branco 18K E Diamante Solitário;65;13;3;AN03368;AN03368-16;gid://shopify/ProductVariant/46393517211943;5.0;0.0;True;False
gid://shopify/ProductVariant/46393517244711;AN03368-17;17;9500.0;5700.0;5;gid://shopify/Product/8582666092839;Anel Savage De Ouro Branco 18K E Diamante Solitário;65;13;3;AN03368;AN03368-17;gid://shopify/ProductVariant/46393517244711;5.0;0.0;True;False
gid://shopify/ProductVariant/46393517277479;AN03368-18;18;9500.0;5700.0;5;gid://shopify/Product/8582666092839;Anel Savage De Ouro Branco 18K E Diamante Solitário;65;13;3;AN03368;AN03368-18;gid://shopify/ProductVariant/46393517277479;5.0;0.0;True;False
gid://shopify/ProductVariant/46393517310247;AN03368-19;19;9500.0;5700.0;5;gid://shopify/Product/8582666092839;Anel Savage De Ouro Branco 18K E Diamante Solitário;65;13;3;AN03368;AN03368-19;gid://shopify/ProductVariant/46393517310247;5.0;0.0;True;False
gid://shopify/ProductVariant/46393517343015;AN03368-20;20;9500.0;5700.0;5;gid://shopify/Product/8582666092839;Anel Savage De Ouro Branco 18K E Diamante Solitário;65;13;3;AN03368;AN03368-20;gid://shopify/ProductVariant/46393517343015;5.0;0.0;True;False
gid://shopify/ProductVariant/46393517375783;AN03368-21;21;9500.0;5700.0;5;gid://shopify/Product/8582666092839;Anel Savage De Ouro Branco 18K E Diamante Solitário;65;13;3;AN03368;AN03368-21;gid://shopify/ProductVariant/46393517375783;5.0;0.0;True;False
gid://shopify/ProductVariant/46393517408551;AN03368-22;22;9500.0;5700.0;5;gid://shopify/Product/8582666092839;Anel Savage De Ouro Branco 18K E Diamante Solitário;65;13;3;AN03368;AN03368-22;gid://shopify/ProductVariant/46393517408551;5.0;0.0;True;False
gid://shopify/ProductVariant/46393517441319;AN01870-10;10;5500.0;4500.0;5;gid://shopify/Product/8582666125607;Anel Savage Solitário | Ouro Rosa 18K E Diamante;66;13;1;AN01870;AN01870-10;gid://shopify/ProductVariant/46393517441319;5.0;0.0;True;False
gid://shopify/ProductVariant/46393517474087;AN01870-11;11;5500.0;4500.0;6;gid://shopify/Product/8582666125607;Anel Savage Solitário | Ouro Rosa 18K E Diamante;66;13;1;AN01870;AN01870-11;gid://shopify/ProductVariant/46393517474087;5.0;0.0;True;True
gid://shopify/ProductVariant/46393517506855;AN01870-12;12;5500.0;4500.0;5;gid://shopify/Product/8582666125607;Anel Savage Solitário | Ouro Rosa 18K E Diamante;66;13;1;AN01870;AN01870-12;gid://shopify/ProductVariant/46393517506855;5.0;0.0;True;False
gid://shopify/ProductVariant/46393517539623;AN01870-13;13;5500.0;4500.0;5;gid://shopify/Product/8582666125607;Anel Savage Solitário | Ouro Rosa 18K E Diamante;66;13;1;AN01870;AN01870-13;gid://shopify/ProductVariant/46393517539623;5.0;0.0;True;False
gid://shopify/ProductVariant/46393517572391;AN01870-14;14;5500.0;4500.0;5;gid://shopify/Product/8582666125607;Anel Savage Solitário | Ouro Rosa 18K E Diamante;66;13;1;AN01870;AN01870-14;gid://shopify/ProductVariant/46393517572391;5.0;0.0;True;False
gid://shopify/ProductVariant/46393517605159;AN01870-15;15;5500.0;4500.0;5;gid://shopify/Product/8582666125607;Anel Savage Solitário | Ouro Rosa 18K E Diamante;66;13;1;AN01870;AN01870-15;gid://shopify/ProductVariant/46393517605159;5.0;0.0;True;False
gid://shopify/ProductVariant/46393517637927;AN01870-16;16;5500.0;4500.0;5;gid://shopify/Product/8582666125607;Anel Savage Solitário | Ouro Rosa 18K E Diamante;66;13;1;AN01870;AN01870-16;gid://shopify/ProductVariant/46393517637927;5.0;0.0;True;False
gid://shopify/ProductVariant/46393517670695;AN01870-17;17;5500.0;4500.0;5;gid://shopify/Product/8582666125607;Anel Savage Solitário | Ouro Rosa 18K E Diamante;66;13;1;AN01870;AN01870-17;gid://shopify/ProductVariant/46393517670695;5.0;0.0;True;False
gid://shopify/ProductVariant/46393517703463;AN01870-18;18;5500.0;4500.0;5;gid://shopify/Product/8582666125607;Anel Savage Solitário | Ouro Rosa 18K E Diamante;66;13;1;AN01870;AN01870-18;gid://shopify/ProductVariant/46393517703463;5.0;0.0;True;False
gid://shopify/ProductVariant/46393517736231;AN01870-19;19;5500.0;4500.0;5;gid://shopify/Product/8582666125607;Anel Savage Solitário | Ouro Rosa 18K E Diamante;66;13;1;AN01870;AN01870-19;gid://shopify/ProductVariant/46393517736231;5.0;0.0;True;False
gid://shopify/ProductVariant/46393517768999;AN01870-20;20;5500.0;4500.0;5;gid://shopify/Product/8582666125607;Anel Savage Solitário | Ouro Rosa 18K E Diamante;66;13;1;AN01870;AN01870-20;gid://shopify/ProductVariant/46393517768999;5.0;0.0;True;False
gid://shopify/ProductVariant/46393517801767;AN01870-21;21;5500.0;4500.0;5;gid://shopify/Product/8582666125607;Anel Savage Solitário | Ouro Rosa 18K E Diamante;66;13;1;AN01870;AN01870-21;gid://shopify/ProductVariant/46393517801767;5.0;0.0;True;False
gid://shopify/ProductVariant/46393517834535;AN01870-22;22;5500.0;4500.0;5;gid://shopify/Product/8582666125607;Anel Savage Solitário | Ouro Rosa 18K E Diamante;66;13;1;AN01870;AN01870-22;gid://shopify/ProductVariant/46393517834535;5.0;0.0;True;False
gid://shopify/ProductVariant/46393518719271;AN01724-10;10;11500.0;7200.0;5;gid://shopify/Product/8582666223911;Anel Universo | Ouro Branco 18K Com Ródio Negro E Esmeraldas;66;13;3;AN01724;AN01724-10;gid://shopify/ProductVariant/46393518719271;5.0;0.0;True;False
gid://shopify/ProductVariant/46393518752039;AN01724-11;11;11500.0;7200.0;5;gid://shopify/Product/8582666223911;Anel Universo | Ouro Branco 18K Com Ródio Negro E Esmeraldas;66;13;3;AN01724;AN01724-11;gid://shopify/ProductVariant/46393518752039;5.0;0.0;True;False
gid://shopify/ProductVariant/46393518784807;AN01724-12;12;11500.0;7200.0;5;gid://shopify/Product/8582666223911;Anel Universo | Ouro Branco 18K Com Ródio Negro E Esmeraldas;66;13;3;AN01724;AN01724-12;gid://shopify/ProductVariant/46393518784807;5.0;0.0;True;False
gid://shopify/ProductVariant/46393518817575;AN01724-13;13;11500.0;7200.0;5;gid://shopify/Product/8582666223911;Anel Universo | Ouro Branco 18K Com Ródio Negro E Esmeraldas;66;13;3;AN01724;AN01724-13;gid://shopify/ProductVariant/46393518817575;5.0;0.0;True;False
gid://shopify/ProductVariant/46393518850343;AN01724-14;14;11500.0;7200.0;5;gid://shopify/Product/8582666223911;Anel Universo | Ouro Branco 18K Com Ródio Negro E Esmeraldas;66;13;3;AN01724;AN01724-14;gid://shopify/ProductVariant/46393518850343;5.0;0.0;True;False
gid://shopify/ProductVariant/46393518883111;AN01724-15;15;11500.0;7200.0;5;gid://shopify/Product/8582666223911;Anel Universo | Ouro Branco 18K Com Ródio Negro E Esmeraldas;66;13;3;AN01724;AN01724-15;gid://shopify/ProductVariant/46393518883111;5.0;0.0;True;False
gid://shopify/ProductVariant/46393518915879;AN01724-16;16;11500.0;7200.0;6;gid://shopify/Product/8582666223911;Anel Universo | Ouro Branco 18K Com Ródio Negro E Esmeraldas;66;13;3;AN01724;AN01724-16;gid://shopify/ProductVariant/46393518915879;5.0;0.0;True;True
gid://shopify/ProductVariant/46393518948647;AN01724-17;17;11500.0;7200.0;5;gid://shopify/Product/8582666223911;Anel Universo | Ouro Branco 18K Com Ródio Negro E Esmeraldas;66;13;3;AN01724;AN01724-17;gid://shopify/ProductVariant/46393518948647;5.0;0.0;True;False
gid://shopify/ProductVariant/46393518981415;AN01724-18;18;11500.0;7200.0;5;gid://shopify/Product/8582666223911;Anel Universo | Ouro Branco 18K Com Ródio Negro E Esmeraldas;66;13;3;AN01724;AN01724-18;gid://shopify/ProductVariant/46393518981415;5.0;0.0;True;False
gid://shopify/ProductVariant/46393519014183;AN01724-19;19;11500.0;7200.0;5;gid://shopify/Product/8582666223911;Anel Universo | Ouro Branco 18K Com Ródio Negro E Esmeraldas;66;13;3;AN01724;AN01724-19;gid://shopify/ProductVariant/46393519014183;5.0;0.0;True;False
gid://shopify/ProductVariant/46393519046951;AN01724-20;20;11500.0;7200.0;5;gid://shopify/Product/8582666223911;Anel Universo | Ouro Branco 18K Com Ródio Negro E Esmeraldas;66;13;3;AN01724;AN01724-20;gid://shopify/ProductVariant/46393519046951;5.0;0.0;True;False
gid://shopify/ProductVariant/46393519079719;AN01724-21;21;11500.0;7200.0;5;gid://shopify/Product/8582666223911;Anel Universo | Ouro Branco 18K Com Ródio Negro E Esmeraldas;66;13;3;AN01724;AN01724-21;gid://shopify/ProductVariant/46393519079719;5.0;0.0;True;False
gid://shopify/ProductVariant/46393519112487;AN01724-22;22;11500.0;7200.0;5;gid://shopify/Product/8582666223911;Anel Universo | Ouro Branco 18K Com Ródio Negro E Esmeraldas;66;13;3;AN01724;AN01724-22;gid://shopify/ProductVariant/46393519112487;5.0;0.0;True;False
gid://shopify/ProductVariant/46393519178023;AN01748-10;10;8900.0;6200.0;5;gid://shopify/Product/8582666322215;Anel Universo | Ouro Branco 18K Com Ródio Negro E Rubis;65;13;3;AN01748;AN01748-10;gid://shopify/ProductVariant/46393519178023;5.0;0.0;True;False
gid://shopify/ProductVariant/46393519210791;AN01748-11;11;8900.0;6200.0;5;gid://shopify/Product/8582666322215;Anel Universo | Ouro Branco 18K Com Ródio Negro E Rubis;65;13;3;AN01748;AN01748-11;gid://shopify/ProductVariant/46393519210791;5.0;0.0;True;False
gid://shopify/ProductVariant/46393519243559;AN01748-12;12;8900.0;6200.0;5;gid://shopify/Product/8582666322215;Anel Universo | Ouro Branco 18K Com Ródio Negro E Rubis;65;13;3;AN01748;AN01748-12;gid://shopify/ProductVariant/46393519243559;5.0;0.0;True;False
gid://shopify/ProductVariant/46393519276327;AN01748-13;13;8900.0;6200.0;5;gid://shopify/Product/8582666322215;Anel Universo | Ouro Branco 18K Com Ródio Negro E Rubis;65;13;3;AN01748;AN01748-13;gid://shopify/ProductVariant/46393519276327;5.0;0.0;True;False
gid://shopify/ProductVariant/46393519309095;AN01748-14;14;8900.0;6200.0;5;gid://shopify/Product/8582666322215;Anel Universo | Ouro Branco 18K Com Ródio Negro E Rubis;65;13;3;AN01748;AN01748-14;gid://shopify/ProductVariant/46393519309095;5.0;0.0;True;False
gid://shopify/ProductVariant/46393519341863;AN01748-15;15;8900.0;6200.0;5;gid://shopify/Product/8582666322215;Anel Universo | Ouro Branco 18K Com Ródio Negro E Rubis;65;13;3;AN01748;AN01748-15;gid://shopify/ProductVariant/46393519341863;5.0;0.0;True;False
gid://shopify/ProductVariant/46393519374631;AN01748-16;16;8900.0;6200.0;5;gid://shopify/Product/8582666322215;Anel Universo | Ouro Branco 18K Com Ródio Negro E Rubis;65;13;3;AN01748;AN01748-16;gid://shopify/ProductVariant/46393519374631;5.0;0.0;True;False
gid://shopify/ProductVariant/46393519440167;AN01748-17;17;8900.0;6200.0;5;gid://shopify/Product/8582666322215;Anel Universo | Ouro Branco 18K Com Ródio Negro E Rubis;65;13;3;AN01748;AN01748-17;gid://shopify/ProductVariant/46393519440167;5.0;0.0;True;False
gid://shopify/ProductVariant/46393519472935;AN01748-18;18;8900.0;6200.0;5;gid://shopify/Product/8582666322215;Anel Universo | Ouro Branco 18K Com Ródio Negro E Rubis;65;13;3;AN01748;AN01748-18;gid://shopify/ProductVariant/46393519472935;5.0;0.0;True;False
gid://shopify/ProductVariant/46393519505703;AN01748-19;19;8900.0;6200.0;5;gid://shopify/Product/8582666322215;Anel Universo | Ouro Branco 18K Com Ródio Negro E Rubis;65;13;3;AN01748;AN01748-19;gid://shopify/ProductVariant/46393519505703;5.0;0.0;True;False
gid://shopify/ProductVariant/46393519538471;AN01748-20;20;8900.0;6200.0;5;gid://shopify/Product/8582666322215;Anel Universo | Ouro Branco 18K Com Ródio Negro E Rubis;65;13;3;AN01748;AN01748-20;gid://shopify/ProductVariant/46393519538471;5.0;0.0;True;False
gid://shopify/ProductVariant/46393519571239;AN01748-21;21;8900.0;6200.0;5;gid://shopify/Product/8582666322215;Anel Universo | Ouro Branco 18K Com Ródio Negro E Rubis;65;13;3;AN01748;AN01748-21;gid://shopify/ProductVariant/46393519571239;5.0;0.0;True;False
gid://shopify/ProductVariant/46393519604007;AN01748-22;22;8900.0;6200.0;5;gid://shopify/Product/8582666322215;Anel Universo | Ouro Branco 18K Com Ródio Negro E Rubis;65;13;3;AN01748;AN01748-22;gid://shopify/ProductVariant/46393519604007;5.0;0.0;True;False
gid://shopify/ProductVariant/46393519800615;AN01749-10;10;8900.0;6200.0;5;gid://shopify/Product/8582666453287;Anel Universo | Ouro Branco 18K Com Ródio Negro E Safiras;66;13;4;AN01749;AN01749-10;gid://shopify/ProductVariant/46393519800615;5.0;0.0;True;False
gid://shopify/ProductVariant/46393519833383;AN01749-11;11;8900.0;6200.0;5;gid://shopify/Product/8582666453287;Anel Universo | Ouro Branco 18K Com Ródio Negro E Safiras;66;13;4;AN01749;AN01749-11;gid://shopify/ProductVariant/46393519833383;5.0;0.0;True;False
gid://shopify/ProductVariant/46393519866151;AN01749-12;12;8900.0;6200.0;5;gid://shopify/Product/8582666453287;Anel Universo | Ouro Branco 18K Com Ródio Negro E Safiras;66;13;4;AN01749;AN01749-12;gid://shopify/ProductVariant/46393519866151;5.0;0.0;True;False
gid://shopify/ProductVariant/46393519898919;AN01749-13;13;8900.0;6200.0;5;gid://shopify/Product/8582666453287;Anel Universo | Ouro Branco 18K Com Ródio Negro E Safiras;66;13;4;AN01749;AN01749-13;gid://shopify/ProductVariant/46393519898919;5.0;0.0;True;False
gid://shopify/ProductVariant/46393519931687;AN01749-14;14;8900.0;6200.0;5;gid://shopify/Product/8582666453287;Anel Universo | Ouro Branco 18K Com Ródio Negro E Safiras;66;13;4;AN01749;AN01749-14;gid://shopify/ProductVariant/46393519931687;5.0;0.0;True;False
gid://shopify/ProductVariant/46393519964455;AN01749-15;15;8900.0;6200.0;5;gid://shopify/Product/8582666453287;Anel Universo | Ouro Branco 18K Com Ródio Negro E Safiras;66;13;4;AN01749;AN01749-15;gid://shopify/ProductVariant/46393519964455;5.0;0.0;True;False
gid://shopify/ProductVariant/46393519997223;AN01749-16;16;8900.0;6200.0;5;gid://shopify/Product/8582666453287;Anel Universo | Ouro Branco 18K Com Ródio Negro E Safiras;66;13;4;AN01749;AN01749-16;gid://shopify/ProductVariant/46393519997223;5.0;0.0;True;False
gid://shopify/ProductVariant/46393520029991;AN01749-17;17;8900.0;6200.0;6;gid://shopify/Product/8582666453287;Anel Universo | Ouro Branco 18K Com Ródio Negro E Safiras;66;13;4;AN01749;AN01749-17;gid://shopify/ProductVariant/46393520029991;5.0;0.0;True;True
gid://shopify/ProductVariant/46393520062759;AN01749-18;18;8900.0;6200.0;5;gid://shopify/Product/8582666453287;Anel Universo | Ouro Branco 18K Com Ródio Negro E Safiras;66;13;4;AN01749;AN01749-18;gid://shopify/ProductVariant/46393520062759;5.0;0.0;True;False
gid://shopify/ProductVariant/46393520095527;AN01749-19;19;8900.0;6200.0;5;gid://shopify/Product/8582666453287;Anel Universo | Ouro Branco 18K Com Ródio Negro E Safiras;66;13;4;AN01749;AN01749-19;gid://shopify/ProductVariant/46393520095527;5.0;0.0;True;False
gid://shopify/ProductVariant/46393520128295;AN01749-20;20;8900.0;6200.0;5;gid://shopify/Product/8582666453287;Anel Universo | Ouro Branco 18K Com Ródio Negro E Safiras;66;13;4;AN01749;AN01749-20;gid://shopify/ProductVariant/46393520128295;5.0;0.0;True;False
gid://shopify/ProductVariant/46393520161063;AN01749-21;21;8900.0;6200.0;5;gid://shopify/Product/8582666453287;Anel Universo | Ouro Branco 18K Com Ródio Negro E Safiras;66;13;4;AN01749;AN01749-21;gid://shopify/ProductVariant/46393520161063;5.0;0.0;True;False
gid://shopify/ProductVariant/46393520193831;AN01749-22;22;8900.0;6200.0;5;gid://shopify/Product/8582666453287;Anel Universo | Ouro Branco 18K Com Ródio Negro E Safiras;66;13;4;AN01749;AN01749-22;gid://shopify/ProductVariant/46393520193831;5.0;0.0;True;False
gid://shopify/ProductVariant/46393520423207;AN01865-10;10;11500.0;7500.0;5;gid://shopify/Product/8582666649895;Anel Universo | Ouro Branco 18K Com Ródio Negro E Diamantes Negros;66;13;3;AN01865;AN01865-10;gid://shopify/ProductVariant/46393520423207;5.0;0.0;True;False
gid://shopify/ProductVariant/46393520455975;AN01865-11;11;11500.0;7500.0;5;gid://shopify/Product/8582666649895;Anel Universo | Ouro Branco 18K Com Ródio Negro E Diamantes Negros;66;13;3;AN01865;AN01865-11;gid://shopify/ProductVariant/46393520455975;5.0;0.0;True;False
gid://shopify/ProductVariant/46393520488743;AN01865-12;12;11500.0;7500.0;5;gid://shopify/Product/8582666649895;Anel Universo | Ouro Branco 18K Com Ródio Negro E Diamantes Negros;66;13;3;AN01865;AN01865-12;gid://shopify/ProductVariant/46393520488743;5.0;0.0;True;False
gid://shopify/ProductVariant/46393520521511;AN01865-13;13;11500.0;7500.0;5;gid://shopify/Product/8582666649895;Anel Universo | Ouro Branco 18K Com Ródio Negro E Diamantes Negros;66;13;3;AN01865;AN01865-13;gid://shopify/ProductVariant/46393520521511;5.0;0.0;True;False
gid://shopify/ProductVariant/46393520554279;AN01865-14;14;11500.0;7500.0;6;gid://shopify/Product/8582666649895;Anel Universo | Ouro Branco 18K Com Ródio Negro E Diamantes Negros;66;13;3;AN01865;AN01865-14;gid://shopify/ProductVariant/46393520554279;5.0;0.0;True;True
gid://shopify/ProductVariant/46393520587047;AN01865-15;15;11500.0;7500.0;5;gid://shopify/Product/8582666649895;Anel Universo | Ouro Branco 18K Com Ródio Negro E Diamantes Negros;66;13;3;AN01865;AN01865-15;gid://shopify/ProductVariant/46393520587047;5.0;0.0;True;False
gid://shopify/ProductVariant/46393520619815;AN01865-16;16;11500.0;7500.0;5;gid://shopify/Product/8582666649895;Anel Universo | Ouro Branco 18K Com Ródio Negro E Diamantes Negros;66;13;3;AN01865;AN01865-16;gid://shopify/ProductVariant/46393520619815;5.0;0.0;True;False
gid://shopify/ProductVariant/46393520652583;AN01865-17;17;11500.0;7500.0;5;gid://shopify/Product/8582666649895;Anel Universo | Ouro Branco 18K Com Ródio Negro E Diamantes Negros;66;13;3;AN01865;AN01865-17;gid://shopify/ProductVariant/46393520652583;5.0;0.0;True;False
gid://shopify/ProductVariant/46393520685351;AN01865-18;18;11500.0;7500.0;5;gid://shopify/Product/8582666649895;Anel Universo | Ouro Branco 18K Com Ródio Negro E Diamantes Negros;66;13;3;AN01865;AN01865-18;gid://shopify/ProductVariant/46393520685351;5.0;0.0;True;False
gid://shopify/ProductVariant/46393520718119;AN01865-19;19;11500.0;7500.0;5;gid://shopify/Product/8582666649895;Anel Universo | Ouro Branco 18K Com Ródio Negro E Diamantes Negros;66;13;3;AN01865;AN01865-19;gid://shopify/ProductVariant/46393520718119;5.0;0.0;True;False
gid://shopify/ProductVariant/46393520750887;AN01865-20;20;11500.0;7500.0;5;gid://shopify/Product/8582666649895;Anel Universo | Ouro Branco 18K Com Ródio Negro E Diamantes Negros;66;13;3;AN01865;AN01865-20;gid://shopify/ProductVariant/46393520750887;5.0;0.0;True;False
gid://shopify/ProductVariant/46393520783655;AN01865-21;21;11500.0;7500.0;5;gid://shopify/Product/8582666649895;Anel Universo | Ouro Branco 18K Com Ródio Negro E Diamantes Negros;66;13;3;AN01865;AN01865-21;gid://shopify/ProductVariant/46393520783655;5.0;0.0;True;False
gid://shopify/ProductVariant/46393520816423;AN01865-22;22;11500.0;7500.0;5;gid://shopify/Product/8582666649895;Anel Universo | Ouro Branco 18K Com Ródio Negro E Diamantes Negros;66;13;3;AN01865;AN01865-22;gid://shopify/ProductVariant/46393520816423;5.0;0.0;True;False
gid://shopify/ProductVariant/46393521013031;AN02038-10;10;17500.0;13500.0;5;gid://shopify/Product/8582666846503;Anel Universo | Ouro Branco 18K Com Ródio Negro E Diamantes;66;13;3;AN02038;AN02038-10;gid://shopify/ProductVariant/46393521013031;5.0;0.0;True;False
gid://shopify/ProductVariant/46393521045799;AN02038-11;11;17500.0;13500.0;5;gid://shopify/Product/8582666846503;Anel Universo | Ouro Branco 18K Com Ródio Negro E Diamantes;66;13;3;AN02038;AN02038-11;gid://shopify/ProductVariant/46393521045799;5.0;0.0;True;False
gid://shopify/ProductVariant/46393521078567;AN02038-12;12;17500.0;13500.0;5;gid://shopify/Product/8582666846503;Anel Universo | Ouro Branco 18K Com Ródio Negro E Diamantes;66;13;3;AN02038;AN02038-12;gid://shopify/ProductVariant/46393521078567;5.0;0.0;True;False
gid://shopify/ProductVariant/46393521144103;AN02038-13;13;17500.0;13500.0;5;gid://shopify/Product/8582666846503;Anel Universo | Ouro Branco 18K Com Ródio Negro E Diamantes;66;13;3;AN02038;AN02038-13;gid://shopify/ProductVariant/46393521144103;5.0;0.0;True;False
gid://shopify/ProductVariant/46393521176871;AN02038-14;14;17500.0;13500.0;6;gid://shopify/Product/8582666846503;Anel Universo | Ouro Branco 18K Com Ródio Negro E Diamantes;66;13;3;AN02038;AN02038-14;gid://shopify/ProductVariant/46393521176871;5.0;0.0;True;True
gid://shopify/ProductVariant/46393521209639;AN02038-15;15;17500.0;13500.0;5;gid://shopify/Product/8582666846503;Anel Universo | Ouro Branco 18K Com Ródio Negro E Diamantes;66;13;3;AN02038;AN02038-15;gid://shopify/ProductVariant/46393521209639;5.0;0.0;True;False
gid://shopify/ProductVariant/46393521242407;AN02038-16;16;17500.0;13500.0;5;gid://shopify/Product/8582666846503;Anel Universo | Ouro Branco 18K Com Ródio Negro E Diamantes;66;13;3;AN02038;AN02038-16;gid://shopify/ProductVariant/46393521242407;5.0;0.0;True;False
gid://shopify/ProductVariant/46393521275175;AN02038-17;17;17500.0;13500.0;5;gid://shopify/Product/8582666846503;Anel Universo | Ouro Branco 18K Com Ródio Negro E Diamantes;66;13;3;AN02038;AN02038-17;gid://shopify/ProductVariant/46393521275175;5.0;0.0;True;False
gid://shopify/ProductVariant/46393521307943;AN02038-18;18;17500.0;13500.0;5;gid://shopify/Product/8582666846503;Anel Universo | Ouro Branco 18K Com Ródio Negro E Diamantes;66;13;3;AN02038;AN02038-18;gid://shopify/ProductVariant/46393521307943;5.0;0.0;True;False
gid://shopify/ProductVariant/46393521340711;AN02038-19;19;17500.0;13500.0;5;gid://shopify/Product/8582666846503;Anel Universo | Ouro Branco 18K Com Ródio Negro E Diamantes;66;13;3;AN02038;AN02038-19;gid://shopify/ProductVariant/46393521340711;5.0;0.0;True;False
gid://shopify/ProductVariant/46393521373479;AN02038-20;20;17500.0;13500.0;5;gid://shopify/Product/8582666846503;Anel Universo | Ouro Branco 18K Com Ródio Negro E Diamantes;66;13;3;AN02038;AN02038-20;gid://shopify/ProductVariant/46393521373479;5.0;0.0;True;False
gid://shopify/ProductVariant/46393521406247;AN02038-21;21;17500.0;13500.0;5;gid://shopify/Product/8582666846503;Anel Universo | Ouro Branco 18K Com Ródio Negro E Diamantes;66;13;3;AN02038;AN02038-21;gid://shopify/ProductVariant/46393521406247;5.0;0.0;True;False
gid://shopify/ProductVariant/46393521439015;AN02038-22;22;17500.0;13500.0;5;gid://shopify/Product/8582666846503;Anel Universo | Ouro Branco 18K Com Ródio Negro E Diamantes;66;13;3;AN02038;AN02038-22;gid://shopify/ProductVariant/46393521439015;5.0;0.0;True;False
gid://shopify/ProductVariant/46393521537319;AN03573-10;10;102500.0;102500.0;0;gid://shopify/Product/8582666977575;Anel Vita Eterna | Ouro Amarelo e Branco 18K com Diamantes e Esmeralda de 8CT;1;13;2;AN03573;AN03573-10;gid://shopify/ProductVariant/46393521537319;0.0;0.0;False;False
gid://shopify/ProductVariant/46393521570087;AN03573-11;11;102500.0;102500.0;0;gid://shopify/Product/8582666977575;Anel Vita Eterna | Ouro Amarelo e Branco 18K com Diamantes e Esmeralda de 8CT;1;13;2;AN03573;AN03573-11;gid://shopify/ProductVariant/46393521570087;0.0;0.0;False;False
gid://shopify/ProductVariant/46393521602855;AN03573-12;12;102500.0;102500.0;0;gid://shopify/Product/8582666977575;Anel Vita Eterna | Ouro Amarelo e Branco 18K com Diamantes e Esmeralda de 8CT;1;13;2;AN03573;AN03573-12;gid://shopify/ProductVariant/46393521602855;0.0;0.0;False;False
gid://shopify/ProductVariant/46393521635623;AN03573-13;13;102500.0;102500.0;0;gid://shopify/Product/8582666977575;Anel Vita Eterna | Ouro Amarelo e Branco 18K com Diamantes e Esmeralda de 8CT;1;13;2;AN03573;AN03573-13;gid://shopify/ProductVariant/46393521635623;0.0;0.0;False;False
gid://shopify/ProductVariant/46393521668391;AN03573-14;14;102500.0;102500.0;0;gid://shopify/Product/8582666977575;Anel Vita Eterna | Ouro Amarelo e Branco 18K com Diamantes e Esmeralda de 8CT;1;13;2;AN03573;AN03573-14;gid://shopify/ProductVariant/46393521668391;0.0;0.0;False;False
gid://shopify/ProductVariant/46393521701159;AN03573-15;15;102500.0;102500.0;0;gid://shopify/Product/8582666977575;Anel Vita Eterna | Ouro Amarelo e Branco 18K com Diamantes e Esmeralda de 8CT;1;13;2;AN03573;AN03573-15;gid://shopify/ProductVariant/46393521701159;0.0;0.0;False;False
gid://shopify/ProductVariant/46393521733927;AN03573-16;16;102500.0;102500.0;0;gid://shopify/Product/8582666977575;Anel Vita Eterna | Ouro Amarelo e Branco 18K com Diamantes e Esmeralda de 8CT;1;13;2;AN03573;AN03573-16;gid://shopify/ProductVariant/46393521733927;0.0;0.0;False;False
gid://shopify/ProductVariant/46393521766695;AN03573-17;17;102500.0;102500.0;1;gid://shopify/Product/8582666977575;Anel Vita Eterna | Ouro Amarelo e Branco 18K com Diamantes e Esmeralda de 8CT;1;13;2;AN03573;AN03573-17;gid://shopify/ProductVariant/46393521766695;0.0;0.0;False;True
gid://shopify/ProductVariant/46393521799463;AN03573-18;18;102500.0;102500.0;0;gid://shopify/Product/8582666977575;Anel Vita Eterna | Ouro Amarelo e Branco 18K com Diamantes e Esmeralda de 8CT;1;13;2;AN03573;AN03573-18;gid://shopify/ProductVariant/46393521799463;0.0;0.0;False;False
gid://shopify/ProductVariant/46393521832231;AN03573-19;19;102500.0;102500.0;0;gid://shopify/Product/8582666977575;Anel Vita Eterna | Ouro Amarelo e Branco 18K com Diamantes e Esmeralda de 8CT;1;13;2;AN03573;AN03573-19;gid://shopify/ProductVariant/46393521832231;0.0;0.0;False;False
gid://shopify/ProductVariant/46393521864999;AN03573-20;20;102500.0;102500.0;0;gid://shopify/Product/8582666977575;Anel Vita Eterna | Ouro Amarelo e Branco 18K com Diamantes e Esmeralda de 8CT;1;13;2;AN03573;AN03573-20;gid://shopify/ProductVariant/46393521864999;0.0;0.0;False;False
gid://shopify/ProductVariant/46393521897767;AN03573-21;21;102500.0;102500.0;0;gid://shopify/Product/8582666977575;Anel Vita Eterna | Ouro Amarelo e Branco 18K com Diamantes e Esmeralda de 8CT;1;13;2;AN03573;AN03573-21;gid://shopify/ProductVariant/46393521897767;0.0;0.0;False;False
gid://shopify/ProductVariant/46393521930535;AN03573-22;22;102500.0;102500.0;0;gid://shopify/Product/8582666977575;Anel Vita Eterna | Ouro Amarelo e Branco 18K com Diamantes e Esmeralda de 8CT;1;13;2;AN03573;AN03573-22;gid://shopify/ProductVariant/46393521930535;0.0;0.0;False;False
gid://shopify/ProductVariant/46393521963303;AN03175-10;10;1100.0;1100.0;5;gid://shopify/Product/8582667010343;Anel White chain | Prata Com Ouro Branco 18k;65;14;2;AN03175;AN03175-10;gid://shopify/ProductVariant/46393521963303;0.0;5.0;True;False
gid://shopify/ProductVariant/46393521996071;AN03175-11;11;1100.0;1100.0;5;gid://shopify/Product/8582667010343;Anel White chain | Prata Com Ouro Branco 18k;65;14;2;AN03175;AN03175-11;gid://shopify/ProductVariant/46393521996071;0.0;5.0;True;False
gid://shopify/ProductVariant/46393522028839;AN03175-12;12;1100.0;1100.0;5;gid://shopify/Product/8582667010343;Anel White chain | Prata Com Ouro Branco 18k;65;14;2;AN03175;AN03175-12;gid://shopify/ProductVariant/46393522028839;0.0;5.0;True;False
gid://shopify/ProductVariant/46393522061607;AN03175-13;13;1100.0;1100.0;5;gid://shopify/Product/8582667010343;Anel White chain | Prata Com Ouro Branco 18k;65;14;2;AN03175;AN03175-13;gid://shopify/ProductVariant/46393522061607;0.0;5.0;True;False
gid://shopify/ProductVariant/46393522094375;AN03175-14;14;1100.0;1100.0;5;gid://shopify/Product/8582667010343;Anel White chain | Prata Com Ouro Branco 18k;65;14;2;AN03175;AN03175-14;gid://shopify/ProductVariant/46393522094375;0.0;5.0;True;False
gid://shopify/ProductVariant/46393522127143;AN03175-15;15;1100.0;1100.0;5;gid://shopify/Product/8582667010343;Anel White chain | Prata Com Ouro Branco 18k;65;14;2;AN03175;AN03175-15;gid://shopify/ProductVariant/46393522127143;0.0;5.0;True;False
gid://shopify/ProductVariant/46393522159911;AN03175-16;16;1100.0;1100.0;5;gid://shopify/Product/8582667010343;Anel White chain | Prata Com Ouro Branco 18k;65;14;2;AN03175;AN03175-16;gid://shopify/ProductVariant/46393522159911;0.0;5.0;True;False
gid://shopify/ProductVariant/46393522192679;AN03175-17;17;1100.0;1100.0;5;gid://shopify/Product/8582667010343;Anel White chain | Prata Com Ouro Branco 18k;65;14;2;AN03175;AN03175-17;gid://shopify/ProductVariant/46393522192679;0.0;5.0;True;False
gid://shopify/ProductVariant/46393522225447;AN03175-18;18;1100.0;1100.0;5;gid://shopify/Product/8582667010343;Anel White chain | Prata Com Ouro Branco 18k;65;14;2;AN03175;AN03175-18;gid://shopify/ProductVariant/46393522225447;0.0;5.0;True;False
gid://shopify/ProductVariant/46393522258215;AN03175-19;19;1100.0;1100.0;5;gid://shopify/Product/8582667010343;Anel White chain | Prata Com Ouro Branco 18k;65;14;2;AN03175;AN03175-19;gid://shopify/ProductVariant/46393522258215;0.0;5.0;True;False
gid://shopify/ProductVariant/46393522290983;AN03175-20;20;1100.0;1100.0;5;gid://shopify/Product/8582667010343;Anel White chain | Prata Com Ouro Branco 18k;65;14;2;AN03175;AN03175-20;gid://shopify/ProductVariant/46393522290983;0.0;5.0;True;False
gid://shopify/ProductVariant/46393522323751;AN03175-21;21;1100.0;1100.0;5;gid://shopify/Product/8582667010343;Anel White chain | Prata Com Ouro Branco 18k;65;14;2;AN03175;AN03175-21;gid://shopify/ProductVariant/46393522323751;0.0;5.0;True;False
gid://shopify/ProductVariant/46393522356519;AN03175-22;22;1100.0;1100.0;5;gid://shopify/Product/8582667010343;Anel White chain | Prata Com Ouro Branco 18k;65;14;2;AN03175;AN03175-22;gid://shopify/ProductVariant/46393522356519;0.0;5.0;True;False
gid://shopify/ProductVariant/46393527206183;AN02785-10;10;12500.0;12500.0;0;gid://shopify/Product/8582667436327;Anel Especial | Ouro Branco 18K com Diamantes e Diamante negro;0;13;1;AN02785;AN02785-10;gid://shopify/ProductVariant/46393527206183;0.0;0.0;False;False
gid://shopify/ProductVariant/46393527238951;AN02785-11;11;12500.0;12500.0;0;gid://shopify/Product/8582667436327;Anel Especial | Ouro Branco 18K com Diamantes e Diamante negro;0;13;1;AN02785;AN02785-11;gid://shopify/ProductVariant/46393527238951;0.0;0.0;False;False
gid://shopify/ProductVariant/46393527271719;AN02785-12;12;12500.0;12500.0;0;gid://shopify/Product/8582667436327;Anel Especial | Ouro Branco 18K com Diamantes e Diamante negro;0;13;1;AN02785;AN02785-12;gid://shopify/ProductVariant/46393527271719;0.0;0.0;False;False
gid://shopify/ProductVariant/46393527304487;AN02785-13;13;12500.0;12500.0;0;gid://shopify/Product/8582667436327;Anel Especial | Ouro Branco 18K com Diamantes e Diamante negro;0;13;1;AN02785;AN02785-13;gid://shopify/ProductVariant/46393527304487;0.0;0.0;False;False
gid://shopify/ProductVariant/46393527337255;AN02785-14;14;12500.0;12500.0;0;gid://shopify/Product/8582667436327;Anel Especial | Ouro Branco 18K com Diamantes e Diamante negro;0;13;1;AN02785;AN02785-14;gid://shopify/ProductVariant/46393527337255;0.0;0.0;False;False
gid://shopify/ProductVariant/46393527370023;AN02785-15;15;12500.0;12500.0;0;gid://shopify/Product/8582667436327;Anel Especial | Ouro Branco 18K com Diamantes e Diamante negro;0;13;1;AN02785;AN02785-15;gid://shopify/ProductVariant/46393527370023;0.0;0.0;False;False
gid://shopify/ProductVariant/46393527402791;AN02785-16;16;12500.0;12500.0;0;gid://shopify/Product/8582667436327;Anel Especial | Ouro Branco 18K com Diamantes e Diamante negro;0;13;1;AN02785;AN02785-16;gid://shopify/ProductVariant/46393527402791;0.0;0.0;False;False
gid://shopify/ProductVariant/46393527435559;AN02785-17;17;12500.0;12500.0;0;gid://shopify/Product/8582667436327;Anel Especial | Ouro Branco 18K com Diamantes e Diamante negro;0;13;1;AN02785;AN02785-17;gid://shopify/ProductVariant/46393527435559;0.0;0.0;False;False
gid://shopify/ProductVariant/46393527468327;AN02785-18;18;12500.0;12500.0;0;gid://shopify/Product/8582667436327;Anel Especial | Ouro Branco 18K com Diamantes e Diamante negro;0;13;1;AN02785;AN02785-18;gid://shopify/ProductVariant/46393527468327;0.0;0.0;False;False
gid://shopify/ProductVariant/46393527501095;AN02785-19;19;12500.0;12500.0;0;gid://shopify/Product/8582667436327;Anel Especial | Ouro Branco 18K com Diamantes e Diamante negro;0;13;1;AN02785;AN02785-19;gid://shopify/ProductVariant/46393527501095;0.0;0.0;False;False
gid://shopify/ProductVariant/46393527533863;AN02785-20;20;12500.0;12500.0;0;gid://shopify/Product/8582667436327;Anel Especial | Ouro Branco 18K com Diamantes e Diamante negro;0;13;1;AN02785;AN02785-20;gid://shopify/ProductVariant/46393527533863;0.0;0.0;False;False
gid://shopify/ProductVariant/46393527566631;AN02785-21;21;12500.0;12500.0;0;gid://shopify/Product/8582667436327;Anel Especial | Ouro Branco 18K com Diamantes e Diamante negro;0;13;1;AN02785;AN02785-21;gid://shopify/ProductVariant/46393527566631;0.0;0.0;False;False
gid://shopify/ProductVariant/46393527599399;AN02785-22;22;12500.0;12500.0;0;gid://shopify/Product/8582667436327;Anel Especial | Ouro Branco 18K com Diamantes e Diamante negro;0;13;1;AN02785;AN02785-22;gid://shopify/ProductVariant/46393527599399;0.0;0.0;False;False
gid://shopify/ProductVariant/46393529106727;AN03090-10;10;12500.0;12500.0;0;gid://shopify/Product/8582667632935;Anel Especial | Ouro Branco 18K com diamantes e  Diamante Negro;0;13;1;AN03090;AN03090-10;gid://shopify/ProductVariant/46393529106727;0.0;0.0;False;False
gid://shopify/ProductVariant/46393529139495;AN03090-11;11;12500.0;12500.0;0;gid://shopify/Product/8582667632935;Anel Especial | Ouro Branco 18K com diamantes e  Diamante Negro;0;13;1;AN03090;AN03090-11;gid://shopify/ProductVariant/46393529139495;0.0;0.0;False;False
gid://shopify/ProductVariant/46393529172263;AN03090-12;12;12500.0;12500.0;0;gid://shopify/Product/8582667632935;Anel Especial | Ouro Branco 18K com diamantes e  Diamante Negro;0;13;1;AN03090;AN03090-12;gid://shopify/ProductVariant/46393529172263;0.0;0.0;False;False
gid://shopify/ProductVariant/46393529205031;AN03090-13;13;12500.0;12500.0;0;gid://shopify/Product/8582667632935;Anel Especial | Ouro Branco 18K com diamantes e  Diamante Negro;0;13;1;AN03090;AN03090-13;gid://shopify/ProductVariant/46393529205031;0.0;0.0;False;False
gid://shopify/ProductVariant/46393529237799;AN03090-14;14;12500.0;12500.0;0;gid://shopify/Product/8582667632935;Anel Especial | Ouro Branco 18K com diamantes e  Diamante Negro;0;13;1;AN03090;AN03090-14;gid://shopify/ProductVariant/46393529237799;0.0;0.0;False;False
gid://shopify/ProductVariant/46393529270567;AN03090-15;15;12500.0;12500.0;0;gid://shopify/Product/8582667632935;Anel Especial | Ouro Branco 18K com diamantes e  Diamante Negro;0;13;1;AN03090;AN03090-15;gid://shopify/ProductVariant/46393529270567;0.0;0.0;False;False
gid://shopify/ProductVariant/46393529303335;AN03090-16;16;12500.0;12500.0;0;gid://shopify/Product/8582667632935;Anel Especial | Ouro Branco 18K com diamantes e  Diamante Negro;0;13;1;AN03090;AN03090-16;gid://shopify/ProductVariant/46393529303335;0.0;0.0;False;False
gid://shopify/ProductVariant/46393529336103;AN03090-17;17;12500.0;12500.0;0;gid://shopify/Product/8582667632935;Anel Especial | Ouro Branco 18K com diamantes e  Diamante Negro;0;13;1;AN03090;AN03090-17;gid://shopify/ProductVariant/46393529336103;0.0;0.0;False;False
gid://shopify/ProductVariant/46393529368871;AN03090-18;18;12500.0;12500.0;0;gid://shopify/Product/8582667632935;Anel Especial | Ouro Branco 18K com diamantes e  Diamante Negro;0;13;1;AN03090;AN03090-18;gid://shopify/ProductVariant/46393529368871;0.0;0.0;False;False
gid://shopify/ProductVariant/46393529401639;AN03090-19;19;12500.0;12500.0;0;gid://shopify/Product/8582667632935;Anel Especial | Ouro Branco 18K com diamantes e  Diamante Negro;0;13;1;AN03090;AN03090-19;gid://shopify/ProductVariant/46393529401639;0.0;0.0;False;False
gid://shopify/ProductVariant/46393529434407;AN03090-20;20;12500.0;12500.0;0;gid://shopify/Product/8582667632935;Anel Especial | Ouro Branco 18K com diamantes e  Diamante Negro;0;13;1;AN03090;AN03090-20;gid://shopify/ProductVariant/46393529434407;0.0;0.0;False;False
gid://shopify/ProductVariant/46393529467175;AN03090-21;21;12500.0;12500.0;0;gid://shopify/Product/8582667632935;Anel Especial | Ouro Branco 18K com diamantes e  Diamante Negro;0;13;1;AN03090;AN03090-21;gid://shopify/ProductVariant/46393529467175;0.0;0.0;False;False
gid://shopify/ProductVariant/46393529499943;AN03090-22;22;12500.0;12500.0;0;gid://shopify/Product/8582667632935;Anel Especial | Ouro Branco 18K com diamantes e  Diamante Negro;0;13;1;AN03090;AN03090-22;gid://shopify/ProductVariant/46393529499943;0.0;0.0;False;False
gid://shopify/ProductVariant/46393537691943;AN02817-10;10;19900.0;17000.0;0;gid://shopify/Product/8582668353831;Anel | Ouro Branco 18K com Diamantes e Diamante Negro.;1;13;1;AN02817;AN02817-10;gid://shopify/ProductVariant/46393537691943;0.0;0.0;False;False
gid://shopify/ProductVariant/46393537724711;AN02817-11;11;19900.0;17000.0;0;gid://shopify/Product/8582668353831;Anel | Ouro Branco 18K com Diamantes e Diamante Negro.;1;13;1;AN02817;AN02817-11;gid://shopify/ProductVariant/46393537724711;0.0;0.0;False;False
gid://shopify/ProductVariant/46393537757479;AN02817-12;12;19900.0;17000.0;0;gid://shopify/Product/8582668353831;Anel | Ouro Branco 18K com Diamantes e Diamante Negro.;1;13;1;AN02817;AN02817-12;gid://shopify/ProductVariant/46393537757479;0.0;0.0;False;False
gid://shopify/ProductVariant/46393537790247;AN02817-13;13;19900.0;17000.0;0;gid://shopify/Product/8582668353831;Anel | Ouro Branco 18K com Diamantes e Diamante Negro.;1;13;1;AN02817;AN02817-13;gid://shopify/ProductVariant/46393537790247;0.0;0.0;False;False
gid://shopify/ProductVariant/46393537823015;AN02817-14;14;19900.0;17000.0;0;gid://shopify/Product/8582668353831;Anel | Ouro Branco 18K com Diamantes e Diamante Negro.;1;13;1;AN02817;AN02817-14;gid://shopify/ProductVariant/46393537823015;0.0;0.0;False;False
gid://shopify/ProductVariant/46393537855783;AN02817-15;15;19900.0;17000.0;1;gid://shopify/Product/8582668353831;Anel | Ouro Branco 18K com Diamantes e Diamante Negro.;1;13;1;AN02817;AN02817-15;gid://shopify/ProductVariant/46393537855783;0.0;0.0;False;True
gid://shopify/ProductVariant/46393537888551;AN02817-16;16;19900.0;17000.0;0;gid://shopify/Product/8582668353831;Anel | Ouro Branco 18K com Diamantes e Diamante Negro.;1;13;1;AN02817;AN02817-16;gid://shopify/ProductVariant/46393537888551;0.0;0.0;False;False
gid://shopify/ProductVariant/46393537921319;AN02817-17;17;19900.0;17000.0;0;gid://shopify/Product/8582668353831;Anel | Ouro Branco 18K com Diamantes e Diamante Negro.;1;13;1;AN02817;AN02817-17;gid://shopify/ProductVariant/46393537921319;0.0;0.0;False;False
gid://shopify/ProductVariant/46393537954087;AN02817-18;18;19900.0;17000.0;0;gid://shopify/Product/8582668353831;Anel | Ouro Branco 18K com Diamantes e Diamante Negro.;1;13;1;AN02817;AN02817-18;gid://shopify/ProductVariant/46393537954087;0.0;0.0;False;False
gid://shopify/ProductVariant/46393537986855;AN02817-19;19;19900.0;17000.0;0;gid://shopify/Product/8582668353831;Anel | Ouro Branco 18K com Diamantes e Diamante Negro.;1;13;1;AN02817;AN02817-19;gid://shopify/ProductVariant/46393537986855;0.0;0.0;False;False
gid://shopify/ProductVariant/46393538019623;AN02817-20;20;19900.0;17000.0;0;gid://shopify/Product/8582668353831;Anel | Ouro Branco 18K com Diamantes e Diamante Negro.;1;13;1;AN02817;AN02817-20;gid://shopify/ProductVariant/46393538019623;0.0;0.0;False;False
gid://shopify/ProductVariant/46393538052391;AN02817-21;21;19900.0;17000.0;0;gid://shopify/Product/8582668353831;Anel | Ouro Branco 18K com Diamantes e Diamante Negro.;1;13;1;AN02817;AN02817-21;gid://shopify/ProductVariant/46393538052391;0.0;0.0;False;False
gid://shopify/ProductVariant/46393538085159;AN02817-22;22;19900.0;17000.0;0;gid://shopify/Product/8582668353831;Anel | Ouro Branco 18K com Diamantes e Diamante Negro.;1;13;1;AN02817;AN02817-22;gid://shopify/ProductVariant/46393538085159;0.0;0.0;False;False
gid://shopify/ProductVariant/46393538117927;AN02859-10;10;82900.0;82900.0;0;gid://shopify/Product/8582668386599;Anel Maes 2013 De Ouro Amarelo 18K E Diamante Fancy;0;13;0;AN02859;AN02859-10;gid://shopify/ProductVariant/46393538117927;0.0;0.0;False;False
gid://shopify/ProductVariant/46393538150695;AN02859-11;11;82900.0;82900.0;0;gid://shopify/Product/8582668386599;Anel Maes 2013 De Ouro Amarelo 18K E Diamante Fancy;0;13;0;AN02859;AN02859-11;gid://shopify/ProductVariant/46393538150695;0.0;0.0;False;False
gid://shopify/ProductVariant/46393538183463;AN02859-12;12;82900.0;82900.0;0;gid://shopify/Product/8582668386599;Anel Maes 2013 De Ouro Amarelo 18K E Diamante Fancy;0;13;0;AN02859;AN02859-12;gid://shopify/ProductVariant/46393538183463;0.0;0.0;False;False
gid://shopify/ProductVariant/46393538216231;AN02859-13;13;82900.0;82900.0;0;gid://shopify/Product/8582668386599;Anel Maes 2013 De Ouro Amarelo 18K E Diamante Fancy;0;13;0;AN02859;AN02859-13;gid://shopify/ProductVariant/46393538216231;0.0;0.0;False;False
gid://shopify/ProductVariant/46393538248999;AN02859-14;14;82900.0;82900.0;0;gid://shopify/Product/8582668386599;Anel Maes 2013 De Ouro Amarelo 18K E Diamante Fancy;0;13;0;AN02859;AN02859-14;gid://shopify/ProductVariant/46393538248999;0.0;0.0;False;False
gid://shopify/ProductVariant/46393538281767;AN02859-15;15;82900.0;82900.0;0;gid://shopify/Product/8582668386599;Anel Maes 2013 De Ouro Amarelo 18K E Diamante Fancy;0;13;0;AN02859;AN02859-15;gid://shopify/ProductVariant/46393538281767;0.0;0.0;False;False
gid://shopify/ProductVariant/46393538314535;AN02859-16;16;82900.0;82900.0;0;gid://shopify/Product/8582668386599;Anel Maes 2013 De Ouro Amarelo 18K E Diamante Fancy;0;13;0;AN02859;AN02859-16;gid://shopify/ProductVariant/46393538314535;0.0;0.0;False;False
gid://shopify/ProductVariant/46393538347303;AN02859-17;17;82900.0;82900.0;0;gid://shopify/Product/8582668386599;Anel Maes 2013 De Ouro Amarelo 18K E Diamante Fancy;0;13;0;AN02859;AN02859-17;gid://shopify/ProductVariant/46393538347303;0.0;0.0;False;False
gid://shopify/ProductVariant/46393538380071;AN02859-18;18;82900.0;82900.0;0;gid://shopify/Product/8582668386599;Anel Maes 2013 De Ouro Amarelo 18K E Diamante Fancy;0;13;0;AN02859;AN02859-18;gid://shopify/ProductVariant/46393538380071;0.0;0.0;False;False
gid://shopify/ProductVariant/46393538412839;AN02859-19;19;82900.0;82900.0;0;gid://shopify/Product/8582668386599;Anel Maes 2013 De Ouro Amarelo 18K E Diamante Fancy;0;13;0;AN02859;AN02859-19;gid://shopify/ProductVariant/46393538412839;0.0;0.0;False;False
gid://shopify/ProductVariant/46393538445607;AN02859-20;20;82900.0;82900.0;0;gid://shopify/Product/8582668386599;Anel Maes 2013 De Ouro Amarelo 18K E Diamante Fancy;0;13;0;AN02859;AN02859-20;gid://shopify/ProductVariant/46393538445607;0.0;0.0;False;False
gid://shopify/ProductVariant/46393538478375;AN02859-21;21;82900.0;82900.0;0;gid://shopify/Product/8582668386599;Anel Maes 2013 De Ouro Amarelo 18K E Diamante Fancy;0;13;0;AN02859;AN02859-21;gid://shopify/ProductVariant/46393538478375;0.0;0.0;False;False
gid://shopify/ProductVariant/46393538511143;AN02859-22;22;82900.0;82900.0;0;gid://shopify/Product/8582668386599;Anel Maes 2013 De Ouro Amarelo 18K E Diamante Fancy;0;13;0;AN02859;AN02859-22;gid://shopify/ProductVariant/46393538511143;0.0;0.0;False;False
gid://shopify/ProductVariant/46393542213927;AN03321-10;10;11200.0;11200.0;0;gid://shopify/Product/8582668812583;Anel Maes 2013 De Ouro Branco 18K E Diamante E Rubi;0;13;0;AN03321;AN03321-10;gid://shopify/ProductVariant/46393542213927;0.0;0.0;False;False
gid://shopify/ProductVariant/46393542246695;AN03321-11;11;11200.0;11200.0;0;gid://shopify/Product/8582668812583;Anel Maes 2013 De Ouro Branco 18K E Diamante E Rubi;0;13;0;AN03321;AN03321-11;gid://shopify/ProductVariant/46393542246695;0.0;0.0;False;False
gid://shopify/ProductVariant/46393542279463;AN03321-12;12;11200.0;11200.0;0;gid://shopify/Product/8582668812583;Anel Maes 2013 De Ouro Branco 18K E Diamante E Rubi;0;13;0;AN03321;AN03321-12;gid://shopify/ProductVariant/46393542279463;0.0;0.0;False;False
gid://shopify/ProductVariant/46393542312231;AN03321-13;13;11200.0;11200.0;0;gid://shopify/Product/8582668812583;Anel Maes 2013 De Ouro Branco 18K E Diamante E Rubi;0;13;0;AN03321;AN03321-13;gid://shopify/ProductVariant/46393542312231;0.0;0.0;False;False
gid://shopify/ProductVariant/46393542344999;AN03321-14;14;11200.0;11200.0;0;gid://shopify/Product/8582668812583;Anel Maes 2013 De Ouro Branco 18K E Diamante E Rubi;0;13;0;AN03321;AN03321-14;gid://shopify/ProductVariant/46393542344999;0.0;0.0;False;False
gid://shopify/ProductVariant/46393542377767;AN03321-15;15;11200.0;11200.0;0;gid://shopify/Product/8582668812583;Anel Maes 2013 De Ouro Branco 18K E Diamante E Rubi;0;13;0;AN03321;AN03321-15;gid://shopify/ProductVariant/46393542377767;0.0;0.0;False;False
gid://shopify/ProductVariant/46393542410535;AN03321-16;16;11200.0;11200.0;0;gid://shopify/Product/8582668812583;Anel Maes 2013 De Ouro Branco 18K E Diamante E Rubi;0;13;0;AN03321;AN03321-16;gid://shopify/ProductVariant/46393542410535;0.0;0.0;False;False
gid://shopify/ProductVariant/46393542443303;AN03321-17;17;11200.0;11200.0;0;gid://shopify/Product/8582668812583;Anel Maes 2013 De Ouro Branco 18K E Diamante E Rubi;0;13;0;AN03321;AN03321-17;gid://shopify/ProductVariant/46393542443303;0.0;0.0;False;False
gid://shopify/ProductVariant/46393542476071;AN03321-18;18;11200.0;11200.0;0;gid://shopify/Product/8582668812583;Anel Maes 2013 De Ouro Branco 18K E Diamante E Rubi;0;13;0;AN03321;AN03321-18;gid://shopify/ProductVariant/46393542476071;0.0;0.0;False;False
gid://shopify/ProductVariant/46393542508839;AN03321-19;19;11200.0;11200.0;0;gid://shopify/Product/8582668812583;Anel Maes 2013 De Ouro Branco 18K E Diamante E Rubi;0;13;0;AN03321;AN03321-19;gid://shopify/ProductVariant/46393542508839;0.0;0.0;False;False
gid://shopify/ProductVariant/46393542541607;AN03321-20;20;11200.0;11200.0;0;gid://shopify/Product/8582668812583;Anel Maes 2013 De Ouro Branco 18K E Diamante E Rubi;0;13;0;AN03321;AN03321-20;gid://shopify/ProductVariant/46393542541607;0.0;0.0;False;False
gid://shopify/ProductVariant/46393542574375;AN03321-21;21;11200.0;11200.0;0;gid://shopify/Product/8582668812583;Anel Maes 2013 De Ouro Branco 18K E Diamante E Rubi;0;13;0;AN03321;AN03321-21;gid://shopify/ProductVariant/46393542574375;0.0;0.0;False;False
gid://shopify/ProductVariant/46393542607143;AN03321-22;22;11200.0;11200.0;0;gid://shopify/Product/8582668812583;Anel Maes 2013 De Ouro Branco 18K E Diamante E Rubi;0;13;0;AN03321;AN03321-22;gid://shopify/ProductVariant/46393542607143;0.0;0.0;False;False
gid://shopify/ProductVariant/46393547522343;AN03430-10;10;20500.0;20500.0;0;gid://shopify/Product/8582669140263;Anel Super Star | Ouro Branco 18K, Kunzita e Diamante;0;13;1;AN03430;AN03430-10;gid://shopify/ProductVariant/46393547522343;0.0;0.0;False;False
gid://shopify/ProductVariant/46393547555111;AN03430-11;11;20500.0;20500.0;0;gid://shopify/Product/8582669140263;Anel Super Star | Ouro Branco 18K, Kunzita e Diamante;0;13;1;AN03430;AN03430-11;gid://shopify/ProductVariant/46393547555111;0.0;0.0;False;False
gid://shopify/ProductVariant/46393547587879;AN03430-12;12;20500.0;20500.0;0;gid://shopify/Product/8582669140263;Anel Super Star | Ouro Branco 18K, Kunzita e Diamante;0;13;1;AN03430;AN03430-12;gid://shopify/ProductVariant/46393547587879;0.0;0.0;False;False
gid://shopify/ProductVariant/46393547620647;AN03430-13;13;20500.0;20500.0;0;gid://shopify/Product/8582669140263;Anel Super Star | Ouro Branco 18K, Kunzita e Diamante;0;13;1;AN03430;AN03430-13;gid://shopify/ProductVariant/46393547620647;0.0;0.0;False;False
gid://shopify/ProductVariant/46393547653415;AN03430-14;14;20500.0;20500.0;0;gid://shopify/Product/8582669140263;Anel Super Star | Ouro Branco 18K, Kunzita e Diamante;0;13;1;AN03430;AN03430-14;gid://shopify/ProductVariant/46393547653415;0.0;0.0;False;False
gid://shopify/ProductVariant/46393547686183;AN03430-15;15;20500.0;20500.0;0;gid://shopify/Product/8582669140263;Anel Super Star | Ouro Branco 18K, Kunzita e Diamante;0;13;1;AN03430;AN03430-15;gid://shopify/ProductVariant/46393547686183;0.0;0.0;False;False
gid://shopify/ProductVariant/46393547718951;AN03430-16;16;20500.0;20500.0;0;gid://shopify/Product/8582669140263;Anel Super Star | Ouro Branco 18K, Kunzita e Diamante;0;13;1;AN03430;AN03430-16;gid://shopify/ProductVariant/46393547718951;0.0;0.0;False;False
gid://shopify/ProductVariant/46393547751719;AN03430-17;17;20500.0;20500.0;0;gid://shopify/Product/8582669140263;Anel Super Star | Ouro Branco 18K, Kunzita e Diamante;0;13;1;AN03430;AN03430-17;gid://shopify/ProductVariant/46393547751719;0.0;0.0;False;False
gid://shopify/ProductVariant/46393547784487;AN03430-18;18;20500.0;20500.0;0;gid://shopify/Product/8582669140263;Anel Super Star | Ouro Branco 18K, Kunzita e Diamante;0;13;1;AN03430;AN03430-18;gid://shopify/ProductVariant/46393547784487;0.0;0.0;False;False
gid://shopify/ProductVariant/46393547817255;AN03430-19;19;20500.0;20500.0;0;gid://shopify/Product/8582669140263;Anel Super Star | Ouro Branco 18K, Kunzita e Diamante;0;13;1;AN03430;AN03430-19;gid://shopify/ProductVariant/46393547817255;0.0;0.0;False;False
gid://shopify/ProductVariant/46393547850023;AN03430-20;20;20500.0;20500.0;0;gid://shopify/Product/8582669140263;Anel Super Star | Ouro Branco 18K, Kunzita e Diamante;0;13;1;AN03430;AN03430-20;gid://shopify/ProductVariant/46393547850023;0.0;0.0;False;False
gid://shopify/ProductVariant/46393547882791;AN03430-21;21;20500.0;20500.0;0;gid://shopify/Product/8582669140263;Anel Super Star | Ouro Branco 18K, Kunzita e Diamante;0;13;1;AN03430;AN03430-21;gid://shopify/ProductVariant/46393547882791;0.0;0.0;False;False
gid://shopify/ProductVariant/46393547915559;AN03430-22;22;20500.0;20500.0;0;gid://shopify/Product/8582669140263;Anel Super Star | Ouro Branco 18K, Kunzita e Diamante;0;13;1;AN03430;AN03430-22;gid://shopify/ProductVariant/46393547915559;0.0;0.0;False;False
gid://shopify/ProductVariant/46393549259047;AN03472-10;10;17500.0;17500.0;0;gid://shopify/Product/8582669304103;Anel Rock Star De Ouro Branco 18K E Topázio E Diamante;0;13;0;AN03472;AN03472-10;gid://shopify/ProductVariant/46393549259047;0.0;0.0;False;False
gid://shopify/ProductVariant/46393549291815;AN03472-11;11;17500.0;17500.0;0;gid://shopify/Product/8582669304103;Anel Rock Star De Ouro Branco 18K E Topázio E Diamante;0;13;0;AN03472;AN03472-11;gid://shopify/ProductVariant/46393549291815;0.0;0.0;False;False
gid://shopify/ProductVariant/46393549324583;AN03472-12;12;17500.0;17500.0;0;gid://shopify/Product/8582669304103;Anel Rock Star De Ouro Branco 18K E Topázio E Diamante;0;13;0;AN03472;AN03472-12;gid://shopify/ProductVariant/46393549324583;0.0;0.0;False;False
gid://shopify/ProductVariant/46393549357351;AN03472-13;13;17500.0;17500.0;0;gid://shopify/Product/8582669304103;Anel Rock Star De Ouro Branco 18K E Topázio E Diamante;0;13;0;AN03472;AN03472-13;gid://shopify/ProductVariant/46393549357351;0.0;0.0;False;False
gid://shopify/ProductVariant/46393549390119;AN03472-14;14;17500.0;17500.0;0;gid://shopify/Product/8582669304103;Anel Rock Star De Ouro Branco 18K E Topázio E Diamante;0;13;0;AN03472;AN03472-14;gid://shopify/ProductVariant/46393549390119;0.0;0.0;False;False
gid://shopify/ProductVariant/46393549422887;AN03472-15;15;17500.0;17500.0;0;gid://shopify/Product/8582669304103;Anel Rock Star De Ouro Branco 18K E Topázio E Diamante;0;13;0;AN03472;AN03472-15;gid://shopify/ProductVariant/46393549422887;0.0;0.0;False;False
gid://shopify/ProductVariant/46393549455655;AN03472-16;16;17500.0;17500.0;0;gid://shopify/Product/8582669304103;Anel Rock Star De Ouro Branco 18K E Topázio E Diamante;0;13;0;AN03472;AN03472-16;gid://shopify/ProductVariant/46393549455655;0.0;0.0;False;False
gid://shopify/ProductVariant/46393549488423;AN03472-17;17;17500.0;17500.0;0;gid://shopify/Product/8582669304103;Anel Rock Star De Ouro Branco 18K E Topázio E Diamante;0;13;0;AN03472;AN03472-17;gid://shopify/ProductVariant/46393549488423;0.0;0.0;False;False
gid://shopify/ProductVariant/46393549521191;AN03472-18;18;17500.0;17500.0;0;gid://shopify/Product/8582669304103;Anel Rock Star De Ouro Branco 18K E Topázio E Diamante;0;13;0;AN03472;AN03472-18;gid://shopify/ProductVariant/46393549521191;0.0;0.0;False;False
gid://shopify/ProductVariant/46393549553959;AN03472-19;19;17500.0;17500.0;0;gid://shopify/Product/8582669304103;Anel Rock Star De Ouro Branco 18K E Topázio E Diamante;0;13;0;AN03472;AN03472-19;gid://shopify/ProductVariant/46393549553959;0.0;0.0;False;False
gid://shopify/ProductVariant/46393549586727;AN03472-20;20;17500.0;17500.0;0;gid://shopify/Product/8582669304103;Anel Rock Star De Ouro Branco 18K E Topázio E Diamante;0;13;0;AN03472;AN03472-20;gid://shopify/ProductVariant/46393549586727;0.0;0.0;False;False
gid://shopify/ProductVariant/46393549619495;AN03472-21;21;17500.0;17500.0;0;gid://shopify/Product/8582669304103;Anel Rock Star De Ouro Branco 18K E Topázio E Diamante;0;13;0;AN03472;AN03472-21;gid://shopify/ProductVariant/46393549619495;0.0;0.0;False;False
gid://shopify/ProductVariant/46393549652263;AN03472-22;22;17500.0;17500.0;0;gid://shopify/Product/8582669304103;Anel Rock Star De Ouro Branco 18K E Topázio E Diamante;0;13;0;AN03472;AN03472-22;gid://shopify/ProductVariant/46393549652263;0.0;0.0;False;False
gid://shopify/ProductVariant/46432287621415;PU02068T;M;2800.0;2800.0;5;gid://shopify/Product/8578005827879;Bracelete Rock | Prata com Ródio Negro;19;3;3;PU02068T;PU02068T;gid://shopify/ProductVariant/46432287621415;0.0;5.0;True;False
gid://shopify/ProductVariant/46432287654183;PU02069T;G;2800.0;2800.0;8;gid://shopify/Product/8578005827879;Bracelete Rock | Prata com Ródio Negro;19;3;3;PU02069T;PU02069T;gid://shopify/ProductVariant/46432287654183;0.0;5.0;True;True
gid://shopify/ProductVariant/46445192118567;PU01988T;M;22500.0;19500.0;5;gid://shopify/Product/8577782022439;Pulseira Rock Star De Ouro Branco 18K Com Ródio Negro E Esmeralda;15;3;3;PU01988T;PU01988T;gid://shopify/ProductVariant/46445192118567;5.0;0.0;True;False
gid://shopify/ProductVariant/46445192184103;PU02004T;G;22500.0;19500.0;5;gid://shopify/Product/8577782022439;Pulseira Rock Star De Ouro Branco 18K Com Ródio Negro E Esmeralda;15;3;3;PU02004T;PU02004T;gid://shopify/ProductVariant/46445192184103;5.0;0.0;True;False
gid://shopify/ProductVariant/46445220823335;PU01990T;M;21500.0;18500.0;5;gid://shopify/Product/8577782972711;Pulseira Rock Star De Ouro Branco 18K Com Ródio Negro E Rubi;15;3;3;PU01990T;PU01990T;gid://shopify/ProductVariant/46445220823335;5.0;0.0;True;False
gid://shopify/ProductVariant/46445220856103;PU03423T;G;21500.0;18500.0;5;gid://shopify/Product/8577782972711;Pulseira Rock Star De Ouro Branco 18K Com Ródio Negro E Rubi;15;3;3;PU03423T;PU03423T;gid://shopify/ProductVariant/46445220856103;5.0;0.0;True;False
gid://shopify/ProductVariant/46445647659303;PU01993T;M;21500.0;18500.0;5;gid://shopify/Product/8577781530919;Pulseira Rock Star De Ouro Branco 18K Com Ródio Negro E Safira;15;3;3;PU01993T;PU01993T;gid://shopify/ProductVariant/46445647659303;5.0;0.0;True;False
gid://shopify/ProductVariant/46445647692071;PU02002T;G;22500.0;19500.0;5;gid://shopify/Product/8577781530919;Pulseira Rock Star De Ouro Branco 18K Com Ródio Negro E Safira;15;3;3;PU02002T;PU02002T;gid://shopify/ProductVariant/46445647692071;5.0;0.0;True;False
gid://shopify/ProductVariant/46445688946983;PU01989T;M;33900.0;29500.0;5;gid://shopify/Product/8577784316199;Pulseira Rock Star De Ouro Branco 18K E Diamante;15;3;3;PU01989T;PU01989T;gid://shopify/ProductVariant/46445688946983;5.0;0.0;True;False
gid://shopify/ProductVariant/46445688979751;PU01998T;G;33900.0;29500.0;5;gid://shopify/Product/8577784316199;Pulseira Rock Star De Ouro Branco 18K E Diamante;15;3;3;PU01998T;PU01998T;gid://shopify/ProductVariant/46445688979751;5.0;0.0;True;False
gid://shopify/ProductVariant/46445729546535;PU06193T;M;28900.0;25000.0;5;gid://shopify/Product/8577782710567;Pulseira Rock Star De Ouro Branco 18K Com Ródio Negro E Diamante;15;3;3;PU06193T;PU06193T;gid://shopify/ProductVariant/46445729546535;5.0;0.0;True;False
gid://shopify/ProductVariant/46445729579303;PU06194T;G;28900.0;25000.0;5;gid://shopify/Product/8577782710567;Pulseira Rock Star De Ouro Branco 18K Com Ródio Negro E Diamante;15;3;3;PU06194T;PU06194T;gid://shopify/ProductVariant/46445729579303;5.0;0.0;True;False
gid://shopify/ProductVariant/46445757923623;PU01994T;M;22500.0;19500.0;5;gid://shopify/Product/8577780908327;Pulseira Rock Star De Ouro Branco 18K Com Ródio Negro E Diamante Negro;15;3;3;PU01994T;PU01994T;gid://shopify/ProductVariant/46445757923623;5.0;0.0;True;False
gid://shopify/ProductVariant/46445757956391;PU02000T;G;22500.0;19500.0;5;gid://shopify/Product/8577780908327;Pulseira Rock Star De Ouro Branco 18K Com Ródio Negro E Diamante Negro;15;3;3;PU02000T;PU02000T;gid://shopify/ProductVariant/46445757956391;5.0;0.0;True;False
gid://shopify/ProductVariant/46489567822119;PU01801T;M;3900.0;3900.0;6;gid://shopify/Product/8573508714791;Pulseira Chain Elo - P | Prata Com Ouro Amarelo 18k;18;3;5;PU01801T;PU01801T;gid://shopify/ProductVariant/46489567822119;0.0;5.0;True;True
gid://shopify/ProductVariant/46489567854887;PU01803T;G;4100.0;4100.0;6;gid://shopify/Product/8573508714791;Pulseira Chain Elo - P | Prata Com Ouro Amarelo 18k;18;3;5;PU01803T;PU01803T;gid://shopify/ProductVariant/46489567854887;0.0;5.0;True;True
gid://shopify/ProductVariant/46489801228583;PU01802T;M;3900.0;3900.0;1;gid://shopify/Product/8573509992743;Pulseira Chain Elo - P | Prata Com Ródio Negro;3;3;3;PU01802T;PU01802T;gid://shopify/ProductVariant/46489801228583;0.0;0.0;False;True
gid://shopify/ProductVariant/46489801261351;PU01804T;G;4100.0;4100.0;2;gid://shopify/Product/8573509992743;Pulseira Chain Elo - P | Prata Com Ródio Negro;3;3;3;PU01804T;PU01804T;gid://shopify/ProductVariant/46489801261351;0.0;0.0;False;True
gid://shopify/ProductVariant/46496629817639;BR06266T;Default Title;42000.0;42000.0;0;gid://shopify/Product/8608703316263;Brinco Celebrate De Ouro Branco 18K E Diamante E Esmeralda;0;1;0;BR06266T;BR06266T;gid://shopify/ProductVariant/46496629817639;0.0;0.0;False;False
gid://shopify/ProductVariant/46496637780263;BR04585T;Default Title;19000.0;19000.0;0;gid://shopify/Product/8608707641639;Brinco Brasil | Ouro Branco 18K Com Ródio Negro E Turmalinas;0;1;1;BR04585T;BR04585T;gid://shopify/ProductVariant/46496637780263;0.0;0.0;False;False
gid://shopify/ProductVariant/46496638009639;BR06424T;Default Title;112900.0;112900.0;1;gid://shopify/Product/8608707871015;Brinco Celebrate | Ouro Amarelo e Branco 18K com Diamantes e Esmeraldas.;1;1;1;BR06424T;BR06424T;gid://shopify/ProductVariant/46496638009639;0.0;0.0;False;True
gid://shopify/ProductVariant/46496804372775;BR06383T;Default Title;126500.0;126500.0;0;gid://shopify/Product/8608784843047;Brinco Celebrate | Ouro Branco 18K com Diamantes e Turmalinas Paraíba;0;1;1;BR06383T;BR06383T;gid://shopify/ProductVariant/46496804372775;0.0;0.0;False;False
gid://shopify/ProductVariant/46496804667687;BR06475T;Default Title;143900.0;125000.0;0;gid://shopify/Product/8608785105191;Brinco Celebrate De Ouro Branco 18K E Diamante E Rubi;0;1;0;BR06475T;BR06475T;gid://shopify/ProductVariant/46496804667687;0.0;0.0;False;False
gid://shopify/ProductVariant/46496805060903;BR02815T;Default Title;14500.0;12500.0;5;gid://shopify/Product/8608785498407;Brinco Especial De Ouro Branco 18K E Diamante Negro;5;1;0;BR02815T;BR02815T;gid://shopify/ProductVariant/46496805060903;5.0;0.0;True;False
gid://shopify/ProductVariant/46496805880103;BR05712T;Default Title;563500.0;563500.0;1;gid://shopify/Product/8608786317607;Brinco Especial | Ouro Branco 18K Com Ródio Negro, Diamante E Rubi de 22CT;1;1;0;BR05712T;BR05712T;gid://shopify/ProductVariant/46496805880103;0.0;0.0;False;True
gid://shopify/ProductVariant/46496806109479;BR05735T;Default Title;61000.0;61000.0;0;gid://shopify/Product/8608786546983;Brinco Especial De Ouro Branco 18K Com Rodio Negro E Esmeralda;0;1;0;BR05735T;BR05735T;gid://shopify/ProductVariant/46496806109479;0.0;0.0;False;False
gid://shopify/ProductVariant/46496806764839;BR06123T;Default Title;437900.0;437900.0;1;gid://shopify/Product/8608786972967;Brinco Especial De Ouro Branco 18K Com Rodio Negro E Diamante E Esmeralda;1;1;0;BR06123T;BR06123T;gid://shopify/ProductVariant/46496806764839;0.0;0.0;False;True
gid://shopify/ProductVariant/46496806928679;BR06127T;Default Title;149000.0;149000.0;0;gid://shopify/Product/8608787169575;Brinco Especial De Ouro Rosa 18K E Rubi;0;1;0;BR06127T;BR06127T;gid://shopify/ProductVariant/46496806928679;0.0;0.0;False;False
gid://shopify/ProductVariant/46496807125287;BR06140T;Default Title;210000.0;171600.0;0;gid://shopify/Product/8608787300647;Brinco Especial De Ouro Branco 18K Com Rodio Negro E Esmeralda;0;1;0;BR06140T;BR06140T;gid://shopify/ProductVariant/46496807125287;0.0;0.0;False;False
gid://shopify/ProductVariant/46496808239399;BR06201T;Default Title;322500.0;322500.0;1;gid://shopify/Product/8608787890471;Brinco Especial | Ouro Amarelo E Branco 18K com Diamantes, diamantes negros e Esmeralda de 16CT;1;1;0;BR06201T;BR06201T;gid://shopify/ProductVariant/46496808239399;0.0;0.0;False;True
gid://shopify/ProductVariant/46496810107175;BR05587T;Default Title;20900.0;13000.0;6;gid://shopify/Product/8608789201191;Brinco Lifestyle De Ouro Branco 18K Com Rodio Negro E Diamante E Esmeralda;6;1;3;BR05587T;BR05587T;gid://shopify/ProductVariant/46496810107175;5.0;0.0;True;True
gid://shopify/ProductVariant/46496810729767;BR06288T;Default Title;12900.0;11000.0;5;gid://shopify/Product/8608789594407;Brinco Rock Star | Ouro Branco 18K Com Ródio Negro, Diamantes E Safiras;5;1;0;BR06288T;BR06288T;gid://shopify/ProductVariant/46496810729767;5.0;0.0;True;False
gid://shopify/ProductVariant/46496810926375;BR05297T;Default Title;3800.0;1950.0;5;gid://shopify/Product/8608789758247;Brinco Tlj De Ouro Branco 18K Com Rodio Negro E Diamante;5;1;0;BR05297T;BR05297T;gid://shopify/ProductVariant/46496810926375;5.0;0.0;True;False
gid://shopify/ProductVariant/46496811188519;BR05397T;Default Title;18500.0;10200.0;6;gid://shopify/Product/8608789987623;Brinco Ear Cuff Universo | Ouro Branco 18K Com Ródio Negro E Diamantes;6;1;1;BR05397T;BR05397T;gid://shopify/ProductVariant/46496811188519;5.0;0.0;True;True
gid://shopify/ProductVariant/46496811581735;BR03909T;Default Title;33000.0;33000.0;0;gid://shopify/Product/8608790184231;Brinco Ear Cuff Universo De Ouro Branco 18K Com Rodio Negro E Turmalina Paraiba;0;1;0;BR03909T;BR03909T;gid://shopify/ProductVariant/46496811581735;0.0;0.0;False;False
gid://shopify/ProductVariant/46496811942183;CL04574;Default Title;113900.0;82000.0;5;gid://shopify/Product/8608790479143;Colar Clássico De Ouro Branco 18K E Diamante;5;1;0;CL04574;CL04574;gid://shopify/ProductVariant/46496811942183;5.0;0.0;True;False
gid://shopify/ProductVariant/46496812138791;CL04599;Default Title;87500.0;55000.0;5;gid://shopify/Product/8608790642983;Colar Clássico De Ouro Branco 18K Com Rodio Negro E Diamante;5;1;0;CL04599;CL04599;gid://shopify/ProductVariant/46496812138791;5.0;0.0;True;False
gid://shopify/ProductVariant/46496812499239;CL04601;Default Title;47500.0;41000.0;5;gid://shopify/Product/8608791003431;Colar Clássico | Ouro Branco 18K Com Ródio Negro E DiamanteS Negros;5;1;1;CL04601;CL04601;gid://shopify/ProductVariant/46496812499239;5.0;0.0;True;False
gid://shopify/ProductVariant/46496812695847;CL04612;Default Title;10200.0;10200.0;0;gid://shopify/Product/8608791134503;Colar Especial De Ouro Branco 18K Com Rodio Negro E Turmalina Paraiba;0;1;0;CL04612;CL04612;gid://shopify/ProductVariant/46496812695847;0.0;0.0;False;False
gid://shopify/ProductVariant/46496812794151;CL04154;Default Title;95000.0;95000.0;0;gid://shopify/Product/8608791232807;Colar | Ouro Branco 18K Com Ródio Negro E Safira oval de 6CT;0;1;1;CL04154;CL04154;gid://shopify/ProductVariant/46496812794151;0.0;0.0;False;False
gid://shopify/ProductVariant/46496814367015;CL02030;Default Title;161500.0;161500.0;1;gid://shopify/Product/8608791953703;Colar Especial De Ouro Branco 18K Com Rodio Negro E Esmeralda;1;1;0;CL02030;CL02030;gid://shopify/ProductVariant/46496814367015;0.0;0.0;False;True
gid://shopify/ProductVariant/46496814596391;CL03882;Default Title;35900.0;31000.0;1;gid://shopify/Product/8608792150311;Colar Especial De Ouro Branco 18K Com Rodio Negro E Rubi;1;1;0;CL03882;CL03882;gid://shopify/ProductVariant/46496814596391;0.0;0.0;False;True
gid://shopify/ProductVariant/46496815120679;CL04606;Default Title;45000.0;45000.0;0;gid://shopify/Product/8608792576295;Colar Especial De Ouro Branco 18K Com Rodio Negro E Diamante Negro;0;1;0;CL04606;CL04606;gid://shopify/ProductVariant/46496815120679;0.0;0.0;False;False
gid://shopify/ProductVariant/46496815612199;CL03749;P;21000.0;16000.0;5;gid://shopify/Product/8608792969511;Colar Love Ny De Ouro Amarelo 18K E Diamante - P;10;3;2;CL03749;CL03749;gid://shopify/ProductVariant/46496815612199;5.0;0.0;True;False
gid://shopify/ProductVariant/46496816169255;CL01407;Default Title;34000.0;34000.0;0;gid://shopify/Product/8608793493799;Colar Pura De Ouro Branco 18K Com Rodio Negro E Rubi;0;1;1;CL01407;CL01407;gid://shopify/ProductVariant/46496816169255;0.0;0.0;False;False
gid://shopify/ProductVariant/46496821412135;CO01292;Default Title;6500.0;4200.0;6;gid://shopify/Product/8608793952551;Colar Tlj De Ouro Branco 18K E Diamante;6;1;0;CO01292;CO01292;gid://shopify/ProductVariant/46496821412135;5.0;0.0;True;True
gid://shopify/ProductVariant/46496821805351;CO00012;Default Title;2500.0;1800.0;4;gid://shopify/Product/8608794247463;Corrente Clássico De Ouro Branco 18K Com Rodio Negro;4;1;0;CO00012;CO00012;gid://shopify/ProductVariant/46496821805351;0.0;0.0;False;True
gid://shopify/ProductVariant/46496822853927;CO01297;Default Title;2900.0;2500.0;5;gid://shopify/Product/8608794542375;Corrente Clássico De Ouro Amarelo 18K;5;1;0;CO01297;CO01297;gid://shopify/ProductVariant/46496822853927;5.0;0.0;True;False
gid://shopify/ProductVariant/46496823017767;CO01322;Default Title;2900.0;2500.0;6;gid://shopify/Product/8608794673447;Corrente Clássico De Ouro Branco 18K Com Rodio Negro;6;1;2;CO01322;CO01322;gid://shopify/ProductVariant/46496823017767;5.0;0.0;True;True
gid://shopify/ProductVariant/46496823214375;CO01320;Default Title;2900.0;2500.0;7;gid://shopify/Product/8608794837287;Corrente Clássico De Ouro Branco 18K;7;1;2;CO01320;CO01320;gid://shopify/ProductVariant/46496823214375;5.0;0.0;True;True
gid://shopify/ProductVariant/46496823410983;CO0746;Default Title;2500.0;1800.0;2;gid://shopify/Product/8608795033895;Corrente Clássico De Ouro Rosa 18K;2;1;0;CO0746;CO0746;gid://shopify/ProductVariant/46496823410983;0.0;0.0;False;True
gid://shopify/ProductVariant/46496823574823;CO00021;Default Title;2500.0;1800.0;5;gid://shopify/Product/8608795164967;Corrente Clássico De Ouro Rosa 18K;5;1;2;CO00021;CO00021;gid://shopify/ProductVariant/46496823574823;5.0;0.0;True;False
gid://shopify/ProductVariant/46496823836967;CO01319;Default Title;2500.0;1800.0;5;gid://shopify/Product/8608795328807;Corrente Clássico De Ouro Branco 18K Com Rodio Negro;5;1;2;CO01319;CO01319;gid://shopify/ProductVariant/46496823836967;5.0;0.0;True;False
gid://shopify/ProductVariant/46496824131879;CO01321;Default Title;2900.0;2500.0;5;gid://shopify/Product/8608795394343;Corrente Clássico De Ouro Rosa 18K;5;1;0;CO01321;CO01321;gid://shopify/ProductVariant/46496824131879;5.0;0.0;True;False
gid://shopify/ProductVariant/46496824361255;BR06458T;P;4500.0;3500.0;5;gid://shopify/Product/8608795590951;Piercing Savage De Ouro Branco 18K Com Rodio Negro E Esmeralda - P;5;1;1;BR06458T;BR06458T;gid://shopify/ProductVariant/46496824361255;5.0;0.0;True;False
gid://shopify/ProductVariant/46496824623399;BR06456T;P;3900.0;3400.0;5;gid://shopify/Product/8608795820327;Piercing Savage | Ouro Branco 18K Com Ródio Negro E Diamantes Negros;5;1;1;BR06456T;BR06456T;gid://shopify/ProductVariant/46496824623399;5.0;0.0;True;False
gid://shopify/ProductVariant/46496824754471;BR06462T;P;2900.0;2500.0;5;gid://shopify/Product/8608795951399;Piercing Savage De Ouro Branco 18K Com Ródio Negro E Rubi - P;5;1;1;BR06462T;BR06462T;gid://shopify/ProductVariant/46496824754471;5.0;0.0;True;False
gid://shopify/ProductVariant/46496824918311;PI01468;Default Title;52000.0;52000.0;0;gid://shopify/Product/8608796049703;Pingente Celebrate De Ouro Branco 18K E Esmeralda;0;1;0;PI01468;PI01468;gid://shopify/ProductVariant/46496824918311;0.0;0.0;False;False
gid://shopify/ProductVariant/46496827506983;PI01405;G;1700.0;1400.0;0;gid://shopify/Product/8608797688103;Pingente Rock - G | Prata Com Ouro Amarelo 18K;0;1;0;PI01405;PI01405;gid://shopify/ProductVariant/46496827506983;0.0;0.0;False;False
gid://shopify/ProductVariant/46496827703591;PI01414;P;1700.0;1400.0;5;gid://shopify/Product/8608797851943;Pingente Rock - P | Prata Com Ouro Amarelo 18K;5;1;1;PI01414;PI01414;gid://shopify/ProductVariant/46496827703591;0.0;5.0;True;False
gid://shopify/ProductVariant/46496829341991;PI01458;P;700.0;700.0;5;gid://shopify/Product/8608798998823;Pingente Rock - P | Prata Com Ouro Amarelo 18K E Quartzo Negro;5;1;0;PI01458;PI01458;gid://shopify/ProductVariant/46496829341991;0.0;5.0;True;False
gid://shopify/ProductVariant/46496830161191;PI01459;P;650.0;650.0;0;gid://shopify/Product/8608799555879;Pingente Rock - P | Prata Com Ouro Amarelo 18K E Quartzo Negro;0;1;0;PI01459;PI01459;gid://shopify/ProductVariant/46496830161191;0.0;0.0;False;False
gid://shopify/ProductVariant/46496833208615;PU01260T;Default Title;25000.0;20500.0;0;gid://shopify/Product/8608800669991;Pulseira Clássico De Ouro Branco 18K E Diamante Negro;0;1;0;PU01260T;PU01260T;gid://shopify/ProductVariant/46496833208615;0.0;0.0;False;False
gid://shopify/ProductVariant/46496833405223;PU01212T;Default Title;33500.0;27000.0;5;gid://shopify/Product/8608800866599;Pulseira Clássico De Ouro Branco 18K E Diamante Negro;5;1;0;PU01212T;PU01212T;gid://shopify/ProductVariant/46496833405223;5.0;0.0;True;False
gid://shopify/ProductVariant/46496833700135;PU01992T;Default Title;28900.0;20500.0;6;gid://shopify/Product/8608801128743;Pulseira Clássico De Ouro Branco 18K E Diamante Negro;6;1;1;PU01992T;PU01992T;gid://shopify/ProductVariant/46496833700135;5.0;0.0;True;True
gid://shopify/ProductVariant/46496833863975;PU02034T;Default Title;40500.0;22700.0;5;gid://shopify/Product/8608801259815;Pulseira Clássico De Ouro Branco 18K Com Rodio Negro E Esmeralda;5;1;0;PU02034T;PU02034T;gid://shopify/ProductVariant/46496833863975;5.0;0.0;True;False
gid://shopify/ProductVariant/46496834027815;PU02062T;Default Title;24500.0;19000.0;5;gid://shopify/Product/8608801423655;Pulseira Clássico De Ouro Branco 18K E Diamante Negro;5;1;1;PU02062T;PU02062T;gid://shopify/ProductVariant/46496834027815;5.0;0.0;True;False
gid://shopify/ProductVariant/46496834191655;PU01003;Default Title;160000.0;160000.0;0;gid://shopify/Product/8608801554727;Pulseira Tennis | Ouro Branco 18K E Diamantes;0;1;1;PU01003;PU01003;gid://shopify/ProductVariant/46496834191655;0.0;0.0;False;False
gid://shopify/ProductVariant/46496834879783;PU01323T;Default Title;25500.0;21800.0;5;gid://shopify/Product/8608801751335;Pulseira Clássico De Ouro Branco 18K Com Rodio Negro E Safira;5;1;2;PU01323T;PU01323T;gid://shopify/ProductVariant/46496834879783;5.0;0.0;True;False
gid://shopify/ProductVariant/46496835469607;PU01435T;Default Title;126500.0;99000.0;1;gid://shopify/Product/8608801980711;Pulseira Clássico De Ouro Branco 18K E Diamante Negro;1;1;2;PU01435T;PU01435T;gid://shopify/ProductVariant/46496835469607;0.0;0.0;False;True
gid://shopify/ProductVariant/46496835764519;PU01626T;Default Title;66900.0;47500.0;5;gid://shopify/Product/8608802242855;Pulseira Clássico De Ouro Branco 18K E Diamante Negro;5;1;1;PU01626T;PU01626T;gid://shopify/ProductVariant/46496835764519;5.0;0.0;True;False
gid://shopify/ProductVariant/46496836911399;PU02048T;Default Title;155500.0;114000.0;1;gid://shopify/Product/8608802537767;Pulseira Clássico De Ouro Branco 18K Com Rodio Negro E Diamante Negro;1;1;1;PU02048T;PU02048T;gid://shopify/ProductVariant/46496836911399;0.0;0.0;False;True
gid://shopify/ProductVariant/46496837501223;PU02064T;Default Title;97900.0;97900.0;1;gid://shopify/Product/8608803062055;Pulseira Especial De Ouro Branco 18K E Diamante;1;1;1;PU02064T;PU02064T;gid://shopify/ProductVariant/46496837501223;0.0;0.0;False;True
gid://shopify/ProductVariant/46496837992743;PU02072T;Default Title;126500.0;126500.0;0;gid://shopify/Product/8608803520807;Pulseira Lifestyle De Ouro Branco 18K Com Rodio Negro E Diamante E Esmeralda;0;1;0;PU02072T;PU02072T;gid://shopify/ProductVariant/46496837992743;0.0;0.0;False;False
gid://shopify/ProductVariant/46497001636135;BR05246T;Default Title;125900.0;125900.0;1;gid://shopify/Product/8608879870247;Brinco Gota | Ouro Branco 18K Com Ródio Negro E Esmeraldas;1;1;1;BR05246T;BR05246T;gid://shopify/ProductVariant/46497001636135;0.0;0.0;False;True
gid://shopify/ProductVariant/46497002127655;BR06113T;Default Title;2900.0;2200.0;5;gid://shopify/Product/8608880263463;Brinco Especial De Ouro Rosa 18K E Diamante Solitario;5;1;0;BR06113T;BR06113T;gid://shopify/ProductVariant/46497002127655;5.0;0.0;True;False
gid://shopify/ProductVariant/46497002357031;BR06112T;Default Title;1500.0;950.0;5;gid://shopify/Product/8608880460071;Brinco Especial De Ouro Rosa 18K E Diamante Solitario;5;1;0;BR06112T;BR06112T;gid://shopify/ProductVariant/46497002357031;5.0;0.0;True;False
gid://shopify/ProductVariant/46497002684711;BR05968T;Default Title;10900.0;9200.0;5;gid://shopify/Product/8608880656679;Brinco Especial De Ouro Branco 18K E Diamante Solitario;5;1;0;BR05968T;BR05968T;gid://shopify/ProductVariant/46497002684711;5.0;0.0;True;False
gid://shopify/ProductVariant/46497002979623;BR06446T;Default Title;18000.0;18000.0;0;gid://shopify/Product/8608880918823;Brinco Especial De Ouro Branco 18K E Diamante Solitario;0;1;0;BR06446T;BR06446T;gid://shopify/ProductVariant/46497002979623;0.0;0.0;False;False
gid://shopify/ProductVariant/46497003569447;BR05164T;G;287500.0;175000.0;1;gid://shopify/Product/8608881410343;Brinco Especial De Ouro Branco 18K E Diamante Solitario - G;1;1;1;BR05164T;BR05164T;gid://shopify/ProductVariant/46497003569447;0.0;0.0;False;True
gid://shopify/ProductVariant/46497004060967;BR05748T;Default Title;260000.0;206000.0;0;gid://shopify/Product/8608881705255;Brinco Especial De Ouro Branco 18K E Diamante Solitario;0;1;0;BR05748T;BR05748T;gid://shopify/ProductVariant/46497004060967;0.0;0.0;False;False
gid://shopify/ProductVariant/46497004224807;BR06199T;Default Title;195500.0;139000.0;0;gid://shopify/Product/8608881869095;Brinco Especial De Ouro Branco 18K E Diamante Solitario;0;1;0;BR06199T;BR06199T;gid://shopify/ProductVariant/46497004224807;0.0;0.0;False;False
gid://shopify/ProductVariant/46497004486951;BR06511T;Default Title;18600.0;18600.0;0;gid://shopify/Product/8608882065703;Brinco Especial De Ouro Branco 18K E Diamante Solitario;0;1;0;BR06511T;BR06511T;gid://shopify/ProductVariant/46497004486951;0.0;0.0;False;False
gid://shopify/ProductVariant/46497004847399;CL04151;Default Title;55000.0;55000.0;0;gid://shopify/Product/8608882327847;Colar Especial De Ouro Branco 18K E Diamante Solitario;0;1;1;CL04151;CL04151;gid://shopify/ProductVariant/46497004847399;0.0;0.0;False;False
gid://shopify/ProductVariant/46497005666599;PU01568T;Default Title;195500.0;149000.0;1;gid://shopify/Product/8608882622759;Pulseira Clássico De Ouro Branco 18K E Diamante Solitario;1;1;1;PU01568T;PU01568T;gid://shopify/ProductVariant/46497005666599;0.0;0.0;False;True
gid://shopify/ProductVariant/46497005764903;PU01753T;Default Title;79500.0;55000.0;5;gid://shopify/Product/8608882688295;Pulseira Clássico De Ouro Branco 18K E Diamante Solitario;5;1;1;PU01753T;PU01753T;gid://shopify/ProductVariant/46497005764903;5.0;0.0;True;False
gid://shopify/ProductVariant/46497006420263;PU01769T;Default Title;71500.0;43000.0;5;gid://shopify/Product/8608882852135;Pulseira Clássico De Ouro Branco 18K Com Rodio Negro E Diamante Solitario;5;1;0;PU01769T;PU01769T;gid://shopify/ProductVariant/46497006420263;5.0;0.0;True;False
gid://shopify/ProductVariant/46497006682407;PU01320T;Default Title;55500.0;35000.0;5;gid://shopify/Product/8608883048743;Pulseira Clássico De Ouro Branco 18K E Diamante Solitario;5;1;1;PU01320T;PU01320T;gid://shopify/ProductVariant/46497006682407;5.0;0.0;True;False
gid://shopify/ProductVariant/46497006780711;PU01537T;Default Title;56500.0;32000.0;5;gid://shopify/Product/8608883147047;Pulseira Clássico De Ouro Branco 18K Com Rodio Negro E Diamante Solitario;5;1;1;PU01537T;PU01537T;gid://shopify/ProductVariant/46497006780711;5.0;0.0;True;False
gid://shopify/ProductVariant/46497006944551;PU02061T;Default Title;368500.0;275000.0;1;gid://shopify/Product/8608883310887;Pulseira Clássico De Ouro Branco 18K E Diamante Solitario;1;1;1;PU02061T;PU02061T;gid://shopify/ProductVariant/46497006944551;0.0;0.0;False;True
gid://shopify/ProductVariant/46497007304999;PU01764T;Default Title;690000.0;680000.0;0;gid://shopify/Product/8608883573031;Pulseira Lifestyle De Ouro Branco 18K E Diamante Solitario;0;1;1;PU01764T;PU01764T;gid://shopify/ProductVariant/46497007304999;0.0;0.0;False;False
gid://shopify/ProductVariant/46497109508391;BR02031T;Default Title;205900.0;179000.0;1;gid://shopify/Product/8608939376935;Brinco Eterna Rock De Ouro Branco 18K Com Rodio Negro E Diamante E Esmeralda;1;1;0;BR02031T;BR02031T;gid://shopify/ProductVariant/46497109508391;0.0;0.0;False;True
gid://shopify/ProductVariant/46497109639463;BR06231T;Default Title;469000.0;469000.0;1;gid://shopify/Product/8608939508007;Brinco Eterna Rock | Ouro Branco 18K Com Ródio Negro, Diamantes E Rubi de 28CT;1;1;0;BR06231T;BR06231T;gid://shopify/ProductVariant/46497109639463;0.0;0.0;False;True
gid://shopify/ProductVariant/46497109770535;BR06254T;Default Title;113900.0;113900.0;1;gid://shopify/Product/8608939639079;Brinco Eterna Rock | Ouro Branco 18K Com Ródio Negro, Diamante E Esmeralda de 10CT;1;1;3;BR06254T;BR06254T;gid://shopify/ProductVariant/46497109770535;0.0;0.0;False;True
gid://shopify/ProductVariant/46497109901607;BR06264T;Default Title;41000.0;41000.0;0;gid://shopify/Product/8608939737383;Brinco Eterna Rock De Ouro Branco 18K Com Rodio Negro E Diamante E Esmeralda;0;1;0;BR06264T;BR06264T;gid://shopify/ProductVariant/46497109901607;0.0;0.0;False;False
gid://shopify/ProductVariant/46497110032679;BR06370T;Default Title;198900.0;198900.0;1;gid://shopify/Product/8608939868455;Brinco Eterna Rock | Ouro Branco 18K Com Ródio Negro, Diamantes e Esmeraldas de 28CT;1;1;3;BR06370T;BR06370T;gid://shopify/ProductVariant/46497110032679;0.0;0.0;False;True
gid://shopify/ProductVariant/46497110163751;BR06393T;Default Title;300500.0;300500.0;1;gid://shopify/Product/8608939999527;Brinco Eterna Rock | Ouro Branco 18K com Diamante E Turmalina Paraiba de 8CT;1;1;0;BR06393T;BR06393T;gid://shopify/ProductVariant/46497110163751;0.0;0.0;False;True
gid://shopify/ProductVariant/46497110294823;BR06520T;Default Title;110000.0;110000.0;0;gid://shopify/Product/8608940097831;Brinco Vita Eterna De Ouro Amarelo E Branco 18K E Diamante E Esmeralda;0;1;0;BR06520T;BR06520T;gid://shopify/ProductVariant/46497110294823;0.0;0.0;False;False
gid://shopify/ProductVariant/46497110556967;BR06521T;Default Title;71000.0;71000.0;0;gid://shopify/Product/8608940294439;Brinco Vita Eterna De Ouro Branco 18K E Topázio E Diamante;0;1;0;BR06521T;BR06521T;gid://shopify/ProductVariant/46497110556967;0.0;0.0;False;False
gid://shopify/ProductVariant/46497110688039;BR06523T;Default Title;139000.0;139000.0;0;gid://shopify/Product/8608940458279;Brinco Vita Eterna | Ouro Branco 18K com Diamantes e Safiras;0;1;1;BR06523T;BR06523T;gid://shopify/ProductVariant/46497110688039;0.0;0.0;False;False
gid://shopify/ProductVariant/46497110950183;BR06528T;Default Title;130000.0;130000.0;0;gid://shopify/Product/8608940622119;Brinco Vita Eterna De Ouro Amarelo E Branco 18K E Diamante E Esmeralda;0;1;0;BR06528T;BR06528T;gid://shopify/ProductVariant/46497110950183;0.0;0.0;False;False
gid://shopify/ProductVariant/46497111245095;CL04542;Default Title;19900.0;19900.0;1;gid://shopify/Product/8608940785959;Colar Eterna Rock | Ouro Branco 18K com Morganita e Diamante;1;1;2;CL04542;CL04542;gid://shopify/ProductVariant/46497111245095;0.0;0.0;False;True
gid://shopify/ProductVariant/46497112228135;CL04586;Default Title;31500.0;31500.0;1;gid://shopify/Product/8608941408551;Colar Eterna Rock De Ouro Branco 18K E Topázio E Diamante;1;1;0;CL04586;CL04586;gid://shopify/ProductVariant/46497112228135;0.0;0.0;False;True
gid://shopify/ProductVariant/46497112817959;CL04608;Default Title;245000.0;245000.0;0;gid://shopify/Product/8608941768999;Colar Vita Eterna De Ouro Amarelo 18K E Diamante E Esmeralda;0;1;0;CL04608;CL04608;gid://shopify/ProductVariant/46497112817959;0.0;0.0;False;False
gid://shopify/ProductVariant/46497254015271;CL04577;Default Title;28900.0;28900.0;1;gid://shopify/Product/8609017037095;Colar Eterna Rock De Ouro 18K Com Rodio Negro E Tumalina E Diamante;1;1;0;CL04577;CL04577;gid://shopify/ProductVariant/46497254015271;0.0;0.0;False;True
gid://shopify/ProductVariant/46498360033575;AN03510-10;10;62000.0;62000.0;0;gid://shopify/Product/8609680589095;ANEL CELEBRATE SOLITÁRIO | OURO AMARELO E BRANCO 18K COM DIAMANTES E ESMERALDA;0;13;1;AN03510;AN03510-10;gid://shopify/ProductVariant/46498360033575;0.0;0.0;False;False
gid://shopify/ProductVariant/46498360066343;AN03510-11;11;62000.0;62000.0;0;gid://shopify/Product/8609680589095;ANEL CELEBRATE SOLITÁRIO | OURO AMARELO E BRANCO 18K COM DIAMANTES E ESMERALDA;0;13;1;AN03510;AN03510-11;gid://shopify/ProductVariant/46498360066343;0.0;0.0;False;False
gid://shopify/ProductVariant/46498360099111;AN03510-12;12;62000.0;62000.0;0;gid://shopify/Product/8609680589095;ANEL CELEBRATE SOLITÁRIO | OURO AMARELO E BRANCO 18K COM DIAMANTES E ESMERALDA;0;13;1;AN03510;AN03510-12;gid://shopify/ProductVariant/46498360099111;0.0;0.0;False;False
gid://shopify/ProductVariant/46498360131879;AN03510-13;13;62000.0;62000.0;0;gid://shopify/Product/8609680589095;ANEL CELEBRATE SOLITÁRIO | OURO AMARELO E BRANCO 18K COM DIAMANTES E ESMERALDA;0;13;1;AN03510;AN03510-13;gid://shopify/ProductVariant/46498360131879;0.0;0.0;False;False
gid://shopify/ProductVariant/46498360164647;AN03510-14;14;62000.0;62000.0;0;gid://shopify/Product/8609680589095;ANEL CELEBRATE SOLITÁRIO | OURO AMARELO E BRANCO 18K COM DIAMANTES E ESMERALDA;0;13;1;AN03510;AN03510-14;gid://shopify/ProductVariant/46498360164647;0.0;0.0;False;False
gid://shopify/ProductVariant/46498360197415;AN03510-15;15;62000.0;62000.0;0;gid://shopify/Product/8609680589095;ANEL CELEBRATE SOLITÁRIO | OURO AMARELO E BRANCO 18K COM DIAMANTES E ESMERALDA;0;13;1;AN03510;AN03510-15;gid://shopify/ProductVariant/46498360197415;0.0;0.0;False;False
gid://shopify/ProductVariant/46498360230183;AN03510-16;16;62000.0;62000.0;0;gid://shopify/Product/8609680589095;ANEL CELEBRATE SOLITÁRIO | OURO AMARELO E BRANCO 18K COM DIAMANTES E ESMERALDA;0;13;1;AN03510;AN03510-16;gid://shopify/ProductVariant/46498360230183;0.0;0.0;False;False
gid://shopify/ProductVariant/46498360262951;AN03510-17;17;62000.0;62000.0;0;gid://shopify/Product/8609680589095;ANEL CELEBRATE SOLITÁRIO | OURO AMARELO E BRANCO 18K COM DIAMANTES E ESMERALDA;0;13;1;AN03510;AN03510-17;gid://shopify/ProductVariant/46498360262951;0.0;0.0;False;False
gid://shopify/ProductVariant/46498360295719;AN03510-18;18;62000.0;62000.0;0;gid://shopify/Product/8609680589095;ANEL CELEBRATE SOLITÁRIO | OURO AMARELO E BRANCO 18K COM DIAMANTES E ESMERALDA;0;13;1;AN03510;AN03510-18;gid://shopify/ProductVariant/46498360295719;0.0;0.0;False;False
gid://shopify/ProductVariant/46498360328487;AN03510-19;19;62000.0;62000.0;0;gid://shopify/Product/8609680589095;ANEL CELEBRATE SOLITÁRIO | OURO AMARELO E BRANCO 18K COM DIAMANTES E ESMERALDA;0;13;1;AN03510;AN03510-19;gid://shopify/ProductVariant/46498360328487;0.0;0.0;False;False
gid://shopify/ProductVariant/46498360361255;AN03510-20;20;62000.0;62000.0;0;gid://shopify/Product/8609680589095;ANEL CELEBRATE SOLITÁRIO | OURO AMARELO E BRANCO 18K COM DIAMANTES E ESMERALDA;0;13;1;AN03510;AN03510-20;gid://shopify/ProductVariant/46498360361255;0.0;0.0;False;False
gid://shopify/ProductVariant/46498360394023;AN03510-21;21;62000.0;62000.0;0;gid://shopify/Product/8609680589095;ANEL CELEBRATE SOLITÁRIO | OURO AMARELO E BRANCO 18K COM DIAMANTES E ESMERALDA;0;13;1;AN03510;AN03510-21;gid://shopify/ProductVariant/46498360394023;0.0;0.0;False;False
gid://shopify/ProductVariant/46498360426791;AN03510-22;22;62000.0;62000.0;0;gid://shopify/Product/8609680589095;ANEL CELEBRATE SOLITÁRIO | OURO AMARELO E BRANCO 18K COM DIAMANTES E ESMERALDA;0;13;1;AN03510;AN03510-22;gid://shopify/ProductVariant/46498360426791;0.0;0.0;False;False
gid://shopify/ProductVariant/46498360787239;AN03533-10;10;141500.0;141500.0;0;gid://shopify/Product/8609680982311;ANEL CELEBRATE SOLITÁRIO | OURO AMARELO E BRANCO 18K COM DIAMANTES E ESMERALDA de 31CT;1;13;1;AN03533;AN03533-10;gid://shopify/ProductVariant/46498360787239;0.0;0.0;False;False
gid://shopify/ProductVariant/46498360820007;AN03533-11;11;141500.0;141500.0;0;gid://shopify/Product/8609680982311;ANEL CELEBRATE SOLITÁRIO | OURO AMARELO E BRANCO 18K COM DIAMANTES E ESMERALDA de 31CT;1;13;1;AN03533;AN03533-11;gid://shopify/ProductVariant/46498360820007;0.0;0.0;False;False
gid://shopify/ProductVariant/46498360852775;AN03533-12;12;141500.0;141500.0;0;gid://shopify/Product/8609680982311;ANEL CELEBRATE SOLITÁRIO | OURO AMARELO E BRANCO 18K COM DIAMANTES E ESMERALDA de 31CT;1;13;1;AN03533;AN03533-12;gid://shopify/ProductVariant/46498360852775;0.0;0.0;False;False
gid://shopify/ProductVariant/46498360885543;AN03533-13;13;141500.0;141500.0;0;gid://shopify/Product/8609680982311;ANEL CELEBRATE SOLITÁRIO | OURO AMARELO E BRANCO 18K COM DIAMANTES E ESMERALDA de 31CT;1;13;1;AN03533;AN03533-13;gid://shopify/ProductVariant/46498360885543;0.0;0.0;False;False
gid://shopify/ProductVariant/46498360918311;AN03533-14;14;141500.0;141500.0;0;gid://shopify/Product/8609680982311;ANEL CELEBRATE SOLITÁRIO | OURO AMARELO E BRANCO 18K COM DIAMANTES E ESMERALDA de 31CT;1;13;1;AN03533;AN03533-14;gid://shopify/ProductVariant/46498360918311;0.0;0.0;False;False
gid://shopify/ProductVariant/46498360951079;AN03533-15;15;141500.0;141500.0;0;gid://shopify/Product/8609680982311;ANEL CELEBRATE SOLITÁRIO | OURO AMARELO E BRANCO 18K COM DIAMANTES E ESMERALDA de 31CT;1;13;1;AN03533;AN03533-15;gid://shopify/ProductVariant/46498360951079;0.0;0.0;False;False
gid://shopify/ProductVariant/46498360983847;AN03533-16;16;141500.0;141500.0;1;gid://shopify/Product/8609680982311;ANEL CELEBRATE SOLITÁRIO | OURO AMARELO E BRANCO 18K COM DIAMANTES E ESMERALDA de 31CT;1;13;1;AN03533;AN03533-16;gid://shopify/ProductVariant/46498360983847;0.0;0.0;False;True
gid://shopify/ProductVariant/46498361016615;AN03533-17;17;141500.0;141500.0;0;gid://shopify/Product/8609680982311;ANEL CELEBRATE SOLITÁRIO | OURO AMARELO E BRANCO 18K COM DIAMANTES E ESMERALDA de 31CT;1;13;1;AN03533;AN03533-17;gid://shopify/ProductVariant/46498361016615;0.0;0.0;False;False
gid://shopify/ProductVariant/46498361049383;AN03533-18;18;141500.0;141500.0;0;gid://shopify/Product/8609680982311;ANEL CELEBRATE SOLITÁRIO | OURO AMARELO E BRANCO 18K COM DIAMANTES E ESMERALDA de 31CT;1;13;1;AN03533;AN03533-18;gid://shopify/ProductVariant/46498361049383;0.0;0.0;False;False
gid://shopify/ProductVariant/46498361082151;AN03533-19;19;141500.0;141500.0;0;gid://shopify/Product/8609680982311;ANEL CELEBRATE SOLITÁRIO | OURO AMARELO E BRANCO 18K COM DIAMANTES E ESMERALDA de 31CT;1;13;1;AN03533;AN03533-19;gid://shopify/ProductVariant/46498361082151;0.0;0.0;False;False
gid://shopify/ProductVariant/46498361114919;AN03533-20;20;141500.0;141500.0;0;gid://shopify/Product/8609680982311;ANEL CELEBRATE SOLITÁRIO | OURO AMARELO E BRANCO 18K COM DIAMANTES E ESMERALDA de 31CT;1;13;1;AN03533;AN03533-20;gid://shopify/ProductVariant/46498361114919;0.0;0.0;False;False
gid://shopify/ProductVariant/46498361147687;AN03533-21;21;141500.0;141500.0;0;gid://shopify/Product/8609680982311;ANEL CELEBRATE SOLITÁRIO | OURO AMARELO E BRANCO 18K COM DIAMANTES E ESMERALDA de 31CT;1;13;1;AN03533;AN03533-21;gid://shopify/ProductVariant/46498361147687;0.0;0.0;False;False
gid://shopify/ProductVariant/46498361180455;AN03533-22;22;141500.0;141500.0;0;gid://shopify/Product/8609680982311;ANEL CELEBRATE SOLITÁRIO | OURO AMARELO E BRANCO 18K COM DIAMANTES E ESMERALDA de 31CT;1;13;1;AN03533;AN03533-22;gid://shopify/ProductVariant/46498361180455;0.0;0.0;False;False
gid://shopify/ProductVariant/46498366488871;AN03148-10;10;89900.0;78000.0;0;gid://shopify/Product/8609682620711;Anel Especial De Ouro Amarelo E Branco 18K E Diamante E Esmeralda;1;13;0;AN03148;AN03148-10;gid://shopify/ProductVariant/46498366488871;0.0;0.0;False;False
gid://shopify/ProductVariant/46498366521639;AN03148-11;11;89900.0;78000.0;0;gid://shopify/Product/8609682620711;Anel Especial De Ouro Amarelo E Branco 18K E Diamante E Esmeralda;1;13;0;AN03148;AN03148-11;gid://shopify/ProductVariant/46498366521639;0.0;0.0;False;False
gid://shopify/ProductVariant/46498366554407;AN03148-12;12;89900.0;78000.0;0;gid://shopify/Product/8609682620711;Anel Especial De Ouro Amarelo E Branco 18K E Diamante E Esmeralda;1;13;0;AN03148;AN03148-12;gid://shopify/ProductVariant/46498366554407;0.0;0.0;False;False
gid://shopify/ProductVariant/46498366587175;AN03148-13;13;89900.0;78000.0;0;gid://shopify/Product/8609682620711;Anel Especial De Ouro Amarelo E Branco 18K E Diamante E Esmeralda;1;13;0;AN03148;AN03148-13;gid://shopify/ProductVariant/46498366587175;0.0;0.0;False;False
gid://shopify/ProductVariant/46498366619943;AN03148-14;14;89900.0;78000.0;0;gid://shopify/Product/8609682620711;Anel Especial De Ouro Amarelo E Branco 18K E Diamante E Esmeralda;1;13;0;AN03148;AN03148-14;gid://shopify/ProductVariant/46498366619943;0.0;0.0;False;False
gid://shopify/ProductVariant/46498366652711;AN03148-15;15;89900.0;78000.0;0;gid://shopify/Product/8609682620711;Anel Especial De Ouro Amarelo E Branco 18K E Diamante E Esmeralda;1;13;0;AN03148;AN03148-15;gid://shopify/ProductVariant/46498366652711;0.0;0.0;False;False
gid://shopify/ProductVariant/46498366685479;AN03148-16;16;89900.0;78000.0;1;gid://shopify/Product/8609682620711;Anel Especial De Ouro Amarelo E Branco 18K E Diamante E Esmeralda;1;13;0;AN03148;AN03148-16;gid://shopify/ProductVariant/46498366685479;0.0;0.0;False;True
gid://shopify/ProductVariant/46498366718247;AN03148-17;17;89900.0;78000.0;0;gid://shopify/Product/8609682620711;Anel Especial De Ouro Amarelo E Branco 18K E Diamante E Esmeralda;1;13;0;AN03148;AN03148-17;gid://shopify/ProductVariant/46498366718247;0.0;0.0;False;False
gid://shopify/ProductVariant/46498366751015;AN03148-18;18;89900.0;78000.0;0;gid://shopify/Product/8609682620711;Anel Especial De Ouro Amarelo E Branco 18K E Diamante E Esmeralda;1;13;0;AN03148;AN03148-18;gid://shopify/ProductVariant/46498366751015;0.0;0.0;False;False
gid://shopify/ProductVariant/46498366783783;AN03148-19;19;89900.0;78000.0;0;gid://shopify/Product/8609682620711;Anel Especial De Ouro Amarelo E Branco 18K E Diamante E Esmeralda;1;13;0;AN03148;AN03148-19;gid://shopify/ProductVariant/46498366783783;0.0;0.0;False;False
gid://shopify/ProductVariant/46498366816551;AN03148-20;20;89900.0;78000.0;0;gid://shopify/Product/8609682620711;Anel Especial De Ouro Amarelo E Branco 18K E Diamante E Esmeralda;1;13;0;AN03148;AN03148-20;gid://shopify/ProductVariant/46498366816551;0.0;0.0;False;False
gid://shopify/ProductVariant/46498366849319;AN03148-21;21;89900.0;78000.0;0;gid://shopify/Product/8609682620711;Anel Especial De Ouro Amarelo E Branco 18K E Diamante E Esmeralda;1;13;0;AN03148;AN03148-21;gid://shopify/ProductVariant/46498366849319;0.0;0.0;False;False
gid://shopify/ProductVariant/46498366882087;AN03148-22;22;89900.0;78000.0;0;gid://shopify/Product/8609682620711;Anel Especial De Ouro Amarelo E Branco 18K E Diamante E Esmeralda;1;13;0;AN03148;AN03148-22;gid://shopify/ProductVariant/46498366882087;0.0;0.0;False;False
gid://shopify/ProductVariant/46498370093351;AN03448-10;10;138500.0;138500.0;0;gid://shopify/Product/8609683931431;Anel Especial De Ouro Amarelo E Branco 18K E Diamante E Esmeralda;1;13;0;AN03448;AN03448-10;gid://shopify/ProductVariant/46498370093351;0.0;0.0;False;False
gid://shopify/ProductVariant/46498370126119;AN03448-11;11;138500.0;138500.0;0;gid://shopify/Product/8609683931431;Anel Especial De Ouro Amarelo E Branco 18K E Diamante E Esmeralda;1;13;0;AN03448;AN03448-11;gid://shopify/ProductVariant/46498370126119;0.0;0.0;False;False
gid://shopify/ProductVariant/46498370158887;AN03448-12;12;138500.0;138500.0;0;gid://shopify/Product/8609683931431;Anel Especial De Ouro Amarelo E Branco 18K E Diamante E Esmeralda;1;13;0;AN03448;AN03448-12;gid://shopify/ProductVariant/46498370158887;0.0;0.0;False;False
gid://shopify/ProductVariant/46498370191655;AN03448-13;13;138500.0;138500.0;0;gid://shopify/Product/8609683931431;Anel Especial De Ouro Amarelo E Branco 18K E Diamante E Esmeralda;1;13;0;AN03448;AN03448-13;gid://shopify/ProductVariant/46498370191655;0.0;0.0;False;False
gid://shopify/ProductVariant/46498370224423;AN03448-14;14;138500.0;138500.0;0;gid://shopify/Product/8609683931431;Anel Especial De Ouro Amarelo E Branco 18K E Diamante E Esmeralda;1;13;0;AN03448;AN03448-14;gid://shopify/ProductVariant/46498370224423;0.0;0.0;False;False
gid://shopify/ProductVariant/46498370257191;AN03448-15;15;138500.0;138500.0;0;gid://shopify/Product/8609683931431;Anel Especial De Ouro Amarelo E Branco 18K E Diamante E Esmeralda;1;13;0;AN03448;AN03448-15;gid://shopify/ProductVariant/46498370257191;0.0;0.0;False;False
gid://shopify/ProductVariant/46498370289959;AN03448-16;16;138500.0;138500.0;1;gid://shopify/Product/8609683931431;Anel Especial De Ouro Amarelo E Branco 18K E Diamante E Esmeralda;1;13;0;AN03448;AN03448-16;gid://shopify/ProductVariant/46498370289959;0.0;0.0;False;True
gid://shopify/ProductVariant/46498370322727;AN03448-17;17;138500.0;138500.0;0;gid://shopify/Product/8609683931431;Anel Especial De Ouro Amarelo E Branco 18K E Diamante E Esmeralda;1;13;0;AN03448;AN03448-17;gid://shopify/ProductVariant/46498370322727;0.0;0.0;False;False
gid://shopify/ProductVariant/46498370388263;AN03448-18;18;138500.0;138500.0;0;gid://shopify/Product/8609683931431;Anel Especial De Ouro Amarelo E Branco 18K E Diamante E Esmeralda;1;13;0;AN03448;AN03448-18;gid://shopify/ProductVariant/46498370388263;0.0;0.0;False;False
gid://shopify/ProductVariant/46498370421031;AN03448-19;19;138500.0;138500.0;0;gid://shopify/Product/8609683931431;Anel Especial De Ouro Amarelo E Branco 18K E Diamante E Esmeralda;1;13;0;AN03448;AN03448-19;gid://shopify/ProductVariant/46498370421031;0.0;0.0;False;False
gid://shopify/ProductVariant/46498370453799;AN03448-20;20;138500.0;138500.0;0;gid://shopify/Product/8609683931431;Anel Especial De Ouro Amarelo E Branco 18K E Diamante E Esmeralda;1;13;0;AN03448;AN03448-20;gid://shopify/ProductVariant/46498370453799;0.0;0.0;False;False
gid://shopify/ProductVariant/46498370486567;AN03448-21;21;138500.0;138500.0;0;gid://shopify/Product/8609683931431;Anel Especial De Ouro Amarelo E Branco 18K E Diamante E Esmeralda;1;13;0;AN03448;AN03448-21;gid://shopify/ProductVariant/46498370486567;0.0;0.0;False;False
gid://shopify/ProductVariant/46498370519335;AN03448-22;22;138500.0;138500.0;0;gid://shopify/Product/8609683931431;Anel Especial De Ouro Amarelo E Branco 18K E Diamante E Esmeralda;1;13;0;AN03448;AN03448-22;gid://shopify/ProductVariant/46498370519335;0.0;0.0;False;False
gid://shopify/ProductVariant/46498370814247;AN03449-10;10;138000.0;138000.0;0;gid://shopify/Product/8609684291879;Anel Especial De Ouro Amarelo E Branco 18K E Diamante E Esmeralda;0;13;0;AN03449;AN03449-10;gid://shopify/ProductVariant/46498370814247;0.0;0.0;False;False
gid://shopify/ProductVariant/46498370847015;AN03449-11;11;138000.0;138000.0;0;gid://shopify/Product/8609684291879;Anel Especial De Ouro Amarelo E Branco 18K E Diamante E Esmeralda;0;13;0;AN03449;AN03449-11;gid://shopify/ProductVariant/46498370847015;0.0;0.0;False;False
gid://shopify/ProductVariant/46498370879783;AN03449-12;12;138000.0;138000.0;0;gid://shopify/Product/8609684291879;Anel Especial De Ouro Amarelo E Branco 18K E Diamante E Esmeralda;0;13;0;AN03449;AN03449-12;gid://shopify/ProductVariant/46498370879783;0.0;0.0;False;False
gid://shopify/ProductVariant/46498370912551;AN03449-13;13;138000.0;138000.0;0;gid://shopify/Product/8609684291879;Anel Especial De Ouro Amarelo E Branco 18K E Diamante E Esmeralda;0;13;0;AN03449;AN03449-13;gid://shopify/ProductVariant/46498370912551;0.0;0.0;False;False
gid://shopify/ProductVariant/46498370945319;AN03449-14;14;138000.0;138000.0;0;gid://shopify/Product/8609684291879;Anel Especial De Ouro Amarelo E Branco 18K E Diamante E Esmeralda;0;13;0;AN03449;AN03449-14;gid://shopify/ProductVariant/46498370945319;0.0;0.0;False;False
gid://shopify/ProductVariant/46498370978087;AN03449-15;15;138000.0;138000.0;0;gid://shopify/Product/8609684291879;Anel Especial De Ouro Amarelo E Branco 18K E Diamante E Esmeralda;0;13;0;AN03449;AN03449-15;gid://shopify/ProductVariant/46498370978087;0.0;0.0;False;False
gid://shopify/ProductVariant/46498371010855;AN03449-16;16;138000.0;138000.0;0;gid://shopify/Product/8609684291879;Anel Especial De Ouro Amarelo E Branco 18K E Diamante E Esmeralda;0;13;0;AN03449;AN03449-16;gid://shopify/ProductVariant/46498371010855;0.0;0.0;False;False
gid://shopify/ProductVariant/46498371043623;AN03449-17;17;138000.0;138000.0;0;gid://shopify/Product/8609684291879;Anel Especial De Ouro Amarelo E Branco 18K E Diamante E Esmeralda;0;13;0;AN03449;AN03449-17;gid://shopify/ProductVariant/46498371043623;0.0;0.0;False;False
gid://shopify/ProductVariant/46498371076391;AN03449-18;18;138000.0;138000.0;0;gid://shopify/Product/8609684291879;Anel Especial De Ouro Amarelo E Branco 18K E Diamante E Esmeralda;0;13;0;AN03449;AN03449-18;gid://shopify/ProductVariant/46498371076391;0.0;0.0;False;False
gid://shopify/ProductVariant/46498371109159;AN03449-19;19;138000.0;138000.0;0;gid://shopify/Product/8609684291879;Anel Especial De Ouro Amarelo E Branco 18K E Diamante E Esmeralda;0;13;0;AN03449;AN03449-19;gid://shopify/ProductVariant/46498371109159;0.0;0.0;False;False
gid://shopify/ProductVariant/46498371141927;AN03449-20;20;138000.0;138000.0;0;gid://shopify/Product/8609684291879;Anel Especial De Ouro Amarelo E Branco 18K E Diamante E Esmeralda;0;13;0;AN03449;AN03449-20;gid://shopify/ProductVariant/46498371141927;0.0;0.0;False;False
gid://shopify/ProductVariant/46498371207463;AN03449-21;21;138000.0;138000.0;0;gid://shopify/Product/8609684291879;Anel Especial De Ouro Amarelo E Branco 18K E Diamante E Esmeralda;0;13;0;AN03449;AN03449-21;gid://shopify/ProductVariant/46498371207463;0.0;0.0;False;False
gid://shopify/ProductVariant/46498371240231;AN03449-22;22;138000.0;138000.0;0;gid://shopify/Product/8609684291879;Anel Especial De Ouro Amarelo E Branco 18K E Diamante E Esmeralda;0;13;0;AN03449;AN03449-22;gid://shopify/ProductVariant/46498371240231;0.0;0.0;False;False
gid://shopify/ProductVariant/46498387755303;AN03577-10;10;59000.0;59000.0;0;gid://shopify/Product/8609688256807;Anel Vita Eterna De Ouro Amarelo E Branco 18K E Diamante E Esmeralda;0;13;0;AN03577;AN03577-10;gid://shopify/ProductVariant/46498387755303;0.0;0.0;False;False
gid://shopify/ProductVariant/46498387788071;AN03577-11;11;59000.0;59000.0;0;gid://shopify/Product/8609688256807;Anel Vita Eterna De Ouro Amarelo E Branco 18K E Diamante E Esmeralda;0;13;0;AN03577;AN03577-11;gid://shopify/ProductVariant/46498387788071;0.0;0.0;False;False
gid://shopify/ProductVariant/46498387820839;AN03577-12;12;59000.0;59000.0;0;gid://shopify/Product/8609688256807;Anel Vita Eterna De Ouro Amarelo E Branco 18K E Diamante E Esmeralda;0;13;0;AN03577;AN03577-12;gid://shopify/ProductVariant/46498387820839;0.0;0.0;False;False
gid://shopify/ProductVariant/46498387853607;AN03577-13;13;59000.0;59000.0;0;gid://shopify/Product/8609688256807;Anel Vita Eterna De Ouro Amarelo E Branco 18K E Diamante E Esmeralda;0;13;0;AN03577;AN03577-13;gid://shopify/ProductVariant/46498387853607;0.0;0.0;False;False
gid://shopify/ProductVariant/46498387886375;AN03577-14;14;59000.0;59000.0;0;gid://shopify/Product/8609688256807;Anel Vita Eterna De Ouro Amarelo E Branco 18K E Diamante E Esmeralda;0;13;0;AN03577;AN03577-14;gid://shopify/ProductVariant/46498387886375;0.0;0.0;False;False
gid://shopify/ProductVariant/46498387919143;AN03577-15;15;59000.0;59000.0;0;gid://shopify/Product/8609688256807;Anel Vita Eterna De Ouro Amarelo E Branco 18K E Diamante E Esmeralda;0;13;0;AN03577;AN03577-15;gid://shopify/ProductVariant/46498387919143;0.0;0.0;False;False
gid://shopify/ProductVariant/46498387951911;AN03577-16;16;59000.0;59000.0;0;gid://shopify/Product/8609688256807;Anel Vita Eterna De Ouro Amarelo E Branco 18K E Diamante E Esmeralda;0;13;0;AN03577;AN03577-16;gid://shopify/ProductVariant/46498387951911;0.0;0.0;False;False
gid://shopify/ProductVariant/46498387984679;AN03577-17;17;59000.0;59000.0;0;gid://shopify/Product/8609688256807;Anel Vita Eterna De Ouro Amarelo E Branco 18K E Diamante E Esmeralda;0;13;0;AN03577;AN03577-17;gid://shopify/ProductVariant/46498387984679;0.0;0.0;False;False
gid://shopify/ProductVariant/46498388017447;AN03577-18;18;59000.0;59000.0;0;gid://shopify/Product/8609688256807;Anel Vita Eterna De Ouro Amarelo E Branco 18K E Diamante E Esmeralda;0;13;0;AN03577;AN03577-18;gid://shopify/ProductVariant/46498388017447;0.0;0.0;False;False
gid://shopify/ProductVariant/46498388050215;AN03577-19;19;59000.0;59000.0;0;gid://shopify/Product/8609688256807;Anel Vita Eterna De Ouro Amarelo E Branco 18K E Diamante E Esmeralda;0;13;0;AN03577;AN03577-19;gid://shopify/ProductVariant/46498388050215;0.0;0.0;False;False
gid://shopify/ProductVariant/46498388082983;AN03577-20;20;59000.0;59000.0;0;gid://shopify/Product/8609688256807;Anel Vita Eterna De Ouro Amarelo E Branco 18K E Diamante E Esmeralda;0;13;0;AN03577;AN03577-20;gid://shopify/ProductVariant/46498388082983;0.0;0.0;False;False
gid://shopify/ProductVariant/46498388115751;AN03577-21;21;59000.0;59000.0;0;gid://shopify/Product/8609688256807;Anel Vita Eterna De Ouro Amarelo E Branco 18K E Diamante E Esmeralda;0;13;0;AN03577;AN03577-21;gid://shopify/ProductVariant/46498388115751;0.0;0.0;False;False
gid://shopify/ProductVariant/46498388148519;AN03577-22;22;59000.0;59000.0;0;gid://shopify/Product/8609688256807;Anel Vita Eterna De Ouro Amarelo E Branco 18K E Diamante E Esmeralda;0;13;0;AN03577;AN03577-22;gid://shopify/ProductVariant/46498388148519;0.0;0.0;False;False
gid://shopify/ProductVariant/46506764697895;AN02702-10;10;26500.0;23000.0;5;gid://shopify/Product/8612227383591;Anel Especial De Ouro Branco 18K E Diamante Solitario;66;13;0;AN02702;AN02702-10;gid://shopify/ProductVariant/46506764697895;5.0;0.0;True;False
gid://shopify/ProductVariant/46506764730663;AN02702-11;11;26500.0;23000.0;5;gid://shopify/Product/8612227383591;Anel Especial De Ouro Branco 18K E Diamante Solitario;66;13;0;AN02702;AN02702-11;gid://shopify/ProductVariant/46506764730663;5.0;0.0;True;False
gid://shopify/ProductVariant/46506764763431;AN02702-12;12;26500.0;23000.0;5;gid://shopify/Product/8612227383591;Anel Especial De Ouro Branco 18K E Diamante Solitario;66;13;0;AN02702;AN02702-12;gid://shopify/ProductVariant/46506764763431;5.0;0.0;True;False
gid://shopify/ProductVariant/46506764796199;AN02702-13;13;26500.0;23000.0;5;gid://shopify/Product/8612227383591;Anel Especial De Ouro Branco 18K E Diamante Solitario;66;13;0;AN02702;AN02702-13;gid://shopify/ProductVariant/46506764796199;5.0;0.0;True;False
gid://shopify/ProductVariant/46506764828967;AN02702-14;14;26500.0;23000.0;5;gid://shopify/Product/8612227383591;Anel Especial De Ouro Branco 18K E Diamante Solitario;66;13;0;AN02702;AN02702-14;gid://shopify/ProductVariant/46506764828967;5.0;0.0;True;False
gid://shopify/ProductVariant/46506764861735;AN02702-15;15;26500.0;23000.0;5;gid://shopify/Product/8612227383591;Anel Especial De Ouro Branco 18K E Diamante Solitario;66;13;0;AN02702;AN02702-15;gid://shopify/ProductVariant/46506764861735;5.0;0.0;True;False
gid://shopify/ProductVariant/46506764894503;AN02702-16;16;26500.0;23000.0;5;gid://shopify/Product/8612227383591;Anel Especial De Ouro Branco 18K E Diamante Solitario;66;13;0;AN02702;AN02702-16;gid://shopify/ProductVariant/46506764894503;5.0;0.0;True;False
gid://shopify/ProductVariant/46506764927271;AN02702-17;17;26500.0;23000.0;5;gid://shopify/Product/8612227383591;Anel Especial De Ouro Branco 18K E Diamante Solitario;66;13;0;AN02702;AN02702-17;gid://shopify/ProductVariant/46506764927271;5.0;0.0;True;False
gid://shopify/ProductVariant/46506764960039;AN02702-18;18;26500.0;23000.0;6;gid://shopify/Product/8612227383591;Anel Especial De Ouro Branco 18K E Diamante Solitario;66;13;0;AN02702;AN02702-18;gid://shopify/ProductVariant/46506764960039;5.0;0.0;True;True
gid://shopify/ProductVariant/46506764992807;AN02702-19;19;26500.0;23000.0;5;gid://shopify/Product/8612227383591;Anel Especial De Ouro Branco 18K E Diamante Solitario;66;13;0;AN02702;AN02702-19;gid://shopify/ProductVariant/46506764992807;5.0;0.0;True;False
gid://shopify/ProductVariant/46506765025575;AN02702-20;20;26500.0;23000.0;5;gid://shopify/Product/8612227383591;Anel Especial De Ouro Branco 18K E Diamante Solitario;66;13;0;AN02702;AN02702-20;gid://shopify/ProductVariant/46506765025575;5.0;0.0;True;False
gid://shopify/ProductVariant/46506765058343;AN02702-21;21;26500.0;23000.0;5;gid://shopify/Product/8612227383591;Anel Especial De Ouro Branco 18K E Diamante Solitario;66;13;0;AN02702;AN02702-21;gid://shopify/ProductVariant/46506765058343;5.0;0.0;True;False
gid://shopify/ProductVariant/46506765091111;AN02702-22;22;26500.0;23000.0;5;gid://shopify/Product/8612227383591;Anel Especial De Ouro Branco 18K E Diamante Solitario;66;13;0;AN02702;AN02702-22;gid://shopify/ProductVariant/46506765091111;5.0;0.0;True;False
gid://shopify/ProductVariant/46506765975847;AN02242-10;10;55500.0;35000.0;0;gid://shopify/Product/8612227481895;Anel Especial De Ouro Branco 18K E Diamante Solitario;0;13;0;AN02242;AN02242-10;gid://shopify/ProductVariant/46506765975847;0.0;0.0;False;False
gid://shopify/ProductVariant/46506766008615;AN02242-11;11;55500.0;35000.0;0;gid://shopify/Product/8612227481895;Anel Especial De Ouro Branco 18K E Diamante Solitario;0;13;0;AN02242;AN02242-11;gid://shopify/ProductVariant/46506766008615;0.0;0.0;False;False
gid://shopify/ProductVariant/46506766041383;AN02242-12;12;55500.0;35000.0;0;gid://shopify/Product/8612227481895;Anel Especial De Ouro Branco 18K E Diamante Solitario;0;13;0;AN02242;AN02242-12;gid://shopify/ProductVariant/46506766041383;0.0;0.0;False;False
gid://shopify/ProductVariant/46506766074151;AN02242-13;13;55500.0;35000.0;0;gid://shopify/Product/8612227481895;Anel Especial De Ouro Branco 18K E Diamante Solitario;0;13;0;AN02242;AN02242-13;gid://shopify/ProductVariant/46506766074151;0.0;0.0;False;False
gid://shopify/ProductVariant/46506766106919;AN02242-14;14;55500.0;35000.0;0;gid://shopify/Product/8612227481895;Anel Especial De Ouro Branco 18K E Diamante Solitario;0;13;0;AN02242;AN02242-14;gid://shopify/ProductVariant/46506766106919;0.0;0.0;False;False
gid://shopify/ProductVariant/46506766139687;AN02242-15;15;55500.0;35000.0;0;gid://shopify/Product/8612227481895;Anel Especial De Ouro Branco 18K E Diamante Solitario;0;13;0;AN02242;AN02242-15;gid://shopify/ProductVariant/46506766139687;0.0;0.0;False;False
gid://shopify/ProductVariant/46506766172455;AN02242-16;16;55500.0;35000.0;0;gid://shopify/Product/8612227481895;Anel Especial De Ouro Branco 18K E Diamante Solitario;0;13;0;AN02242;AN02242-16;gid://shopify/ProductVariant/46506766172455;0.0;0.0;False;False
gid://shopify/ProductVariant/46506766205223;AN02242-17;17;55500.0;35000.0;0;gid://shopify/Product/8612227481895;Anel Especial De Ouro Branco 18K E Diamante Solitario;0;13;0;AN02242;AN02242-17;gid://shopify/ProductVariant/46506766205223;0.0;0.0;False;False
gid://shopify/ProductVariant/46506766237991;AN02242-18;18;55500.0;35000.0;0;gid://shopify/Product/8612227481895;Anel Especial De Ouro Branco 18K E Diamante Solitario;0;13;0;AN02242;AN02242-18;gid://shopify/ProductVariant/46506766237991;0.0;0.0;False;False
gid://shopify/ProductVariant/46506766270759;AN02242-19;19;55500.0;35000.0;0;gid://shopify/Product/8612227481895;Anel Especial De Ouro Branco 18K E Diamante Solitario;0;13;0;AN02242;AN02242-19;gid://shopify/ProductVariant/46506766270759;0.0;0.0;False;False
gid://shopify/ProductVariant/46506766303527;AN02242-20;20;55500.0;35000.0;0;gid://shopify/Product/8612227481895;Anel Especial De Ouro Branco 18K E Diamante Solitario;0;13;0;AN02242;AN02242-20;gid://shopify/ProductVariant/46506766303527;0.0;0.0;False;False
gid://shopify/ProductVariant/46506766336295;AN02242-21;21;55500.0;35000.0;0;gid://shopify/Product/8612227481895;Anel Especial De Ouro Branco 18K E Diamante Solitario;0;13;0;AN02242;AN02242-21;gid://shopify/ProductVariant/46506766336295;0.0;0.0;False;False
gid://shopify/ProductVariant/46506766369063;AN02242-22;22;55500.0;35000.0;0;gid://shopify/Product/8612227481895;Anel Especial De Ouro Branco 18K E Diamante Solitario;0;13;0;AN02242;AN02242-22;gid://shopify/ProductVariant/46506766369063;0.0;0.0;False;False
gid://shopify/ProductVariant/46509280264487;AN02473-10;10;86500.0;64000.0;0;gid://shopify/Product/8612627841319;Anel Especial De Ouro Branco 18K E Diamante Solitario;1;13;0;AN02473;AN02473-10;gid://shopify/ProductVariant/46509280264487;0.0;0.0;False;False
gid://shopify/ProductVariant/46509280297255;AN02473-11;11;86500.0;64000.0;0;gid://shopify/Product/8612627841319;Anel Especial De Ouro Branco 18K E Diamante Solitario;1;13;0;AN02473;AN02473-11;gid://shopify/ProductVariant/46509280297255;0.0;0.0;False;False
gid://shopify/ProductVariant/46509280330023;AN02473-12;12;86500.0;64000.0;0;gid://shopify/Product/8612627841319;Anel Especial De Ouro Branco 18K E Diamante Solitario;1;13;0;AN02473;AN02473-12;gid://shopify/ProductVariant/46509280330023;0.0;0.0;False;False
gid://shopify/ProductVariant/46509280362791;AN02473-13;13;86500.0;64000.0;0;gid://shopify/Product/8612627841319;Anel Especial De Ouro Branco 18K E Diamante Solitario;1;13;0;AN02473;AN02473-13;gid://shopify/ProductVariant/46509280362791;0.0;0.0;False;False
gid://shopify/ProductVariant/46509280395559;AN02473-14;14;86500.0;64000.0;0;gid://shopify/Product/8612627841319;Anel Especial De Ouro Branco 18K E Diamante Solitario;1;13;0;AN02473;AN02473-14;gid://shopify/ProductVariant/46509280395559;0.0;0.0;False;False
gid://shopify/ProductVariant/46509280428327;AN02473-15;15;86500.0;64000.0;0;gid://shopify/Product/8612627841319;Anel Especial De Ouro Branco 18K E Diamante Solitario;1;13;0;AN02473;AN02473-15;gid://shopify/ProductVariant/46509280428327;0.0;0.0;False;False
gid://shopify/ProductVariant/46509280461095;AN02473-16;16;86500.0;64000.0;1;gid://shopify/Product/8612627841319;Anel Especial De Ouro Branco 18K E Diamante Solitario;1;13;0;AN02473;AN02473-16;gid://shopify/ProductVariant/46509280461095;0.0;0.0;False;True
gid://shopify/ProductVariant/46509280493863;AN02473-17;17;86500.0;64000.0;0;gid://shopify/Product/8612627841319;Anel Especial De Ouro Branco 18K E Diamante Solitario;1;13;0;AN02473;AN02473-17;gid://shopify/ProductVariant/46509280493863;0.0;0.0;False;False
gid://shopify/ProductVariant/46509280526631;AN02473-18;18;86500.0;64000.0;0;gid://shopify/Product/8612627841319;Anel Especial De Ouro Branco 18K E Diamante Solitario;1;13;0;AN02473;AN02473-18;gid://shopify/ProductVariant/46509280526631;0.0;0.0;False;False
gid://shopify/ProductVariant/46509280559399;AN02473-19;19;86500.0;64000.0;0;gid://shopify/Product/8612627841319;Anel Especial De Ouro Branco 18K E Diamante Solitario;1;13;0;AN02473;AN02473-19;gid://shopify/ProductVariant/46509280559399;0.0;0.0;False;False
gid://shopify/ProductVariant/46509280592167;AN02473-20;20;86500.0;64000.0;0;gid://shopify/Product/8612627841319;Anel Especial De Ouro Branco 18K E Diamante Solitario;1;13;0;AN02473;AN02473-20;gid://shopify/ProductVariant/46509280592167;0.0;0.0;False;False
gid://shopify/ProductVariant/46509280624935;AN02473-21;21;86500.0;64000.0;0;gid://shopify/Product/8612627841319;Anel Especial De Ouro Branco 18K E Diamante Solitario;1;13;0;AN02473;AN02473-21;gid://shopify/ProductVariant/46509280624935;0.0;0.0;False;False
gid://shopify/ProductVariant/46509280657703;AN02473-22;22;86500.0;64000.0;0;gid://shopify/Product/8612627841319;Anel Especial De Ouro Branco 18K E Diamante Solitario;1;13;0;AN02473;AN02473-22;gid://shopify/ProductVariant/46509280657703;0.0;0.0;False;False
gid://shopify/ProductVariant/46509281280295;AN02524-10;10;99000.0;84500.0;0;gid://shopify/Product/8612628037927;Anel Especial De Ouro Branco 18K E Diamante Solitario;0;13;0;AN02524;AN02524-10;gid://shopify/ProductVariant/46509281280295;0.0;0.0;False;False
gid://shopify/ProductVariant/46509281313063;AN02524-11;11;99000.0;84500.0;0;gid://shopify/Product/8612628037927;Anel Especial De Ouro Branco 18K E Diamante Solitario;0;13;0;AN02524;AN02524-11;gid://shopify/ProductVariant/46509281313063;0.0;0.0;False;False
gid://shopify/ProductVariant/46509281345831;AN02524-12;12;99000.0;84500.0;0;gid://shopify/Product/8612628037927;Anel Especial De Ouro Branco 18K E Diamante Solitario;0;13;0;AN02524;AN02524-12;gid://shopify/ProductVariant/46509281345831;0.0;0.0;False;False
gid://shopify/ProductVariant/46509281378599;AN02524-13;13;99000.0;84500.0;0;gid://shopify/Product/8612628037927;Anel Especial De Ouro Branco 18K E Diamante Solitario;0;13;0;AN02524;AN02524-13;gid://shopify/ProductVariant/46509281378599;0.0;0.0;False;False
gid://shopify/ProductVariant/46509281411367;AN02524-14;14;99000.0;84500.0;0;gid://shopify/Product/8612628037927;Anel Especial De Ouro Branco 18K E Diamante Solitario;0;13;0;AN02524;AN02524-14;gid://shopify/ProductVariant/46509281411367;0.0;0.0;False;False
gid://shopify/ProductVariant/46509281444135;AN02524-15;15;99000.0;84500.0;0;gid://shopify/Product/8612628037927;Anel Especial De Ouro Branco 18K E Diamante Solitario;0;13;0;AN02524;AN02524-15;gid://shopify/ProductVariant/46509281444135;0.0;0.0;False;False
gid://shopify/ProductVariant/46509281476903;AN02524-16;16;99000.0;84500.0;0;gid://shopify/Product/8612628037927;Anel Especial De Ouro Branco 18K E Diamante Solitario;0;13;0;AN02524;AN02524-16;gid://shopify/ProductVariant/46509281476903;0.0;0.0;False;False
gid://shopify/ProductVariant/46509281509671;AN02524-17;17;99000.0;84500.0;0;gid://shopify/Product/8612628037927;Anel Especial De Ouro Branco 18K E Diamante Solitario;0;13;0;AN02524;AN02524-17;gid://shopify/ProductVariant/46509281509671;0.0;0.0;False;False
gid://shopify/ProductVariant/46509281542439;AN02524-18;18;99000.0;84500.0;0;gid://shopify/Product/8612628037927;Anel Especial De Ouro Branco 18K E Diamante Solitario;0;13;0;AN02524;AN02524-18;gid://shopify/ProductVariant/46509281542439;0.0;0.0;False;False
gid://shopify/ProductVariant/46509281575207;AN02524-19;19;99000.0;84500.0;0;gid://shopify/Product/8612628037927;Anel Especial De Ouro Branco 18K E Diamante Solitario;0;13;0;AN02524;AN02524-19;gid://shopify/ProductVariant/46509281575207;0.0;0.0;False;False
gid://shopify/ProductVariant/46509281607975;AN02524-20;20;99000.0;84500.0;0;gid://shopify/Product/8612628037927;Anel Especial De Ouro Branco 18K E Diamante Solitario;0;13;0;AN02524;AN02524-20;gid://shopify/ProductVariant/46509281607975;0.0;0.0;False;False
gid://shopify/ProductVariant/46509281640743;AN02524-21;21;99000.0;84500.0;0;gid://shopify/Product/8612628037927;Anel Especial De Ouro Branco 18K E Diamante Solitario;0;13;0;AN02524;AN02524-21;gid://shopify/ProductVariant/46509281640743;0.0;0.0;False;False
gid://shopify/ProductVariant/46509281673511;AN02524-22;22;99000.0;84500.0;0;gid://shopify/Product/8612628037927;Anel Especial De Ouro Branco 18K E Diamante Solitario;0;13;0;AN02524;AN02524-22;gid://shopify/ProductVariant/46509281673511;0.0;0.0;False;False
gid://shopify/ProductVariant/46509284426023;AN02943-10;10;77500.0;55000.0;0;gid://shopify/Product/8612628267303;Anel Especial De Ouro Branco 18K Com Rodio Negro E Diamante Solitario;1;13;0;AN02943;AN02943-10;gid://shopify/ProductVariant/46509284426023;0.0;0.0;False;False
gid://shopify/ProductVariant/46509284458791;AN02943-11;11;77500.0;55000.0;0;gid://shopify/Product/8612628267303;Anel Especial De Ouro Branco 18K Com Rodio Negro E Diamante Solitario;1;13;0;AN02943;AN02943-11;gid://shopify/ProductVariant/46509284458791;0.0;0.0;False;False
gid://shopify/ProductVariant/46509284491559;AN02943-12;12;77500.0;55000.0;0;gid://shopify/Product/8612628267303;Anel Especial De Ouro Branco 18K Com Rodio Negro E Diamante Solitario;1;13;0;AN02943;AN02943-12;gid://shopify/ProductVariant/46509284491559;0.0;0.0;False;False
gid://shopify/ProductVariant/46509284524327;AN02943-13;13;77500.0;55000.0;0;gid://shopify/Product/8612628267303;Anel Especial De Ouro Branco 18K Com Rodio Negro E Diamante Solitario;1;13;0;AN02943;AN02943-13;gid://shopify/ProductVariant/46509284524327;0.0;0.0;False;False
gid://shopify/ProductVariant/46509284557095;AN02943-14;14;77500.0;55000.0;0;gid://shopify/Product/8612628267303;Anel Especial De Ouro Branco 18K Com Rodio Negro E Diamante Solitario;1;13;0;AN02943;AN02943-14;gid://shopify/ProductVariant/46509284557095;0.0;0.0;False;False
gid://shopify/ProductVariant/46509284589863;AN02943-15;15;77500.0;55000.0;0;gid://shopify/Product/8612628267303;Anel Especial De Ouro Branco 18K Com Rodio Negro E Diamante Solitario;1;13;0;AN02943;AN02943-15;gid://shopify/ProductVariant/46509284589863;0.0;0.0;False;False
gid://shopify/ProductVariant/46509284622631;AN02943-16;16;77500.0;55000.0;1;gid://shopify/Product/8612628267303;Anel Especial De Ouro Branco 18K Com Rodio Negro E Diamante Solitario;1;13;0;AN02943;AN02943-16;gid://shopify/ProductVariant/46509284622631;0.0;0.0;False;True
gid://shopify/ProductVariant/46509284655399;AN02943-17;17;77500.0;55000.0;0;gid://shopify/Product/8612628267303;Anel Especial De Ouro Branco 18K Com Rodio Negro E Diamante Solitario;1;13;0;AN02943;AN02943-17;gid://shopify/ProductVariant/46509284655399;0.0;0.0;False;False
gid://shopify/ProductVariant/46509284688167;AN02943-18;18;77500.0;55000.0;0;gid://shopify/Product/8612628267303;Anel Especial De Ouro Branco 18K Com Rodio Negro E Diamante Solitario;1;13;0;AN02943;AN02943-18;gid://shopify/ProductVariant/46509284688167;0.0;0.0;False;False
gid://shopify/ProductVariant/46509284720935;AN02943-19;19;77500.0;55000.0;0;gid://shopify/Product/8612628267303;Anel Especial De Ouro Branco 18K Com Rodio Negro E Diamante Solitario;1;13;0;AN02943;AN02943-19;gid://shopify/ProductVariant/46509284720935;0.0;0.0;False;False
gid://shopify/ProductVariant/46509284753703;AN02943-20;20;77500.0;55000.0;0;gid://shopify/Product/8612628267303;Anel Especial De Ouro Branco 18K Com Rodio Negro E Diamante Solitario;1;13;0;AN02943;AN02943-20;gid://shopify/ProductVariant/46509284753703;0.0;0.0;False;False
gid://shopify/ProductVariant/46509284786471;AN02943-21;21;77500.0;55000.0;0;gid://shopify/Product/8612628267303;Anel Especial De Ouro Branco 18K Com Rodio Negro E Diamante Solitario;1;13;0;AN02943;AN02943-21;gid://shopify/ProductVariant/46509284786471;0.0;0.0;False;False
gid://shopify/ProductVariant/46509284819239;AN02943-22;22;77500.0;55000.0;0;gid://shopify/Product/8612628267303;Anel Especial De Ouro Branco 18K Com Rodio Negro E Diamante Solitario;1;13;0;AN02943;AN02943-22;gid://shopify/ProductVariant/46509284819239;0.0;0.0;False;False
gid://shopify/ProductVariant/46509285310759;AN03188-10;10;41500.0;30500.0;5;gid://shopify/Product/8612628398375;Anel Especial De Ouro Branco 18K E Diamante Solitario;65;13;0;AN03188;AN03188-10;gid://shopify/ProductVariant/46509285310759;5.0;0.0;True;False
gid://shopify/ProductVariant/46509285343527;AN03188-11;11;41500.0;30500.0;5;gid://shopify/Product/8612628398375;Anel Especial De Ouro Branco 18K E Diamante Solitario;65;13;0;AN03188;AN03188-11;gid://shopify/ProductVariant/46509285343527;5.0;0.0;True;False
gid://shopify/ProductVariant/46509285376295;AN03188-12;12;41500.0;30500.0;5;gid://shopify/Product/8612628398375;Anel Especial De Ouro Branco 18K E Diamante Solitario;65;13;0;AN03188;AN03188-12;gid://shopify/ProductVariant/46509285376295;5.0;0.0;True;False
gid://shopify/ProductVariant/46509285409063;AN03188-13;13;41500.0;30500.0;5;gid://shopify/Product/8612628398375;Anel Especial De Ouro Branco 18K E Diamante Solitario;65;13;0;AN03188;AN03188-13;gid://shopify/ProductVariant/46509285409063;5.0;0.0;True;False
gid://shopify/ProductVariant/46509285441831;AN03188-14;14;41500.0;30500.0;5;gid://shopify/Product/8612628398375;Anel Especial De Ouro Branco 18K E Diamante Solitario;65;13;0;AN03188;AN03188-14;gid://shopify/ProductVariant/46509285441831;5.0;0.0;True;False
gid://shopify/ProductVariant/46509285474599;AN03188-15;15;41500.0;30500.0;5;gid://shopify/Product/8612628398375;Anel Especial De Ouro Branco 18K E Diamante Solitario;65;13;0;AN03188;AN03188-15;gid://shopify/ProductVariant/46509285474599;5.0;0.0;True;False
gid://shopify/ProductVariant/46509285507367;AN03188-16;16;41500.0;30500.0;5;gid://shopify/Product/8612628398375;Anel Especial De Ouro Branco 18K E Diamante Solitario;65;13;0;AN03188;AN03188-16;gid://shopify/ProductVariant/46509285507367;5.0;0.0;True;False
gid://shopify/ProductVariant/46509285540135;AN03188-17;17;41500.0;30500.0;5;gid://shopify/Product/8612628398375;Anel Especial De Ouro Branco 18K E Diamante Solitario;65;13;0;AN03188;AN03188-17;gid://shopify/ProductVariant/46509285540135;5.0;0.0;True;False
gid://shopify/ProductVariant/46509285572903;AN03188-18;18;41500.0;30500.0;5;gid://shopify/Product/8612628398375;Anel Especial De Ouro Branco 18K E Diamante Solitario;65;13;0;AN03188;AN03188-18;gid://shopify/ProductVariant/46509285572903;5.0;0.0;True;False
gid://shopify/ProductVariant/46509285605671;AN03188-19;19;41500.0;30500.0;5;gid://shopify/Product/8612628398375;Anel Especial De Ouro Branco 18K E Diamante Solitario;65;13;0;AN03188;AN03188-19;gid://shopify/ProductVariant/46509285605671;5.0;0.0;True;False
gid://shopify/ProductVariant/46509285638439;AN03188-20;20;41500.0;30500.0;5;gid://shopify/Product/8612628398375;Anel Especial De Ouro Branco 18K E Diamante Solitario;65;13;0;AN03188;AN03188-20;gid://shopify/ProductVariant/46509285638439;5.0;0.0;True;False
gid://shopify/ProductVariant/46509285671207;AN03188-21;21;41500.0;30500.0;5;gid://shopify/Product/8612628398375;Anel Especial De Ouro Branco 18K E Diamante Solitario;65;13;0;AN03188;AN03188-21;gid://shopify/ProductVariant/46509285671207;5.0;0.0;True;False
gid://shopify/ProductVariant/46509285703975;AN03188-22;22;41500.0;30500.0;5;gid://shopify/Product/8612628398375;Anel Especial De Ouro Branco 18K E Diamante Solitario;65;13;0;AN03188;AN03188-22;gid://shopify/ProductVariant/46509285703975;5.0;0.0;True;False
gid://shopify/ProductVariant/46509287473447;AN03240-10;10;97900.0;73600.0;0;gid://shopify/Product/8612628693287;Anel Especial De Ouro Branco 18K E Diamante Solitario;1;13;0;AN03240;AN03240-10;gid://shopify/ProductVariant/46509287473447;0.0;0.0;False;False
gid://shopify/ProductVariant/46509287506215;AN03240-11;11;97900.0;73600.0;0;gid://shopify/Product/8612628693287;Anel Especial De Ouro Branco 18K E Diamante Solitario;1;13;0;AN03240;AN03240-11;gid://shopify/ProductVariant/46509287506215;0.0;0.0;False;False
gid://shopify/ProductVariant/46509287538983;AN03240-12;12;97900.0;73600.0;0;gid://shopify/Product/8612628693287;Anel Especial De Ouro Branco 18K E Diamante Solitario;1;13;0;AN03240;AN03240-12;gid://shopify/ProductVariant/46509287538983;0.0;0.0;False;False
gid://shopify/ProductVariant/46509287571751;AN03240-13;13;97900.0;73600.0;0;gid://shopify/Product/8612628693287;Anel Especial De Ouro Branco 18K E Diamante Solitario;1;13;0;AN03240;AN03240-13;gid://shopify/ProductVariant/46509287571751;0.0;0.0;False;False
gid://shopify/ProductVariant/46509287604519;AN03240-14;14;97900.0;73600.0;0;gid://shopify/Product/8612628693287;Anel Especial De Ouro Branco 18K E Diamante Solitario;1;13;0;AN03240;AN03240-14;gid://shopify/ProductVariant/46509287604519;0.0;0.0;False;False
gid://shopify/ProductVariant/46509287637287;AN03240-15;15;97900.0;73600.0;0;gid://shopify/Product/8612628693287;Anel Especial De Ouro Branco 18K E Diamante Solitario;1;13;0;AN03240;AN03240-15;gid://shopify/ProductVariant/46509287637287;0.0;0.0;False;False
gid://shopify/ProductVariant/46509287670055;AN03240-16;16;97900.0;73600.0;0;gid://shopify/Product/8612628693287;Anel Especial De Ouro Branco 18K E Diamante Solitario;1;13;0;AN03240;AN03240-16;gid://shopify/ProductVariant/46509287670055;0.0;0.0;False;False
gid://shopify/ProductVariant/46509287702823;AN03240-17;17;97900.0;73600.0;1;gid://shopify/Product/8612628693287;Anel Especial De Ouro Branco 18K E Diamante Solitario;1;13;0;AN03240;AN03240-17;gid://shopify/ProductVariant/46509287702823;0.0;0.0;False;True
gid://shopify/ProductVariant/46509287735591;AN03240-18;18;97900.0;73600.0;0;gid://shopify/Product/8612628693287;Anel Especial De Ouro Branco 18K E Diamante Solitario;1;13;0;AN03240;AN03240-18;gid://shopify/ProductVariant/46509287735591;0.0;0.0;False;False
gid://shopify/ProductVariant/46509287768359;AN03240-19;19;97900.0;73600.0;0;gid://shopify/Product/8612628693287;Anel Especial De Ouro Branco 18K E Diamante Solitario;1;13;0;AN03240;AN03240-19;gid://shopify/ProductVariant/46509287768359;0.0;0.0;False;False
gid://shopify/ProductVariant/46509287801127;AN03240-20;20;97900.0;73600.0;0;gid://shopify/Product/8612628693287;Anel Especial De Ouro Branco 18K E Diamante Solitario;1;13;0;AN03240;AN03240-20;gid://shopify/ProductVariant/46509287801127;0.0;0.0;False;False
gid://shopify/ProductVariant/46509287833895;AN03240-21;21;97900.0;73600.0;0;gid://shopify/Product/8612628693287;Anel Especial De Ouro Branco 18K E Diamante Solitario;1;13;0;AN03240;AN03240-21;gid://shopify/ProductVariant/46509287833895;0.0;0.0;False;False
gid://shopify/ProductVariant/46509287866663;AN03240-22;22;97900.0;73600.0;0;gid://shopify/Product/8612628693287;Anel Especial De Ouro Branco 18K E Diamante Solitario;1;13;0;AN03240;AN03240-22;gid://shopify/ProductVariant/46509287866663;0.0;0.0;False;False
gid://shopify/ProductVariant/46509292716327;AN03046-10;10;26500.0;26500.0;5;gid://shopify/Product/8612629217575;Anel Lifestyle De Ouro Branco 18K Com Rodio Negro E Diamante;67;13;0;AN03046;AN03046-10;gid://shopify/ProductVariant/46509292716327;5.0;0.0;True;False
gid://shopify/ProductVariant/46509292749095;AN03046-11;11;26500.0;26500.0;5;gid://shopify/Product/8612629217575;Anel Lifestyle De Ouro Branco 18K Com Rodio Negro E Diamante;67;13;0;AN03046;AN03046-11;gid://shopify/ProductVariant/46509292749095;5.0;0.0;True;False
gid://shopify/ProductVariant/46509292781863;AN03046-12;12;26500.0;26500.0;5;gid://shopify/Product/8612629217575;Anel Lifestyle De Ouro Branco 18K Com Rodio Negro E Diamante;67;13;0;AN03046;AN03046-12;gid://shopify/ProductVariant/46509292781863;5.0;0.0;True;False
gid://shopify/ProductVariant/46509292814631;AN03046-13;13;26500.0;26500.0;5;gid://shopify/Product/8612629217575;Anel Lifestyle De Ouro Branco 18K Com Rodio Negro E Diamante;67;13;0;AN03046;AN03046-13;gid://shopify/ProductVariant/46509292814631;5.0;0.0;True;False
gid://shopify/ProductVariant/46509292847399;AN03046-14;14;26500.0;26500.0;5;gid://shopify/Product/8612629217575;Anel Lifestyle De Ouro Branco 18K Com Rodio Negro E Diamante;67;13;0;AN03046;AN03046-14;gid://shopify/ProductVariant/46509292847399;5.0;0.0;True;False
gid://shopify/ProductVariant/46509292880167;AN03046-15;15;26500.0;26500.0;5;gid://shopify/Product/8612629217575;Anel Lifestyle De Ouro Branco 18K Com Rodio Negro E Diamante;67;13;0;AN03046;AN03046-15;gid://shopify/ProductVariant/46509292880167;5.0;0.0;True;False
gid://shopify/ProductVariant/46509292912935;AN03046-16;16;26500.0;26500.0;6;gid://shopify/Product/8612629217575;Anel Lifestyle De Ouro Branco 18K Com Rodio Negro E Diamante;67;13;0;AN03046;AN03046-16;gid://shopify/ProductVariant/46509292912935;5.0;0.0;True;True
gid://shopify/ProductVariant/46509292945703;AN03046-17;17;26500.0;26500.0;6;gid://shopify/Product/8612629217575;Anel Lifestyle De Ouro Branco 18K Com Rodio Negro E Diamante;67;13;0;AN03046;AN03046-17;gid://shopify/ProductVariant/46509292945703;5.0;0.0;True;True
gid://shopify/ProductVariant/46509292978471;AN03046-18;18;26500.0;26500.0;5;gid://shopify/Product/8612629217575;Anel Lifestyle De Ouro Branco 18K Com Rodio Negro E Diamante;67;13;0;AN03046;AN03046-18;gid://shopify/ProductVariant/46509292978471;5.0;0.0;True;False
gid://shopify/ProductVariant/46509293011239;AN03046-19;19;26500.0;26500.0;5;gid://shopify/Product/8612629217575;Anel Lifestyle De Ouro Branco 18K Com Rodio Negro E Diamante;67;13;0;AN03046;AN03046-19;gid://shopify/ProductVariant/46509293011239;5.0;0.0;True;False
gid://shopify/ProductVariant/46509293044007;AN03046-20;20;26500.0;26500.0;5;gid://shopify/Product/8612629217575;Anel Lifestyle De Ouro Branco 18K Com Rodio Negro E Diamante;67;13;0;AN03046;AN03046-20;gid://shopify/ProductVariant/46509293044007;5.0;0.0;True;False
gid://shopify/ProductVariant/46509293076775;AN03046-21;21;26500.0;26500.0;5;gid://shopify/Product/8612629217575;Anel Lifestyle De Ouro Branco 18K Com Rodio Negro E Diamante;67;13;0;AN03046;AN03046-21;gid://shopify/ProductVariant/46509293076775;5.0;0.0;True;False
gid://shopify/ProductVariant/46509293109543;AN03046-22;22;26500.0;26500.0;5;gid://shopify/Product/8612629217575;Anel Lifestyle De Ouro Branco 18K Com Rodio Negro E Diamante;67;13;0;AN03046;AN03046-22;gid://shopify/ProductVariant/46509293109543;5.0;0.0;True;False
gid://shopify/ProductVariant/46509294846247;AN03043-10;10;25500.0;25500.0;5;gid://shopify/Product/8612629381415;Anel Lifestyle De Ouro Branco 18K Com Rodio Negro E Diamante;66;13;1;AN03043;AN03043-10;gid://shopify/ProductVariant/46509294846247;5.0;0.0;True;False
gid://shopify/ProductVariant/46509294879015;AN03043-11;11;25500.0;25500.0;5;gid://shopify/Product/8612629381415;Anel Lifestyle De Ouro Branco 18K Com Rodio Negro E Diamante;66;13;1;AN03043;AN03043-11;gid://shopify/ProductVariant/46509294879015;5.0;0.0;True;False
gid://shopify/ProductVariant/46509294911783;AN03043-12;12;25500.0;25500.0;5;gid://shopify/Product/8612629381415;Anel Lifestyle De Ouro Branco 18K Com Rodio Negro E Diamante;66;13;1;AN03043;AN03043-12;gid://shopify/ProductVariant/46509294911783;5.0;0.0;True;False
gid://shopify/ProductVariant/46509294944551;AN03043-13;13;25500.0;25500.0;5;gid://shopify/Product/8612629381415;Anel Lifestyle De Ouro Branco 18K Com Rodio Negro E Diamante;66;13;1;AN03043;AN03043-13;gid://shopify/ProductVariant/46509294944551;5.0;0.0;True;False
gid://shopify/ProductVariant/46509294977319;AN03043-14;14;25500.0;25500.0;5;gid://shopify/Product/8612629381415;Anel Lifestyle De Ouro Branco 18K Com Rodio Negro E Diamante;66;13;1;AN03043;AN03043-14;gid://shopify/ProductVariant/46509294977319;5.0;0.0;True;False
gid://shopify/ProductVariant/46509295010087;AN03043-15;15;25500.0;25500.0;5;gid://shopify/Product/8612629381415;Anel Lifestyle De Ouro Branco 18K Com Rodio Negro E Diamante;66;13;1;AN03043;AN03043-15;gid://shopify/ProductVariant/46509295010087;5.0;0.0;True;False
gid://shopify/ProductVariant/46509295042855;AN03043-16;16;25500.0;25500.0;6;gid://shopify/Product/8612629381415;Anel Lifestyle De Ouro Branco 18K Com Rodio Negro E Diamante;66;13;1;AN03043;AN03043-16;gid://shopify/ProductVariant/46509295042855;5.0;0.0;True;True
gid://shopify/ProductVariant/46509295075623;AN03043-17;17;25500.0;25500.0;5;gid://shopify/Product/8612629381415;Anel Lifestyle De Ouro Branco 18K Com Rodio Negro E Diamante;66;13;1;AN03043;AN03043-17;gid://shopify/ProductVariant/46509295075623;5.0;0.0;True;False
gid://shopify/ProductVariant/46509295108391;AN03043-18;18;25500.0;25500.0;5;gid://shopify/Product/8612629381415;Anel Lifestyle De Ouro Branco 18K Com Rodio Negro E Diamante;66;13;1;AN03043;AN03043-18;gid://shopify/ProductVariant/46509295108391;5.0;0.0;True;False
gid://shopify/ProductVariant/46509295141159;AN03043-19;19;25500.0;25500.0;5;gid://shopify/Product/8612629381415;Anel Lifestyle De Ouro Branco 18K Com Rodio Negro E Diamante;66;13;1;AN03043;AN03043-19;gid://shopify/ProductVariant/46509295141159;5.0;0.0;True;False
gid://shopify/ProductVariant/46509295173927;AN03043-20;20;25500.0;25500.0;5;gid://shopify/Product/8612629381415;Anel Lifestyle De Ouro Branco 18K Com Rodio Negro E Diamante;66;13;1;AN03043;AN03043-20;gid://shopify/ProductVariant/46509295173927;5.0;0.0;True;False
gid://shopify/ProductVariant/46509295206695;AN03043-21;21;25500.0;25500.0;5;gid://shopify/Product/8612629381415;Anel Lifestyle De Ouro Branco 18K Com Rodio Negro E Diamante;66;13;1;AN03043;AN03043-21;gid://shopify/ProductVariant/46509295206695;5.0;0.0;True;False
gid://shopify/ProductVariant/46509295239463;AN03043-22;22;25500.0;25500.0;5;gid://shopify/Product/8612629381415;Anel Lifestyle De Ouro Branco 18K Com Rodio Negro E Diamante;66;13;1;AN03043;AN03043-22;gid://shopify/ProductVariant/46509295239463;5.0;0.0;True;False
gid://shopify/ProductVariant/46509297303847;AN02803-10;10;13900.0;13900.0;0;gid://shopify/Product/8612629709095;Anel Maes 2013 De Ouro Branco 18K Com Rodio Negro E Diamante E Safira;1;13;0;AN02803;AN02803-10;gid://shopify/ProductVariant/46509297303847;0.0;0.0;False;False
gid://shopify/ProductVariant/46509297336615;AN02803-11;11;13900.0;13900.0;0;gid://shopify/Product/8612629709095;Anel Maes 2013 De Ouro Branco 18K Com Rodio Negro E Diamante E Safira;1;13;0;AN02803;AN02803-11;gid://shopify/ProductVariant/46509297336615;0.0;0.0;False;False
gid://shopify/ProductVariant/46509297369383;AN02803-12;12;13900.0;13900.0;0;gid://shopify/Product/8612629709095;Anel Maes 2013 De Ouro Branco 18K Com Rodio Negro E Diamante E Safira;1;13;0;AN02803;AN02803-12;gid://shopify/ProductVariant/46509297369383;0.0;0.0;False;False
gid://shopify/ProductVariant/46509297402151;AN02803-13;13;13900.0;13900.0;0;gid://shopify/Product/8612629709095;Anel Maes 2013 De Ouro Branco 18K Com Rodio Negro E Diamante E Safira;1;13;0;AN02803;AN02803-13;gid://shopify/ProductVariant/46509297402151;0.0;0.0;False;False
gid://shopify/ProductVariant/46509297434919;AN02803-14;14;13900.0;13900.0;0;gid://shopify/Product/8612629709095;Anel Maes 2013 De Ouro Branco 18K Com Rodio Negro E Diamante E Safira;1;13;0;AN02803;AN02803-14;gid://shopify/ProductVariant/46509297434919;0.0;0.0;False;False
gid://shopify/ProductVariant/46509297467687;AN02803-15;15;13900.0;13900.0;0;gid://shopify/Product/8612629709095;Anel Maes 2013 De Ouro Branco 18K Com Rodio Negro E Diamante E Safira;1;13;0;AN02803;AN02803-15;gid://shopify/ProductVariant/46509297467687;0.0;0.0;False;False
gid://shopify/ProductVariant/46509297500455;AN02803-16;16;13900.0;13900.0;0;gid://shopify/Product/8612629709095;Anel Maes 2013 De Ouro Branco 18K Com Rodio Negro E Diamante E Safira;1;13;0;AN02803;AN02803-16;gid://shopify/ProductVariant/46509297500455;0.0;0.0;False;False
gid://shopify/ProductVariant/46509297533223;AN02803-17;17;13900.0;13900.0;0;gid://shopify/Product/8612629709095;Anel Maes 2013 De Ouro Branco 18K Com Rodio Negro E Diamante E Safira;1;13;0;AN02803;AN02803-17;gid://shopify/ProductVariant/46509297533223;0.0;0.0;False;False
gid://shopify/ProductVariant/46509297565991;AN02803-18;18;13900.0;13900.0;1;gid://shopify/Product/8612629709095;Anel Maes 2013 De Ouro Branco 18K Com Rodio Negro E Diamante E Safira;1;13;0;AN02803;AN02803-18;gid://shopify/ProductVariant/46509297565991;0.0;0.0;False;True
gid://shopify/ProductVariant/46509297598759;AN02803-19;19;13900.0;13900.0;0;gid://shopify/Product/8612629709095;Anel Maes 2013 De Ouro Branco 18K Com Rodio Negro E Diamante E Safira;1;13;0;AN02803;AN02803-19;gid://shopify/ProductVariant/46509297598759;0.0;0.0;False;False
gid://shopify/ProductVariant/46509297631527;AN02803-20;20;13900.0;13900.0;0;gid://shopify/Product/8612629709095;Anel Maes 2013 De Ouro Branco 18K Com Rodio Negro E Diamante E Safira;1;13;0;AN02803;AN02803-20;gid://shopify/ProductVariant/46509297631527;0.0;0.0;False;False
gid://shopify/ProductVariant/46509297664295;AN02803-21;21;13900.0;13900.0;0;gid://shopify/Product/8612629709095;Anel Maes 2013 De Ouro Branco 18K Com Rodio Negro E Diamante E Safira;1;13;0;AN02803;AN02803-21;gid://shopify/ProductVariant/46509297664295;0.0;0.0;False;False
gid://shopify/ProductVariant/46509297697063;AN02803-22;22;13900.0;13900.0;0;gid://shopify/Product/8612629709095;Anel Maes 2013 De Ouro Branco 18K Com Rodio Negro E Diamante E Safira;1;13;0;AN02803;AN02803-22;gid://shopify/ProductVariant/46509297697063;0.0;0.0;False;False
gid://shopify/ProductVariant/46509301301543;AN03088-10;10;16500.0;16500.0;0;gid://shopify/Product/8612630036775;Anel Maes 2013 De Ouro Branco 18K Com Rodio Negro E Diamante E Esmeralda;1;13;1;AN03088;AN03088-10;gid://shopify/ProductVariant/46509301301543;0.0;0.0;False;False
gid://shopify/ProductVariant/46509301334311;AN03088-11;11;16500.0;16500.0;0;gid://shopify/Product/8612630036775;Anel Maes 2013 De Ouro Branco 18K Com Rodio Negro E Diamante E Esmeralda;1;13;1;AN03088;AN03088-11;gid://shopify/ProductVariant/46509301334311;0.0;0.0;False;False
gid://shopify/ProductVariant/46509301367079;AN03088-12;12;16500.0;16500.0;0;gid://shopify/Product/8612630036775;Anel Maes 2013 De Ouro Branco 18K Com Rodio Negro E Diamante E Esmeralda;1;13;1;AN03088;AN03088-12;gid://shopify/ProductVariant/46509301367079;0.0;0.0;False;False
gid://shopify/ProductVariant/46509301399847;AN03088-13;13;16500.0;16500.0;0;gid://shopify/Product/8612630036775;Anel Maes 2013 De Ouro Branco 18K Com Rodio Negro E Diamante E Esmeralda;1;13;1;AN03088;AN03088-13;gid://shopify/ProductVariant/46509301399847;0.0;0.0;False;False
gid://shopify/ProductVariant/46509301432615;AN03088-14;14;16500.0;16500.0;0;gid://shopify/Product/8612630036775;Anel Maes 2013 De Ouro Branco 18K Com Rodio Negro E Diamante E Esmeralda;1;13;1;AN03088;AN03088-14;gid://shopify/ProductVariant/46509301432615;0.0;0.0;False;False
gid://shopify/ProductVariant/46509301465383;AN03088-15;15;16500.0;16500.0;0;gid://shopify/Product/8612630036775;Anel Maes 2013 De Ouro Branco 18K Com Rodio Negro E Diamante E Esmeralda;1;13;1;AN03088;AN03088-15;gid://shopify/ProductVariant/46509301465383;0.0;0.0;False;False
gid://shopify/ProductVariant/46509301498151;AN03088-16;16;16500.0;16500.0;0;gid://shopify/Product/8612630036775;Anel Maes 2013 De Ouro Branco 18K Com Rodio Negro E Diamante E Esmeralda;1;13;1;AN03088;AN03088-16;gid://shopify/ProductVariant/46509301498151;0.0;0.0;False;False
gid://shopify/ProductVariant/46509301530919;AN03088-17;17;16500.0;16500.0;1;gid://shopify/Product/8612630036775;Anel Maes 2013 De Ouro Branco 18K Com Rodio Negro E Diamante E Esmeralda;1;13;1;AN03088;AN03088-17;gid://shopify/ProductVariant/46509301530919;0.0;0.0;False;True
gid://shopify/ProductVariant/46509301563687;AN03088-18;18;16500.0;16500.0;0;gid://shopify/Product/8612630036775;Anel Maes 2013 De Ouro Branco 18K Com Rodio Negro E Diamante E Esmeralda;1;13;1;AN03088;AN03088-18;gid://shopify/ProductVariant/46509301563687;0.0;0.0;False;False
gid://shopify/ProductVariant/46509301596455;AN03088-19;19;16500.0;16500.0;0;gid://shopify/Product/8612630036775;Anel Maes 2013 De Ouro Branco 18K Com Rodio Negro E Diamante E Esmeralda;1;13;1;AN03088;AN03088-19;gid://shopify/ProductVariant/46509301596455;0.0;0.0;False;False
gid://shopify/ProductVariant/46509301629223;AN03088-20;20;16500.0;16500.0;0;gid://shopify/Product/8612630036775;Anel Maes 2013 De Ouro Branco 18K Com Rodio Negro E Diamante E Esmeralda;1;13;1;AN03088;AN03088-20;gid://shopify/ProductVariant/46509301629223;0.0;0.0;False;False
gid://shopify/ProductVariant/46509301661991;AN03088-21;21;16500.0;16500.0;0;gid://shopify/Product/8612630036775;Anel Maes 2013 De Ouro Branco 18K Com Rodio Negro E Diamante E Esmeralda;1;13;1;AN03088;AN03088-21;gid://shopify/ProductVariant/46509301661991;0.0;0.0;False;False
gid://shopify/ProductVariant/46509301694759;AN03088-22;22;16500.0;16500.0;0;gid://shopify/Product/8612630036775;Anel Maes 2013 De Ouro Branco 18K Com Rodio Negro E Diamante E Esmeralda;1;13;1;AN03088;AN03088-22;gid://shopify/ProductVariant/46509301694759;0.0;0.0;False;False
gid://shopify/ProductVariant/46509307461927;AN03197-10;10;24500.0;24500.0;0;gid://shopify/Product/8612630397223;Anel Maes 2013 De Ouro Branco 18K Com Rodio Negro E Diamante E Safira;1;13;0;AN03197;AN03197-10;gid://shopify/ProductVariant/46509307461927;0.0;0.0;False;False
gid://shopify/ProductVariant/46509307494695;AN03197-11;11;24500.0;24500.0;0;gid://shopify/Product/8612630397223;Anel Maes 2013 De Ouro Branco 18K Com Rodio Negro E Diamante E Safira;1;13;0;AN03197;AN03197-11;gid://shopify/ProductVariant/46509307494695;0.0;0.0;False;False
gid://shopify/ProductVariant/46509307527463;AN03197-12;12;24500.0;24500.0;0;gid://shopify/Product/8612630397223;Anel Maes 2013 De Ouro Branco 18K Com Rodio Negro E Diamante E Safira;1;13;0;AN03197;AN03197-12;gid://shopify/ProductVariant/46509307527463;0.0;0.0;False;False
gid://shopify/ProductVariant/46509307560231;AN03197-13;13;24500.0;24500.0;0;gid://shopify/Product/8612630397223;Anel Maes 2013 De Ouro Branco 18K Com Rodio Negro E Diamante E Safira;1;13;0;AN03197;AN03197-13;gid://shopify/ProductVariant/46509307560231;0.0;0.0;False;False
gid://shopify/ProductVariant/46509307592999;AN03197-14;14;24500.0;24500.0;0;gid://shopify/Product/8612630397223;Anel Maes 2013 De Ouro Branco 18K Com Rodio Negro E Diamante E Safira;1;13;0;AN03197;AN03197-14;gid://shopify/ProductVariant/46509307592999;0.0;0.0;False;False
gid://shopify/ProductVariant/46509307625767;AN03197-15;15;24500.0;24500.0;1;gid://shopify/Product/8612630397223;Anel Maes 2013 De Ouro Branco 18K Com Rodio Negro E Diamante E Safira;1;13;0;AN03197;AN03197-15;gid://shopify/ProductVariant/46509307625767;0.0;0.0;False;True
gid://shopify/ProductVariant/46509307658535;AN03197-16;16;24500.0;24500.0;0;gid://shopify/Product/8612630397223;Anel Maes 2013 De Ouro Branco 18K Com Rodio Negro E Diamante E Safira;1;13;0;AN03197;AN03197-16;gid://shopify/ProductVariant/46509307658535;0.0;0.0;False;False
gid://shopify/ProductVariant/46509307691303;AN03197-17;17;24500.0;24500.0;0;gid://shopify/Product/8612630397223;Anel Maes 2013 De Ouro Branco 18K Com Rodio Negro E Diamante E Safira;1;13;0;AN03197;AN03197-17;gid://shopify/ProductVariant/46509307691303;0.0;0.0;False;False
gid://shopify/ProductVariant/46509307724071;AN03197-18;18;24500.0;24500.0;0;gid://shopify/Product/8612630397223;Anel Maes 2013 De Ouro Branco 18K Com Rodio Negro E Diamante E Safira;1;13;0;AN03197;AN03197-18;gid://shopify/ProductVariant/46509307724071;0.0;0.0;False;False
gid://shopify/ProductVariant/46509307756839;AN03197-19;19;24500.0;24500.0;0;gid://shopify/Product/8612630397223;Anel Maes 2013 De Ouro Branco 18K Com Rodio Negro E Diamante E Safira;1;13;0;AN03197;AN03197-19;gid://shopify/ProductVariant/46509307756839;0.0;0.0;False;False
gid://shopify/ProductVariant/46509307789607;AN03197-20;20;24500.0;24500.0;0;gid://shopify/Product/8612630397223;Anel Maes 2013 De Ouro Branco 18K Com Rodio Negro E Diamante E Safira;1;13;0;AN03197;AN03197-20;gid://shopify/ProductVariant/46509307789607;0.0;0.0;False;False
gid://shopify/ProductVariant/46509307822375;AN03197-21;21;24500.0;24500.0;0;gid://shopify/Product/8612630397223;Anel Maes 2013 De Ouro Branco 18K Com Rodio Negro E Diamante E Safira;1;13;0;AN03197;AN03197-21;gid://shopify/ProductVariant/46509307822375;0.0;0.0;False;False
gid://shopify/ProductVariant/46509307855143;AN03197-22;22;24500.0;24500.0;0;gid://shopify/Product/8612630397223;Anel Maes 2013 De Ouro Branco 18K Com Rodio Negro E Diamante E Safira;1;13;0;AN03197;AN03197-22;gid://shopify/ProductVariant/46509307855143;0.0;0.0;False;False
gid://shopify/ProductVariant/46509308412199;AN03198-10;10;21900.0;21900.0;0;gid://shopify/Product/8612630626599;Anel Maes 2013 De Ouro Branco 18K Com Rodio Negro E Diamante E Safira;1;13;1;AN03198;AN03198-10;gid://shopify/ProductVariant/46509308412199;0.0;0.0;False;False
gid://shopify/ProductVariant/46509308444967;AN03198-11;11;21900.0;21900.0;0;gid://shopify/Product/8612630626599;Anel Maes 2013 De Ouro Branco 18K Com Rodio Negro E Diamante E Safira;1;13;1;AN03198;AN03198-11;gid://shopify/ProductVariant/46509308444967;0.0;0.0;False;False
gid://shopify/ProductVariant/46509308477735;AN03198-12;12;21900.0;21900.0;0;gid://shopify/Product/8612630626599;Anel Maes 2013 De Ouro Branco 18K Com Rodio Negro E Diamante E Safira;1;13;1;AN03198;AN03198-12;gid://shopify/ProductVariant/46509308477735;0.0;0.0;False;False
gid://shopify/ProductVariant/46509308510503;AN03198-13;13;21900.0;21900.0;0;gid://shopify/Product/8612630626599;Anel Maes 2013 De Ouro Branco 18K Com Rodio Negro E Diamante E Safira;1;13;1;AN03198;AN03198-13;gid://shopify/ProductVariant/46509308510503;0.0;0.0;False;False
gid://shopify/ProductVariant/46509308543271;AN03198-14;14;21900.0;21900.0;1;gid://shopify/Product/8612630626599;Anel Maes 2013 De Ouro Branco 18K Com Rodio Negro E Diamante E Safira;1;13;1;AN03198;AN03198-14;gid://shopify/ProductVariant/46509308543271;0.0;0.0;False;True
gid://shopify/ProductVariant/46509308576039;AN03198-15;15;21900.0;21900.0;0;gid://shopify/Product/8612630626599;Anel Maes 2013 De Ouro Branco 18K Com Rodio Negro E Diamante E Safira;1;13;1;AN03198;AN03198-15;gid://shopify/ProductVariant/46509308576039;0.0;0.0;False;False
gid://shopify/ProductVariant/46509308608807;AN03198-16;16;21900.0;21900.0;0;gid://shopify/Product/8612630626599;Anel Maes 2013 De Ouro Branco 18K Com Rodio Negro E Diamante E Safira;1;13;1;AN03198;AN03198-16;gid://shopify/ProductVariant/46509308608807;0.0;0.0;False;False
gid://shopify/ProductVariant/46509308641575;AN03198-17;17;21900.0;21900.0;0;gid://shopify/Product/8612630626599;Anel Maes 2013 De Ouro Branco 18K Com Rodio Negro E Diamante E Safira;1;13;1;AN03198;AN03198-17;gid://shopify/ProductVariant/46509308641575;0.0;0.0;False;False
gid://shopify/ProductVariant/46509308674343;AN03198-18;18;21900.0;21900.0;0;gid://shopify/Product/8612630626599;Anel Maes 2013 De Ouro Branco 18K Com Rodio Negro E Diamante E Safira;1;13;1;AN03198;AN03198-18;gid://shopify/ProductVariant/46509308674343;0.0;0.0;False;False
gid://shopify/ProductVariant/46509308707111;AN03198-19;19;21900.0;21900.0;0;gid://shopify/Product/8612630626599;Anel Maes 2013 De Ouro Branco 18K Com Rodio Negro E Diamante E Safira;1;13;1;AN03198;AN03198-19;gid://shopify/ProductVariant/46509308707111;0.0;0.0;False;False
gid://shopify/ProductVariant/46509308739879;AN03198-20;20;21900.0;21900.0;0;gid://shopify/Product/8612630626599;Anel Maes 2013 De Ouro Branco 18K Com Rodio Negro E Diamante E Safira;1;13;1;AN03198;AN03198-20;gid://shopify/ProductVariant/46509308739879;0.0;0.0;False;False
gid://shopify/ProductVariant/46509308772647;AN03198-21;21;21900.0;21900.0;0;gid://shopify/Product/8612630626599;Anel Maes 2013 De Ouro Branco 18K Com Rodio Negro E Diamante E Safira;1;13;1;AN03198;AN03198-21;gid://shopify/ProductVariant/46509308772647;0.0;0.0;False;False
gid://shopify/ProductVariant/46509308805415;AN03198-22;22;21900.0;21900.0;0;gid://shopify/Product/8612630626599;Anel Maes 2013 De Ouro Branco 18K Com Rodio Negro E Diamante E Safira;1;13;1;AN03198;AN03198-22;gid://shopify/ProductVariant/46509308805415;0.0;0.0;False;False
gid://shopify/ProductVariant/46509309985063;AN03323-10;10;21500.0;21500.0;0;gid://shopify/Product/8612630921511;Anel Maes 2013 De Ouro Branco 18K Com Rodio Negro E Diamante E Safira;1;13;1;AN03323;AN03323-10;gid://shopify/ProductVariant/46509309985063;0.0;0.0;False;False
gid://shopify/ProductVariant/46509310017831;AN03323-11;11;21500.0;21500.0;0;gid://shopify/Product/8612630921511;Anel Maes 2013 De Ouro Branco 18K Com Rodio Negro E Diamante E Safira;1;13;1;AN03323;AN03323-11;gid://shopify/ProductVariant/46509310017831;0.0;0.0;False;False
gid://shopify/ProductVariant/46509310050599;AN03323-12;12;21500.0;21500.0;0;gid://shopify/Product/8612630921511;Anel Maes 2013 De Ouro Branco 18K Com Rodio Negro E Diamante E Safira;1;13;1;AN03323;AN03323-12;gid://shopify/ProductVariant/46509310050599;0.0;0.0;False;False
gid://shopify/ProductVariant/46509310083367;AN03323-13;13;21500.0;21500.0;0;gid://shopify/Product/8612630921511;Anel Maes 2013 De Ouro Branco 18K Com Rodio Negro E Diamante E Safira;1;13;1;AN03323;AN03323-13;gid://shopify/ProductVariant/46509310083367;0.0;0.0;False;False
gid://shopify/ProductVariant/46509310116135;AN03323-14;14;21500.0;21500.0;0;gid://shopify/Product/8612630921511;Anel Maes 2013 De Ouro Branco 18K Com Rodio Negro E Diamante E Safira;1;13;1;AN03323;AN03323-14;gid://shopify/ProductVariant/46509310116135;0.0;0.0;False;False
gid://shopify/ProductVariant/46509310148903;AN03323-15;15;21500.0;21500.0;0;gid://shopify/Product/8612630921511;Anel Maes 2013 De Ouro Branco 18K Com Rodio Negro E Diamante E Safira;1;13;1;AN03323;AN03323-15;gid://shopify/ProductVariant/46509310148903;0.0;0.0;False;False
gid://shopify/ProductVariant/46509310181671;AN03323-16;16;21500.0;21500.0;1;gid://shopify/Product/8612630921511;Anel Maes 2013 De Ouro Branco 18K Com Rodio Negro E Diamante E Safira;1;13;1;AN03323;AN03323-16;gid://shopify/ProductVariant/46509310181671;0.0;0.0;False;True
gid://shopify/ProductVariant/46509310214439;AN03323-17;17;21500.0;21500.0;0;gid://shopify/Product/8612630921511;Anel Maes 2013 De Ouro Branco 18K Com Rodio Negro E Diamante E Safira;1;13;1;AN03323;AN03323-17;gid://shopify/ProductVariant/46509310214439;0.0;0.0;False;False
gid://shopify/ProductVariant/46509310247207;AN03323-18;18;21500.0;21500.0;0;gid://shopify/Product/8612630921511;Anel Maes 2013 De Ouro Branco 18K Com Rodio Negro E Diamante E Safira;1;13;1;AN03323;AN03323-18;gid://shopify/ProductVariant/46509310247207;0.0;0.0;False;False
gid://shopify/ProductVariant/46509310279975;AN03323-19;19;21500.0;21500.0;0;gid://shopify/Product/8612630921511;Anel Maes 2013 De Ouro Branco 18K Com Rodio Negro E Diamante E Safira;1;13;1;AN03323;AN03323-19;gid://shopify/ProductVariant/46509310279975;0.0;0.0;False;False
gid://shopify/ProductVariant/46509310312743;AN03323-20;20;21500.0;21500.0;0;gid://shopify/Product/8612630921511;Anel Maes 2013 De Ouro Branco 18K Com Rodio Negro E Diamante E Safira;1;13;1;AN03323;AN03323-20;gid://shopify/ProductVariant/46509310312743;0.0;0.0;False;False
gid://shopify/ProductVariant/46509310345511;AN03323-21;21;21500.0;21500.0;0;gid://shopify/Product/8612630921511;Anel Maes 2013 De Ouro Branco 18K Com Rodio Negro E Diamante E Safira;1;13;1;AN03323;AN03323-21;gid://shopify/ProductVariant/46509310345511;0.0;0.0;False;False
gid://shopify/ProductVariant/46509310378279;AN03323-22;22;21500.0;21500.0;0;gid://shopify/Product/8612630921511;Anel Maes 2013 De Ouro Branco 18K Com Rodio Negro E Diamante E Safira;1;13;1;AN03323;AN03323-22;gid://shopify/ProductVariant/46509310378279;0.0;0.0;False;False
gid://shopify/ProductVariant/46509313261863;AN03324-10;10;17500.0;14800.0;0;gid://shopify/Product/8612631150887;Anel Maes 2013 De Ouro Branco 18K Com Rodio Negro E Diamante E Safira;0;13;0;AN03324;AN03324-10;gid://shopify/ProductVariant/46509313261863;0.0;0.0;False;False
gid://shopify/ProductVariant/46509313360167;AN03324-11;11;17500.0;14800.0;0;gid://shopify/Product/8612631150887;Anel Maes 2013 De Ouro Branco 18K Com Rodio Negro E Diamante E Safira;0;13;0;AN03324;AN03324-11;gid://shopify/ProductVariant/46509313360167;0.0;0.0;False;False
gid://shopify/ProductVariant/46509313425703;AN03324-12;12;17500.0;14800.0;0;gid://shopify/Product/8612631150887;Anel Maes 2013 De Ouro Branco 18K Com Rodio Negro E Diamante E Safira;0;13;0;AN03324;AN03324-12;gid://shopify/ProductVariant/46509313425703;0.0;0.0;False;False
gid://shopify/ProductVariant/46509313524007;AN03324-13;13;17500.0;14800.0;0;gid://shopify/Product/8612631150887;Anel Maes 2013 De Ouro Branco 18K Com Rodio Negro E Diamante E Safira;0;13;0;AN03324;AN03324-13;gid://shopify/ProductVariant/46509313524007;0.0;0.0;False;False
gid://shopify/ProductVariant/46509313622311;AN03324-14;14;17500.0;14800.0;0;gid://shopify/Product/8612631150887;Anel Maes 2013 De Ouro Branco 18K Com Rodio Negro E Diamante E Safira;0;13;0;AN03324;AN03324-14;gid://shopify/ProductVariant/46509313622311;0.0;0.0;False;False
gid://shopify/ProductVariant/46509313687847;AN03324-15;15;17500.0;14800.0;0;gid://shopify/Product/8612631150887;Anel Maes 2013 De Ouro Branco 18K Com Rodio Negro E Diamante E Safira;0;13;0;AN03324;AN03324-15;gid://shopify/ProductVariant/46509313687847;0.0;0.0;False;False
gid://shopify/ProductVariant/46509313786151;AN03324-16;16;17500.0;14800.0;0;gid://shopify/Product/8612631150887;Anel Maes 2013 De Ouro Branco 18K Com Rodio Negro E Diamante E Safira;0;13;0;AN03324;AN03324-16;gid://shopify/ProductVariant/46509313786151;0.0;0.0;False;False
gid://shopify/ProductVariant/46509313917223;AN03324-17;17;17500.0;14800.0;0;gid://shopify/Product/8612631150887;Anel Maes 2013 De Ouro Branco 18K Com Rodio Negro E Diamante E Safira;0;13;0;AN03324;AN03324-17;gid://shopify/ProductVariant/46509313917223;0.0;0.0;False;False
gid://shopify/ProductVariant/46509313949991;AN03324-18;18;17500.0;14800.0;0;gid://shopify/Product/8612631150887;Anel Maes 2013 De Ouro Branco 18K Com Rodio Negro E Diamante E Safira;0;13;0;AN03324;AN03324-18;gid://shopify/ProductVariant/46509313949991;0.0;0.0;False;False
gid://shopify/ProductVariant/46509314015527;AN03324-19;19;17500.0;14800.0;0;gid://shopify/Product/8612631150887;Anel Maes 2013 De Ouro Branco 18K Com Rodio Negro E Diamante E Safira;0;13;0;AN03324;AN03324-19;gid://shopify/ProductVariant/46509314015527;0.0;0.0;False;False
gid://shopify/ProductVariant/46509314113831;AN03324-20;20;17500.0;14800.0;0;gid://shopify/Product/8612631150887;Anel Maes 2013 De Ouro Branco 18K Com Rodio Negro E Diamante E Safira;0;13;0;AN03324;AN03324-20;gid://shopify/ProductVariant/46509314113831;0.0;0.0;False;False
gid://shopify/ProductVariant/46509314146599;AN03324-21;21;17500.0;14800.0;0;gid://shopify/Product/8612631150887;Anel Maes 2013 De Ouro Branco 18K Com Rodio Negro E Diamante E Safira;0;13;0;AN03324;AN03324-21;gid://shopify/ProductVariant/46509314146599;0.0;0.0;False;False
gid://shopify/ProductVariant/46509314212135;AN03324-22;22;17500.0;14800.0;0;gid://shopify/Product/8612631150887;Anel Maes 2013 De Ouro Branco 18K Com Rodio Negro E Diamante E Safira;0;13;0;AN03324;AN03324-22;gid://shopify/ProductVariant/46509314212135;0.0;0.0;False;False
gid://shopify/ProductVariant/46509315719463;AN03522-10;10;37000.0;37000.0;0;gid://shopify/Product/8612631380263;Anel Pura De Ouro Branco 18K Com Rodio Negro E Rubi;0;13;0;AN03522;AN03522-10;gid://shopify/ProductVariant/46509315719463;0.0;0.0;False;False
gid://shopify/ProductVariant/46509315752231;AN03522-11;11;37000.0;37000.0;0;gid://shopify/Product/8612631380263;Anel Pura De Ouro Branco 18K Com Rodio Negro E Rubi;0;13;0;AN03522;AN03522-11;gid://shopify/ProductVariant/46509315752231;0.0;0.0;False;False
gid://shopify/ProductVariant/46509315784999;AN03522-12;12;37000.0;37000.0;0;gid://shopify/Product/8612631380263;Anel Pura De Ouro Branco 18K Com Rodio Negro E Rubi;0;13;0;AN03522;AN03522-12;gid://shopify/ProductVariant/46509315784999;0.0;0.0;False;False
gid://shopify/ProductVariant/46509315817767;AN03522-13;13;37000.0;37000.0;0;gid://shopify/Product/8612631380263;Anel Pura De Ouro Branco 18K Com Rodio Negro E Rubi;0;13;0;AN03522;AN03522-13;gid://shopify/ProductVariant/46509315817767;0.0;0.0;False;False
gid://shopify/ProductVariant/46509315850535;AN03522-14;14;37000.0;37000.0;0;gid://shopify/Product/8612631380263;Anel Pura De Ouro Branco 18K Com Rodio Negro E Rubi;0;13;0;AN03522;AN03522-14;gid://shopify/ProductVariant/46509315850535;0.0;0.0;False;False
gid://shopify/ProductVariant/46509315883303;AN03522-15;15;37000.0;37000.0;0;gid://shopify/Product/8612631380263;Anel Pura De Ouro Branco 18K Com Rodio Negro E Rubi;0;13;0;AN03522;AN03522-15;gid://shopify/ProductVariant/46509315883303;0.0;0.0;False;False
gid://shopify/ProductVariant/46509315916071;AN03522-16;16;37000.0;37000.0;0;gid://shopify/Product/8612631380263;Anel Pura De Ouro Branco 18K Com Rodio Negro E Rubi;0;13;0;AN03522;AN03522-16;gid://shopify/ProductVariant/46509315916071;0.0;0.0;False;False
gid://shopify/ProductVariant/46509315948839;AN03522-17;17;37000.0;37000.0;0;gid://shopify/Product/8612631380263;Anel Pura De Ouro Branco 18K Com Rodio Negro E Rubi;0;13;0;AN03522;AN03522-17;gid://shopify/ProductVariant/46509315948839;0.0;0.0;False;False
gid://shopify/ProductVariant/46509315981607;AN03522-18;18;37000.0;37000.0;0;gid://shopify/Product/8612631380263;Anel Pura De Ouro Branco 18K Com Rodio Negro E Rubi;0;13;0;AN03522;AN03522-18;gid://shopify/ProductVariant/46509315981607;0.0;0.0;False;False
gid://shopify/ProductVariant/46509316014375;AN03522-19;19;37000.0;37000.0;0;gid://shopify/Product/8612631380263;Anel Pura De Ouro Branco 18K Com Rodio Negro E Rubi;0;13;0;AN03522;AN03522-19;gid://shopify/ProductVariant/46509316014375;0.0;0.0;False;False
gid://shopify/ProductVariant/46509316047143;AN03522-20;20;37000.0;37000.0;0;gid://shopify/Product/8612631380263;Anel Pura De Ouro Branco 18K Com Rodio Negro E Rubi;0;13;0;AN03522;AN03522-20;gid://shopify/ProductVariant/46509316047143;0.0;0.0;False;False
gid://shopify/ProductVariant/46509316079911;AN03522-21;21;37000.0;37000.0;0;gid://shopify/Product/8612631380263;Anel Pura De Ouro Branco 18K Com Rodio Negro E Rubi;0;13;0;AN03522;AN03522-21;gid://shopify/ProductVariant/46509316079911;0.0;0.0;False;False
gid://shopify/ProductVariant/46509316112679;AN03522-22;22;37000.0;37000.0;0;gid://shopify/Product/8612631380263;Anel Pura De Ouro Branco 18K Com Rodio Negro E Rubi;0;13;0;AN03522;AN03522-22;gid://shopify/ProductVariant/46509316112679;0.0;0.0;False;False
gid://shopify/ProductVariant/46509316669735;AN03459-10;10;18500.0;16000.0;5;gid://shopify/Product/8612631642407;Anel Rock Star De Ouro Branco 18K Com Rodio Negro E Diamante E Safira - G;65;13;0;AN03459;AN03459-10;gid://shopify/ProductVariant/46509316669735;5.0;0.0;True;False
gid://shopify/ProductVariant/46509316702503;AN03459-11;11;18500.0;16000.0;5;gid://shopify/Product/8612631642407;Anel Rock Star De Ouro Branco 18K Com Rodio Negro E Diamante E Safira - G;65;13;0;AN03459;AN03459-11;gid://shopify/ProductVariant/46509316702503;5.0;0.0;True;False
gid://shopify/ProductVariant/46509316735271;AN03459-12;12;18500.0;16000.0;5;gid://shopify/Product/8612631642407;Anel Rock Star De Ouro Branco 18K Com Rodio Negro E Diamante E Safira - G;65;13;0;AN03459;AN03459-12;gid://shopify/ProductVariant/46509316735271;5.0;0.0;True;False
gid://shopify/ProductVariant/46509316768039;AN03459-13;13;18500.0;16000.0;5;gid://shopify/Product/8612631642407;Anel Rock Star De Ouro Branco 18K Com Rodio Negro E Diamante E Safira - G;65;13;0;AN03459;AN03459-13;gid://shopify/ProductVariant/46509316768039;5.0;0.0;True;False
gid://shopify/ProductVariant/46509316800807;AN03459-14;14;18500.0;16000.0;5;gid://shopify/Product/8612631642407;Anel Rock Star De Ouro Branco 18K Com Rodio Negro E Diamante E Safira - G;65;13;0;AN03459;AN03459-14;gid://shopify/ProductVariant/46509316800807;5.0;0.0;True;False
gid://shopify/ProductVariant/46509316833575;AN03459-15;15;18500.0;16000.0;5;gid://shopify/Product/8612631642407;Anel Rock Star De Ouro Branco 18K Com Rodio Negro E Diamante E Safira - G;65;13;0;AN03459;AN03459-15;gid://shopify/ProductVariant/46509316833575;5.0;0.0;True;False
gid://shopify/ProductVariant/46509316866343;AN03459-16;16;18500.0;16000.0;5;gid://shopify/Product/8612631642407;Anel Rock Star De Ouro Branco 18K Com Rodio Negro E Diamante E Safira - G;65;13;0;AN03459;AN03459-16;gid://shopify/ProductVariant/46509316866343;5.0;0.0;True;False
gid://shopify/ProductVariant/46509316899111;AN03459-17;17;18500.0;16000.0;5;gid://shopify/Product/8612631642407;Anel Rock Star De Ouro Branco 18K Com Rodio Negro E Diamante E Safira - G;65;13;0;AN03459;AN03459-17;gid://shopify/ProductVariant/46509316899111;5.0;0.0;True;False
gid://shopify/ProductVariant/46509316931879;AN03459-18;18;18500.0;16000.0;5;gid://shopify/Product/8612631642407;Anel Rock Star De Ouro Branco 18K Com Rodio Negro E Diamante E Safira - G;65;13;0;AN03459;AN03459-18;gid://shopify/ProductVariant/46509316931879;5.0;0.0;True;False
gid://shopify/ProductVariant/46509316964647;AN03459-19;19;18500.0;16000.0;5;gid://shopify/Product/8612631642407;Anel Rock Star De Ouro Branco 18K Com Rodio Negro E Diamante E Safira - G;65;13;0;AN03459;AN03459-19;gid://shopify/ProductVariant/46509316964647;5.0;0.0;True;False
gid://shopify/ProductVariant/46509316997415;AN03459-20;20;18500.0;16000.0;5;gid://shopify/Product/8612631642407;Anel Rock Star De Ouro Branco 18K Com Rodio Negro E Diamante E Safira - G;65;13;0;AN03459;AN03459-20;gid://shopify/ProductVariant/46509316997415;5.0;0.0;True;False
gid://shopify/ProductVariant/46509317030183;AN03459-21;21;18500.0;16000.0;5;gid://shopify/Product/8612631642407;Anel Rock Star De Ouro Branco 18K Com Rodio Negro E Diamante E Safira - G;65;13;0;AN03459;AN03459-21;gid://shopify/ProductVariant/46509317030183;5.0;0.0;True;False
gid://shopify/ProductVariant/46509317062951;AN03459-22;22;18500.0;16000.0;5;gid://shopify/Product/8612631642407;Anel Rock Star De Ouro Branco 18K Com Rodio Negro E Diamante E Safira - G;65;13;0;AN03459;AN03459-22;gid://shopify/ProductVariant/46509317062951;5.0;0.0;True;False
gid://shopify/ProductVariant/46509317259559;AN03460-10;10;16500.0;16500.0;5;gid://shopify/Product/8612631806247;Anel Rock Star | Ouro Branco 18K Com Ródio Negro, Quartzo e Diamante;66;13;0;AN03460;AN03460-10;gid://shopify/ProductVariant/46509317259559;5.0;0.0;True;False
gid://shopify/ProductVariant/46509317325095;AN03460-11;11;16500.0;16500.0;5;gid://shopify/Product/8612631806247;Anel Rock Star | Ouro Branco 18K Com Ródio Negro, Quartzo e Diamante;66;13;0;AN03460;AN03460-11;gid://shopify/ProductVariant/46509317325095;5.0;0.0;True;False
gid://shopify/ProductVariant/46509317390631;AN03460-12;12;16500.0;16500.0;5;gid://shopify/Product/8612631806247;Anel Rock Star | Ouro Branco 18K Com Ródio Negro, Quartzo e Diamante;66;13;0;AN03460;AN03460-12;gid://shopify/ProductVariant/46509317390631;5.0;0.0;True;False
gid://shopify/ProductVariant/46509317456167;AN03460-13;13;16500.0;16500.0;5;gid://shopify/Product/8612631806247;Anel Rock Star | Ouro Branco 18K Com Ródio Negro, Quartzo e Diamante;66;13;0;AN03460;AN03460-13;gid://shopify/ProductVariant/46509317456167;5.0;0.0;True;False
gid://shopify/ProductVariant/46509317521703;AN03460-14;14;16500.0;16500.0;5;gid://shopify/Product/8612631806247;Anel Rock Star | Ouro Branco 18K Com Ródio Negro, Quartzo e Diamante;66;13;0;AN03460;AN03460-14;gid://shopify/ProductVariant/46509317521703;5.0;0.0;True;False
gid://shopify/ProductVariant/46509317587239;AN03460-15;15;16500.0;16500.0;6;gid://shopify/Product/8612631806247;Anel Rock Star | Ouro Branco 18K Com Ródio Negro, Quartzo e Diamante;66;13;0;AN03460;AN03460-15;gid://shopify/ProductVariant/46509317587239;5.0;0.0;True;True
gid://shopify/ProductVariant/46509317652775;AN03460-16;16;16500.0;16500.0;5;gid://shopify/Product/8612631806247;Anel Rock Star | Ouro Branco 18K Com Ródio Negro, Quartzo e Diamante;66;13;0;AN03460;AN03460-16;gid://shopify/ProductVariant/46509317652775;5.0;0.0;True;False
gid://shopify/ProductVariant/46509317718311;AN03460-17;17;16500.0;16500.0;5;gid://shopify/Product/8612631806247;Anel Rock Star | Ouro Branco 18K Com Ródio Negro, Quartzo e Diamante;66;13;0;AN03460;AN03460-17;gid://shopify/ProductVariant/46509317718311;5.0;0.0;True;False
gid://shopify/ProductVariant/46509317751079;AN03460-18;18;16500.0;16500.0;5;gid://shopify/Product/8612631806247;Anel Rock Star | Ouro Branco 18K Com Ródio Negro, Quartzo e Diamante;66;13;0;AN03460;AN03460-18;gid://shopify/ProductVariant/46509317751079;5.0;0.0;True;False
gid://shopify/ProductVariant/46509317816615;AN03460-19;19;16500.0;16500.0;5;gid://shopify/Product/8612631806247;Anel Rock Star | Ouro Branco 18K Com Ródio Negro, Quartzo e Diamante;66;13;0;AN03460;AN03460-19;gid://shopify/ProductVariant/46509317816615;5.0;0.0;True;False
gid://shopify/ProductVariant/46509317882151;AN03460-20;20;16500.0;16500.0;5;gid://shopify/Product/8612631806247;Anel Rock Star | Ouro Branco 18K Com Ródio Negro, Quartzo e Diamante;66;13;0;AN03460;AN03460-20;gid://shopify/ProductVariant/46509317882151;5.0;0.0;True;False
gid://shopify/ProductVariant/46509317947687;AN03460-21;21;16500.0;16500.0;5;gid://shopify/Product/8612631806247;Anel Rock Star | Ouro Branco 18K Com Ródio Negro, Quartzo e Diamante;66;13;0;AN03460;AN03460-21;gid://shopify/ProductVariant/46509317947687;5.0;0.0;True;False
gid://shopify/ProductVariant/46509318013223;AN03460-22;22;16500.0;16500.0;5;gid://shopify/Product/8612631806247;Anel Rock Star | Ouro Branco 18K Com Ródio Negro, Quartzo e Diamante;66;13;0;AN03460;AN03460-22;gid://shopify/ProductVariant/46509318013223;5.0;0.0;True;False
gid://shopify/ProductVariant/46509320241447;AN03454-10;10;14600.0;14600.0;0;gid://shopify/Product/8612632002855;Anel Rock Star De Ouro Branco 18K Com Rodio Negro E Morganita E Diamante;0;13;0;AN03454;AN03454-10;gid://shopify/ProductVariant/46509320241447;0.0;0.0;False;False
gid://shopify/ProductVariant/46509320274215;AN03454-11;11;14600.0;14600.0;0;gid://shopify/Product/8612632002855;Anel Rock Star De Ouro Branco 18K Com Rodio Negro E Morganita E Diamante;0;13;0;AN03454;AN03454-11;gid://shopify/ProductVariant/46509320274215;0.0;0.0;False;False
gid://shopify/ProductVariant/46509320306983;AN03454-12;12;14600.0;14600.0;0;gid://shopify/Product/8612632002855;Anel Rock Star De Ouro Branco 18K Com Rodio Negro E Morganita E Diamante;0;13;0;AN03454;AN03454-12;gid://shopify/ProductVariant/46509320306983;0.0;0.0;False;False
gid://shopify/ProductVariant/46509320339751;AN03454-13;13;14600.0;14600.0;0;gid://shopify/Product/8612632002855;Anel Rock Star De Ouro Branco 18K Com Rodio Negro E Morganita E Diamante;0;13;0;AN03454;AN03454-13;gid://shopify/ProductVariant/46509320339751;0.0;0.0;False;False
gid://shopify/ProductVariant/46509320372519;AN03454-14;14;14600.0;14600.0;0;gid://shopify/Product/8612632002855;Anel Rock Star De Ouro Branco 18K Com Rodio Negro E Morganita E Diamante;0;13;0;AN03454;AN03454-14;gid://shopify/ProductVariant/46509320372519;0.0;0.0;False;False
gid://shopify/ProductVariant/46509320405287;AN03454-15;15;14600.0;14600.0;0;gid://shopify/Product/8612632002855;Anel Rock Star De Ouro Branco 18K Com Rodio Negro E Morganita E Diamante;0;13;0;AN03454;AN03454-15;gid://shopify/ProductVariant/46509320405287;0.0;0.0;False;False
gid://shopify/ProductVariant/46509320438055;AN03454-16;16;14600.0;14600.0;0;gid://shopify/Product/8612632002855;Anel Rock Star De Ouro Branco 18K Com Rodio Negro E Morganita E Diamante;0;13;0;AN03454;AN03454-16;gid://shopify/ProductVariant/46509320438055;0.0;0.0;False;False
gid://shopify/ProductVariant/46509320470823;AN03454-17;17;14600.0;14600.0;0;gid://shopify/Product/8612632002855;Anel Rock Star De Ouro Branco 18K Com Rodio Negro E Morganita E Diamante;0;13;0;AN03454;AN03454-17;gid://shopify/ProductVariant/46509320470823;0.0;0.0;False;False
gid://shopify/ProductVariant/46509320503591;AN03454-18;18;14600.0;14600.0;0;gid://shopify/Product/8612632002855;Anel Rock Star De Ouro Branco 18K Com Rodio Negro E Morganita E Diamante;0;13;0;AN03454;AN03454-18;gid://shopify/ProductVariant/46509320503591;0.0;0.0;False;False
gid://shopify/ProductVariant/46509320536359;AN03454-19;19;14600.0;14600.0;0;gid://shopify/Product/8612632002855;Anel Rock Star De Ouro Branco 18K Com Rodio Negro E Morganita E Diamante;0;13;0;AN03454;AN03454-19;gid://shopify/ProductVariant/46509320536359;0.0;0.0;False;False
gid://shopify/ProductVariant/46509320569127;AN03454-20;20;14600.0;14600.0;0;gid://shopify/Product/8612632002855;Anel Rock Star De Ouro Branco 18K Com Rodio Negro E Morganita E Diamante;0;13;0;AN03454;AN03454-20;gid://shopify/ProductVariant/46509320569127;0.0;0.0;False;False
gid://shopify/ProductVariant/46509320601895;AN03454-21;21;14600.0;14600.0;0;gid://shopify/Product/8612632002855;Anel Rock Star De Ouro Branco 18K Com Rodio Negro E Morganita E Diamante;0;13;0;AN03454;AN03454-21;gid://shopify/ProductVariant/46509320601895;0.0;0.0;False;False
gid://shopify/ProductVariant/46509320634663;AN03454-22;22;14600.0;14600.0;0;gid://shopify/Product/8612632002855;Anel Rock Star De Ouro Branco 18K Com Rodio Negro E Morganita E Diamante;0;13;0;AN03454;AN03454-22;gid://shopify/ProductVariant/46509320634663;0.0;0.0;False;False
gid://shopify/ProductVariant/46509321552167;AN03442-10;10;93800.0;93800.0;0;gid://shopify/Product/8612632133927;Anel Rock Star De Ouro Amarelo E Negro 18K E Diamante E Esmeralda;0;13;0;AN03442;AN03442-10;gid://shopify/ProductVariant/46509321552167;0.0;0.0;False;False
gid://shopify/ProductVariant/46509321584935;AN03442-11;11;93800.0;93800.0;0;gid://shopify/Product/8612632133927;Anel Rock Star De Ouro Amarelo E Negro 18K E Diamante E Esmeralda;0;13;0;AN03442;AN03442-11;gid://shopify/ProductVariant/46509321584935;0.0;0.0;False;False
gid://shopify/ProductVariant/46509321617703;AN03442-12;12;93800.0;93800.0;0;gid://shopify/Product/8612632133927;Anel Rock Star De Ouro Amarelo E Negro 18K E Diamante E Esmeralda;0;13;0;AN03442;AN03442-12;gid://shopify/ProductVariant/46509321617703;0.0;0.0;False;False
gid://shopify/ProductVariant/46509321650471;AN03442-13;13;93800.0;93800.0;0;gid://shopify/Product/8612632133927;Anel Rock Star De Ouro Amarelo E Negro 18K E Diamante E Esmeralda;0;13;0;AN03442;AN03442-13;gid://shopify/ProductVariant/46509321650471;0.0;0.0;False;False
gid://shopify/ProductVariant/46509321683239;AN03442-14;14;93800.0;93800.0;0;gid://shopify/Product/8612632133927;Anel Rock Star De Ouro Amarelo E Negro 18K E Diamante E Esmeralda;0;13;0;AN03442;AN03442-14;gid://shopify/ProductVariant/46509321683239;0.0;0.0;False;False
gid://shopify/ProductVariant/46509321716007;AN03442-15;15;93800.0;93800.0;0;gid://shopify/Product/8612632133927;Anel Rock Star De Ouro Amarelo E Negro 18K E Diamante E Esmeralda;0;13;0;AN03442;AN03442-15;gid://shopify/ProductVariant/46509321716007;0.0;0.0;False;False
gid://shopify/ProductVariant/46509321748775;AN03442-16;16;93800.0;93800.0;0;gid://shopify/Product/8612632133927;Anel Rock Star De Ouro Amarelo E Negro 18K E Diamante E Esmeralda;0;13;0;AN03442;AN03442-16;gid://shopify/ProductVariant/46509321748775;0.0;0.0;False;False
gid://shopify/ProductVariant/46509321781543;AN03442-17;17;93800.0;93800.0;0;gid://shopify/Product/8612632133927;Anel Rock Star De Ouro Amarelo E Negro 18K E Diamante E Esmeralda;0;13;0;AN03442;AN03442-17;gid://shopify/ProductVariant/46509321781543;0.0;0.0;False;False
gid://shopify/ProductVariant/46509321814311;AN03442-18;18;93800.0;93800.0;0;gid://shopify/Product/8612632133927;Anel Rock Star De Ouro Amarelo E Negro 18K E Diamante E Esmeralda;0;13;0;AN03442;AN03442-18;gid://shopify/ProductVariant/46509321814311;0.0;0.0;False;False
gid://shopify/ProductVariant/46509321847079;AN03442-19;19;93800.0;93800.0;0;gid://shopify/Product/8612632133927;Anel Rock Star De Ouro Amarelo E Negro 18K E Diamante E Esmeralda;0;13;0;AN03442;AN03442-19;gid://shopify/ProductVariant/46509321847079;0.0;0.0;False;False
gid://shopify/ProductVariant/46509321879847;AN03442-20;20;93800.0;93800.0;0;gid://shopify/Product/8612632133927;Anel Rock Star De Ouro Amarelo E Negro 18K E Diamante E Esmeralda;0;13;0;AN03442;AN03442-20;gid://shopify/ProductVariant/46509321879847;0.0;0.0;False;False
gid://shopify/ProductVariant/46509321912615;AN03442-21;21;93800.0;93800.0;0;gid://shopify/Product/8612632133927;Anel Rock Star De Ouro Amarelo E Negro 18K E Diamante E Esmeralda;0;13;0;AN03442;AN03442-21;gid://shopify/ProductVariant/46509321912615;0.0;0.0;False;False
gid://shopify/ProductVariant/46509321945383;AN03442-22;22;93800.0;93800.0;0;gid://shopify/Product/8612632133927;Anel Rock Star De Ouro Amarelo E Negro 18K E Diamante E Esmeralda;0;13;0;AN03442;AN03442-22;gid://shopify/ProductVariant/46509321945383;0.0;0.0;False;False
gid://shopify/ProductVariant/46509326926119;AN03536-10;10;21000.0;21000.0;0;gid://shopify/Product/8612632920359;Anel Rock Star De Ouro Branco 18K Com Rodio Negro E Diamante E Rubi;0;13;0;AN03536;AN03536-10;gid://shopify/ProductVariant/46509326926119;0.0;0.0;False;False
gid://shopify/ProductVariant/46509326958887;AN03536-11;11;21000.0;21000.0;0;gid://shopify/Product/8612632920359;Anel Rock Star De Ouro Branco 18K Com Rodio Negro E Diamante E Rubi;0;13;0;AN03536;AN03536-11;gid://shopify/ProductVariant/46509326958887;0.0;0.0;False;False
gid://shopify/ProductVariant/46509326991655;AN03536-12;12;21000.0;21000.0;0;gid://shopify/Product/8612632920359;Anel Rock Star De Ouro Branco 18K Com Rodio Negro E Diamante E Rubi;0;13;0;AN03536;AN03536-12;gid://shopify/ProductVariant/46509326991655;0.0;0.0;False;False
gid://shopify/ProductVariant/46509327024423;AN03536-13;13;21000.0;21000.0;0;gid://shopify/Product/8612632920359;Anel Rock Star De Ouro Branco 18K Com Rodio Negro E Diamante E Rubi;0;13;0;AN03536;AN03536-13;gid://shopify/ProductVariant/46509327024423;0.0;0.0;False;False
gid://shopify/ProductVariant/46509327057191;AN03536-14;14;21000.0;21000.0;0;gid://shopify/Product/8612632920359;Anel Rock Star De Ouro Branco 18K Com Rodio Negro E Diamante E Rubi;0;13;0;AN03536;AN03536-14;gid://shopify/ProductVariant/46509327057191;0.0;0.0;False;False
gid://shopify/ProductVariant/46509327089959;AN03536-15;15;21000.0;21000.0;0;gid://shopify/Product/8612632920359;Anel Rock Star De Ouro Branco 18K Com Rodio Negro E Diamante E Rubi;0;13;0;AN03536;AN03536-15;gid://shopify/ProductVariant/46509327089959;0.0;0.0;False;False
gid://shopify/ProductVariant/46509327122727;AN03536-16;16;21000.0;21000.0;0;gid://shopify/Product/8612632920359;Anel Rock Star De Ouro Branco 18K Com Rodio Negro E Diamante E Rubi;0;13;0;AN03536;AN03536-16;gid://shopify/ProductVariant/46509327122727;0.0;0.0;False;False
gid://shopify/ProductVariant/46509327155495;AN03536-17;17;21000.0;21000.0;0;gid://shopify/Product/8612632920359;Anel Rock Star De Ouro Branco 18K Com Rodio Negro E Diamante E Rubi;0;13;0;AN03536;AN03536-17;gid://shopify/ProductVariant/46509327155495;0.0;0.0;False;False
gid://shopify/ProductVariant/46509327188263;AN03536-18;18;21000.0;21000.0;0;gid://shopify/Product/8612632920359;Anel Rock Star De Ouro Branco 18K Com Rodio Negro E Diamante E Rubi;0;13;0;AN03536;AN03536-18;gid://shopify/ProductVariant/46509327188263;0.0;0.0;False;False
gid://shopify/ProductVariant/46509327221031;AN03536-19;19;21000.0;21000.0;0;gid://shopify/Product/8612632920359;Anel Rock Star De Ouro Branco 18K Com Rodio Negro E Diamante E Rubi;0;13;0;AN03536;AN03536-19;gid://shopify/ProductVariant/46509327221031;0.0;0.0;False;False
gid://shopify/ProductVariant/46509327253799;AN03536-20;20;21000.0;21000.0;0;gid://shopify/Product/8612632920359;Anel Rock Star De Ouro Branco 18K Com Rodio Negro E Diamante E Rubi;0;13;0;AN03536;AN03536-20;gid://shopify/ProductVariant/46509327253799;0.0;0.0;False;False
gid://shopify/ProductVariant/46509327286567;AN03536-21;21;21000.0;21000.0;0;gid://shopify/Product/8612632920359;Anel Rock Star De Ouro Branco 18K Com Rodio Negro E Diamante E Rubi;0;13;0;AN03536;AN03536-21;gid://shopify/ProductVariant/46509327286567;0.0;0.0;False;False
gid://shopify/ProductVariant/46509327319335;AN03536-22;22;21000.0;21000.0;0;gid://shopify/Product/8612632920359;Anel Rock Star De Ouro Branco 18K Com Rodio Negro E Diamante E Rubi;0;13;0;AN03536;AN03536-22;gid://shopify/ProductVariant/46509327319335;0.0;0.0;False;False
gid://shopify/ProductVariant/46509495320871;AN03482-10;10;1092500.0;1092500.0;0;gid://shopify/Product/8612659036455;Anel Especial De Ouro Branco 18K E Diamante E Turmalina Paraiba;1;13;0;AN03482;AN03482-10;gid://shopify/ProductVariant/46509495320871;0.0;0.0;False;False
gid://shopify/ProductVariant/46509495353639;AN03482-11;11;1092500.0;1092500.0;0;gid://shopify/Product/8612659036455;Anel Especial De Ouro Branco 18K E Diamante E Turmalina Paraiba;1;13;0;AN03482;AN03482-11;gid://shopify/ProductVariant/46509495353639;0.0;0.0;False;False
gid://shopify/ProductVariant/46509495386407;AN03482-12;12;1092500.0;1092500.0;0;gid://shopify/Product/8612659036455;Anel Especial De Ouro Branco 18K E Diamante E Turmalina Paraiba;1;13;0;AN03482;AN03482-12;gid://shopify/ProductVariant/46509495386407;0.0;0.0;False;False
gid://shopify/ProductVariant/46509495419175;AN03482-13;13;1092500.0;1092500.0;0;gid://shopify/Product/8612659036455;Anel Especial De Ouro Branco 18K E Diamante E Turmalina Paraiba;1;13;0;AN03482;AN03482-13;gid://shopify/ProductVariant/46509495419175;0.0;0.0;False;False
gid://shopify/ProductVariant/46509495451943;AN03482-14;14;1092500.0;1092500.0;0;gid://shopify/Product/8612659036455;Anel Especial De Ouro Branco 18K E Diamante E Turmalina Paraiba;1;13;0;AN03482;AN03482-14;gid://shopify/ProductVariant/46509495451943;0.0;0.0;False;False
gid://shopify/ProductVariant/46509495484711;AN03482-15;15;1092500.0;1092500.0;1;gid://shopify/Product/8612659036455;Anel Especial De Ouro Branco 18K E Diamante E Turmalina Paraiba;1;13;0;AN03482;AN03482-15;gid://shopify/ProductVariant/46509495484711;0.0;0.0;False;True
gid://shopify/ProductVariant/46509495517479;AN03482-16;16;1092500.0;1092500.0;0;gid://shopify/Product/8612659036455;Anel Especial De Ouro Branco 18K E Diamante E Turmalina Paraiba;1;13;0;AN03482;AN03482-16;gid://shopify/ProductVariant/46509495517479;0.0;0.0;False;False
gid://shopify/ProductVariant/46509495550247;AN03482-17;17;1092500.0;1092500.0;0;gid://shopify/Product/8612659036455;Anel Especial De Ouro Branco 18K E Diamante E Turmalina Paraiba;1;13;0;AN03482;AN03482-17;gid://shopify/ProductVariant/46509495550247;0.0;0.0;False;False
gid://shopify/ProductVariant/46509495583015;AN03482-18;18;1092500.0;1092500.0;0;gid://shopify/Product/8612659036455;Anel Especial De Ouro Branco 18K E Diamante E Turmalina Paraiba;1;13;0;AN03482;AN03482-18;gid://shopify/ProductVariant/46509495583015;0.0;0.0;False;False
gid://shopify/ProductVariant/46509495615783;AN03482-19;19;1092500.0;1092500.0;0;gid://shopify/Product/8612659036455;Anel Especial De Ouro Branco 18K E Diamante E Turmalina Paraiba;1;13;0;AN03482;AN03482-19;gid://shopify/ProductVariant/46509495615783;0.0;0.0;False;False
gid://shopify/ProductVariant/46509495648551;AN03482-20;20;1092500.0;1092500.0;0;gid://shopify/Product/8612659036455;Anel Especial De Ouro Branco 18K E Diamante E Turmalina Paraiba;1;13;0;AN03482;AN03482-20;gid://shopify/ProductVariant/46509495648551;0.0;0.0;False;False
gid://shopify/ProductVariant/46509495681319;AN03482-21;21;1092500.0;1092500.0;0;gid://shopify/Product/8612659036455;Anel Especial De Ouro Branco 18K E Diamante E Turmalina Paraiba;1;13;0;AN03482;AN03482-21;gid://shopify/ProductVariant/46509495681319;0.0;0.0;False;False
gid://shopify/ProductVariant/46509495714087;AN03482-22;22;1092500.0;1092500.0;0;gid://shopify/Product/8612659036455;Anel Especial De Ouro Branco 18K E Diamante E Turmalina Paraiba;1;13;0;AN03482;AN03482-22;gid://shopify/ProductVariant/46509495714087;0.0;0.0;False;False
gid://shopify/ProductVariant/46509495910695;AN03500-10;10;55500.0;55500.0;0;gid://shopify/Product/8612659200295;Anel Especial De Ouro Branco 18K E Diamantes Mix;1;13;0;AN03500;AN03500-10;gid://shopify/ProductVariant/46509495910695;0.0;0.0;False;False
gid://shopify/ProductVariant/46509495943463;AN03500-11;11;55500.0;55500.0;0;gid://shopify/Product/8612659200295;Anel Especial De Ouro Branco 18K E Diamantes Mix;1;13;0;AN03500;AN03500-11;gid://shopify/ProductVariant/46509495943463;0.0;0.0;False;False
gid://shopify/ProductVariant/46509495976231;AN03500-12;12;55500.0;55500.0;0;gid://shopify/Product/8612659200295;Anel Especial De Ouro Branco 18K E Diamantes Mix;1;13;0;AN03500;AN03500-12;gid://shopify/ProductVariant/46509495976231;0.0;0.0;False;False
gid://shopify/ProductVariant/46509496008999;AN03500-13;13;55500.0;55500.0;1;gid://shopify/Product/8612659200295;Anel Especial De Ouro Branco 18K E Diamantes Mix;1;13;0;AN03500;AN03500-13;gid://shopify/ProductVariant/46509496008999;0.0;0.0;False;True
gid://shopify/ProductVariant/46509496041767;AN03500-14;14;55500.0;55500.0;0;gid://shopify/Product/8612659200295;Anel Especial De Ouro Branco 18K E Diamantes Mix;1;13;0;AN03500;AN03500-14;gid://shopify/ProductVariant/46509496041767;0.0;0.0;False;False
gid://shopify/ProductVariant/46509496074535;AN03500-15;15;55500.0;55500.0;0;gid://shopify/Product/8612659200295;Anel Especial De Ouro Branco 18K E Diamantes Mix;1;13;0;AN03500;AN03500-15;gid://shopify/ProductVariant/46509496074535;0.0;0.0;False;False
gid://shopify/ProductVariant/46509496107303;AN03500-16;16;55500.0;55500.0;0;gid://shopify/Product/8612659200295;Anel Especial De Ouro Branco 18K E Diamantes Mix;1;13;0;AN03500;AN03500-16;gid://shopify/ProductVariant/46509496107303;0.0;0.0;False;False
gid://shopify/ProductVariant/46509496140071;AN03500-17;17;55500.0;55500.0;0;gid://shopify/Product/8612659200295;Anel Especial De Ouro Branco 18K E Diamantes Mix;1;13;0;AN03500;AN03500-17;gid://shopify/ProductVariant/46509496140071;0.0;0.0;False;False
gid://shopify/ProductVariant/46509496172839;AN03500-18;18;55500.0;55500.0;0;gid://shopify/Product/8612659200295;Anel Especial De Ouro Branco 18K E Diamantes Mix;1;13;0;AN03500;AN03500-18;gid://shopify/ProductVariant/46509496172839;0.0;0.0;False;False
gid://shopify/ProductVariant/46509496205607;AN03500-19;19;55500.0;55500.0;0;gid://shopify/Product/8612659200295;Anel Especial De Ouro Branco 18K E Diamantes Mix;1;13;0;AN03500;AN03500-19;gid://shopify/ProductVariant/46509496205607;0.0;0.0;False;False
gid://shopify/ProductVariant/46509496238375;AN03500-20;20;55500.0;55500.0;0;gid://shopify/Product/8612659200295;Anel Especial De Ouro Branco 18K E Diamantes Mix;1;13;0;AN03500;AN03500-20;gid://shopify/ProductVariant/46509496238375;0.0;0.0;False;False
gid://shopify/ProductVariant/46509496271143;AN03500-21;21;55500.0;55500.0;0;gid://shopify/Product/8612659200295;Anel Especial De Ouro Branco 18K E Diamantes Mix;1;13;0;AN03500;AN03500-21;gid://shopify/ProductVariant/46509496271143;0.0;0.0;False;False
gid://shopify/ProductVariant/46509496303911;AN03500-22;22;55500.0;55500.0;0;gid://shopify/Product/8612659200295;Anel Especial De Ouro Branco 18K E Diamantes Mix;1;13;0;AN03500;AN03500-22;gid://shopify/ProductVariant/46509496303911;0.0;0.0;False;False
gid://shopify/ProductVariant/46509498761511;AN03540-10;10;85000.0;64000.0;0;gid://shopify/Product/8612659659047;Anel Rock Star De Ouro Branco 18K E Rubelita E Diamante;1;13;0;AN03540;AN03540-10;gid://shopify/ProductVariant/46509498761511;0.0;0.0;False;False
gid://shopify/ProductVariant/46509498794279;AN03540-11;11;85000.0;64000.0;0;gid://shopify/Product/8612659659047;Anel Rock Star De Ouro Branco 18K E Rubelita E Diamante;1;13;0;AN03540;AN03540-11;gid://shopify/ProductVariant/46509498794279;0.0;0.0;False;False
gid://shopify/ProductVariant/46509498827047;AN03540-12;12;85000.0;64000.0;0;gid://shopify/Product/8612659659047;Anel Rock Star De Ouro Branco 18K E Rubelita E Diamante;1;13;0;AN03540;AN03540-12;gid://shopify/ProductVariant/46509498827047;0.0;0.0;False;False
gid://shopify/ProductVariant/46509498859815;AN03540-13;13;85000.0;64000.0;0;gid://shopify/Product/8612659659047;Anel Rock Star De Ouro Branco 18K E Rubelita E Diamante;1;13;0;AN03540;AN03540-13;gid://shopify/ProductVariant/46509498859815;0.0;0.0;False;False
gid://shopify/ProductVariant/46509498892583;AN03540-14;14;85000.0;64000.0;1;gid://shopify/Product/8612659659047;Anel Rock Star De Ouro Branco 18K E Rubelita E Diamante;1;13;0;AN03540;AN03540-14;gid://shopify/ProductVariant/46509498892583;0.0;0.0;False;True
gid://shopify/ProductVariant/46509498925351;AN03540-15;15;85000.0;64000.0;0;gid://shopify/Product/8612659659047;Anel Rock Star De Ouro Branco 18K E Rubelita E Diamante;1;13;0;AN03540;AN03540-15;gid://shopify/ProductVariant/46509498925351;0.0;0.0;False;False
gid://shopify/ProductVariant/46509498958119;AN03540-16;16;85000.0;64000.0;0;gid://shopify/Product/8612659659047;Anel Rock Star De Ouro Branco 18K E Rubelita E Diamante;1;13;0;AN03540;AN03540-16;gid://shopify/ProductVariant/46509498958119;0.0;0.0;False;False
gid://shopify/ProductVariant/46509498990887;AN03540-17;17;85000.0;64000.0;0;gid://shopify/Product/8612659659047;Anel Rock Star De Ouro Branco 18K E Rubelita E Diamante;1;13;0;AN03540;AN03540-17;gid://shopify/ProductVariant/46509498990887;0.0;0.0;False;False
gid://shopify/ProductVariant/46509499023655;AN03540-18;18;85000.0;64000.0;0;gid://shopify/Product/8612659659047;Anel Rock Star De Ouro Branco 18K E Rubelita E Diamante;1;13;0;AN03540;AN03540-18;gid://shopify/ProductVariant/46509499023655;0.0;0.0;False;False
gid://shopify/ProductVariant/46509499056423;AN03540-19;19;85000.0;64000.0;0;gid://shopify/Product/8612659659047;Anel Rock Star De Ouro Branco 18K E Rubelita E Diamante;1;13;0;AN03540;AN03540-19;gid://shopify/ProductVariant/46509499056423;0.0;0.0;False;False
gid://shopify/ProductVariant/46509499089191;AN03540-20;20;85000.0;64000.0;0;gid://shopify/Product/8612659659047;Anel Rock Star De Ouro Branco 18K E Rubelita E Diamante;1;13;0;AN03540;AN03540-20;gid://shopify/ProductVariant/46509499089191;0.0;0.0;False;False
gid://shopify/ProductVariant/46509499121959;AN03540-21;21;85000.0;64000.0;0;gid://shopify/Product/8612659659047;Anel Rock Star De Ouro Branco 18K E Rubelita E Diamante;1;13;0;AN03540;AN03540-21;gid://shopify/ProductVariant/46509499121959;0.0;0.0;False;False
gid://shopify/ProductVariant/46509499154727;AN03540-22;22;85000.0;64000.0;0;gid://shopify/Product/8612659659047;Anel Rock Star De Ouro Branco 18K E Rubelita E Diamante;1;13;0;AN03540;AN03540-22;gid://shopify/ProductVariant/46509499154727;0.0;0.0;False;False
gid://shopify/ProductVariant/46512694526247;PU01770T;Default Title;58900.0;33000.0;5;gid://shopify/Product/8613205868839;Pulseira Clássico De Ouro Branco 18K Com Ródio Negro E Diamante Solitário;5;1;0;PU01770T;PU01770T;gid://shopify/ProductVariant/46512694526247;5.0;0.0;True;False
gid://shopify/ProductVariant/46512700096807;AN01794-10;10;575500.0;429000.0;0;gid://shopify/Product/8613206294823;Anel Especial De Ouro Branco 18K E Diamante Solitário;0;13;0;AN01794;AN01794-10;gid://shopify/ProductVariant/46512700096807;0.0;0.0;False;False
gid://shopify/ProductVariant/46512700129575;AN01794-11;11;575500.0;429000.0;0;gid://shopify/Product/8613206294823;Anel Especial De Ouro Branco 18K E Diamante Solitário;0;13;0;AN01794;AN01794-11;gid://shopify/ProductVariant/46512700129575;0.0;0.0;False;False
gid://shopify/ProductVariant/46512700162343;AN01794-12;12;575500.0;429000.0;0;gid://shopify/Product/8613206294823;Anel Especial De Ouro Branco 18K E Diamante Solitário;0;13;0;AN01794;AN01794-12;gid://shopify/ProductVariant/46512700162343;0.0;0.0;False;False
gid://shopify/ProductVariant/46512700195111;AN01794-13;13;575500.0;429000.0;0;gid://shopify/Product/8613206294823;Anel Especial De Ouro Branco 18K E Diamante Solitário;0;13;0;AN01794;AN01794-13;gid://shopify/ProductVariant/46512700195111;0.0;0.0;False;False
gid://shopify/ProductVariant/46512700227879;AN01794-14;14;575500.0;429000.0;0;gid://shopify/Product/8613206294823;Anel Especial De Ouro Branco 18K E Diamante Solitário;0;13;0;AN01794;AN01794-14;gid://shopify/ProductVariant/46512700227879;0.0;0.0;False;False
gid://shopify/ProductVariant/46512700260647;AN01794-15;15;575500.0;429000.0;0;gid://shopify/Product/8613206294823;Anel Especial De Ouro Branco 18K E Diamante Solitário;0;13;0;AN01794;AN01794-15;gid://shopify/ProductVariant/46512700260647;0.0;0.0;False;False
gid://shopify/ProductVariant/46512700293415;AN01794-16;16;575500.0;429000.0;0;gid://shopify/Product/8613206294823;Anel Especial De Ouro Branco 18K E Diamante Solitário;0;13;0;AN01794;AN01794-16;gid://shopify/ProductVariant/46512700293415;0.0;0.0;False;False
gid://shopify/ProductVariant/46512700326183;AN01794-17;17;575500.0;429000.0;0;gid://shopify/Product/8613206294823;Anel Especial De Ouro Branco 18K E Diamante Solitário;0;13;0;AN01794;AN01794-17;gid://shopify/ProductVariant/46512700326183;0.0;0.0;False;False
gid://shopify/ProductVariant/46512700358951;AN01794-18;18;575500.0;429000.0;0;gid://shopify/Product/8613206294823;Anel Especial De Ouro Branco 18K E Diamante Solitário;0;13;0;AN01794;AN01794-18;gid://shopify/ProductVariant/46512700358951;0.0;0.0;False;False
gid://shopify/ProductVariant/46512700391719;AN01794-19;19;575500.0;429000.0;0;gid://shopify/Product/8613206294823;Anel Especial De Ouro Branco 18K E Diamante Solitário;0;13;0;AN01794;AN01794-19;gid://shopify/ProductVariant/46512700391719;0.0;0.0;False;False
gid://shopify/ProductVariant/46512700424487;AN01794-20;20;575500.0;429000.0;0;gid://shopify/Product/8613206294823;Anel Especial De Ouro Branco 18K E Diamante Solitário;0;13;0;AN01794;AN01794-20;gid://shopify/ProductVariant/46512700424487;0.0;0.0;False;False
gid://shopify/ProductVariant/46512700457255;AN01794-21;21;575500.0;429000.0;0;gid://shopify/Product/8613206294823;Anel Especial De Ouro Branco 18K E Diamante Solitário;0;13;0;AN01794;AN01794-21;gid://shopify/ProductVariant/46512700457255;0.0;0.0;False;False
gid://shopify/ProductVariant/46512700490023;AN01794-22;22;575500.0;429000.0;0;gid://shopify/Product/8613206294823;Anel Especial De Ouro Branco 18K E Diamante Solitário;0;13;0;AN01794;AN01794-22;gid://shopify/ProductVariant/46512700490023;0.0;0.0;False;False
gid://shopify/ProductVariant/46512700555559;BR05967T;Default Title;11500.0;9800.0;5;gid://shopify/Product/8613206327591;Brinco Especial De Ouro Branco 18K E Diamante Solitário;5;1;0;BR05967T;BR05967T;gid://shopify/ProductVariant/46512700555559;5.0;0.0;True;False
gid://shopify/ProductVariant/46512700588327;BR05970T;Default Title;12900.0;11000.0;5;gid://shopify/Product/8613206393127;Brinco Especial De Ouro Branco 18K E Diamante Solitário;5;1;0;BR05970T;BR05970T;gid://shopify/ProductVariant/46512700588327;5.0;0.0;True;False
gid://shopify/ProductVariant/46512701079847;BR04858T;Default Title;2900.0;1700.0;5;gid://shopify/Product/8613206589735;Brinco Especial De Ouro Amarelo 18K E Esmeralda;5;1;0;BR04858T;BR04858T;gid://shopify/ProductVariant/46512701079847;5.0;0.0;True;False
gid://shopify/ProductVariant/46512701243687;CL01124;G;11900.0;10200.0;5;gid://shopify/Product/8613206688039;Colar JV MAN De Ouro Branco 18K E Diamante Negro - G;5;1;1;CL01124;CL01124;gid://shopify/ProductVariant/46512701243687;5.0;0.0;True;False
gid://shopify/ProductVariant/46512701341991;CL01125;G;11900.0;10200.0;5;gid://shopify/Product/8613206786343;Colar JV MAN De Ouro Branco 18K Com Ródio Negro E Diamante Negro - G;5;1;1;CL01125;CL01125;gid://shopify/ProductVariant/46512701341991;5.0;0.0;True;False
gid://shopify/ProductVariant/46512701374759;CL01131;M;11500.0;9900.0;5;gid://shopify/Product/8613206819111;Colar JV MAN De Ouro Branco 18K Com Ródio Negro E Diamante Negro - M;5;1;0;CL01131;CL01131;gid://shopify/ProductVariant/46512701374759;5.0;0.0;True;False
gid://shopify/ProductVariant/46512701407527;CL01132;M;11500.0;9900.0;5;gid://shopify/Product/8613206851879;Colar JV MAN De Ouro Branco 18K E Diamante Negro - M;5;1;0;CL01132;CL01132;gid://shopify/ProductVariant/46512701407527;5.0;0.0;True;False
gid://shopify/ProductVariant/46512701440295;CL04200;G;15500.0;13300.0;5;gid://shopify/Product/8613206917415;Colar JV MAN De Ouro Branco 18K E Diamante Negro - G;5;1;0;CL04200;CL04200;gid://shopify/ProductVariant/46512701440295;5.0;0.0;True;False
gid://shopify/ProductVariant/46512701505831;CL04201;G;15500.0;13300.0;5;gid://shopify/Product/8613206950183;Colar JV MAN De Ouro Branco 18K Com Ródio Negro E Diamante Negro - G;5;1;0;CL04201;CL04201;gid://shopify/ProductVariant/46512701505831;5.0;0.0;True;False
gid://shopify/ProductVariant/46512701571367;CL04202;M;11900.0;10100.0;5;gid://shopify/Product/8613207015719;Colar JV MAN De Ouro Branco 18K E Diamante Negro - M;5;1;0;CL04202;CL04202;gid://shopify/ProductVariant/46512701571367;5.0;0.0;True;False
gid://shopify/ProductVariant/46512701866279;AN03326-10;10;25500.0;25500.0;0;gid://shopify/Product/8613207179559;Anel Maes 2013 De Ouro Branco 18K Com Ródio Negro E Diamante E Safira;0;13;0;AN03326;AN03326-10;gid://shopify/ProductVariant/46512701866279;0.0;0.0;False;False
gid://shopify/ProductVariant/46512701899047;AN03326-11;11;25500.0;25500.0;0;gid://shopify/Product/8613207179559;Anel Maes 2013 De Ouro Branco 18K Com Ródio Negro E Diamante E Safira;0;13;0;AN03326;AN03326-11;gid://shopify/ProductVariant/46512701899047;0.0;0.0;False;False
gid://shopify/ProductVariant/46512701931815;AN03326-12;12;25500.0;25500.0;0;gid://shopify/Product/8613207179559;Anel Maes 2013 De Ouro Branco 18K Com Ródio Negro E Diamante E Safira;0;13;0;AN03326;AN03326-12;gid://shopify/ProductVariant/46512701931815;0.0;0.0;False;False
gid://shopify/ProductVariant/46512701964583;AN03326-13;13;25500.0;25500.0;0;gid://shopify/Product/8613207179559;Anel Maes 2013 De Ouro Branco 18K Com Ródio Negro E Diamante E Safira;0;13;0;AN03326;AN03326-13;gid://shopify/ProductVariant/46512701964583;0.0;0.0;False;False
gid://shopify/ProductVariant/46512701997351;AN03326-14;14;25500.0;25500.0;0;gid://shopify/Product/8613207179559;Anel Maes 2013 De Ouro Branco 18K Com Ródio Negro E Diamante E Safira;0;13;0;AN03326;AN03326-14;gid://shopify/ProductVariant/46512701997351;0.0;0.0;False;False
gid://shopify/ProductVariant/46512702030119;AN03326-15;15;25500.0;25500.0;0;gid://shopify/Product/8613207179559;Anel Maes 2013 De Ouro Branco 18K Com Ródio Negro E Diamante E Safira;0;13;0;AN03326;AN03326-15;gid://shopify/ProductVariant/46512702030119;0.0;0.0;False;False
gid://shopify/ProductVariant/46512702062887;AN03326-16;16;25500.0;25500.0;0;gid://shopify/Product/8613207179559;Anel Maes 2013 De Ouro Branco 18K Com Ródio Negro E Diamante E Safira;0;13;0;AN03326;AN03326-16;gid://shopify/ProductVariant/46512702062887;0.0;0.0;False;False
gid://shopify/ProductVariant/46512702095655;AN03326-17;17;25500.0;25500.0;0;gid://shopify/Product/8613207179559;Anel Maes 2013 De Ouro Branco 18K Com Ródio Negro E Diamante E Safira;0;13;0;AN03326;AN03326-17;gid://shopify/ProductVariant/46512702095655;0.0;0.0;False;False
gid://shopify/ProductVariant/46512702128423;AN03326-18;18;25500.0;25500.0;0;gid://shopify/Product/8613207179559;Anel Maes 2013 De Ouro Branco 18K Com Ródio Negro E Diamante E Safira;0;13;0;AN03326;AN03326-18;gid://shopify/ProductVariant/46512702128423;0.0;0.0;False;False
gid://shopify/ProductVariant/46512702161191;AN03326-19;19;25500.0;25500.0;0;gid://shopify/Product/8613207179559;Anel Maes 2013 De Ouro Branco 18K Com Ródio Negro E Diamante E Safira;0;13;0;AN03326;AN03326-19;gid://shopify/ProductVariant/46512702161191;0.0;0.0;False;False
gid://shopify/ProductVariant/46512702193959;AN03326-20;20;25500.0;25500.0;0;gid://shopify/Product/8613207179559;Anel Maes 2013 De Ouro Branco 18K Com Ródio Negro E Diamante E Safira;0;13;0;AN03326;AN03326-20;gid://shopify/ProductVariant/46512702193959;0.0;0.0;False;False
gid://shopify/ProductVariant/46512702226727;AN03326-21;21;25500.0;25500.0;0;gid://shopify/Product/8613207179559;Anel Maes 2013 De Ouro Branco 18K Com Ródio Negro E Diamante E Safira;0;13;0;AN03326;AN03326-21;gid://shopify/ProductVariant/46512702226727;0.0;0.0;False;False
gid://shopify/ProductVariant/46512702259495;AN03326-22;22;25500.0;25500.0;0;gid://shopify/Product/8613207179559;Anel Maes 2013 De Ouro Branco 18K Com Ródio Negro E Diamante E Safira;0;13;0;AN03326;AN03326-22;gid://shopify/ProductVariant/46512702259495;0.0;0.0;False;False
gid://shopify/ProductVariant/46512702292263;AN02937-10;10;149500.0;109000.0;0;gid://shopify/Product/8613207212327;Anel Maes 2013 De Ouro Rosa E Branco 18K E Diamante Solitário;1;13;0;AN02937;AN02937-10;gid://shopify/ProductVariant/46512702292263;0.0;0.0;False;False
gid://shopify/ProductVariant/46512702325031;AN02937-11;11;149500.0;109000.0;0;gid://shopify/Product/8613207212327;Anel Maes 2013 De Ouro Rosa E Branco 18K E Diamante Solitário;1;13;0;AN02937;AN02937-11;gid://shopify/ProductVariant/46512702325031;0.0;0.0;False;False
gid://shopify/ProductVariant/46512702357799;AN02937-12;12;149500.0;109000.0;0;gid://shopify/Product/8613207212327;Anel Maes 2013 De Ouro Rosa E Branco 18K E Diamante Solitário;1;13;0;AN02937;AN02937-12;gid://shopify/ProductVariant/46512702357799;0.0;0.0;False;False
gid://shopify/ProductVariant/46512702390567;AN02937-13;13;149500.0;109000.0;0;gid://shopify/Product/8613207212327;Anel Maes 2013 De Ouro Rosa E Branco 18K E Diamante Solitário;1;13;0;AN02937;AN02937-13;gid://shopify/ProductVariant/46512702390567;0.0;0.0;False;False
gid://shopify/ProductVariant/46512702423335;AN02937-14;14;149500.0;109000.0;0;gid://shopify/Product/8613207212327;Anel Maes 2013 De Ouro Rosa E Branco 18K E Diamante Solitário;1;13;0;AN02937;AN02937-14;gid://shopify/ProductVariant/46512702423335;0.0;0.0;False;False
gid://shopify/ProductVariant/46512702456103;AN02937-15;15;149500.0;109000.0;0;gid://shopify/Product/8613207212327;Anel Maes 2013 De Ouro Rosa E Branco 18K E Diamante Solitário;1;13;0;AN02937;AN02937-15;gid://shopify/ProductVariant/46512702456103;0.0;0.0;False;False
gid://shopify/ProductVariant/46512702488871;AN02937-16;16;149500.0;109000.0;1;gid://shopify/Product/8613207212327;Anel Maes 2013 De Ouro Rosa E Branco 18K E Diamante Solitário;1;13;0;AN02937;AN02937-16;gid://shopify/ProductVariant/46512702488871;0.0;0.0;False;True
gid://shopify/ProductVariant/46512702521639;AN02937-17;17;149500.0;109000.0;0;gid://shopify/Product/8613207212327;Anel Maes 2013 De Ouro Rosa E Branco 18K E Diamante Solitário;1;13;0;AN02937;AN02937-17;gid://shopify/ProductVariant/46512702521639;0.0;0.0;False;False
gid://shopify/ProductVariant/46512702554407;AN02937-18;18;149500.0;109000.0;0;gid://shopify/Product/8613207212327;Anel Maes 2013 De Ouro Rosa E Branco 18K E Diamante Solitário;1;13;0;AN02937;AN02937-18;gid://shopify/ProductVariant/46512702554407;0.0;0.0;False;False
gid://shopify/ProductVariant/46512702587175;AN02937-19;19;149500.0;109000.0;0;gid://shopify/Product/8613207212327;Anel Maes 2013 De Ouro Rosa E Branco 18K E Diamante Solitário;1;13;0;AN02937;AN02937-19;gid://shopify/ProductVariant/46512702587175;0.0;0.0;False;False
gid://shopify/ProductVariant/46512702619943;AN02937-20;20;149500.0;109000.0;0;gid://shopify/Product/8613207212327;Anel Maes 2013 De Ouro Rosa E Branco 18K E Diamante Solitário;1;13;0;AN02937;AN02937-20;gid://shopify/ProductVariant/46512702619943;0.0;0.0;False;False
gid://shopify/ProductVariant/46512702652711;AN02937-21;21;149500.0;109000.0;0;gid://shopify/Product/8613207212327;Anel Maes 2013 De Ouro Rosa E Branco 18K E Diamante Solitário;1;13;0;AN02937;AN02937-21;gid://shopify/ProductVariant/46512702652711;0.0;0.0;False;False
gid://shopify/ProductVariant/46512702685479;AN02937-22;22;149500.0;109000.0;0;gid://shopify/Product/8613207212327;Anel Maes 2013 De Ouro Rosa E Branco 18K E Diamante Solitário;1;13;0;AN02937;AN02937-22;gid://shopify/ProductVariant/46512702685479;0.0;0.0;False;False
gid://shopify/ProductVariant/46512703176999;BR05759T;G;3500.0;3000.0;5;gid://shopify/Product/8613207441703;Piercing Voyeur De Ouro Branco 18K Com Ródio Negro E Diamante Negro - G;5;1;0;BR05759T;BR05759T;gid://shopify/ProductVariant/46512703176999;5.0;0.0;True;False
gid://shopify/ProductVariant/46529087242535;PU01979T;PP;3500.0;3500.0;9;gid://shopify/Product/8578446229799;Pulseira Leopardo De Prata Com Ouro Amarelo;25;4;5;PU01979T;PU01979T;gid://shopify/ProductVariant/46529087242535;0.0;5.0;True;True
gid://shopify/ProductVariant/46549908390183;PU01859T;M;1590.0;1590.0;6;gid://shopify/Product/8577931280679;Pulseira JV MAN II | Prata Com Ouro Branco 18k;24;4;2;PU01859T;PU01859T;gid://shopify/ProductVariant/46549908390183;0.0;5.0;True;True
gid://shopify/ProductVariant/46549908422951;PU01860T;G;1590.0;1590.0;6;gid://shopify/Product/8577931280679;Pulseira JV MAN II | Prata Com Ouro Branco 18k;24;4;2;PU01860T;PU01860T;gid://shopify/ProductVariant/46549908422951;0.0;5.0;True;True
gid://shopify/ProductVariant/46549915468071;PU01877T;GG;1590.0;1590.0;7;gid://shopify/Product/8577931280679;Pulseira JV MAN II | Prata Com Ouro Branco 18k;24;4;2;PU01877T;PU01877T;gid://shopify/ProductVariant/46549915468071;0.0;5.0;True;True
gid://shopify/ProductVariant/46549948203303;PU01874T;G;2900.0;2900.0;8;gid://shopify/Product/8577927676199;Pulseira JV MAN II | Prata Com Ouro Branco 18k;14;2;3;PU01874T;PU01874T;gid://shopify/ProductVariant/46549948203303;0.0;0.0;False;True
gid://shopify/ProductVariant/46550040117543;PU01905T;M;1590.0;1590.0;5;gid://shopify/Product/8577942192423;Pulseira JV MAN II | Prata Com Ouro Branco 18k Fosco;20;4;1;PU01905T;PU01905T;gid://shopify/ProductVariant/46550040117543;0.0;5.0;True;False
gid://shopify/ProductVariant/46550040150311;PU01906T;G;1590.0;1590.0;5;gid://shopify/Product/8577942192423;Pulseira JV MAN II | Prata Com Ouro Branco 18k Fosco;20;4;1;PU01906T;PU01906T;gid://shopify/ProductVariant/46550040150311;0.0;5.0;True;False
gid://shopify/ProductVariant/46550178922791;PU01907T;GG;1590.0;1590.0;5;gid://shopify/Product/8577942192423;Pulseira JV MAN II | Prata Com Ouro Branco 18k Fosco;20;4;1;PU01907T;PU01907T;gid://shopify/ProductVariant/46550178922791;0.0;5.0;True;False
gid://shopify/ProductVariant/46550402236711;PU01856T;M;1590.0;1590.0;5;gid://shopify/Product/8577930985767;Pulseira JV MAN II | Prata Com Ródio Negro;24;4;2;PU01856T;PU01856T;gid://shopify/ProductVariant/46550402236711;0.0;5.0;True;False
gid://shopify/ProductVariant/46550402269479;PU01857T;G;1590.0;1590.0;5;gid://shopify/Product/8577930985767;Pulseira JV MAN II | Prata Com Ródio Negro;24;4;2;PU01857T;PU01857T;gid://shopify/ProductVariant/46550402269479;0.0;5.0;True;False
gid://shopify/ProductVariant/46550644457767;PU01876T;GG;1590.0;1590.0;8;gid://shopify/Product/8577930985767;Pulseira JV MAN II | Prata Com Ródio Negro;24;4;2;PU01876T;PU01876T;gid://shopify/ProductVariant/46550644457767;0.0;5.0;True;True
gid://shopify/ProductVariant/46550714188071;PU01869T;M;2900.0;2900.0;3;gid://shopify/Product/8577927053607;Pulseira JV MAN II | Prata Com Ródio Negro;14;3;3;PU01869T;PU01869T;gid://shopify/ProductVariant/46550714188071;0.0;0.0;False;True
gid://shopify/ProductVariant/46550714220839;PU01881T;GG;2900.0;2900.0;2;gid://shopify/Product/8577927053607;Pulseira JV MAN II | Prata Com Ródio Negro;14;3;3;PU01881T;PU01881T;gid://shopify/ProductVariant/46550714220839;0.0;0.0;False;True
gid://shopify/ProductVariant/46550771106087;PU01875T;GG;6500.0;6500.0;6;gid://shopify/Product/8577925054759;Pulseira JV MAN II | Prata Com Ródio Negro e diamantes negros;11;2;1;PU01875T;PU01875T;gid://shopify/ProductVariant/46550771106087;0.0;5.0;True;True
gid://shopify/ProductVariant/46551161045287;PU01910T;G;6500.0;5900.0;6;gid://shopify/Product/8577944781095;Pulseira JV MAN II De Prata Com Ródio Negro Fosco E Diamante Negro;23;4;1;PU01910T;PU01910T;gid://shopify/ProductVariant/46551161045287;0.0;5.0;True;True
gid://shopify/ProductVariant/46551161766183;PU01901T;M;1590.0;1590.0;5;gid://shopify/Product/8577941307687;Pulseira JV MAN II De Prata Com Ródio Negro Fosco;22;4;1;PU01901T;PU01901T;gid://shopify/ProductVariant/46551161766183;0.0;5.0;True;False
gid://shopify/ProductVariant/46551161798951;PU01902T;G;1590.0;1590.0;5;gid://shopify/Product/8577941307687;Pulseira JV MAN II De Prata Com Ródio Negro Fosco;22;4;1;PU01902T;PU01902T;gid://shopify/ProductVariant/46551161798951;0.0;5.0;True;False
gid://shopify/ProductVariant/46551266885927;PU01884T;P;2700.0;2700.0;5;gid://shopify/Product/8577943830823;Pulseira JV MAN II | Prata Com Ródio Negro Fosco;29;4;1;PU01884T;PU01884T;gid://shopify/ProductVariant/46551266885927;0.0;0.0;False;True
gid://shopify/ProductVariant/46551281271079;PU01886T;M;2700.0;2700.0;9;gid://shopify/Product/8577943830823;Pulseira JV MAN II | Prata Com Ródio Negro Fosco;29;4;1;PU01886T;PU01886T;gid://shopify/ProductVariant/46551281271079;0.0;0.0;False;True
gid://shopify/ProductVariant/46551306993959;PU01908T;P;6500.0;6500.0;6;gid://shopify/Product/8577944781095;Pulseira JV MAN II De Prata Com Ródio Negro Fosco E Diamante Negro;23;4;1;PU01908T;PU01908T;gid://shopify/ProductVariant/46551306993959;0.0;5.0;True;True
gid://shopify/ProductVariant/46551313973543;PU01903T;GG;1590.0;1590.0;7;gid://shopify/Product/8577941307687;Pulseira JV MAN II De Prata Com Ródio Negro Fosco;22;4;1;PU01903T;PU01903T;gid://shopify/ProductVariant/46551313973543;0.0;5.0;True;True
gid://shopify/ProductVariant/46551335305511;PU01854T;G;6500.0;6500.0;5;gid://shopify/Product/8577924268327;Pulseira JV MAN II | Prata Com Ródio Negro E Diamante Negro;11;2;2;PU01854T;PU01854T;gid://shopify/ProductVariant/46551335305511;0.0;5.0;True;False
gid://shopify/ProductVariant/46551392354599;PU01888T;G;2700.0;2700.0;8;gid://shopify/Product/8577943830823;Pulseira JV MAN II | Prata Com Ródio Negro Fosco;29;4;1;PU01888T;PU01888T;gid://shopify/ProductVariant/46551392354599;0.0;0.0;False;True
gid://shopify/ProductVariant/46551569531175;PU01911T;GG;6500.0;5900.0;5;gid://shopify/Product/8577944781095;Pulseira JV MAN II De Prata Com Ródio Negro Fosco E Diamante Negro;23;4;1;PU01911T;PU01911T;gid://shopify/ProductVariant/46551569531175;0.0;5.0;True;False
gid://shopify/ProductVariant/46551620223271;PU01887T;M;2700.0;2700.0;2;gid://shopify/Product/8577943175463;Pulseira JV MAN II | Prata Com Ouro Branco 18k Fosco;22;4;2;PU01887T;PU01887T;gid://shopify/ProductVariant/46551620223271;0.0;0.0;False;True
gid://shopify/ProductVariant/46551643914535;PU01891T;GG;2700.0;2700.0;6;gid://shopify/Product/8577943175463;Pulseira JV MAN II | Prata Com Ouro Branco 18k Fosco;22;4;2;PU01891T;PU01891T;gid://shopify/ProductVariant/46551643914535;0.0;0.0;False;True
gid://shopify/ProductVariant/46551651156263;PU01889T;G;2700.0;2700.0;14;gid://shopify/Product/8577943175463;Pulseira JV MAN II | Prata Com Ouro Branco 18k Fosco;22;4;2;PU01889T;PU01889T;gid://shopify/ProductVariant/46551651156263;0.0;0.0;False;True
gid://shopify/ProductVariant/46562873049383;CL03751;P;23000.0;22000.0;5;gid://shopify/Product/8573654860071;Colar Love NY De Ouro Branco 18K E Diamante;15;3;2;CL03751;CL03751;gid://shopify/ProductVariant/46562873049383;5.0;0.0;True;False
gid://shopify/ProductVariant/46562873082151;CL03785;G;23000.0;22000.0;5;gid://shopify/Product/8573654860071;Colar Love NY De Ouro Branco 18K E Diamante;15;3;2;CL03785;CL03785;gid://shopify/ProductVariant/46562873082151;5.0;0.0;True;False
gid://shopify/ProductVariant/46562932261159;CL03714;M;21000.0;16000.0;5;gid://shopify/Product/8608792969511;Colar Love Ny De Ouro Amarelo 18K E Diamante - P;10;3;2;CL03714;CL03714;gid://shopify/ProductVariant/46562932261159;5.0;0.0;True;False
gid://shopify/ProductVariant/46562932293927;CL03783;G;21000.0;16000.0;0;gid://shopify/Product/8608792969511;Colar Love Ny De Ouro Amarelo 18K E Diamante - P;10;3;2;CL03783;CL03783;gid://shopify/ProductVariant/46562932293927;0.0;0.0;False;False
gid://shopify/ProductVariant/46563061137703;PU01660T;P;4850.0;4850.0;5;gid://shopify/Product/8577723072807;Pulseira Orquidea De Prata Com Ouro Rosa E Diamante;15;3;2;PU01660T;PU01660T;gid://shopify/ProductVariant/46563061137703;0.0;5.0;True;False
gid://shopify/ProductVariant/46563061203239;PU01662T;G;4850.0;4850.0;5;gid://shopify/Product/8577723072807;Pulseira Orquidea De Prata Com Ouro Rosa E Diamante;15;3;2;PU01662T;PU01662T;gid://shopify/ProductVariant/46563061203239;0.0;5.0;True;False
gid://shopify/ProductVariant/46563132866855;PU02015T;M;2800.0;2800.0;8;gid://shopify/Product/8578005369127;Bracelete Rock | Prata com Ouro Amarelo 18K;27;3;5;PU02015T;PU02015T;gid://shopify/ProductVariant/46563132866855;0.0;5.0;True;True
gid://shopify/ProductVariant/46563132899623;PU02016T;G;2800.0;2800.0;11;gid://shopify/Product/8578005369127;Bracelete Rock | Prata com Ouro Amarelo 18K;27;3;5;PU02016T;PU02016T;gid://shopify/ProductVariant/46563132899623;0.0;5.0;True;True
gid://shopify/ProductVariant/46563155837223;PU02008T;M;5400.0;5400.0;5;gid://shopify/Product/8578006384935;Pulseira Rock Chain | Prata com Ouro Amarelo 18K;15;3;4;PU02008T;PU02008T;gid://shopify/ProductVariant/46563155837223;0.0;5.0;True;False
gid://shopify/ProductVariant/46563155869991;PU02009T;G;5700.0;5700.0;5;gid://shopify/Product/8578006384935;Pulseira Rock Chain | Prata com Ouro Amarelo 18K;15;3;4;PU02009T;PU02009T;gid://shopify/ProductVariant/46563155869991;0.0;5.0;True;False
gid://shopify/ProductVariant/46579526435111;AN03267-10;10;285500.0;285500.0;0;gid://shopify/Product/8630831677735;Anel New Vintage | Ouro Branco 18K com Safira de 37CT e Diamantes;1;13;5;AN03267;AN03267-10;gid://shopify/ProductVariant/46579526435111;0.0;0.0;False;False
gid://shopify/ProductVariant/46579526467879;AN03267-11;11;285500.0;285500.0;0;gid://shopify/Product/8630831677735;Anel New Vintage | Ouro Branco 18K com Safira de 37CT e Diamantes;1;13;5;AN03267;AN03267-11;gid://shopify/ProductVariant/46579526467879;0.0;0.0;False;False
gid://shopify/ProductVariant/46579526500647;AN03267-12;12;285500.0;285500.0;0;gid://shopify/Product/8630831677735;Anel New Vintage | Ouro Branco 18K com Safira de 37CT e Diamantes;1;13;5;AN03267;AN03267-12;gid://shopify/ProductVariant/46579526500647;0.0;0.0;False;False
gid://shopify/ProductVariant/46579526533415;AN03267-13;13;285500.0;285500.0;0;gid://shopify/Product/8630831677735;Anel New Vintage | Ouro Branco 18K com Safira de 37CT e Diamantes;1;13;5;AN03267;AN03267-13;gid://shopify/ProductVariant/46579526533415;0.0;0.0;False;False
gid://shopify/ProductVariant/46579526566183;AN03267-14;14;285500.0;285500.0;0;gid://shopify/Product/8630831677735;Anel New Vintage | Ouro Branco 18K com Safira de 37CT e Diamantes;1;13;5;AN03267;AN03267-14;gid://shopify/ProductVariant/46579526566183;0.0;0.0;False;False
gid://shopify/ProductVariant/46579526598951;AN03267-15;15;285500.0;285500.0;0;gid://shopify/Product/8630831677735;Anel New Vintage | Ouro Branco 18K com Safira de 37CT e Diamantes;1;13;5;AN03267;AN03267-15;gid://shopify/ProductVariant/46579526598951;0.0;0.0;False;False
gid://shopify/ProductVariant/46579526631719;AN03267-16;16;285500.0;285500.0;0;gid://shopify/Product/8630831677735;Anel New Vintage | Ouro Branco 18K com Safira de 37CT e Diamantes;1;13;5;AN03267;AN03267-16;gid://shopify/ProductVariant/46579526631719;0.0;0.0;False;False
gid://shopify/ProductVariant/46579526664487;AN03267-17;17;285500.0;285500.0;1;gid://shopify/Product/8630831677735;Anel New Vintage | Ouro Branco 18K com Safira de 37CT e Diamantes;1;13;5;AN03267;AN03267-17;gid://shopify/ProductVariant/46579526664487;0.0;0.0;False;True
gid://shopify/ProductVariant/46579526697255;AN03267-18;18;285500.0;285500.0;0;gid://shopify/Product/8630831677735;Anel New Vintage | Ouro Branco 18K com Safira de 37CT e Diamantes;1;13;5;AN03267;AN03267-18;gid://shopify/ProductVariant/46579526697255;0.0;0.0;False;False
gid://shopify/ProductVariant/46579526730023;AN03267-19;19;285500.0;285500.0;0;gid://shopify/Product/8630831677735;Anel New Vintage | Ouro Branco 18K com Safira de 37CT e Diamantes;1;13;5;AN03267;AN03267-19;gid://shopify/ProductVariant/46579526730023;0.0;0.0;False;False
gid://shopify/ProductVariant/46579526762791;AN03267-20;20;285500.0;285500.0;0;gid://shopify/Product/8630831677735;Anel New Vintage | Ouro Branco 18K com Safira de 37CT e Diamantes;1;13;5;AN03267;AN03267-20;gid://shopify/ProductVariant/46579526762791;0.0;0.0;False;False
gid://shopify/ProductVariant/46579526795559;AN03267-21;21;285500.0;285500.0;0;gid://shopify/Product/8630831677735;Anel New Vintage | Ouro Branco 18K com Safira de 37CT e Diamantes;1;13;5;AN03267;AN03267-21;gid://shopify/ProductVariant/46579526795559;0.0;0.0;False;False
gid://shopify/ProductVariant/46579526828327;AN03267-22;22;285500.0;285500.0;0;gid://shopify/Product/8630831677735;Anel New Vintage | Ouro Branco 18K com Safira de 37CT e Diamantes;1;13;5;AN03267;AN03267-22;gid://shopify/ProductVariant/46579526828327;0.0;0.0;False;False
gid://shopify/ProductVariant/46579528401191;AN03604-10;10;69000.0;69000.0;0;gid://shopify/Product/8630832431399;Anel New Vintage | Ouro Amarelo 18K com Esmeralda e Diamantes;0;13;4;AN03604;AN03604-10;gid://shopify/ProductVariant/46579528401191;0.0;0.0;False;False
gid://shopify/ProductVariant/46579528433959;AN03604-11;11;69000.0;69000.0;0;gid://shopify/Product/8630832431399;Anel New Vintage | Ouro Amarelo 18K com Esmeralda e Diamantes;0;13;4;AN03604;AN03604-11;gid://shopify/ProductVariant/46579528433959;0.0;0.0;False;False
gid://shopify/ProductVariant/46579528466727;AN03604-12;12;69000.0;69000.0;0;gid://shopify/Product/8630832431399;Anel New Vintage | Ouro Amarelo 18K com Esmeralda e Diamantes;0;13;4;AN03604;AN03604-12;gid://shopify/ProductVariant/46579528466727;0.0;0.0;False;False
gid://shopify/ProductVariant/46579528499495;AN03604-13;13;69000.0;69000.0;0;gid://shopify/Product/8630832431399;Anel New Vintage | Ouro Amarelo 18K com Esmeralda e Diamantes;0;13;4;AN03604;AN03604-13;gid://shopify/ProductVariant/46579528499495;0.0;0.0;False;False
gid://shopify/ProductVariant/46579528532263;AN03604-14;14;69000.0;69000.0;0;gid://shopify/Product/8630832431399;Anel New Vintage | Ouro Amarelo 18K com Esmeralda e Diamantes;0;13;4;AN03604;AN03604-14;gid://shopify/ProductVariant/46579528532263;0.0;0.0;False;False
gid://shopify/ProductVariant/46579528565031;AN03604-15;15;69000.0;69000.0;0;gid://shopify/Product/8630832431399;Anel New Vintage | Ouro Amarelo 18K com Esmeralda e Diamantes;0;13;4;AN03604;AN03604-15;gid://shopify/ProductVariant/46579528565031;0.0;0.0;False;False
gid://shopify/ProductVariant/46579528597799;AN03604-16;16;69000.0;69000.0;0;gid://shopify/Product/8630832431399;Anel New Vintage | Ouro Amarelo 18K com Esmeralda e Diamantes;0;13;4;AN03604;AN03604-16;gid://shopify/ProductVariant/46579528597799;0.0;0.0;False;False
gid://shopify/ProductVariant/46579528630567;AN03604-17;17;69000.0;69000.0;0;gid://shopify/Product/8630832431399;Anel New Vintage | Ouro Amarelo 18K com Esmeralda e Diamantes;0;13;4;AN03604;AN03604-17;gid://shopify/ProductVariant/46579528630567;0.0;0.0;False;False
gid://shopify/ProductVariant/46579528663335;AN03604-18;18;69000.0;69000.0;0;gid://shopify/Product/8630832431399;Anel New Vintage | Ouro Amarelo 18K com Esmeralda e Diamantes;0;13;4;AN03604;AN03604-18;gid://shopify/ProductVariant/46579528663335;0.0;0.0;False;False
gid://shopify/ProductVariant/46579528696103;AN03604-19;19;69000.0;69000.0;0;gid://shopify/Product/8630832431399;Anel New Vintage | Ouro Amarelo 18K com Esmeralda e Diamantes;0;13;4;AN03604;AN03604-19;gid://shopify/ProductVariant/46579528696103;0.0;0.0;False;False
gid://shopify/ProductVariant/46579528728871;AN03604-20;20;69000.0;69000.0;0;gid://shopify/Product/8630832431399;Anel New Vintage | Ouro Amarelo 18K com Esmeralda e Diamantes;0;13;4;AN03604;AN03604-20;gid://shopify/ProductVariant/46579528728871;0.0;0.0;False;False
gid://shopify/ProductVariant/46579528761639;AN03604-21;21;69000.0;69000.0;0;gid://shopify/Product/8630832431399;Anel New Vintage | Ouro Amarelo 18K com Esmeralda e Diamantes;0;13;4;AN03604;AN03604-21;gid://shopify/ProductVariant/46579528761639;0.0;0.0;False;False
gid://shopify/ProductVariant/46579528794407;AN03604-22;22;69000.0;69000.0;0;gid://shopify/Product/8630832431399;Anel New Vintage | Ouro Amarelo 18K com Esmeralda e Diamantes;0;13;4;AN03604;AN03604-22;gid://shopify/ProductVariant/46579528794407;0.0;0.0;False;False
gid://shopify/ProductVariant/46579531972903;BR06592T;Default Title;33500.0;29000.0;5;gid://shopify/Product/8630833185063;Argola Fringe New Vintage | Ouro Amarelo 18K com Diamantes;5;1;4;BR06592T;BR06592T;gid://shopify/ProductVariant/46579531972903;5.0;0.0;True;False
gid://shopify/ProductVariant/46579532398887;BR06593T;Default Title;48900.0;42500.0;6;gid://shopify/Product/8630833545511;Brinco Power Fringe New Vintage | Ouro Amarelo 18K com Diamantes;6;1;5;BR06593T;BR06593T;gid://shopify/ProductVariant/46579532398887;5.0;0.0;True;True
gid://shopify/ProductVariant/46579532890407;BR06594T;Default Title;25500.0;22000.0;5;gid://shopify/Product/8630833709351;Brinco New Vintage | Ouro Amarelo 18K com Diamantes;5;1;3;BR06594T;BR06594T;gid://shopify/ProductVariant/46579532890407;5.0;0.0;True;False
gid://shopify/ProductVariant/46579533775143;BR06618T;G;62500.0;54000.0;5;gid://shopify/Product/8630834299175;Argola Power Diamond - G | OURO AMARELO 18K COM DIAMANTES;5;1;5;BR06618T;BR06618T;gid://shopify/ProductVariant/46579533775143;5.0;0.0;True;False
gid://shopify/ProductVariant/46579534004519;BR06620T;Default Title;25500.0;22000.0;7;gid://shopify/Product/8630834528551;Brinco New Vintage | Ouro Branco 18K com Diamantes;7;1;5;BR06620T;BR06620T;gid://shopify/ProductVariant/46579534004519;5.0;0.0;True;True
gid://shopify/ProductVariant/46579534528807;BR06621T;Default Title;28900.0;25000.0;5;gid://shopify/Product/8630834725159;Brinco New Vintage Diamond | Ouro Branco 18K com Diamantes;5;1;4;BR06621T;BR06621T;gid://shopify/ProductVariant/46579534528807;5.0;0.0;True;False
gid://shopify/ProductVariant/46579535085863;BR06622T;Default Title;48500.0;42000.0;5;gid://shopify/Product/8630834954535;Brinco Diamond Fringe | Ouro Branco 18K e Diamantes;5;1;5;BR06622T;BR06622T;gid://shopify/ProductVariant/46579535085863;5.0;0.0;True;False
gid://shopify/ProductVariant/46579535708455;BR06623T;Default Title;48900.0;42500.0;6;gid://shopify/Product/8630835249447;Brinco Power Fringe New Vintage | Ouro Branco 18K com Diamantes;6;1;5;BR06623T;BR06623T;gid://shopify/ProductVariant/46579535708455;5.0;0.0;True;True
gid://shopify/ProductVariant/46579536593191;BR06624T;Default Title;43500.0;37500.0;5;gid://shopify/Product/8630835478823;Argola Power Fringe New Vintage | Ouro Amarelo 18K e Diamantes;5;1;4;BR06624T;BR06624T;gid://shopify/ProductVariant/46579536593191;5.0;0.0;True;False
gid://shopify/ProductVariant/46579537084711;BR06625T;Default Title;43500.0;37500.0;7;gid://shopify/Product/8630835773735;Argola Power Fringe New Vintage | Ouro Branco 18K com Diamantes;7;1;4;BR06625T;BR06625T;gid://shopify/ProductVariant/46579537084711;5.0;0.0;True;True
gid://shopify/ProductVariant/46579537805607;BR06627T;M;42900.0;37000.0;6;gid://shopify/Product/8630836068647;Argola Power Diamond - M | Ouro Amarelo 18K com Diamantes;6;1;4;BR06627T;BR06627T;gid://shopify/ProductVariant/46579537805607;5.0;0.0;True;True
gid://shopify/ProductVariant/46579538297127;BR06628T;M;42900.0;42900.0;6;gid://shopify/Product/8630836298023;Argola Power Diamond - M | Ouro Branco 18K com Diamantes;6;1;4;BR06628T;BR06628T;gid://shopify/ProductVariant/46579538297127;5.0;0.0;True;True
gid://shopify/ProductVariant/46579539050791;BR06629T;G;62500.0;62500.0;7;gid://shopify/Product/8630836592935;Argola Power Diamond - G | Ouro Branco 18K com Diamantes;7;1;4;BR06629T;BR06629T;gid://shopify/ProductVariant/46579539050791;5.0;0.0;True;True
gid://shopify/ProductVariant/46579539312935;BR06632T;Default Title;28900.0;25000.0;7;gid://shopify/Product/8630836789543;Brinco New Vintage Diamond | Ouro Amarelo 18K com Diamantes;7;1;5;BR06632T;BR06632T;gid://shopify/ProductVariant/46579539312935;5.0;0.0;True;True
gid://shopify/ProductVariant/46579540263207;BR06633T;Default Title;48500.0;42000.0;7;gid://shopify/Product/8630837084455;Brinco New Vintage De Ouro Amarelo 18K E Diamante;7;1;0;BR06633T;BR06633T;gid://shopify/ProductVariant/46579540263207;5.0;0.0;True;True
gid://shopify/ProductVariant/46579541508391;BR06635T;Default Title;36900.0;32000.0;5;gid://shopify/Product/8630837477671;Brinco New Vintage Power | Ouro Branco 18K com Diamantes;5;1;4;BR06635T;BR06635T;gid://shopify/ProductVariant/46579541508391;5.0;0.0;True;False
gid://shopify/ProductVariant/46579542425895;BR06638T;Default Title;95000.0;95000.0;0;gid://shopify/Product/8630838067495;Brinco New Vintage Fringe | Ouro Amarelo e Branco 18K com Esmeraldas e Diamantes;0;1;4;BR06638T;BR06638T;gid://shopify/ProductVariant/46579542425895;0.0;0.0;False;False
gid://shopify/ProductVariant/46579545112871;PU02097T;M;39500.0;34000.0;5;gid://shopify/Product/8630839017767;Pulseira New Vintage Fringe | Ouro Amarelo 18K com Diamantes;15;3;4;PU02097T;PU02097T;gid://shopify/ProductVariant/46579545112871;5.0;0.0;True;False
gid://shopify/ProductVariant/46579545768231;PU02098T;M;39500.0;34000.0;5;gid://shopify/Product/8630839279911;Pulseira New Vintage Fringe | Ouro Branco 18K com Diamantes;15;3;3;PU02098T;PU02098T;gid://shopify/ProductVariant/46579545768231;5.0;0.0;True;False
gid://shopify/ProductVariant/46775448305959;teste;Default Title;0.1;;0;gid://shopify/Product/8714357047591;Testando o fluxo shopify;0;1;1;teste;teste;gid://shopify/ProductVariant/46775448305959;0.0;0.0;False;False
gid://shopify/ProductVariant/46829992640807;PU02106T;P;37500.0;32500.0;5;gid://shopify/Product/8630839279911;Pulseira New Vintage Fringe | Ouro Branco 18K com Diamantes;15;3;3;PU02106T;PU02106T;gid://shopify/ProductVariant/46829992640807;5.0;0.0;True;False
gid://shopify/ProductVariant/46829992673575;PU02107T;G;44900.0;39000.0;5;gid://shopify/Product/8630839279911;Pulseira New Vintage Fringe | Ouro Branco 18K com Diamantes;15;3;3;PU02107T;PU02107T;gid://shopify/ProductVariant/46829992673575;5.0;0.0;True;False
gid://shopify/ProductVariant/46829999227175;PU02103T;P;37500.0;32500.0;5;gid://shopify/Product/8630839017767;Pulseira New Vintage Fringe | Ouro Amarelo 18K com Diamantes;15;3;4;PU02103T;PU02103T;gid://shopify/ProductVariant/46829999227175;5.0;0.0;True;False
gid://shopify/ProductVariant/46829999259943;PU02105T;G;44900.0;39000.0;5;gid://shopify/Product/8630839017767;Pulseira New Vintage Fringe | Ouro Amarelo 18K com Diamantes;15;3;4;PU02105T;PU02105T;gid://shopify/ProductVariant/46829999259943;5.0;0.0;True;False
gid://shopify/ProductVariant/46965622571303;CL04655;G;7800.0;7800.0;0;gid://shopify/Product/8775432700199;Colar Black Leopardo De Prata Com Ródio Negro - G;0;1;0;CL04655;CL04655;gid://shopify/ProductVariant/46965622571303;0.0;0.0;False;False
gid://shopify/ProductVariant/46965622997287;CL01440;Default Title;55000.0;55000.0;0;gid://shopify/Product/8775432864039;Colar Choker De Ouro Branco 18K E Diamante;0;1;0;CL01440;CL01440;gid://shopify/ProductVariant/46965622997287;0.0;0.0;False;False
gid://shopify/ProductVariant/46965623226663;CL01514;Default Title;9900.0;6300.0;5;gid://shopify/Product/8775432929575;Colar Choker De Ouro Amarelo 18K E Diamante;5;1;0;CL01514;CL01514;gid://shopify/ProductVariant/46965623226663;5.0;0.0;True;False
gid://shopify/ProductVariant/46965623488807;BR06582T;Default Title;37900.0;37900.0;0;gid://shopify/Product/8775433060647;Brinco Clássico | Ouro Amarelo E Branco 18K, Esmeraldas de 6CT e Diamantes Negros;0;1;2;BR06582T;BR06582T;gid://shopify/ProductVariant/46965623488807;0.0;0.0;False;False
gid://shopify/ProductVariant/46965624144167;PU01409T;Default Title;26500.0;26500.0;0;gid://shopify/Product/8775433355559;Pulseira Clássico De Ouro 18K Com Ródio Negro E Esmeralda;0;1;0;PU01409T;PU01409T;gid://shopify/ProductVariant/46965624144167;0.0;0.0;False;False
gid://shopify/ProductVariant/46965624242471;PU02073T;Default Title;178500.0;155000.0;1;gid://shopify/Product/8775433453863;Pulseira Clássico De Ouro Branco 18K E Diamante;1;1;0;PU02073T;PU02073T;gid://shopify/ProductVariant/46965624242471;0.0;0.0;False;True
gid://shopify/ProductVariant/46965624373543;BR06505T;Default Title;28900.0;20500.0;5;gid://shopify/Product/8775433552167;Brinco Dolce Vita De Ouro Amarelo 18K E Malaquita;5;1;0;BR06505T;BR06505T;gid://shopify/ProductVariant/46965624373543;5.0;0.0;True;False
gid://shopify/ProductVariant/46965624701223;BR06589T;Default Title;44900.0;39000.0;5;gid://shopify/Product/8775433683239;Brinco Dolce Vita De Ouro Amarelo 18K E Turquesa E Diamante;5;1;0;BR06589T;BR06589T;gid://shopify/ProductVariant/46965624701223;5.0;0.0;True;False
gid://shopify/ProductVariant/46965625061671;PI01483;Default Title;10500.0;10500.0;0;gid://shopify/Product/8775433814311;Pingente Dolce Vita De Ouro Amarelo 18K E Turquesa;0;1;2;PI01483;PI01483;gid://shopify/ProductVariant/46965625061671;0.0;0.0;False;False
gid://shopify/ProductVariant/46965625389351;BR06272T;Default Title;211900.0;211900.0;1;gid://shopify/Product/8775433912615;Brinco Especial De Ouro 18K Com Ródio Negro E Esmeralda;1;1;0;BR06272T;BR06272T;gid://shopify/ProductVariant/46965625389351;0.0;0.0;False;True
gid://shopify/ProductVariant/46965625749799;BR06609T;Default Title;15900.0;13800.0;5;gid://shopify/Product/8775434043687;Brinco Especial De Ouro Branco 18K E Diamante Negro;5;1;0;BR06609T;BR06609T;gid://shopify/ProductVariant/46965625749799;5.0;0.0;True;False
gid://shopify/ProductVariant/46965626274087;CL04587;Default Title;112900.0;82000.0;1;gid://shopify/Product/8775434240295;Colar Especial De Ouro Branco 18K E Diamante;1;1;0;CL04587;CL04587;gid://shopify/ProductVariant/46965626274087;0.0;0.0;False;True
gid://shopify/ProductVariant/46965627650343;CL04676;Default Title;12900.0;11000.0;5;gid://shopify/Product/8775434797351;Colar Especial De Ouro Branco 18K E Diamante;5;1;0;CL04676;CL04676;gid://shopify/ProductVariant/46965627650343;5.0;0.0;True;False
gid://shopify/ProductVariant/46965628240167;PU02025T;Default Title;39800.0;39800.0;0;gid://shopify/Product/8775435092263;Pulseira Especial De Ouro 18K Com Ródio Negro E Esmeralda;0;1;0;PU02025T;PU02025T;gid://shopify/ProductVariant/46965628240167;0.0;0.0;False;False
gid://shopify/ProductVariant/46965629616423;BR06642T;Default Title;23500.0;23500.0;1;gid://shopify/Product/8775435616551;Brinco New Vintage De Ouro Amarelo 18K E Diamante;1;1;0;BR06642T;BR06642T;gid://shopify/ProductVariant/46965629616423;0.0;0.0;False;True
gid://shopify/ProductVariant/46965629714727;BR06588T;Default Title;5900.0;4000.0;5;gid://shopify/Product/8775435714855;Brinco Ear Cuff Piscine | Ouro Amarelo 18K;5;1;1;BR06588T;BR06588T;gid://shopify/ProductVariant/46965629714727;5.0;0.0;True;False
gid://shopify/ProductVariant/46965631615271;BR06586T;Default Title;8900.0;8900.0;0;gid://shopify/Product/8775436239143;Brinco Rock Star De Ouro 18K Com Ródio Negro E Rubi E Diamante;0;1;0;BR06586T;BR06586T;gid://shopify/ProductVariant/46965631615271;0.0;0.0;False;False
gid://shopify/ProductVariant/46965633024295;AN03610-10;10;8900.0;8900.0;0;gid://shopify/Product/8775436599591;Anel Savage De Ouro Branco 18K E Diamante;0;13;0;AN03610;AN03610-10;gid://shopify/ProductVariant/46965633024295;0.0;0.0;False;False
gid://shopify/ProductVariant/46965633057063;AN03610-11;11;8900.0;8900.0;0;gid://shopify/Product/8775436599591;Anel Savage De Ouro Branco 18K E Diamante;0;13;0;AN03610;AN03610-11;gid://shopify/ProductVariant/46965633057063;0.0;0.0;False;False
gid://shopify/ProductVariant/46965633089831;AN03610-12;12;8900.0;8900.0;0;gid://shopify/Product/8775436599591;Anel Savage De Ouro Branco 18K E Diamante;0;13;0;AN03610;AN03610-12;gid://shopify/ProductVariant/46965633089831;0.0;0.0;False;False
gid://shopify/ProductVariant/46965633122599;AN03610-13;13;8900.0;8900.0;0;gid://shopify/Product/8775436599591;Anel Savage De Ouro Branco 18K E Diamante;0;13;0;AN03610;AN03610-13;gid://shopify/ProductVariant/46965633122599;0.0;0.0;False;False
gid://shopify/ProductVariant/46965633155367;AN03610-14;14;8900.0;8900.0;0;gid://shopify/Product/8775436599591;Anel Savage De Ouro Branco 18K E Diamante;0;13;0;AN03610;AN03610-14;gid://shopify/ProductVariant/46965633155367;0.0;0.0;False;False
gid://shopify/ProductVariant/46965633188135;AN03610-15;15;8900.0;8900.0;0;gid://shopify/Product/8775436599591;Anel Savage De Ouro Branco 18K E Diamante;0;13;0;AN03610;AN03610-15;gid://shopify/ProductVariant/46965633188135;0.0;0.0;False;False
gid://shopify/ProductVariant/46965633220903;AN03610-16;16;8900.0;8900.0;0;gid://shopify/Product/8775436599591;Anel Savage De Ouro Branco 18K E Diamante;0;13;0;AN03610;AN03610-16;gid://shopify/ProductVariant/46965633220903;0.0;0.0;False;False
gid://shopify/ProductVariant/46965633253671;AN03610-17;17;8900.0;8900.0;0;gid://shopify/Product/8775436599591;Anel Savage De Ouro Branco 18K E Diamante;0;13;0;AN03610;AN03610-17;gid://shopify/ProductVariant/46965633253671;0.0;0.0;False;False
gid://shopify/ProductVariant/46965633286439;AN03610-18;18;8900.0;8900.0;0;gid://shopify/Product/8775436599591;Anel Savage De Ouro Branco 18K E Diamante;0;13;0;AN03610;AN03610-18;gid://shopify/ProductVariant/46965633286439;0.0;0.0;False;False
gid://shopify/ProductVariant/46965633319207;AN03610-19;19;8900.0;8900.0;0;gid://shopify/Product/8775436599591;Anel Savage De Ouro Branco 18K E Diamante;0;13;0;AN03610;AN03610-19;gid://shopify/ProductVariant/46965633319207;0.0;0.0;False;False
gid://shopify/ProductVariant/46965633351975;AN03610-20;20;8900.0;8900.0;0;gid://shopify/Product/8775436599591;Anel Savage De Ouro Branco 18K E Diamante;0;13;0;AN03610;AN03610-20;gid://shopify/ProductVariant/46965633351975;0.0;0.0;False;False
gid://shopify/ProductVariant/46965633384743;AN03610-21;21;8900.0;8900.0;0;gid://shopify/Product/8775436599591;Anel Savage De Ouro Branco 18K E Diamante;0;13;0;AN03610;AN03610-21;gid://shopify/ProductVariant/46965633384743;0.0;0.0;False;False
gid://shopify/ProductVariant/46965633417511;AN03610-22;22;8900.0;8900.0;0;gid://shopify/Product/8775436599591;Anel Savage De Ouro Branco 18K E Diamante;0;13;0;AN03610;AN03610-22;gid://shopify/ProductVariant/46965633417511;0.0;0.0;False;False
gid://shopify/ProductVariant/46965633614119;BR01762;Default Title;3800.0;1900.0;5;gid://shopify/Product/8775436697895;Brinco Tlj De Ouro Rosa 18K E Diamante;5;1;0;BR01762;BR01762;gid://shopify/ProductVariant/46965633614119;5.0;0.0;True;False
gid://shopify/ProductVariant/46965633843495;AN01723-10;10;13900.0;9900.0;5;gid://shopify/Product/8775436763431;Anel Universo De Ouro Amarelo 18K;65;13;0;AN01723;AN01723-10;gid://shopify/ProductVariant/46965633843495;5.0;0.0;True;False
gid://shopify/ProductVariant/46965633876263;AN01723-11;11;13900.0;9900.0;5;gid://shopify/Product/8775436763431;Anel Universo De Ouro Amarelo 18K;65;13;0;AN01723;AN01723-11;gid://shopify/ProductVariant/46965633876263;5.0;0.0;True;False
gid://shopify/ProductVariant/46965633909031;AN01723-12;12;13900.0;9900.0;5;gid://shopify/Product/8775436763431;Anel Universo De Ouro Amarelo 18K;65;13;0;AN01723;AN01723-12;gid://shopify/ProductVariant/46965633909031;5.0;0.0;True;False
gid://shopify/ProductVariant/46965633941799;AN01723-13;13;13900.0;9900.0;5;gid://shopify/Product/8775436763431;Anel Universo De Ouro Amarelo 18K;65;13;0;AN01723;AN01723-13;gid://shopify/ProductVariant/46965633941799;5.0;0.0;True;False
gid://shopify/ProductVariant/46965634007335;AN01723-14;14;13900.0;9900.0;5;gid://shopify/Product/8775436763431;Anel Universo De Ouro Amarelo 18K;65;13;0;AN01723;AN01723-14;gid://shopify/ProductVariant/46965634007335;5.0;0.0;True;False
gid://shopify/ProductVariant/46965634040103;AN01723-15;15;13900.0;9900.0;5;gid://shopify/Product/8775436763431;Anel Universo De Ouro Amarelo 18K;65;13;0;AN01723;AN01723-15;gid://shopify/ProductVariant/46965634040103;5.0;0.0;True;False
gid://shopify/ProductVariant/46965634072871;AN01723-16;16;13900.0;9900.0;5;gid://shopify/Product/8775436763431;Anel Universo De Ouro Amarelo 18K;65;13;0;AN01723;AN01723-16;gid://shopify/ProductVariant/46965634072871;5.0;0.0;True;False
gid://shopify/ProductVariant/46965634105639;AN01723-17;17;13900.0;9900.0;5;gid://shopify/Product/8775436763431;Anel Universo De Ouro Amarelo 18K;65;13;0;AN01723;AN01723-17;gid://shopify/ProductVariant/46965634105639;5.0;0.0;True;False
gid://shopify/ProductVariant/46965634138407;AN01723-18;18;13900.0;9900.0;5;gid://shopify/Product/8775436763431;Anel Universo De Ouro Amarelo 18K;65;13;0;AN01723;AN01723-18;gid://shopify/ProductVariant/46965634138407;5.0;0.0;True;False
gid://shopify/ProductVariant/46965634171175;AN01723-19;19;13900.0;9900.0;5;gid://shopify/Product/8775436763431;Anel Universo De Ouro Amarelo 18K;65;13;0;AN01723;AN01723-19;gid://shopify/ProductVariant/46965634171175;5.0;0.0;True;False
gid://shopify/ProductVariant/46965634203943;AN01723-20;20;13900.0;9900.0;5;gid://shopify/Product/8775436763431;Anel Universo De Ouro Amarelo 18K;65;13;0;AN01723;AN01723-20;gid://shopify/ProductVariant/46965634203943;5.0;0.0;True;False
gid://shopify/ProductVariant/46965634236711;AN01723-21;21;13900.0;9900.0;5;gid://shopify/Product/8775436763431;Anel Universo De Ouro Amarelo 18K;65;13;0;AN01723;AN01723-21;gid://shopify/ProductVariant/46965634236711;5.0;0.0;True;False
gid://shopify/ProductVariant/46965634269479;AN01723-22;22;13900.0;9900.0;5;gid://shopify/Product/8775436763431;Anel Universo De Ouro Amarelo 18K;65;13;0;AN01723;AN01723-22;gid://shopify/ProductVariant/46965634269479;5.0;0.0;True;False
gid://shopify/ProductVariant/46965634564391;BR03068T;Default Title;25500.0;17000.0;6;gid://shopify/Product/8775436861735;Brinco Universo De Ouro Amarelo 18K;6;1;0;BR03068T;BR03068T;gid://shopify/ProductVariant/46965634564391;5.0;0.0;True;True
gid://shopify/ProductVariant/46965634924839;PI01504;Default Title;11500.0;9900.0;5;gid://shopify/Product/8775437058343;Piercing Voyeur De Ouro Branco 18K E Diamante;5;1;0;PI01504;PI01504;gid://shopify/ProductVariant/46965634924839;5.0;0.0;True;False
gid://shopify/ProductVariant/46965896839463;BR05776T;Default Title;18500.0;16000.0;5;gid://shopify/Product/8775510491431;Piercing Chain Lovers | Ouro Branco 18K E Diamantes;5;1;0;BR05776T;BR05776T;gid://shopify/ProductVariant/46965896839463;5.0;0.0;True;False
gid://shopify/ProductVariant/46965897265447;BR06643T;Default Title;14500.0;14500.0;0;gid://shopify/Product/8775510688039;Brinco Dolce Vita De Ouro Amarelo 18K E Coral Negro E Diamante;0;1;0;BR06643T;BR06643T;gid://shopify/ProductVariant/46965897265447;0.0;0.0;False;False
gid://shopify/ProductVariant/46965897789735;CL01373;Default Title;7500.0;5500.0;0;gid://shopify/Product/8775510851879;Colar First Diamond De Ouro Amarelo 18K E Diamante;0;1;0;CL01373;CL01373;gid://shopify/ProductVariant/46965897789735;0.0;0.0;False;False
gid://shopify/ProductVariant/46965898182951;CL04175;Default Title;345000.0;345000.0;0;gid://shopify/Product/8775510982951;Colar Life Style De Ouro 18K Com Ródio Negro E Esmeralda E Diamante;0;1;0;CL04175;CL04175;gid://shopify/ProductVariant/46965898182951;0.0;0.0;False;False
gid://shopify/ProductVariant/46965898969383;BR06611T;Default Title;42900.0;42900.0;1;gid://shopify/Product/8775511277863;Brinco Earcuff Mães 2013 De Ouro Amarelo 18K E Diamante Fancy;1;1;0;BR06611T;BR06611T;gid://shopify/ProductVariant/46965898969383;0.0;0.0;False;True
gid://shopify/ProductVariant/46965900509479;PU01916T;P;3100.0;3100.0;5;gid://shopify/Product/8775511736615;Pulseira Rock & Hot De Prata Com Ouro Amarelo - P;5;1;0;PU01916T;PU01916T;gid://shopify/ProductVariant/46965900509479;0.0;5.0;True;False
gid://shopify/ProductVariant/46965900837159;CL04259;P;6200.0;6200.0;0;gid://shopify/Product/8775511834919;Colar White Chain - P | Prata Com Ouro Branco 18K;0;1;0;CL04259;CL04259;gid://shopify/ProductVariant/46965900837159;0.0;0.0;False;False
gid://shopify/ProductVariant/47832747049255;PI01656;A;4500.0;;7;gid://shopify/Product/9049766560039;Pingente Você - P | Ouro Branco 18K com Ródio Negro e Diamantes;148;26;12;PI01656;PI01656;gid://shopify/ProductVariant/47832747049255;5.0;0.0;True;True
gid://shopify/ProductVariant/47832747114791;PI01657;B;4500.0;;6;gid://shopify/Product/9049766560039;Pingente Você - P | Ouro Branco 18K com Ródio Negro e Diamantes;148;26;12;PI01657;PI01657;gid://shopify/ProductVariant/47832747114791;5.0;0.0;True;True
gid://shopify/ProductVariant/47832747180327;PI01658;C;4500.0;;8;gid://shopify/Product/9049766560039;Pingente Você - P | Ouro Branco 18K com Ródio Negro e Diamantes;148;26;12;PI01658;PI01658;gid://shopify/ProductVariant/47832747180327;5.0;0.0;True;True
gid://shopify/ProductVariant/47832747245863;PI01659;D;4500.0;;6;gid://shopify/Product/9049766560039;Pingente Você - P | Ouro Branco 18K com Ródio Negro e Diamantes;148;26;12;PI01659;PI01659;gid://shopify/ProductVariant/47832747245863;5.0;0.0;True;True
gid://shopify/ProductVariant/47832747311399;PI01660;E;4500.0;;6;gid://shopify/Product/9049766560039;Pingente Você - P | Ouro Branco 18K com Ródio Negro e Diamantes;148;26;12;PI01660;PI01660;gid://shopify/ProductVariant/47832747311399;5.0;0.0;True;True
gid://shopify/ProductVariant/47832747376935;PI01661;F;4500.0;;6;gid://shopify/Product/9049766560039;Pingente Você - P | Ouro Branco 18K com Ródio Negro e Diamantes;148;26;12;PI01661;PI01661;gid://shopify/ProductVariant/47832747376935;5.0;0.0;True;True
gid://shopify/ProductVariant/47832747442471;PI01662;G;4500.0;;6;gid://shopify/Product/9049766560039;Pingente Você - P | Ouro Branco 18K com Ródio Negro e Diamantes;148;26;12;PI01662;PI01662;gid://shopify/ProductVariant/47832747442471;5.0;0.0;True;True
gid://shopify/ProductVariant/47832747508007;PI01663;H;4500.0;;5;gid://shopify/Product/9049766560039;Pingente Você - P | Ouro Branco 18K com Ródio Negro e Diamantes;148;26;12;PI01663;PI01663;gid://shopify/ProductVariant/47832747508007;5.0;0.0;True;False
gid://shopify/ProductVariant/47832747573543;PI01664;I;4500.0;;5;gid://shopify/Product/9049766560039;Pingente Você - P | Ouro Branco 18K com Ródio Negro e Diamantes;148;26;12;PI01664;PI01664;gid://shopify/ProductVariant/47832747573543;5.0;0.0;True;False
gid://shopify/ProductVariant/47832747639079;PI01665;J;4500.0;;6;gid://shopify/Product/9049766560039;Pingente Você - P | Ouro Branco 18K com Ródio Negro e Diamantes;148;26;12;PI01665;PI01665;gid://shopify/ProductVariant/47832747639079;5.0;0.0;True;True
gid://shopify/ProductVariant/47832747704615;PI01666;K;4500.0;;5;gid://shopify/Product/9049766560039;Pingente Você - P | Ouro Branco 18K com Ródio Negro e Diamantes;148;26;12;PI01666;PI01666;gid://shopify/ProductVariant/47832747704615;5.0;0.0;True;False
gid://shopify/ProductVariant/47832747770151;PI01667;L;4500.0;;8;gid://shopify/Product/9049766560039;Pingente Você - P | Ouro Branco 18K com Ródio Negro e Diamantes;148;26;12;PI01667;PI01667;gid://shopify/ProductVariant/47832747770151;5.0;0.0;True;True
gid://shopify/ProductVariant/47832747835687;PI01668;M;4500.0;;6;gid://shopify/Product/9049766560039;Pingente Você - P | Ouro Branco 18K com Ródio Negro e Diamantes;148;26;12;PI01668;PI01668;gid://shopify/ProductVariant/47832747835687;5.0;0.0;True;True
gid://shopify/ProductVariant/47832747901223;PI01669;N;4500.0;;5;gid://shopify/Product/9049766560039;Pingente Você - P | Ouro Branco 18K com Ródio Negro e Diamantes;148;26;12;PI01669;PI01669;gid://shopify/ProductVariant/47832747901223;5.0;0.0;True;False
gid://shopify/ProductVariant/47832747966759;PI01670;O;4500.0;;5;gid://shopify/Product/9049766560039;Pingente Você - P | Ouro Branco 18K com Ródio Negro e Diamantes;148;26;12;PI01670;PI01670;gid://shopify/ProductVariant/47832747966759;5.0;0.0;True;False
gid://shopify/ProductVariant/47832748032295;PI01671;P;4500.0;;5;gid://shopify/Product/9049766560039;Pingente Você - P | Ouro Branco 18K com Ródio Negro e Diamantes;148;26;12;PI01671;PI01671;gid://shopify/ProductVariant/47832748032295;5.0;0.0;True;False
gid://shopify/ProductVariant/47832748097831;PI01672;Q;4500.0;;5;gid://shopify/Product/9049766560039;Pingente Você - P | Ouro Branco 18K com Ródio Negro e Diamantes;148;26;12;PI01672;PI01672;gid://shopify/ProductVariant/47832748097831;5.0;0.0;True;False
gid://shopify/ProductVariant/47832748163367;PI01673;R;4500.0;;7;gid://shopify/Product/9049766560039;Pingente Você - P | Ouro Branco 18K com Ródio Negro e Diamantes;148;26;12;PI01673;PI01673;gid://shopify/ProductVariant/47832748163367;5.0;0.0;True;True
gid://shopify/ProductVariant/47832748228903;PI01674;S;4500.0;;6;gid://shopify/Product/9049766560039;Pingente Você - P | Ouro Branco 18K com Ródio Negro e Diamantes;148;26;12;PI01674;PI01674;gid://shopify/ProductVariant/47832748228903;5.0;0.0;True;True
gid://shopify/ProductVariant/47832748294439;PI01675;T;4500.0;;5;gid://shopify/Product/9049766560039;Pingente Você - P | Ouro Branco 18K com Ródio Negro e Diamantes;148;26;12;PI01675;PI01675;gid://shopify/ProductVariant/47832748294439;5.0;0.0;True;False
gid://shopify/ProductVariant/47832748359975;PI01676;U;4500.0;;5;gid://shopify/Product/9049766560039;Pingente Você - P | Ouro Branco 18K com Ródio Negro e Diamantes;148;26;12;PI01676;PI01676;gid://shopify/ProductVariant/47832748359975;5.0;0.0;True;False
gid://shopify/ProductVariant/47832748425511;PI01677;V;4500.0;;5;gid://shopify/Product/9049766560039;Pingente Você - P | Ouro Branco 18K com Ródio Negro e Diamantes;148;26;12;PI01677;PI01677;gid://shopify/ProductVariant/47832748425511;5.0;0.0;True;False
gid://shopify/ProductVariant/47832748491047;PI01678;W;4500.0;;5;gid://shopify/Product/9049766560039;Pingente Você - P | Ouro Branco 18K com Ródio Negro e Diamantes;148;26;12;PI01678;PI01678;gid://shopify/ProductVariant/47832748491047;5.0;0.0;True;False
gid://shopify/ProductVariant/47832748556583;PI01679;X;4500.0;;5;gid://shopify/Product/9049766560039;Pingente Você - P | Ouro Branco 18K com Ródio Negro e Diamantes;148;26;12;PI01679;PI01679;gid://shopify/ProductVariant/47832748556583;5.0;0.0;True;False
gid://shopify/ProductVariant/47832748622119;PI01680;Y;4500.0;;5;gid://shopify/Product/9049766560039;Pingente Você - P | Ouro Branco 18K com Ródio Negro e Diamantes;148;26;12;PI01680;PI01680;gid://shopify/ProductVariant/47832748622119;5.0;0.0;True;False
gid://shopify/ProductVariant/47832748687655;PI01681;Z;4500.0;;5;gid://shopify/Product/9049766560039;Pingente Você - P | Ouro Branco 18K com Ródio Negro e Diamantes;148;26;12;PI01681;PI01681;gid://shopify/ProductVariant/47832748687655;5.0;0.0;True;False
gid://shopify/ProductVariant/47837079732519;PI01840;Default Title;2500.0;;6;gid://shopify/Product/9050792919335;Pingente Você - P | Ouro Branco 18K com Ródio Negro e Rubi;6;1;3;PI01840;PI01840;gid://shopify/ProductVariant/47837079732519;5.0;0.0;True;True
gid://shopify/ProductVariant/47837214769447;PI01841;Default Title;2500.0;;7;gid://shopify/Product/9050819166503;Pingente Você - P | Ouro Branco 18K e Safira Azul;7;1;3;PI01841;PI01841;gid://shopify/ProductVariant/47837214769447;5.0;0.0;True;True
gid://shopify/ProductVariant/47837350592807;PI01842;Default Title;3500.0;;9;gid://shopify/Product/9050837221671;Pingente Você - P | Ouro Amarelo 18K e Esmeralda;9;1;3;PI01842;PI01842;gid://shopify/ProductVariant/47837350592807;5.0;0.0;True;True
gid://shopify/ProductVariant/47837390602535;PI01843;Default Title;3500.0;;6;gid://shopify/Product/9050848887079;Pingente Você - M | Ouro Amarelo 18K e Safira Amarela;6;1;3;PI01843;PI01843;gid://shopify/ProductVariant/47837390602535;5.0;0.0;True;True
gid://shopify/ProductVariant/47837422911783;PI01844;Default Title;3500.0;;7;gid://shopify/Product/9050854228263;Pingente Você - M | Ouro Branco 18K com Ródio Negro e Safira Vermelha;7;1;3;PI01844;PI01844;gid://shopify/ProductVariant/47837422911783;5.0;0.0;True;True
gid://shopify/ProductVariant/47837456990503;PI01845;Default Title;3500.0;;7;gid://shopify/Product/9050859602215;Pingente Você - M | Ouro Branco 18K com Ródio Negro e Safira Verde;7;1;3;PI01845;PI01845;gid://shopify/ProductVariant/47837456990503;5.0;0.0;True;True
gid://shopify/ProductVariant/47837471637799;PI01846;Default Title;3500.0;;6;gid://shopify/Product/9050861338919;Pingente Você - M | Ouro Amarelo 18K e Safira Lavanda;6;1;3;PI01846;PI01846;gid://shopify/ProductVariant/47837471637799;5.0;0.0;True;True
gid://shopify/ProductVariant/47837520724263;PI01847;Default Title;3500.0;;7;gid://shopify/Product/9050868056359;Pingente Você - M | Ouro Branco 18K com Ródio Negro e Safira;7;1;0;PI01847;PI01847;gid://shopify/ProductVariant/47837520724263;5.0;0.0;True;True
gid://shopify/ProductVariant/47837560668455;PI01848;Default Title;3500.0;;7;gid://shopify/Product/9050873528615;Pingente Você - M | Ouro Amarelo 18K e Safira Vermelha;7;1;3;PI01848;PI01848;gid://shopify/ProductVariant/47837560668455;5.0;0.0;True;True
gid://shopify/ProductVariant/47837574070567;PI01849;Default Title;3500.0;;7;gid://shopify/Product/9050875265319;Pingente Você - M | Ouro Branco 18K com Ródio Negro e Safira Rosa;7;1;3;PI01849;PI01849;gid://shopify/ProductVariant/47837574070567;5.0;0.0;True;True
gid://shopify/ProductVariant/47837600973095;PI01850;Default Title;2500.0;;6;gid://shopify/Product/9050880999719;Pingente Você - P | Ouro Branco 18K com Ródio Negro e Safira azul;6;1;3;PI01850;PI01850;gid://shopify/ProductVariant/47837600973095;5.0;0.0;True;True
gid://shopify/ProductVariant/47837638132007;PI01851;Default Title;3500.0;;7;gid://shopify/Product/9050886111527;Pingente Você - P | Ouro Branco 18K com Ródio Negro e Esmeralda;7;1;3;PI01851;PI01851;gid://shopify/ProductVariant/47837638132007;5.0;0.0;True;True
gid://shopify/ProductVariant/47837716185383;PU02127T;M;2500.0;;9;gid://shopify/Product/9050896498983;Pulseira Você | Ouro Branco 18K;16;2;4;PU02127T;PU02127T;gid://shopify/ProductVariant/47837716185383;5.0;0.0;True;True
gid://shopify/ProductVariant/47837716218151;PU02130T;G;2500.0;;7;gid://shopify/Product/9050896498983;Pulseira Você | Ouro Branco 18K;16;2;4;PU02130T;PU02130T;gid://shopify/ProductVariant/47837716218151;5.0;0.0;True;True
gid://shopify/ProductVariant/47837731324199;PI01852;Default Title;3500.0;;6;gid://shopify/Product/9050897809703;Pingente Você - M | Ouro Branco 18K com Ródio Negro e Safira Azul;6;1;3;PI01852;PI01852;gid://shopify/ProductVariant/47837731324199;5.0;0.0;True;True
gid://shopify/ProductVariant/47837737779495;PU02131T;M;2500.0;;5;gid://shopify/Product/9050898268455;Pulseira Você | Ouro Amarelo 18K;13;2;4;PU02131T;PU02131T;gid://shopify/ProductVariant/47837737779495;5.0;0.0;True;False
gid://shopify/ProductVariant/47837737812263;PU02133T;G;2500.0;;8;gid://shopify/Product/9050898268455;Pulseira Você | Ouro Amarelo 18K;13;2;4;PU02133T;PU02133T;gid://shopify/ProductVariant/47837737812263;5.0;0.0;True;True
gid://shopify/ProductVariant/47837745938727;PI01853;Default Title;3500.0;;6;gid://shopify/Product/9050899087655;Pingente Você - M | Ouro Branco 18K e Safira;6;1;3;PI01853;PI01853;gid://shopify/ProductVariant/47837745938727;5.0;0.0;True;True
gid://shopify/ProductVariant/47837774414119;PU02137T;M;2500.0;;12;gid://shopify/Product/9050902266151;Pulseira Você | Ouro Branco 18K e Ródio Negro;20;2;4;PU02137T;PU02137T;gid://shopify/ProductVariant/47837774414119;5.0;0.0;True;True
gid://shopify/ProductVariant/47837774446887;PU02138T;G;2500.0;;8;gid://shopify/Product/9050902266151;Pulseira Você | Ouro Branco 18K e Ródio Negro;20;2;4;PU02138T;PU02138T;gid://shopify/ProductVariant/47837774446887;5.0;0.0;True;True
gid://shopify/ProductVariant/47837840900391;PI01856;Default Title;5500.0;;6;gid://shopify/Product/9050909671719;Pingente Você - M | Ouro Amarelo 18K e Esmeralda;6;1;3;PI01856;PI01856;gid://shopify/ProductVariant/47837840900391;5.0;0.0;True;True
gid://shopify/ProductVariant/47837848076583;PI01626;Default Title;4900.0;2600.0;0;gid://shopify/Product/9050910458151;Piercing Você | Ouro Amarelo 18K e Diamante;0;1;2;PI01626;PI01626;gid://shopify/ProductVariant/47837848076583;0.0;0.0;False;False
gid://shopify/ProductVariant/47837864591655;PI01857;Default Title;5500.0;;5;gid://shopify/Product/9050911965479;Pingente Você - P | Ouro Branco 18K com Ródio Negro e Esmeralda;5;1;3;PI01857;PI01857;gid://shopify/ProductVariant/47837864591655;5.0;0.0;True;False
gid://shopify/ProductVariant/47838344741159;TO00007;Default Title;2900.0;;5;gid://shopify/Product/9051175289127;Tornozeleira Você - G | Ouro Branco 18K;5;1;2;TO00007;TO00007;gid://shopify/ProductVariant/47838344741159;5.0;0.0;True;False
gid://shopify/ProductVariant/47838376395047;TO00005;Default Title;2900.0;;6;gid://shopify/Product/9051193147687;Tornozeleira Você - G | Ouro Amarelo 18K;6;1;2;TO00005;TO00005;gid://shopify/ProductVariant/47838376395047;5.0;0.0;True;True
gid://shopify/ProductVariant/47838388584743;TO00012;Default Title;2900.0;;8;gid://shopify/Product/9051200684327;Tornozeleira Você - G | Ouro Branco 18K com Ródio Negro;8;1;2;TO00012;TO00012;gid://shopify/ProductVariant/47838388584743;5.0;0.0;True;True
gid://shopify/ProductVariant/47838515757351;PI01627;Default Title;7900.0;2600.0;11;gid://shopify/Product/9051268022567;Piercing Você | Ouro Amarelo 18K e Diamantes;11;1;2;PI01627;PI01627;gid://shopify/ProductVariant/47838515757351;5.0;0.0;True;True
gid://shopify/ProductVariant/47846527205671;PI01546;A;4500.0;;6;gid://shopify/Product/9055124193575;Pingente Você - P | Ouro Branco 18K e Diamantes;158;26;30;PI01546;PI01546;gid://shopify/ProductVariant/47846527205671;5.0;0.0;True;True
gid://shopify/ProductVariant/47846527271207;PI01547;B;4500.0;;7;gid://shopify/Product/9055124193575;Pingente Você - P | Ouro Branco 18K e Diamantes;158;26;30;PI01547;PI01547;gid://shopify/ProductVariant/47846527271207;5.0;0.0;True;True
gid://shopify/ProductVariant/47846527336743;PI01548;C;4500.0;;5;gid://shopify/Product/9055124193575;Pingente Você - P | Ouro Branco 18K e Diamantes;158;26;30;PI01548;PI01548;gid://shopify/ProductVariant/47846527336743;5.0;0.0;True;False
gid://shopify/ProductVariant/47846527402279;PI01549;D;4500.0;;7;gid://shopify/Product/9055124193575;Pingente Você - P | Ouro Branco 18K e Diamantes;158;26;30;PI01549;PI01549;gid://shopify/ProductVariant/47846527402279;5.0;0.0;True;True
gid://shopify/ProductVariant/47846527467815;PI01550;E;4500.0;;6;gid://shopify/Product/9055124193575;Pingente Você - P | Ouro Branco 18K e Diamantes;158;26;30;PI01550;PI01550;gid://shopify/ProductVariant/47846527467815;5.0;0.0;True;True
gid://shopify/ProductVariant/47846527533351;PI01551;F;4500.0;;6;gid://shopify/Product/9055124193575;Pingente Você - P | Ouro Branco 18K e Diamantes;158;26;30;PI01551;PI01551;gid://shopify/ProductVariant/47846527533351;5.0;0.0;True;True
gid://shopify/ProductVariant/47846527598887;PI01552;G;4500.0;;8;gid://shopify/Product/9055124193575;Pingente Você - P | Ouro Branco 18K e Diamantes;158;26;30;PI01552;PI01552;gid://shopify/ProductVariant/47846527598887;5.0;0.0;True;True
gid://shopify/ProductVariant/47846527664423;PI01553;H;4500.0;;5;gid://shopify/Product/9055124193575;Pingente Você - P | Ouro Branco 18K e Diamantes;158;26;30;PI01553;PI01553;gid://shopify/ProductVariant/47846527664423;5.0;0.0;True;False
gid://shopify/ProductVariant/47846527729959;PI01554;I;4500.0;;6;gid://shopify/Product/9055124193575;Pingente Você - P | Ouro Branco 18K e Diamantes;158;26;30;PI01554;PI01554;gid://shopify/ProductVariant/47846527729959;5.0;0.0;True;True
gid://shopify/ProductVariant/47846527795495;PI01555;J;4500.0;;7;gid://shopify/Product/9055124193575;Pingente Você - P | Ouro Branco 18K e Diamantes;158;26;30;PI01555;PI01555;gid://shopify/ProductVariant/47846527795495;5.0;0.0;True;True
gid://shopify/ProductVariant/47846527861031;PI01556;K;4500.0;;5;gid://shopify/Product/9055124193575;Pingente Você - P | Ouro Branco 18K e Diamantes;158;26;30;PI01556;PI01556;gid://shopify/ProductVariant/47846527861031;5.0;0.0;True;False
gid://shopify/ProductVariant/47846527926567;PI01557;L;4500.0;;9;gid://shopify/Product/9055124193575;Pingente Você - P | Ouro Branco 18K e Diamantes;158;26;30;PI01557;PI01557;gid://shopify/ProductVariant/47846527926567;5.0;0.0;True;True
gid://shopify/ProductVariant/47846527992103;PI01558;M;4500.0;;5;gid://shopify/Product/9055124193575;Pingente Você - P | Ouro Branco 18K e Diamantes;158;26;30;PI01558;PI01558;gid://shopify/ProductVariant/47846527992103;5.0;0.0;True;False
gid://shopify/ProductVariant/47846528057639;PI01559;N;4500.0;;5;gid://shopify/Product/9055124193575;Pingente Você - P | Ouro Branco 18K e Diamantes;158;26;30;PI01559;PI01559;gid://shopify/ProductVariant/47846528057639;5.0;0.0;True;False
gid://shopify/ProductVariant/47846528123175;PI01560;O;4500.0;;5;gid://shopify/Product/9055124193575;Pingente Você - P | Ouro Branco 18K e Diamantes;158;26;30;PI01560;PI01560;gid://shopify/ProductVariant/47846528123175;5.0;0.0;True;False
gid://shopify/ProductVariant/47846528188711;PI01561;P;4500.0;;5;gid://shopify/Product/9055124193575;Pingente Você - P | Ouro Branco 18K e Diamantes;158;26;30;PI01561;PI01561;gid://shopify/ProductVariant/47846528188711;5.0;0.0;True;False
gid://shopify/ProductVariant/47846528254247;PI01562;Q;4500.0;;6;gid://shopify/Product/9055124193575;Pingente Você - P | Ouro Branco 18K e Diamantes;158;26;30;PI01562;PI01562;gid://shopify/ProductVariant/47846528254247;5.0;0.0;True;True
gid://shopify/ProductVariant/47846528319783;PI01563;R;4500.0;;9;gid://shopify/Product/9055124193575;Pingente Você - P | Ouro Branco 18K e Diamantes;158;26;30;PI01563;PI01563;gid://shopify/ProductVariant/47846528319783;5.0;0.0;True;True
gid://shopify/ProductVariant/47846528385319;PI01564;S;4500.0;;5;gid://shopify/Product/9055124193575;Pingente Você - P | Ouro Branco 18K e Diamantes;158;26;30;PI01564;PI01564;gid://shopify/ProductVariant/47846528385319;5.0;0.0;True;False
gid://shopify/ProductVariant/47846528450855;PI01565;T;4500.0;;6;gid://shopify/Product/9055124193575;Pingente Você - P | Ouro Branco 18K e Diamantes;158;26;30;PI01565;PI01565;gid://shopify/ProductVariant/47846528450855;5.0;0.0;True;True
gid://shopify/ProductVariant/47846528516391;PI01566;U;4500.0;;6;gid://shopify/Product/9055124193575;Pingente Você - P | Ouro Branco 18K e Diamantes;158;26;30;PI01566;PI01566;gid://shopify/ProductVariant/47846528516391;5.0;0.0;True;True
gid://shopify/ProductVariant/47846528581927;PI01567;V;4500.0;;5;gid://shopify/Product/9055124193575;Pingente Você - P | Ouro Branco 18K e Diamantes;158;26;30;PI01567;PI01567;gid://shopify/ProductVariant/47846528581927;5.0;0.0;True;False
gid://shopify/ProductVariant/47846528647463;PI01568;W;4500.0;;6;gid://shopify/Product/9055124193575;Pingente Você - P | Ouro Branco 18K e Diamantes;158;26;30;PI01568;PI01568;gid://shopify/ProductVariant/47846528647463;5.0;0.0;True;True
gid://shopify/ProductVariant/47846528712999;PI01625;X;4500.0;;6;gid://shopify/Product/9055124193575;Pingente Você - P | Ouro Branco 18K e Diamantes;158;26;30;PI01625;PI01625;gid://shopify/ProductVariant/47846528712999;5.0;0.0;True;True
gid://shopify/ProductVariant/47846528778535;PI01569;Y;4500.0;;6;gid://shopify/Product/9055124193575;Pingente Você - P | Ouro Branco 18K e Diamantes;158;26;30;PI01569;PI01569;gid://shopify/ProductVariant/47846528778535;5.0;0.0;True;True
gid://shopify/ProductVariant/47846528844071;PI01570;Z;4500.0;;6;gid://shopify/Product/9055124193575;Pingente Você - P | Ouro Branco 18K e Diamantes;158;26;30;PI01570;PI01570;gid://shopify/ProductVariant/47846528844071;5.0;0.0;True;True
gid://shopify/ProductVariant/47846571082023;PI01520;A;4500.0;;8;gid://shopify/Product/9055138185511;Pingente Você - P | Ouro Amarelo 18K e Diamantes;159;26;16;PI01520;PI01520;gid://shopify/ProductVariant/47846571082023;5.0;0.0;True;True
gid://shopify/ProductVariant/47846571147559;PI01521;B;4500.0;;6;gid://shopify/Product/9055138185511;Pingente Você - P | Ouro Amarelo 18K e Diamantes;159;26;16;PI01521;PI01521;gid://shopify/ProductVariant/47846571147559;5.0;0.0;True;True
gid://shopify/ProductVariant/47846571213095;PI01522;C;4500.0;;9;gid://shopify/Product/9055138185511;Pingente Você - P | Ouro Amarelo 18K e Diamantes;159;26;16;PI01522;PI01522;gid://shopify/ProductVariant/47846571213095;5.0;0.0;True;True
gid://shopify/ProductVariant/47846571278631;PI01523;D;4500.0;;7;gid://shopify/Product/9055138185511;Pingente Você - P | Ouro Amarelo 18K e Diamantes;159;26;16;PI01523;PI01523;gid://shopify/ProductVariant/47846571278631;5.0;0.0;True;True
gid://shopify/ProductVariant/47846571344167;PI01524;E;4500.0;;5;gid://shopify/Product/9055138185511;Pingente Você - P | Ouro Amarelo 18K e Diamantes;159;26;16;PI01524;PI01524;gid://shopify/ProductVariant/47846571344167;5.0;0.0;True;False
gid://shopify/ProductVariant/47846571409703;PI01525;F;4500.0;;8;gid://shopify/Product/9055138185511;Pingente Você - P | Ouro Amarelo 18K e Diamantes;159;26;16;PI01525;PI01525;gid://shopify/ProductVariant/47846571409703;5.0;0.0;True;True
gid://shopify/ProductVariant/47846571475239;PI01526;G;4500.0;;7;gid://shopify/Product/9055138185511;Pingente Você - P | Ouro Amarelo 18K e Diamantes;159;26;16;PI01526;PI01526;gid://shopify/ProductVariant/47846571475239;5.0;0.0;True;True
gid://shopify/ProductVariant/47846571540775;PI01527;H;4500.0;;5;gid://shopify/Product/9055138185511;Pingente Você - P | Ouro Amarelo 18K e Diamantes;159;26;16;PI01527;PI01527;gid://shopify/ProductVariant/47846571540775;5.0;0.0;True;False
gid://shopify/ProductVariant/47846571606311;PI01528;I;4500.0;;5;gid://shopify/Product/9055138185511;Pingente Você - P | Ouro Amarelo 18K e Diamantes;159;26;16;PI01528;PI01528;gid://shopify/ProductVariant/47846571606311;5.0;0.0;True;False
gid://shopify/ProductVariant/47846571671847;PI01529;J;4500.0;;9;gid://shopify/Product/9055138185511;Pingente Você - P | Ouro Amarelo 18K e Diamantes;159;26;16;PI01529;PI01529;gid://shopify/ProductVariant/47846571671847;5.0;0.0;True;True
gid://shopify/ProductVariant/47846571737383;PI01530;K;4500.0;;5;gid://shopify/Product/9055138185511;Pingente Você - P | Ouro Amarelo 18K e Diamantes;159;26;16;PI01530;PI01530;gid://shopify/ProductVariant/47846571737383;5.0;0.0;True;False
gid://shopify/ProductVariant/47846571802919;PI01531;L;4500.0;;8;gid://shopify/Product/9055138185511;Pingente Você - P | Ouro Amarelo 18K e Diamantes;159;26;16;PI01531;PI01531;gid://shopify/ProductVariant/47846571802919;5.0;0.0;True;True
gid://shopify/ProductVariant/47846571868455;PI01532;M;4500.0;;7;gid://shopify/Product/9055138185511;Pingente Você - P | Ouro Amarelo 18K e Diamantes;159;26;16;PI01532;PI01532;gid://shopify/ProductVariant/47846571868455;5.0;0.0;True;True
gid://shopify/ProductVariant/47846571933991;PI01533;N;4500.0;;5;gid://shopify/Product/9055138185511;Pingente Você - P | Ouro Amarelo 18K e Diamantes;159;26;16;PI01533;PI01533;gid://shopify/ProductVariant/47846571933991;5.0;0.0;True;False
gid://shopify/ProductVariant/47846571999527;PI01534;O;4500.0;;5;gid://shopify/Product/9055138185511;Pingente Você - P | Ouro Amarelo 18K e Diamantes;159;26;16;PI01534;PI01534;gid://shopify/ProductVariant/47846571999527;5.0;0.0;True;False
gid://shopify/ProductVariant/47846572065063;PI01535;P;4500.0;;5;gid://shopify/Product/9055138185511;Pingente Você - P | Ouro Amarelo 18K e Diamantes;159;26;16;PI01535;PI01535;gid://shopify/ProductVariant/47846572065063;5.0;0.0;True;False
gid://shopify/ProductVariant/47846572130599;PI01536;Q;4500.0;;5;gid://shopify/Product/9055138185511;Pingente Você - P | Ouro Amarelo 18K e Diamantes;159;26;16;PI01536;PI01536;gid://shopify/ProductVariant/47846572130599;5.0;0.0;True;False
gid://shopify/ProductVariant/47846572196135;PI01537;R;4500.0;;7;gid://shopify/Product/9055138185511;Pingente Você - P | Ouro Amarelo 18K e Diamantes;159;26;16;PI01537;PI01537;gid://shopify/ProductVariant/47846572196135;5.0;0.0;True;True
gid://shopify/ProductVariant/47846572261671;PI01538;S;4500.0;;8;gid://shopify/Product/9055138185511;Pingente Você - P | Ouro Amarelo 18K e Diamantes;159;26;16;PI01538;PI01538;gid://shopify/ProductVariant/47846572261671;5.0;0.0;True;True
gid://shopify/ProductVariant/47846572327207;PI01539;T;4500.0;;5;gid://shopify/Product/9055138185511;Pingente Você - P | Ouro Amarelo 18K e Diamantes;159;26;16;PI01539;PI01539;gid://shopify/ProductVariant/47846572327207;5.0;0.0;True;False
gid://shopify/ProductVariant/47846572392743;PI01540;U;4500.0;;5;gid://shopify/Product/9055138185511;Pingente Você - P | Ouro Amarelo 18K e Diamantes;159;26;16;PI01540;PI01540;gid://shopify/ProductVariant/47846572392743;5.0;0.0;True;False
gid://shopify/ProductVariant/47846572458279;PI01541;V;4500.0;;5;gid://shopify/Product/9055138185511;Pingente Você - P | Ouro Amarelo 18K e Diamantes;159;26;16;PI01541;PI01541;gid://shopify/ProductVariant/47846572458279;5.0;0.0;True;False
gid://shopify/ProductVariant/47846572523815;PI01542;W;4500.0;;5;gid://shopify/Product/9055138185511;Pingente Você - P | Ouro Amarelo 18K e Diamantes;159;26;16;PI01542;PI01542;gid://shopify/ProductVariant/47846572523815;5.0;0.0;True;False
gid://shopify/ProductVariant/47846572589351;PI01543;X;4500.0;;5;gid://shopify/Product/9055138185511;Pingente Você - P | Ouro Amarelo 18K e Diamantes;159;26;16;PI01543;PI01543;gid://shopify/ProductVariant/47846572589351;5.0;0.0;True;False
gid://shopify/ProductVariant/47846572654887;PI01544;Y;4500.0;;5;gid://shopify/Product/9055138185511;Pingente Você - P | Ouro Amarelo 18K e Diamantes;159;26;16;PI01544;PI01544;gid://shopify/ProductVariant/47846572654887;5.0;0.0;True;False
gid://shopify/ProductVariant/47846572720423;PI01545;Z;4500.0;;5;gid://shopify/Product/9055138185511;Pingente Você - P | Ouro Amarelo 18K e Diamantes;159;26;16;PI01545;PI01545;gid://shopify/ProductVariant/47846572720423;5.0;0.0;True;False
gid://shopify/ProductVariant/47846631899431;BR06679T;A;4900.0;;5;gid://shopify/Product/9055168299303;Brinco Você - UNITÁRIO | Ouro Amarelo 18K e Diamantes;136;26;10;BR06679T;BR06679T;gid://shopify/ProductVariant/47846631899431;5.0;0.0;True;False
gid://shopify/ProductVariant/47846631997735;BR06680T;B;4900.0;;5;gid://shopify/Product/9055168299303;Brinco Você - UNITÁRIO | Ouro Amarelo 18K e Diamantes;136;26;10;BR06680T;BR06680T;gid://shopify/ProductVariant/47846631997735;5.0;0.0;True;False
gid://shopify/ProductVariant/47846632096039;BR06681T;C;4900.0;;8;gid://shopify/Product/9055168299303;Brinco Você - UNITÁRIO | Ouro Amarelo 18K e Diamantes;136;26;10;BR06681T;BR06681T;gid://shopify/ProductVariant/47846632096039;5.0;0.0;True;True
gid://shopify/ProductVariant/47846632194343;BR06682T;D;4900.0;;5;gid://shopify/Product/9055168299303;Brinco Você - UNITÁRIO | Ouro Amarelo 18K e Diamantes;136;26;10;BR06682T;BR06682T;gid://shopify/ProductVariant/47846632194343;5.0;0.0;True;False
gid://shopify/ProductVariant/47846632325415;BR06683T;E;4900.0;;6;gid://shopify/Product/9055168299303;Brinco Você - UNITÁRIO | Ouro Amarelo 18K e Diamantes;136;26;10;BR06683T;BR06683T;gid://shopify/ProductVariant/47846632325415;5.0;0.0;True;True
gid://shopify/ProductVariant/47846632423719;BR06685T;F;4900.0;;5;gid://shopify/Product/9055168299303;Brinco Você - UNITÁRIO | Ouro Amarelo 18K e Diamantes;136;26;10;BR06685T;BR06685T;gid://shopify/ProductVariant/47846632423719;5.0;0.0;True;False
gid://shopify/ProductVariant/47846632522023;BR06686T;G;4900.0;;5;gid://shopify/Product/9055168299303;Brinco Você - UNITÁRIO | Ouro Amarelo 18K e Diamantes;136;26;10;BR06686T;BR06686T;gid://shopify/ProductVariant/47846632522023;5.0;0.0;True;False
gid://shopify/ProductVariant/47846632620327;BR06687T;H;4900.0;;5;gid://shopify/Product/9055168299303;Brinco Você - UNITÁRIO | Ouro Amarelo 18K e Diamantes;136;26;10;BR06687T;BR06687T;gid://shopify/ProductVariant/47846632620327;5.0;0.0;True;False
gid://shopify/ProductVariant/47846632718631;BR06688T;I;4900.0;;5;gid://shopify/Product/9055168299303;Brinco Você - UNITÁRIO | Ouro Amarelo 18K e Diamantes;136;26;10;BR06688T;BR06688T;gid://shopify/ProductVariant/47846632718631;5.0;0.0;True;False
gid://shopify/ProductVariant/47846632816935;BR06689T;J;4900.0;;5;gid://shopify/Product/9055168299303;Brinco Você - UNITÁRIO | Ouro Amarelo 18K e Diamantes;136;26;10;BR06689T;BR06689T;gid://shopify/ProductVariant/47846632816935;5.0;0.0;True;False
gid://shopify/ProductVariant/47846632915239;BR06690T;K;4900.0;;5;gid://shopify/Product/9055168299303;Brinco Você - UNITÁRIO | Ouro Amarelo 18K e Diamantes;136;26;10;BR06690T;BR06690T;gid://shopify/ProductVariant/47846632915239;5.0;0.0;True;False
gid://shopify/ProductVariant/47846633013543;BR06691T;L;4900.0;;6;gid://shopify/Product/9055168299303;Brinco Você - UNITÁRIO | Ouro Amarelo 18K e Diamantes;136;26;10;BR06691T;BR06691T;gid://shopify/ProductVariant/47846633013543;5.0;0.0;True;True
gid://shopify/ProductVariant/47846633111847;BR06693T;M;4900.0;;5;gid://shopify/Product/9055168299303;Brinco Você - UNITÁRIO | Ouro Amarelo 18K e Diamantes;136;26;10;BR06693T;BR06693T;gid://shopify/ProductVariant/47846633111847;5.0;0.0;True;False
gid://shopify/ProductVariant/47846633210151;BR06694T;N;4900.0;;5;gid://shopify/Product/9055168299303;Brinco Você - UNITÁRIO | Ouro Amarelo 18K e Diamantes;136;26;10;BR06694T;BR06694T;gid://shopify/ProductVariant/47846633210151;5.0;0.0;True;False
gid://shopify/ProductVariant/47846633308455;BR06695T;O;4900.0;;5;gid://shopify/Product/9055168299303;Brinco Você - UNITÁRIO | Ouro Amarelo 18K e Diamantes;136;26;10;BR06695T;BR06695T;gid://shopify/ProductVariant/47846633308455;5.0;0.0;True;False
gid://shopify/ProductVariant/47846633406759;BR06696T;P;4900.0;;5;gid://shopify/Product/9055168299303;Brinco Você - UNITÁRIO | Ouro Amarelo 18K e Diamantes;136;26;10;BR06696T;BR06696T;gid://shopify/ProductVariant/47846633406759;5.0;0.0;True;False
gid://shopify/ProductVariant/47846633505063;BR06697T;Q;4900.0;;5;gid://shopify/Product/9055168299303;Brinco Você - UNITÁRIO | Ouro Amarelo 18K e Diamantes;136;26;10;BR06697T;BR06697T;gid://shopify/ProductVariant/47846633505063;5.0;0.0;True;False
gid://shopify/ProductVariant/47846633636135;BR06698T;R;4900.0;;5;gid://shopify/Product/9055168299303;Brinco Você - UNITÁRIO | Ouro Amarelo 18K e Diamantes;136;26;10;BR06698T;BR06698T;gid://shopify/ProductVariant/47846633636135;5.0;0.0;True;False
gid://shopify/ProductVariant/47846633734439;BR06699T;S;4900.0;;6;gid://shopify/Product/9055168299303;Brinco Você - UNITÁRIO | Ouro Amarelo 18K e Diamantes;136;26;10;BR06699T;BR06699T;gid://shopify/ProductVariant/47846633734439;5.0;0.0;True;True
gid://shopify/ProductVariant/47846633832743;BR06700T;T;4900.0;;5;gid://shopify/Product/9055168299303;Brinco Você - UNITÁRIO | Ouro Amarelo 18K e Diamantes;136;26;10;BR06700T;BR06700T;gid://shopify/ProductVariant/47846633832743;5.0;0.0;True;False
gid://shopify/ProductVariant/47846633931047;BR06701T;U;4900.0;;5;gid://shopify/Product/9055168299303;Brinco Você - UNITÁRIO | Ouro Amarelo 18K e Diamantes;136;26;10;BR06701T;BR06701T;gid://shopify/ProductVariant/47846633931047;5.0;0.0;True;False
gid://shopify/ProductVariant/47846634029351;BR06702T;V;4900.0;;5;gid://shopify/Product/9055168299303;Brinco Você - UNITÁRIO | Ouro Amarelo 18K e Diamantes;136;26;10;BR06702T;BR06702T;gid://shopify/ProductVariant/47846634029351;5.0;0.0;True;False
gid://shopify/ProductVariant/47846634127655;BR06703T;W;4900.0;;5;gid://shopify/Product/9055168299303;Brinco Você - UNITÁRIO | Ouro Amarelo 18K e Diamantes;136;26;10;BR06703T;BR06703T;gid://shopify/ProductVariant/47846634127655;5.0;0.0;True;False
gid://shopify/ProductVariant/47846634225959;BR06704T;X;4900.0;;5;gid://shopify/Product/9055168299303;Brinco Você - UNITÁRIO | Ouro Amarelo 18K e Diamantes;136;26;10;BR06704T;BR06704T;gid://shopify/ProductVariant/47846634225959;5.0;0.0;True;False
gid://shopify/ProductVariant/47846634324263;BR06705T;Y;4900.0;;5;gid://shopify/Product/9055168299303;Brinco Você - UNITÁRIO | Ouro Amarelo 18K e Diamantes;136;26;10;BR06705T;BR06705T;gid://shopify/ProductVariant/47846634324263;5.0;0.0;True;False
gid://shopify/ProductVariant/47846634422567;BR06706T;Z;4900.0;;5;gid://shopify/Product/9055168299303;Brinco Você - UNITÁRIO | Ouro Amarelo 18K e Diamantes;136;26;10;BR06706T;BR06706T;gid://shopify/ProductVariant/47846634422567;5.0;0.0;True;False
gid://shopify/ProductVariant/47846779912487;PI01571;A;3500.0;2200.0;7;gid://shopify/Product/9055227642151;Pingente Você - P | Ouro Amarelo 18K e Diamante;166;26;33;PI01571;PI01571;gid://shopify/ProductVariant/47846779912487;5.0;0.0;True;True
gid://shopify/ProductVariant/47846779978023;PI01572;B;3500.0;2200.0;8;gid://shopify/Product/9055227642151;Pingente Você - P | Ouro Amarelo 18K e Diamante;166;26;33;PI01572;PI01572;gid://shopify/ProductVariant/47846779978023;5.0;0.0;True;True
gid://shopify/ProductVariant/47846780043559;PI01573;C;3500.0;2200.0;8;gid://shopify/Product/9055227642151;Pingente Você - P | Ouro Amarelo 18K e Diamante;166;26;33;PI01573;PI01573;gid://shopify/ProductVariant/47846780043559;5.0;0.0;True;True
gid://shopify/ProductVariant/47846780109095;PI01574;D;3500.0;2200.0;8;gid://shopify/Product/9055227642151;Pingente Você - P | Ouro Amarelo 18K e Diamante;166;26;33;PI01574;PI01574;gid://shopify/ProductVariant/47846780109095;5.0;0.0;True;True
gid://shopify/ProductVariant/47846780174631;PI01575;E;3500.0;2200.0;5;gid://shopify/Product/9055227642151;Pingente Você - P | Ouro Amarelo 18K e Diamante;166;26;33;PI01575;PI01575;gid://shopify/ProductVariant/47846780174631;5.0;0.0;True;False
gid://shopify/ProductVariant/47846780240167;PI01576;F;3500.0;2200.0;8;gid://shopify/Product/9055227642151;Pingente Você - P | Ouro Amarelo 18K e Diamante;166;26;33;PI01576;PI01576;gid://shopify/ProductVariant/47846780240167;5.0;0.0;True;True
gid://shopify/ProductVariant/47846780305703;PI01577;G;3500.0;2200.0;9;gid://shopify/Product/9055227642151;Pingente Você - P | Ouro Amarelo 18K e Diamante;166;26;33;PI01577;PI01577;gid://shopify/ProductVariant/47846780305703;5.0;0.0;True;True
gid://shopify/ProductVariant/47846780371239;PI01578;H;3500.0;2200.0;6;gid://shopify/Product/9055227642151;Pingente Você - P | Ouro Amarelo 18K e Diamante;166;26;33;PI01578;PI01578;gid://shopify/ProductVariant/47846780371239;5.0;0.0;True;True
gid://shopify/ProductVariant/47846780436775;PI01579;I;3500.0;2200.0;6;gid://shopify/Product/9055227642151;Pingente Você - P | Ouro Amarelo 18K e Diamante;166;26;33;PI01579;PI01579;gid://shopify/ProductVariant/47846780436775;5.0;0.0;True;True
gid://shopify/ProductVariant/47846780502311;PI01580;J;3500.0;2200.0;7;gid://shopify/Product/9055227642151;Pingente Você - P | Ouro Amarelo 18K e Diamante;166;26;33;PI01580;PI01580;gid://shopify/ProductVariant/47846780502311;5.0;0.0;True;True
gid://shopify/ProductVariant/47846780567847;PI01581;K;3500.0;2200.0;6;gid://shopify/Product/9055227642151;Pingente Você - P | Ouro Amarelo 18K e Diamante;166;26;33;PI01581;PI01581;gid://shopify/ProductVariant/47846780567847;5.0;0.0;True;True
gid://shopify/ProductVariant/47846780633383;PI01582;L;3500.0;2200.0;5;gid://shopify/Product/9055227642151;Pingente Você - P | Ouro Amarelo 18K e Diamante;166;26;33;PI01582;PI01582;gid://shopify/ProductVariant/47846780633383;5.0;0.0;True;False
gid://shopify/ProductVariant/47846780698919;PI01583;M;3500.0;2200.0;5;gid://shopify/Product/9055227642151;Pingente Você - P | Ouro Amarelo 18K e Diamante;166;26;33;PI01583;PI01583;gid://shopify/ProductVariant/47846780698919;5.0;0.0;True;False
gid://shopify/ProductVariant/47846780764455;PI01584;N;3500.0;2200.0;6;gid://shopify/Product/9055227642151;Pingente Você - P | Ouro Amarelo 18K e Diamante;166;26;33;PI01584;PI01584;gid://shopify/ProductVariant/47846780764455;5.0;0.0;True;True
gid://shopify/ProductVariant/47846780829991;PI01585;O;3500.0;2200.0;6;gid://shopify/Product/9055227642151;Pingente Você - P | Ouro Amarelo 18K e Diamante;166;26;33;PI01585;PI01585;gid://shopify/ProductVariant/47846780829991;5.0;0.0;True;True
gid://shopify/ProductVariant/47846780895527;PI01586;P;3500.0;2200.0;5;gid://shopify/Product/9055227642151;Pingente Você - P | Ouro Amarelo 18K e Diamante;166;26;33;PI01586;PI01586;gid://shopify/ProductVariant/47846780895527;5.0;0.0;True;False
gid://shopify/ProductVariant/47846780961063;PI01587;Q;3500.0;2200.0;6;gid://shopify/Product/9055227642151;Pingente Você - P | Ouro Amarelo 18K e Diamante;166;26;33;PI01587;PI01587;gid://shopify/ProductVariant/47846780961063;5.0;0.0;True;True
gid://shopify/ProductVariant/47846781026599;PI01588;R;3500.0;2200.0;8;gid://shopify/Product/9055227642151;Pingente Você - P | Ouro Amarelo 18K e Diamante;166;26;33;PI01588;PI01588;gid://shopify/ProductVariant/47846781026599;5.0;0.0;True;True
gid://shopify/ProductVariant/47846781092135;PI01589;S;3500.0;2200.0;7;gid://shopify/Product/9055227642151;Pingente Você - P | Ouro Amarelo 18K e Diamante;166;26;33;PI01589;PI01589;gid://shopify/ProductVariant/47846781092135;5.0;0.0;True;True
gid://shopify/ProductVariant/47846781157671;PI01590;T;3500.0;2200.0;6;gid://shopify/Product/9055227642151;Pingente Você - P | Ouro Amarelo 18K e Diamante;166;26;33;PI01590;PI01590;gid://shopify/ProductVariant/47846781157671;5.0;0.0;True;True
gid://shopify/ProductVariant/47846781223207;PI01591;U;3500.0;2200.0;6;gid://shopify/Product/9055227642151;Pingente Você - P | Ouro Amarelo 18K e Diamante;166;26;33;PI01591;PI01591;gid://shopify/ProductVariant/47846781223207;5.0;0.0;True;True
gid://shopify/ProductVariant/47846781288743;PI01592;V;3500.0;2200.0;5;gid://shopify/Product/9055227642151;Pingente Você - P | Ouro Amarelo 18K e Diamante;166;26;33;PI01592;PI01592;gid://shopify/ProductVariant/47846781288743;5.0;0.0;True;False
gid://shopify/ProductVariant/47846781354279;PI01593;W;3500.0;2200.0;6;gid://shopify/Product/9055227642151;Pingente Você - P | Ouro Amarelo 18K e Diamante;166;26;33;PI01593;PI01593;gid://shopify/ProductVariant/47846781354279;5.0;0.0;True;True
gid://shopify/ProductVariant/47846781419815;PI01594;X;3500.0;2200.0;6;gid://shopify/Product/9055227642151;Pingente Você - P | Ouro Amarelo 18K e Diamante;166;26;33;PI01594;PI01594;gid://shopify/ProductVariant/47846781419815;5.0;0.0;True;True
gid://shopify/ProductVariant/47846781485351;PI01595;Y;3500.0;2200.0;5;gid://shopify/Product/9055227642151;Pingente Você - P | Ouro Amarelo 18K e Diamante;166;26;33;PI01595;PI01595;gid://shopify/ProductVariant/47846781485351;5.0;0.0;True;False
gid://shopify/ProductVariant/47846781550887;PI01596;Z;3500.0;2200.0;6;gid://shopify/Product/9055227642151;Pingente Você - P | Ouro Amarelo 18K e Diamante;166;26;33;PI01596;PI01596;gid://shopify/ProductVariant/47846781550887;5.0;0.0;True;True
gid://shopify/ProductVariant/47846825263399;PI01597;A;3500.0;2200.0;7;gid://shopify/Product/9055237079335;Pingente Você - P | Ouro Branco 18K e Diamante;187;26;51;PI01597;PI01597;gid://shopify/ProductVariant/47846825263399;5.0;0.0;True;True
gid://shopify/ProductVariant/47846825328935;PI01598;B;3500.0;2200.0;8;gid://shopify/Product/9055237079335;Pingente Você - P | Ouro Branco 18K e Diamante;187;26;51;PI01598;PI01598;gid://shopify/ProductVariant/47846825328935;5.0;0.0;True;True
gid://shopify/ProductVariant/47846825394471;PI01599;C;3500.0;2200.0;9;gid://shopify/Product/9055237079335;Pingente Você - P | Ouro Branco 18K e Diamante;187;26;51;PI01599;PI01599;gid://shopify/ProductVariant/47846825394471;5.0;0.0;True;True
gid://shopify/ProductVariant/47846825460007;PI01600;D;3500.0;2200.0;8;gid://shopify/Product/9055237079335;Pingente Você - P | Ouro Branco 18K e Diamante;187;26;51;PI01600;PI01600;gid://shopify/ProductVariant/47846825460007;5.0;0.0;True;True
gid://shopify/ProductVariant/47846825525543;PI01601;E;3500.0;2200.0;7;gid://shopify/Product/9055237079335;Pingente Você - P | Ouro Branco 18K e Diamante;187;26;51;PI01601;PI01601;gid://shopify/ProductVariant/47846825525543;5.0;0.0;True;True
gid://shopify/ProductVariant/47846825591079;PI01602;F;3500.0;2200.0;11;gid://shopify/Product/9055237079335;Pingente Você - P | Ouro Branco 18K e Diamante;187;26;51;PI01602;PI01602;gid://shopify/ProductVariant/47846825591079;5.0;0.0;True;True
gid://shopify/ProductVariant/47846825656615;PI01603;G;3500.0;2200.0;12;gid://shopify/Product/9055237079335;Pingente Você - P | Ouro Branco 18K e Diamante;187;26;51;PI01603;PI01603;gid://shopify/ProductVariant/47846825656615;5.0;0.0;True;True
gid://shopify/ProductVariant/47846825722151;PI01604;H;3500.0;2200.0;6;gid://shopify/Product/9055237079335;Pingente Você - P | Ouro Branco 18K e Diamante;187;26;51;PI01604;PI01604;gid://shopify/ProductVariant/47846825722151;5.0;0.0;True;True
gid://shopify/ProductVariant/47846825787687;PI01605;I;3500.0;2200.0;5;gid://shopify/Product/9055237079335;Pingente Você - P | Ouro Branco 18K e Diamante;187;26;51;PI01605;PI01605;gid://shopify/ProductVariant/47846825787687;5.0;0.0;True;False
gid://shopify/ProductVariant/47846825853223;PI01606;J;3500.0;2200.0;8;gid://shopify/Product/9055237079335;Pingente Você - P | Ouro Branco 18K e Diamante;187;26;51;PI01606;PI01606;gid://shopify/ProductVariant/47846825853223;5.0;0.0;True;True
gid://shopify/ProductVariant/47846825918759;PI01607;K;3500.0;2200.0;6;gid://shopify/Product/9055237079335;Pingente Você - P | Ouro Branco 18K e Diamante;187;26;51;PI01607;PI01607;gid://shopify/ProductVariant/47846825918759;5.0;0.0;True;True
gid://shopify/ProductVariant/47846825984295;PI01608;L;3500.0;2200.0;7;gid://shopify/Product/9055237079335;Pingente Você - P | Ouro Branco 18K e Diamante;187;26;51;PI01608;PI01608;gid://shopify/ProductVariant/47846825984295;5.0;0.0;True;True
gid://shopify/ProductVariant/47846826049831;PI01609;M;3500.0;2200.0;11;gid://shopify/Product/9055237079335;Pingente Você - P | Ouro Branco 18K e Diamante;187;26;51;PI01609;PI01609;gid://shopify/ProductVariant/47846826049831;5.0;0.0;True;True
gid://shopify/ProductVariant/47846826115367;PI01610;N;3500.0;2200.0;6;gid://shopify/Product/9055237079335;Pingente Você - P | Ouro Branco 18K e Diamante;187;26;51;PI01610;PI01610;gid://shopify/ProductVariant/47846826115367;5.0;0.0;True;True
gid://shopify/ProductVariant/47846826180903;PI01611;O;3500.0;2200.0;6;gid://shopify/Product/9055237079335;Pingente Você - P | Ouro Branco 18K e Diamante;187;26;51;PI01611;PI01611;gid://shopify/ProductVariant/47846826180903;5.0;0.0;True;True
gid://shopify/ProductVariant/47846826246439;PI01612;P;3500.0;2200.0;6;gid://shopify/Product/9055237079335;Pingente Você - P | Ouro Branco 18K e Diamante;187;26;51;PI01612;PI01612;gid://shopify/ProductVariant/47846826246439;5.0;0.0;True;True
gid://shopify/ProductVariant/47846826311975;PI01613;Q;3500.0;2200.0;6;gid://shopify/Product/9055237079335;Pingente Você - P | Ouro Branco 18K e Diamante;187;26;51;PI01613;PI01613;gid://shopify/ProductVariant/47846826311975;5.0;0.0;True;True
gid://shopify/ProductVariant/47846826377511;PI01614;R;3500.0;2200.0;8;gid://shopify/Product/9055237079335;Pingente Você - P | Ouro Branco 18K e Diamante;187;26;51;PI01614;PI01614;gid://shopify/ProductVariant/47846826377511;5.0;0.0;True;True
gid://shopify/ProductVariant/47846826443047;PI01615;S;3500.0;2200.0;8;gid://shopify/Product/9055237079335;Pingente Você - P | Ouro Branco 18K e Diamante;187;26;51;PI01615;PI01615;gid://shopify/ProductVariant/47846826443047;5.0;0.0;True;True
gid://shopify/ProductVariant/47846826508583;PI01616;T;3500.0;2200.0;6;gid://shopify/Product/9055237079335;Pingente Você - P | Ouro Branco 18K e Diamante;187;26;51;PI01616;PI01616;gid://shopify/ProductVariant/47846826508583;5.0;0.0;True;True
gid://shopify/ProductVariant/47846826574119;PI01617;U;3500.0;2200.0;6;gid://shopify/Product/9055237079335;Pingente Você - P | Ouro Branco 18K e Diamante;187;26;51;PI01617;PI01617;gid://shopify/ProductVariant/47846826574119;5.0;0.0;True;True
gid://shopify/ProductVariant/47846826639655;PI01618;V;3500.0;2200.0;6;gid://shopify/Product/9055237079335;Pingente Você - P | Ouro Branco 18K e Diamante;187;26;51;PI01618;PI01618;gid://shopify/ProductVariant/47846826639655;5.0;0.0;True;True
gid://shopify/ProductVariant/47846826705191;PI01619;W;3500.0;2200.0;6;gid://shopify/Product/9055237079335;Pingente Você - P | Ouro Branco 18K e Diamante;187;26;51;PI01619;PI01619;gid://shopify/ProductVariant/47846826705191;5.0;0.0;True;True
gid://shopify/ProductVariant/47846826770727;PI01620;X;3500.0;2200.0;6;gid://shopify/Product/9055237079335;Pingente Você - P | Ouro Branco 18K e Diamante;187;26;51;PI01620;PI01620;gid://shopify/ProductVariant/47846826770727;5.0;0.0;True;True
gid://shopify/ProductVariant/47846826836263;PI01621;Y;3500.0;2200.0;6;gid://shopify/Product/9055237079335;Pingente Você - P | Ouro Branco 18K e Diamante;187;26;51;PI01621;PI01621;gid://shopify/ProductVariant/47846826836263;5.0;0.0;True;True
gid://shopify/ProductVariant/47846826901799;PI01622;Z;3500.0;2200.0;6;gid://shopify/Product/9055237079335;Pingente Você - P | Ouro Branco 18K e Diamante;187;26;51;PI01622;PI01622;gid://shopify/ProductVariant/47846826901799;5.0;0.0;True;True
gid://shopify/ProductVariant/47846904299815;PI01630;A;3500.0;2200.0;7;gid://shopify/Product/9055243960615;Pingente Você - P | Ouro Branco 18K Com Ródio Negro e Diamante;164;26;15;PI01630;PI01630;gid://shopify/ProductVariant/47846904299815;5.0;0.0;True;True
gid://shopify/ProductVariant/47846904365351;PI01631;B;3500.0;2200.0;6;gid://shopify/Product/9055243960615;Pingente Você - P | Ouro Branco 18K Com Ródio Negro e Diamante;164;26;15;PI01631;PI01631;gid://shopify/ProductVariant/47846904365351;5.0;0.0;True;True
gid://shopify/ProductVariant/47846904430887;PI01632;C;3500.0;2200.0;7;gid://shopify/Product/9055243960615;Pingente Você - P | Ouro Branco 18K Com Ródio Negro e Diamante;164;26;15;PI01632;PI01632;gid://shopify/ProductVariant/47846904430887;5.0;0.0;True;True
gid://shopify/ProductVariant/47846904496423;PI01633;D;3500.0;2200.0;6;gid://shopify/Product/9055243960615;Pingente Você - P | Ouro Branco 18K Com Ródio Negro e Diamante;164;26;15;PI01633;PI01633;gid://shopify/ProductVariant/47846904496423;5.0;0.0;True;True
gid://shopify/ProductVariant/47846904561959;PI01634;E;3500.0;2200.0;6;gid://shopify/Product/9055243960615;Pingente Você - P | Ouro Branco 18K Com Ródio Negro e Diamante;164;26;15;PI01634;PI01634;gid://shopify/ProductVariant/47846904561959;5.0;0.0;True;True
gid://shopify/ProductVariant/47846904627495;PI01635;F;3500.0;2200.0;6;gid://shopify/Product/9055243960615;Pingente Você - P | Ouro Branco 18K Com Ródio Negro e Diamante;164;26;15;PI01635;PI01635;gid://shopify/ProductVariant/47846904627495;5.0;0.0;True;True
gid://shopify/ProductVariant/47846904693031;PI01636;G;3500.0;2200.0;7;gid://shopify/Product/9055243960615;Pingente Você - P | Ouro Branco 18K Com Ródio Negro e Diamante;164;26;15;PI01636;PI01636;gid://shopify/ProductVariant/47846904693031;5.0;0.0;True;True
gid://shopify/ProductVariant/47846904758567;PI01637;H;3500.0;2200.0;6;gid://shopify/Product/9055243960615;Pingente Você - P | Ouro Branco 18K Com Ródio Negro e Diamante;164;26;15;PI01637;PI01637;gid://shopify/ProductVariant/47846904758567;5.0;0.0;True;True
gid://shopify/ProductVariant/47846904824103;PI01638;I;3500.0;2200.0;6;gid://shopify/Product/9055243960615;Pingente Você - P | Ouro Branco 18K Com Ródio Negro e Diamante;164;26;15;PI01638;PI01638;gid://shopify/ProductVariant/47846904824103;5.0;0.0;True;True
gid://shopify/ProductVariant/47846904889639;PI01639;J;3500.0;2200.0;7;gid://shopify/Product/9055243960615;Pingente Você - P | Ouro Branco 18K Com Ródio Negro e Diamante;164;26;15;PI01639;PI01639;gid://shopify/ProductVariant/47846904889639;5.0;0.0;True;True
gid://shopify/ProductVariant/47846904955175;PI01640;K;3500.0;2200.0;6;gid://shopify/Product/9055243960615;Pingente Você - P | Ouro Branco 18K Com Ródio Negro e Diamante;164;26;15;PI01640;PI01640;gid://shopify/ProductVariant/47846904955175;5.0;0.0;True;True
gid://shopify/ProductVariant/47846905020711;PI01641;L;3500.0;2200.0;7;gid://shopify/Product/9055243960615;Pingente Você - P | Ouro Branco 18K Com Ródio Negro e Diamante;164;26;15;PI01641;PI01641;gid://shopify/ProductVariant/47846905020711;5.0;0.0;True;True
gid://shopify/ProductVariant/47846905086247;PI01642;M;3500.0;2200.0;7;gid://shopify/Product/9055243960615;Pingente Você - P | Ouro Branco 18K Com Ródio Negro e Diamante;164;26;15;PI01642;PI01642;gid://shopify/ProductVariant/47846905086247;5.0;0.0;True;True
gid://shopify/ProductVariant/47846905151783;PI01643;N;3500.0;2200.0;6;gid://shopify/Product/9055243960615;Pingente Você - P | Ouro Branco 18K Com Ródio Negro e Diamante;164;26;15;PI01643;PI01643;gid://shopify/ProductVariant/47846905151783;5.0;0.0;True;True
gid://shopify/ProductVariant/47846905217319;PI01644;O;3500.0;2200.0;6;gid://shopify/Product/9055243960615;Pingente Você - P | Ouro Branco 18K Com Ródio Negro e Diamante;164;26;15;PI01644;PI01644;gid://shopify/ProductVariant/47846905217319;5.0;0.0;True;True
gid://shopify/ProductVariant/47846905282855;PI01645;P;3500.0;2200.0;6;gid://shopify/Product/9055243960615;Pingente Você - P | Ouro Branco 18K Com Ródio Negro e Diamante;164;26;15;PI01645;PI01645;gid://shopify/ProductVariant/47846905282855;5.0;0.0;True;True
gid://shopify/ProductVariant/47846905348391;PI01646;Q;3500.0;2200.0;6;gid://shopify/Product/9055243960615;Pingente Você - P | Ouro Branco 18K Com Ródio Negro e Diamante;164;26;15;PI01646;PI01646;gid://shopify/ProductVariant/47846905348391;5.0;0.0;True;True
gid://shopify/ProductVariant/47846905413927;PI01647;R;3500.0;2200.0;7;gid://shopify/Product/9055243960615;Pingente Você - P | Ouro Branco 18K Com Ródio Negro e Diamante;164;26;15;PI01647;PI01647;gid://shopify/ProductVariant/47846905413927;5.0;0.0;True;True
gid://shopify/ProductVariant/47846905479463;PI01648;S;3500.0;2200.0;7;gid://shopify/Product/9055243960615;Pingente Você - P | Ouro Branco 18K Com Ródio Negro e Diamante;164;26;15;PI01648;PI01648;gid://shopify/ProductVariant/47846905479463;5.0;0.0;True;True
gid://shopify/ProductVariant/47846905544999;PI01649;T;3500.0;2200.0;6;gid://shopify/Product/9055243960615;Pingente Você - P | Ouro Branco 18K Com Ródio Negro e Diamante;164;26;15;PI01649;PI01649;gid://shopify/ProductVariant/47846905544999;5.0;0.0;True;True
gid://shopify/ProductVariant/47846905610535;PI01650;U;3500.0;2200.0;6;gid://shopify/Product/9055243960615;Pingente Você - P | Ouro Branco 18K Com Ródio Negro e Diamante;164;26;15;PI01650;PI01650;gid://shopify/ProductVariant/47846905610535;5.0;0.0;True;True
gid://shopify/ProductVariant/47846905676071;PI01651;V;3500.0;2200.0;6;gid://shopify/Product/9055243960615;Pingente Você - P | Ouro Branco 18K Com Ródio Negro e Diamante;164;26;15;PI01651;PI01651;gid://shopify/ProductVariant/47846905676071;5.0;0.0;True;True
gid://shopify/ProductVariant/47846905741607;PI01652;W;3500.0;2200.0;6;gid://shopify/Product/9055243960615;Pingente Você - P | Ouro Branco 18K Com Ródio Negro e Diamante;164;26;15;PI01652;PI01652;gid://shopify/ProductVariant/47846905741607;5.0;0.0;True;True
gid://shopify/ProductVariant/47846905807143;PI01653;X;3500.0;2200.0;6;gid://shopify/Product/9055243960615;Pingente Você - P | Ouro Branco 18K Com Ródio Negro e Diamante;164;26;15;PI01653;PI01653;gid://shopify/ProductVariant/47846905807143;5.0;0.0;True;True
gid://shopify/ProductVariant/47846905872679;PI01654;Y;3500.0;2200.0;6;gid://shopify/Product/9055243960615;Pingente Você - P | Ouro Branco 18K Com Ródio Negro e Diamante;164;26;15;PI01654;PI01654;gid://shopify/ProductVariant/47846905872679;5.0;0.0;True;True
gid://shopify/ProductVariant/47846905938215;PI01655;Z;3500.0;2200.0;6;gid://shopify/Product/9055243960615;Pingente Você - P | Ouro Branco 18K Com Ródio Negro e Diamante;164;26;15;PI01655;PI01655;gid://shopify/ProductVariant/47846905938215;5.0;0.0;True;True
gid://shopify/ProductVariant/47846929629479;CO01326;Default Title;5500.0;;5;gid://shopify/Product/9055248515367;Corrente Você - 70cm | Ouro Branco 18K;5;1;3;CO01326;CO01326;gid://shopify/ProductVariant/47846929629479;5.0;0.0;True;False
gid://shopify/ProductVariant/47846935363879;CO01335;Default Title;5500.0;;7;gid://shopify/Product/9055250186535;Corrente Você - 70cm | Ouro Amarelo 18K;7;1;3;CO01335;CO01335;gid://shopify/ProductVariant/47846935363879;5.0;0.0;True;True
gid://shopify/ProductVariant/47846948307239;CO01336;Default Title;5500.0;;9;gid://shopify/Product/9055252644135;Corrente Clássico - 70cm | Ouro Branco 18K com Ródio Negro;9;1;0;CO01336;CO01336;gid://shopify/ProductVariant/47846948307239;5.0;0.0;True;True
gid://shopify/ProductVariant/47847258095911;PI01628;Default Title;3500.0;;8;gid://shopify/Product/9055318933799;Pingente Você - M | Ouro Amarelo 18K e Safira Rosa;8;1;2;PI01628;PI01628;gid://shopify/ProductVariant/47847258095911;5.0;0.0;True;True
gid://shopify/ProductVariant/47847272284455;PI01629;Default Title;2500.0;;9;gid://shopify/Product/9055321948455;Pingente Você - P | Ouro Amarelo 18K e Rubi;9;1;0;PI01629;PI01629;gid://shopify/ProductVariant/47847272284455;5.0;0.0;True;True
gid://shopify/ProductVariant/47855879848231;TO00002;Default Title;2900.0;;8;gid://shopify/Product/9057482637607;Tornozeleira Você - M | Ouro Amarelo 18K;8;1;2;TO00002;TO00002;gid://shopify/ProductVariant/47855879848231;5.0;0.0;True;True
gid://shopify/ProductVariant/47855911600423;TO00003;Default Title;2900.0;;12;gid://shopify/Product/9057493844263;Tornozeleira Você - M | Ouro Branco 18K;12;1;0;TO00003;TO00003;gid://shopify/ProductVariant/47855911600423;5.0;0.0;True;True
gid://shopify/ProductVariant/47855918219559;TO00011;Default Title;2900.0;;7;gid://shopify/Product/9057495089447;Tornozeleira Você - M | Ouro Branco 18K com Ródio Negro;7;1;2;TO00011;TO00011;gid://shopify/ProductVariant/47855918219559;5.0;0.0;True;True
gid://shopify/ProductVariant/47863784341799;BR06819T;A;3900.0;2600.0;7;gid://shopify/Product/9059678290215;Brinco Você - UNITÁRIO | Ouro Branco 18K com Ródio Negro e Diamante;142;26;14;BR06819T;BR06819T;gid://shopify/ProductVariant/47863784341799;5.0;0.0;True;True
gid://shopify/ProductVariant/47863784374567;BR06820T;B;3900.0;2600.0;5;gid://shopify/Product/9059678290215;Brinco Você - UNITÁRIO | Ouro Branco 18K com Ródio Negro e Diamante;142;26;14;BR06820T;BR06820T;gid://shopify/ProductVariant/47863784374567;5.0;0.0;True;False
gid://shopify/ProductVariant/47863784407335;BR06821T;C;3900.0;2600.0;7;gid://shopify/Product/9059678290215;Brinco Você - UNITÁRIO | Ouro Branco 18K com Ródio Negro e Diamante;142;26;14;BR06821T;BR06821T;gid://shopify/ProductVariant/47863784407335;5.0;0.0;True;True
gid://shopify/ProductVariant/47863784440103;BR06822T;D;3900.0;2600.0;5;gid://shopify/Product/9059678290215;Brinco Você - UNITÁRIO | Ouro Branco 18K com Ródio Negro e Diamante;142;26;14;BR06822T;BR06822T;gid://shopify/ProductVariant/47863784440103;5.0;0.0;True;False
gid://shopify/ProductVariant/47863784472871;BR06823T;E;3900.0;2600.0;6;gid://shopify/Product/9059678290215;Brinco Você - UNITÁRIO | Ouro Branco 18K com Ródio Negro e Diamante;142;26;14;BR06823T;BR06823T;gid://shopify/ProductVariant/47863784472871;5.0;0.0;True;True
gid://shopify/ProductVariant/47863784505639;BR06824T;F;3900.0;2600.0;5;gid://shopify/Product/9059678290215;Brinco Você - UNITÁRIO | Ouro Branco 18K com Ródio Negro e Diamante;142;26;14;BR06824T;BR06824T;gid://shopify/ProductVariant/47863784505639;5.0;0.0;True;False
gid://shopify/ProductVariant/47863784538407;BR06825T;G;3900.0;2600.0;6;gid://shopify/Product/9059678290215;Brinco Você - UNITÁRIO | Ouro Branco 18K com Ródio Negro e Diamante;142;26;14;BR06825T;BR06825T;gid://shopify/ProductVariant/47863784538407;5.0;0.0;True;True
gid://shopify/ProductVariant/47863784571175;BR06826T;H;3900.0;2600.0;5;gid://shopify/Product/9059678290215;Brinco Você - UNITÁRIO | Ouro Branco 18K com Ródio Negro e Diamante;142;26;14;BR06826T;BR06826T;gid://shopify/ProductVariant/47863784571175;5.0;0.0;True;False
gid://shopify/ProductVariant/47863784603943;BR06827T;I;3900.0;2600.0;5;gid://shopify/Product/9059678290215;Brinco Você - UNITÁRIO | Ouro Branco 18K com Ródio Negro e Diamante;142;26;14;BR06827T;BR06827T;gid://shopify/ProductVariant/47863784603943;5.0;0.0;True;False
gid://shopify/ProductVariant/47863784636711;BR06828T;J;3900.0;2600.0;6;gid://shopify/Product/9059678290215;Brinco Você - UNITÁRIO | Ouro Branco 18K com Ródio Negro e Diamante;142;26;14;BR06828T;BR06828T;gid://shopify/ProductVariant/47863784636711;5.0;0.0;True;True
gid://shopify/ProductVariant/47863784669479;BR06829T;K;3900.0;2600.0;5;gid://shopify/Product/9059678290215;Brinco Você - UNITÁRIO | Ouro Branco 18K com Ródio Negro e Diamante;142;26;14;BR06829T;BR06829T;gid://shopify/ProductVariant/47863784669479;5.0;0.0;True;False
gid://shopify/ProductVariant/47863784702247;BR06830T;L;3900.0;2600.0;6;gid://shopify/Product/9059678290215;Brinco Você - UNITÁRIO | Ouro Branco 18K com Ródio Negro e Diamante;142;26;14;BR06830T;BR06830T;gid://shopify/ProductVariant/47863784702247;5.0;0.0;True;True
gid://shopify/ProductVariant/47863784735015;BR06831T;M;3900.0;2600.0;7;gid://shopify/Product/9059678290215;Brinco Você - UNITÁRIO | Ouro Branco 18K com Ródio Negro e Diamante;142;26;14;BR06831T;BR06831T;gid://shopify/ProductVariant/47863784735015;5.0;0.0;True;True
gid://shopify/ProductVariant/47863784767783;BR06832T;N;3900.0;2600.0;5;gid://shopify/Product/9059678290215;Brinco Você - UNITÁRIO | Ouro Branco 18K com Ródio Negro e Diamante;142;26;14;BR06832T;BR06832T;gid://shopify/ProductVariant/47863784767783;5.0;0.0;True;False
gid://shopify/ProductVariant/47863784800551;BR06833T;O;3900.0;2600.0;5;gid://shopify/Product/9059678290215;Brinco Você - UNITÁRIO | Ouro Branco 18K com Ródio Negro e Diamante;142;26;14;BR06833T;BR06833T;gid://shopify/ProductVariant/47863784800551;5.0;0.0;True;False
gid://shopify/ProductVariant/47863784833319;BR06834T;P;3900.0;2600.0;5;gid://shopify/Product/9059678290215;Brinco Você - UNITÁRIO | Ouro Branco 18K com Ródio Negro e Diamante;142;26;14;BR06834T;BR06834T;gid://shopify/ProductVariant/47863784833319;5.0;0.0;True;False
gid://shopify/ProductVariant/47863784866087;BR06835T;Q;3900.0;2600.0;5;gid://shopify/Product/9059678290215;Brinco Você - UNITÁRIO | Ouro Branco 18K com Ródio Negro e Diamante;142;26;14;BR06835T;BR06835T;gid://shopify/ProductVariant/47863784866087;5.0;0.0;True;False
gid://shopify/ProductVariant/47863784898855;BR06836T;R;3900.0;2600.0;6;gid://shopify/Product/9059678290215;Brinco Você - UNITÁRIO | Ouro Branco 18K com Ródio Negro e Diamante;142;26;14;BR06836T;BR06836T;gid://shopify/ProductVariant/47863784898855;5.0;0.0;True;True
gid://shopify/ProductVariant/47863784964391;BR06837T;S;3900.0;2600.0;6;gid://shopify/Product/9059678290215;Brinco Você - UNITÁRIO | Ouro Branco 18K com Ródio Negro e Diamante;142;26;14;BR06837T;BR06837T;gid://shopify/ProductVariant/47863784964391;5.0;0.0;True;True
gid://shopify/ProductVariant/47863785029927;BR06838T;T;3900.0;2600.0;5;gid://shopify/Product/9059678290215;Brinco Você - UNITÁRIO | Ouro Branco 18K com Ródio Negro e Diamante;142;26;14;BR06838T;BR06838T;gid://shopify/ProductVariant/47863785029927;5.0;0.0;True;False
gid://shopify/ProductVariant/47863785128231;BR06839T;U;3900.0;2600.0;5;gid://shopify/Product/9059678290215;Brinco Você - UNITÁRIO | Ouro Branco 18K com Ródio Negro e Diamante;142;26;14;BR06839T;BR06839T;gid://shopify/ProductVariant/47863785128231;5.0;0.0;True;False
gid://shopify/ProductVariant/47863785193767;BR06840T;V;3900.0;2600.0;5;gid://shopify/Product/9059678290215;Brinco Você - UNITÁRIO | Ouro Branco 18K com Ródio Negro e Diamante;142;26;14;BR06840T;BR06840T;gid://shopify/ProductVariant/47863785193767;5.0;0.0;True;False
gid://shopify/ProductVariant/47863785259303;BR06841T;W;3900.0;2600.0;5;gid://shopify/Product/9059678290215;Brinco Você - UNITÁRIO | Ouro Branco 18K com Ródio Negro e Diamante;142;26;14;BR06841T;BR06841T;gid://shopify/ProductVariant/47863785259303;5.0;0.0;True;False
gid://shopify/ProductVariant/47863785324839;BR06842T;X;3900.0;2600.0;5;gid://shopify/Product/9059678290215;Brinco Você - UNITÁRIO | Ouro Branco 18K com Ródio Negro e Diamante;142;26;14;BR06842T;BR06842T;gid://shopify/ProductVariant/47863785324839;5.0;0.0;True;False
gid://shopify/ProductVariant/47863785357607;BR06843T;Y;3900.0;2600.0;5;gid://shopify/Product/9059678290215;Brinco Você - UNITÁRIO | Ouro Branco 18K com Ródio Negro e Diamante;142;26;14;BR06843T;BR06843T;gid://shopify/ProductVariant/47863785357607;5.0;0.0;True;False
gid://shopify/ProductVariant/47863785390375;BR06844T;Z;3900.0;2600.0;5;gid://shopify/Product/9059678290215;Brinco Você - UNITÁRIO | Ouro Branco 18K com Ródio Negro e Diamante;142;26;14;BR06844T;BR06844T;gid://shopify/ProductVariant/47863785390375;5.0;0.0;True;False
gid://shopify/ProductVariant/47863821992231;BR06760T;A;3900.0;2600.0;9;gid://shopify/Product/9059682648359;Brinco Você - UNITÁRIO | Ouro Branco 18K e Diamante;160;26;18;BR06760T;BR06760T;gid://shopify/ProductVariant/47863821992231;5.0;0.0;True;True
gid://shopify/ProductVariant/47863822057767;BR06761T;B;3900.0;2600.0;8;gid://shopify/Product/9059682648359;Brinco Você - UNITÁRIO | Ouro Branco 18K e Diamante;160;26;18;BR06761T;BR06761T;gid://shopify/ProductVariant/47863822057767;5.0;0.0;True;True
gid://shopify/ProductVariant/47863822090535;BR06762T;C;3900.0;2600.0;6;gid://shopify/Product/9059682648359;Brinco Você - UNITÁRIO | Ouro Branco 18K e Diamante;160;26;18;BR06762T;BR06762T;gid://shopify/ProductVariant/47863822090535;5.0;0.0;True;True
gid://shopify/ProductVariant/47863822123303;BR06763T;D;3900.0;2600.0;7;gid://shopify/Product/9059682648359;Brinco Você - UNITÁRIO | Ouro Branco 18K e Diamante;160;26;18;BR06763T;BR06763T;gid://shopify/ProductVariant/47863822123303;5.0;0.0;True;True
gid://shopify/ProductVariant/47863822156071;BR06764T;E;3900.0;2600.0;6;gid://shopify/Product/9059682648359;Brinco Você - UNITÁRIO | Ouro Branco 18K e Diamante;160;26;18;BR06764T;BR06764T;gid://shopify/ProductVariant/47863822156071;5.0;0.0;True;True
gid://shopify/ProductVariant/47863822188839;BR06765T;F;3900.0;2600.0;5;gid://shopify/Product/9059682648359;Brinco Você - UNITÁRIO | Ouro Branco 18K e Diamante;160;26;18;BR06765T;BR06765T;gid://shopify/ProductVariant/47863822188839;5.0;0.0;True;False
gid://shopify/ProductVariant/47863822221607;BR06766T;G;3900.0;2600.0;6;gid://shopify/Product/9059682648359;Brinco Você - UNITÁRIO | Ouro Branco 18K e Diamante;160;26;18;BR06766T;BR06766T;gid://shopify/ProductVariant/47863822221607;5.0;0.0;True;True
gid://shopify/ProductVariant/47863822254375;BR06767T;H;3900.0;2600.0;5;gid://shopify/Product/9059682648359;Brinco Você - UNITÁRIO | Ouro Branco 18K e Diamante;160;26;18;BR06767T;BR06767T;gid://shopify/ProductVariant/47863822254375;5.0;0.0;True;False
gid://shopify/ProductVariant/47863822287143;BR06768T;I;3900.0;2600.0;5;gid://shopify/Product/9059682648359;Brinco Você - UNITÁRIO | Ouro Branco 18K e Diamante;160;26;18;BR06768T;BR06768T;gid://shopify/ProductVariant/47863822287143;5.0;0.0;True;False
gid://shopify/ProductVariant/47863822319911;BR06769T;J;3900.0;2600.0;9;gid://shopify/Product/9059682648359;Brinco Você - UNITÁRIO | Ouro Branco 18K e Diamante;160;26;18;BR06769T;BR06769T;gid://shopify/ProductVariant/47863822319911;5.0;0.0;True;True
gid://shopify/ProductVariant/47863822352679;BR06770T;K;3900.0;2600.0;5;gid://shopify/Product/9059682648359;Brinco Você - UNITÁRIO | Ouro Branco 18K e Diamante;160;26;18;BR06770T;BR06770T;gid://shopify/ProductVariant/47863822352679;5.0;0.0;True;False
gid://shopify/ProductVariant/47863822385447;BR06771T;L;3900.0;2600.0;9;gid://shopify/Product/9059682648359;Brinco Você - UNITÁRIO | Ouro Branco 18K e Diamante;160;26;18;BR06771T;BR06771T;gid://shopify/ProductVariant/47863822385447;5.0;0.0;True;True
gid://shopify/ProductVariant/47863822418215;BR06772T;M;3900.0;2600.0;8;gid://shopify/Product/9059682648359;Brinco Você - UNITÁRIO | Ouro Branco 18K e Diamante;160;26;18;BR06772T;BR06772T;gid://shopify/ProductVariant/47863822418215;5.0;0.0;True;True
gid://shopify/ProductVariant/47863822450983;BR06773T;N;3900.0;2600.0;5;gid://shopify/Product/9059682648359;Brinco Você - UNITÁRIO | Ouro Branco 18K e Diamante;160;26;18;BR06773T;BR06773T;gid://shopify/ProductVariant/47863822450983;5.0;0.0;True;False
gid://shopify/ProductVariant/47863822483751;BR06774T;O;3900.0;2600.0;5;gid://shopify/Product/9059682648359;Brinco Você - UNITÁRIO | Ouro Branco 18K e Diamante;160;26;18;BR06774T;BR06774T;gid://shopify/ProductVariant/47863822483751;5.0;0.0;True;False
gid://shopify/ProductVariant/47863822516519;BR06775T;P;3900.0;2600.0;5;gid://shopify/Product/9059682648359;Brinco Você - UNITÁRIO | Ouro Branco 18K e Diamante;160;26;18;BR06775T;BR06775T;gid://shopify/ProductVariant/47863822516519;5.0;0.0;True;False
gid://shopify/ProductVariant/47863822549287;BR06776T;Q;3900.0;2600.0;5;gid://shopify/Product/9059682648359;Brinco Você - UNITÁRIO | Ouro Branco 18K e Diamante;160;26;18;BR06776T;BR06776T;gid://shopify/ProductVariant/47863822549287;5.0;0.0;True;False
gid://shopify/ProductVariant/47863822582055;BR06777T;R;3900.0;2600.0;8;gid://shopify/Product/9059682648359;Brinco Você - UNITÁRIO | Ouro Branco 18K e Diamante;160;26;18;BR06777T;BR06777T;gid://shopify/ProductVariant/47863822582055;5.0;0.0;True;True
gid://shopify/ProductVariant/47863822614823;BR06778T;S;3900.0;2600.0;9;gid://shopify/Product/9059682648359;Brinco Você - UNITÁRIO | Ouro Branco 18K e Diamante;160;26;18;BR06778T;BR06778T;gid://shopify/ProductVariant/47863822614823;5.0;0.0;True;True
gid://shopify/ProductVariant/47863822647591;BR06779T;T;3900.0;2600.0;5;gid://shopify/Product/9059682648359;Brinco Você - UNITÁRIO | Ouro Branco 18K e Diamante;160;26;18;BR06779T;BR06779T;gid://shopify/ProductVariant/47863822647591;5.0;0.0;True;False
gid://shopify/ProductVariant/47863822680359;BR06780T;U;3900.0;2600.0;5;gid://shopify/Product/9059682648359;Brinco Você - UNITÁRIO | Ouro Branco 18K e Diamante;160;26;18;BR06780T;BR06780T;gid://shopify/ProductVariant/47863822680359;5.0;0.0;True;False
gid://shopify/ProductVariant/47863822713127;BR06781T;V;3900.0;2600.0;5;gid://shopify/Product/9059682648359;Brinco Você - UNITÁRIO | Ouro Branco 18K e Diamante;160;26;18;BR06781T;BR06781T;gid://shopify/ProductVariant/47863822713127;5.0;0.0;True;False
gid://shopify/ProductVariant/47863822745895;BR06845T;W;3900.0;2600.0;5;gid://shopify/Product/9059682648359;Brinco Você - UNITÁRIO | Ouro Branco 18K e Diamante;160;26;18;BR06845T;BR06845T;gid://shopify/ProductVariant/47863822745895;5.0;0.0;True;False
gid://shopify/ProductVariant/47863822778663;BR06783T;X;3900.0;2600.0;5;gid://shopify/Product/9059682648359;Brinco Você - UNITÁRIO | Ouro Branco 18K e Diamante;160;26;18;BR06783T;BR06783T;gid://shopify/ProductVariant/47863822778663;5.0;0.0;True;False
gid://shopify/ProductVariant/47863822811431;BR06784T;Y;3900.0;2600.0;5;gid://shopify/Product/9059682648359;Brinco Você - UNITÁRIO | Ouro Branco 18K e Diamante;160;26;18;BR06784T;BR06784T;gid://shopify/ProductVariant/47863822811431;5.0;0.0;True;False
gid://shopify/ProductVariant/47863822844199;BR06785T;Z;3900.0;2600.0;5;gid://shopify/Product/9059682648359;Brinco Você - UNITÁRIO | Ouro Branco 18K e Diamante;160;26;18;BR06785T;BR06785T;gid://shopify/ProductVariant/47863822844199;5.0;0.0;True;False
gid://shopify/ProductVariant/47863912497447;BR06734T;A;3900.0;2600.0;10;gid://shopify/Product/9059693887783;Brinco Você - UNITÁRIO | Ouro Amarelo 18K e Diamante;156;26;24;BR06734T;BR06734T;gid://shopify/ProductVariant/47863912497447;5.0;0.0;True;True
gid://shopify/ProductVariant/47863912530215;BR06735T;B;3900.0;2600.0;7;gid://shopify/Product/9059693887783;Brinco Você - UNITÁRIO | Ouro Amarelo 18K e Diamante;156;26;24;BR06735T;BR06735T;gid://shopify/ProductVariant/47863912530215;5.0;0.0;True;True
gid://shopify/ProductVariant/47863912562983;BR06736T;C;3900.0;2600.0;8;gid://shopify/Product/9059693887783;Brinco Você - UNITÁRIO | Ouro Amarelo 18K e Diamante;156;26;24;BR06736T;BR06736T;gid://shopify/ProductVariant/47863912562983;5.0;0.0;True;True
gid://shopify/ProductVariant/47863912595751;BR06737T;D;3900.0;2600.0;8;gid://shopify/Product/9059693887783;Brinco Você - UNITÁRIO | Ouro Amarelo 18K e Diamante;156;26;24;BR06737T;BR06737T;gid://shopify/ProductVariant/47863912595751;5.0;0.0;True;True
gid://shopify/ProductVariant/47863912628519;BR06738T;E;3900.0;2600.0;6;gid://shopify/Product/9059693887783;Brinco Você - UNITÁRIO | Ouro Amarelo 18K e Diamante;156;26;24;BR06738T;BR06738T;gid://shopify/ProductVariant/47863912628519;5.0;0.0;True;True
gid://shopify/ProductVariant/47863912661287;BR06739T;F;3900.0;2600.0;6;gid://shopify/Product/9059693887783;Brinco Você - UNITÁRIO | Ouro Amarelo 18K e Diamante;156;26;24;BR06739T;BR06739T;gid://shopify/ProductVariant/47863912661287;5.0;0.0;True;True
gid://shopify/ProductVariant/47863912694055;BR06740T;G;3900.0;2600.0;8;gid://shopify/Product/9059693887783;Brinco Você - UNITÁRIO | Ouro Amarelo 18K e Diamante;156;26;24;BR06740T;BR06740T;gid://shopify/ProductVariant/47863912694055;5.0;0.0;True;True
gid://shopify/ProductVariant/47863912726823;BR06741T;H;3900.0;2600.0;5;gid://shopify/Product/9059693887783;Brinco Você - UNITÁRIO | Ouro Amarelo 18K e Diamante;156;26;24;BR06741T;BR06741T;gid://shopify/ProductVariant/47863912726823;5.0;0.0;True;False
gid://shopify/ProductVariant/47863912759591;BR06742T;I;3900.0;2600.0;5;gid://shopify/Product/9059693887783;Brinco Você - UNITÁRIO | Ouro Amarelo 18K e Diamante;156;26;24;BR06742T;BR06742T;gid://shopify/ProductVariant/47863912759591;5.0;0.0;True;False
gid://shopify/ProductVariant/47863912792359;BR06743T;J;3900.0;2600.0;6;gid://shopify/Product/9059693887783;Brinco Você - UNITÁRIO | Ouro Amarelo 18K e Diamante;156;26;24;BR06743T;BR06743T;gid://shopify/ProductVariant/47863912792359;5.0;0.0;True;True
gid://shopify/ProductVariant/47863912825127;BR06744T;K;3900.0;2600.0;5;gid://shopify/Product/9059693887783;Brinco Você - UNITÁRIO | Ouro Amarelo 18K e Diamante;156;26;24;BR06744T;BR06744T;gid://shopify/ProductVariant/47863912825127;5.0;0.0;True;False
gid://shopify/ProductVariant/47863912857895;BR06745T;L;3900.0;2600.0;8;gid://shopify/Product/9059693887783;Brinco Você - UNITÁRIO | Ouro Amarelo 18K e Diamante;156;26;24;BR06745T;BR06745T;gid://shopify/ProductVariant/47863912857895;5.0;0.0;True;True
gid://shopify/ProductVariant/47863912890663;BR06746T;M;3900.0;2600.0;5;gid://shopify/Product/9059693887783;Brinco Você - UNITÁRIO | Ouro Amarelo 18K e Diamante;156;26;24;BR06746T;BR06746T;gid://shopify/ProductVariant/47863912890663;5.0;0.0;True;False
gid://shopify/ProductVariant/47863912923431;BR06747T;N;3900.0;2600.0;5;gid://shopify/Product/9059693887783;Brinco Você - UNITÁRIO | Ouro Amarelo 18K e Diamante;156;26;24;BR06747T;BR06747T;gid://shopify/ProductVariant/47863912923431;5.0;0.0;True;False
gid://shopify/ProductVariant/47863912956199;BR06748T;O;3900.0;2600.0;5;gid://shopify/Product/9059693887783;Brinco Você - UNITÁRIO | Ouro Amarelo 18K e Diamante;156;26;24;BR06748T;BR06748T;gid://shopify/ProductVariant/47863912956199;5.0;0.0;True;False
gid://shopify/ProductVariant/47863912988967;BR06749T;P;3900.0;2600.0;5;gid://shopify/Product/9059693887783;Brinco Você - UNITÁRIO | Ouro Amarelo 18K e Diamante;156;26;24;BR06749T;BR06749T;gid://shopify/ProductVariant/47863912988967;5.0;0.0;True;False
gid://shopify/ProductVariant/47863913021735;BR06750T;Q;3900.0;2600.0;5;gid://shopify/Product/9059693887783;Brinco Você - UNITÁRIO | Ouro Amarelo 18K e Diamante;156;26;24;BR06750T;BR06750T;gid://shopify/ProductVariant/47863913021735;5.0;0.0;True;False
gid://shopify/ProductVariant/47863913054503;BR06751T;R;3900.0;2600.0;7;gid://shopify/Product/9059693887783;Brinco Você - UNITÁRIO | Ouro Amarelo 18K e Diamante;156;26;24;BR06751T;BR06751T;gid://shopify/ProductVariant/47863913054503;5.0;0.0;True;True
gid://shopify/ProductVariant/47863913087271;BR06752T;S;3900.0;2600.0;7;gid://shopify/Product/9059693887783;Brinco Você - UNITÁRIO | Ouro Amarelo 18K e Diamante;156;26;24;BR06752T;BR06752T;gid://shopify/ProductVariant/47863913087271;5.0;0.0;True;True
gid://shopify/ProductVariant/47863913120039;BR06753T;T;3900.0;2600.0;5;gid://shopify/Product/9059693887783;Brinco Você - UNITÁRIO | Ouro Amarelo 18K e Diamante;156;26;24;BR06753T;BR06753T;gid://shopify/ProductVariant/47863913120039;5.0;0.0;True;False
gid://shopify/ProductVariant/47863913152807;BR06754T;U;3900.0;2600.0;5;gid://shopify/Product/9059693887783;Brinco Você - UNITÁRIO | Ouro Amarelo 18K e Diamante;156;26;24;BR06754T;BR06754T;gid://shopify/ProductVariant/47863913152807;5.0;0.0;True;False
gid://shopify/ProductVariant/47863913185575;BR06755T;V;3900.0;2600.0;5;gid://shopify/Product/9059693887783;Brinco Você - UNITÁRIO | Ouro Amarelo 18K e Diamante;156;26;24;BR06755T;BR06755T;gid://shopify/ProductVariant/47863913185575;5.0;0.0;True;False
gid://shopify/ProductVariant/47863913218343;BR06756T;W;3900.0;2600.0;5;gid://shopify/Product/9059693887783;Brinco Você - UNITÁRIO | Ouro Amarelo 18K e Diamante;156;26;24;BR06756T;BR06756T;gid://shopify/ProductVariant/47863913218343;5.0;0.0;True;False
gid://shopify/ProductVariant/47863913251111;BR06757T;X;3900.0;2600.0;5;gid://shopify/Product/9059693887783;Brinco Você - UNITÁRIO | Ouro Amarelo 18K e Diamante;156;26;24;BR06757T;BR06757T;gid://shopify/ProductVariant/47863913251111;5.0;0.0;True;False
gid://shopify/ProductVariant/47863913283879;BR06758T;Y;3900.0;2600.0;5;gid://shopify/Product/9059693887783;Brinco Você - UNITÁRIO | Ouro Amarelo 18K e Diamante;156;26;24;BR06758T;BR06758T;gid://shopify/ProductVariant/47863913283879;5.0;0.0;True;False
gid://shopify/ProductVariant/47863913316647;BR06759T;Z;3900.0;2600.0;5;gid://shopify/Product/9059693887783;Brinco Você - UNITÁRIO | Ouro Amarelo 18K e Diamante;156;26;24;BR06759T;BR06759T;gid://shopify/ProductVariant/47863913316647;5.0;0.0;True;False
gid://shopify/ProductVariant/47863934255399;BR06707T;A;4900.0;;5;gid://shopify/Product/9059695558951;Brinco Você - UNITÁRIO | Ouro Branco 18K e Diamantes;151;26;14;BR06707T;BR06707T;gid://shopify/ProductVariant/47863934255399;5.0;0.0;True;False
gid://shopify/ProductVariant/47863934353703;BR06708T;B;4900.0;;7;gid://shopify/Product/9059695558951;Brinco Você - UNITÁRIO | Ouro Branco 18K e Diamantes;151;26;14;BR06708T;BR06708T;gid://shopify/ProductVariant/47863934353703;5.0;0.0;True;True
gid://shopify/ProductVariant/47863934452007;BR06709T;C;4900.0;;8;gid://shopify/Product/9059695558951;Brinco Você - UNITÁRIO | Ouro Branco 18K e Diamantes;151;26;14;BR06709T;BR06709T;gid://shopify/ProductVariant/47863934452007;5.0;0.0;True;True
gid://shopify/ProductVariant/47863934550311;BR06710T;D;4900.0;;5;gid://shopify/Product/9059695558951;Brinco Você - UNITÁRIO | Ouro Branco 18K e Diamantes;151;26;14;BR06710T;BR06710T;gid://shopify/ProductVariant/47863934550311;5.0;0.0;True;False
gid://shopify/ProductVariant/47863934648615;BR06711T;E;4900.0;;6;gid://shopify/Product/9059695558951;Brinco Você - UNITÁRIO | Ouro Branco 18K e Diamantes;151;26;14;BR06711T;BR06711T;gid://shopify/ProductVariant/47863934648615;5.0;0.0;True;True
gid://shopify/ProductVariant/47863934746919;BR06712T;F;4900.0;;8;gid://shopify/Product/9059695558951;Brinco Você - UNITÁRIO | Ouro Branco 18K e Diamantes;151;26;14;BR06712T;BR06712T;gid://shopify/ProductVariant/47863934746919;5.0;0.0;True;True
gid://shopify/ProductVariant/47863934845223;BR06713T;G;4900.0;;8;gid://shopify/Product/9059695558951;Brinco Você - UNITÁRIO | Ouro Branco 18K e Diamantes;151;26;14;BR06713T;BR06713T;gid://shopify/ProductVariant/47863934845223;5.0;0.0;True;True
gid://shopify/ProductVariant/47863934943527;BR06715T;H;4900.0;;5;gid://shopify/Product/9059695558951;Brinco Você - UNITÁRIO | Ouro Branco 18K e Diamantes;151;26;14;BR06715T;BR06715T;gid://shopify/ProductVariant/47863934943527;5.0;0.0;True;False
gid://shopify/ProductVariant/47863935041831;BR06716T;I;4900.0;;6;gid://shopify/Product/9059695558951;Brinco Você - UNITÁRIO | Ouro Branco 18K e Diamantes;151;26;14;BR06716T;BR06716T;gid://shopify/ProductVariant/47863935041831;5.0;0.0;True;True
gid://shopify/ProductVariant/47863935140135;BR06717T;J;4900.0;;7;gid://shopify/Product/9059695558951;Brinco Você - UNITÁRIO | Ouro Branco 18K e Diamantes;151;26;14;BR06717T;BR06717T;gid://shopify/ProductVariant/47863935140135;5.0;0.0;True;True
gid://shopify/ProductVariant/47863935238439;BR06718T;K;4900.0;;5;gid://shopify/Product/9059695558951;Brinco Você - UNITÁRIO | Ouro Branco 18K e Diamantes;151;26;14;BR06718T;BR06718T;gid://shopify/ProductVariant/47863935238439;5.0;0.0;True;False
gid://shopify/ProductVariant/47863935336743;BR06719T;L;4900.0;;9;gid://shopify/Product/9059695558951;Brinco Você - UNITÁRIO | Ouro Branco 18K e Diamantes;151;26;14;BR06719T;BR06719T;gid://shopify/ProductVariant/47863935336743;5.0;0.0;True;True
gid://shopify/ProductVariant/47863935435047;BR06720T;M;4900.0;;5;gid://shopify/Product/9059695558951;Brinco Você - UNITÁRIO | Ouro Branco 18K e Diamantes;151;26;14;BR06720T;BR06720T;gid://shopify/ProductVariant/47863935435047;5.0;0.0;True;False
gid://shopify/ProductVariant/47863935533351;BR06721T;N;4900.0;;5;gid://shopify/Product/9059695558951;Brinco Você - UNITÁRIO | Ouro Branco 18K e Diamantes;151;26;14;BR06721T;BR06721T;gid://shopify/ProductVariant/47863935533351;5.0;0.0;True;False
gid://shopify/ProductVariant/47863935631655;BR06722T;O;4900.0;;5;gid://shopify/Product/9059695558951;Brinco Você - UNITÁRIO | Ouro Branco 18K e Diamantes;151;26;14;BR06722T;BR06722T;gid://shopify/ProductVariant/47863935631655;5.0;0.0;True;False
gid://shopify/ProductVariant/47863935729959;BR06723T;P;4900.0;;5;gid://shopify/Product/9059695558951;Brinco Você - UNITÁRIO | Ouro Branco 18K e Diamantes;151;26;14;BR06723T;BR06723T;gid://shopify/ProductVariant/47863935729959;5.0;0.0;True;False
gid://shopify/ProductVariant/47863935828263;BR06724T;Q;4900.0;;5;gid://shopify/Product/9059695558951;Brinco Você - UNITÁRIO | Ouro Branco 18K e Diamantes;151;26;14;BR06724T;BR06724T;gid://shopify/ProductVariant/47863935828263;5.0;0.0;True;False
gid://shopify/ProductVariant/47863935926567;BR06725T;R;4900.0;;5;gid://shopify/Product/9059695558951;Brinco Você - UNITÁRIO | Ouro Branco 18K e Diamantes;151;26;14;BR06725T;BR06725T;gid://shopify/ProductVariant/47863935926567;5.0;0.0;True;False
gid://shopify/ProductVariant/47863936024871;BR06726T;S;4900.0;;7;gid://shopify/Product/9059695558951;Brinco Você - UNITÁRIO | Ouro Branco 18K e Diamantes;151;26;14;BR06726T;BR06726T;gid://shopify/ProductVariant/47863936024871;5.0;0.0;True;True
gid://shopify/ProductVariant/47863936123175;BR06727T;T;4900.0;;5;gid://shopify/Product/9059695558951;Brinco Você - UNITÁRIO | Ouro Branco 18K e Diamantes;151;26;14;BR06727T;BR06727T;gid://shopify/ProductVariant/47863936123175;5.0;0.0;True;False
gid://shopify/ProductVariant/47863936221479;BR06728T;U;4900.0;;5;gid://shopify/Product/9059695558951;Brinco Você - UNITÁRIO | Ouro Branco 18K e Diamantes;151;26;14;BR06728T;BR06728T;gid://shopify/ProductVariant/47863936221479;5.0;0.0;True;False
gid://shopify/ProductVariant/47863936319783;BR06729T;V;4900.0;;5;gid://shopify/Product/9059695558951;Brinco Você - UNITÁRIO | Ouro Branco 18K e Diamantes;151;26;14;BR06729T;BR06729T;gid://shopify/ProductVariant/47863936319783;5.0;0.0;True;False
gid://shopify/ProductVariant/47863936418087;BR06730T;W;4900.0;;5;gid://shopify/Product/9059695558951;Brinco Você - UNITÁRIO | Ouro Branco 18K e Diamantes;151;26;14;BR06730T;BR06730T;gid://shopify/ProductVariant/47863936418087;5.0;0.0;True;False
gid://shopify/ProductVariant/47863936516391;BR06731T;X;4900.0;;5;gid://shopify/Product/9059695558951;Brinco Você - UNITÁRIO | Ouro Branco 18K e Diamantes;151;26;14;BR06731T;BR06731T;gid://shopify/ProductVariant/47863936516391;5.0;0.0;True;False
gid://shopify/ProductVariant/47863936614695;BR06732T;Y;4900.0;;5;gid://shopify/Product/9059695558951;Brinco Você - UNITÁRIO | Ouro Branco 18K e Diamantes;151;26;14;BR06732T;BR06732T;gid://shopify/ProductVariant/47863936614695;5.0;0.0;True;False
gid://shopify/ProductVariant/47863936712999;BR06733T;Z;4900.0;;5;gid://shopify/Product/9059695558951;Brinco Você - UNITÁRIO | Ouro Branco 18K e Diamantes;151;26;14;BR06733T;BR06733T;gid://shopify/ProductVariant/47863936712999;5.0;0.0;True;False
gid://shopify/ProductVariant/47864051794215;BR06792T;A;4900.0;;7;gid://shopify/Product/9059714760999;Brinco Você - UNITÁRIO | Ouro Branco 18K com Ródio Negro e Diamantes;140;26;10;BR06792T;BR06792T;gid://shopify/ProductVariant/47864051794215;5.0;0.0;True;True
gid://shopify/ProductVariant/47864051892519;BR06794T;B;4900.0;;5;gid://shopify/Product/9059714760999;Brinco Você - UNITÁRIO | Ouro Branco 18K com Ródio Negro e Diamantes;140;26;10;BR06794T;BR06794T;gid://shopify/ProductVariant/47864051892519;5.0;0.0;True;False
gid://shopify/ProductVariant/47864051990823;BR06795T;C;4900.0;;7;gid://shopify/Product/9059714760999;Brinco Você - UNITÁRIO | Ouro Branco 18K com Ródio Negro e Diamantes;140;26;10;BR06795T;BR06795T;gid://shopify/ProductVariant/47864051990823;5.0;0.0;True;True
gid://shopify/ProductVariant/47864052089127;BR06796T;D;4900.0;;5;gid://shopify/Product/9059714760999;Brinco Você - UNITÁRIO | Ouro Branco 18K com Ródio Negro e Diamantes;140;26;10;BR06796T;BR06796T;gid://shopify/ProductVariant/47864052089127;5.0;0.0;True;False
gid://shopify/ProductVariant/47864052187431;BR06797T;E;4900.0;;6;gid://shopify/Product/9059714760999;Brinco Você - UNITÁRIO | Ouro Branco 18K com Ródio Negro e Diamantes;140;26;10;BR06797T;BR06797T;gid://shopify/ProductVariant/47864052187431;5.0;0.0;True;True
gid://shopify/ProductVariant/47864052285735;BR06798T;F;4900.0;;5;gid://shopify/Product/9059714760999;Brinco Você - UNITÁRIO | Ouro Branco 18K com Ródio Negro e Diamantes;140;26;10;BR06798T;BR06798T;gid://shopify/ProductVariant/47864052285735;5.0;0.0;True;False
gid://shopify/ProductVariant/47864052384039;BR06799T;G;4900.0;;5;gid://shopify/Product/9059714760999;Brinco Você - UNITÁRIO | Ouro Branco 18K com Ródio Negro e Diamantes;140;26;10;BR06799T;BR06799T;gid://shopify/ProductVariant/47864052384039;5.0;0.0;True;False
gid://shopify/ProductVariant/47864052482343;BR06800T;H;4900.0;;5;gid://shopify/Product/9059714760999;Brinco Você - UNITÁRIO | Ouro Branco 18K com Ródio Negro e Diamantes;140;26;10;BR06800T;BR06800T;gid://shopify/ProductVariant/47864052482343;5.0;0.0;True;False
gid://shopify/ProductVariant/47864052580647;BR06801T;I;4900.0;;5;gid://shopify/Product/9059714760999;Brinco Você - UNITÁRIO | Ouro Branco 18K com Ródio Negro e Diamantes;140;26;10;BR06801T;BR06801T;gid://shopify/ProductVariant/47864052580647;5.0;0.0;True;False
gid://shopify/ProductVariant/47864052678951;BR06802T;J;4900.0;;5;gid://shopify/Product/9059714760999;Brinco Você - UNITÁRIO | Ouro Branco 18K com Ródio Negro e Diamantes;140;26;10;BR06802T;BR06802T;gid://shopify/ProductVariant/47864052678951;5.0;0.0;True;False
gid://shopify/ProductVariant/47864052777255;BR06803T;K;4900.0;;5;gid://shopify/Product/9059714760999;Brinco Você - UNITÁRIO | Ouro Branco 18K com Ródio Negro e Diamantes;140;26;10;BR06803T;BR06803T;gid://shopify/ProductVariant/47864052777255;5.0;0.0;True;False
gid://shopify/ProductVariant/47864052875559;BR06804T;L;4900.0;;7;gid://shopify/Product/9059714760999;Brinco Você - UNITÁRIO | Ouro Branco 18K com Ródio Negro e Diamantes;140;26;10;BR06804T;BR06804T;gid://shopify/ProductVariant/47864052875559;5.0;0.0;True;True
gid://shopify/ProductVariant/47864052973863;BR06805T;M;4900.0;;6;gid://shopify/Product/9059714760999;Brinco Você - UNITÁRIO | Ouro Branco 18K com Ródio Negro e Diamantes;140;26;10;BR06805T;BR06805T;gid://shopify/ProductVariant/47864052973863;5.0;0.0;True;True
gid://shopify/ProductVariant/47864053072167;BR06806T;N;4900.0;;5;gid://shopify/Product/9059714760999;Brinco Você - UNITÁRIO | Ouro Branco 18K com Ródio Negro e Diamantes;140;26;10;BR06806T;BR06806T;gid://shopify/ProductVariant/47864053072167;5.0;0.0;True;False
gid://shopify/ProductVariant/47864053170471;BR06807T;O;4900.0;;5;gid://shopify/Product/9059714760999;Brinco Você - UNITÁRIO | Ouro Branco 18K com Ródio Negro e Diamantes;140;26;10;BR06807T;BR06807T;gid://shopify/ProductVariant/47864053170471;5.0;0.0;True;False
gid://shopify/ProductVariant/47864053268775;BR06808T;P;4900.0;;5;gid://shopify/Product/9059714760999;Brinco Você - UNITÁRIO | Ouro Branco 18K com Ródio Negro e Diamantes;140;26;10;BR06808T;BR06808T;gid://shopify/ProductVariant/47864053268775;5.0;0.0;True;False
gid://shopify/ProductVariant/47864053367079;BR06809T;Q;4900.0;;5;gid://shopify/Product/9059714760999;Brinco Você - UNITÁRIO | Ouro Branco 18K com Ródio Negro e Diamantes;140;26;10;BR06809T;BR06809T;gid://shopify/ProductVariant/47864053367079;5.0;0.0;True;False
gid://shopify/ProductVariant/47864053465383;BR06810T;R;4900.0;;6;gid://shopify/Product/9059714760999;Brinco Você - UNITÁRIO | Ouro Branco 18K com Ródio Negro e Diamantes;140;26;10;BR06810T;BR06810T;gid://shopify/ProductVariant/47864053465383;5.0;0.0;True;True
gid://shopify/ProductVariant/47864053563687;BR06811T;S;4900.0;;6;gid://shopify/Product/9059714760999;Brinco Você - UNITÁRIO | Ouro Branco 18K com Ródio Negro e Diamantes;140;26;10;BR06811T;BR06811T;gid://shopify/ProductVariant/47864053563687;5.0;0.0;True;True
gid://shopify/ProductVariant/47864053661991;BR06812T;T;4900.0;;5;gid://shopify/Product/9059714760999;Brinco Você - UNITÁRIO | Ouro Branco 18K com Ródio Negro e Diamantes;140;26;10;BR06812T;BR06812T;gid://shopify/ProductVariant/47864053661991;5.0;0.0;True;False
gid://shopify/ProductVariant/47864053760295;BR06813T;U;4900.0;;5;gid://shopify/Product/9059714760999;Brinco Você - UNITÁRIO | Ouro Branco 18K com Ródio Negro e Diamantes;140;26;10;BR06813T;BR06813T;gid://shopify/ProductVariant/47864053760295;5.0;0.0;True;False
gid://shopify/ProductVariant/47864053858599;BR06814T;V;4900.0;;5;gid://shopify/Product/9059714760999;Brinco Você - UNITÁRIO | Ouro Branco 18K com Ródio Negro e Diamantes;140;26;10;BR06814T;BR06814T;gid://shopify/ProductVariant/47864053858599;5.0;0.0;True;False
gid://shopify/ProductVariant/47864053956903;BR06815T;W;4900.0;;5;gid://shopify/Product/9059714760999;Brinco Você - UNITÁRIO | Ouro Branco 18K com Ródio Negro e Diamantes;140;26;10;BR06815T;BR06815T;gid://shopify/ProductVariant/47864053956903;5.0;0.0;True;False
gid://shopify/ProductVariant/47864054055207;BR06816T;X;4900.0;;5;gid://shopify/Product/9059714760999;Brinco Você - UNITÁRIO | Ouro Branco 18K com Ródio Negro e Diamantes;140;26;10;BR06816T;BR06816T;gid://shopify/ProductVariant/47864054055207;5.0;0.0;True;False
gid://shopify/ProductVariant/47864054153511;BR06817T;Y;4900.0;;5;gid://shopify/Product/9059714760999;Brinco Você - UNITÁRIO | Ouro Branco 18K com Ródio Negro e Diamantes;140;26;10;BR06817T;BR06817T;gid://shopify/ProductVariant/47864054153511;5.0;0.0;True;False
gid://shopify/ProductVariant/47864054251815;BR06818T;Z;4900.0;;5;gid://shopify/Product/9059714760999;Brinco Você - UNITÁRIO | Ouro Branco 18K com Ródio Negro e Diamantes;140;26;10;BR06818T;BR06818T;gid://shopify/ProductVariant/47864054251815;5.0;0.0;True;False
gid://shopify/ProductVariant/47929233998119;AN03175;25;1100.0;1100.0;0;gid://shopify/Product/8582667010343;Anel White chain | Prata Com Ouro Branco 18k;65;14;2;AN03175;AN03175;gid://shopify/ProductVariant/47929233998119;0.0;0.0;False;False
gid://shopify/ProductVariant/48008695021863;PI01788;A;7900.0;;8;gid://shopify/Product/9113340248359;Pingente Você - M | Ouro Branco 18K e Diamantes;163;26;28;PI01788;PI01788;gid://shopify/ProductVariant/48008695021863;5.0;0.0;True;True
gid://shopify/ProductVariant/48008695087399;PI01789;B;7900.0;;6;gid://shopify/Product/9113340248359;Pingente Você - M | Ouro Branco 18K e Diamantes;163;26;28;PI01789;PI01789;gid://shopify/ProductVariant/48008695087399;5.0;0.0;True;True
gid://shopify/ProductVariant/48008695152935;PI01790;C;7900.0;;9;gid://shopify/Product/9113340248359;Pingente Você - M | Ouro Branco 18K e Diamantes;163;26;28;PI01790;PI01790;gid://shopify/ProductVariant/48008695152935;5.0;0.0;True;True
gid://shopify/ProductVariant/48008695218471;PI01791;D;7900.0;;5;gid://shopify/Product/9113340248359;Pingente Você - M | Ouro Branco 18K e Diamantes;163;26;28;PI01791;PI01791;gid://shopify/ProductVariant/48008695218471;5.0;0.0;True;False
gid://shopify/ProductVariant/48008695284007;PI01792;E;7900.0;;6;gid://shopify/Product/9113340248359;Pingente Você - M | Ouro Branco 18K e Diamantes;163;26;28;PI01792;PI01792;gid://shopify/ProductVariant/48008695284007;5.0;0.0;True;True
gid://shopify/ProductVariant/48008695349543;PI01793;F;7900.0;;5;gid://shopify/Product/9113340248359;Pingente Você - M | Ouro Branco 18K e Diamantes;163;26;28;PI01793;PI01793;gid://shopify/ProductVariant/48008695349543;5.0;0.0;True;False
gid://shopify/ProductVariant/48008695447847;PI01794;G;7900.0;;7;gid://shopify/Product/9113340248359;Pingente Você - M | Ouro Branco 18K e Diamantes;163;26;28;PI01794;PI01794;gid://shopify/ProductVariant/48008695447847;5.0;0.0;True;True
gid://shopify/ProductVariant/48008695513383;PI01795;H;7900.0;;6;gid://shopify/Product/9113340248359;Pingente Você - M | Ouro Branco 18K e Diamantes;163;26;28;PI01795;PI01795;gid://shopify/ProductVariant/48008695513383;5.0;0.0;True;True
gid://shopify/ProductVariant/48008695578919;PI01796;I;7900.0;;7;gid://shopify/Product/9113340248359;Pingente Você - M | Ouro Branco 18K e Diamantes;163;26;28;PI01796;PI01796;gid://shopify/ProductVariant/48008695578919;5.0;0.0;True;True
gid://shopify/ProductVariant/48008695644455;PI01797;J;7900.0;;7;gid://shopify/Product/9113340248359;Pingente Você - M | Ouro Branco 18K e Diamantes;163;26;28;PI01797;PI01797;gid://shopify/ProductVariant/48008695644455;5.0;0.0;True;True
gid://shopify/ProductVariant/48008695709991;PI01798;K;7900.0;;5;gid://shopify/Product/9113340248359;Pingente Você - M | Ouro Branco 18K e Diamantes;163;26;28;PI01798;PI01798;gid://shopify/ProductVariant/48008695709991;5.0;0.0;True;False
gid://shopify/ProductVariant/48008695775527;PI01799;L;7900.0;;9;gid://shopify/Product/9113340248359;Pingente Você - M | Ouro Branco 18K e Diamantes;163;26;28;PI01799;PI01799;gid://shopify/ProductVariant/48008695775527;5.0;0.0;True;True
gid://shopify/ProductVariant/48008695841063;PI01800;M;7900.0;;6;gid://shopify/Product/9113340248359;Pingente Você - M | Ouro Branco 18K e Diamantes;163;26;28;PI01800;PI01800;gid://shopify/ProductVariant/48008695841063;5.0;0.0;True;True
gid://shopify/ProductVariant/48008695906599;PI01801;N;7900.0;;6;gid://shopify/Product/9113340248359;Pingente Você - M | Ouro Branco 18K e Diamantes;163;26;28;PI01801;PI01801;gid://shopify/ProductVariant/48008695906599;5.0;0.0;True;True
gid://shopify/ProductVariant/48008695972135;PI01802;O;7900.0;;6;gid://shopify/Product/9113340248359;Pingente Você - M | Ouro Branco 18K e Diamantes;163;26;28;PI01802;PI01802;gid://shopify/ProductVariant/48008695972135;5.0;0.0;True;True
gid://shopify/ProductVariant/48008696037671;PI01803;P;7900.0;;6;gid://shopify/Product/9113340248359;Pingente Você - M | Ouro Branco 18K e Diamantes;163;26;28;PI01803;PI01803;gid://shopify/ProductVariant/48008696037671;5.0;0.0;True;True
gid://shopify/ProductVariant/48008696103207;PI01804;Q;7900.0;;6;gid://shopify/Product/9113340248359;Pingente Você - M | Ouro Branco 18K e Diamantes;163;26;28;PI01804;PI01804;gid://shopify/ProductVariant/48008696103207;5.0;0.0;True;True
gid://shopify/ProductVariant/48008696168743;PI01805;R;7900.0;;6;gid://shopify/Product/9113340248359;Pingente Você - M | Ouro Branco 18K e Diamantes;163;26;28;PI01805;PI01805;gid://shopify/ProductVariant/48008696168743;5.0;0.0;True;True
gid://shopify/ProductVariant/48008696234279;PI01806;S;7900.0;;6;gid://shopify/Product/9113340248359;Pingente Você - M | Ouro Branco 18K e Diamantes;163;26;28;PI01806;PI01806;gid://shopify/ProductVariant/48008696234279;5.0;0.0;True;True
gid://shopify/ProductVariant/48008696299815;PI01807;T;7900.0;;6;gid://shopify/Product/9113340248359;Pingente Você - M | Ouro Branco 18K e Diamantes;163;26;28;PI01807;PI01807;gid://shopify/ProductVariant/48008696299815;5.0;0.0;True;True
gid://shopify/ProductVariant/48008696365351;PI01808;U;7900.0;;6;gid://shopify/Product/9113340248359;Pingente Você - M | Ouro Branco 18K e Diamantes;163;26;28;PI01808;PI01808;gid://shopify/ProductVariant/48008696365351;5.0;0.0;True;True
gid://shopify/ProductVariant/48008696430887;PI01809;V;7900.0;;5;gid://shopify/Product/9113340248359;Pingente Você - M | Ouro Branco 18K e Diamantes;163;26;28;PI01809;PI01809;gid://shopify/ProductVariant/48008696430887;5.0;0.0;True;False
gid://shopify/ProductVariant/48008696496423;PI01810;W;7900.0;;6;gid://shopify/Product/9113340248359;Pingente Você - M | Ouro Branco 18K e Diamantes;163;26;28;PI01810;PI01810;gid://shopify/ProductVariant/48008696496423;5.0;0.0;True;True
gid://shopify/ProductVariant/48008696561959;PI01811;X;7900.0;;6;gid://shopify/Product/9113340248359;Pingente Você - M | Ouro Branco 18K e Diamantes;163;26;28;PI01811;PI01811;gid://shopify/ProductVariant/48008696561959;5.0;0.0;True;True
gid://shopify/ProductVariant/48008696627495;PI01812;Y;7900.0;;6;gid://shopify/Product/9113340248359;Pingente Você - M | Ouro Branco 18K e Diamantes;163;26;28;PI01812;PI01812;gid://shopify/ProductVariant/48008696627495;5.0;0.0;True;True
gid://shopify/ProductVariant/48008696693031;PI01813;Z;7900.0;;6;gid://shopify/Product/9113340248359;Pingente Você - M | Ouro Branco 18K e Diamantes;163;26;28;PI01813;PI01813;gid://shopify/ProductVariant/48008696693031;5.0;0.0;True;True
gid://shopify/ProductVariant/48009159868711;PI01736;A;4500.0;3800.0;6;gid://shopify/Product/9113437045031;Pingente Você - M | Ouro Branco 18K Com Ródio Negro e Diamante;156;26;10;PI01736;PI01736;gid://shopify/ProductVariant/48009159868711;5.0;0.0;True;True
gid://shopify/ProductVariant/48009159934247;PI01737;B;4500.0;3800.0;6;gid://shopify/Product/9113437045031;Pingente Você - M | Ouro Branco 18K Com Ródio Negro e Diamante;156;26;10;PI01737;PI01737;gid://shopify/ProductVariant/48009159934247;5.0;0.0;True;True
gid://shopify/ProductVariant/48009159999783;PI01738;C;4500.0;3800.0;6;gid://shopify/Product/9113437045031;Pingente Você - M | Ouro Branco 18K Com Ródio Negro e Diamante;156;26;10;PI01738;PI01738;gid://shopify/ProductVariant/48009159999783;5.0;0.0;True;True
gid://shopify/ProductVariant/48009160065319;PI01739;D;4500.0;3800.0;6;gid://shopify/Product/9113437045031;Pingente Você - M | Ouro Branco 18K Com Ródio Negro e Diamante;156;26;10;PI01739;PI01739;gid://shopify/ProductVariant/48009160065319;5.0;0.0;True;True
gid://shopify/ProductVariant/48009160130855;PI01740;E;4500.0;3800.0;6;gid://shopify/Product/9113437045031;Pingente Você - M | Ouro Branco 18K Com Ródio Negro e Diamante;156;26;10;PI01740;PI01740;gid://shopify/ProductVariant/48009160130855;5.0;0.0;True;True
gid://shopify/ProductVariant/48009160196391;PI01741;F;4500.0;3800.0;6;gid://shopify/Product/9113437045031;Pingente Você - M | Ouro Branco 18K Com Ródio Negro e Diamante;156;26;10;PI01741;PI01741;gid://shopify/ProductVariant/48009160196391;5.0;0.0;True;True
gid://shopify/ProductVariant/48009160261927;PI01742;G;4500.0;3800.0;6;gid://shopify/Product/9113437045031;Pingente Você - M | Ouro Branco 18K Com Ródio Negro e Diamante;156;26;10;PI01742;PI01742;gid://shopify/ProductVariant/48009160261927;5.0;0.0;True;True
gid://shopify/ProductVariant/48009160327463;PI01743;H;4500.0;3800.0;6;gid://shopify/Product/9113437045031;Pingente Você - M | Ouro Branco 18K Com Ródio Negro e Diamante;156;26;10;PI01743;PI01743;gid://shopify/ProductVariant/48009160327463;5.0;0.0;True;True
gid://shopify/ProductVariant/48009160392999;PI01744;I;4500.0;3800.0;6;gid://shopify/Product/9113437045031;Pingente Você - M | Ouro Branco 18K Com Ródio Negro e Diamante;156;26;10;PI01744;PI01744;gid://shopify/ProductVariant/48009160392999;5.0;0.0;True;True
gid://shopify/ProductVariant/48009160458535;PI01745;J;4500.0;3800.0;6;gid://shopify/Product/9113437045031;Pingente Você - M | Ouro Branco 18K Com Ródio Negro e Diamante;156;26;10;PI01745;PI01745;gid://shopify/ProductVariant/48009160458535;5.0;0.0;True;True
gid://shopify/ProductVariant/48009160524071;PI01746;K;4500.0;3800.0;6;gid://shopify/Product/9113437045031;Pingente Você - M | Ouro Branco 18K Com Ródio Negro e Diamante;156;26;10;PI01746;PI01746;gid://shopify/ProductVariant/48009160524071;5.0;0.0;True;True
gid://shopify/ProductVariant/48009160589607;PI01747;L;4500.0;3800.0;6;gid://shopify/Product/9113437045031;Pingente Você - M | Ouro Branco 18K Com Ródio Negro e Diamante;156;26;10;PI01747;PI01747;gid://shopify/ProductVariant/48009160589607;5.0;0.0;True;True
gid://shopify/ProductVariant/48009160687911;PI01748;M;4500.0;3800.0;6;gid://shopify/Product/9113437045031;Pingente Você - M | Ouro Branco 18K Com Ródio Negro e Diamante;156;26;10;PI01748;PI01748;gid://shopify/ProductVariant/48009160687911;5.0;0.0;True;True
gid://shopify/ProductVariant/48009160753447;PI01749;N;4500.0;3800.0;6;gid://shopify/Product/9113437045031;Pingente Você - M | Ouro Branco 18K Com Ródio Negro e Diamante;156;26;10;PI01749;PI01749;gid://shopify/ProductVariant/48009160753447;5.0;0.0;True;True
gid://shopify/ProductVariant/48009160818983;PI01750;O;4500.0;3800.0;6;gid://shopify/Product/9113437045031;Pingente Você - M | Ouro Branco 18K Com Ródio Negro e Diamante;156;26;10;PI01750;PI01750;gid://shopify/ProductVariant/48009160818983;5.0;0.0;True;True
gid://shopify/ProductVariant/48009160884519;PI01751;P;4500.0;3800.0;6;gid://shopify/Product/9113437045031;Pingente Você - M | Ouro Branco 18K Com Ródio Negro e Diamante;156;26;10;PI01751;PI01751;gid://shopify/ProductVariant/48009160884519;5.0;0.0;True;True
gid://shopify/ProductVariant/48009160950055;PI01752;Q;4500.0;3800.0;6;gid://shopify/Product/9113437045031;Pingente Você - M | Ouro Branco 18K Com Ródio Negro e Diamante;156;26;10;PI01752;PI01752;gid://shopify/ProductVariant/48009160950055;5.0;0.0;True;True
gid://shopify/ProductVariant/48009161015591;PI01753;R;4500.0;3800.0;6;gid://shopify/Product/9113437045031;Pingente Você - M | Ouro Branco 18K Com Ródio Negro e Diamante;156;26;10;PI01753;PI01753;gid://shopify/ProductVariant/48009161015591;5.0;0.0;True;True
gid://shopify/ProductVariant/48009161081127;PI01754;S;4500.0;3800.0;6;gid://shopify/Product/9113437045031;Pingente Você - M | Ouro Branco 18K Com Ródio Negro e Diamante;156;26;10;PI01754;PI01754;gid://shopify/ProductVariant/48009161081127;5.0;0.0;True;True
gid://shopify/ProductVariant/48009161146663;PI01755;T;4500.0;3800.0;6;gid://shopify/Product/9113437045031;Pingente Você - M | Ouro Branco 18K Com Ródio Negro e Diamante;156;26;10;PI01755;PI01755;gid://shopify/ProductVariant/48009161146663;5.0;0.0;True;True
gid://shopify/ProductVariant/48009161310503;PI01756;U;4500.0;3800.0;6;gid://shopify/Product/9113437045031;Pingente Você - M | Ouro Branco 18K Com Ródio Negro e Diamante;156;26;10;PI01756;PI01756;gid://shopify/ProductVariant/48009161310503;5.0;0.0;True;True
gid://shopify/ProductVariant/48009161474343;PI01757;V;4500.0;3800.0;6;gid://shopify/Product/9113437045031;Pingente Você - M | Ouro Branco 18K Com Ródio Negro e Diamante;156;26;10;PI01757;PI01757;gid://shopify/ProductVariant/48009161474343;5.0;0.0;True;True
gid://shopify/ProductVariant/48009161539879;PI01758;W;4500.0;3800.0;6;gid://shopify/Product/9113437045031;Pingente Você - M | Ouro Branco 18K Com Ródio Negro e Diamante;156;26;10;PI01758;PI01758;gid://shopify/ProductVariant/48009161539879;5.0;0.0;True;True
gid://shopify/ProductVariant/48009161703719;PI01759;X;4500.0;3800.0;6;gid://shopify/Product/9113437045031;Pingente Você - M | Ouro Branco 18K Com Ródio Negro e Diamante;156;26;10;PI01759;PI01759;gid://shopify/ProductVariant/48009161703719;5.0;0.0;True;True
gid://shopify/ProductVariant/48009161867559;PI01760;Y;4500.0;3800.0;6;gid://shopify/Product/9113437045031;Pingente Você - M | Ouro Branco 18K Com Ródio Negro e Diamante;156;26;10;PI01760;PI01760;gid://shopify/ProductVariant/48009161867559;5.0;0.0;True;True
gid://shopify/ProductVariant/48009161998631;PI01761;Z;4500.0;3800.0;6;gid://shopify/Product/9113437045031;Pingente Você - M | Ouro Branco 18K Com Ródio Negro e Diamante;156;26;10;PI01761;PI01761;gid://shopify/ProductVariant/48009161998631;5.0;0.0;True;True
gid://shopify/ProductVariant/48009293922599;PI01762;A;7900.0;;7;gid://shopify/Product/9113465454887;Pingente Você - M | Ouro Amarelo 18K e Diamantes;169;26;38;PI01762;PI01762;gid://shopify/ProductVariant/48009293922599;5.0;0.0;True;True
gid://shopify/ProductVariant/48009293988135;PI01763;B;7900.0;;8;gid://shopify/Product/9113465454887;Pingente Você - M | Ouro Amarelo 18K e Diamantes;169;26;38;PI01763;PI01763;gid://shopify/ProductVariant/48009293988135;5.0;0.0;True;True
gid://shopify/ProductVariant/48009294086439;PI01764;C;7900.0;;8;gid://shopify/Product/9113465454887;Pingente Você - M | Ouro Amarelo 18K e Diamantes;169;26;38;PI01764;PI01764;gid://shopify/ProductVariant/48009294086439;5.0;0.0;True;True
gid://shopify/ProductVariant/48009294151975;PI01765;D;7900.0;;8;gid://shopify/Product/9113465454887;Pingente Você - M | Ouro Amarelo 18K e Diamantes;169;26;38;PI01765;PI01765;gid://shopify/ProductVariant/48009294151975;5.0;0.0;True;True
gid://shopify/ProductVariant/48009294217511;PI01766;E;7900.0;;6;gid://shopify/Product/9113465454887;Pingente Você - M | Ouro Amarelo 18K e Diamantes;169;26;38;PI01766;PI01766;gid://shopify/ProductVariant/48009294217511;5.0;0.0;True;True
gid://shopify/ProductVariant/48009294283047;PI01767;F;7900.0;;5;gid://shopify/Product/9113465454887;Pingente Você - M | Ouro Amarelo 18K e Diamantes;169;26;38;PI01767;PI01767;gid://shopify/ProductVariant/48009294283047;5.0;0.0;True;False
gid://shopify/ProductVariant/48009294348583;PI01768;G;7900.0;;9;gid://shopify/Product/9113465454887;Pingente Você - M | Ouro Amarelo 18K e Diamantes;169;26;38;PI01768;PI01768;gid://shopify/ProductVariant/48009294348583;5.0;0.0;True;True
gid://shopify/ProductVariant/48009294414119;PI01769;H;7900.0;;6;gid://shopify/Product/9113465454887;Pingente Você - M | Ouro Amarelo 18K e Diamantes;169;26;38;PI01769;PI01769;gid://shopify/ProductVariant/48009294414119;5.0;0.0;True;True
gid://shopify/ProductVariant/48009294479655;PI01770;I;7900.0;;5;gid://shopify/Product/9113465454887;Pingente Você - M | Ouro Amarelo 18K e Diamantes;169;26;38;PI01770;PI01770;gid://shopify/ProductVariant/48009294479655;5.0;0.0;True;False
gid://shopify/ProductVariant/48009294545191;PI01771;J;7900.0;;8;gid://shopify/Product/9113465454887;Pingente Você - M | Ouro Amarelo 18K e Diamantes;169;26;38;PI01771;PI01771;gid://shopify/ProductVariant/48009294545191;5.0;0.0;True;True
gid://shopify/ProductVariant/48009294610727;PI01772;K;7900.0;;6;gid://shopify/Product/9113465454887;Pingente Você - M | Ouro Amarelo 18K e Diamantes;169;26;38;PI01772;PI01772;gid://shopify/ProductVariant/48009294610727;5.0;0.0;True;True
gid://shopify/ProductVariant/48009294676263;PI01773;L;7900.0;;8;gid://shopify/Product/9113465454887;Pingente Você - M | Ouro Amarelo 18K e Diamantes;169;26;38;PI01773;PI01773;gid://shopify/ProductVariant/48009294676263;5.0;0.0;True;True
gid://shopify/ProductVariant/48009294741799;PI01774;M;7900.0;;8;gid://shopify/Product/9113465454887;Pingente Você - M | Ouro Amarelo 18K e Diamantes;169;26;38;PI01774;PI01774;gid://shopify/ProductVariant/48009294741799;5.0;0.0;True;True
gid://shopify/ProductVariant/48009294807335;PI01775;N;7900.0;;5;gid://shopify/Product/9113465454887;Pingente Você - M | Ouro Amarelo 18K e Diamantes;169;26;38;PI01775;PI01775;gid://shopify/ProductVariant/48009294807335;5.0;0.0;True;False
gid://shopify/ProductVariant/48009294872871;PI01776;O;7900.0;;6;gid://shopify/Product/9113465454887;Pingente Você - M | Ouro Amarelo 18K e Diamantes;169;26;38;PI01776;PI01776;gid://shopify/ProductVariant/48009294872871;5.0;0.0;True;True
gid://shopify/ProductVariant/48009294938407;PI01777;P;7900.0;;6;gid://shopify/Product/9113465454887;Pingente Você - M | Ouro Amarelo 18K e Diamantes;169;26;38;PI01777;PI01777;gid://shopify/ProductVariant/48009294938407;5.0;0.0;True;True
gid://shopify/ProductVariant/48009295003943;PI01778;Q;7900.0;;6;gid://shopify/Product/9113465454887;Pingente Você - M | Ouro Amarelo 18K e Diamantes;169;26;38;PI01778;PI01778;gid://shopify/ProductVariant/48009295003943;5.0;0.0;True;True
gid://shopify/ProductVariant/48009295069479;PI01779;R;7900.0;;8;gid://shopify/Product/9113465454887;Pingente Você - M | Ouro Amarelo 18K e Diamantes;169;26;38;PI01779;PI01779;gid://shopify/ProductVariant/48009295069479;5.0;0.0;True;True
gid://shopify/ProductVariant/48009295135015;PI01780;S;7900.0;;6;gid://shopify/Product/9113465454887;Pingente Você - M | Ouro Amarelo 18K e Diamantes;169;26;38;PI01780;PI01780;gid://shopify/ProductVariant/48009295135015;5.0;0.0;True;True
gid://shopify/ProductVariant/48009295200551;PI01781;T;7900.0;;5;gid://shopify/Product/9113465454887;Pingente Você - M | Ouro Amarelo 18K e Diamantes;169;26;38;PI01781;PI01781;gid://shopify/ProductVariant/48009295200551;5.0;0.0;True;False
gid://shopify/ProductVariant/48009295266087;PI01782;U;7900.0;;6;gid://shopify/Product/9113465454887;Pingente Você - M | Ouro Amarelo 18K e Diamantes;169;26;38;PI01782;PI01782;gid://shopify/ProductVariant/48009295266087;5.0;0.0;True;True
gid://shopify/ProductVariant/48009295331623;PI01783;V;7900.0;;5;gid://shopify/Product/9113465454887;Pingente Você - M | Ouro Amarelo 18K e Diamantes;169;26;38;PI01783;PI01783;gid://shopify/ProductVariant/48009295331623;5.0;0.0;True;False
gid://shopify/ProductVariant/48009295397159;PI01784;W;7900.0;;6;gid://shopify/Product/9113465454887;Pingente Você - M | Ouro Amarelo 18K e Diamantes;169;26;38;PI01784;PI01784;gid://shopify/ProductVariant/48009295397159;5.0;0.0;True;True
gid://shopify/ProductVariant/48009295462695;PI01785;X;7900.0;;6;gid://shopify/Product/9113465454887;Pingente Você - M | Ouro Amarelo 18K e Diamantes;169;26;38;PI01785;PI01785;gid://shopify/ProductVariant/48009295462695;5.0;0.0;True;True
gid://shopify/ProductVariant/48009295528231;PI01786;Y;7900.0;;6;gid://shopify/Product/9113465454887;Pingente Você - M | Ouro Amarelo 18K e Diamantes;169;26;38;PI01786;PI01786;gid://shopify/ProductVariant/48009295528231;5.0;0.0;True;True
gid://shopify/ProductVariant/48009295593767;PI01787;Z;7900.0;;6;gid://shopify/Product/9113465454887;Pingente Você - M | Ouro Amarelo 18K e Diamantes;169;26;38;PI01787;PI01787;gid://shopify/ProductVariant/48009295593767;5.0;0.0;True;True
gid://shopify/ProductVariant/48009696084263;PI01684;A;4500.0;3800.0;8;gid://shopify/Product/9113554616615;Pingente Você - M | Ouro Amarelo 18K e Diamante;159;26;10;PI01684;PI01684;gid://shopify/ProductVariant/48009696084263;5.0;0.0;True;True
gid://shopify/ProductVariant/48009696149799;PI01685;B;4500.0;3800.0;7;gid://shopify/Product/9113554616615;Pingente Você - M | Ouro Amarelo 18K e Diamante;159;26;10;PI01685;PI01685;gid://shopify/ProductVariant/48009696149799;5.0;0.0;True;True
gid://shopify/ProductVariant/48009696215335;PI01686;C;4500.0;3800.0;9;gid://shopify/Product/9113554616615;Pingente Você - M | Ouro Amarelo 18K e Diamante;159;26;10;PI01686;PI01686;gid://shopify/ProductVariant/48009696215335;5.0;0.0;True;True
gid://shopify/ProductVariant/48009696280871;PI01687;D;4500.0;3800.0;8;gid://shopify/Product/9113554616615;Pingente Você - M | Ouro Amarelo 18K e Diamante;159;26;10;PI01687;PI01687;gid://shopify/ProductVariant/48009696280871;5.0;0.0;True;True
gid://shopify/ProductVariant/48009696411943;PI01688;E;4500.0;3800.0;5;gid://shopify/Product/9113554616615;Pingente Você - M | Ouro Amarelo 18K e Diamante;159;26;10;PI01688;PI01688;gid://shopify/ProductVariant/48009696411943;5.0;0.0;True;False
gid://shopify/ProductVariant/48009696543015;PI01689;F;4500.0;3800.0;8;gid://shopify/Product/9113554616615;Pingente Você - M | Ouro Amarelo 18K e Diamante;159;26;10;PI01689;PI01689;gid://shopify/ProductVariant/48009696543015;5.0;0.0;True;True
gid://shopify/ProductVariant/48009696674087;PI01690;G;4500.0;3800.0;9;gid://shopify/Product/9113554616615;Pingente Você - M | Ouro Amarelo 18K e Diamante;159;26;10;PI01690;PI01690;gid://shopify/ProductVariant/48009696674087;5.0;0.0;True;True
gid://shopify/ProductVariant/48009696837927;PI01691;H;4500.0;3800.0;5;gid://shopify/Product/9113554616615;Pingente Você - M | Ouro Amarelo 18K e Diamante;159;26;10;PI01691;PI01691;gid://shopify/ProductVariant/48009696837927;5.0;0.0;True;False
gid://shopify/ProductVariant/48009696936231;PI01692;I;4500.0;3800.0;5;gid://shopify/Product/9113554616615;Pingente Você - M | Ouro Amarelo 18K e Diamante;159;26;10;PI01692;PI01692;gid://shopify/ProductVariant/48009696936231;5.0;0.0;True;False
gid://shopify/ProductVariant/48009697001767;PI01693;J;4500.0;3800.0;7;gid://shopify/Product/9113554616615;Pingente Você - M | Ouro Amarelo 18K e Diamante;159;26;10;PI01693;PI01693;gid://shopify/ProductVariant/48009697001767;5.0;0.0;True;True
gid://shopify/ProductVariant/48009697067303;PI01694;K;4500.0;3800.0;5;gid://shopify/Product/9113554616615;Pingente Você - M | Ouro Amarelo 18K e Diamante;159;26;10;PI01694;PI01694;gid://shopify/ProductVariant/48009697067303;5.0;0.0;True;False
gid://shopify/ProductVariant/48009697132839;PI01695;L;4500.0;3800.0;7;gid://shopify/Product/9113554616615;Pingente Você - M | Ouro Amarelo 18K e Diamante;159;26;10;PI01695;PI01695;gid://shopify/ProductVariant/48009697132839;5.0;0.0;True;True
gid://shopify/ProductVariant/48009697198375;PI01696;M;4500.0;3800.0;7;gid://shopify/Product/9113554616615;Pingente Você - M | Ouro Amarelo 18K e Diamante;159;26;10;PI01696;PI01696;gid://shopify/ProductVariant/48009697198375;5.0;0.0;True;True
gid://shopify/ProductVariant/48009697263911;PI01697;N;4500.0;3800.0;5;gid://shopify/Product/9113554616615;Pingente Você - M | Ouro Amarelo 18K e Diamante;159;26;10;PI01697;PI01697;gid://shopify/ProductVariant/48009697263911;5.0;0.0;True;False
gid://shopify/ProductVariant/48009697329447;PI01698;O;4500.0;3800.0;5;gid://shopify/Product/9113554616615;Pingente Você - M | Ouro Amarelo 18K e Diamante;159;26;10;PI01698;PI01698;gid://shopify/ProductVariant/48009697329447;5.0;0.0;True;False
gid://shopify/ProductVariant/48009697394983;PI01699;P;4500.0;3800.0;5;gid://shopify/Product/9113554616615;Pingente Você - M | Ouro Amarelo 18K e Diamante;159;26;10;PI01699;PI01699;gid://shopify/ProductVariant/48009697394983;5.0;0.0;True;False
gid://shopify/ProductVariant/48009697460519;PI01700;Q;4500.0;3800.0;5;gid://shopify/Product/9113554616615;Pingente Você - M | Ouro Amarelo 18K e Diamante;159;26;10;PI01700;PI01700;gid://shopify/ProductVariant/48009697460519;5.0;0.0;True;False
gid://shopify/ProductVariant/48009697526055;PI01701;R;4500.0;3800.0;6;gid://shopify/Product/9113554616615;Pingente Você - M | Ouro Amarelo 18K e Diamante;159;26;10;PI01701;PI01701;gid://shopify/ProductVariant/48009697526055;5.0;0.0;True;True
gid://shopify/ProductVariant/48009697591591;PI01702;S;4500.0;3800.0;8;gid://shopify/Product/9113554616615;Pingente Você - M | Ouro Amarelo 18K e Diamante;159;26;10;PI01702;PI01702;gid://shopify/ProductVariant/48009697591591;5.0;0.0;True;True
gid://shopify/ProductVariant/48009697657127;PI01703;T;4500.0;3800.0;5;gid://shopify/Product/9113554616615;Pingente Você - M | Ouro Amarelo 18K e Diamante;159;26;10;PI01703;PI01703;gid://shopify/ProductVariant/48009697657127;5.0;0.0;True;False
gid://shopify/ProductVariant/48009697722663;PI01704;U;4500.0;3800.0;5;gid://shopify/Product/9113554616615;Pingente Você - M | Ouro Amarelo 18K e Diamante;159;26;10;PI01704;PI01704;gid://shopify/ProductVariant/48009697722663;5.0;0.0;True;False
gid://shopify/ProductVariant/48009697788199;PI01705;V;4500.0;3800.0;5;gid://shopify/Product/9113554616615;Pingente Você - M | Ouro Amarelo 18K e Diamante;159;26;10;PI01705;PI01705;gid://shopify/ProductVariant/48009697788199;5.0;0.0;True;False
gid://shopify/ProductVariant/48009697853735;PI01706;W;4500.0;3800.0;5;gid://shopify/Product/9113554616615;Pingente Você - M | Ouro Amarelo 18K e Diamante;159;26;10;PI01706;PI01706;gid://shopify/ProductVariant/48009697853735;5.0;0.0;True;False
gid://shopify/ProductVariant/48009697919271;PI01707;X;4500.0;3800.0;5;gid://shopify/Product/9113554616615;Pingente Você - M | Ouro Amarelo 18K e Diamante;159;26;10;PI01707;PI01707;gid://shopify/ProductVariant/48009697919271;5.0;0.0;True;False
gid://shopify/ProductVariant/48009697984807;PI01708;Y;4500.0;3800.0;5;gid://shopify/Product/9113554616615;Pingente Você - M | Ouro Amarelo 18K e Diamante;159;26;10;PI01708;PI01708;gid://shopify/ProductVariant/48009697984807;5.0;0.0;True;False
gid://shopify/ProductVariant/48009698050343;PI01709;Z;4500.0;3800.0;5;gid://shopify/Product/9113554616615;Pingente Você - M | Ouro Amarelo 18K e Diamante;159;26;10;PI01709;PI01709;gid://shopify/ProductVariant/48009698050343;5.0;0.0;True;False
gid://shopify/ProductVariant/48009807495463;PI01710;A;4500.0;3800.0;9;gid://shopify/Product/9113572671783;Pingente Você - M | Ouro Branco 18K e Diamante;165;26;14;PI01710;PI01710;gid://shopify/ProductVariant/48009807495463;5.0;0.0;True;True
gid://shopify/ProductVariant/48009807692071;PI01711;B;4500.0;3800.0;7;gid://shopify/Product/9113572671783;Pingente Você - M | Ouro Branco 18K e Diamante;165;26;14;PI01711;PI01711;gid://shopify/ProductVariant/48009807692071;5.0;0.0;True;True
gid://shopify/ProductVariant/48009807790375;PI01712;C;4500.0;3800.0;9;gid://shopify/Product/9113572671783;Pingente Você - M | Ouro Branco 18K e Diamante;165;26;14;PI01712;PI01712;gid://shopify/ProductVariant/48009807790375;5.0;0.0;True;True
gid://shopify/ProductVariant/48009807855911;PI01713;D;4500.0;3800.0;7;gid://shopify/Product/9113572671783;Pingente Você - M | Ouro Branco 18K e Diamante;165;26;14;PI01713;PI01713;gid://shopify/ProductVariant/48009807855911;5.0;0.0;True;True
gid://shopify/ProductVariant/48009807921447;PI01714;E;4500.0;3800.0;5;gid://shopify/Product/9113572671783;Pingente Você - M | Ouro Branco 18K e Diamante;165;26;14;PI01714;PI01714;gid://shopify/ProductVariant/48009807921447;5.0;0.0;True;False
gid://shopify/ProductVariant/48009808019751;PI01715;F;4500.0;3800.0;8;gid://shopify/Product/9113572671783;Pingente Você - M | Ouro Branco 18K e Diamante;165;26;14;PI01715;PI01715;gid://shopify/ProductVariant/48009808019751;5.0;0.0;True;True
gid://shopify/ProductVariant/48009808085287;PI01716;G;4500.0;3800.0;9;gid://shopify/Product/9113572671783;Pingente Você - M | Ouro Branco 18K e Diamante;165;26;14;PI01716;PI01716;gid://shopify/ProductVariant/48009808085287;5.0;0.0;True;True
gid://shopify/ProductVariant/48009808150823;PI01717;H;4500.0;3800.0;5;gid://shopify/Product/9113572671783;Pingente Você - M | Ouro Branco 18K e Diamante;165;26;14;PI01717;PI01717;gid://shopify/ProductVariant/48009808150823;5.0;0.0;True;False
gid://shopify/ProductVariant/48009808216359;PI01718;I;4500.0;3800.0;6;gid://shopify/Product/9113572671783;Pingente Você - M | Ouro Branco 18K e Diamante;165;26;14;PI01718;PI01718;gid://shopify/ProductVariant/48009808216359;5.0;0.0;True;True
gid://shopify/ProductVariant/48009808281895;PI01719;J;4500.0;3800.0;8;gid://shopify/Product/9113572671783;Pingente Você - M | Ouro Branco 18K e Diamante;165;26;14;PI01719;PI01719;gid://shopify/ProductVariant/48009808281895;5.0;0.0;True;True
gid://shopify/ProductVariant/48009808347431;PI01720;K;4500.0;3800.0;5;gid://shopify/Product/9113572671783;Pingente Você - M | Ouro Branco 18K e Diamante;165;26;14;PI01720;PI01720;gid://shopify/ProductVariant/48009808347431;5.0;0.0;True;False
gid://shopify/ProductVariant/48009808412967;PI01721;L;4500.0;3800.0;8;gid://shopify/Product/9113572671783;Pingente Você - M | Ouro Branco 18K e Diamante;165;26;14;PI01721;PI01721;gid://shopify/ProductVariant/48009808412967;5.0;0.0;True;True
gid://shopify/ProductVariant/48009808478503;PI01722;M;4500.0;3800.0;8;gid://shopify/Product/9113572671783;Pingente Você - M | Ouro Branco 18K e Diamante;165;26;14;PI01722;PI01722;gid://shopify/ProductVariant/48009808478503;5.0;0.0;True;True
gid://shopify/ProductVariant/48009808544039;PI01723;N;4500.0;3800.0;5;gid://shopify/Product/9113572671783;Pingente Você - M | Ouro Branco 18K e Diamante;165;26;14;PI01723;PI01723;gid://shopify/ProductVariant/48009808544039;5.0;0.0;True;False
gid://shopify/ProductVariant/48009808609575;PI01724;O;4500.0;3800.0;5;gid://shopify/Product/9113572671783;Pingente Você - M | Ouro Branco 18K e Diamante;165;26;14;PI01724;PI01724;gid://shopify/ProductVariant/48009808609575;5.0;0.0;True;False
gid://shopify/ProductVariant/48009808675111;PI01725;P;4500.0;3800.0;5;gid://shopify/Product/9113572671783;Pingente Você - M | Ouro Branco 18K e Diamante;165;26;14;PI01725;PI01725;gid://shopify/ProductVariant/48009808675111;5.0;0.0;True;False
gid://shopify/ProductVariant/48009808740647;PI01726;Q;4500.0;3800.0;5;gid://shopify/Product/9113572671783;Pingente Você - M | Ouro Branco 18K e Diamante;165;26;14;PI01726;PI01726;gid://shopify/ProductVariant/48009808740647;5.0;0.0;True;False
gid://shopify/ProductVariant/48009808806183;PI01727;R;4500.0;3800.0;8;gid://shopify/Product/9113572671783;Pingente Você - M | Ouro Branco 18K e Diamante;165;26;14;PI01727;PI01727;gid://shopify/ProductVariant/48009808806183;5.0;0.0;True;True
gid://shopify/ProductVariant/48009808871719;PI01728;S;4500.0;3800.0;8;gid://shopify/Product/9113572671783;Pingente Você - M | Ouro Branco 18K e Diamante;165;26;14;PI01728;PI01728;gid://shopify/ProductVariant/48009808871719;5.0;0.0;True;True
gid://shopify/ProductVariant/48009808937255;PI01729;T;4500.0;3800.0;5;gid://shopify/Product/9113572671783;Pingente Você - M | Ouro Branco 18K e Diamante;165;26;14;PI01729;PI01729;gid://shopify/ProductVariant/48009808937255;5.0;0.0;True;False
gid://shopify/ProductVariant/48009809002791;PI01730;U;4500.0;3800.0;5;gid://shopify/Product/9113572671783;Pingente Você - M | Ouro Branco 18K e Diamante;165;26;14;PI01730;PI01730;gid://shopify/ProductVariant/48009809002791;5.0;0.0;True;False
gid://shopify/ProductVariant/48009809199399;PI01731;V;4500.0;3800.0;5;gid://shopify/Product/9113572671783;Pingente Você - M | Ouro Branco 18K e Diamante;165;26;14;PI01731;PI01731;gid://shopify/ProductVariant/48009809199399;5.0;0.0;True;False
gid://shopify/ProductVariant/48009809264935;PI01732;W;4500.0;3800.0;5;gid://shopify/Product/9113572671783;Pingente Você - M | Ouro Branco 18K e Diamante;165;26;14;PI01732;PI01732;gid://shopify/ProductVariant/48009809264935;5.0;0.0;True;False
gid://shopify/ProductVariant/48009809330471;PI01733;X;4500.0;3800.0;5;gid://shopify/Product/9113572671783;Pingente Você - M | Ouro Branco 18K e Diamante;165;26;14;PI01733;PI01733;gid://shopify/ProductVariant/48009809330471;5.0;0.0;True;False
gid://shopify/ProductVariant/48009809396007;PI01734;Y;4500.0;3800.0;5;gid://shopify/Product/9113572671783;Pingente Você - M | Ouro Branco 18K e Diamante;165;26;14;PI01734;PI01734;gid://shopify/ProductVariant/48009809396007;5.0;0.0;True;False
gid://shopify/ProductVariant/48009809461543;PI01735;Z;4500.0;3800.0;5;gid://shopify/Product/9113572671783;Pingente Você - M | Ouro Branco 18K e Diamante;165;26;14;PI01735;PI01735;gid://shopify/ProductVariant/48009809461543;5.0;0.0;True;False
gid://shopify/ProductVariant/48009909174567;PI01814;A;7900.0;;7;gid://shopify/Product/9113592267047;Pingente Você - M | Ouro Branco 18K com Ródio Negro e Diamantes;140;26;12;PI01814;PI01814;gid://shopify/ProductVariant/48009909174567;5.0;0.0;True;True
gid://shopify/ProductVariant/48009909240103;PI01815;B;7900.0;;6;gid://shopify/Product/9113592267047;Pingente Você - M | Ouro Branco 18K com Ródio Negro e Diamantes;140;26;12;PI01815;PI01815;gid://shopify/ProductVariant/48009909240103;5.0;0.0;True;True
gid://shopify/ProductVariant/48009909305639;PI01816;C;7900.0;;6;gid://shopify/Product/9113592267047;Pingente Você - M | Ouro Branco 18K com Ródio Negro e Diamantes;140;26;12;PI01816;PI01816;gid://shopify/ProductVariant/48009909305639;5.0;0.0;True;True
gid://shopify/ProductVariant/48009909371175;PI01817;D;7900.0;;6;gid://shopify/Product/9113592267047;Pingente Você - M | Ouro Branco 18K com Ródio Negro e Diamantes;140;26;12;PI01817;PI01817;gid://shopify/ProductVariant/48009909371175;5.0;0.0;True;True
gid://shopify/ProductVariant/48009909436711;PI01818;E;7900.0;;5;gid://shopify/Product/9113592267047;Pingente Você - M | Ouro Branco 18K com Ródio Negro e Diamantes;140;26;12;PI01818;PI01818;gid://shopify/ProductVariant/48009909436711;5.0;0.0;True;False
gid://shopify/ProductVariant/48009909502247;PI01819;F;7900.0;;6;gid://shopify/Product/9113592267047;Pingente Você - M | Ouro Branco 18K com Ródio Negro e Diamantes;140;26;12;PI01819;PI01819;gid://shopify/ProductVariant/48009909502247;5.0;0.0;True;True
gid://shopify/ProductVariant/48009909567783;PI01820;G;7900.0;;6;gid://shopify/Product/9113592267047;Pingente Você - M | Ouro Branco 18K com Ródio Negro e Diamantes;140;26;12;PI01820;PI01820;gid://shopify/ProductVariant/48009909567783;5.0;0.0;True;True
gid://shopify/ProductVariant/48009909633319;PI01821;H;7900.0;;5;gid://shopify/Product/9113592267047;Pingente Você - M | Ouro Branco 18K com Ródio Negro e Diamantes;140;26;12;PI01821;PI01821;gid://shopify/ProductVariant/48009909633319;5.0;0.0;True;False
gid://shopify/ProductVariant/48009909698855;PI01822;I;7900.0;;5;gid://shopify/Product/9113592267047;Pingente Você - M | Ouro Branco 18K com Ródio Negro e Diamantes;140;26;12;PI01822;PI01822;gid://shopify/ProductVariant/48009909698855;5.0;0.0;True;False
gid://shopify/ProductVariant/48009909764391;PI01823;J;7900.0;;6;gid://shopify/Product/9113592267047;Pingente Você - M | Ouro Branco 18K com Ródio Negro e Diamantes;140;26;12;PI01823;PI01823;gid://shopify/ProductVariant/48009909764391;5.0;0.0;True;True
gid://shopify/ProductVariant/48009909829927;PI01824;K;7900.0;;5;gid://shopify/Product/9113592267047;Pingente Você - M | Ouro Branco 18K com Ródio Negro e Diamantes;140;26;12;PI01824;PI01824;gid://shopify/ProductVariant/48009909829927;5.0;0.0;True;False
gid://shopify/ProductVariant/48009909895463;PI01825;L;7900.0;;5;gid://shopify/Product/9113592267047;Pingente Você - M | Ouro Branco 18K com Ródio Negro e Diamantes;140;26;12;PI01825;PI01825;gid://shopify/ProductVariant/48009909895463;5.0;0.0;True;False
gid://shopify/ProductVariant/48009909960999;PI01826;M;7900.0;;5;gid://shopify/Product/9113592267047;Pingente Você - M | Ouro Branco 18K com Ródio Negro e Diamantes;140;26;12;PI01826;PI01826;gid://shopify/ProductVariant/48009909960999;5.0;0.0;True;False
gid://shopify/ProductVariant/48009910026535;PI01827;N;7900.0;;5;gid://shopify/Product/9113592267047;Pingente Você - M | Ouro Branco 18K com Ródio Negro e Diamantes;140;26;12;PI01827;PI01827;gid://shopify/ProductVariant/48009910026535;5.0;0.0;True;False
gid://shopify/ProductVariant/48009910092071;PI01828;O;7900.0;;5;gid://shopify/Product/9113592267047;Pingente Você - M | Ouro Branco 18K com Ródio Negro e Diamantes;140;26;12;PI01828;PI01828;gid://shopify/ProductVariant/48009910092071;5.0;0.0;True;False
gid://shopify/ProductVariant/48009910157607;PI01829;P;7900.0;;5;gid://shopify/Product/9113592267047;Pingente Você - M | Ouro Branco 18K com Ródio Negro e Diamantes;140;26;12;PI01829;PI01829;gid://shopify/ProductVariant/48009910157607;5.0;0.0;True;False
gid://shopify/ProductVariant/48009910223143;PI01830;Q;7900.0;;5;gid://shopify/Product/9113592267047;Pingente Você - M | Ouro Branco 18K com Ródio Negro e Diamantes;140;26;12;PI01830;PI01830;gid://shopify/ProductVariant/48009910223143;5.0;0.0;True;False
gid://shopify/ProductVariant/48009910288679;PI01831;R;7900.0;;6;gid://shopify/Product/9113592267047;Pingente Você - M | Ouro Branco 18K com Ródio Negro e Diamantes;140;26;12;PI01831;PI01831;gid://shopify/ProductVariant/48009910288679;5.0;0.0;True;True
gid://shopify/ProductVariant/48009910354215;PI01832;S;7900.0;;6;gid://shopify/Product/9113592267047;Pingente Você - M | Ouro Branco 18K com Ródio Negro e Diamantes;140;26;12;PI01832;PI01832;gid://shopify/ProductVariant/48009910354215;5.0;0.0;True;True
gid://shopify/ProductVariant/48009910419751;PI01833;T;7900.0;;5;gid://shopify/Product/9113592267047;Pingente Você - M | Ouro Branco 18K com Ródio Negro e Diamantes;140;26;12;PI01833;PI01833;gid://shopify/ProductVariant/48009910419751;5.0;0.0;True;False
gid://shopify/ProductVariant/48009910485287;PI01834;U;7900.0;;5;gid://shopify/Product/9113592267047;Pingente Você - M | Ouro Branco 18K com Ródio Negro e Diamantes;140;26;12;PI01834;PI01834;gid://shopify/ProductVariant/48009910485287;5.0;0.0;True;False
gid://shopify/ProductVariant/48009910550823;PI01835;V;7900.0;;5;gid://shopify/Product/9113592267047;Pingente Você - M | Ouro Branco 18K com Ródio Negro e Diamantes;140;26;12;PI01835;PI01835;gid://shopify/ProductVariant/48009910550823;5.0;0.0;True;False
gid://shopify/ProductVariant/48009910616359;PI01836;W;7900.0;;5;gid://shopify/Product/9113592267047;Pingente Você - M | Ouro Branco 18K com Ródio Negro e Diamantes;140;26;12;PI01836;PI01836;gid://shopify/ProductVariant/48009910616359;5.0;0.0;True;False
gid://shopify/ProductVariant/48009910681895;PI01837;X;7900.0;;5;gid://shopify/Product/9113592267047;Pingente Você - M | Ouro Branco 18K com Ródio Negro e Diamantes;140;26;12;PI01837;PI01837;gid://shopify/ProductVariant/48009910681895;5.0;0.0;True;False
gid://shopify/ProductVariant/48009910747431;PI01838;Y;7900.0;;5;gid://shopify/Product/9113592267047;Pingente Você - M | Ouro Branco 18K com Ródio Negro e Diamantes;140;26;12;PI01838;PI01838;gid://shopify/ProductVariant/48009910747431;5.0;0.0;True;False
gid://shopify/ProductVariant/48009910812967;PI01839;Z;7900.0;;5;gid://shopify/Product/9113592267047;Pingente Você - M | Ouro Branco 18K com Ródio Negro e Diamantes;140;26;12;PI01839;PI01839;gid://shopify/ProductVariant/48009910812967;5.0;0.0;True;False
gid://shopify/ProductVariant/48016751034663;PI01624;Default Title;7900.0;2600.0;5;gid://shopify/Product/9118696931623;Piercing Você | Ouro Branco 18K e Diamantes;5;1;3;PI01624;PI01624;gid://shopify/ProductVariant/48016751034663;5.0;0.0;True;False
gid://shopify/ProductVariant/48016758702375;PI01683;Default Title;7900.0;2600.0;8;gid://shopify/Product/9118700863783;Piercing Você | Ouro Branco 18K com Ródio Negro e Diamantes;8;1;3;PI01683;PI01683;gid://shopify/ProductVariant/48016758702375;5.0;0.0;True;True
gid://shopify/ProductVariant/48017035002151;PI01623;Default Title;5900.0;2600.0;2;gid://shopify/Product/9118791958823;Piercing Você | Ouro Branco 18K e Diamante;2;1;2;PI01623;PI01623;gid://shopify/ProductVariant/48017035002151;0.0;0.0;False;True
gid://shopify/ProductVariant/48017050665255;PI01682;Default Title;5900.0;2600.0;3;gid://shopify/Product/9118795956519;Piercing Você | Ouro Branco 18K com Ródio Negro e Diamante;3;1;1;PI01682;PI01682;gid://shopify/ProductVariant/48017050665255;0.0;0.0;False;True
gid://shopify/ProductVariant/48186383434023;BR06859T;Default Title;5800.0;;8;gid://shopify/Product/9182872404263;Brinco Argola Zebra | Prata com Ouro Branco 18k;8;1;4;BR06859T;BR06859T;gid://shopify/ProductVariant/48186383434023;0.0;5.0;True;True
gid://shopify/ProductVariant/48186388185383;BR06860T;Default Title;6500.0;;5;gid://shopify/Product/9182874665255;Brinco Duplo Zebra | Prata com Ouro Branco 18k;5;1;5;BR06860T;BR06860T;gid://shopify/ProductVariant/48186388185383;0.0;5.0;True;False
gid://shopify/ProductVariant/48186394247463;CL04706;Default Title;9500.0;;5;gid://shopify/Product/9182875844903;Colar Maxi Zebra | Prata com Ouro Branco 18k;5;1;3;CL04706;CL04706;gid://shopify/ProductVariant/48186394247463;0.0;5.0;True;False
gid://shopify/ProductVariant/48186420068647;PU02139T;P;7400.0;;5;gid://shopify/Product/9182879678759;Cuff Zebra | Prata com Ouro Branco 18k;16;3;4;PU02139T;PU02139T;gid://shopify/ProductVariant/48186420068647;0.0;5.0;True;False
gid://shopify/ProductVariant/48186420101415;PU02140T;M;7400.0;;6;gid://shopify/Product/9182879678759;Cuff Zebra | Prata com Ouro Branco 18k;16;3;4;PU02140T;PU02140T;gid://shopify/ProductVariant/48186420101415;0.0;5.0;True;True
gid://shopify/ProductVariant/48186420134183;PU02141T;G;7400.0;;5;gid://shopify/Product/9182879678759;Cuff Zebra | Prata com Ouro Branco 18k;16;3;4;PU02141T;PU02141T;gid://shopify/ProductVariant/48186420134183;0.0;5.0;True;False
gid://shopify/ProductVariant/48303004647719;PI01854;Default Title;2500.0;;5;gid://shopify/Product/9250020917543;Pingente Você - P | Ouro Amarelo 18K e Rubi;5;1;3;PI01854;PI01854;gid://shopify/ProductVariant/48303004647719;5.0;0.0;True;False
gid://shopify/ProductVariant/48315247362343;PU02110T;Default Title;39500.0;;5;gid://shopify/Product/9255343456551;Pulseira Especial De Ouro Amarelo 18K E Diamantes;5;1;2;PU02110T;PU02110T;gid://shopify/ProductVariant/48315247362343;5.0;0.0;True;False
gid://shopify/ProductVariant/48533781807399;3a5565b7-846b-484f-a7e9-e9df4cf12343;Default Title;2375.0;2500.0;0;gid://shopify/Product/9335780933927;Corrente + Letra;0;1;2;3a5565b7;3a5565b7-846b-484f-a7e9-e9df4cf12343;gid://shopify/ProductVariant/48533781807399;0.0;0.0;False;False
gid://shopify/ProductVariant/48594642960679;BR06881T;Default Title;3500.0;;5;gid://shopify/Product/9363565576487;Brinco Especial De Ouro Amarelo 18K E Esmeralda;5;1;0;BR06881T;BR06881T;gid://shopify/ProductVariant/48594642960679;5.0;0.0;True;False
gid://shopify/ProductVariant/49152832110887;BR06878T;Default Title;4900.0;;5;gid://shopify/Product/9563499659559;BRINCO BOLD DUPLO | PRATA COM OURO AMARELO 18K;5;1;7;BR06878T;BR06878T;gid://shopify/ProductVariant/49152832110887;0.0;5.0;True;False
gid://shopify/ProductVariant/49152946110759;BR06882T;Default Title;6900.0;;8;gid://shopify/Product/9563526431015;BRINCO BOLD DUPLO MAXI | PRATA COM OURO AMARELO 18K;8;1;7;BR06882T;BR06882T;gid://shopify/ProductVariant/49152946110759;0.0;5.0;True;True
gid://shopify/ProductVariant/49153017413927;BR06886;Default Title;2200.0;;8;gid://shopify/Product/9563542257959;BRINCO ESFERA BOLD | PRATA COM OURO AMARELO 18K;8;1;4;BR06886;BR06886;gid://shopify/ProductVariant/49153017413927;0.0;5.0;True;True
gid://shopify/ProductVariant/49154428567847;BR06887;Default Title;4500.0;;5;gid://shopify/Product/9564157968679;BRINCO ESFERA BOLD MAXI | PRATA COM OURO AMARELO 18K;5;1;4;BR06887;BR06887;gid://shopify/ProductVariant/49154428567847;0.0;5.0;True;False
gid://shopify/ProductVariant/49154667249959;BR06879T;Default Title;4200.0;;5;gid://shopify/Product/9564214722855;BRINCO ARGOLA BOLD MAXI | PRATA COM OURO AMARELO 18K;5;1;5;BR06879T;BR06879T;gid://shopify/ProductVariant/49154667249959;0.0;5.0;True;False
gid://shopify/ProductVariant/49154687959335;BR06866T;Default Title;2900.0;;5;gid://shopify/Product/9564218425639;BRINCO ARGOLA BOLD | PRATA COM OURO AMARELO 18K;5;1;5;BR06866T;BR06866T;gid://shopify/ProductVariant/49154687959335;0.0;5.0;True;False
gid://shopify/ProductVariant/49156251386151;CL04725;P;9800.0;6700.0;5;gid://shopify/Product/9564752183591;COLAR MAXI BOLD | PRATA COM OURO AMARELO 18K;15;3;6;CL04725;CL04725;gid://shopify/ProductVariant/49156251386151;0.0;5.0;True;False
gid://shopify/ProductVariant/49156251418919;CL04718;M;9800.0;6700.0;5;gid://shopify/Product/9564752183591;COLAR MAXI BOLD | PRATA COM OURO AMARELO 18K;15;3;6;CL04718;CL04718;gid://shopify/ProductVariant/49156251418919;0.0;5.0;True;False
gid://shopify/ProductVariant/49156251451687;CL04726;G;9800.0;6700.0;5;gid://shopify/Product/9564752183591;COLAR MAXI BOLD | PRATA COM OURO AMARELO 18K;15;3;6;CL04726;CL04726;gid://shopify/ProductVariant/49156251451687;0.0;5.0;True;False
gid://shopify/ProductVariant/49156767023399;PU02153T;P;5900.0;;5;gid://shopify/Product/9564873687335;CUFF BOLD MAXI | PRATA COM OURO AMARELO 18K;16;3;6;PU02153T;PU02153T;gid://shopify/ProductVariant/49156767023399;0.0;5.0;True;False
gid://shopify/ProductVariant/49156767056167;PU02154T;M;5900.0;0.0;5;gid://shopify/Product/9564873687335;CUFF BOLD MAXI | PRATA COM OURO AMARELO 18K;16;3;6;PU02154T;PU02154T;gid://shopify/ProductVariant/49156767056167;0.0;5.0;True;False
gid://shopify/ProductVariant/49156767088935;PU02155T;G;5900.0;;6;gid://shopify/Product/9564873687335;CUFF BOLD MAXI | PRATA COM OURO AMARELO 18K;16;3;6;PU02155T;PU02155T;gid://shopify/ProductVariant/49156767088935;0.0;5.0;True;True
gid://shopify/ProductVariant/49163313873191;PU02159T;P;3900.0;;5;gid://shopify/Product/9566443405607;PULSEIRA BOLD | PRATA COM OURO AMARELO 18K;15;3;6;PU02159T;PU02159T;gid://shopify/ProductVariant/49163313873191;0.0;5.0;True;False
gid://shopify/ProductVariant/49163313905959;PU02158T;M;3900.0;0.0;5;gid://shopify/Product/9566443405607;PULSEIRA BOLD | PRATA COM OURO AMARELO 18K;15;3;6;PU02158T;PU02158T;gid://shopify/ProductVariant/49163313905959;0.0;5.0;True;False
gid://shopify/ProductVariant/49163313938727;PU02160T;G;3900.0;;5;gid://shopify/Product/9566443405607;PULSEIRA BOLD | PRATA COM OURO AMARELO 18K;15;3;6;PU02160T;PU02160T;gid://shopify/ProductVariant/49163313938727;0.0;5.0;True;False
gid://shopify/ProductVariant/49203825541415;AN03640-10;10;2100.0;;0;gid://shopify/Product/9564725903655;ANEL ESFERA BOLD | PRATA COM OURO AMARELO 18K;28;13;3;AN03640;AN03640-10;gid://shopify/ProductVariant/49203825541415;0.0;0.0;False;False
gid://shopify/ProductVariant/49203827409191;AN03640-11;11;2100.0;;0;gid://shopify/Product/9564725903655;ANEL ESFERA BOLD | PRATA COM OURO AMARELO 18K;28;13;3;AN03640;AN03640-11;gid://shopify/ProductVariant/49203827409191;0.0;0.0;False;False
gid://shopify/ProductVariant/49203827441959;AN03640-12;12;2100.0;;0;gid://shopify/Product/9564725903655;ANEL ESFERA BOLD | PRATA COM OURO AMARELO 18K;28;13;3;AN03640;AN03640-12;gid://shopify/ProductVariant/49203827441959;0.0;0.0;False;False
gid://shopify/ProductVariant/49203827474727;AN03640-13;13;2100.0;;0;gid://shopify/Product/9564725903655;ANEL ESFERA BOLD | PRATA COM OURO AMARELO 18K;28;13;3;AN03640;AN03640-13;gid://shopify/ProductVariant/49203827474727;0.0;0.0;False;False
gid://shopify/ProductVariant/49203827507495;AN03640-14;14;2100.0;;5;gid://shopify/Product/9564725903655;ANEL ESFERA BOLD | PRATA COM OURO AMARELO 18K;28;13;3;AN03640;AN03640-14;gid://shopify/ProductVariant/49203827507495;0.0;5.0;True;False
gid://shopify/ProductVariant/49203827540263;AN03640-15;15;2100.0;;7;gid://shopify/Product/9564725903655;ANEL ESFERA BOLD | PRATA COM OURO AMARELO 18K;28;13;3;AN03640;AN03640-15;gid://shopify/ProductVariant/49203827540263;0.0;5.0;True;True
gid://shopify/ProductVariant/49203827573031;AN03640-16;16;2100.0;;6;gid://shopify/Product/9564725903655;ANEL ESFERA BOLD | PRATA COM OURO AMARELO 18K;28;13;3;AN03640;AN03640-16;gid://shopify/ProductVariant/49203827573031;0.0;5.0;True;True
gid://shopify/ProductVariant/49203827605799;AN03640-17;17;2100.0;;5;gid://shopify/Product/9564725903655;ANEL ESFERA BOLD | PRATA COM OURO AMARELO 18K;28;13;3;AN03640;AN03640-17;gid://shopify/ProductVariant/49203827605799;0.0;5.0;True;False
gid://shopify/ProductVariant/49203827638567;AN03640-18;18;2100.0;;5;gid://shopify/Product/9564725903655;ANEL ESFERA BOLD | PRATA COM OURO AMARELO 18K;28;13;3;AN03640;AN03640-18;gid://shopify/ProductVariant/49203827638567;0.0;5.0;True;False
gid://shopify/ProductVariant/49203827671335;AN03640-19;19;2100.0;;0;gid://shopify/Product/9564725903655;ANEL ESFERA BOLD | PRATA COM OURO AMARELO 18K;28;13;3;AN03640;AN03640-19;gid://shopify/ProductVariant/49203827671335;0.0;0.0;False;False
gid://shopify/ProductVariant/49203827704103;AN03640-20;20;2100.0;;0;gid://shopify/Product/9564725903655;ANEL ESFERA BOLD | PRATA COM OURO AMARELO 18K;28;13;3;AN03640;AN03640-20;gid://shopify/ProductVariant/49203827704103;0.0;0.0;False;False
gid://shopify/ProductVariant/49203827736871;AN03640-21;21;2100.0;;0;gid://shopify/Product/9564725903655;ANEL ESFERA BOLD | PRATA COM OURO AMARELO 18K;28;13;3;AN03640;AN03640-21;gid://shopify/ProductVariant/49203827736871;0.0;0.0;False;False
gid://shopify/ProductVariant/49203827769639;AN03640-22;22;2100.0;;0;gid://shopify/Product/9564725903655;ANEL ESFERA BOLD | PRATA COM OURO AMARELO 18K;28;13;3;AN03640;AN03640-22;gid://shopify/ProductVariant/49203827769639;0.0;0.0;False;False
