variant.sku;variant.id;encomenda ouro;encomenda prata;Encomendavel
015bfeed-30ab-409f-a2eb-d0b0eda31c02;gid://shopify/ProductVariant/46804975616295;0;0;false
09b1fdb8-0391-4f9e-8e73-f06ed4b57d96;gid://shopify/ProductVariant/46804975190311;0;0;false
11140b6a-4a03-40da-b126-94ab9ba069b9;gid://shopify/ProductVariant/46804975124775;0;0;false
1523ae5b-d62d-49b4-86fe-bd246e8b37c0;gid://shopify/ProductVariant/46804975419687;0;0;false
1e8ceff9-18b3-4d66-a88d-522ba374f585;gid://shopify/ProductVariant/46804975747367;0;0;false
216193af-a5a4-47e9-9f73-85592ec542f5;gid://shopify/ProductVariant/46804975485223;0;0;false
238e54c7-8686-4801-9907-00d7e8aa2351;gid://shopify/ProductVariant/46804975517991;0;0;false
25804bb0-4016-4901-8353-86a5c4659c91;gid://shopify/ProductVariant/46804975681831;0;0;false
28f5fd76-659f-4f81-b1e5-5e9bcc60f27e;gid://shopify/ProductVariant/46804975386919;0;0;false
33869986-3670-408f-9ec6-500f1d5989f3;gid://shopify/ProductVariant/46804975059239;0;0;false
37785476-30d3-4b51-a6dc-37b74c7590a5;gid://shopify/ProductVariant/46804975583527;0;0;false
38f260ae-b37f-48a0-be5e-b66b6eaa2fde;gid://shopify/ProductVariant/46804975288615;0;0;false
5b402806-a653-4854-83da-8b0bc7b1c9ef;gid://shopify/ProductVariant/46804975812903;0;0;false
603e3747-abfe-433a-b815-372ebed0a8d7;gid://shopify/ProductVariant/46804975092007;0;0;false
6dbfddf9-7a9e-41c7-8e4a-e2ac6cfe3bee;gid://shopify/ProductVariant/46804975780135;0;0;false
70eb39f5-d5b9-45cb-8f7c-8cdc8ea4a5c8;gid://shopify/ProductVariant/46804975157543;0;0;false
7517a12c-b739-49de-9110-39484787240a;gid://shopify/ProductVariant/46804975354151;0;0;false
76ec442a-de87-4cb9-8f33-7c92e9c5d020;gid://shopify/ProductVariant/46804975878439;0;0;false
9998f3c4-9b24-4f51-9ee7-a024804c37ed;gid://shopify/ProductVariant/46804975845671;0;0;false
AB01009;gid://shopify/ProductVariant/46356878721319;0;5;true
AB01010;gid://shopify/ProductVariant/46356879868199;0;0;false
AB01011;gid://shopify/ProductVariant/46356881801511;0;5;true
AL00031-10;gid://shopify/ProductVariant/46393450594599;5;0;true
AL00031-11;gid://shopify/ProductVariant/46393450627367;5;0;true
AL00031-12;gid://shopify/ProductVariant/46393450660135;5;0;true
AL00031-13;gid://shopify/ProductVariant/46393450692903;5;0;true
AL00031-14;gid://shopify/ProductVariant/46393450725671;5;0;true
AL00031-15;gid://shopify/ProductVariant/46393450758439;5;0;true
AL00031-16;gid://shopify/ProductVariant/46393450791207;5;0;true
AL00031-17;gid://shopify/ProductVariant/46393450823975;5;0;true
AL00031-18;gid://shopify/ProductVariant/46393450856743;5;0;true
AL00031-19;gid://shopify/ProductVariant/46393450889511;5;0;true
AL00031-20;gid://shopify/ProductVariant/46393450922279;5;0;true
AL00031-21;gid://shopify/ProductVariant/46393450955047;5;0;true
AL00031-22;gid://shopify/ProductVariant/46393450987815;5;0;true
AL00033-10;gid://shopify/ProductVariant/46393454068007;5;0;true
AL00033-11;gid://shopify/ProductVariant/46393454100775;5;0;true
AL00033-12;gid://shopify/ProductVariant/46393454133543;5;0;true
AL00033-13;gid://shopify/ProductVariant/46393454166311;5;0;true
AL00033-14;gid://shopify/ProductVariant/46393454199079;5;0;true
AL00033-15;gid://shopify/ProductVariant/46393454231847;5;0;true
AL00033-16;gid://shopify/ProductVariant/46393454264615;5;0;true
AL00033-17;gid://shopify/ProductVariant/46393454297383;5;0;true
AL00033-18;gid://shopify/ProductVariant/46393454330151;5;0;true
AL00033-19;gid://shopify/ProductVariant/46393454362919;5;0;true
AL00033-20;gid://shopify/ProductVariant/46393454395687;5;0;true
AL00033-21;gid://shopify/ProductVariant/46393454428455;5;0;true
AL00033-22;gid://shopify/ProductVariant/46393454461223;5;0;true
AL00037-10;gid://shopify/ProductVariant/46393451315495;5;0;true
AL00037-11;gid://shopify/ProductVariant/46393451348263;5;0;true
AL00037-12;gid://shopify/ProductVariant/46393451381031;5;0;true
AL00037-13;gid://shopify/ProductVariant/46393451413799;5;0;true
AL00037-14;gid://shopify/ProductVariant/46393451446567;5;0;true
AL00037-15;gid://shopify/ProductVariant/46393451479335;5;0;true
AL00037-16;gid://shopify/ProductVariant/46393451512103;5;0;true
AL00037-17;gid://shopify/ProductVariant/46393451544871;5;0;true
AL00037-18;gid://shopify/ProductVariant/46393451577639;5;0;true
AL00037-19;gid://shopify/ProductVariant/46393451610407;5;0;true
AL00037-20;gid://shopify/ProductVariant/46393451643175;5;0;true
AL00037-21;gid://shopify/ProductVariant/46393451675943;5;0;true
AL00037-22;gid://shopify/ProductVariant/46393451708711;5;0;true
AL00042-10;gid://shopify/ProductVariant/46393457836327;5;0;true
AL00042-11;gid://shopify/ProductVariant/46393457869095;5;0;true
AL00042-12;gid://shopify/ProductVariant/46393457901863;5;0;true
AL00042-13;gid://shopify/ProductVariant/46393457934631;5;0;true
AL00042-14;gid://shopify/ProductVariant/46393457967399;5;0;true
AL00042-15;gid://shopify/ProductVariant/46393458000167;5;0;true
AL00042-16;gid://shopify/ProductVariant/46393458032935;5;0;true
AL00042-17;gid://shopify/ProductVariant/46393458065703;5;0;true
AL00042-18;gid://shopify/ProductVariant/46393458098471;5;0;true
AL00042-19;gid://shopify/ProductVariant/46393458131239;5;0;true
AL00042-20;gid://shopify/ProductVariant/46393458164007;5;0;true
AL00042-21;gid://shopify/ProductVariant/46393458196775;5;0;true
AL00042-22;gid://shopify/ProductVariant/46393458229543;5;0;true
AL00049-10;gid://shopify/ProductVariant/46393458458919;5;0;true
AL00049-11;gid://shopify/ProductVariant/46393458491687;5;0;true
AL00049-12;gid://shopify/ProductVariant/46393458524455;5;0;true
AL00049-13;gid://shopify/ProductVariant/46393458557223;5;0;true
AL00049-14;gid://shopify/ProductVariant/46393458589991;5;0;true
AL00049-15;gid://shopify/ProductVariant/46393458622759;5;0;true
AL00049-16;gid://shopify/ProductVariant/46393458655527;5;0;true
AL00049-17;gid://shopify/ProductVariant/46393458688295;5;0;true
AL00049-18;gid://shopify/ProductVariant/46393458721063;5;0;true
AL00049-19;gid://shopify/ProductVariant/46393458753831;5;0;true
AL00049-20;gid://shopify/ProductVariant/46393458786599;5;0;true
AL00049-21;gid://shopify/ProductVariant/46393458819367;5;0;true
AL00049-22;gid://shopify/ProductVariant/46393458852135;5;0;true
AL00069-10;gid://shopify/ProductVariant/46393459015975;5;0;true
AL00069-11;gid://shopify/ProductVariant/46393459048743;5;0;true
AL00069-12;gid://shopify/ProductVariant/46393459081511;5;0;true
AL00069-13;gid://shopify/ProductVariant/46393459114279;5;0;true
AL00069-14;gid://shopify/ProductVariant/46393459147047;5;0;true
AL00069-15;gid://shopify/ProductVariant/46393459179815;5;0;true
AL00069-16;gid://shopify/ProductVariant/46393459212583;5;0;true
AL00069-17;gid://shopify/ProductVariant/46393459245351;5;0;true
AL00069-18;gid://shopify/ProductVariant/46393459278119;5;0;true
AL00069-19;gid://shopify/ProductVariant/46393459310887;5;0;true
AL00069-20;gid://shopify/ProductVariant/46393459343655;5;0;true
AL00069-21;gid://shopify/ProductVariant/46393459376423;5;0;true
AL00069-22;gid://shopify/ProductVariant/46393459409191;5;0;true
AL0119-10;gid://shopify/ProductVariant/46393454723367;5;0;true
AL0119-11;gid://shopify/ProductVariant/46393454756135;5;0;true
AL0119-12;gid://shopify/ProductVariant/46393454788903;5;0;true
AL0119-13;gid://shopify/ProductVariant/46393454821671;5;0;true
AL0119-14;gid://shopify/ProductVariant/46393454854439;5;0;true
AL0119-15;gid://shopify/ProductVariant/46393454887207;5;0;true
AL0119-16;gid://shopify/ProductVariant/46393454919975;5;0;true
AL0119-17;gid://shopify/ProductVariant/46393454952743;5;0;true
AL0119-18;gid://shopify/ProductVariant/46393454985511;5;0;true
AL0119-19;gid://shopify/ProductVariant/46393455018279;5;0;true
AL0119-20;gid://shopify/ProductVariant/46393455051047;5;0;true
AL0119-21;gid://shopify/ProductVariant/46393455083815;5;0;true
AL0119-22;gid://shopify/ProductVariant/46393455116583;5;0;true
AL0121-10;gid://shopify/ProductVariant/46393455771943;5;0;true
AL0121-11;gid://shopify/ProductVariant/46393455804711;5;0;true
AL0121-12;gid://shopify/ProductVariant/46393455837479;5;0;true
AL0121-13;gid://shopify/ProductVariant/46393455870247;5;0;true
AL0121-14;gid://shopify/ProductVariant/46393455903015;5;0;true
AL0121-15;gid://shopify/ProductVariant/46393455935783;5;0;true
AL0121-16;gid://shopify/ProductVariant/46393455968551;5;0;true
AL0121-17;gid://shopify/ProductVariant/46393456001319;5;0;true
AL0121-18;gid://shopify/ProductVariant/46393456034087;5;0;true
AL0121-19;gid://shopify/ProductVariant/46393456066855;5;0;true
AL0121-20;gid://shopify/ProductVariant/46393456099623;5;0;true
AL0121-21;gid://shopify/ProductVariant/46393456132391;5;0;true
AL0121-22;gid://shopify/ProductVariant/46393456165159;5;0;true
AL0123-10;gid://shopify/ProductVariant/46393456623911;5;0;true
AL0123-11;gid://shopify/ProductVariant/46393456656679;5;0;true
AL0123-12;gid://shopify/ProductVariant/46393456689447;5;0;true
AL0123-13;gid://shopify/ProductVariant/46393456722215;5;0;true
AL0123-14;gid://shopify/ProductVariant/46393456754983;5;0;true
AL0123-15;gid://shopify/ProductVariant/46393456787751;5;0;true
AL0123-16;gid://shopify/ProductVariant/46393456820519;5;0;true
AL0123-17;gid://shopify/ProductVariant/46393456853287;5;0;true
AL0123-18;gid://shopify/ProductVariant/46393456886055;5;0;true
AL0123-19;gid://shopify/ProductVariant/46393456918823;5;0;true
AL0123-20;gid://shopify/ProductVariant/46393456951591;5;0;true
AL0123-21;gid://shopify/ProductVariant/46393456984359;5;0;true
AL0123-22;gid://shopify/ProductVariant/46393457017127;5;0;true
AL0127-10;gid://shopify/ProductVariant/46393451741479;5;0;true
AL0127-11;gid://shopify/ProductVariant/46393451774247;5;0;true
AL0127-12;gid://shopify/ProductVariant/46393451807015;5;0;true
AL0127-13;gid://shopify/ProductVariant/46393451839783;5;0;true
AL0127-14;gid://shopify/ProductVariant/46393451872551;5;0;true
AL0127-15;gid://shopify/ProductVariant/46393451905319;5;0;true
AL0127-16;gid://shopify/ProductVariant/46393451938087;5;0;true
AL0127-17;gid://shopify/ProductVariant/46393451970855;5;0;true
AL0127-18;gid://shopify/ProductVariant/46393452003623;5;0;true
AL0127-19;gid://shopify/ProductVariant/46393452036391;5;0;true
AL0127-20;gid://shopify/ProductVariant/46393452069159;5;0;true
AL0127-21;gid://shopify/ProductVariant/46393452101927;5;0;true
AL0127-22;gid://shopify/ProductVariant/46393452134695;5;0;true
AL0129-10;gid://shopify/ProductVariant/46393452626215;5;0;true
AL0129-11;gid://shopify/ProductVariant/46393452658983;5;0;true
AL0129-12;gid://shopify/ProductVariant/46393452691751;5;0;true
AL0129-13;gid://shopify/ProductVariant/46393452724519;5;0;true
AL0129-14;gid://shopify/ProductVariant/46393452757287;5;0;true
AL0129-15;gid://shopify/ProductVariant/46393452790055;5;0;true
AL0129-16;gid://shopify/ProductVariant/46393452822823;5;0;true
AL0129-17;gid://shopify/ProductVariant/46393452855591;5;0;true
AL0129-18;gid://shopify/ProductVariant/46393452888359;5;0;true
AL0129-19;gid://shopify/ProductVariant/46393452921127;5;0;true
AL0129-20;gid://shopify/ProductVariant/46393452953895;5;0;true
AL0129-21;gid://shopify/ProductVariant/46393452986663;5;0;true
AL0129-22;gid://shopify/ProductVariant/46393453019431;5;0;true
AL0131-10;gid://shopify/ProductVariant/46393453248807;5;0;true
AL0131-11;gid://shopify/ProductVariant/46393453281575;5;0;true
AL0131-12;gid://shopify/ProductVariant/46393453314343;5;0;true
AL0131-13;gid://shopify/ProductVariant/46393453347111;5;0;true
AL0131-14;gid://shopify/ProductVariant/46393453379879;5;0;true
AL0131-15;gid://shopify/ProductVariant/46393453412647;5;0;true
AL0131-16;gid://shopify/ProductVariant/46393453445415;5;0;true
AL0131-17;gid://shopify/ProductVariant/46393453478183;5;0;true
AL0131-18;gid://shopify/ProductVariant/46393453510951;5;0;true
AL0131-19;gid://shopify/ProductVariant/46393453543719;5;0;true
AL0131-20;gid://shopify/ProductVariant/46393453576487;5;0;true
AL0131-21;gid://shopify/ProductVariant/46393453609255;5;0;true
AL0131-22;gid://shopify/ProductVariant/46393453642023;5;0;true
AL0143-10;gid://shopify/ProductVariant/46393457213735;5;0;true
AL0143-11;gid://shopify/ProductVariant/46393457246503;5;0;true
AL0143-12;gid://shopify/ProductVariant/46393457279271;5;0;true
AL0143-13;gid://shopify/ProductVariant/46393457312039;5;0;true
AL0143-14;gid://shopify/ProductVariant/46393457344807;5;0;true
AL0143-15;gid://shopify/ProductVariant/46393457377575;5;0;true
AL0143-16;gid://shopify/ProductVariant/46393457410343;5;0;true
AL0143-17;gid://shopify/ProductVariant/46393457443111;5;0;true
AL0143-18;gid://shopify/ProductVariant/46393457475879;5;0;true
AL0143-19;gid://shopify/ProductVariant/46393457508647;5;0;true
AL0143-20;gid://shopify/ProductVariant/46393457541415;5;0;true
AL0143-21;gid://shopify/ProductVariant/46393457574183;5;0;true
AL0143-22;gid://shopify/ProductVariant/46393457606951;5;0;true
AL02775-10;gid://shopify/ProductVariant/46393459704103;5;0;true
AL02775-11;gid://shopify/ProductVariant/46393459736871;5;0;true
AL02775-12;gid://shopify/ProductVariant/46393459769639;5;0;true
AL02775-13;gid://shopify/ProductVariant/46393459802407;5;0;true
AL02775-14;gid://shopify/ProductVariant/46393459835175;5;0;true
AL02775-15;gid://shopify/ProductVariant/46393459867943;5;0;true
AL02775-16;gid://shopify/ProductVariant/46393459900711;5;0;true
AL02775-17;gid://shopify/ProductVariant/46393459933479;5;0;true
AL02775-18;gid://shopify/ProductVariant/46393459966247;5;0;true
AL02775-19;gid://shopify/ProductVariant/46393459999015;5;0;true
AL02775-20;gid://shopify/ProductVariant/46393460031783;5;0;true
AL02775-21;gid://shopify/ProductVariant/46393460064551;5;0;true
AL02775-22;gid://shopify/ProductVariant/46393460097319;5;0;true
AN01150-10;gid://shopify/ProductVariant/46393475334439;5;0;true
AN01150-11;gid://shopify/ProductVariant/46393475367207;5;0;true
AN01150-12;gid://shopify/ProductVariant/46393475399975;5;0;true
AN01150-13;gid://shopify/ProductVariant/46393475432743;5;0;true
AN01150-14;gid://shopify/ProductVariant/46393475465511;5;0;true
AN01150-15;gid://shopify/ProductVariant/46393475498279;5;0;true
AN01150-16;gid://shopify/ProductVariant/46393475531047;5;0;true
AN01150-17;gid://shopify/ProductVariant/46393475563815;5;0;true
AN01150-18;gid://shopify/ProductVariant/46393475596583;5;0;true
AN01150-19;gid://shopify/ProductVariant/46393475629351;5;0;true
AN01150-20;gid://shopify/ProductVariant/46393475694887;5;0;true
AN01150-21;gid://shopify/ProductVariant/46393475727655;5;0;true
AN01150-22;gid://shopify/ProductVariant/46393475760423;5;0;true
AN01604-10;gid://shopify/ProductVariant/46393490407719;5;0;true
AN01604-11;gid://shopify/ProductVariant/46393490440487;5;0;true
AN01604-12;gid://shopify/ProductVariant/46393490473255;5;0;true
AN01604-13;gid://shopify/ProductVariant/46393490506023;5;0;true
AN01604-14;gid://shopify/ProductVariant/46393490538791;5;0;true
AN01604-15;gid://shopify/ProductVariant/46393490571559;5;0;true
AN01604-16;gid://shopify/ProductVariant/46393490604327;5;0;true
AN01604-17;gid://shopify/ProductVariant/46393490637095;5;0;true
AN01604-18;gid://shopify/ProductVariant/46393490669863;5;0;true
AN01604-19;gid://shopify/ProductVariant/46393490702631;5;0;true
AN01604-20;gid://shopify/ProductVariant/46393490735399;5;0;true
AN01604-21;gid://shopify/ProductVariant/46393490768167;5;0;true
AN01604-22;gid://shopify/ProductVariant/46393490800935;5;0;true
AN01605-10;gid://shopify/ProductVariant/46393490997543;5;0;true
AN01605-11;gid://shopify/ProductVariant/46393491030311;5;0;true
AN01605-12;gid://shopify/ProductVariant/46393491063079;5;0;true
AN01605-13;gid://shopify/ProductVariant/46393491095847;5;0;true
AN01605-14;gid://shopify/ProductVariant/46393491128615;5;0;true
AN01605-15;gid://shopify/ProductVariant/46393491161383;5;0;true
AN01605-16;gid://shopify/ProductVariant/46393491194151;5;0;true
AN01605-17;gid://shopify/ProductVariant/46393491226919;5;0;true
AN01605-18;gid://shopify/ProductVariant/46393491259687;5;0;true
AN01605-19;gid://shopify/ProductVariant/46393491292455;5;0;true
AN01605-20;gid://shopify/ProductVariant/46393491325223;5;0;true
AN01605-21;gid://shopify/ProductVariant/46393491357991;5;0;true
AN01605-22;gid://shopify/ProductVariant/46393491390759;5;0;true
AN01606-10;gid://shopify/ProductVariant/46393491620135;5;0;true
AN01606-11;gid://shopify/ProductVariant/46393491652903;5;0;true
AN01606-12;gid://shopify/ProductVariant/46393491685671;5;0;true
AN01606-13;gid://shopify/ProductVariant/46393491718439;5;0;true
AN01606-14;gid://shopify/ProductVariant/46393491751207;5;0;true
AN01606-15;gid://shopify/ProductVariant/46393491783975;5;0;true
AN01606-16;gid://shopify/ProductVariant/46393491816743;5;0;true
AN01606-17;gid://shopify/ProductVariant/46393491849511;5;0;true
AN01606-18;gid://shopify/ProductVariant/46393491882279;5;0;true
AN01606-19;gid://shopify/ProductVariant/46393491915047;5;0;true
AN01606-20;gid://shopify/ProductVariant/46393491947815;5;0;true
AN01606-21;gid://shopify/ProductVariant/46393491980583;5;0;true
AN01606-22;gid://shopify/ProductVariant/46393492013351;5;0;true
AN01607-10;gid://shopify/ProductVariant/46393492177191;5;0;true
AN01607-11;gid://shopify/ProductVariant/46393492209959;5;0;true
AN01607-12;gid://shopify/ProductVariant/46393492242727;5;0;true
AN01607-13;gid://shopify/ProductVariant/46393492275495;5;0;true
AN01607-14;gid://shopify/ProductVariant/46393492308263;5;0;true
AN01607-15;gid://shopify/ProductVariant/46393492341031;5;0;true
AN01607-16;gid://shopify/ProductVariant/46393492373799;5;0;true
AN01607-17;gid://shopify/ProductVariant/46393492406567;5;0;true
AN01607-18;gid://shopify/ProductVariant/46393492439335;5;0;true
AN01607-19;gid://shopify/ProductVariant/46393492472103;5;0;true
AN01607-20;gid://shopify/ProductVariant/46393492504871;5;0;true
AN01607-21;gid://shopify/ProductVariant/46393492537639;5;0;true
AN01607-22;gid://shopify/ProductVariant/46393492570407;5;0;true
AN01608-10;gid://shopify/ProductVariant/46393493094695;5;0;true
AN01608-11;gid://shopify/ProductVariant/46393493127463;5;0;true
AN01608-12;gid://shopify/ProductVariant/46393493160231;5;0;true
AN01608-13;gid://shopify/ProductVariant/46393493192999;5;0;true
AN01608-14;gid://shopify/ProductVariant/46393493225767;5;0;true
AN01608-15;gid://shopify/ProductVariant/46393493258535;5;0;true
AN01608-16;gid://shopify/ProductVariant/46393493291303;5;0;true
AN01608-17;gid://shopify/ProductVariant/46393493324071;5;0;true
AN01608-18;gid://shopify/ProductVariant/46393493356839;5;0;true
AN01608-19;gid://shopify/ProductVariant/46393493389607;5;0;true
AN01608-20;gid://shopify/ProductVariant/46393493422375;5;0;true
AN01608-21;gid://shopify/ProductVariant/46393493455143;5;0;true
AN01608-22;gid://shopify/ProductVariant/46393493487911;5;0;true
AN01609-10;gid://shopify/ProductVariant/46393493717287;5;0;true
AN01609-11;gid://shopify/ProductVariant/46393493750055;5;0;true
AN01609-12;gid://shopify/ProductVariant/46393493782823;5;0;true
AN01609-13;gid://shopify/ProductVariant/46393493815591;5;0;true
AN01609-14;gid://shopify/ProductVariant/46393493848359;5;0;true
AN01609-15;gid://shopify/ProductVariant/46393493881127;5;0;true
AN01609-16;gid://shopify/ProductVariant/46393493913895;5;0;true
AN01609-17;gid://shopify/ProductVariant/46393493946663;5;0;true
AN01609-18;gid://shopify/ProductVariant/46393493979431;5;0;true
AN01609-19;gid://shopify/ProductVariant/46393494012199;5;0;true
AN01609-20;gid://shopify/ProductVariant/46393494044967;5;0;true
AN01609-21;gid://shopify/ProductVariant/46393494077735;5;0;true
AN01609-22;gid://shopify/ProductVariant/46393494110503;5;0;true
AN01610-10;gid://shopify/ProductVariant/46393494339879;5;0;true
AN01610-11;gid://shopify/ProductVariant/46393494372647;5;0;true
AN01610-12;gid://shopify/ProductVariant/46393494405415;5;0;true
AN01610-13;gid://shopify/ProductVariant/46393494438183;5;0;true
AN01610-14;gid://shopify/ProductVariant/46393494470951;5;0;true
AN01610-15;gid://shopify/ProductVariant/46393494503719;5;0;true
AN01610-16;gid://shopify/ProductVariant/46393494536487;5;0;true
AN01610-17;gid://shopify/ProductVariant/46393494569255;5;0;true
AN01610-18;gid://shopify/ProductVariant/46393494602023;5;0;true
AN01610-19;gid://shopify/ProductVariant/46393494634791;5;0;true
AN01610-20;gid://shopify/ProductVariant/46393494667559;5;0;true
AN01610-21;gid://shopify/ProductVariant/46393494700327;5;0;true
AN01610-22;gid://shopify/ProductVariant/46393494733095;5;0;true
AN01611-10;gid://shopify/ProductVariant/46393492635943;5;0;true
AN01611-11;gid://shopify/ProductVariant/46393492668711;5;0;true
AN01611-12;gid://shopify/ProductVariant/46393492701479;5;0;true
AN01611-13;gid://shopify/ProductVariant/46393492734247;5;0;true
AN01611-14;gid://shopify/ProductVariant/46393492767015;5;0;true
AN01611-15;gid://shopify/ProductVariant/46393492799783;5;0;true
AN01611-16;gid://shopify/ProductVariant/46393492832551;5;0;true
AN01611-17;gid://shopify/ProductVariant/46393492865319;5;0;true
AN01611-18;gid://shopify/ProductVariant/46393492898087;5;0;true
AN01611-19;gid://shopify/ProductVariant/46393492930855;5;0;true
AN01611-20;gid://shopify/ProductVariant/46393492963623;5;0;true
AN01611-21;gid://shopify/ProductVariant/46393492996391;5;0;true
AN01611-22;gid://shopify/ProductVariant/46393493029159;5;0;true
AN01723-10;gid://shopify/ProductVariant/46965633843495;5;0;true
AN01723-11;gid://shopify/ProductVariant/46965633876263;5;0;true
AN01723-12;gid://shopify/ProductVariant/46965633909031;5;0;true
AN01723-13;gid://shopify/ProductVariant/46965633941799;5;0;true
AN01723-14;gid://shopify/ProductVariant/46965634007335;5;0;true
AN01723-15;gid://shopify/ProductVariant/46965634040103;5;0;true
AN01723-16;gid://shopify/ProductVariant/46965634072871;5;0;true
AN01723-17;gid://shopify/ProductVariant/46965634105639;5;0;true
AN01723-18;gid://shopify/ProductVariant/46965634138407;5;0;true
AN01723-19;gid://shopify/ProductVariant/46965634171175;5;0;true
AN01723-20;gid://shopify/ProductVariant/46965634203943;5;0;true
AN01723-21;gid://shopify/ProductVariant/46965634236711;5;0;true
AN01723-22;gid://shopify/ProductVariant/46965634269479;5;0;true
AN01724-10;gid://shopify/ProductVariant/46393518719271;5;0;true
AN01724-11;gid://shopify/ProductVariant/46393518752039;5;0;true
AN01724-12;gid://shopify/ProductVariant/46393518784807;5;0;true
AN01724-13;gid://shopify/ProductVariant/46393518817575;5;0;true
AN01724-14;gid://shopify/ProductVariant/46393518850343;5;0;true
AN01724-15;gid://shopify/ProductVariant/46393518883111;5;0;true
AN01724-16;gid://shopify/ProductVariant/46393518915879;5;0;true
AN01724-17;gid://shopify/ProductVariant/46393518948647;5;0;true
AN01724-18;gid://shopify/ProductVariant/46393518981415;5;0;true
AN01724-19;gid://shopify/ProductVariant/46393519014183;5;0;true
AN01724-20;gid://shopify/ProductVariant/46393519046951;5;0;true
AN01724-21;gid://shopify/ProductVariant/46393519079719;5;0;true
AN01724-22;gid://shopify/ProductVariant/46393519112487;5;0;true
AN01748-10;gid://shopify/ProductVariant/46393519178023;5;0;true
AN01748-11;gid://shopify/ProductVariant/46393519210791;5;0;true
AN01748-12;gid://shopify/ProductVariant/46393519243559;5;0;true
AN01748-13;gid://shopify/ProductVariant/46393519276327;5;0;true
AN01748-14;gid://shopify/ProductVariant/46393519309095;5;0;true
AN01748-15;gid://shopify/ProductVariant/46393519341863;5;0;true
AN01748-16;gid://shopify/ProductVariant/46393519374631;5;0;true
AN01748-17;gid://shopify/ProductVariant/46393519440167;5;0;true
AN01748-18;gid://shopify/ProductVariant/46393519472935;5;0;true
AN01748-19;gid://shopify/ProductVariant/46393519505703;5;0;true
AN01748-20;gid://shopify/ProductVariant/46393519538471;5;0;true
AN01748-21;gid://shopify/ProductVariant/46393519571239;5;0;true
AN01748-22;gid://shopify/ProductVariant/46393519604007;5;0;true
AN01749-10;gid://shopify/ProductVariant/46393519800615;5;0;true
AN01749-11;gid://shopify/ProductVariant/46393519833383;5;0;true
AN01749-12;gid://shopify/ProductVariant/46393519866151;5;0;true
AN01749-13;gid://shopify/ProductVariant/46393519898919;5;0;true
AN01749-14;gid://shopify/ProductVariant/46393519931687;5;0;true
AN01749-15;gid://shopify/ProductVariant/46393519964455;5;0;true
AN01749-16;gid://shopify/ProductVariant/46393519997223;5;0;true
AN01749-17;gid://shopify/ProductVariant/46393520029991;5;0;true
AN01749-18;gid://shopify/ProductVariant/46393520062759;5;0;true
AN01749-19;gid://shopify/ProductVariant/46393520095527;5;0;true
AN01749-20;gid://shopify/ProductVariant/46393520128295;5;0;true
AN01749-21;gid://shopify/ProductVariant/46393520161063;5;0;true
AN01749-22;gid://shopify/ProductVariant/46393520193831;5;0;true
AN01794-10;gid://shopify/ProductVariant/46512700096807;0;0;false
AN01794-11;gid://shopify/ProductVariant/46512700129575;0;0;false
AN01794-12;gid://shopify/ProductVariant/46512700162343;0;0;false
AN01794-13;gid://shopify/ProductVariant/46512700195111;0;0;false
AN01794-14;gid://shopify/ProductVariant/46512700227879;0;0;false
AN01794-15;gid://shopify/ProductVariant/46512700260647;0;0;false
AN01794-16;gid://shopify/ProductVariant/46512700293415;0;0;false
AN01794-17;gid://shopify/ProductVariant/46512700326183;0;0;false
AN01794-18;gid://shopify/ProductVariant/46512700358951;0;0;false
AN01794-19;gid://shopify/ProductVariant/46512700391719;0;0;false
AN01794-20;gid://shopify/ProductVariant/46512700424487;0;0;false
AN01794-21;gid://shopify/ProductVariant/46512700457255;0;0;false
AN01794-22;gid://shopify/ProductVariant/46512700490023;0;0;false
AN01864-10;gid://shopify/ProductVariant/46393516065063;5;0;true
AN01864-11;gid://shopify/ProductVariant/46393516097831;5;0;true
AN01864-12;gid://shopify/ProductVariant/46393516130599;5;0;true
AN01864-13;gid://shopify/ProductVariant/46393516163367;5;0;true
AN01864-14;gid://shopify/ProductVariant/46393516196135;5;0;true
AN01864-15;gid://shopify/ProductVariant/46393516228903;5;0;true
AN01864-16;gid://shopify/ProductVariant/46393516261671;5;0;true
AN01864-17;gid://shopify/ProductVariant/46393516294439;5;0;true
AN01864-18;gid://shopify/ProductVariant/46393516327207;5;0;true
AN01864-19;gid://shopify/ProductVariant/46393516359975;5;0;true
AN01864-20;gid://shopify/ProductVariant/46393516392743;5;0;true
AN01864-21;gid://shopify/ProductVariant/46393516425511;5;0;true
AN01864-22;gid://shopify/ProductVariant/46393516458279;5;0;true
AN01865-10;gid://shopify/ProductVariant/46393520423207;5;0;true
AN01865-11;gid://shopify/ProductVariant/46393520455975;5;0;true
AN01865-12;gid://shopify/ProductVariant/46393520488743;5;0;true
AN01865-13;gid://shopify/ProductVariant/46393520521511;5;0;true
AN01865-14;gid://shopify/ProductVariant/46393520554279;5;0;true
AN01865-15;gid://shopify/ProductVariant/46393520587047;5;0;true
AN01865-16;gid://shopify/ProductVariant/46393520619815;5;0;true
AN01865-17;gid://shopify/ProductVariant/46393520652583;5;0;true
AN01865-18;gid://shopify/ProductVariant/46393520685351;5;0;true
AN01865-19;gid://shopify/ProductVariant/46393520718119;5;0;true
AN01865-20;gid://shopify/ProductVariant/46393520750887;5;0;true
AN01865-21;gid://shopify/ProductVariant/46393520783655;5;0;true
AN01865-22;gid://shopify/ProductVariant/46393520816423;5;0;true
AN01867-10;gid://shopify/ProductVariant/46393514197287;5;0;true
AN01867-11;gid://shopify/ProductVariant/46393514230055;5;0;true
AN01867-12;gid://shopify/ProductVariant/46393514262823;5;0;true
AN01867-13;gid://shopify/ProductVariant/46393514295591;5;0;true
AN01867-14;gid://shopify/ProductVariant/46393514328359;5;0;true
AN01867-15;gid://shopify/ProductVariant/46393514361127;5;0;true
AN01867-16;gid://shopify/ProductVariant/46393514393895;5;0;true
AN01867-17;gid://shopify/ProductVariant/46393514426663;5;0;true
AN01867-18;gid://shopify/ProductVariant/46393514459431;5;0;true
AN01867-19;gid://shopify/ProductVariant/46393514492199;5;0;true
AN01867-20;gid://shopify/ProductVariant/46393514524967;5;0;true
AN01867-21;gid://shopify/ProductVariant/46393514557735;5;0;true
AN01867-22;gid://shopify/ProductVariant/46393514590503;5;0;true
AN01868-10;gid://shopify/ProductVariant/46393514721575;5;0;true
AN01868-11;gid://shopify/ProductVariant/46393514754343;5;0;true
AN01868-12;gid://shopify/ProductVariant/46393514787111;5;0;true
AN01868-13;gid://shopify/ProductVariant/46393514819879;5;0;true
AN01868-14;gid://shopify/ProductVariant/46393514852647;5;0;true
AN01868-15;gid://shopify/ProductVariant/46393514885415;5;0;true
AN01868-16;gid://shopify/ProductVariant/46393514918183;5;0;true
AN01868-17;gid://shopify/ProductVariant/46393514950951;5;0;true
AN01868-18;gid://shopify/ProductVariant/46393514983719;5;0;true
AN01868-19;gid://shopify/ProductVariant/46393515016487;5;0;true
AN01868-20;gid://shopify/ProductVariant/46393515049255;5;0;true
AN01868-21;gid://shopify/ProductVariant/46393515082023;5;0;true
AN01868-22;gid://shopify/ProductVariant/46393515114791;5;0;true
AN01869-10;gid://shopify/ProductVariant/46393515180327;5;0;true
AN01869-11;gid://shopify/ProductVariant/46393515213095;5;0;true
AN01869-12;gid://shopify/ProductVariant/46393515245863;5;0;true
AN01869-13;gid://shopify/ProductVariant/46393515278631;5;0;true
AN01869-14;gid://shopify/ProductVariant/46393515311399;5;0;true
AN01869-15;gid://shopify/ProductVariant/46393515344167;5;0;true
AN01869-16;gid://shopify/ProductVariant/46393515376935;5;0;true
AN01869-17;gid://shopify/ProductVariant/46393515409703;5;0;true
AN01869-18;gid://shopify/ProductVariant/46393515442471;5;0;true
AN01869-19;gid://shopify/ProductVariant/46393515475239;5;0;true
AN01869-20;gid://shopify/ProductVariant/46393515508007;5;0;true
AN01869-21;gid://shopify/ProductVariant/46393515540775;5;0;true
AN01869-22;gid://shopify/ProductVariant/46393515573543;5;0;true
AN01870-10;gid://shopify/ProductVariant/46393517441319;5;0;true
AN01870-11;gid://shopify/ProductVariant/46393517474087;5;0;true
AN01870-12;gid://shopify/ProductVariant/46393517506855;5;0;true
AN01870-13;gid://shopify/ProductVariant/46393517539623;5;0;true
AN01870-14;gid://shopify/ProductVariant/46393517572391;5;0;true
AN01870-15;gid://shopify/ProductVariant/46393517605159;5;0;true
AN01870-16;gid://shopify/ProductVariant/46393517637927;5;0;true
AN01870-17;gid://shopify/ProductVariant/46393517670695;5;0;true
AN01870-18;gid://shopify/ProductVariant/46393517703463;5;0;true
AN01870-19;gid://shopify/ProductVariant/46393517736231;5;0;true
AN01870-20;gid://shopify/ProductVariant/46393517768999;5;0;true
AN01870-21;gid://shopify/ProductVariant/46393517801767;5;0;true
AN01870-22;gid://shopify/ProductVariant/46393517834535;5;0;true
AN01878-10;gid://shopify/ProductVariant/46965631877415;0;0;false
AN01878-11;gid://shopify/ProductVariant/46965631910183;0;0;false
AN01878-12;gid://shopify/ProductVariant/46965631942951;0;0;false
AN01878-13;gid://shopify/ProductVariant/46965631975719;0;0;false
AN01878-14;gid://shopify/ProductVariant/46965632008487;0;0;false
AN01878-15;gid://shopify/ProductVariant/46965632041255;0;0;false
AN01878-16;gid://shopify/ProductVariant/46965632074023;0;0;false
AN01878-17;gid://shopify/ProductVariant/46965632106791;0;0;false
AN01878-18;gid://shopify/ProductVariant/46965632139559;0;0;false
AN01878-19;gid://shopify/ProductVariant/46965632172327;0;0;false
AN01878-20;gid://shopify/ProductVariant/46965632205095;0;0;false
AN01878-21;gid://shopify/ProductVariant/46965632237863;0;0;false
AN01878-22;gid://shopify/ProductVariant/46965632270631;0;0;false
AN01890-10;gid://shopify/ProductVariant/46393515639079;5;0;true
AN01890-11;gid://shopify/ProductVariant/46393515671847;5;0;true
AN01890-12;gid://shopify/ProductVariant/46393515704615;5;0;true
AN01890-13;gid://shopify/ProductVariant/46393515737383;5;0;true
AN01890-14;gid://shopify/ProductVariant/46393515770151;5;0;true
AN01890-15;gid://shopify/ProductVariant/46393515802919;5;0;true
AN01890-16;gid://shopify/ProductVariant/46393515835687;5;0;true
AN01890-17;gid://shopify/ProductVariant/46393515868455;5;0;true
AN01890-18;gid://shopify/ProductVariant/46393515901223;5;0;true
AN01890-19;gid://shopify/ProductVariant/46393515933991;5;0;true
AN01890-20;gid://shopify/ProductVariant/46393515966759;5;0;true
AN01890-21;gid://shopify/ProductVariant/46393515999527;5;0;true
AN01890-22;gid://shopify/ProductVariant/46393516032295;5;0;true
AN02038-10;gid://shopify/ProductVariant/46393521013031;5;0;true
AN02038-11;gid://shopify/ProductVariant/46393521045799;5;0;true
AN02038-12;gid://shopify/ProductVariant/46393521078567;5;0;true
AN02038-13;gid://shopify/ProductVariant/46393521144103;5;0;true
AN02038-14;gid://shopify/ProductVariant/46393521176871;5;0;true
AN02038-15;gid://shopify/ProductVariant/46393521209639;5;0;true
AN02038-16;gid://shopify/ProductVariant/46393521242407;5;0;true
AN02038-17;gid://shopify/ProductVariant/46393521275175;5;0;true
AN02038-18;gid://shopify/ProductVariant/46393521307943;5;0;true
AN02038-19;gid://shopify/ProductVariant/46393521340711;5;0;true
AN02038-20;gid://shopify/ProductVariant/46393521373479;5;0;true
AN02038-21;gid://shopify/ProductVariant/46393521406247;5;0;true
AN02038-22;gid://shopify/ProductVariant/46393521439015;5;0;true
AN02055-10;gid://shopify/ProductVariant/46506765549863;0;0;false
AN02055-11;gid://shopify/ProductVariant/46506765582631;0;0;false
AN02055-12;gid://shopify/ProductVariant/46506765615399;0;0;false
AN02055-13;gid://shopify/ProductVariant/46506765648167;0;0;false
AN02055-14;gid://shopify/ProductVariant/46506765680935;0;0;false
AN02055-15;gid://shopify/ProductVariant/46506765713703;0;0;false
AN02055-16;gid://shopify/ProductVariant/46506765746471;0;0;false
AN02055-17;gid://shopify/ProductVariant/46506765779239;0;0;false
AN02055-18;gid://shopify/ProductVariant/46506765812007;0;0;false
AN02055-19;gid://shopify/ProductVariant/46506765844775;0;0;false
AN02055-20;gid://shopify/ProductVariant/46506765877543;0;0;false
AN02055-21;gid://shopify/ProductVariant/46506765910311;0;0;false
AN02055-22;gid://shopify/ProductVariant/46506765943079;0;0;false
AN02242-10;gid://shopify/ProductVariant/46506765975847;0;0;false
AN02242-11;gid://shopify/ProductVariant/46506766008615;0;0;false
AN02242-12;gid://shopify/ProductVariant/46506766041383;0;0;false
AN02242-13;gid://shopify/ProductVariant/46506766074151;0;0;false
AN02242-14;gid://shopify/ProductVariant/46506766106919;0;0;false
AN02242-15;gid://shopify/ProductVariant/46506766139687;0;0;false
AN02242-16;gid://shopify/ProductVariant/46506766172455;0;0;false
AN02242-17;gid://shopify/ProductVariant/46506766205223;0;0;false
AN02242-18;gid://shopify/ProductVariant/46506766237991;0;0;false
AN02242-19;gid://shopify/ProductVariant/46506766270759;0;0;false
AN02242-20;gid://shopify/ProductVariant/46506766303527;0;0;false
AN02242-21;gid://shopify/ProductVariant/46506766336295;0;0;false
AN02242-22;gid://shopify/ProductVariant/46506766369063;0;0;false
AN02276-10;gid://shopify/ProductVariant/46393513738535;5;0;true
AN02276-11;gid://shopify/ProductVariant/46393513771303;5;0;true
AN02276-12;gid://shopify/ProductVariant/46393513804071;5;0;true
AN02276-13;gid://shopify/ProductVariant/46393513836839;5;0;true
AN02276-14;gid://shopify/ProductVariant/46393513869607;5;0;true
AN02276-15;gid://shopify/ProductVariant/46393513902375;5;0;true
AN02276-16;gid://shopify/ProductVariant/46393513935143;5;0;true
AN02276-17;gid://shopify/ProductVariant/46393513967911;5;0;true
AN02276-18;gid://shopify/ProductVariant/46393514000679;5;0;true
AN02276-19;gid://shopify/ProductVariant/46393514033447;5;0;true
AN02276-20;gid://shopify/ProductVariant/46393514066215;5;0;true
AN02276-21;gid://shopify/ProductVariant/46393514098983;5;0;true
AN02276-22;gid://shopify/ProductVariant/46393514131751;5;0;true
AN02299-10;gid://shopify/ProductVariant/46393517867303;0;0;false
AN02299-11;gid://shopify/ProductVariant/46393517900071;0;0;false
AN02299-12;gid://shopify/ProductVariant/46393517932839;0;0;false
AN02299-13;gid://shopify/ProductVariant/46393517965607;0;0;false
AN02299-14;gid://shopify/ProductVariant/46393517998375;0;0;false
AN02299-15;gid://shopify/ProductVariant/46393518031143;0;0;false
AN02299-16;gid://shopify/ProductVariant/46393518063911;0;0;false
AN02299-17;gid://shopify/ProductVariant/46393518096679;0;0;false
AN02299-18;gid://shopify/ProductVariant/46393518129447;0;0;false
AN02299-19;gid://shopify/ProductVariant/46393518162215;0;0;false
AN02299-20;gid://shopify/ProductVariant/46393518194983;0;0;false
AN02299-21;gid://shopify/ProductVariant/46393518227751;0;0;false
AN02299-22;gid://shopify/ProductVariant/46393518260519;0;0;false
AN02300-10;gid://shopify/ProductVariant/46393518293287;0;0;false
AN02300-11;gid://shopify/ProductVariant/46393518326055;0;0;false
AN02300-12;gid://shopify/ProductVariant/46393518358823;0;0;false
AN02300-13;gid://shopify/ProductVariant/46393518391591;0;0;false
AN02300-14;gid://shopify/ProductVariant/46393518424359;0;0;false
AN02300-15;gid://shopify/ProductVariant/46393518457127;0;0;false
AN02300-16;gid://shopify/ProductVariant/46393518489895;0;0;false
AN02300-17;gid://shopify/ProductVariant/46393518522663;0;0;false
AN02300-18;gid://shopify/ProductVariant/46393518555431;0;0;false
AN02300-19;gid://shopify/ProductVariant/46393518588199;0;0;false
AN02300-20;gid://shopify/ProductVariant/46393518620967;0;0;false
AN02300-21;gid://shopify/ProductVariant/46393518653735;0;0;false
AN02300-22;gid://shopify/ProductVariant/46393518686503;0;0;false
AN02445-10;gid://shopify/ProductVariant/46393480151335;5;0;true
AN02445-11;gid://shopify/ProductVariant/46393480184103;5;0;true
AN02445-12;gid://shopify/ProductVariant/46393480216871;5;0;true
AN02445-13;gid://shopify/ProductVariant/46393480249639;5;0;true
AN02445-14;gid://shopify/ProductVariant/46393480282407;5;0;true
AN02445-15;gid://shopify/ProductVariant/46393480315175;5;0;true
AN02445-16;gid://shopify/ProductVariant/46393480347943;5;0;true
AN02445-17;gid://shopify/ProductVariant/46393480380711;5;0;true
AN02445-18;gid://shopify/ProductVariant/46393480413479;5;0;true
AN02445-19;gid://shopify/ProductVariant/46393480446247;5;0;true
AN02445-20;gid://shopify/ProductVariant/46393480479015;5;0;true
AN02445-21;gid://shopify/ProductVariant/46393480511783;5;0;true
AN02445-22;gid://shopify/ProductVariant/46393480544551;5;0;true
AN02446-10;gid://shopify/ProductVariant/46393481330983;5;0;true
AN02446-11;gid://shopify/ProductVariant/46393481363751;5;0;true
AN02446-12;gid://shopify/ProductVariant/46393481396519;5;0;true
AN02446-13;gid://shopify/ProductVariant/46393481429287;5;0;true
AN02446-14;gid://shopify/ProductVariant/46393481462055;5;0;true
AN02446-15;gid://shopify/ProductVariant/46393481494823;5;0;true
AN02446-16;gid://shopify/ProductVariant/46393481527591;5;0;true
AN02446-17;gid://shopify/ProductVariant/46393481560359;5;0;true
AN02446-18;gid://shopify/ProductVariant/46393481593127;5;0;true
AN02446-19;gid://shopify/ProductVariant/46393481625895;5;0;true
AN02446-20;gid://shopify/ProductVariant/46393481658663;5;0;true
AN02446-21;gid://shopify/ProductVariant/46393481691431;5;0;true
AN02446-22;gid://shopify/ProductVariant/46393481724199;5;0;true
AN02473-10;gid://shopify/ProductVariant/46509280264487;0;0;false
AN02473-11;gid://shopify/ProductVariant/46509280297255;0;0;false
AN02473-12;gid://shopify/ProductVariant/46509280330023;0;0;false
AN02473-13;gid://shopify/ProductVariant/46509280362791;0;0;false
AN02473-14;gid://shopify/ProductVariant/46509280395559;0;0;false
AN02473-15;gid://shopify/ProductVariant/46509280428327;0;0;false
AN02473-16;gid://shopify/ProductVariant/46509280461095;0;0;false
AN02473-17;gid://shopify/ProductVariant/46509280493863;0;0;false
AN02473-18;gid://shopify/ProductVariant/46509280526631;0;0;false
AN02473-19;gid://shopify/ProductVariant/46509280559399;0;0;false
AN02473-20;gid://shopify/ProductVariant/46509280592167;0;0;false
AN02473-21;gid://shopify/ProductVariant/46509280624935;0;0;false
AN02473-22;gid://shopify/ProductVariant/46509280657703;0;0;false
AN02482-10;gid://shopify/ProductVariant/46393436569895;5;0;true
AN02482-11;gid://shopify/ProductVariant/46393436602663;5;0;true
AN02482-12;gid://shopify/ProductVariant/46393436635431;5;0;true
AN02482-13;gid://shopify/ProductVariant/46393436668199;5;0;true
AN02482-14;gid://shopify/ProductVariant/46393436700967;5;0;true
AN02482-15;gid://shopify/ProductVariant/46393436733735;5;0;true
AN02482-16;gid://shopify/ProductVariant/46393436766503;5;0;true
AN02482-17;gid://shopify/ProductVariant/46393436799271;5;0;true
AN02482-18;gid://shopify/ProductVariant/46393436832039;5;0;true
AN02482-19;gid://shopify/ProductVariant/46393436864807;5;0;true
AN02482-20;gid://shopify/ProductVariant/46393436897575;5;0;true
AN02482-21;gid://shopify/ProductVariant/46393436930343;5;0;true
AN02482-22;gid://shopify/ProductVariant/46393436963111;5;0;true
AN02483-10;gid://shopify/ProductVariant/46393437749543;5;0;true
AN02483-11;gid://shopify/ProductVariant/46393437782311;5;0;true
AN02483-12;gid://shopify/ProductVariant/46393437815079;5;0;true
AN02483-13;gid://shopify/ProductVariant/46393437847847;5;0;true
AN02483-14;gid://shopify/ProductVariant/46393437880615;5;0;true
AN02483-15;gid://shopify/ProductVariant/46393437913383;5;0;true
AN02483-16;gid://shopify/ProductVariant/46393437946151;5;0;true
AN02483-17;gid://shopify/ProductVariant/46393437978919;5;0;true
AN02483-18;gid://shopify/ProductVariant/46393438011687;5;0;true
AN02483-19;gid://shopify/ProductVariant/46393438044455;5;0;true
AN02483-20;gid://shopify/ProductVariant/46393438077223;5;0;true
AN02483-21;gid://shopify/ProductVariant/46393438109991;5;0;true
AN02483-22;gid://shopify/ProductVariant/46393438142759;5;0;true
AN02505-10;gid://shopify/ProductVariant/46393495879975;0;5;true
AN02505-11;gid://shopify/ProductVariant/46393495912743;0;5;true
AN02505-12;gid://shopify/ProductVariant/46393495945511;0;5;true
AN02505-13;gid://shopify/ProductVariant/46393495978279;0;5;true
AN02505-14;gid://shopify/ProductVariant/46393496011047;0;5;true
AN02505-15;gid://shopify/ProductVariant/46393496043815;0;5;true
AN02505-16;gid://shopify/ProductVariant/46393496076583;0;5;true
AN02505-17;gid://shopify/ProductVariant/46393496109351;0;5;true
AN02505-18;gid://shopify/ProductVariant/46393496142119;0;5;true
AN02505-19;gid://shopify/ProductVariant/46393496174887;0;5;true
AN02505-20;gid://shopify/ProductVariant/46393496207655;0;5;true
AN02505-21;gid://shopify/ProductVariant/46393496240423;0;5;true
AN02505-22;gid://shopify/ProductVariant/46393496273191;0;5;true
AN02506-10;gid://shopify/ProductVariant/46393495159079;0;5;true
AN02506-11;gid://shopify/ProductVariant/46393495191847;0;5;true
AN02506-12;gid://shopify/ProductVariant/46393495224615;0;5;true
AN02506-13;gid://shopify/ProductVariant/46393495257383;0;5;true
AN02506-14;gid://shopify/ProductVariant/46393495290151;0;5;true
AN02506-15;gid://shopify/ProductVariant/46393495322919;0;5;true
AN02506-16;gid://shopify/ProductVariant/46393495355687;0;5;true
AN02506-17;gid://shopify/ProductVariant/46393495388455;0;5;true
AN02506-18;gid://shopify/ProductVariant/46393495421223;0;5;true
AN02506-19;gid://shopify/ProductVariant/46393495453991;0;5;true
AN02506-20;gid://shopify/ProductVariant/46393495486759;0;5;true
AN02506-21;gid://shopify/ProductVariant/46393495519527;0;5;true
AN02506-22;gid://shopify/ProductVariant/46393495552295;0;5;true
AN02524-10;gid://shopify/ProductVariant/46509281280295;0;0;false
AN02524-11;gid://shopify/ProductVariant/46509281313063;0;0;false
AN02524-12;gid://shopify/ProductVariant/46509281345831;0;0;false
AN02524-13;gid://shopify/ProductVariant/46509281378599;0;0;false
AN02524-14;gid://shopify/ProductVariant/46509281411367;0;0;false
AN02524-15;gid://shopify/ProductVariant/46509281444135;0;0;false
AN02524-16;gid://shopify/ProductVariant/46509281476903;0;0;false
AN02524-17;gid://shopify/ProductVariant/46509281509671;0;0;false
AN02524-18;gid://shopify/ProductVariant/46509281542439;0;0;false
AN02524-19;gid://shopify/ProductVariant/46509281575207;0;0;false
AN02524-20;gid://shopify/ProductVariant/46509281607975;0;0;false
AN02524-21;gid://shopify/ProductVariant/46509281640743;0;0;false
AN02524-22;gid://shopify/ProductVariant/46509281673511;0;0;false
AN02702-10;gid://shopify/ProductVariant/46506764697895;5;0;true
AN02702-11;gid://shopify/ProductVariant/46506764730663;5;0;true
AN02702-12;gid://shopify/ProductVariant/46506764763431;5;0;true
AN02702-13;gid://shopify/ProductVariant/46506764796199;5;0;true
AN02702-14;gid://shopify/ProductVariant/46506764828967;5;0;true
AN02702-15;gid://shopify/ProductVariant/46506764861735;5;0;true
AN02702-16;gid://shopify/ProductVariant/46506764894503;5;0;true
AN02702-17;gid://shopify/ProductVariant/46506764927271;5;0;true
AN02702-18;gid://shopify/ProductVariant/46506764960039;5;0;true
AN02702-19;gid://shopify/ProductVariant/46506764992807;5;0;true
AN02702-20;gid://shopify/ProductVariant/46506765025575;5;0;true
AN02702-21;gid://shopify/ProductVariant/46506765058343;5;0;true
AN02702-22;gid://shopify/ProductVariant/46506765091111;5;0;true
AN02752-10;gid://shopify/ProductVariant/46509282033959;0;0;false
AN02752-11;gid://shopify/ProductVariant/46509282066727;0;0;false
AN02752-12;gid://shopify/ProductVariant/46509282099495;0;0;false
AN02752-13;gid://shopify/ProductVariant/46509282132263;0;0;false
AN02752-14;gid://shopify/ProductVariant/46509282165031;0;0;false
AN02752-15;gid://shopify/ProductVariant/46509282197799;0;0;false
AN02752-16;gid://shopify/ProductVariant/46509282230567;0;0;false
AN02752-17;gid://shopify/ProductVariant/46509282263335;0;0;false
AN02752-18;gid://shopify/ProductVariant/46509282296103;0;0;false
AN02752-19;gid://shopify/ProductVariant/46509282328871;0;0;false
AN02752-20;gid://shopify/ProductVariant/46509282361639;0;0;false
AN02752-21;gid://shopify/ProductVariant/46509282394407;0;0;false
AN02752-22;gid://shopify/ProductVariant/46509282427175;0;0;false
AN02785-10;gid://shopify/ProductVariant/46393527206183;0;0;false
AN02785-11;gid://shopify/ProductVariant/46393527238951;0;0;false
AN02785-12;gid://shopify/ProductVariant/46393527271719;0;0;false
AN02785-13;gid://shopify/ProductVariant/46393527304487;0;0;false
AN02785-14;gid://shopify/ProductVariant/46393527337255;0;0;false
AN02785-15;gid://shopify/ProductVariant/46393527370023;0;0;false
AN02785-16;gid://shopify/ProductVariant/46393527402791;0;0;false
AN02785-17;gid://shopify/ProductVariant/46393527435559;0;0;false
AN02785-18;gid://shopify/ProductVariant/46393527468327;0;0;false
AN02785-19;gid://shopify/ProductVariant/46393527501095;0;0;false
AN02785-20;gid://shopify/ProductVariant/46393527533863;0;0;false
AN02785-21;gid://shopify/ProductVariant/46393527566631;0;0;false
AN02785-22;gid://shopify/ProductVariant/46393527599399;0;0;false
AN02803-10;gid://shopify/ProductVariant/46509297303847;0;0;false
AN02803-11;gid://shopify/ProductVariant/46509297336615;0;0;false
AN02803-12;gid://shopify/ProductVariant/46509297369383;0;0;false
AN02803-13;gid://shopify/ProductVariant/46509297402151;0;0;false
AN02803-14;gid://shopify/ProductVariant/46509297434919;0;0;false
AN02803-15;gid://shopify/ProductVariant/46509297467687;0;0;false
AN02803-16;gid://shopify/ProductVariant/46509297500455;0;0;false
AN02803-17;gid://shopify/ProductVariant/46509297533223;0;0;false
AN02803-18;gid://shopify/ProductVariant/46509297565991;0;0;false
AN02803-19;gid://shopify/ProductVariant/46509297598759;0;0;false
AN02803-20;gid://shopify/ProductVariant/46509297631527;0;0;false
AN02803-21;gid://shopify/ProductVariant/46509297664295;0;0;false
AN02803-22;gid://shopify/ProductVariant/46509297697063;0;0;false
AN02815-10;gid://shopify/ProductVariant/46393488146727;5;0;true
AN02815-11;gid://shopify/ProductVariant/46393488179495;5;0;true
AN02815-12;gid://shopify/ProductVariant/46393488212263;5;0;true
AN02815-13;gid://shopify/ProductVariant/46393488245031;5;0;true
AN02815-14;gid://shopify/ProductVariant/46393488277799;5;0;true
AN02815-15;gid://shopify/ProductVariant/46393488310567;5;0;true
AN02815-16;gid://shopify/ProductVariant/46393488343335;5;0;true
AN02815-17;gid://shopify/ProductVariant/46393488376103;5;0;true
AN02815-18;gid://shopify/ProductVariant/46393488408871;5;0;true
AN02815-19;gid://shopify/ProductVariant/46393488441639;5;0;true
AN02815-20;gid://shopify/ProductVariant/46393488474407;5;0;true
AN02815-21;gid://shopify/ProductVariant/46393488507175;5;0;true
AN02815-22;gid://shopify/ProductVariant/46393488539943;5;0;true
AN02817-10;gid://shopify/ProductVariant/46393537691943;0;0;false
AN02817-11;gid://shopify/ProductVariant/46393537724711;0;0;false
AN02817-12;gid://shopify/ProductVariant/46393537757479;0;0;false
AN02817-13;gid://shopify/ProductVariant/46393537790247;0;0;false
AN02817-14;gid://shopify/ProductVariant/46393537823015;0;0;false
AN02817-15;gid://shopify/ProductVariant/46393537855783;0;0;false
AN02817-16;gid://shopify/ProductVariant/46393537888551;0;0;false
AN02817-17;gid://shopify/ProductVariant/46393537921319;0;0;false
AN02817-18;gid://shopify/ProductVariant/46393537954087;0;0;false
AN02817-19;gid://shopify/ProductVariant/46393537986855;0;0;false
AN02817-20;gid://shopify/ProductVariant/46393538019623;0;0;false
AN02817-21;gid://shopify/ProductVariant/46393538052391;0;0;false
AN02817-22;gid://shopify/ProductVariant/46393538085159;0;0;false
AN02823-10;gid://shopify/ProductVariant/46393487130919;0;0;false
AN02823-11;gid://shopify/ProductVariant/46393487163687;0;0;false
AN02823-12;gid://shopify/ProductVariant/46393487196455;0;0;false
AN02823-13;gid://shopify/ProductVariant/46393487229223;0;0;false
AN02823-14;gid://shopify/ProductVariant/46393487261991;0;0;false
AN02823-15;gid://shopify/ProductVariant/46393487294759;0;0;false
AN02823-16;gid://shopify/ProductVariant/46393487327527;0;0;false
AN02823-17;gid://shopify/ProductVariant/46393487360295;0;0;false
AN02823-18;gid://shopify/ProductVariant/46393487393063;0;0;false
AN02823-19;gid://shopify/ProductVariant/46393487425831;0;0;false
AN02823-20;gid://shopify/ProductVariant/46393487458599;0;0;false
AN02823-21;gid://shopify/ProductVariant/46393487491367;0;0;false
AN02823-22;gid://shopify/ProductVariant/46393487524135;0;0;false
AN02824-10;gid://shopify/ProductVariant/46393487687975;5;0;true
AN02824-11;gid://shopify/ProductVariant/46393487720743;5;0;true
AN02824-12;gid://shopify/ProductVariant/46393487753511;5;0;true
AN02824-13;gid://shopify/ProductVariant/46393487786279;5;0;true
AN02824-14;gid://shopify/ProductVariant/46393487819047;5;0;true
AN02824-15;gid://shopify/ProductVariant/46393487851815;5;0;true
AN02824-16;gid://shopify/ProductVariant/46393487884583;5;0;true
AN02824-17;gid://shopify/ProductVariant/46393487917351;5;0;true
AN02824-18;gid://shopify/ProductVariant/46393487950119;5;0;true
AN02824-19;gid://shopify/ProductVariant/46393487982887;5;0;true
AN02824-20;gid://shopify/ProductVariant/46393488015655;5;0;true
AN02824-21;gid://shopify/ProductVariant/46393488048423;5;0;true
AN02824-22;gid://shopify/ProductVariant/46393488081191;5;0;true
AN02859-10;gid://shopify/ProductVariant/46393538117927;0;0;false
AN02859-11;gid://shopify/ProductVariant/46393538150695;0;0;false
AN02859-12;gid://shopify/ProductVariant/46393538183463;0;0;false
AN02859-13;gid://shopify/ProductVariant/46393538216231;0;0;false
AN02859-14;gid://shopify/ProductVariant/46393538248999;0;0;false
AN02859-15;gid://shopify/ProductVariant/46393538281767;0;0;false
AN02859-16;gid://shopify/ProductVariant/46393538314535;0;0;false
AN02859-17;gid://shopify/ProductVariant/46393538347303;0;0;false
AN02859-18;gid://shopify/ProductVariant/46393538380071;0;0;false
AN02859-19;gid://shopify/ProductVariant/46393538412839;0;0;false
AN02859-20;gid://shopify/ProductVariant/46393538445607;0;0;false
AN02859-21;gid://shopify/ProductVariant/46393538478375;0;0;false
AN02859-22;gid://shopify/ProductVariant/46393538511143;0;0;false
AN02935-10;gid://shopify/ProductVariant/46393488769319;0;0;false
AN02935-11;gid://shopify/ProductVariant/46393488802087;0;0;false
AN02935-12;gid://shopify/ProductVariant/46393488834855;0;0;false
AN02935-13;gid://shopify/ProductVariant/46393488867623;0;0;false
AN02935-14;gid://shopify/ProductVariant/46393488900391;0;0;false
AN02935-15;gid://shopify/ProductVariant/46393488933159;0;0;false
AN02935-16;gid://shopify/ProductVariant/46393488965927;0;0;false
AN02935-17;gid://shopify/ProductVariant/46393488998695;0;0;false
AN02935-18;gid://shopify/ProductVariant/46393489031463;0;0;false
AN02935-19;gid://shopify/ProductVariant/46393489064231;0;0;false
AN02935-20;gid://shopify/ProductVariant/46393489096999;0;0;false
AN02935-21;gid://shopify/ProductVariant/46393489129767;0;0;false
AN02935-22;gid://shopify/ProductVariant/46393489162535;0;0;false
AN02936-10;gid://shopify/ProductVariant/46509300384039;0;0;false
AN02936-11;gid://shopify/ProductVariant/46509300416807;0;0;false
AN02936-12;gid://shopify/ProductVariant/46509300449575;0;0;false
AN02936-13;gid://shopify/ProductVariant/46509300482343;0;0;false
AN02936-14;gid://shopify/ProductVariant/46509300515111;0;0;false
AN02936-15;gid://shopify/ProductVariant/46509300547879;0;0;false
AN02936-16;gid://shopify/ProductVariant/46509300580647;0;0;false
AN02936-17;gid://shopify/ProductVariant/46509300613415;0;0;false
AN02936-18;gid://shopify/ProductVariant/46509300646183;0;0;false
AN02936-19;gid://shopify/ProductVariant/46509300678951;0;0;false
AN02936-20;gid://shopify/ProductVariant/46509300711719;0;0;false
AN02936-21;gid://shopify/ProductVariant/46509300744487;0;0;false
AN02936-22;gid://shopify/ProductVariant/46509300777255;0;0;false
AN02937-10;gid://shopify/ProductVariant/46512702292263;0;0;false
AN02937-11;gid://shopify/ProductVariant/46512702325031;0;0;false
AN02937-12;gid://shopify/ProductVariant/46512702357799;0;0;false
AN02937-13;gid://shopify/ProductVariant/46512702390567;0;0;false
AN02937-14;gid://shopify/ProductVariant/46512702423335;0;0;false
AN02937-15;gid://shopify/ProductVariant/46512702456103;0;0;false
AN02937-16;gid://shopify/ProductVariant/46512702488871;0;0;false
AN02937-17;gid://shopify/ProductVariant/46512702521639;0;0;false
AN02937-18;gid://shopify/ProductVariant/46512702554407;0;0;false
AN02937-19;gid://shopify/ProductVariant/46512702587175;0;0;false
AN02937-20;gid://shopify/ProductVariant/46512702619943;0;0;false
AN02937-21;gid://shopify/ProductVariant/46512702652711;0;0;false
AN02937-22;gid://shopify/ProductVariant/46512702685479;0;0;false
AN02943-10;gid://shopify/ProductVariant/46509284426023;0;0;false
AN02943-11;gid://shopify/ProductVariant/46509284458791;0;0;false
AN02943-12;gid://shopify/ProductVariant/46509284491559;0;0;false
AN02943-13;gid://shopify/ProductVariant/46509284524327;0;0;false
AN02943-14;gid://shopify/ProductVariant/46509284557095;0;0;false
AN02943-15;gid://shopify/ProductVariant/46509284589863;0;0;false
AN02943-16;gid://shopify/ProductVariant/46509284622631;0;0;false
AN02943-17;gid://shopify/ProductVariant/46509284655399;0;0;false
AN02943-18;gid://shopify/ProductVariant/46509284688167;0;0;false
AN02943-19;gid://shopify/ProductVariant/46509284720935;0;0;false
AN02943-20;gid://shopify/ProductVariant/46509284753703;0;0;false
AN02943-21;gid://shopify/ProductVariant/46509284786471;0;0;false
AN02943-22;gid://shopify/ProductVariant/46509284819239;0;0;false
AN02948-10;gid://shopify/ProductVariant/46393528615207;0;0;false
AN02948-11;gid://shopify/ProductVariant/46393528647975;0;0;false
AN02948-12;gid://shopify/ProductVariant/46393528680743;0;0;false
AN02948-13;gid://shopify/ProductVariant/46393528713511;0;0;false
AN02948-14;gid://shopify/ProductVariant/46393528746279;0;0;false
AN02948-15;gid://shopify/ProductVariant/46393528779047;0;0;false
AN02948-16;gid://shopify/ProductVariant/46393528811815;0;0;false
AN02948-17;gid://shopify/ProductVariant/46393528844583;0;0;false
AN02948-18;gid://shopify/ProductVariant/46393528877351;0;0;false
AN02948-19;gid://shopify/ProductVariant/46393528910119;0;0;false
AN02948-20;gid://shopify/ProductVariant/46393528942887;0;0;false
AN02948-21;gid://shopify/ProductVariant/46393528975655;0;0;false
AN02948-22;gid://shopify/ProductVariant/46393529008423;0;0;false
AN02949-10;gid://shopify/ProductVariant/46393437094183;5;0;true
AN02949-11;gid://shopify/ProductVariant/46393437126951;5;0;true
AN02949-12;gid://shopify/ProductVariant/46393437159719;5;0;true
AN02949-13;gid://shopify/ProductVariant/46393437192487;5;0;true
AN02949-14;gid://shopify/ProductVariant/46393437225255;5;0;true
AN02949-15;gid://shopify/ProductVariant/46393437258023;5;0;true
AN02949-16;gid://shopify/ProductVariant/46393437290791;5;0;true
AN02949-17;gid://shopify/ProductVariant/46393437323559;5;0;true
AN02949-18;gid://shopify/ProductVariant/46393437356327;5;0;true
AN02949-19;gid://shopify/ProductVariant/46393437389095;5;0;true
AN02949-20;gid://shopify/ProductVariant/46393437421863;5;0;true
AN02949-21;gid://shopify/ProductVariant/46393437454631;5;0;true
AN02949-22;gid://shopify/ProductVariant/46393437487399;5;0;true
AN03026-10;gid://shopify/ProductVariant/46393482543399;5;0;true
AN03026-11;gid://shopify/ProductVariant/46393482576167;5;0;true
AN03026-12;gid://shopify/ProductVariant/46393482608935;5;0;true
AN03026-13;gid://shopify/ProductVariant/46393482641703;5;0;true
AN03026-14;gid://shopify/ProductVariant/46393482674471;5;0;true
AN03026-15;gid://shopify/ProductVariant/46393482707239;5;0;true
AN03026-16;gid://shopify/ProductVariant/46393482740007;5;0;true
AN03026-17;gid://shopify/ProductVariant/46393482772775;5;0;true
AN03026-18;gid://shopify/ProductVariant/46393482805543;5;0;true
AN03026-19;gid://shopify/ProductVariant/46393482838311;5;0;true
AN03026-20;gid://shopify/ProductVariant/46393482871079;5;0;true
AN03026-21;gid://shopify/ProductVariant/46393482903847;5;0;true
AN03026-22;gid://shopify/ProductVariant/46393482936615;5;0;true
AN03027-10;gid://shopify/ProductVariant/46393484706087;0;0;false
AN03027-11;gid://shopify/ProductVariant/46393484738855;0;0;false
AN03027-12;gid://shopify/ProductVariant/46393484771623;0;0;false
AN03027-13;gid://shopify/ProductVariant/46393484804391;0;0;false
AN03027-14;gid://shopify/ProductVariant/46393484837159;0;0;false
AN03027-15;gid://shopify/ProductVariant/46393484869927;0;0;false
AN03027-16;gid://shopify/ProductVariant/46393484902695;0;0;false
AN03027-17;gid://shopify/ProductVariant/46393484935463;0;0;false
AN03027-18;gid://shopify/ProductVariant/46393484968231;0;0;false
AN03027-19;gid://shopify/ProductVariant/46393485000999;0;0;false
AN03027-20;gid://shopify/ProductVariant/46393485033767;0;0;false
AN03027-21;gid://shopify/ProductVariant/46393485066535;0;0;false
AN03027-22;gid://shopify/ProductVariant/46393485099303;0;0;false
AN03028-10;gid://shopify/ProductVariant/46393486541095;5;0;true
AN03028-11;gid://shopify/ProductVariant/46393486573863;5;0;true
AN03028-12;gid://shopify/ProductVariant/46393486606631;5;0;true
AN03028-13;gid://shopify/ProductVariant/46393486639399;5;0;true
AN03028-14;gid://shopify/ProductVariant/46393486672167;5;0;true
AN03028-15;gid://shopify/ProductVariant/46393486704935;5;0;true
AN03028-16;gid://shopify/ProductVariant/46393486737703;5;0;true
AN03028-17;gid://shopify/ProductVariant/46393486770471;5;0;true
AN03028-18;gid://shopify/ProductVariant/46393486803239;5;0;true
AN03028-19;gid://shopify/ProductVariant/46393486836007;5;0;true
AN03028-20;gid://shopify/ProductVariant/46393486868775;5;0;true
AN03028-21;gid://shopify/ProductVariant/46393486901543;5;0;true
AN03028-22;gid://shopify/ProductVariant/46393486934311;5;0;true
AN03029-10;gid://shopify/ProductVariant/46393485230375;5;0;true
AN03029-11;gid://shopify/ProductVariant/46393485263143;5;0;true
AN03029-12;gid://shopify/ProductVariant/46393485295911;5;0;true
AN03029-13;gid://shopify/ProductVariant/46393485328679;5;0;true
AN03029-14;gid://shopify/ProductVariant/46393485361447;5;0;true
AN03029-15;gid://shopify/ProductVariant/46393485394215;5;0;true
AN03029-16;gid://shopify/ProductVariant/46393485426983;5;0;true
AN03029-17;gid://shopify/ProductVariant/46393485459751;5;0;true
AN03029-18;gid://shopify/ProductVariant/46393485492519;5;0;true
AN03029-19;gid://shopify/ProductVariant/46393485525287;5;0;true
AN03029-20;gid://shopify/ProductVariant/46393485558055;5;0;true
AN03029-21;gid://shopify/ProductVariant/46393485590823;5;0;true
AN03029-22;gid://shopify/ProductVariant/46393485623591;5;0;true
AN03030-10;gid://shopify/ProductVariant/46393483297063;5;0;true
AN03030-11;gid://shopify/ProductVariant/46393483329831;5;0;true
AN03030-12;gid://shopify/ProductVariant/46393483362599;5;0;true
AN03030-13;gid://shopify/ProductVariant/46393483395367;5;0;true
AN03030-14;gid://shopify/ProductVariant/46393483428135;5;0;true
AN03030-15;gid://shopify/ProductVariant/46393483460903;5;0;true
AN03030-16;gid://shopify/ProductVariant/46393483493671;5;0;true
AN03030-17;gid://shopify/ProductVariant/46393483526439;5;0;true
AN03030-18;gid://shopify/ProductVariant/46393483559207;5;0;true
AN03030-19;gid://shopify/ProductVariant/46393483591975;5;0;true
AN03030-20;gid://shopify/ProductVariant/46393483624743;5;0;true
AN03030-21;gid://shopify/ProductVariant/46393483657511;5;0;true
AN03030-22;gid://shopify/ProductVariant/46393483690279;5;0;true
AN03031-10;gid://shopify/ProductVariant/46393486115111;5;0;true
AN03031-11;gid://shopify/ProductVariant/46393486147879;5;0;true
AN03031-12;gid://shopify/ProductVariant/46393486180647;5;0;true
AN03031-13;gid://shopify/ProductVariant/46393486213415;5;0;true
AN03031-14;gid://shopify/ProductVariant/46393486246183;5;0;true
AN03031-15;gid://shopify/ProductVariant/46393486278951;5;0;true
AN03031-16;gid://shopify/ProductVariant/46393486311719;5;0;true
AN03031-17;gid://shopify/ProductVariant/46393486344487;5;0;true
AN03031-18;gid://shopify/ProductVariant/46393486377255;5;0;true
AN03031-19;gid://shopify/ProductVariant/46393486410023;5;0;true
AN03031-20;gid://shopify/ProductVariant/46393486442791;5;0;true
AN03031-21;gid://shopify/ProductVariant/46393486475559;5;0;true
AN03031-22;gid://shopify/ProductVariant/46393486508327;5;0;true
AN03032-10;gid://shopify/ProductVariant/46393483821351;0;0;false
AN03032-11;gid://shopify/ProductVariant/46393483854119;0;0;false
AN03032-12;gid://shopify/ProductVariant/46393483886887;0;0;false
AN03032-13;gid://shopify/ProductVariant/46393483919655;0;0;false
AN03032-14;gid://shopify/ProductVariant/46393483952423;0;0;false
AN03032-15;gid://shopify/ProductVariant/46393483985191;0;0;false
AN03032-16;gid://shopify/ProductVariant/46393484017959;0;0;false
AN03032-17;gid://shopify/ProductVariant/46393484050727;0;0;false
AN03032-18;gid://shopify/ProductVariant/46393484083495;0;0;false
AN03032-19;gid://shopify/ProductVariant/46393484116263;0;0;false
AN03032-20;gid://shopify/ProductVariant/46393484149031;0;0;false
AN03032-21;gid://shopify/ProductVariant/46393484181799;0;0;false
AN03032-22;gid://shopify/ProductVariant/46393484214567;0;0;false
AN03033-10;gid://shopify/ProductVariant/46393484247335;5;0;true
AN03033-11;gid://shopify/ProductVariant/46393484280103;5;0;true
AN03033-12;gid://shopify/ProductVariant/46393484312871;5;0;true
AN03033-13;gid://shopify/ProductVariant/46393484345639;5;0;true
AN03033-14;gid://shopify/ProductVariant/46393484378407;5;0;true
AN03033-15;gid://shopify/ProductVariant/46393484411175;5;0;true
AN03033-16;gid://shopify/ProductVariant/46393484443943;5;0;true
AN03033-17;gid://shopify/ProductVariant/46393484476711;5;0;true
AN03033-18;gid://shopify/ProductVariant/46393484509479;5;0;true
AN03033-19;gid://shopify/ProductVariant/46393484542247;5;0;true
AN03033-20;gid://shopify/ProductVariant/46393484575015;5;0;true
AN03033-21;gid://shopify/ProductVariant/46393484607783;5;0;true
AN03033-22;gid://shopify/ProductVariant/46393484640551;5;0;true
AN03043-10;gid://shopify/ProductVariant/46509294846247;5;0;true
AN03043-11;gid://shopify/ProductVariant/46509294879015;5;0;true
AN03043-12;gid://shopify/ProductVariant/46509294911783;5;0;true
AN03043-13;gid://shopify/ProductVariant/46509294944551;5;0;true
AN03043-14;gid://shopify/ProductVariant/46509294977319;5;0;true
AN03043-15;gid://shopify/ProductVariant/46509295010087;5;0;true
AN03043-16;gid://shopify/ProductVariant/46509295042855;5;0;true
AN03043-17;gid://shopify/ProductVariant/46509295075623;5;0;true
AN03043-18;gid://shopify/ProductVariant/46509295108391;5;0;true
AN03043-19;gid://shopify/ProductVariant/46509295141159;5;0;true
AN03043-20;gid://shopify/ProductVariant/46509295173927;5;0;true
AN03043-21;gid://shopify/ProductVariant/46509295206695;5;0;true
AN03043-22;gid://shopify/ProductVariant/46509295239463;5;0;true
AN03046-10;gid://shopify/ProductVariant/46509292716327;5;0;true
AN03046-11;gid://shopify/ProductVariant/46509292749095;5;0;true
AN03046-12;gid://shopify/ProductVariant/46509292781863;5;0;true
AN03046-13;gid://shopify/ProductVariant/46509292814631;5;0;true
AN03046-14;gid://shopify/ProductVariant/46509292847399;5;0;true
AN03046-15;gid://shopify/ProductVariant/46509292880167;5;0;true
AN03046-16;gid://shopify/ProductVariant/46509292912935;5;0;true
AN03046-17;gid://shopify/ProductVariant/46509292945703;5;0;true
AN03046-18;gid://shopify/ProductVariant/46509292978471;5;0;true
AN03046-19;gid://shopify/ProductVariant/46509293011239;5;0;true
AN03046-20;gid://shopify/ProductVariant/46509293044007;5;0;true
AN03046-21;gid://shopify/ProductVariant/46509293076775;5;0;true
AN03046-22;gid://shopify/ProductVariant/46509293109543;5;0;true
AN03073-10;gid://shopify/ProductVariant/46393449120039;0;5;true
AN03073-11;gid://shopify/ProductVariant/46393449152807;0;5;true
AN03073-12;gid://shopify/ProductVariant/46393449185575;0;5;true
AN03073-13;gid://shopify/ProductVariant/46393449218343;0;5;true
AN03073-14;gid://shopify/ProductVariant/46393449251111;0;5;true
AN03073-15;gid://shopify/ProductVariant/46393449283879;0;5;true
AN03073-16;gid://shopify/ProductVariant/46393449316647;0;5;true
AN03073-17;gid://shopify/ProductVariant/46393449349415;0;5;true
AN03073-18;gid://shopify/ProductVariant/46393449382183;0;5;true
AN03073-19;gid://shopify/ProductVariant/46393449414951;0;5;true
AN03073-20;gid://shopify/ProductVariant/46393449447719;0;5;true
AN03073-21;gid://shopify/ProductVariant/46393449480487;0;5;true
AN03073-22;gid://shopify/ProductVariant/46393449513255;0;5;true
AN03074-10;gid://shopify/ProductVariant/46393449939239;0;0;false
AN03074-11;gid://shopify/ProductVariant/46393449972007;0;0;false
AN03074-12;gid://shopify/ProductVariant/46393450004775;0;0;false
AN03074-13;gid://shopify/ProductVariant/46393450070311;0;0;false
AN03074-14;gid://shopify/ProductVariant/46393450135847;0;0;false
AN03074-15;gid://shopify/ProductVariant/46393450168615;0;0;false
AN03074-16;gid://shopify/ProductVariant/46393450234151;0;0;false
AN03074-17;gid://shopify/ProductVariant/46393450266919;0;0;false
AN03074-18;gid://shopify/ProductVariant/46393450332455;0;0;false
AN03074-19;gid://shopify/ProductVariant/46393450365223;0;0;false
AN03074-20;gid://shopify/ProductVariant/46393450430759;0;0;false
AN03074-21;gid://shopify/ProductVariant/46393450463527;0;0;false
AN03074-22;gid://shopify/ProductVariant/46393450496295;0;0;false
AN03088-10;gid://shopify/ProductVariant/46509301301543;0;0;false
AN03088-11;gid://shopify/ProductVariant/46509301334311;0;0;false
AN03088-12;gid://shopify/ProductVariant/46509301367079;0;0;false
AN03088-13;gid://shopify/ProductVariant/46509301399847;0;0;false
AN03088-14;gid://shopify/ProductVariant/46509301432615;0;0;false
AN03088-15;gid://shopify/ProductVariant/46509301465383;0;0;false
AN03088-16;gid://shopify/ProductVariant/46509301498151;0;0;false
AN03088-17;gid://shopify/ProductVariant/46509301530919;0;0;false
AN03088-18;gid://shopify/ProductVariant/46509301563687;0;0;false
AN03088-19;gid://shopify/ProductVariant/46509301596455;0;0;false
AN03088-20;gid://shopify/ProductVariant/46509301629223;0;0;false
AN03088-21;gid://shopify/ProductVariant/46509301661991;0;0;false
AN03088-22;gid://shopify/ProductVariant/46509301694759;0;0;false
AN03090-10;gid://shopify/ProductVariant/46393529106727;0;0;false
AN03090-11;gid://shopify/ProductVariant/46393529139495;0;0;false
AN03090-12;gid://shopify/ProductVariant/46393529172263;0;0;false
AN03090-13;gid://shopify/ProductVariant/46393529205031;0;0;false
AN03090-14;gid://shopify/ProductVariant/46393529237799;0;0;false
AN03090-15;gid://shopify/ProductVariant/46393529270567;0;0;false
AN03090-16;gid://shopify/ProductVariant/46393529303335;0;0;false
AN03090-17;gid://shopify/ProductVariant/46393529336103;0;0;false
AN03090-18;gid://shopify/ProductVariant/46393529368871;0;0;false
AN03090-19;gid://shopify/ProductVariant/46393529401639;0;0;false
AN03090-20;gid://shopify/ProductVariant/46393529434407;0;0;false
AN03090-21;gid://shopify/ProductVariant/46393529467175;0;0;false
AN03090-22;gid://shopify/ProductVariant/46393529499943;0;0;false
AN03102-10;gid://shopify/ProductVariant/46965896282407;0;0;false
AN03102-11;gid://shopify/ProductVariant/46965896315175;0;0;false
AN03102-12;gid://shopify/ProductVariant/46965896347943;0;0;false
AN03102-13;gid://shopify/ProductVariant/46965896380711;0;0;false
AN03102-14;gid://shopify/ProductVariant/46965896413479;0;0;false
AN03102-15;gid://shopify/ProductVariant/46965896446247;0;0;false
AN03102-16;gid://shopify/ProductVariant/46965896479015;0;0;false
AN03102-17;gid://shopify/ProductVariant/46965896511783;0;0;false
AN03102-18;gid://shopify/ProductVariant/46965896544551;0;0;false
AN03102-19;gid://shopify/ProductVariant/46965896577319;0;0;false
AN03102-20;gid://shopify/ProductVariant/46965896610087;0;0;false
AN03102-21;gid://shopify/ProductVariant/46965896642855;0;0;false
AN03102-22;gid://shopify/ProductVariant/46965896675623;0;0;false
AN03113-10;gid://shopify/ProductVariant/46965898281255;0;0;false
AN03113-11;gid://shopify/ProductVariant/46965898314023;0;0;false
AN03113-12;gid://shopify/ProductVariant/46965898346791;0;0;false
AN03113-13;gid://shopify/ProductVariant/46965898379559;0;0;false
AN03113-14;gid://shopify/ProductVariant/46965898412327;0;0;false
AN03113-15;gid://shopify/ProductVariant/46965898445095;0;0;false
AN03113-16;gid://shopify/ProductVariant/46965898477863;0;0;false
AN03113-17;gid://shopify/ProductVariant/46965898510631;0;0;false
AN03113-18;gid://shopify/ProductVariant/46965898543399;0;0;false
AN03113-19;gid://shopify/ProductVariant/46965898576167;0;0;false
AN03113-20;gid://shopify/ProductVariant/46965898608935;0;0;false
AN03113-21;gid://shopify/ProductVariant/46965898641703;0;0;false
AN03113-22;gid://shopify/ProductVariant/46965898674471;0;0;false
AN03148-10;gid://shopify/ProductVariant/46498366488871;0;0;false
AN03148-11;gid://shopify/ProductVariant/46498366521639;0;0;false
AN03148-12;gid://shopify/ProductVariant/46498366554407;0;0;false
AN03148-13;gid://shopify/ProductVariant/46498366587175;0;0;false
AN03148-14;gid://shopify/ProductVariant/46498366619943;0;0;false
AN03148-15;gid://shopify/ProductVariant/46498366652711;0;0;false
AN03148-16;gid://shopify/ProductVariant/46498366685479;0;0;false
AN03148-17;gid://shopify/ProductVariant/46498366718247;0;0;false
AN03148-18;gid://shopify/ProductVariant/46498366751015;0;0;false
AN03148-19;gid://shopify/ProductVariant/46498366783783;0;0;false
AN03148-20;gid://shopify/ProductVariant/46498366816551;0;0;false
AN03148-21;gid://shopify/ProductVariant/46498366849319;0;0;false
AN03148-22;gid://shopify/ProductVariant/46498366882087;0;0;false
AN03172-10;gid://shopify/ProductVariant/46509301956903;0;0;false
AN03172-11;gid://shopify/ProductVariant/46509301989671;0;0;false
AN03172-12;gid://shopify/ProductVariant/46509302022439;0;0;false
AN03172-13;gid://shopify/ProductVariant/46509302055207;0;0;false
AN03172-14;gid://shopify/ProductVariant/46509302087975;0;0;false
AN03172-15;gid://shopify/ProductVariant/46509302120743;0;0;false
AN03172-16;gid://shopify/ProductVariant/46509302153511;0;0;false
AN03172-17;gid://shopify/ProductVariant/46509302186279;0;0;false
AN03172-18;gid://shopify/ProductVariant/46509302219047;0;0;false
AN03172-19;gid://shopify/ProductVariant/46509302251815;0;0;false
AN03172-20;gid://shopify/ProductVariant/46509302284583;0;0;false
AN03172-21;gid://shopify/ProductVariant/46509302317351;0;0;false
AN03172-22;gid://shopify/ProductVariant/46509302350119;0;0;false
AN03175;gid://shopify/ProductVariant/47929233998119;0;0;false
AN03175-10;gid://shopify/ProductVariant/46393521963303;0;5;true
AN03175-11;gid://shopify/ProductVariant/46393521996071;0;5;true
AN03175-12;gid://shopify/ProductVariant/46393522028839;0;5;true
AN03175-13;gid://shopify/ProductVariant/46393522061607;0;5;true
AN03175-14;gid://shopify/ProductVariant/46393522094375;0;5;true
AN03175-15;gid://shopify/ProductVariant/46393522127143;0;5;true
AN03175-16;gid://shopify/ProductVariant/46393522159911;0;5;true
AN03175-17;gid://shopify/ProductVariant/46393522192679;0;5;true
AN03175-18;gid://shopify/ProductVariant/46393522225447;0;5;true
AN03175-19;gid://shopify/ProductVariant/46393522258215;0;5;true
AN03175-20;gid://shopify/ProductVariant/46393522290983;0;5;true
AN03175-21;gid://shopify/ProductVariant/46393522323751;0;5;true
AN03175-22;gid://shopify/ProductVariant/46393522356519;0;5;true
AN03188-10;gid://shopify/ProductVariant/46509285310759;5;0;true
AN03188-11;gid://shopify/ProductVariant/46509285343527;5;0;true
AN03188-12;gid://shopify/ProductVariant/46509285376295;5;0;true
AN03188-13;gid://shopify/ProductVariant/46509285409063;5;0;true
AN03188-14;gid://shopify/ProductVariant/46509285441831;5;0;true
AN03188-15;gid://shopify/ProductVariant/46509285474599;5;0;true
AN03188-16;gid://shopify/ProductVariant/46509285507367;5;0;true
AN03188-17;gid://shopify/ProductVariant/46509285540135;5;0;true
AN03188-18;gid://shopify/ProductVariant/46509285572903;5;0;true
AN03188-19;gid://shopify/ProductVariant/46509285605671;5;0;true
AN03188-20;gid://shopify/ProductVariant/46509285638439;5;0;true
AN03188-21;gid://shopify/ProductVariant/46509285671207;5;0;true
AN03188-22;gid://shopify/ProductVariant/46509285703975;5;0;true
AN03189-10;gid://shopify/ProductVariant/46393461604647;5;0;true
AN03189-11;gid://shopify/ProductVariant/46393461637415;5;0;true
AN03189-12;gid://shopify/ProductVariant/46393461670183;5;0;true
AN03189-13;gid://shopify/ProductVariant/46393461702951;5;0;true
AN03189-14;gid://shopify/ProductVariant/46393461735719;5;0;true
AN03189-15;gid://shopify/ProductVariant/46393461768487;5;0;true
AN03189-16;gid://shopify/ProductVariant/46393461801255;5;0;true
AN03189-17;gid://shopify/ProductVariant/46393461834023;5;0;true
AN03189-18;gid://shopify/ProductVariant/46393461866791;5;0;true
AN03189-19;gid://shopify/ProductVariant/46393461899559;5;0;true
AN03189-20;gid://shopify/ProductVariant/46393461932327;5;0;true
AN03189-21;gid://shopify/ProductVariant/46393461965095;5;0;true
AN03189-22;gid://shopify/ProductVariant/46393461997863;5;0;true
AN03190-10;gid://shopify/ProductVariant/46393461080359;5;0;true
AN03190-11;gid://shopify/ProductVariant/46393461113127;5;0;true
AN03190-12;gid://shopify/ProductVariant/46393461145895;5;0;true
AN03190-13;gid://shopify/ProductVariant/46393461178663;5;0;true
AN03190-14;gid://shopify/ProductVariant/46393461211431;5;0;true
AN03190-15;gid://shopify/ProductVariant/46393461244199;5;0;true
AN03190-16;gid://shopify/ProductVariant/46393461276967;5;0;true
AN03190-17;gid://shopify/ProductVariant/46393461309735;5;0;true
AN03190-18;gid://shopify/ProductVariant/46393461342503;5;0;true
AN03190-19;gid://shopify/ProductVariant/46393461375271;5;0;true
AN03190-20;gid://shopify/ProductVariant/46393461408039;5;0;true
AN03190-21;gid://shopify/ProductVariant/46393461440807;5;0;true
AN03190-22;gid://shopify/ProductVariant/46393461473575;5;0;true
AN03191-10;gid://shopify/ProductVariant/46393460621607;5;0;true
AN03191-11;gid://shopify/ProductVariant/46393460654375;5;0;true
AN03191-12;gid://shopify/ProductVariant/46393460687143;5;0;true
AN03191-13;gid://shopify/ProductVariant/46393460719911;5;0;true
AN03191-14;gid://shopify/ProductVariant/46393460752679;5;0;true
AN03191-15;gid://shopify/ProductVariant/46393460785447;5;0;true
AN03191-16;gid://shopify/ProductVariant/46393460818215;5;0;true
AN03191-17;gid://shopify/ProductVariant/46393460850983;5;0;true
AN03191-18;gid://shopify/ProductVariant/46393460883751;5;0;true
AN03191-19;gid://shopify/ProductVariant/46393460916519;5;0;true
AN03191-20;gid://shopify/ProductVariant/46393460949287;5;0;true
AN03191-21;gid://shopify/ProductVariant/46393460982055;5;0;true
AN03191-22;gid://shopify/ProductVariant/46393461014823;5;0;true
AN03197-10;gid://shopify/ProductVariant/46509307461927;0;0;false
AN03197-11;gid://shopify/ProductVariant/46509307494695;0;0;false
AN03197-12;gid://shopify/ProductVariant/46509307527463;0;0;false
AN03197-13;gid://shopify/ProductVariant/46509307560231;0;0;false
AN03197-14;gid://shopify/ProductVariant/46509307592999;0;0;false
AN03197-15;gid://shopify/ProductVariant/46509307625767;0;0;false
AN03197-16;gid://shopify/ProductVariant/46509307658535;0;0;false
AN03197-17;gid://shopify/ProductVariant/46509307691303;0;0;false
AN03197-18;gid://shopify/ProductVariant/46509307724071;0;0;false
AN03197-19;gid://shopify/ProductVariant/46509307756839;0;0;false
AN03197-20;gid://shopify/ProductVariant/46509307789607;0;0;false
AN03197-21;gid://shopify/ProductVariant/46509307822375;0;0;false
AN03197-22;gid://shopify/ProductVariant/46509307855143;0;0;false
AN03198-10;gid://shopify/ProductVariant/46509308412199;0;0;false
AN03198-11;gid://shopify/ProductVariant/46509308444967;0;0;false
AN03198-12;gid://shopify/ProductVariant/46509308477735;0;0;false
AN03198-13;gid://shopify/ProductVariant/46509308510503;0;0;false
AN03198-14;gid://shopify/ProductVariant/46509308543271;0;0;false
AN03198-15;gid://shopify/ProductVariant/46509308576039;0;0;false
AN03198-16;gid://shopify/ProductVariant/46509308608807;0;0;false
AN03198-17;gid://shopify/ProductVariant/46509308641575;0;0;false
AN03198-18;gid://shopify/ProductVariant/46509308674343;0;0;false
AN03198-19;gid://shopify/ProductVariant/46509308707111;0;0;false
AN03198-20;gid://shopify/ProductVariant/46509308739879;0;0;false
AN03198-21;gid://shopify/ProductVariant/46509308772647;0;0;false
AN03198-22;gid://shopify/ProductVariant/46509308805415;0;0;false
AN03215-10;gid://shopify/ProductVariant/46393523798311;0;0;false
AN03215-11;gid://shopify/ProductVariant/46393523831079;0;0;false
AN03215-12;gid://shopify/ProductVariant/46393523863847;0;0;false
AN03215-13;gid://shopify/ProductVariant/46393523896615;0;0;false
AN03215-14;gid://shopify/ProductVariant/46393523929383;0;0;false
AN03215-15;gid://shopify/ProductVariant/46393523962151;0;0;false
AN03215-16;gid://shopify/ProductVariant/46393523994919;0;0;false
AN03215-17;gid://shopify/ProductVariant/46393524027687;0;0;false
AN03215-18;gid://shopify/ProductVariant/46393524060455;0;0;false
AN03215-19;gid://shopify/ProductVariant/46393524093223;0;0;false
AN03215-20;gid://shopify/ProductVariant/46393524125991;0;0;false
AN03215-21;gid://shopify/ProductVariant/46393524158759;0;0;false
AN03215-22;gid://shopify/ProductVariant/46393524191527;0;0;false
AN03227-10;gid://shopify/ProductVariant/46509286064423;0;0;false
AN03227-11;gid://shopify/ProductVariant/46509286097191;0;0;false
AN03227-12;gid://shopify/ProductVariant/46509286129959;0;0;false
AN03227-13;gid://shopify/ProductVariant/46509286162727;0;0;false
AN03227-14;gid://shopify/ProductVariant/46509286195495;0;0;false
AN03227-15;gid://shopify/ProductVariant/46509286228263;0;0;false
AN03227-16;gid://shopify/ProductVariant/46509286261031;0;0;false
AN03227-17;gid://shopify/ProductVariant/46509286293799;0;0;false
AN03227-18;gid://shopify/ProductVariant/46509286326567;0;0;false
AN03227-19;gid://shopify/ProductVariant/46509286359335;0;0;false
AN03227-20;gid://shopify/ProductVariant/46509286392103;0;0;false
AN03227-21;gid://shopify/ProductVariant/46509286424871;0;0;false
AN03227-22;gid://shopify/ProductVariant/46509286457639;0;0;false
AN03240-10;gid://shopify/ProductVariant/46509287473447;0;0;false
AN03240-11;gid://shopify/ProductVariant/46509287506215;0;0;false
AN03240-12;gid://shopify/ProductVariant/46509287538983;0;0;false
AN03240-13;gid://shopify/ProductVariant/46509287571751;0;0;false
AN03240-14;gid://shopify/ProductVariant/46509287604519;0;0;false
AN03240-15;gid://shopify/ProductVariant/46509287637287;0;0;false
AN03240-16;gid://shopify/ProductVariant/46509287670055;0;0;false
AN03240-17;gid://shopify/ProductVariant/46509287702823;0;0;false
AN03240-18;gid://shopify/ProductVariant/46509287735591;0;0;false
AN03240-19;gid://shopify/ProductVariant/46509287768359;0;0;false
AN03240-20;gid://shopify/ProductVariant/46509287801127;0;0;false
AN03240-21;gid://shopify/ProductVariant/46509287833895;0;0;false
AN03240-22;gid://shopify/ProductVariant/46509287866663;0;0;false
AN03245-10;gid://shopify/ProductVariant/46393513181479;0;5;true
AN03245-11;gid://shopify/ProductVariant/46393513214247;0;5;true
AN03245-12;gid://shopify/ProductVariant/46393513247015;0;5;true
AN03245-13;gid://shopify/ProductVariant/46393513279783;0;5;true
AN03245-14;gid://shopify/ProductVariant/46393513312551;0;5;true
AN03245-15;gid://shopify/ProductVariant/46393513345319;0;5;true
AN03245-16;gid://shopify/ProductVariant/46393513378087;0;5;true
AN03245-17;gid://shopify/ProductVariant/46393513410855;0;5;true
AN03245-18;gid://shopify/ProductVariant/46393513443623;0;5;true
AN03245-19;gid://shopify/ProductVariant/46393513476391;0;5;true
AN03245-20;gid://shopify/ProductVariant/46393513509159;0;5;true
AN03245-21;gid://shopify/ProductVariant/46393513541927;0;5;true
AN03245-22;gid://shopify/ProductVariant/46393513574695;0;5;true
AN03255-10;gid://shopify/ProductVariant/46393439289639;0;0;false
AN03255-11;gid://shopify/ProductVariant/46393439322407;0;0;false
AN03255-12;gid://shopify/ProductVariant/46393439355175;0;0;false
AN03255-13;gid://shopify/ProductVariant/46393439387943;0;0;false
AN03255-14;gid://shopify/ProductVariant/46393439420711;0;0;false
AN03255-15;gid://shopify/ProductVariant/46393439453479;0;0;false
AN03255-16;gid://shopify/ProductVariant/46393439486247;0;0;false
AN03255-17;gid://shopify/ProductVariant/46393439519015;0;0;false
AN03255-18;gid://shopify/ProductVariant/46393439551783;0;0;false
AN03255-19;gid://shopify/ProductVariant/46393439584551;0;0;false
AN03255-20;gid://shopify/ProductVariant/46393439617319;0;0;false
AN03255-21;gid://shopify/ProductVariant/46393439650087;0;0;false
AN03255-22;gid://shopify/ProductVariant/46393439682855;0;0;false
AN03267-10;gid://shopify/ProductVariant/46579526435111;0;0;false
AN03267-11;gid://shopify/ProductVariant/46579526467879;0;0;false
AN03267-12;gid://shopify/ProductVariant/46579526500647;0;0;false
AN03267-13;gid://shopify/ProductVariant/46579526533415;0;0;false
AN03267-14;gid://shopify/ProductVariant/46579526566183;0;0;false
AN03267-15;gid://shopify/ProductVariant/46579526598951;0;0;false
AN03267-16;gid://shopify/ProductVariant/46579526631719;0;0;false
AN03267-17;gid://shopify/ProductVariant/46579526664487;0;0;false
AN03267-18;gid://shopify/ProductVariant/46579526697255;0;0;false
AN03267-19;gid://shopify/ProductVariant/46579526730023;0;0;false
AN03267-20;gid://shopify/ProductVariant/46579526762791;0;0;false
AN03267-21;gid://shopify/ProductVariant/46579526795559;0;0;false
AN03267-22;gid://shopify/ProductVariant/46579526828327;0;0;false
AN03268-10;gid://shopify/ProductVariant/46393438306599;0;0;false
AN03268-11;gid://shopify/ProductVariant/46393438339367;0;0;false
AN03268-12;gid://shopify/ProductVariant/46393438372135;0;0;false
AN03268-13;gid://shopify/ProductVariant/46393438404903;0;0;false
AN03268-14;gid://shopify/ProductVariant/46393438437671;0;0;false
AN03268-15;gid://shopify/ProductVariant/46393438470439;0;0;false
AN03268-16;gid://shopify/ProductVariant/46393438503207;0;0;false
AN03268-17;gid://shopify/ProductVariant/46393438535975;0;0;false
AN03268-18;gid://shopify/ProductVariant/46393438568743;0;0;false
AN03268-19;gid://shopify/ProductVariant/46393438601511;0;0;false
AN03268-20;gid://shopify/ProductVariant/46393438634279;0;0;false
AN03268-21;gid://shopify/ProductVariant/46393438667047;0;0;false
AN03268-22;gid://shopify/ProductVariant/46393438699815;0;0;false
AN03289-10;gid://shopify/ProductVariant/46509296615719;0;0;false
AN03289-11;gid://shopify/ProductVariant/46509296648487;0;0;false
AN03289-12;gid://shopify/ProductVariant/46509296681255;0;0;false
AN03289-13;gid://shopify/ProductVariant/46509296714023;0;0;false
AN03289-14;gid://shopify/ProductVariant/46509296746791;0;0;false
AN03289-15;gid://shopify/ProductVariant/46509296779559;0;0;false
AN03289-16;gid://shopify/ProductVariant/46509296812327;0;0;false
AN03289-17;gid://shopify/ProductVariant/46509296845095;0;0;false
AN03289-18;gid://shopify/ProductVariant/46509296877863;0;0;false
AN03289-19;gid://shopify/ProductVariant/46509296910631;0;0;false
AN03289-20;gid://shopify/ProductVariant/46509296943399;0;0;false
AN03289-21;gid://shopify/ProductVariant/46509296976167;0;0;false
AN03289-22;gid://shopify/ProductVariant/46509297008935;0;0;false
AN03290-10;gid://shopify/ProductVariant/46509287997735;0;0;false
AN03290-11;gid://shopify/ProductVariant/46509288030503;0;0;false
AN03290-12;gid://shopify/ProductVariant/46509288063271;0;0;false
AN03290-13;gid://shopify/ProductVariant/46509288096039;0;0;false
AN03290-14;gid://shopify/ProductVariant/46509288128807;0;0;false
AN03290-15;gid://shopify/ProductVariant/46509288161575;0;0;false
AN03290-16;gid://shopify/ProductVariant/46509288194343;0;0;false
AN03290-17;gid://shopify/ProductVariant/46509288227111;0;0;false
AN03290-18;gid://shopify/ProductVariant/46509288259879;0;0;false
AN03290-19;gid://shopify/ProductVariant/46509288292647;0;0;false
AN03290-20;gid://shopify/ProductVariant/46509288325415;0;0;false
AN03290-21;gid://shopify/ProductVariant/46509288358183;0;0;false
AN03290-22;gid://shopify/ProductVariant/46509288390951;0;0;false
AN03305-10;gid://shopify/ProductVariant/46393480806695;5;0;true
AN03305-11;gid://shopify/ProductVariant/46393480839463;5;0;true
AN03305-12;gid://shopify/ProductVariant/46393480872231;5;0;true
AN03305-13;gid://shopify/ProductVariant/46393480904999;5;0;true
AN03305-14;gid://shopify/ProductVariant/46393480937767;5;0;true
AN03305-15;gid://shopify/ProductVariant/46393480970535;5;0;true
AN03305-16;gid://shopify/ProductVariant/46393481003303;5;0;true
AN03305-17;gid://shopify/ProductVariant/46393481036071;5;0;true
AN03305-18;gid://shopify/ProductVariant/46393481068839;5;0;true
AN03305-19;gid://shopify/ProductVariant/46393481101607;5;0;true
AN03305-20;gid://shopify/ProductVariant/46393481134375;5;0;true
AN03305-21;gid://shopify/ProductVariant/46393481167143;5;0;true
AN03305-22;gid://shopify/ProductVariant/46393481199911;5;0;true
AN03307-10;gid://shopify/ProductVariant/46393516523815;5;0;true
AN03307-11;gid://shopify/ProductVariant/46393516556583;5;0;true
AN03307-12;gid://shopify/ProductVariant/46393516589351;5;0;true
AN03307-13;gid://shopify/ProductVariant/46393516622119;5;0;true
AN03307-14;gid://shopify/ProductVariant/46393516654887;5;0;true
AN03307-15;gid://shopify/ProductVariant/46393516687655;5;0;true
AN03307-16;gid://shopify/ProductVariant/46393516720423;5;0;true
AN03307-17;gid://shopify/ProductVariant/46393516753191;5;0;true
AN03307-18;gid://shopify/ProductVariant/46393516785959;5;0;true
AN03307-19;gid://shopify/ProductVariant/46393516818727;5;0;true
AN03307-20;gid://shopify/ProductVariant/46393516851495;5;0;true
AN03307-21;gid://shopify/ProductVariant/46393516884263;5;0;true
AN03307-22;gid://shopify/ProductVariant/46393516917031;5;0;true
AN03315-10;gid://shopify/ProductVariant/46579527352615;0;0;false
AN03315-11;gid://shopify/ProductVariant/46579527385383;0;0;false
AN03315-12;gid://shopify/ProductVariant/46579527418151;0;0;false
AN03315-13;gid://shopify/ProductVariant/46579527450919;0;0;false
AN03315-14;gid://shopify/ProductVariant/46579527483687;0;0;false
AN03315-15;gid://shopify/ProductVariant/46579527516455;0;0;false
AN03315-16;gid://shopify/ProductVariant/46579527549223;0;0;false
AN03315-17;gid://shopify/ProductVariant/46579527581991;0;0;false
AN03315-18;gid://shopify/ProductVariant/46579527614759;0;0;false
AN03315-19;gid://shopify/ProductVariant/46579527647527;0;0;false
AN03315-20;gid://shopify/ProductVariant/46579527713063;0;0;false
AN03315-21;gid://shopify/ProductVariant/46579527745831;0;0;false
AN03315-22;gid://shopify/ProductVariant/46579527778599;0;0;false
AN03318-10;gid://shopify/ProductVariant/46393541263655;0;0;false
AN03318-11;gid://shopify/ProductVariant/46393541296423;0;0;false
AN03318-12;gid://shopify/ProductVariant/46393541329191;0;0;false
AN03318-13;gid://shopify/ProductVariant/46393541361959;0;0;false
AN03318-14;gid://shopify/ProductVariant/46393541394727;0;0;false
AN03318-15;gid://shopify/ProductVariant/46393541427495;0;0;false
AN03318-16;gid://shopify/ProductVariant/46393541460263;0;0;false
AN03318-17;gid://shopify/ProductVariant/46393541493031;0;0;false
AN03318-18;gid://shopify/ProductVariant/46393541525799;0;0;false
AN03318-19;gid://shopify/ProductVariant/46393541558567;0;0;false
AN03318-20;gid://shopify/ProductVariant/46393541591335;0;0;false
AN03318-21;gid://shopify/ProductVariant/46393541624103;0;0;false
AN03318-22;gid://shopify/ProductVariant/46393541656871;0;0;false
AN03320-10;gid://shopify/ProductVariant/46509308969255;0;0;false
AN03320-11;gid://shopify/ProductVariant/46509309002023;0;0;false
AN03320-12;gid://shopify/ProductVariant/46509309034791;0;0;false
AN03320-13;gid://shopify/ProductVariant/46509309067559;0;0;false
AN03320-14;gid://shopify/ProductVariant/46509309100327;0;0;false
AN03320-15;gid://shopify/ProductVariant/46509309133095;0;0;false
AN03320-16;gid://shopify/ProductVariant/46509309165863;0;0;false
AN03320-17;gid://shopify/ProductVariant/46509309198631;0;0;false
AN03320-18;gid://shopify/ProductVariant/46509309231399;0;0;false
AN03320-19;gid://shopify/ProductVariant/46509309264167;0;0;false
AN03320-20;gid://shopify/ProductVariant/46509309296935;0;0;false
AN03320-21;gid://shopify/ProductVariant/46509309329703;0;0;false
AN03320-22;gid://shopify/ProductVariant/46509309362471;0;0;false
AN03321-10;gid://shopify/ProductVariant/46393542213927;0;0;false
AN03321-11;gid://shopify/ProductVariant/46393542246695;0;0;false
AN03321-12;gid://shopify/ProductVariant/46393542279463;0;0;false
AN03321-13;gid://shopify/ProductVariant/46393542312231;0;0;false
AN03321-14;gid://shopify/ProductVariant/46393542344999;0;0;false
AN03321-15;gid://shopify/ProductVariant/46393542377767;0;0;false
AN03321-16;gid://shopify/ProductVariant/46393542410535;0;0;false
AN03321-17;gid://shopify/ProductVariant/46393542443303;0;0;false
AN03321-18;gid://shopify/ProductVariant/46393542476071;0;0;false
AN03321-19;gid://shopify/ProductVariant/46393542508839;0;0;false
AN03321-20;gid://shopify/ProductVariant/46393542541607;0;0;false
AN03321-21;gid://shopify/ProductVariant/46393542574375;0;0;false
AN03321-22;gid://shopify/ProductVariant/46393542607143;0;0;false
AN03323-10;gid://shopify/ProductVariant/46509309985063;0;0;false
AN03323-11;gid://shopify/ProductVariant/46509310017831;0;0;false
AN03323-12;gid://shopify/ProductVariant/46509310050599;0;0;false
AN03323-13;gid://shopify/ProductVariant/46509310083367;0;0;false
AN03323-14;gid://shopify/ProductVariant/46509310116135;0;0;false
AN03323-15;gid://shopify/ProductVariant/46509310148903;0;0;false
AN03323-16;gid://shopify/ProductVariant/46509310181671;0;0;false
AN03323-17;gid://shopify/ProductVariant/46509310214439;0;0;false
AN03323-18;gid://shopify/ProductVariant/46509310247207;0;0;false
AN03323-19;gid://shopify/ProductVariant/46509310279975;0;0;false
AN03323-20;gid://shopify/ProductVariant/46509310312743;0;0;false
AN03323-21;gid://shopify/ProductVariant/46509310345511;0;0;false
AN03323-22;gid://shopify/ProductVariant/46509310378279;0;0;false
AN03324-10;gid://shopify/ProductVariant/46509313261863;0;0;false
AN03324-11;gid://shopify/ProductVariant/46509313360167;0;0;false
AN03324-12;gid://shopify/ProductVariant/46509313425703;0;0;false
AN03324-13;gid://shopify/ProductVariant/46509313524007;0;0;false
AN03324-14;gid://shopify/ProductVariant/46509313622311;0;0;false
AN03324-15;gid://shopify/ProductVariant/46509313687847;0;0;false
AN03324-16;gid://shopify/ProductVariant/46509313786151;0;0;false
AN03324-17;gid://shopify/ProductVariant/46509313917223;0;0;false
AN03324-18;gid://shopify/ProductVariant/46509313949991;0;0;false
AN03324-19;gid://shopify/ProductVariant/46509314015527;0;0;false
AN03324-20;gid://shopify/ProductVariant/46509314113831;0;0;false
AN03324-21;gid://shopify/ProductVariant/46509314146599;0;0;false
AN03324-22;gid://shopify/ProductVariant/46509314212135;0;0;false
AN03326-10;gid://shopify/ProductVariant/46512701866279;0;0;false
AN03326-11;gid://shopify/ProductVariant/46512701899047;0;0;false
AN03326-12;gid://shopify/ProductVariant/46512701931815;0;0;false
AN03326-13;gid://shopify/ProductVariant/46512701964583;0;0;false
AN03326-14;gid://shopify/ProductVariant/46512701997351;0;0;false
AN03326-15;gid://shopify/ProductVariant/46512702030119;0;0;false
AN03326-16;gid://shopify/ProductVariant/46512702062887;0;0;false
AN03326-17;gid://shopify/ProductVariant/46512702095655;0;0;false
AN03326-18;gid://shopify/ProductVariant/46512702128423;0;0;false
AN03326-19;gid://shopify/ProductVariant/46512702161191;0;0;false
AN03326-20;gid://shopify/ProductVariant/46512702193959;0;0;false
AN03326-21;gid://shopify/ProductVariant/46512702226727;0;0;false
AN03326-22;gid://shopify/ProductVariant/46512702259495;0;0;false
AN03337-10;gid://shopify/ProductVariant/46393440043303;0;0;false
AN03337-11;gid://shopify/ProductVariant/46393440076071;0;0;false
AN03337-12;gid://shopify/ProductVariant/46393440108839;0;0;false
AN03337-13;gid://shopify/ProductVariant/46393440141607;0;0;false
AN03337-14;gid://shopify/ProductVariant/46393440174375;0;0;false
AN03337-15;gid://shopify/ProductVariant/46393440207143;0;0;false
AN03337-16;gid://shopify/ProductVariant/46393440239911;0;0;false
AN03337-17;gid://shopify/ProductVariant/46393440272679;0;0;false
AN03337-18;gid://shopify/ProductVariant/46393440305447;0;0;false
AN03337-19;gid://shopify/ProductVariant/46393440338215;0;0;false
AN03337-20;gid://shopify/ProductVariant/46393440370983;0;0;false
AN03337-21;gid://shopify/ProductVariant/46393440403751;0;0;false
AN03337-22;gid://shopify/ProductVariant/46393440436519;0;0;false
AN03338-10;gid://shopify/ProductVariant/46393440469287;0;0;false
AN03338-11;gid://shopify/ProductVariant/46393440502055;0;0;false
AN03338-12;gid://shopify/ProductVariant/46393440534823;0;0;false
AN03338-13;gid://shopify/ProductVariant/46393440567591;0;0;false
AN03338-14;gid://shopify/ProductVariant/46393440600359;0;0;false
AN03338-15;gid://shopify/ProductVariant/46393440633127;0;0;false
AN03338-16;gid://shopify/ProductVariant/46393440665895;0;0;false
AN03338-17;gid://shopify/ProductVariant/46393440698663;0;0;false
AN03338-18;gid://shopify/ProductVariant/46393440731431;0;0;false
AN03338-19;gid://shopify/ProductVariant/46393440764199;0;0;false
AN03338-20;gid://shopify/ProductVariant/46393440796967;0;0;false
AN03338-21;gid://shopify/ProductVariant/46393440829735;0;0;false
AN03338-22;gid://shopify/ProductVariant/46393440862503;0;0;false
AN03342-10;gid://shopify/ProductVariant/46393441812775;0;5;true
AN03342-11;gid://shopify/ProductVariant/46393441845543;0;5;true
AN03342-12;gid://shopify/ProductVariant/46393441878311;0;5;true
AN03342-13;gid://shopify/ProductVariant/46393441911079;0;5;true
AN03342-14;gid://shopify/ProductVariant/46393441943847;0;5;true
AN03342-15;gid://shopify/ProductVariant/46393441976615;0;5;true
AN03342-16;gid://shopify/ProductVariant/46393442009383;0;5;true
AN03342-17;gid://shopify/ProductVariant/46393442042151;0;5;true
AN03342-18;gid://shopify/ProductVariant/46393442074919;0;5;true
AN03342-19;gid://shopify/ProductVariant/46393442107687;0;5;true
AN03342-20;gid://shopify/ProductVariant/46393442140455;0;5;true
AN03342-21;gid://shopify/ProductVariant/46393442173223;0;5;true
AN03342-22;gid://shopify/ProductVariant/46393442205991;0;5;true
AN03349-10;gid://shopify/ProductVariant/46498369339687;0;0;false
AN03349-11;gid://shopify/ProductVariant/46498369372455;0;0;false
AN03349-12;gid://shopify/ProductVariant/46498369405223;0;0;false
AN03349-13;gid://shopify/ProductVariant/46498369437991;0;0;false
AN03349-14;gid://shopify/ProductVariant/46498369470759;0;0;false
AN03349-15;gid://shopify/ProductVariant/46498369503527;0;0;false
AN03349-16;gid://shopify/ProductVariant/46498369536295;0;0;false
AN03349-17;gid://shopify/ProductVariant/46498369569063;0;0;false
AN03349-18;gid://shopify/ProductVariant/46498369601831;0;0;false
AN03349-19;gid://shopify/ProductVariant/46498369634599;0;0;false
AN03349-20;gid://shopify/ProductVariant/46498369667367;0;0;false
AN03349-21;gid://shopify/ProductVariant/46498369700135;0;0;false
AN03349-22;gid://shopify/ProductVariant/46498369732903;0;0;false
AN03359-10;gid://shopify/ProductVariant/46512699375911;0;0;false
AN03359-11;gid://shopify/ProductVariant/46512699408679;0;0;false
AN03359-12;gid://shopify/ProductVariant/46512699441447;0;0;false
AN03359-13;gid://shopify/ProductVariant/46512699474215;0;0;false
AN03359-14;gid://shopify/ProductVariant/46512699506983;0;0;false
AN03359-15;gid://shopify/ProductVariant/46512699539751;0;0;false
AN03359-16;gid://shopify/ProductVariant/46512699572519;0;0;false
AN03359-17;gid://shopify/ProductVariant/46512699605287;0;0;false
AN03359-18;gid://shopify/ProductVariant/46512699638055;0;0;false
AN03359-19;gid://shopify/ProductVariant/46512699670823;0;0;false
AN03359-20;gid://shopify/ProductVariant/46512699703591;0;0;false
AN03359-21;gid://shopify/ProductVariant/46512699736359;0;0;false
AN03359-22;gid://shopify/ProductVariant/46512699769127;0;0;false
AN03360-10;gid://shopify/ProductVariant/46393496928551;0;5;true
AN03360-11;gid://shopify/ProductVariant/46393496994087;0;5;true
AN03360-12;gid://shopify/ProductVariant/46393497256231;0;5;true
AN03360-13;gid://shopify/ProductVariant/46393497288999;0;5;true
AN03360-14;gid://shopify/ProductVariant/46393497321767;0;5;true
AN03360-15;gid://shopify/ProductVariant/46393497354535;0;5;true
AN03360-16;gid://shopify/ProductVariant/46393497387303;0;5;true
AN03360-17;gid://shopify/ProductVariant/46393497420071;0;5;true
AN03360-18;gid://shopify/ProductVariant/46393497452839;0;5;true
AN03360-19;gid://shopify/ProductVariant/46393497485607;0;5;true
AN03360-20;gid://shopify/ProductVariant/46393497518375;0;5;true
AN03360-21;gid://shopify/ProductVariant/46393497551143;0;5;true
AN03360-22;gid://shopify/ProductVariant/46393497583911;0;5;true
AN03361-10;gid://shopify/ProductVariant/46393498042663;0;5;true
AN03361-11;gid://shopify/ProductVariant/46393498075431;0;5;true
AN03361-12;gid://shopify/ProductVariant/46393498108199;0;5;true
AN03361-13;gid://shopify/ProductVariant/46393498140967;0;5;true
AN03361-14;gid://shopify/ProductVariant/46393498173735;0;5;true
AN03361-15;gid://shopify/ProductVariant/46393498206503;0;5;true
AN03361-16;gid://shopify/ProductVariant/46393498239271;0;5;true
AN03361-17;gid://shopify/ProductVariant/46393498272039;0;5;true
AN03361-18;gid://shopify/ProductVariant/46393498304807;0;5;true
AN03361-19;gid://shopify/ProductVariant/46393498337575;0;5;true
AN03361-20;gid://shopify/ProductVariant/46393498370343;0;5;true
AN03361-21;gid://shopify/ProductVariant/46393498403111;0;5;true
AN03361-22;gid://shopify/ProductVariant/46393498435879;0;5;true
AN03368-10;gid://shopify/ProductVariant/46393517015335;5;0;true
AN03368-11;gid://shopify/ProductVariant/46393517048103;5;0;true
AN03368-12;gid://shopify/ProductVariant/46393517080871;5;0;true
AN03368-13;gid://shopify/ProductVariant/46393517113639;5;0;true
AN03368-14;gid://shopify/ProductVariant/46393517146407;5;0;true
AN03368-15;gid://shopify/ProductVariant/46393517179175;5;0;true
AN03368-16;gid://shopify/ProductVariant/46393517211943;5;0;true
AN03368-17;gid://shopify/ProductVariant/46393517244711;5;0;true
AN03368-18;gid://shopify/ProductVariant/46393517277479;5;0;true
AN03368-19;gid://shopify/ProductVariant/46393517310247;5;0;true
AN03368-20;gid://shopify/ProductVariant/46393517343015;5;0;true
AN03368-21;gid://shopify/ProductVariant/46393517375783;5;0;true
AN03368-22;gid://shopify/ProductVariant/46393517408551;5;0;true
AN03383-10;gid://shopify/ProductVariant/46509314605351;0;0;false
AN03383-11;gid://shopify/ProductVariant/46509314638119;0;0;false
AN03383-12;gid://shopify/ProductVariant/46509314670887;0;0;false
AN03383-13;gid://shopify/ProductVariant/46509314703655;0;0;false
AN03383-14;gid://shopify/ProductVariant/46509314736423;0;0;false
AN03383-15;gid://shopify/ProductVariant/46509314769191;0;0;false
AN03383-16;gid://shopify/ProductVariant/46509314801959;0;0;false
AN03383-17;gid://shopify/ProductVariant/46509314834727;0;0;false
AN03383-18;gid://shopify/ProductVariant/46509314867495;0;0;false
AN03383-19;gid://shopify/ProductVariant/46509314900263;0;0;false
AN03383-20;gid://shopify/ProductVariant/46509314933031;0;0;false
AN03383-21;gid://shopify/ProductVariant/46509314965799;0;0;false
AN03383-22;gid://shopify/ProductVariant/46509314998567;0;0;false
AN03395-10;gid://shopify/ProductVariant/46393512657191;5;0;true
AN03395-11;gid://shopify/ProductVariant/46393512689959;5;0;true
AN03395-12;gid://shopify/ProductVariant/46393512722727;5;0;true
AN03395-13;gid://shopify/ProductVariant/46393512755495;5;0;true
AN03395-14;gid://shopify/ProductVariant/46393512788263;5;0;true
AN03395-15;gid://shopify/ProductVariant/46393512821031;5;0;true
AN03395-16;gid://shopify/ProductVariant/46393512853799;5;0;true
AN03395-17;gid://shopify/ProductVariant/46393512886567;5;0;true
AN03395-18;gid://shopify/ProductVariant/46393512919335;5;0;true
AN03395-19;gid://shopify/ProductVariant/46393512952103;5;0;true
AN03395-20;gid://shopify/ProductVariant/46393512984871;5;0;true
AN03395-21;gid://shopify/ProductVariant/46393513017639;5;0;true
AN03395-22;gid://shopify/ProductVariant/46393513050407;5;0;true
AN03397-10;gid://shopify/ProductVariant/46393506038055;5;0;true
AN03397-11;gid://shopify/ProductVariant/46393506070823;5;0;true
AN03397-12;gid://shopify/ProductVariant/46393506136359;5;0;true
AN03397-13;gid://shopify/ProductVariant/46393506234663;5;0;true
AN03397-14;gid://shopify/ProductVariant/46393506267431;5;0;true
AN03397-15;gid://shopify/ProductVariant/46393506300199;5;0;true
AN03397-16;gid://shopify/ProductVariant/46393506332967;5;0;true
AN03397-17;gid://shopify/ProductVariant/46393506365735;5;0;true
AN03397-18;gid://shopify/ProductVariant/46393506398503;5;0;true
AN03397-19;gid://shopify/ProductVariant/46393506431271;5;0;true
AN03397-20;gid://shopify/ProductVariant/46393506464039;5;0;true
AN03397-21;gid://shopify/ProductVariant/46393506496807;5;0;true
AN03397-22;gid://shopify/ProductVariant/46393506529575;5;0;true
AN03398-10;gid://shopify/ProductVariant/46393507021095;5;0;true
AN03398-11;gid://shopify/ProductVariant/46393507053863;5;0;true
AN03398-12;gid://shopify/ProductVariant/46393507086631;5;0;true
AN03398-13;gid://shopify/ProductVariant/46393507119399;5;0;true
AN03398-14;gid://shopify/ProductVariant/46393507152167;5;0;true
AN03398-15;gid://shopify/ProductVariant/46393507184935;5;0;true
AN03398-16;gid://shopify/ProductVariant/46393507217703;5;0;true
AN03398-17;gid://shopify/ProductVariant/46393507250471;5;0;true
AN03398-18;gid://shopify/ProductVariant/46393507283239;5;0;true
AN03398-19;gid://shopify/ProductVariant/46393507316007;5;0;true
AN03398-20;gid://shopify/ProductVariant/46393507348775;5;0;true
AN03398-21;gid://shopify/ProductVariant/46393507381543;5;0;true
AN03398-22;gid://shopify/ProductVariant/46393507414311;5;0;true
AN03399-10;gid://shopify/ProductVariant/46393507709223;5;0;true
AN03399-11;gid://shopify/ProductVariant/46393507741991;5;0;true
AN03399-12;gid://shopify/ProductVariant/46393507774759;5;0;true
AN03399-13;gid://shopify/ProductVariant/46393507807527;5;0;true
AN03399-14;gid://shopify/ProductVariant/46393507840295;5;0;true
AN03399-15;gid://shopify/ProductVariant/46393507873063;5;0;true
AN03399-16;gid://shopify/ProductVariant/46393507905831;5;0;true
AN03399-17;gid://shopify/ProductVariant/46393507938599;5;0;true
AN03399-18;gid://shopify/ProductVariant/46393507971367;5;0;true
AN03399-19;gid://shopify/ProductVariant/46393508004135;5;0;true
AN03399-20;gid://shopify/ProductVariant/46393508036903;5;0;true
AN03399-21;gid://shopify/ProductVariant/46393508069671;5;0;true
AN03399-22;gid://shopify/ProductVariant/46393508102439;5;0;true
AN03400-10;gid://shopify/ProductVariant/46393508299047;5;0;true
AN03400-11;gid://shopify/ProductVariant/46393508331815;5;0;true
AN03400-12;gid://shopify/ProductVariant/46393508364583;5;0;true
AN03400-13;gid://shopify/ProductVariant/46393508397351;5;0;true
AN03400-14;gid://shopify/ProductVariant/46393508430119;5;0;true
AN03400-15;gid://shopify/ProductVariant/46393508462887;5;0;true
AN03400-16;gid://shopify/ProductVariant/46393508495655;5;0;true
AN03400-17;gid://shopify/ProductVariant/46393508528423;5;0;true
AN03400-18;gid://shopify/ProductVariant/46393508561191;5;0;true
AN03400-19;gid://shopify/ProductVariant/46393508593959;5;0;true
AN03400-20;gid://shopify/ProductVariant/46393508626727;5;0;true
AN03400-21;gid://shopify/ProductVariant/46393508659495;5;0;true
AN03400-22;gid://shopify/ProductVariant/46393508692263;5;0;true
AN03401-10;gid://shopify/ProductVariant/46393509282087;5;0;true
AN03401-11;gid://shopify/ProductVariant/46393509314855;5;0;true
AN03401-12;gid://shopify/ProductVariant/46393509347623;5;0;true
AN03401-13;gid://shopify/ProductVariant/46393509380391;5;0;true
AN03401-14;gid://shopify/ProductVariant/46393509413159;5;0;true
AN03401-15;gid://shopify/ProductVariant/46393509445927;5;0;true
AN03401-16;gid://shopify/ProductVariant/46393509478695;5;0;true
AN03401-17;gid://shopify/ProductVariant/46393509511463;5;0;true
AN03401-18;gid://shopify/ProductVariant/46393509544231;5;0;true
AN03401-19;gid://shopify/ProductVariant/46393509576999;5;0;true
AN03401-20;gid://shopify/ProductVariant/46393509609767;5;0;true
AN03401-21;gid://shopify/ProductVariant/46393509642535;5;0;true
AN03401-22;gid://shopify/ProductVariant/46393509675303;5;0;true
AN03402-10;gid://shopify/ProductVariant/46393509904679;5;0;true
AN03402-11;gid://shopify/ProductVariant/46393509937447;5;0;true
AN03402-12;gid://shopify/ProductVariant/46393509970215;5;0;true
AN03402-13;gid://shopify/ProductVariant/46393510002983;5;0;true
AN03402-14;gid://shopify/ProductVariant/46393510035751;5;0;true
AN03402-15;gid://shopify/ProductVariant/46393510068519;5;0;true
AN03402-16;gid://shopify/ProductVariant/46393510101287;5;0;true
AN03402-17;gid://shopify/ProductVariant/46393510134055;5;0;true
AN03402-18;gid://shopify/ProductVariant/46393510166823;5;0;true
AN03402-19;gid://shopify/ProductVariant/46393510199591;5;0;true
AN03402-20;gid://shopify/ProductVariant/46393510232359;5;0;true
AN03402-21;gid://shopify/ProductVariant/46393510265127;5;0;true
AN03402-22;gid://shopify/ProductVariant/46393510297895;5;0;true
AN03403-10;gid://shopify/ProductVariant/46393510396199;5;0;true
AN03403-11;gid://shopify/ProductVariant/46393510428967;5;0;true
AN03403-12;gid://shopify/ProductVariant/46393510461735;5;0;true
AN03403-13;gid://shopify/ProductVariant/46393510494503;5;0;true
AN03403-14;gid://shopify/ProductVariant/46393510527271;5;0;true
AN03403-15;gid://shopify/ProductVariant/46393510560039;5;0;true
AN03403-16;gid://shopify/ProductVariant/46393510592807;5;0;true
AN03403-17;gid://shopify/ProductVariant/46393510625575;5;0;true
AN03403-18;gid://shopify/ProductVariant/46393510658343;5;0;true
AN03403-19;gid://shopify/ProductVariant/46393510691111;5;0;true
AN03403-20;gid://shopify/ProductVariant/46393510723879;5;0;true
AN03403-21;gid://shopify/ProductVariant/46393510756647;5;0;true
AN03403-22;gid://shopify/ProductVariant/46393510789415;5;0;true
AN03404-10;gid://shopify/ProductVariant/46393500631335;5;0;true
AN03404-11;gid://shopify/ProductVariant/46393500664103;5;0;true
AN03404-12;gid://shopify/ProductVariant/46393500696871;5;0;true
AN03404-13;gid://shopify/ProductVariant/46393500729639;5;0;true
AN03404-14;gid://shopify/ProductVariant/46393500762407;5;0;true
AN03404-15;gid://shopify/ProductVariant/46393500795175;5;0;true
AN03404-16;gid://shopify/ProductVariant/46393500827943;5;0;true
AN03404-17;gid://shopify/ProductVariant/46393500860711;5;0;true
AN03404-18;gid://shopify/ProductVariant/46393500893479;5;0;true
AN03404-19;gid://shopify/ProductVariant/46393500926247;5;0;true
AN03404-20;gid://shopify/ProductVariant/46393500959015;5;0;true
AN03404-21;gid://shopify/ProductVariant/46393500991783;5;0;true
AN03404-22;gid://shopify/ProductVariant/46393501024551;5;0;true
AN03405-10;gid://shopify/ProductVariant/46393501450535;5;0;true
AN03405-11;gid://shopify/ProductVariant/46393501483303;5;0;true
AN03405-12;gid://shopify/ProductVariant/46393501516071;5;0;true
AN03405-13;gid://shopify/ProductVariant/46393501548839;5;0;true
AN03405-14;gid://shopify/ProductVariant/46393501581607;5;0;true
AN03405-15;gid://shopify/ProductVariant/46393501614375;5;0;true
AN03405-16;gid://shopify/ProductVariant/46393501647143;5;0;true
AN03405-17;gid://shopify/ProductVariant/46393501679911;5;0;true
AN03405-18;gid://shopify/ProductVariant/46393501712679;5;0;true
AN03405-19;gid://shopify/ProductVariant/46393501745447;5;0;true
AN03405-20;gid://shopify/ProductVariant/46393501778215;5;0;true
AN03405-21;gid://shopify/ProductVariant/46393501810983;5;0;true
AN03405-22;gid://shopify/ProductVariant/46393501843751;5;0;true
AN03406-10;gid://shopify/ProductVariant/46393501974823;5;0;true
AN03406-11;gid://shopify/ProductVariant/46393502007591;5;0;true
AN03406-12;gid://shopify/ProductVariant/46393502040359;5;0;true
AN03406-13;gid://shopify/ProductVariant/46393502073127;5;0;true
AN03406-14;gid://shopify/ProductVariant/46393502105895;5;0;true
AN03406-15;gid://shopify/ProductVariant/46393502138663;5;0;true
AN03406-16;gid://shopify/ProductVariant/46393502171431;5;0;true
AN03406-17;gid://shopify/ProductVariant/46393502204199;5;0;true
AN03406-18;gid://shopify/ProductVariant/46393502236967;5;0;true
AN03406-19;gid://shopify/ProductVariant/46393502269735;5;0;true
AN03406-20;gid://shopify/ProductVariant/46393502302503;5;0;true
AN03406-21;gid://shopify/ProductVariant/46393502335271;5;0;true
AN03406-22;gid://shopify/ProductVariant/46393502368039;5;0;true
AN03407-10;gid://shopify/ProductVariant/46393502761255;5;0;true
AN03407-11;gid://shopify/ProductVariant/46393502794023;5;0;true
AN03407-12;gid://shopify/ProductVariant/46393502826791;5;0;true
AN03407-13;gid://shopify/ProductVariant/46393502859559;5;0;true
AN03407-14;gid://shopify/ProductVariant/46393502892327;5;0;true
AN03407-15;gid://shopify/ProductVariant/46393502925095;5;0;true
AN03407-16;gid://shopify/ProductVariant/46393502957863;5;0;true
AN03407-17;gid://shopify/ProductVariant/46393502990631;5;0;true
AN03407-18;gid://shopify/ProductVariant/46393503023399;5;0;true
AN03407-19;gid://shopify/ProductVariant/46393503056167;5;0;true
AN03407-20;gid://shopify/ProductVariant/46393503088935;5;0;true
AN03407-21;gid://shopify/ProductVariant/46393503121703;5;0;true
AN03407-22;gid://shopify/ProductVariant/46393503154471;5;0;true
AN03408-10;gid://shopify/ProductVariant/46393503285543;5;0;true
AN03408-11;gid://shopify/ProductVariant/46393503318311;5;0;true
AN03408-12;gid://shopify/ProductVariant/46393503351079;5;0;true
AN03408-13;gid://shopify/ProductVariant/46393503383847;5;0;true
AN03408-14;gid://shopify/ProductVariant/46393503416615;5;0;true
AN03408-15;gid://shopify/ProductVariant/46393503449383;5;0;true
AN03408-16;gid://shopify/ProductVariant/46393503482151;5;0;true
AN03408-17;gid://shopify/ProductVariant/46393503514919;5;0;true
AN03408-18;gid://shopify/ProductVariant/46393503547687;5;0;true
AN03408-19;gid://shopify/ProductVariant/46393503580455;5;0;true
AN03408-20;gid://shopify/ProductVariant/46393503613223;5;0;true
AN03408-21;gid://shopify/ProductVariant/46393503645991;5;0;true
AN03408-22;gid://shopify/ProductVariant/46393503678759;5;0;true
AN03409-10;gid://shopify/ProductVariant/46393503711527;5;0;true
AN03409-11;gid://shopify/ProductVariant/46393503744295;5;0;true
AN03409-12;gid://shopify/ProductVariant/46393503777063;5;0;true
AN03409-13;gid://shopify/ProductVariant/46393503842599;5;0;true
AN03409-14;gid://shopify/ProductVariant/46393503908135;5;0;true
AN03409-15;gid://shopify/ProductVariant/46393503940903;5;0;true
AN03409-16;gid://shopify/ProductVariant/46393504006439;5;0;true
AN03409-17;gid://shopify/ProductVariant/46393504071975;5;0;true
AN03409-18;gid://shopify/ProductVariant/46393504104743;5;0;true
AN03409-19;gid://shopify/ProductVariant/46393504137511;5;0;true
AN03409-20;gid://shopify/ProductVariant/46393504170279;5;0;true
AN03409-21;gid://shopify/ProductVariant/46393504203047;5;0;true
AN03409-22;gid://shopify/ProductVariant/46393504235815;5;0;true
AN03410-10;gid://shopify/ProductVariant/46393504366887;5;0;true
AN03410-11;gid://shopify/ProductVariant/46393504399655;5;0;true
AN03410-12;gid://shopify/ProductVariant/46393504432423;5;0;true
AN03410-13;gid://shopify/ProductVariant/46393504465191;5;0;true
AN03410-14;gid://shopify/ProductVariant/46393504497959;5;0;true
AN03410-15;gid://shopify/ProductVariant/46393504530727;5;0;true
AN03410-16;gid://shopify/ProductVariant/46393504563495;5;0;true
AN03410-17;gid://shopify/ProductVariant/46393504596263;5;0;true
AN03410-18;gid://shopify/ProductVariant/46393504629031;5;0;true
AN03410-19;gid://shopify/ProductVariant/46393504661799;5;0;true
AN03410-20;gid://shopify/ProductVariant/46393504694567;5;0;true
AN03410-21;gid://shopify/ProductVariant/46393504727335;5;0;true
AN03410-22;gid://shopify/ProductVariant/46393504760103;5;0;true
AN03430-10;gid://shopify/ProductVariant/46393547522343;0;0;false
AN03430-11;gid://shopify/ProductVariant/46393547555111;0;0;false
AN03430-12;gid://shopify/ProductVariant/46393547587879;0;0;false
AN03430-13;gid://shopify/ProductVariant/46393547620647;0;0;false
AN03430-14;gid://shopify/ProductVariant/46393547653415;0;0;false
AN03430-15;gid://shopify/ProductVariant/46393547686183;0;0;false
AN03430-16;gid://shopify/ProductVariant/46393547718951;0;0;false
AN03430-17;gid://shopify/ProductVariant/46393547751719;0;0;false
AN03430-18;gid://shopify/ProductVariant/46393547784487;0;0;false
AN03430-19;gid://shopify/ProductVariant/46393547817255;0;0;false
AN03430-20;gid://shopify/ProductVariant/46393547850023;0;0;false
AN03430-21;gid://shopify/ProductVariant/46393547882791;0;0;false
AN03430-22;gid://shopify/ProductVariant/46393547915559;0;0;false
AN03442-10;gid://shopify/ProductVariant/46509321552167;0;0;false
AN03442-11;gid://shopify/ProductVariant/46509321584935;0;0;false
AN03442-12;gid://shopify/ProductVariant/46509321617703;0;0;false
AN03442-13;gid://shopify/ProductVariant/46509321650471;0;0;false
AN03442-14;gid://shopify/ProductVariant/46509321683239;0;0;false
AN03442-15;gid://shopify/ProductVariant/46509321716007;0;0;false
AN03442-16;gid://shopify/ProductVariant/46509321748775;0;0;false
AN03442-17;gid://shopify/ProductVariant/46509321781543;0;0;false
AN03442-18;gid://shopify/ProductVariant/46509321814311;0;0;false
AN03442-19;gid://shopify/ProductVariant/46509321847079;0;0;false
AN03442-20;gid://shopify/ProductVariant/46509321879847;0;0;false
AN03442-21;gid://shopify/ProductVariant/46509321912615;0;0;false
AN03442-22;gid://shopify/ProductVariant/46509321945383;0;0;false
AN03444-10;gid://shopify/ProductVariant/46393498730791;0;0;false
AN03444-11;gid://shopify/ProductVariant/46393498763559;0;0;false
AN03444-12;gid://shopify/ProductVariant/46393498796327;0;0;false
AN03444-13;gid://shopify/ProductVariant/46393498829095;0;0;false
AN03444-14;gid://shopify/ProductVariant/46393498861863;0;0;false
AN03444-15;gid://shopify/ProductVariant/46393498894631;0;0;false
AN03444-16;gid://shopify/ProductVariant/46393498927399;0;0;false
AN03444-17;gid://shopify/ProductVariant/46393498960167;0;0;false
AN03444-18;gid://shopify/ProductVariant/46393498992935;0;0;false
AN03444-19;gid://shopify/ProductVariant/46393499025703;0;0;false
AN03444-20;gid://shopify/ProductVariant/46393499058471;0;0;false
AN03444-21;gid://shopify/ProductVariant/46393499091239;0;0;false
AN03444-22;gid://shopify/ProductVariant/46393499124007;0;0;false
AN03448-10;gid://shopify/ProductVariant/46498370093351;0;0;false
AN03448-11;gid://shopify/ProductVariant/46498370126119;0;0;false
AN03448-12;gid://shopify/ProductVariant/46498370158887;0;0;false
AN03448-13;gid://shopify/ProductVariant/46498370191655;0;0;false
AN03448-14;gid://shopify/ProductVariant/46498370224423;0;0;false
AN03448-15;gid://shopify/ProductVariant/46498370257191;0;0;false
AN03448-16;gid://shopify/ProductVariant/46498370289959;0;0;false
AN03448-17;gid://shopify/ProductVariant/46498370322727;0;0;false
AN03448-18;gid://shopify/ProductVariant/46498370388263;0;0;false
AN03448-19;gid://shopify/ProductVariant/46498370421031;0;0;false
AN03448-20;gid://shopify/ProductVariant/46498370453799;0;0;false
AN03448-21;gid://shopify/ProductVariant/46498370486567;0;0;false
AN03448-22;gid://shopify/ProductVariant/46498370519335;0;0;false
AN03449-10;gid://shopify/ProductVariant/46498370814247;0;0;false
AN03449-11;gid://shopify/ProductVariant/46498370847015;0;0;false
AN03449-12;gid://shopify/ProductVariant/46498370879783;0;0;false
AN03449-13;gid://shopify/ProductVariant/46498370912551;0;0;false
AN03449-14;gid://shopify/ProductVariant/46498370945319;0;0;false
AN03449-15;gid://shopify/ProductVariant/46498370978087;0;0;false
AN03449-16;gid://shopify/ProductVariant/46498371010855;0;0;false
AN03449-17;gid://shopify/ProductVariant/46498371043623;0;0;false
AN03449-18;gid://shopify/ProductVariant/46498371076391;0;0;false
AN03449-19;gid://shopify/ProductVariant/46498371109159;0;0;false
AN03449-20;gid://shopify/ProductVariant/46498371141927;0;0;false
AN03449-21;gid://shopify/ProductVariant/46498371207463;0;0;false
AN03449-22;gid://shopify/ProductVariant/46498371240231;0;0;false
AN03453-10;gid://shopify/ProductVariant/46393548407079;0;0;false
AN03453-11;gid://shopify/ProductVariant/46393548439847;0;0;false
AN03453-12;gid://shopify/ProductVariant/46393548472615;0;0;false
AN03453-13;gid://shopify/ProductVariant/46393548505383;0;0;false
AN03453-14;gid://shopify/ProductVariant/46393548538151;0;0;false
AN03453-15;gid://shopify/ProductVariant/46393548570919;0;0;false
AN03453-16;gid://shopify/ProductVariant/46393548603687;0;0;false
AN03453-17;gid://shopify/ProductVariant/46393548636455;0;0;false
AN03453-18;gid://shopify/ProductVariant/46393548669223;0;0;false
AN03453-19;gid://shopify/ProductVariant/46393548701991;0;0;false
AN03453-20;gid://shopify/ProductVariant/46393548734759;0;0;false
AN03453-21;gid://shopify/ProductVariant/46393548767527;0;0;false
AN03453-22;gid://shopify/ProductVariant/46393548800295;0;0;false
AN03454-10;gid://shopify/ProductVariant/46509320241447;0;0;false
AN03454-11;gid://shopify/ProductVariant/46509320274215;0;0;false
AN03454-12;gid://shopify/ProductVariant/46509320306983;0;0;false
AN03454-13;gid://shopify/ProductVariant/46509320339751;0;0;false
AN03454-14;gid://shopify/ProductVariant/46509320372519;0;0;false
AN03454-15;gid://shopify/ProductVariant/46509320405287;0;0;false
AN03454-16;gid://shopify/ProductVariant/46509320438055;0;0;false
AN03454-17;gid://shopify/ProductVariant/46509320470823;0;0;false
AN03454-18;gid://shopify/ProductVariant/46509320503591;0;0;false
AN03454-19;gid://shopify/ProductVariant/46509320536359;0;0;false
AN03454-20;gid://shopify/ProductVariant/46509320569127;0;0;false
AN03454-21;gid://shopify/ProductVariant/46509320601895;0;0;false
AN03454-22;gid://shopify/ProductVariant/46509320634663;0;0;false
AN03456-10;gid://shopify/ProductVariant/46393505055015;0;0;false
AN03456-11;gid://shopify/ProductVariant/46393505087783;0;0;false
AN03456-12;gid://shopify/ProductVariant/46393505120551;0;0;false
AN03456-13;gid://shopify/ProductVariant/46393505153319;0;0;false
AN03456-14;gid://shopify/ProductVariant/46393505186087;0;0;false
AN03456-15;gid://shopify/ProductVariant/46393505218855;0;0;false
AN03456-16;gid://shopify/ProductVariant/46393505251623;0;0;false
AN03456-17;gid://shopify/ProductVariant/46393505284391;0;0;false
AN03456-18;gid://shopify/ProductVariant/46393505317159;0;0;false
AN03456-19;gid://shopify/ProductVariant/46393505349927;0;0;false
AN03456-20;gid://shopify/ProductVariant/46393505382695;0;0;false
AN03456-21;gid://shopify/ProductVariant/46393505415463;0;0;false
AN03456-22;gid://shopify/ProductVariant/46393505448231;0;0;false
AN03459-10;gid://shopify/ProductVariant/46509316669735;5;0;true
AN03459-11;gid://shopify/ProductVariant/46509316702503;5;0;true
AN03459-12;gid://shopify/ProductVariant/46509316735271;5;0;true
AN03459-13;gid://shopify/ProductVariant/46509316768039;5;0;true
AN03459-14;gid://shopify/ProductVariant/46509316800807;5;0;true
AN03459-15;gid://shopify/ProductVariant/46509316833575;5;0;true
AN03459-16;gid://shopify/ProductVariant/46509316866343;5;0;true
AN03459-17;gid://shopify/ProductVariant/46509316899111;5;0;true
AN03459-18;gid://shopify/ProductVariant/46509316931879;5;0;true
AN03459-19;gid://shopify/ProductVariant/46509316964647;5;0;true
AN03459-20;gid://shopify/ProductVariant/46509316997415;5;0;true
AN03459-21;gid://shopify/ProductVariant/46509317030183;5;0;true
AN03459-22;gid://shopify/ProductVariant/46509317062951;5;0;true
AN03460-10;gid://shopify/ProductVariant/46509317259559;5;0;true
AN03460-11;gid://shopify/ProductVariant/46509317325095;5;0;true
AN03460-12;gid://shopify/ProductVariant/46509317390631;5;0;true
AN03460-13;gid://shopify/ProductVariant/46509317456167;5;0;true
AN03460-14;gid://shopify/ProductVariant/46509317521703;5;0;true
AN03460-15;gid://shopify/ProductVariant/46509317587239;5;0;true
AN03460-16;gid://shopify/ProductVariant/46509317652775;5;0;true
AN03460-17;gid://shopify/ProductVariant/46509317718311;5;0;true
AN03460-18;gid://shopify/ProductVariant/46509317751079;5;0;true
AN03460-19;gid://shopify/ProductVariant/46509317816615;5;0;true
AN03460-20;gid://shopify/ProductVariant/46509317882151;5;0;true
AN03460-21;gid://shopify/ProductVariant/46509317947687;5;0;true
AN03460-22;gid://shopify/ProductVariant/46509318013223;5;0;true
AN03462-10;gid://shopify/ProductVariant/46509322207527;5;0;true
AN03462-11;gid://shopify/ProductVariant/46509322240295;5;0;true
AN03462-12;gid://shopify/ProductVariant/46509322273063;5;0;true
AN03462-13;gid://shopify/ProductVariant/46509322305831;5;0;true
AN03462-14;gid://shopify/ProductVariant/46509322338599;5;0;true
AN03462-15;gid://shopify/ProductVariant/46509322371367;5;0;true
AN03462-16;gid://shopify/ProductVariant/46509322404135;5;0;true
AN03462-17;gid://shopify/ProductVariant/46509322436903;5;0;true
AN03462-18;gid://shopify/ProductVariant/46509322469671;5;0;true
AN03462-19;gid://shopify/ProductVariant/46509322502439;5;0;true
AN03462-20;gid://shopify/ProductVariant/46509322535207;5;0;true
AN03462-21;gid://shopify/ProductVariant/46509322567975;5;0;true
AN03462-22;gid://shopify/ProductVariant/46509322600743;5;0;true
AN03472-10;gid://shopify/ProductVariant/46393549259047;0;0;false
AN03472-11;gid://shopify/ProductVariant/46393549291815;0;0;false
AN03472-12;gid://shopify/ProductVariant/46393549324583;0;0;false
AN03472-13;gid://shopify/ProductVariant/46393549357351;0;0;false
AN03472-14;gid://shopify/ProductVariant/46393549390119;0;0;false
AN03472-15;gid://shopify/ProductVariant/46393549422887;0;0;false
AN03472-16;gid://shopify/ProductVariant/46393549455655;0;0;false
AN03472-17;gid://shopify/ProductVariant/46393549488423;0;0;false
AN03472-18;gid://shopify/ProductVariant/46393549521191;0;0;false
AN03472-19;gid://shopify/ProductVariant/46393549553959;0;0;false
AN03472-20;gid://shopify/ProductVariant/46393549586727;0;0;false
AN03472-21;gid://shopify/ProductVariant/46393549619495;0;0;false
AN03472-22;gid://shopify/ProductVariant/46393549652263;0;0;false
AN03473-10;gid://shopify/ProductVariant/46509323157799;0;0;false
AN03473-11;gid://shopify/ProductVariant/46509323190567;0;0;false
AN03473-12;gid://shopify/ProductVariant/46509323223335;0;0;false
AN03473-13;gid://shopify/ProductVariant/46509323256103;0;0;false
AN03473-14;gid://shopify/ProductVariant/46509323288871;0;0;false
AN03473-15;gid://shopify/ProductVariant/46509323321639;0;0;false
AN03473-16;gid://shopify/ProductVariant/46509323354407;0;0;false
AN03473-17;gid://shopify/ProductVariant/46509323387175;0;0;false
AN03473-18;gid://shopify/ProductVariant/46509323419943;0;0;false
AN03473-19;gid://shopify/ProductVariant/46509323452711;0;0;false
AN03473-20;gid://shopify/ProductVariant/46509323485479;0;0;false
AN03473-21;gid://shopify/ProductVariant/46509323518247;0;0;false
AN03473-22;gid://shopify/ProductVariant/46509323551015;0;0;false
AN03482-10;gid://shopify/ProductVariant/46509495320871;0;0;false
AN03482-11;gid://shopify/ProductVariant/46509495353639;0;0;false
AN03482-12;gid://shopify/ProductVariant/46509495386407;0;0;false
AN03482-13;gid://shopify/ProductVariant/46509495419175;0;0;false
AN03482-14;gid://shopify/ProductVariant/46509495451943;0;0;false
AN03482-15;gid://shopify/ProductVariant/46509495484711;0;0;false
AN03482-16;gid://shopify/ProductVariant/46509495517479;0;0;false
AN03482-17;gid://shopify/ProductVariant/46509495550247;0;0;false
AN03482-18;gid://shopify/ProductVariant/46509495583015;0;0;false
AN03482-19;gid://shopify/ProductVariant/46509495615783;0;0;false
AN03482-20;gid://shopify/ProductVariant/46509495648551;0;0;false
AN03482-21;gid://shopify/ProductVariant/46509495681319;0;0;false
AN03482-22;gid://shopify/ProductVariant/46509495714087;0;0;false
AN03492-10;gid://shopify/ProductVariant/46498372780327;0;0;false
AN03492-11;gid://shopify/ProductVariant/46498372813095;0;0;false
AN03492-12;gid://shopify/ProductVariant/46498372845863;0;0;false
AN03492-13;gid://shopify/ProductVariant/46498372878631;0;0;false
AN03492-14;gid://shopify/ProductVariant/46498372911399;0;0;false
AN03492-15;gid://shopify/ProductVariant/46498372944167;0;0;false
AN03492-16;gid://shopify/ProductVariant/46498372976935;0;0;false
AN03492-17;gid://shopify/ProductVariant/46498373009703;0;0;false
AN03492-18;gid://shopify/ProductVariant/46498373042471;0;0;false
AN03492-19;gid://shopify/ProductVariant/46498373075239;0;0;false
AN03492-20;gid://shopify/ProductVariant/46498373108007;0;0;false
AN03492-21;gid://shopify/ProductVariant/46498373140775;0;0;false
AN03492-22;gid://shopify/ProductVariant/46498373173543;0;0;false
AN03496-10;gid://shopify/ProductVariant/46393550143783;0;0;false
AN03496-11;gid://shopify/ProductVariant/46393550176551;0;0;false
AN03496-12;gid://shopify/ProductVariant/46393550209319;0;0;false
AN03496-13;gid://shopify/ProductVariant/46393550242087;0;0;false
AN03496-14;gid://shopify/ProductVariant/46393550274855;0;0;false
AN03496-15;gid://shopify/ProductVariant/46393550307623;0;0;false
AN03496-16;gid://shopify/ProductVariant/46393550340391;0;0;false
AN03496-17;gid://shopify/ProductVariant/46393550373159;0;0;false
AN03496-18;gid://shopify/ProductVariant/46393550405927;0;0;false
AN03496-19;gid://shopify/ProductVariant/46393550438695;0;0;false
AN03496-20;gid://shopify/ProductVariant/46393550471463;0;0;false
AN03496-21;gid://shopify/ProductVariant/46393550504231;0;0;false
AN03496-22;gid://shopify/ProductVariant/46393550536999;0;0;false
AN03497-10;gid://shopify/ProductVariant/46393550569767;0;0;false
AN03497-11;gid://shopify/ProductVariant/46393550602535;0;0;false
AN03497-12;gid://shopify/ProductVariant/46393550635303;0;0;false
AN03497-13;gid://shopify/ProductVariant/46393550668071;0;0;false
AN03497-14;gid://shopify/ProductVariant/46393550700839;0;0;false
AN03497-15;gid://shopify/ProductVariant/46393550733607;0;0;false
AN03497-16;gid://shopify/ProductVariant/46393550766375;0;0;false
AN03497-17;gid://shopify/ProductVariant/46393550799143;0;0;false
AN03497-18;gid://shopify/ProductVariant/46393550831911;0;0;false
AN03497-19;gid://shopify/ProductVariant/46393550864679;0;0;false
AN03497-20;gid://shopify/ProductVariant/46393550897447;0;0;false
AN03497-21;gid://shopify/ProductVariant/46393550930215;0;0;false
AN03497-22;gid://shopify/ProductVariant/46393550962983;0;0;false
AN03498-10;gid://shopify/ProductVariant/46509324828967;0;0;false
AN03498-11;gid://shopify/ProductVariant/46509324894503;0;0;false
AN03498-12;gid://shopify/ProductVariant/46509324960039;0;0;false
AN03498-13;gid://shopify/ProductVariant/46509324992807;0;0;false
AN03498-14;gid://shopify/ProductVariant/46509325058343;0;0;false
AN03498-15;gid://shopify/ProductVariant/46509325123879;0;0;false
AN03498-16;gid://shopify/ProductVariant/46509325189415;0;0;false
AN03498-17;gid://shopify/ProductVariant/46509325254951;0;0;false
AN03498-18;gid://shopify/ProductVariant/46509325353255;0;0;false
AN03498-19;gid://shopify/ProductVariant/46509325418791;0;0;false
AN03498-20;gid://shopify/ProductVariant/46509325451559;0;0;false
AN03498-21;gid://shopify/ProductVariant/46509325517095;0;0;false
AN03498-22;gid://shopify/ProductVariant/46509325582631;0;0;false
AN03500-10;gid://shopify/ProductVariant/46509495910695;0;0;false
AN03500-11;gid://shopify/ProductVariant/46509495943463;0;0;false
AN03500-12;gid://shopify/ProductVariant/46509495976231;0;0;false
AN03500-13;gid://shopify/ProductVariant/46509496008999;0;0;false
AN03500-14;gid://shopify/ProductVariant/46509496041767;0;0;false
AN03500-15;gid://shopify/ProductVariant/46509496074535;0;0;false
AN03500-16;gid://shopify/ProductVariant/46509496107303;0;0;false
AN03500-17;gid://shopify/ProductVariant/46509496140071;0;0;false
AN03500-18;gid://shopify/ProductVariant/46509496172839;0;0;false
AN03500-19;gid://shopify/ProductVariant/46509496205607;0;0;false
AN03500-20;gid://shopify/ProductVariant/46509496238375;0;0;false
AN03500-21;gid://shopify/ProductVariant/46509496271143;0;0;false
AN03500-22;gid://shopify/ProductVariant/46509496303911;0;0;false
AN03501-10;gid://shopify/ProductVariant/46509496729895;0;0;false
AN03501-11;gid://shopify/ProductVariant/46509496762663;0;0;false
AN03501-12;gid://shopify/ProductVariant/46509496795431;0;0;false
AN03501-13;gid://shopify/ProductVariant/46509496828199;0;0;false
AN03501-14;gid://shopify/ProductVariant/46509496860967;0;0;false
AN03501-15;gid://shopify/ProductVariant/46509496893735;0;0;false
AN03501-16;gid://shopify/ProductVariant/46509496926503;0;0;false
AN03501-17;gid://shopify/ProductVariant/46509496959271;0;0;false
AN03501-18;gid://shopify/ProductVariant/46509496992039;0;0;false
AN03501-19;gid://shopify/ProductVariant/46509497024807;0;0;false
AN03501-20;gid://shopify/ProductVariant/46509497057575;0;0;false
AN03501-21;gid://shopify/ProductVariant/46509497090343;0;0;false
AN03501-22;gid://shopify/ProductVariant/46509497123111;0;0;false
AN03505-10;gid://shopify/ProductVariant/46393447973159;5;0;true
AN03505-11;gid://shopify/ProductVariant/46393448005927;5;0;true
AN03505-12;gid://shopify/ProductVariant/46393448038695;5;0;true
AN03505-13;gid://shopify/ProductVariant/46393448071463;5;0;true
AN03505-14;gid://shopify/ProductVariant/46393448104231;5;0;true
AN03505-15;gid://shopify/ProductVariant/46393448136999;5;0;true
AN03505-16;gid://shopify/ProductVariant/46393448169767;5;0;true
AN03505-17;gid://shopify/ProductVariant/46393448202535;5;0;true
AN03505-18;gid://shopify/ProductVariant/46393448235303;5;0;true
AN03505-19;gid://shopify/ProductVariant/46393448268071;5;0;true
AN03505-20;gid://shopify/ProductVariant/46393448300839;5;0;true
AN03505-21;gid://shopify/ProductVariant/46393448333607;5;0;true
AN03505-22;gid://shopify/ProductVariant/46393448366375;5;0;true
AN03506-10;gid://shopify/ProductVariant/46393446695207;5;0;true
AN03506-11;gid://shopify/ProductVariant/46393446727975;5;0;true
AN03506-12;gid://shopify/ProductVariant/46393446760743;5;0;true
AN03506-13;gid://shopify/ProductVariant/46393446793511;5;0;true
AN03506-14;gid://shopify/ProductVariant/46393446826279;5;0;true
AN03506-15;gid://shopify/ProductVariant/46393446859047;5;0;true
AN03506-16;gid://shopify/ProductVariant/46393446891815;5;0;true
AN03506-17;gid://shopify/ProductVariant/46393446924583;5;0;true
AN03506-18;gid://shopify/ProductVariant/46393446957351;5;0;true
AN03506-19;gid://shopify/ProductVariant/46393446990119;5;0;true
AN03506-20;gid://shopify/ProductVariant/46393447022887;5;0;true
AN03506-21;gid://shopify/ProductVariant/46393447055655;5;0;true
AN03506-22;gid://shopify/ProductVariant/46393447088423;5;0;true
AN03510-10;gid://shopify/ProductVariant/46498360033575;0;0;false
AN03510-11;gid://shopify/ProductVariant/46498360066343;0;0;false
AN03510-12;gid://shopify/ProductVariant/46498360099111;0;0;false
AN03510-13;gid://shopify/ProductVariant/46498360131879;0;0;false
AN03510-14;gid://shopify/ProductVariant/46498360164647;0;0;false
AN03510-15;gid://shopify/ProductVariant/46498360197415;0;0;false
AN03510-16;gid://shopify/ProductVariant/46498360230183;0;0;false
AN03510-17;gid://shopify/ProductVariant/46498360262951;0;0;false
AN03510-18;gid://shopify/ProductVariant/46498360295719;0;0;false
AN03510-19;gid://shopify/ProductVariant/46498360328487;0;0;false
AN03510-20;gid://shopify/ProductVariant/46498360361255;0;0;false
AN03510-21;gid://shopify/ProductVariant/46498360394023;0;0;false
AN03510-22;gid://shopify/ProductVariant/46498360426791;0;0;false
AN03512-10;gid://shopify/ProductVariant/46393448628519;5;0;true
AN03512-11;gid://shopify/ProductVariant/46393448661287;5;0;true
AN03512-12;gid://shopify/ProductVariant/46393448694055;5;0;true
AN03512-13;gid://shopify/ProductVariant/46393448726823;5;0;true
AN03512-14;gid://shopify/ProductVariant/46393448759591;5;0;true
AN03512-15;gid://shopify/ProductVariant/46393448792359;5;0;true
AN03512-16;gid://shopify/ProductVariant/46393448825127;5;0;true
AN03512-17;gid://shopify/ProductVariant/46393448857895;5;0;true
AN03512-18;gid://shopify/ProductVariant/46393448890663;5;0;true
AN03512-19;gid://shopify/ProductVariant/46393448923431;5;0;true
AN03512-20;gid://shopify/ProductVariant/46393448956199;5;0;true
AN03512-21;gid://shopify/ProductVariant/46393448988967;5;0;true
AN03512-22;gid://shopify/ProductVariant/46393449021735;5;0;true
AN03513-10;gid://shopify/ProductVariant/46393447383335;5;0;true
AN03513-11;gid://shopify/ProductVariant/46393447416103;5;0;true
AN03513-12;gid://shopify/ProductVariant/46393447448871;5;0;true
AN03513-13;gid://shopify/ProductVariant/46393447481639;5;0;true
AN03513-14;gid://shopify/ProductVariant/46393447514407;5;0;true
AN03513-15;gid://shopify/ProductVariant/46393447547175;5;0;true
AN03513-16;gid://shopify/ProductVariant/46393447579943;5;0;true
AN03513-17;gid://shopify/ProductVariant/46393447612711;5;0;true
AN03513-18;gid://shopify/ProductVariant/46393447645479;5;0;true
AN03513-19;gid://shopify/ProductVariant/46393447678247;5;0;true
AN03513-20;gid://shopify/ProductVariant/46393447711015;5;0;true
AN03513-21;gid://shopify/ProductVariant/46393447743783;5;0;true
AN03513-22;gid://shopify/ProductVariant/46393447776551;5;0;true
AN03514-10;gid://shopify/ProductVariant/46509326303527;0;0;false
AN03514-11;gid://shopify/ProductVariant/46509326336295;0;0;false
AN03514-12;gid://shopify/ProductVariant/46509326369063;0;0;false
AN03514-13;gid://shopify/ProductVariant/46509326401831;0;0;false
AN03514-14;gid://shopify/ProductVariant/46509326434599;0;0;false
AN03514-15;gid://shopify/ProductVariant/46509326467367;0;0;false
AN03514-16;gid://shopify/ProductVariant/46509326500135;0;0;false
AN03514-17;gid://shopify/ProductVariant/46509326532903;0;0;false
AN03514-18;gid://shopify/ProductVariant/46509326565671;0;0;false
AN03514-19;gid://shopify/ProductVariant/46509326598439;0;0;false
AN03514-20;gid://shopify/ProductVariant/46509326631207;0;0;false
AN03514-21;gid://shopify/ProductVariant/46509326663975;0;0;false
AN03514-22;gid://shopify/ProductVariant/46509326696743;0;0;false
AN03515-10;gid://shopify/ProductVariant/46393551880487;0;0;false
AN03515-11;gid://shopify/ProductVariant/46393551913255;0;0;false
AN03515-12;gid://shopify/ProductVariant/46393551946023;0;0;false
AN03515-13;gid://shopify/ProductVariant/46393551978791;0;0;false
AN03515-14;gid://shopify/ProductVariant/46393552011559;0;0;false
AN03515-15;gid://shopify/ProductVariant/46393552044327;0;0;false
AN03515-16;gid://shopify/ProductVariant/46393552077095;0;0;false
AN03515-17;gid://shopify/ProductVariant/46393552109863;0;0;false
AN03515-18;gid://shopify/ProductVariant/46393552142631;0;0;false
AN03515-19;gid://shopify/ProductVariant/46393552175399;0;0;false
AN03515-20;gid://shopify/ProductVariant/46393552208167;0;0;false
AN03515-21;gid://shopify/ProductVariant/46393552240935;0;0;false
AN03515-22;gid://shopify/ProductVariant/46393552273703;0;0;false
AN03518-10;gid://shopify/ProductVariant/46393443156263;0;0;false
AN03518-11;gid://shopify/ProductVariant/46393443189031;0;0;false
AN03518-12;gid://shopify/ProductVariant/46393443221799;0;0;false
AN03518-13;gid://shopify/ProductVariant/46393443254567;0;0;false
AN03518-14;gid://shopify/ProductVariant/46393443287335;0;0;false
AN03518-15;gid://shopify/ProductVariant/46393443320103;0;0;false
AN03518-16;gid://shopify/ProductVariant/46393443352871;0;0;false
AN03518-17;gid://shopify/ProductVariant/46393443385639;0;0;false
AN03518-18;gid://shopify/ProductVariant/46393443418407;0;0;false
AN03518-19;gid://shopify/ProductVariant/46393443451175;0;0;false
AN03518-20;gid://shopify/ProductVariant/46393443483943;0;0;false
AN03518-21;gid://shopify/ProductVariant/46393443516711;0;0;false
AN03518-22;gid://shopify/ProductVariant/46393443549479;0;0;false
AN03522-10;gid://shopify/ProductVariant/46509315719463;0;0;false
AN03522-11;gid://shopify/ProductVariant/46509315752231;0;0;false
AN03522-12;gid://shopify/ProductVariant/46509315784999;0;0;false
AN03522-13;gid://shopify/ProductVariant/46509315817767;0;0;false
AN03522-14;gid://shopify/ProductVariant/46509315850535;0;0;false
AN03522-15;gid://shopify/ProductVariant/46509315883303;0;0;false
AN03522-16;gid://shopify/ProductVariant/46509315916071;0;0;false
AN03522-17;gid://shopify/ProductVariant/46509315948839;0;0;false
AN03522-18;gid://shopify/ProductVariant/46509315981607;0;0;false
AN03522-19;gid://shopify/ProductVariant/46509316014375;0;0;false
AN03522-20;gid://shopify/ProductVariant/46509316047143;0;0;false
AN03522-21;gid://shopify/ProductVariant/46509316079911;0;0;false
AN03522-22;gid://shopify/ProductVariant/46509316112679;0;0;false
AN03523-10;gid://shopify/ProductVariant/46509291831591;0;0;false
AN03523-11;gid://shopify/ProductVariant/46509291864359;0;0;false
AN03523-12;gid://shopify/ProductVariant/46509291897127;0;0;false
AN03523-13;gid://shopify/ProductVariant/46509291929895;0;0;false
AN03523-14;gid://shopify/ProductVariant/46509291962663;0;0;false
AN03523-15;gid://shopify/ProductVariant/46509291995431;0;0;false
AN03523-16;gid://shopify/ProductVariant/46509292028199;0;0;false
AN03523-17;gid://shopify/ProductVariant/46509292060967;0;0;false
AN03523-18;gid://shopify/ProductVariant/46509292093735;0;0;false
AN03523-19;gid://shopify/ProductVariant/46509292126503;0;0;false
AN03523-20;gid://shopify/ProductVariant/46509292159271;0;0;false
AN03523-21;gid://shopify/ProductVariant/46509292192039;0;0;false
AN03523-22;gid://shopify/ProductVariant/46509292224807;0;0;false
AN03530-10;gid://shopify/ProductVariant/46393444335911;0;0;false
AN03530-11;gid://shopify/ProductVariant/46393444368679;0;0;false
AN03530-12;gid://shopify/ProductVariant/46393444401447;0;0;false
AN03530-13;gid://shopify/ProductVariant/46393444434215;0;0;false
AN03530-14;gid://shopify/ProductVariant/46393444466983;0;0;false
AN03530-15;gid://shopify/ProductVariant/46393444499751;0;0;false
AN03530-16;gid://shopify/ProductVariant/46393444532519;0;0;false
AN03530-17;gid://shopify/ProductVariant/46393444565287;0;0;false
AN03530-18;gid://shopify/ProductVariant/46393444598055;0;0;false
AN03530-19;gid://shopify/ProductVariant/46393444630823;0;0;false
AN03530-20;gid://shopify/ProductVariant/46393444663591;0;0;false
AN03530-21;gid://shopify/ProductVariant/46393444696359;0;0;false
AN03530-22;gid://shopify/ProductVariant/46393444729127;0;0;false
AN03531-10;gid://shopify/ProductVariant/46393444860199;0;0;false
AN03531-11;gid://shopify/ProductVariant/46393444892967;0;0;false
AN03531-12;gid://shopify/ProductVariant/46393444925735;0;0;false
AN03531-13;gid://shopify/ProductVariant/46393444958503;0;0;false
AN03531-14;gid://shopify/ProductVariant/46393444991271;0;0;false
AN03531-15;gid://shopify/ProductVariant/46393445024039;0;0;false
AN03531-16;gid://shopify/ProductVariant/46393445056807;0;0;false
AN03531-17;gid://shopify/ProductVariant/46393445089575;0;0;false
AN03531-18;gid://shopify/ProductVariant/46393445122343;0;0;false
AN03531-19;gid://shopify/ProductVariant/46393445155111;0;0;false
AN03531-20;gid://shopify/ProductVariant/46393445187879;0;0;false
AN03531-21;gid://shopify/ProductVariant/46393445220647;0;0;false
AN03531-22;gid://shopify/ProductVariant/46393445286183;0;0;false
AN03532-10;gid://shopify/ProductVariant/46393445548327;0;0;false
AN03532-11;gid://shopify/ProductVariant/46393445581095;0;0;false
AN03532-12;gid://shopify/ProductVariant/46393445613863;0;0;false
AN03532-13;gid://shopify/ProductVariant/46393445646631;0;0;false
AN03532-14;gid://shopify/ProductVariant/46393445679399;0;0;false
AN03532-15;gid://shopify/ProductVariant/46393445712167;0;0;false
AN03532-16;gid://shopify/ProductVariant/46393445744935;0;0;false
AN03532-17;gid://shopify/ProductVariant/46393445777703;0;0;false
AN03532-18;gid://shopify/ProductVariant/46393445810471;0;0;false
AN03532-19;gid://shopify/ProductVariant/46393445843239;0;0;false
AN03532-20;gid://shopify/ProductVariant/46393445876007;0;0;false
AN03532-21;gid://shopify/ProductVariant/46393445908775;0;0;false
AN03532-22;gid://shopify/ProductVariant/46393445941543;0;0;false
AN03533-10;gid://shopify/ProductVariant/46498360787239;0;0;false
AN03533-11;gid://shopify/ProductVariant/46498360820007;0;0;false
AN03533-12;gid://shopify/ProductVariant/46498360852775;0;0;false
AN03533-13;gid://shopify/ProductVariant/46498360885543;0;0;false
AN03533-14;gid://shopify/ProductVariant/46498360918311;0;0;false
AN03533-15;gid://shopify/ProductVariant/46498360951079;0;0;false
AN03533-16;gid://shopify/ProductVariant/46498360983847;0;0;false
AN03533-17;gid://shopify/ProductVariant/46498361016615;0;0;false
AN03533-18;gid://shopify/ProductVariant/46498361049383;0;0;false
AN03533-19;gid://shopify/ProductVariant/46498361082151;0;0;false
AN03533-20;gid://shopify/ProductVariant/46498361114919;0;0;false
AN03533-21;gid://shopify/ProductVariant/46498361147687;0;0;false
AN03533-22;gid://shopify/ProductVariant/46498361180455;0;0;false
AN03536-10;gid://shopify/ProductVariant/46509326926119;0;0;false
AN03536-11;gid://shopify/ProductVariant/46509326958887;0;0;false
AN03536-12;gid://shopify/ProductVariant/46509326991655;0;0;false
AN03536-13;gid://shopify/ProductVariant/46509327024423;0;0;false
AN03536-14;gid://shopify/ProductVariant/46509327057191;0;0;false
AN03536-15;gid://shopify/ProductVariant/46509327089959;0;0;false
AN03536-16;gid://shopify/ProductVariant/46509327122727;0;0;false
AN03536-17;gid://shopify/ProductVariant/46509327155495;0;0;false
AN03536-18;gid://shopify/ProductVariant/46509327188263;0;0;false
AN03536-19;gid://shopify/ProductVariant/46509327221031;0;0;false
AN03536-20;gid://shopify/ProductVariant/46509327253799;0;0;false
AN03536-21;gid://shopify/ProductVariant/46509327286567;0;0;false
AN03536-22;gid://shopify/ProductVariant/46509327319335;0;0;false
AN03537-10;gid://shopify/ProductVariant/46393523274023;0;0;false
AN03537-11;gid://shopify/ProductVariant/46393523306791;0;0;false
AN03537-12;gid://shopify/ProductVariant/46393523339559;0;0;false
AN03537-13;gid://shopify/ProductVariant/46393523372327;0;0;false
AN03537-14;gid://shopify/ProductVariant/46393523405095;0;0;false
AN03537-15;gid://shopify/ProductVariant/46393523437863;0;0;false
AN03537-16;gid://shopify/ProductVariant/46393523470631;0;0;false
AN03537-17;gid://shopify/ProductVariant/46393523503399;0;0;false
AN03537-18;gid://shopify/ProductVariant/46393523536167;0;0;false
AN03537-19;gid://shopify/ProductVariant/46393523568935;0;0;false
AN03537-20;gid://shopify/ProductVariant/46393523601703;0;0;false
AN03537-21;gid://shopify/ProductVariant/46393523634471;0;0;false
AN03537-22;gid://shopify/ProductVariant/46393523667239;0;0;false
AN03540-10;gid://shopify/ProductVariant/46509498761511;0;0;false
AN03540-11;gid://shopify/ProductVariant/46509498794279;0;0;false
AN03540-12;gid://shopify/ProductVariant/46509498827047;0;0;false
AN03540-13;gid://shopify/ProductVariant/46509498859815;0;0;false
AN03540-14;gid://shopify/ProductVariant/46509498892583;0;0;false
AN03540-15;gid://shopify/ProductVariant/46509498925351;0;0;false
AN03540-16;gid://shopify/ProductVariant/46509498958119;0;0;false
AN03540-17;gid://shopify/ProductVariant/46509498990887;0;0;false
AN03540-18;gid://shopify/ProductVariant/46509499023655;0;0;false
AN03540-19;gid://shopify/ProductVariant/46509499056423;0;0;false
AN03540-20;gid://shopify/ProductVariant/46509499089191;0;0;false
AN03540-21;gid://shopify/ProductVariant/46509499121959;0;0;false
AN03540-22;gid://shopify/ProductVariant/46509499154727;0;0;false
AN03541-10;gid://shopify/ProductVariant/46393499156775;0;0;false
AN03541-11;gid://shopify/ProductVariant/46393499189543;0;0;false
AN03541-12;gid://shopify/ProductVariant/46393499222311;0;0;false
AN03541-13;gid://shopify/ProductVariant/46393499255079;0;0;false
AN03541-14;gid://shopify/ProductVariant/46393499287847;0;0;false
AN03541-15;gid://shopify/ProductVariant/46393499320615;0;0;false
AN03541-16;gid://shopify/ProductVariant/46393499353383;0;0;false
AN03541-17;gid://shopify/ProductVariant/46393499386151;0;0;false
AN03541-18;gid://shopify/ProductVariant/46393499418919;0;0;false
AN03541-19;gid://shopify/ProductVariant/46393499451687;0;0;false
AN03541-20;gid://shopify/ProductVariant/46393499484455;0;0;false
AN03541-21;gid://shopify/ProductVariant/46393499517223;0;0;false
AN03541-22;gid://shopify/ProductVariant/46393499549991;0;0;false
AN03542-10;gid://shopify/ProductVariant/46393505480999;0;0;false
AN03542-11;gid://shopify/ProductVariant/46393505513767;0;0;false
AN03542-12;gid://shopify/ProductVariant/46393505546535;0;0;false
AN03542-13;gid://shopify/ProductVariant/46393505579303;0;0;false
AN03542-14;gid://shopify/ProductVariant/46393505612071;0;0;false
AN03542-15;gid://shopify/ProductVariant/46393505644839;0;0;false
AN03542-16;gid://shopify/ProductVariant/46393505677607;0;0;false
AN03542-17;gid://shopify/ProductVariant/46393505710375;0;0;false
AN03542-18;gid://shopify/ProductVariant/46393505743143;0;0;false
AN03542-19;gid://shopify/ProductVariant/46393505775911;0;0;false
AN03542-20;gid://shopify/ProductVariant/46393505808679;0;0;false
AN03542-21;gid://shopify/ProductVariant/46393505841447;0;0;false
AN03542-22;gid://shopify/ProductVariant/46393505874215;0;0;false
AN03544-10;gid://shopify/ProductVariant/46393473892647;0;0;false
AN03544-11;gid://shopify/ProductVariant/46393473925415;0;0;false
AN03544-12;gid://shopify/ProductVariant/46393473958183;0;0;false
AN03544-13;gid://shopify/ProductVariant/46393473990951;0;0;false
AN03544-14;gid://shopify/ProductVariant/46393474023719;0;0;false
AN03544-15;gid://shopify/ProductVariant/46393474056487;0;0;false
AN03544-16;gid://shopify/ProductVariant/46393474089255;0;0;false
AN03544-17;gid://shopify/ProductVariant/46393474122023;0;0;false
AN03544-18;gid://shopify/ProductVariant/46393474154791;0;0;false
AN03544-19;gid://shopify/ProductVariant/46393474187559;0;0;false
AN03544-20;gid://shopify/ProductVariant/46393474220327;0;0;false
AN03544-21;gid://shopify/ProductVariant/46393474253095;0;0;false
AN03544-22;gid://shopify/ProductVariant/46393474285863;0;0;false
AN03546-10;gid://shopify/ProductVariant/46393555321127;0;0;false
AN03546-11;gid://shopify/ProductVariant/46393555353895;0;0;false
AN03546-12;gid://shopify/ProductVariant/46393555386663;0;0;false
AN03546-13;gid://shopify/ProductVariant/46393555419431;0;0;false
AN03546-14;gid://shopify/ProductVariant/46393555452199;0;0;false
AN03546-15;gid://shopify/ProductVariant/46393555484967;0;0;false
AN03546-16;gid://shopify/ProductVariant/46393555517735;0;0;false
AN03546-17;gid://shopify/ProductVariant/46393555550503;0;0;false
AN03546-18;gid://shopify/ProductVariant/46393555583271;0;0;false
AN03546-19;gid://shopify/ProductVariant/46393555616039;0;0;false
AN03546-20;gid://shopify/ProductVariant/46393555648807;0;0;false
AN03546-21;gid://shopify/ProductVariant/46393555681575;0;0;false
AN03546-22;gid://shopify/ProductVariant/46393555714343;0;0;false
AN03554-10;gid://shopify/ProductVariant/46393472516391;0;0;false
AN03554-11;gid://shopify/ProductVariant/46393472549159;0;0;false
AN03554-12;gid://shopify/ProductVariant/46393472581927;0;0;false
AN03554-13;gid://shopify/ProductVariant/46393472614695;0;0;false
AN03554-14;gid://shopify/ProductVariant/46393472647463;0;0;false
AN03554-15;gid://shopify/ProductVariant/46393472680231;0;0;false
AN03554-16;gid://shopify/ProductVariant/46393472712999;0;0;false
AN03554-17;gid://shopify/ProductVariant/46393472745767;0;0;false
AN03554-18;gid://shopify/ProductVariant/46393472778535;0;0;false
AN03554-19;gid://shopify/ProductVariant/46393472811303;0;0;false
AN03554-20;gid://shopify/ProductVariant/46393472844071;0;0;false
AN03554-21;gid://shopify/ProductVariant/46393472876839;0;0;false
AN03554-22;gid://shopify/ProductVariant/46393472909607;0;0;false
AN03556-10;gid://shopify/ProductVariant/46393462030631;5;0;true
AN03556-11;gid://shopify/ProductVariant/46393462063399;5;0;true
AN03556-12;gid://shopify/ProductVariant/46393462096167;5;0;true
AN03556-13;gid://shopify/ProductVariant/46393462128935;5;0;true
AN03556-14;gid://shopify/ProductVariant/46393462161703;5;0;true
AN03556-15;gid://shopify/ProductVariant/46393462194471;5;0;true
AN03556-16;gid://shopify/ProductVariant/46393462227239;5;0;true
AN03556-17;gid://shopify/ProductVariant/46393462260007;5;0;true
AN03556-18;gid://shopify/ProductVariant/46393462292775;5;0;true
AN03556-19;gid://shopify/ProductVariant/46393462325543;5;0;true
AN03556-20;gid://shopify/ProductVariant/46393462358311;5;0;true
AN03556-21;gid://shopify/ProductVariant/46393462391079;5;0;true
AN03556-22;gid://shopify/ProductVariant/46393462423847;5;0;true
AN03557-10;gid://shopify/ProductVariant/46393462751527;5;0;true
AN03557-11;gid://shopify/ProductVariant/46393462784295;5;0;true
AN03557-12;gid://shopify/ProductVariant/46393462817063;5;0;true
AN03557-13;gid://shopify/ProductVariant/46393462849831;5;0;true
AN03557-14;gid://shopify/ProductVariant/46393462882599;5;0;true
AN03557-15;gid://shopify/ProductVariant/46393462915367;5;0;true
AN03557-16;gid://shopify/ProductVariant/46393462948135;5;0;true
AN03557-17;gid://shopify/ProductVariant/46393462980903;5;0;true
AN03557-18;gid://shopify/ProductVariant/46393463013671;5;0;true
AN03557-19;gid://shopify/ProductVariant/46393463046439;5;0;true
AN03557-20;gid://shopify/ProductVariant/46393463079207;5;0;true
AN03557-21;gid://shopify/ProductVariant/46393463111975;5;0;true
AN03557-22;gid://shopify/ProductVariant/46393463144743;5;0;true
AN03558-10;gid://shopify/ProductVariant/46393463701799;5;0;true
AN03558-11;gid://shopify/ProductVariant/46393463734567;5;0;true
AN03558-12;gid://shopify/ProductVariant/46393463767335;5;0;true
AN03558-13;gid://shopify/ProductVariant/46393463800103;5;0;true
AN03558-14;gid://shopify/ProductVariant/46393463832871;5;0;true
AN03558-15;gid://shopify/ProductVariant/46393463865639;5;0;true
AN03558-16;gid://shopify/ProductVariant/46393463898407;5;0;true
AN03558-17;gid://shopify/ProductVariant/46393463931175;5;0;true
AN03558-18;gid://shopify/ProductVariant/46393463963943;5;0;true
AN03558-19;gid://shopify/ProductVariant/46393463996711;5;0;true
AN03558-20;gid://shopify/ProductVariant/46393464029479;5;0;true
AN03558-21;gid://shopify/ProductVariant/46393464062247;5;0;true
AN03558-22;gid://shopify/ProductVariant/46393464095015;5;0;true
AN03559-10;gid://shopify/ProductVariant/46393464258855;5;0;true
AN03559-11;gid://shopify/ProductVariant/46393464291623;5;0;true
AN03559-12;gid://shopify/ProductVariant/46393464324391;5;0;true
AN03559-13;gid://shopify/ProductVariant/46393464357159;5;0;true
AN03559-14;gid://shopify/ProductVariant/46393464389927;5;0;true
AN03559-15;gid://shopify/ProductVariant/46393464422695;5;0;true
AN03559-16;gid://shopify/ProductVariant/46393464455463;5;0;true
AN03559-17;gid://shopify/ProductVariant/46393464488231;5;0;true
AN03559-18;gid://shopify/ProductVariant/46393464520999;5;0;true
AN03559-19;gid://shopify/ProductVariant/46393464553767;5;0;true
AN03559-20;gid://shopify/ProductVariant/46393464586535;5;0;true
AN03559-21;gid://shopify/ProductVariant/46393464619303;5;0;true
AN03559-22;gid://shopify/ProductVariant/46393464652071;5;0;true
AN03560-10;gid://shopify/ProductVariant/46393465143591;5;0;true
AN03560-11;gid://shopify/ProductVariant/46393465176359;5;0;true
AN03560-12;gid://shopify/ProductVariant/46393465209127;5;0;true
AN03560-13;gid://shopify/ProductVariant/46393465241895;5;0;true
AN03560-14;gid://shopify/ProductVariant/46393465274663;5;0;true
AN03560-15;gid://shopify/ProductVariant/46393465307431;5;0;true
AN03560-16;gid://shopify/ProductVariant/46393465340199;5;0;true
AN03560-17;gid://shopify/ProductVariant/46393465372967;5;0;true
AN03560-18;gid://shopify/ProductVariant/46393465405735;5;0;true
AN03560-19;gid://shopify/ProductVariant/46393465438503;5;0;true
AN03560-20;gid://shopify/ProductVariant/46393465471271;5;0;true
AN03560-21;gid://shopify/ProductVariant/46393465504039;5;0;true
AN03560-22;gid://shopify/ProductVariant/46393465536807;5;0;true
AN03561-10;gid://shopify/ProductVariant/46393473073447;0;0;false
AN03561-11;gid://shopify/ProductVariant/46393473106215;0;0;false
AN03561-12;gid://shopify/ProductVariant/46393473138983;0;0;false
AN03561-13;gid://shopify/ProductVariant/46393473171751;0;0;false
AN03561-14;gid://shopify/ProductVariant/46393473204519;0;0;false
AN03561-15;gid://shopify/ProductVariant/46393473237287;0;0;false
AN03561-16;gid://shopify/ProductVariant/46393473270055;0;0;false
AN03561-17;gid://shopify/ProductVariant/46393473302823;0;0;false
AN03561-18;gid://shopify/ProductVariant/46393473335591;0;0;false
AN03561-19;gid://shopify/ProductVariant/46393473368359;0;0;false
AN03561-20;gid://shopify/ProductVariant/46393473401127;0;0;false
AN03561-21;gid://shopify/ProductVariant/46393473433895;0;0;false
AN03561-22;gid://shopify/ProductVariant/46393473466663;0;0;false
AN03562-10;gid://shopify/ProductVariant/46393465962791;0;0;false
AN03562-11;gid://shopify/ProductVariant/46393465995559;0;0;false
AN03562-12;gid://shopify/ProductVariant/46393466028327;0;0;false
AN03562-13;gid://shopify/ProductVariant/46393466061095;0;0;false
AN03562-14;gid://shopify/ProductVariant/46393466093863;0;0;false
AN03562-15;gid://shopify/ProductVariant/46393466126631;0;0;false
AN03562-16;gid://shopify/ProductVariant/46393466159399;0;0;false
AN03562-17;gid://shopify/ProductVariant/46393466192167;0;0;false
AN03562-18;gid://shopify/ProductVariant/46393466224935;0;0;false
AN03562-19;gid://shopify/ProductVariant/46393466257703;0;0;false
AN03562-20;gid://shopify/ProductVariant/46393466290471;0;0;false
AN03562-21;gid://shopify/ProductVariant/46393466323239;0;0;false
AN03562-22;gid://shopify/ProductVariant/46393466356007;0;0;false
AN03563-10;gid://shopify/ProductVariant/46393466552615;5;0;true
AN03563-11;gid://shopify/ProductVariant/46393466585383;5;0;true
AN03563-12;gid://shopify/ProductVariant/46393466618151;5;0;true
AN03563-13;gid://shopify/ProductVariant/46393466650919;5;0;true
AN03563-14;gid://shopify/ProductVariant/46393466683687;5;0;true
AN03563-15;gid://shopify/ProductVariant/46393466716455;5;0;true
AN03563-16;gid://shopify/ProductVariant/46393466749223;5;0;true
AN03563-17;gid://shopify/ProductVariant/46393466781991;5;0;true
AN03563-18;gid://shopify/ProductVariant/46393466814759;5;0;true
AN03563-19;gid://shopify/ProductVariant/46393466847527;5;0;true
AN03563-20;gid://shopify/ProductVariant/46393466880295;5;0;true
AN03563-21;gid://shopify/ProductVariant/46393466913063;5;0;true
AN03563-22;gid://shopify/ProductVariant/46393466945831;5;0;true
AN03564-10;gid://shopify/ProductVariant/46393467044135;5;0;true
AN03564-11;gid://shopify/ProductVariant/46393467076903;5;0;true
AN03564-12;gid://shopify/ProductVariant/46393467109671;5;0;true
AN03564-13;gid://shopify/ProductVariant/46393467142439;5;0;true
AN03564-14;gid://shopify/ProductVariant/46393467175207;5;0;true
AN03564-15;gid://shopify/ProductVariant/46393467207975;5;0;true
AN03564-16;gid://shopify/ProductVariant/46393467240743;5;0;true
AN03564-17;gid://shopify/ProductVariant/46393467273511;5;0;true
AN03564-18;gid://shopify/ProductVariant/46393467306279;5;0;true
AN03564-19;gid://shopify/ProductVariant/46393467339047;5;0;true
AN03564-20;gid://shopify/ProductVariant/46393467371815;5;0;true
AN03564-21;gid://shopify/ProductVariant/46393467404583;5;0;true
AN03564-22;gid://shopify/ProductVariant/46393467437351;5;0;true
AN03565-10;gid://shopify/ProductVariant/46393469305127;5;0;true
AN03565-11;gid://shopify/ProductVariant/46393469337895;5;0;true
AN03565-12;gid://shopify/ProductVariant/46393469370663;5;0;true
AN03565-13;gid://shopify/ProductVariant/46393469403431;5;0;true
AN03565-14;gid://shopify/ProductVariant/46393469436199;5;0;true
AN03565-15;gid://shopify/ProductVariant/46393469468967;5;0;true
AN03565-16;gid://shopify/ProductVariant/46393469501735;5;0;true
AN03565-17;gid://shopify/ProductVariant/46393469534503;5;0;true
AN03565-18;gid://shopify/ProductVariant/46393469567271;5;0;true
AN03565-19;gid://shopify/ProductVariant/46393469600039;5;0;true
AN03565-20;gid://shopify/ProductVariant/46393469632807;5;0;true
AN03565-21;gid://shopify/ProductVariant/46393469665575;5;0;true
AN03565-22;gid://shopify/ProductVariant/46393469698343;5;0;true
AN03566-10;gid://shopify/ProductVariant/46393469993255;5;0;true
AN03566-11;gid://shopify/ProductVariant/46393470026023;5;0;true
AN03566-12;gid://shopify/ProductVariant/46393470058791;5;0;true
AN03566-13;gid://shopify/ProductVariant/46393470091559;5;0;true
AN03566-14;gid://shopify/ProductVariant/46393470124327;5;0;true
AN03566-15;gid://shopify/ProductVariant/46393470157095;5;0;true
AN03566-16;gid://shopify/ProductVariant/46393470189863;5;0;true
AN03566-17;gid://shopify/ProductVariant/46393470222631;5;0;true
AN03566-18;gid://shopify/ProductVariant/46393470255399;5;0;true
AN03566-19;gid://shopify/ProductVariant/46393470288167;5;0;true
AN03566-20;gid://shopify/ProductVariant/46393470320935;5;0;true
AN03566-21;gid://shopify/ProductVariant/46393470386471;5;0;true
AN03566-22;gid://shopify/ProductVariant/46393470419239;5;0;true
AN03567-10;gid://shopify/ProductVariant/46393470615847;5;0;true
AN03567-11;gid://shopify/ProductVariant/46393470648615;5;0;true
AN03567-12;gid://shopify/ProductVariant/46393470681383;5;0;true
AN03567-13;gid://shopify/ProductVariant/46393470714151;5;0;true
AN03567-14;gid://shopify/ProductVariant/46393470746919;5;0;true
AN03567-15;gid://shopify/ProductVariant/46393470779687;5;0;true
AN03567-16;gid://shopify/ProductVariant/46393470812455;5;0;true
AN03567-17;gid://shopify/ProductVariant/46393470845223;5;0;true
AN03567-18;gid://shopify/ProductVariant/46393470877991;5;0;true
AN03567-19;gid://shopify/ProductVariant/46393470910759;5;0;true
AN03567-20;gid://shopify/ProductVariant/46393470943527;5;0;true
AN03567-21;gid://shopify/ProductVariant/46393470976295;5;0;true
AN03567-22;gid://shopify/ProductVariant/46393471009063;5;0;true
AN03569-10;gid://shopify/ProductVariant/46965899985191;0;0;false
AN03569-11;gid://shopify/ProductVariant/46965900017959;0;0;false
AN03569-12;gid://shopify/ProductVariant/46965900050727;0;0;false
AN03569-13;gid://shopify/ProductVariant/46965900083495;0;0;false
AN03569-14;gid://shopify/ProductVariant/46965900116263;0;0;false
AN03569-15;gid://shopify/ProductVariant/46965900149031;0;0;false
AN03569-16;gid://shopify/ProductVariant/46965900181799;0;0;false
AN03569-17;gid://shopify/ProductVariant/46965900214567;0;0;false
AN03569-18;gid://shopify/ProductVariant/46965900247335;0;0;false
AN03569-19;gid://shopify/ProductVariant/46965900280103;0;0;false
AN03569-20;gid://shopify/ProductVariant/46965900312871;0;0;false
AN03569-21;gid://shopify/ProductVariant/46965900345639;0;0;false
AN03569-22;gid://shopify/ProductVariant/46965900378407;0;0;false
AN03572-10;gid://shopify/ProductVariant/46498374975783;0;0;false
AN03572-11;gid://shopify/ProductVariant/46498375008551;0;0;false
AN03572-12;gid://shopify/ProductVariant/46498375041319;0;0;false
AN03572-13;gid://shopify/ProductVariant/46498375074087;0;0;false
AN03572-14;gid://shopify/ProductVariant/46498375106855;0;0;false
AN03572-15;gid://shopify/ProductVariant/46498375139623;0;0;false
AN03572-16;gid://shopify/ProductVariant/46498375172391;0;0;false
AN03572-17;gid://shopify/ProductVariant/46498375205159;0;0;false
AN03572-18;gid://shopify/ProductVariant/46498375237927;0;0;false
AN03572-19;gid://shopify/ProductVariant/46498375270695;0;0;false
AN03572-20;gid://shopify/ProductVariant/46498375303463;0;0;false
AN03572-21;gid://shopify/ProductVariant/46498375336231;0;0;false
AN03572-22;gid://shopify/ProductVariant/46498375368999;0;0;false
AN03573-10;gid://shopify/ProductVariant/46393521537319;0;0;false
AN03573-11;gid://shopify/ProductVariant/46393521570087;0;0;false
AN03573-12;gid://shopify/ProductVariant/46393521602855;0;0;false
AN03573-13;gid://shopify/ProductVariant/46393521635623;0;0;false
AN03573-14;gid://shopify/ProductVariant/46393521668391;0;0;false
AN03573-15;gid://shopify/ProductVariant/46393521701159;0;0;false
AN03573-16;gid://shopify/ProductVariant/46393521733927;0;0;false
AN03573-17;gid://shopify/ProductVariant/46393521766695;0;0;false
AN03573-18;gid://shopify/ProductVariant/46393521799463;0;0;false
AN03573-19;gid://shopify/ProductVariant/46393521832231;0;0;false
AN03573-20;gid://shopify/ProductVariant/46393521864999;0;0;false
AN03573-21;gid://shopify/ProductVariant/46393521897767;0;0;false
AN03573-22;gid://shopify/ProductVariant/46393521930535;0;0;false
AN03574-10;gid://shopify/ProductVariant/46393471205671;5;0;true
AN03574-11;gid://shopify/ProductVariant/46393471238439;5;0;true
AN03574-12;gid://shopify/ProductVariant/46393471271207;5;0;true
AN03574-13;gid://shopify/ProductVariant/46393471303975;5;0;true
AN03574-14;gid://shopify/ProductVariant/46393471336743;5;0;true
AN03574-15;gid://shopify/ProductVariant/46393471369511;5;0;true
AN03574-16;gid://shopify/ProductVariant/46393471402279;5;0;true
AN03574-17;gid://shopify/ProductVariant/46393471435047;5;0;true
AN03574-18;gid://shopify/ProductVariant/46393471467815;5;0;true
AN03574-19;gid://shopify/ProductVariant/46393471500583;5;0;true
AN03574-20;gid://shopify/ProductVariant/46393471533351;5;0;true
AN03574-21;gid://shopify/ProductVariant/46393471566119;5;0;true
AN03574-22;gid://shopify/ProductVariant/46393471598887;5;0;true
AN03575-10;gid://shopify/ProductVariant/46393471828263;5;0;true
AN03575-11;gid://shopify/ProductVariant/46393471861031;5;0;true
AN03575-12;gid://shopify/ProductVariant/46393471893799;5;0;true
AN03575-13;gid://shopify/ProductVariant/46393471926567;5;0;true
AN03575-14;gid://shopify/ProductVariant/46393471959335;5;0;true
AN03575-15;gid://shopify/ProductVariant/46393471992103;5;0;true
AN03575-16;gid://shopify/ProductVariant/46393472024871;5;0;true
AN03575-17;gid://shopify/ProductVariant/46393472057639;5;0;true
AN03575-18;gid://shopify/ProductVariant/46393472090407;5;0;true
AN03575-19;gid://shopify/ProductVariant/46393472123175;5;0;true
AN03575-20;gid://shopify/ProductVariant/46393472155943;5;0;true
AN03575-21;gid://shopify/ProductVariant/46393472188711;5;0;true
AN03575-22;gid://shopify/ProductVariant/46393472221479;5;0;true
AN03577-10;gid://shopify/ProductVariant/46498387755303;0;0;false
AN03577-11;gid://shopify/ProductVariant/46498387788071;0;0;false
AN03577-12;gid://shopify/ProductVariant/46498387820839;0;0;false
AN03577-13;gid://shopify/ProductVariant/46498387853607;0;0;false
AN03577-14;gid://shopify/ProductVariant/46498387886375;0;0;false
AN03577-15;gid://shopify/ProductVariant/46498387919143;0;0;false
AN03577-16;gid://shopify/ProductVariant/46498387951911;0;0;false
AN03577-17;gid://shopify/ProductVariant/46498387984679;0;0;false
AN03577-18;gid://shopify/ProductVariant/46498388017447;0;0;false
AN03577-19;gid://shopify/ProductVariant/46498388050215;0;0;false
AN03577-20;gid://shopify/ProductVariant/46498388082983;0;0;false
AN03577-21;gid://shopify/ProductVariant/46498388115751;0;0;false
AN03577-22;gid://shopify/ProductVariant/46498388148519;0;0;false
AN03578-10;gid://shopify/ProductVariant/46498388508967;0;0;false
AN03578-11;gid://shopify/ProductVariant/46498388541735;0;0;false
AN03578-12;gid://shopify/ProductVariant/46498388574503;0;0;false
AN03578-13;gid://shopify/ProductVariant/46498388607271;0;0;false
AN03578-14;gid://shopify/ProductVariant/46498388640039;0;0;false
AN03578-15;gid://shopify/ProductVariant/46498388672807;0;0;false
AN03578-16;gid://shopify/ProductVariant/46498388705575;0;0;false
AN03578-17;gid://shopify/ProductVariant/46498388738343;0;0;false
AN03578-18;gid://shopify/ProductVariant/46498388771111;0;0;false
AN03578-19;gid://shopify/ProductVariant/46498388803879;0;0;false
AN03578-20;gid://shopify/ProductVariant/46498388836647;0;0;false
AN03578-21;gid://shopify/ProductVariant/46498388869415;0;0;false
AN03578-22;gid://shopify/ProductVariant/46498388902183;0;0;false
AN03585-10;gid://shopify/ProductVariant/46393489260839;0;5;true
AN03585-11;gid://shopify/ProductVariant/46393489293607;0;5;true
AN03585-12;gid://shopify/ProductVariant/46393489326375;0;5;true
AN03585-13;gid://shopify/ProductVariant/46393489359143;0;5;true
AN03585-14;gid://shopify/ProductVariant/46393489391911;0;5;true
AN03585-15;gid://shopify/ProductVariant/46393489424679;0;5;true
AN03585-16;gid://shopify/ProductVariant/46393489457447;0;5;true
AN03585-17;gid://shopify/ProductVariant/46393489490215;0;5;true
AN03585-18;gid://shopify/ProductVariant/46393489522983;0;5;true
AN03585-19;gid://shopify/ProductVariant/46393489555751;0;5;true
AN03585-20;gid://shopify/ProductVariant/46393489588519;0;5;true
AN03585-21;gid://shopify/ProductVariant/46393489621287;0;5;true
AN03585-22;gid://shopify/ProductVariant/46393489654055;0;5;true
AN03586-10;gid://shopify/ProductVariant/46393489785127;0;5;true
AN03586-11;gid://shopify/ProductVariant/46393489817895;0;5;true
AN03586-12;gid://shopify/ProductVariant/46393489850663;0;5;true
AN03586-13;gid://shopify/ProductVariant/46393489883431;0;5;true
AN03586-14;gid://shopify/ProductVariant/46393489916199;0;5;true
AN03586-15;gid://shopify/ProductVariant/46393489948967;0;5;true
AN03586-16;gid://shopify/ProductVariant/46393489981735;0;5;true
AN03586-17;gid://shopify/ProductVariant/46393490014503;0;5;true
AN03586-18;gid://shopify/ProductVariant/46393490047271;0;5;true
AN03586-19;gid://shopify/ProductVariant/46393490080039;0;5;true
AN03586-20;gid://shopify/ProductVariant/46393490112807;0;5;true
AN03586-21;gid://shopify/ProductVariant/46393490145575;0;5;true
AN03586-22;gid://shopify/ProductVariant/46393490178343;0;5;true
AN03588-10;gid://shopify/ProductVariant/46506765123879;0;0;false
AN03588-11;gid://shopify/ProductVariant/46506765156647;0;0;false
AN03588-12;gid://shopify/ProductVariant/46506765189415;0;0;false
AN03588-13;gid://shopify/ProductVariant/46506765222183;0;0;false
AN03588-14;gid://shopify/ProductVariant/46506765254951;0;0;false
AN03588-15;gid://shopify/ProductVariant/46506765287719;0;0;false
AN03588-16;gid://shopify/ProductVariant/46506765320487;0;0;false
AN03588-17;gid://shopify/ProductVariant/46506765353255;0;0;false
AN03588-18;gid://shopify/ProductVariant/46506765386023;0;0;false
AN03588-19;gid://shopify/ProductVariant/46506765418791;0;0;false
AN03588-20;gid://shopify/ProductVariant/46506765451559;0;0;false
AN03588-21;gid://shopify/ProductVariant/46506765484327;0;0;false
AN03588-22;gid://shopify/ProductVariant/46506765517095;0;0;false
AN03604-10;gid://shopify/ProductVariant/46579528401191;0;0;false
AN03604-11;gid://shopify/ProductVariant/46579528433959;0;0;false
AN03604-12;gid://shopify/ProductVariant/46579528466727;0;0;false
AN03604-13;gid://shopify/ProductVariant/46579528499495;0;0;false
AN03604-14;gid://shopify/ProductVariant/46579528532263;0;0;false
AN03604-15;gid://shopify/ProductVariant/46579528565031;0;0;false
AN03604-16;gid://shopify/ProductVariant/46579528597799;0;0;false
AN03604-17;gid://shopify/ProductVariant/46579528630567;0;0;false
AN03604-18;gid://shopify/ProductVariant/46579528663335;0;0;false
AN03604-19;gid://shopify/ProductVariant/46579528696103;0;0;false
AN03604-20;gid://shopify/ProductVariant/46579528728871;0;0;false
AN03604-21;gid://shopify/ProductVariant/46579528761639;0;0;false
AN03604-22;gid://shopify/ProductVariant/46579528794407;0;0;false
AN03605-10;gid://shopify/ProductVariant/46579530891559;0;0;false
AN03605-11;gid://shopify/ProductVariant/46579530924327;0;0;false
AN03605-12;gid://shopify/ProductVariant/46579530957095;0;0;false
AN03605-13;gid://shopify/ProductVariant/46579530989863;0;0;false
AN03605-14;gid://shopify/ProductVariant/46579531022631;0;0;false
AN03605-15;gid://shopify/ProductVariant/46579531055399;0;0;false
AN03605-16;gid://shopify/ProductVariant/46579531088167;0;0;false
AN03605-17;gid://shopify/ProductVariant/46579531120935;0;0;false
AN03605-18;gid://shopify/ProductVariant/46579531153703;0;0;false
AN03605-19;gid://shopify/ProductVariant/46579531186471;0;0;false
AN03605-20;gid://shopify/ProductVariant/46579531219239;0;0;false
AN03605-21;gid://shopify/ProductVariant/46579531252007;0;0;false
AN03605-22;gid://shopify/ProductVariant/46579531284775;0;0;false
AN03607-10;gid://shopify/ProductVariant/46965629092135;0;0;false
AN03607-11;gid://shopify/ProductVariant/46965629124903;0;0;false
AN03607-12;gid://shopify/ProductVariant/46965629157671;0;0;false
AN03607-13;gid://shopify/ProductVariant/46965629190439;0;0;false
AN03607-14;gid://shopify/ProductVariant/46965629223207;0;0;false
AN03607-15;gid://shopify/ProductVariant/46965629255975;0;0;false
AN03607-16;gid://shopify/ProductVariant/46965629288743;0;0;false
AN03607-17;gid://shopify/ProductVariant/46965629321511;0;0;false
AN03607-18;gid://shopify/ProductVariant/46965629354279;0;0;false
AN03607-19;gid://shopify/ProductVariant/46965629387047;0;0;false
AN03607-20;gid://shopify/ProductVariant/46965629419815;0;0;false
AN03607-21;gid://shopify/ProductVariant/46965629452583;0;0;false
AN03607-22;gid://shopify/ProductVariant/46965629485351;0;0;false
AN03609-10;gid://shopify/ProductVariant/46965632500007;0;0;false
AN03609-11;gid://shopify/ProductVariant/46965632532775;0;0;false
AN03609-12;gid://shopify/ProductVariant/46965632565543;0;0;false
AN03609-13;gid://shopify/ProductVariant/46965632598311;0;0;false
AN03609-14;gid://shopify/ProductVariant/46965632631079;0;0;false
AN03609-15;gid://shopify/ProductVariant/46965632663847;0;0;false
AN03609-16;gid://shopify/ProductVariant/46965632696615;0;0;false
AN03609-17;gid://shopify/ProductVariant/46965632729383;0;0;false
AN03609-18;gid://shopify/ProductVariant/46965632762151;0;0;false
AN03609-19;gid://shopify/ProductVariant/46965632794919;0;0;false
AN03609-20;gid://shopify/ProductVariant/46965632827687;0;0;false
AN03609-21;gid://shopify/ProductVariant/46965632860455;0;0;false
AN03609-22;gid://shopify/ProductVariant/46965632893223;0;0;false
AN03610-10;gid://shopify/ProductVariant/46965633024295;0;0;false
AN03610-11;gid://shopify/ProductVariant/46965633057063;0;0;false
AN03610-12;gid://shopify/ProductVariant/46965633089831;0;0;false
AN03610-13;gid://shopify/ProductVariant/46965633122599;0;0;false
AN03610-14;gid://shopify/ProductVariant/46965633155367;0;0;false
AN03610-15;gid://shopify/ProductVariant/46965633188135;0;0;false
AN03610-16;gid://shopify/ProductVariant/46965633220903;0;0;false
AN03610-17;gid://shopify/ProductVariant/46965633253671;0;0;false
AN03610-18;gid://shopify/ProductVariant/46965633286439;0;0;false
AN03610-19;gid://shopify/ProductVariant/46965633319207;0;0;false
AN03610-20;gid://shopify/ProductVariant/46965633351975;0;0;false
AN03610-21;gid://shopify/ProductVariant/46965633384743;0;0;false
AN03610-22;gid://shopify/ProductVariant/46965633417511;0;0;false
AN03611-10;gid://shopify/ProductVariant/46965630927143;0;0;false
AN03611-11;gid://shopify/ProductVariant/46965630959911;0;0;false
AN03611-12;gid://shopify/ProductVariant/46965630992679;0;0;false
AN03611-13;gid://shopify/ProductVariant/46965631025447;0;0;false
AN03611-14;gid://shopify/ProductVariant/46965631058215;0;0;false
AN03611-15;gid://shopify/ProductVariant/46965631090983;0;0;false
AN03611-16;gid://shopify/ProductVariant/46965631123751;0;0;false
AN03611-17;gid://shopify/ProductVariant/46965631156519;0;0;false
AN03611-18;gid://shopify/ProductVariant/46965631189287;0;0;false
AN03611-19;gid://shopify/ProductVariant/46965631222055;0;0;false
AN03611-20;gid://shopify/ProductVariant/46965631254823;0;0;false
AN03611-21;gid://shopify/ProductVariant/46965631287591;0;0;false
AN03611-22;gid://shopify/ProductVariant/46965631320359;0;0;false
AN06169-10;gid://shopify/ProductVariant/46393510822183;5;0;true
AN06169-11;gid://shopify/ProductVariant/46393510854951;5;0;true
AN06169-12;gid://shopify/ProductVariant/46393510887719;5;0;true
AN06169-13;gid://shopify/ProductVariant/46393510920487;5;0;true
AN06169-14;gid://shopify/ProductVariant/46393510953255;5;0;true
AN06169-15;gid://shopify/ProductVariant/46393510986023;5;0;true
AN06169-16;gid://shopify/ProductVariant/46393511018791;5;0;true
AN06169-17;gid://shopify/ProductVariant/46393511051559;5;0;true
AN06169-18;gid://shopify/ProductVariant/46393511084327;5;0;true
AN06169-19;gid://shopify/ProductVariant/46393511117095;5;0;true
AN06169-20;gid://shopify/ProductVariant/46393511149863;5;0;true
AN06169-21;gid://shopify/ProductVariant/46393511182631;5;0;true
AN06169-22;gid://shopify/ProductVariant/46393511215399;5;0;true
AN06195-10;gid://shopify/ProductVariant/46393511248167;5;0;true
AN06195-11;gid://shopify/ProductVariant/46393511280935;5;0;true
AN06195-12;gid://shopify/ProductVariant/46393511313703;5;0;true
AN06195-13;gid://shopify/ProductVariant/46393511346471;5;0;true
AN06195-14;gid://shopify/ProductVariant/46393511379239;5;0;true
AN06195-15;gid://shopify/ProductVariant/46393511412007;5;0;true
AN06195-16;gid://shopify/ProductVariant/46393511444775;5;0;true
AN06195-17;gid://shopify/ProductVariant/46393511477543;5;0;true
AN06195-18;gid://shopify/ProductVariant/46393511510311;5;0;true
AN06195-19;gid://shopify/ProductVariant/46393511543079;5;0;true
AN06195-20;gid://shopify/ProductVariant/46393511575847;5;0;true
AN06195-21;gid://shopify/ProductVariant/46393511608615;5;0;true
AN06195-22;gid://shopify/ProductVariant/46393511641383;5;0;true
AN0791-10;gid://shopify/ProductVariant/46393476874535;5;0;true
AN0791-11;gid://shopify/ProductVariant/46393476907303;5;0;true
AN0791-12;gid://shopify/ProductVariant/46393476972839;5;0;true
AN0791-13;gid://shopify/ProductVariant/46393477038375;5;0;true
AN0791-14;gid://shopify/ProductVariant/46393477103911;5;0;true
AN0791-15;gid://shopify/ProductVariant/46393477136679;5;0;true
AN0791-16;gid://shopify/ProductVariant/46393477202215;5;0;true
AN0791-17;gid://shopify/ProductVariant/46393477267751;5;0;true
AN0791-18;gid://shopify/ProductVariant/46393477333287;5;0;true
AN0791-19;gid://shopify/ProductVariant/46393477398823;5;0;true
AN0791-20;gid://shopify/ProductVariant/46393477431591;5;0;true
AN0791-21;gid://shopify/ProductVariant/46393477497127;5;0;true
AN0791-22;gid://shopify/ProductVariant/46393477562663;5;0;true
AN0792-10;gid://shopify/ProductVariant/46393475825959;5;0;true
AN0792-11;gid://shopify/ProductVariant/46393475858727;5;0;true
AN0792-12;gid://shopify/ProductVariant/46393475891495;5;0;true
AN0792-13;gid://shopify/ProductVariant/46393475924263;5;0;true
AN0792-14;gid://shopify/ProductVariant/46393475957031;5;0;true
AN0792-15;gid://shopify/ProductVariant/46393475989799;5;0;true
AN0792-16;gid://shopify/ProductVariant/46393476022567;5;0;true
AN0792-17;gid://shopify/ProductVariant/46393476055335;5;0;true
AN0792-18;gid://shopify/ProductVariant/46393476088103;5;0;true
AN0792-19;gid://shopify/ProductVariant/46393476120871;5;0;true
AN0792-20;gid://shopify/ProductVariant/46393476153639;5;0;true
AN0792-21;gid://shopify/ProductVariant/46393476186407;5;0;true
AN0792-22;gid://shopify/ProductVariant/46393476219175;5;0;true
AN0793-10;gid://shopify/ProductVariant/46393474810151;5;0;true
AN0793-11;gid://shopify/ProductVariant/46393474842919;5;0;true
AN0793-12;gid://shopify/ProductVariant/46393474875687;5;0;true
AN0793-13;gid://shopify/ProductVariant/46393474908455;5;0;true
AN0793-14;gid://shopify/ProductVariant/46393474941223;5;0;true
AN0793-15;gid://shopify/ProductVariant/46393474973991;5;0;true
AN0793-16;gid://shopify/ProductVariant/46393475006759;5;0;true
AN0793-17;gid://shopify/ProductVariant/46393475039527;5;0;true
AN0793-18;gid://shopify/ProductVariant/46393475072295;5;0;true
AN0793-19;gid://shopify/ProductVariant/46393475105063;5;0;true
AN0793-20;gid://shopify/ProductVariant/46393475137831;5;0;true
AN0793-21;gid://shopify/ProductVariant/46393475170599;5;0;true
AN0793-22;gid://shopify/ProductVariant/46393475203367;5;0;true
BR01762;gid://shopify/ProductVariant/46965633614119;5;0;true
BR01992T;gid://shopify/ProductVariant/46355414712615;5;0;true
BR02005T;gid://shopify/ProductVariant/46336531333415;5;0;true
BR02031T;gid://shopify/ProductVariant/46497109508391;0;0;false
BR02064T;gid://shopify/ProductVariant/46336529334567;5;0;true
BR02108T;gid://shopify/ProductVariant/46336245727527;5;0;true
BR02120T;gid://shopify/ProductVariant/46336246710567;5;0;true
BR02140T;gid://shopify/ProductVariant/46355414614311;5;0;true
BR02148T;gid://shopify/ProductVariant/46336249626919;5;0;true
BR02192T;gid://shopify/ProductVariant/46336268599591;5;0;true
BR02212T;gid://shopify/ProductVariant/46336266240295;5;0;true
BR02400T;gid://shopify/ProductVariant/46336245661991;5;0;true
BR02815T;gid://shopify/ProductVariant/46496805060903;5;0;true
BR03063T;gid://shopify/ProductVariant/46355477922087;5;0;true
BR03065T;gid://shopify/ProductVariant/46355473727783;5;0;true
BR03066T;gid://shopify/ProductVariant/46355477070119;5;0;true
BR03067T;gid://shopify/ProductVariant/46355477201191;5;0;true
BR03068T;gid://shopify/ProductVariant/46965634564391;5;0;true
BR03070T;gid://shopify/ProductVariant/46355478053159;0;0;false
BR03071T;gid://shopify/ProductVariant/46355477397799;5;0;true
BR03110T;gid://shopify/ProductVariant/46355477528871;5;0;true
BR03150T;gid://shopify/ProductVariant/46355477594407;5;0;true
BR03167T;gid://shopify/ProductVariant/46336267059495;5;0;true
BR03449T;gid://shopify/ProductVariant/46336405995815;5;0;true
BR03453T;gid://shopify/ProductVariant/46355414450471;5;0;true
BR03582T;gid://shopify/ProductVariant/46336525238567;0;0;false
BR03682T;gid://shopify/ProductVariant/46336268009767;5;0;true
BR03909T;gid://shopify/ProductVariant/46496811581735;0;0;false
BR04014T;gid://shopify/ProductVariant/46330657636647;5;0;true
BR04027T;gid://shopify/ProductVariant/46331458519335;5;0;true
BR04127T;gid://shopify/ProductVariant/46330660913447;5;0;true
BR04220T;gid://shopify/ProductVariant/46336304644391;5;0;true
BR04221T;gid://shopify/ProductVariant/46336306708775;5;0;true
BR04223T;gid://shopify/ProductVariant/46336308347175;5;0;true
BR04304T;gid://shopify/ProductVariant/46336572752167;5;0;true
BR04305T;gid://shopify/ProductVariant/46336573538599;5;0;true
BR04355T;gid://shopify/ProductVariant/46331460780327;5;0;true
BR04381T;gid://shopify/ProductVariant/46355371950375;0;5;true
BR04382T;gid://shopify/ProductVariant/46355371753767;0;5;true
BR04384T;gid://shopify/ProductVariant/46355372081447;0;5;true
BR04385T;gid://shopify/ProductVariant/46355371852071;0;5;true
BR04407T;gid://shopify/ProductVariant/46497003274535;0;0;false
BR04415T;gid://shopify/ProductVariant/46355371557159;5;0;true
BR04430T;gid://shopify/ProductVariant/46497003438375;0;0;false
BR04476T;gid://shopify/ProductVariant/46334897094951;0;0;false
BR04585T;gid://shopify/ProductVariant/46496637780263;0;0;false
BR04820T;gid://shopify/ProductVariant/46336660963623;5;0;true
BR04822T;gid://shopify/ProductVariant/46336653000999;5;0;true
BR04824T;gid://shopify/ProductVariant/46336654967079;5;0;true
BR04833T;gid://shopify/ProductVariant/46336656113959;5;0;true
BR04845T;gid://shopify/ProductVariant/46336657981735;5;0;true
BR04847T;gid://shopify/ProductVariant/46336662864167;5;0;true
BR04849T;gid://shopify/ProductVariant/46336659980583;0;0;false
BR04850T;gid://shopify/ProductVariant/46336664207655;5;0;true
BR04852T;gid://shopify/ProductVariant/46336666075431;5;0;true
BR04856T;gid://shopify/ProductVariant/46336295665959;5;0;true
BR04857T;gid://shopify/ProductVariant/46336296485159;5;0;true
BR04858T;gid://shopify/ProductVariant/46512701079847;5;0;true
BR04906T;gid://shopify/ProductVariant/46355478184231;5;0;true
BR04907T;gid://shopify/ProductVariant/46355450167591;0;0;false
BR04908T;gid://shopify/ProductVariant/46355450298663;0;0;false
BR04910T;gid://shopify/ProductVariant/46355450396967;0;0;false
BR04911T;gid://shopify/ProductVariant/46355451609383;0;0;false
BR04913T;gid://shopify/ProductVariant/46355452363047;5;0;true
BR04914T;gid://shopify/ProductVariant/46355451707687;5;0;true
BR04915T;gid://shopify/ProductVariant/46355451805991;5;0;true
BR04916T;gid://shopify/ProductVariant/46355452625191;5;0;true
BR04917T;gid://shopify/ProductVariant/46355451937063;5;0;true
BR04918T;gid://shopify/ProductVariant/46355452002599;5;0;true
BR04920T;gid://shopify/ProductVariant/46355454165287;5;0;true
BR04922T;gid://shopify/ProductVariant/46355452690727;5;0;true
BR04923T;gid://shopify/ProductVariant/46355452821799;5;0;true
BR04924T;gid://shopify/ProductVariant/46355452166439;5;0;true
BR04925T;gid://shopify/ProductVariant/46355452264743;5;0;true
BR05002T;gid://shopify/ProductVariant/46355477823783;5;0;true
BR05029T;gid://shopify/ProductVariant/46965630337319;0;5;true
BR05031T;gid://shopify/ProductVariant/46355437158695;0;5;true
BR05033T;gid://shopify/ProductVariant/46355437289767;0;5;true
BR05117T;gid://shopify/ProductVariant/46331464122663;5;0;true
BR05164T;gid://shopify/ProductVariant/46497003569447;0;0;false
BR05240T;gid://shopify/ProductVariant/46355367100711;5;0;true
BR05246T;gid://shopify/ProductVariant/46497001636135;0;0;false
BR05249T;gid://shopify/ProductVariant/46355367166247;5;0;true
BR05254T;gid://shopify/ProductVariant/46355365134631;5;0;true
BR05256T;gid://shopify/ProductVariant/46355367231783;0;0;false
BR05257T;gid://shopify/ProductVariant/46355365265703;0;0;false
BR05258T;gid://shopify/ProductVariant/46355365364007;5;0;true
BR05259T;gid://shopify/ProductVariant/46355367297319;5;0;true
BR05260T;gid://shopify/ProductVariant/46355364610343;5;0;true
BR05261T;gid://shopify/ProductVariant/46355367330087;5;0;true
BR05262T;gid://shopify/ProductVariant/46355366117671;5;0;true
BR05264T;gid://shopify/ProductVariant/46355367624999;0;0;false
BR05267T;gid://shopify/ProductVariant/46355368182055;0;0;false
BR05268T;gid://shopify/ProductVariant/46355366543655;0;0;false
BR05269T;gid://shopify/ProductVariant/46355364708647;5;0;true
BR05271T;gid://shopify/ProductVariant/46355364806951;5;0;true
BR05272T;gid://shopify/ProductVariant/46355366936871;5;0;true
BR05279T;gid://shopify/ProductVariant/46355369034023;0;0;false
BR05280T;gid://shopify/ProductVariant/46355368444199;0;0;false
BR05281T;gid://shopify/ProductVariant/46355368280359;0;0;false
BR05282T;gid://shopify/ProductVariant/46355369165095;0;0;false
BR05283T;gid://shopify/ProductVariant/46355368509735;0;0;false
BR05297T;gid://shopify/ProductVariant/46496810926375;5;0;true
BR05299T;gid://shopify/ProductVariant/46355369230631;0;0;false
BR05300T;gid://shopify/ProductVariant/46355368542503;0;0;false
BR05301T;gid://shopify/ProductVariant/46336406126887;5;0;true
BR05350T;gid://shopify/ProductVariant/46355606274343;0;5;true
BR05351T;gid://shopify/ProductVariant/46355606536487;0;5;true
BR05352T;gid://shopify/ProductVariant/46355606831399;0;5;true
BR05353T;gid://shopify/ProductVariant/46355607028007;0;5;true
BR05392T;gid://shopify/ProductVariant/46355367067943;5;0;true
BR05397T;gid://shopify/ProductVariant/46496811188519;5;0;true
BR05398T;gid://shopify/ProductVariant/46335226708263;0;5;true
BR05399T;gid://shopify/ProductVariant/46335240372519;0;0;false
BR05400T;gid://shopify/ProductVariant/46335229755687;0;5;true
BR05404T;gid://shopify/ProductVariant/46335232704807;0;5;true
BR05405T;gid://shopify/ProductVariant/46335241519399;0;0;false
BR05407T;gid://shopify/ProductVariant/46335235391783;0;5;true
BR05408T;gid://shopify/ProductVariant/46335242633511;0;0;false
BR05411T;gid://shopify/ProductVariant/46335237685543;0;5;true
BR05412T;gid://shopify/ProductVariant/46335245091111;0;0;false
BR05443T;gid://shopify/ProductVariant/46355391807783;5;0;true
BR05444T;gid://shopify/ProductVariant/46355392069927;5;0;true
BR05448T;gid://shopify/ProductVariant/46355393970471;5;0;true
BR05449T;gid://shopify/ProductVariant/46355392168231;5;0;true
BR05450T;gid://shopify/ProductVariant/46355394134311;5;0;true
BR05451T;gid://shopify/ProductVariant/46355392495911;5;0;true
BR05452T;gid://shopify/ProductVariant/46355394232615;5;0;true
BR05453T;gid://shopify/ProductVariant/46355393642791;5;0;true
BR05580T;gid://shopify/ProductVariant/46336089096487;5;0;true
BR05581T;gid://shopify/ProductVariant/46336082936103;5;0;true
BR05587T;gid://shopify/ProductVariant/46496810107175;5;0;true
BR05598T;gid://shopify/ProductVariant/46355489784103;0;0;false
BR05599T;gid://shopify/ProductVariant/46355490537767;0;0;false
BR05602T;gid://shopify/ProductVariant/46335239291175;0;5;true
BR05603T;gid://shopify/ProductVariant/46336085983527;5;0;true
BR05604T;gid://shopify/ProductVariant/46336093389095;5;0;true
BR05606T;gid://shopify/ProductVariant/46335260197159;0;5;true
BR05616T;gid://shopify/ProductVariant/46336297926951;5;0;true
BR05642T;gid://shopify/ProductVariant/46336182747431;5;0;true
BR05643T;gid://shopify/ProductVariant/46336174981415;5;0;true
BR05649T;gid://shopify/ProductVariant/46336178258215;5;0;true
BR05650T;gid://shopify/ProductVariant/46336185958695;5;0;true
BR05672T;gid://shopify/ProductVariant/46497003897127;0;0;false
BR05712T;gid://shopify/ProductVariant/46496805880103;0;0;false
BR05735T;gid://shopify/ProductVariant/46496806109479;0;0;false
BR05748T;gid://shopify/ProductVariant/46497004060967;0;0;false
BR05759T;gid://shopify/ProductVariant/46512703176999;5;0;true
BR05776T;gid://shopify/ProductVariant/46965896839463;5;0;true
BR05777T;gid://shopify/ProductVariant/46336096796967;5;0;true
BR05778T;gid://shopify/ProductVariant/46336099909927;5;0;true
BR05779T;gid://shopify/ProductVariant/46336104169767;5;0;true
BR05782T;gid://shopify/ProductVariant/46355517276455;0;5;true
BR05783T;gid://shopify/ProductVariant/46355517669671;0;5;true
BR05784T;gid://shopify/ProductVariant/46355517735207;0;5;true
BR05791T;gid://shopify/ProductVariant/46336613384487;0;5;true
BR05812T;gid://shopify/ProductVariant/46332847554855;5;0;true
BR05813T;gid://shopify/ProductVariant/46332840935719;5;0;true
BR05849T;gid://shopify/ProductVariant/46355517767975;0;5;true
BR05879T;gid://shopify/ProductVariant/46336299598119;0;0;false
BR05881T;gid://shopify/ProductVariant/46336405405991;0;0;false
BR05922T;gid://shopify/ProductVariant/46496806600999;0;0;false
BR05931T;gid://shopify/ProductVariant/46334857085223;0;0;false
BR05932T;gid://shopify/ProductVariant/46334861377831;0;0;false
BR05933T;gid://shopify/ProductVariant/46334865015079;0;0;false
BR05937T;gid://shopify/ProductVariant/46334867767591;0;5;true
BR05938T;gid://shopify/ProductVariant/46334858985767;0;5;true
BR05967T;gid://shopify/ProductVariant/46512700555559;5;0;true
BR05968T;gid://shopify/ProductVariant/46497002684711;5;0;true
BR05970T;gid://shopify/ProductVariant/46512700588327;5;0;true
BR05975T;gid://shopify/ProductVariant/46497002815783;5;0;true
BR05983T;gid://shopify/ProductVariant/46355507872039;0;5;true
BR05984T;gid://shopify/ProductVariant/46355508625703;0;5;true
BR05987T;gid://shopify/ProductVariant/46355508166951;0;5;true
BR05988T;gid://shopify/ProductVariant/46355510559015;0;0;false
BR05991T;gid://shopify/ProductVariant/46355508265255;0;5;true
BR05992T;gid://shopify/ProductVariant/46355510821159;0;0;false
BR05995T;gid://shopify/ProductVariant/46355508396327;0;5;true
BR05996T;gid://shopify/ProductVariant/46355510952231;0;0;false
BR05999T;gid://shopify/ProductVariant/46355508527399;0;0;false
BR06004T;gid://shopify/ProductVariant/46355511476519;0;5;true
BR06039T;gid://shopify/ProductVariant/46336406159655;5;0;true
BR06040T;gid://shopify/ProductVariant/46336406225191;5;0;true
BR06041T;gid://shopify/ProductVariant/46336406257959;5;0;true
BR06042T;gid://shopify/ProductVariant/46336406847783;5;0;true
BR06049T;gid://shopify/ProductVariant/46355491979559;0;0;false
BR06050T;gid://shopify/ProductVariant/46355492077863;0;0;false
BR06051T;gid://shopify/ProductVariant/46355492471079;5;0;true
BR06053T;gid://shopify/ProductVariant/46355492700455;5;0;true
BR06054T;gid://shopify/ProductVariant/46355494469927;5;0;true
BR06055T;gid://shopify/ProductVariant/46355502760231;5;0;true
BR06056T;gid://shopify/ProductVariant/46355502891303;5;0;true
BR06057T;gid://shopify/ProductVariant/46355503087911;5;0;true
BR06058T;gid://shopify/ProductVariant/46355503382823;5;0;true
BR06059T;gid://shopify/ProductVariant/46355503513895;5;0;true
BR06061T;gid://shopify/ProductVariant/46355505545511;5;0;true
BR06062T;gid://shopify/ProductVariant/46355494568231;5;0;true
BR06063T;gid://shopify/ProductVariant/46355494633767;5;0;true
BR06064T;gid://shopify/ProductVariant/46355494764839;5;0;true
BR06068T;gid://shopify/ProductVariant/46355494895911;5;0;true
BR06069T;gid://shopify/ProductVariant/46355494961447;5;0;true
BR06070T;gid://shopify/ProductVariant/46355498303783;5;0;true
BR06071T;gid://shopify/ProductVariant/46355505643815;5;0;true
BR06072T;gid://shopify/ProductVariant/46355498696999;5;0;true
BR06073T;gid://shopify/ProductVariant/46355502170407;5;0;true
BR06074T;gid://shopify/ProductVariant/46355502530855;5;0;true
BR06083T;gid://shopify/ProductVariant/46496805355815;0;0;false
BR06105T;gid://shopify/ProductVariant/46355502694695;5;0;true
BR06111T;gid://shopify/ProductVariant/46336408060199;5;0;true
BR06112T;gid://shopify/ProductVariant/46497002357031;5;0;true
BR06113T;gid://shopify/ProductVariant/46497002127655;5;0;true
BR06120T;gid://shopify/ProductVariant/46336643760423;0;5;true
BR06121T;gid://shopify/ProductVariant/46336645759271;0;5;true
BR06122T;gid://shopify/ProductVariant/46336646086951;0;5;true
BR06123T;gid://shopify/ProductVariant/46496806764839;0;0;false
BR06124T;gid://shopify/ProductVariant/46497001767207;0;0;false
BR06127T;gid://shopify/ProductVariant/46496806928679;0;0;false
BR06139T;gid://shopify/ProductVariant/46496810500391;0;0;false
BR06140T;gid://shopify/ProductVariant/46496807125287;0;0;false
BR06146T;gid://shopify/ProductVariant/46496807649575;0;0;false
BR06148T;gid://shopify/ProductVariant/46496808042791;0;0;false
BR06152T;gid://shopify/ProductVariant/46355521601831;5;0;true
BR06155T;gid://shopify/ProductVariant/46355519308071;5;0;true
BR06158T;gid://shopify/ProductVariant/46355521700135;5;0;true
BR06159T;gid://shopify/ProductVariant/46355519373607;5;0;true
BR06168T;gid://shopify/ProductVariant/46355519439143;5;0;true
BR06170T;gid://shopify/ProductVariant/46355519504679;5;0;true
BR06171T;gid://shopify/ProductVariant/46355519635751;5;0;true
BR06172T;gid://shopify/ProductVariant/46355519865127;5;0;true
BR06173T;gid://shopify/ProductVariant/46355520192807;5;0;true
BR06174T;gid://shopify/ProductVariant/46355520454951;5;0;true
BR06175T;gid://shopify/ProductVariant/46355520520487;5;0;true
BR06176T;gid://shopify/ProductVariant/46355520815399;5;0;true
BR06177T;gid://shopify/ProductVariant/46355521044775;5;0;true
BR06178T;gid://shopify/ProductVariant/46355521208615;5;0;true
BR06179T;gid://shopify/ProductVariant/46355521274151;5;0;true
BR06192T;gid://shopify/ProductVariant/46355521339687;5;0;true
BR06199T;gid://shopify/ProductVariant/46497004224807;0;0;false
BR06201T;gid://shopify/ProductVariant/46496808239399;0;0;false
BR06207T;gid://shopify/ProductVariant/46356780319015;0;5;true
BR06209T;gid://shopify/ProductVariant/46356741456167;0;5;true
BR06212T;gid://shopify/ProductVariant/46356739948839;0;5;true
BR06220T;gid://shopify/ProductVariant/46496808468775;0;0;false
BR06231T;gid://shopify/ProductVariant/46497109639463;0;0;false
BR06252T;gid://shopify/ProductVariant/46355521503527;5;0;true
BR06254T;gid://shopify/ProductVariant/46497109770535;0;0;false
BR06258T;gid://shopify/ProductVariant/46336489128231;0;0;false
BR06264T;gid://shopify/ProductVariant/46497109901607;0;0;false
BR06266T;gid://shopify/ProductVariant/46496629817639;0;0;false
BR06272T;gid://shopify/ProductVariant/46965625389351;0;0;false
BR06282T;gid://shopify/ProductVariant/46334665654567;0;0;false
BR06283T;gid://shopify/ProductVariant/46334669095207;0;0;false
BR06288T;gid://shopify/ProductVariant/46496810729767;5;0;true
BR06298T;gid://shopify/ProductVariant/46336311230759;0;0;false
BR06299T;gid://shopify/ProductVariant/46335092654375;5;0;true
BR06301T;gid://shopify/ProductVariant/46335096095015;5;0;true
BR06302T;gid://shopify/ProductVariant/46335101468967;5;0;true
BR06370T;gid://shopify/ProductVariant/46497110032679;0;0;false
BR06372T;gid://shopify/ProductVariant/46335104123175;5;0;true
BR06373T;gid://shopify/ProductVariant/46335058542887;5;0;true
BR06374T;gid://shopify/ProductVariant/46335107072295;5;0;true
BR06375T;gid://shopify/ProductVariant/46335063916839;5;0;true
BR06376T;gid://shopify/ProductVariant/46335110545703;5;0;true
BR06377T;gid://shopify/ProductVariant/46335067750695;5;0;true
BR06378T;gid://shopify/ProductVariant/46335115788583;5;0;true
BR06379T;gid://shopify/ProductVariant/46335074533671;5;0;true
BR06380T;gid://shopify/ProductVariant/46335077777703;5;0;true
BR06381T;gid://shopify/ProductVariant/46335081349415;5;0;true
BR06383T;gid://shopify/ProductVariant/46496804372775;0;0;false
BR06387T;gid://shopify/ProductVariant/46335086264615;5;0;true
BR06388T;gid://shopify/ProductVariant/46335121588519;0;0;false
BR06392T;gid://shopify/ProductVariant/46336517308711;0;0;false
BR06393T;gid://shopify/ProductVariant/46497110163751;0;0;false
BR06400T;gid://shopify/ProductVariant/46965622800679;0;0;false
BR06424T;gid://shopify/ProductVariant/46496638009639;0;0;false
BR06446T;gid://shopify/ProductVariant/46497002979623;0;0;false
BR06448T;gid://shopify/ProductVariant/46496805585191;0;0;false
BR06452T;gid://shopify/ProductVariant/46355448955175;5;0;true
BR06454T;gid://shopify/ProductVariant/46355449151783;5;0;true
BR06456T;gid://shopify/ProductVariant/46496824623399;5;0;true
BR06458T;gid://shopify/ProductVariant/46496824361255;5;0;true
BR06462T;gid://shopify/ProductVariant/46496824754471;5;0;true
BR06467T;gid://shopify/ProductVariant/46497001963815;0;0;false
BR06472T;gid://shopify/ProductVariant/46336301924647;0;0;false
BR06473T;gid://shopify/ProductVariant/46336489095463;0;0;false
BR06475T;gid://shopify/ProductVariant/46496804667687;0;0;false
BR06481T;gid://shopify/ProductVariant/46965936128295;0;0;false
BR06485T;gid://shopify/ProductVariant/46355747668263;5;0;true
BR06486T;gid://shopify/ProductVariant/46355678658855;5;0;true
BR06488T;gid://shopify/ProductVariant/46355679904039;5;0;true
BR06489T;gid://shopify/ProductVariant/46355681050919;5;0;true
BR06490T;gid://shopify/ProductVariant/46355681640743;5;0;true
BR06491T;gid://shopify/ProductVariant/46355682885927;5;0;true
BR06492T;gid://shopify/ProductVariant/46355748847911;5;0;true
BR06493T;gid://shopify/ProductVariant/46355684229415;5;0;true
BR06494T;gid://shopify/ProductVariant/46355790758183;5;0;true
BR06495T;gid://shopify/ProductVariant/46355684819239;5;0;true
BR06496T;gid://shopify/ProductVariant/46355685441831;5;0;true
BR06497T;gid://shopify/ProductVariant/46355686621479;5;0;true
BR06500T;gid://shopify/ProductVariant/46355687801127;0;0;false
BR06501T;gid://shopify/ProductVariant/46355689046311;5;0;true
BR06502T;gid://shopify/ProductVariant/46355689701671;5;0;true
BR06503T;gid://shopify/ProductVariant/46355690520871;0;0;false
BR06505T;gid://shopify/ProductVariant/46965624373543;5;0;true
BR06506T;gid://shopify/ProductVariant/46355690291495;5;0;true
BR06508T;gid://shopify/ProductVariant/46355690422567;5;0;true
BR06511T;gid://shopify/ProductVariant/46497004486951;0;0;false
BR06513T;gid://shopify/ProductVariant/46336303038759;0;0;false
BR06514T;gid://shopify/ProductVariant/46496808698151;0;0;false
BR06520T;gid://shopify/ProductVariant/46497110294823;0;0;false
BR06521T;gid://shopify/ProductVariant/46497110556967;0;0;false
BR06522T;gid://shopify/ProductVariant/46355448398119;0;0;false
BR06523T;gid://shopify/ProductVariant/46497110688039;0;0;false
BR06525T;gid://shopify/ProductVariant/46512699080999;0;0;false
BR06526T;gid://shopify/ProductVariant/46512698753319;0;0;false
BR06528T;gid://shopify/ProductVariant/46497110950183;0;0;false
BR06544T;gid://shopify/ProductVariant/46355630096679;0;5;true
BR06545T;gid://shopify/ProductVariant/46355630719271;0;5;true
BR06546T;gid://shopify/ProductVariant/46355631440167;0;0;false
BR06547T;gid://shopify/ProductVariant/46355633602855;0;5;true
BR06549T;gid://shopify/ProductVariant/46355634782503;0;5;true
BR06554T;gid://shopify/ProductVariant/46355635962151;0;0;false
BR06559T;gid://shopify/ProductVariant/46355635994919;0;5;true
BR06560T;gid://shopify/ProductVariant/46355636060455;0;5;true
BR06564T;gid://shopify/ProductVariant/46496808993063;0;0;false
BR06565T;gid://shopify/ProductVariant/46496809255207;0;0;false
BR06566T;gid://shopify/ProductVariant/46496809386279;0;0;false
BR06578T;gid://shopify/ProductVariant/46965625422119;0;0;false
BR06582T;gid://shopify/ProductVariant/46965623488807;0;0;false
BR06586T;gid://shopify/ProductVariant/46965631615271;0;0;false
BR06588T;gid://shopify/ProductVariant/46965629714727;5;0;true
BR06589T;gid://shopify/ProductVariant/46965624701223;5;0;true
BR06592T;gid://shopify/ProductVariant/46579531972903;5;0;true
BR06593T;gid://shopify/ProductVariant/46579532398887;5;0;true
BR06594T;gid://shopify/ProductVariant/46579532890407;5;0;true
BR06595T;gid://shopify/ProductVariant/46579533185319;0;0;false
BR06598T;gid://shopify/ProductVariant/46965623587111;0;0;false
BR06603T;gid://shopify/ProductVariant/46965623947559;0;0;false
BR06605T;gid://shopify/ProductVariant/46965624078631;0;0;false
BR06609T;gid://shopify/ProductVariant/46965625749799;5;0;true
BR06611T;gid://shopify/ProductVariant/46965898969383;0;0;false
BR06612T;gid://shopify/ProductVariant/46965899460903;0;0;false
BR06618T;gid://shopify/ProductVariant/46579533775143;5;0;true
BR06620T;gid://shopify/ProductVariant/46579534004519;5;0;true
BR06621T;gid://shopify/ProductVariant/46579534528807;5;0;true
BR06622T;gid://shopify/ProductVariant/46579535085863;5;0;true
BR06623T;gid://shopify/ProductVariant/46579535708455;5;0;true
BR06624T;gid://shopify/ProductVariant/46579536593191;5;0;true
BR06625T;gid://shopify/ProductVariant/46579537084711;5;0;true
BR06627T;gid://shopify/ProductVariant/46579537805607;5;0;true
BR06628T;gid://shopify/ProductVariant/46579538297127;5;0;true
BR06629T;gid://shopify/ProductVariant/46579539050791;5;0;true
BR06632T;gid://shopify/ProductVariant/46579539312935;5;0;true
BR06633T;gid://shopify/ProductVariant/46579540263207;5;0;true
BR06634T;gid://shopify/ProductVariant/46579540656423;0;0;false
BR06635T;gid://shopify/ProductVariant/46579541508391;5;0;true
BR06636T;gid://shopify/ProductVariant/46581803417895;0;0;false
BR06637T;gid://shopify/ProductVariant/46579542065447;0;0;false
BR06638T;gid://shopify/ProductVariant/46579542425895;0;0;false
BR06639T;gid://shopify/ProductVariant/46965629550887;0;0;false
BR06640T;gid://shopify/ProductVariant/46965626011943;0;0;false
BR06642T;gid://shopify/ProductVariant/46965629616423;0;0;false
BR06643T;gid://shopify/ProductVariant/46965897265447;5;0;true
BR06646T;gid://shopify/ProductVariant/46965629649191;0;0;false
BR06653T;gid://shopify/ProductVariant/46965897462055;0;0;false
BR06734T;gid://shopify/ProductVariant/47863912497447;5;0;true
BR06735T;gid://shopify/ProductVariant/47863912530215;5;0;true
BR06736T;gid://shopify/ProductVariant/47863912562983;5;0;true
BR06737T;gid://shopify/ProductVariant/47863912595751;5;0;true
BR06738T;gid://shopify/ProductVariant/47863912628519;5;0;true
BR06739T;gid://shopify/ProductVariant/47863912661287;5;0;true
BR06740T;gid://shopify/ProductVariant/47863912694055;5;0;true
BR06741T;gid://shopify/ProductVariant/47863912726823;5;0;true
BR06742T;gid://shopify/ProductVariant/47863912759591;5;0;true
BR06743T;gid://shopify/ProductVariant/47863912792359;5;0;true
BR06744T;gid://shopify/ProductVariant/47863912825127;5;0;true
BR06745T;gid://shopify/ProductVariant/47863912857895;5;0;true
BR06746T;gid://shopify/ProductVariant/47863912890663;5;0;true
BR06747T;gid://shopify/ProductVariant/47863912923431;5;0;true
BR06748T;gid://shopify/ProductVariant/47863912956199;5;0;true
BR06749T;gid://shopify/ProductVariant/47863912988967;5;0;true
BR06750T;gid://shopify/ProductVariant/47863913021735;5;0;true
BR06751T;gid://shopify/ProductVariant/47863913054503;5;0;true
BR06752T;gid://shopify/ProductVariant/47863913087271;5;0;true
BR06753T;gid://shopify/ProductVariant/47863913120039;5;0;true
BR06754T;gid://shopify/ProductVariant/47863913152807;5;0;true
BR06755T;gid://shopify/ProductVariant/47863913185575;5;0;true
BR06756T;gid://shopify/ProductVariant/47863913218343;5;0;true
BR06757T;gid://shopify/ProductVariant/47863913251111;5;0;true
BR06758T;gid://shopify/ProductVariant/47863913283879;5;0;true
BR06759T;gid://shopify/ProductVariant/47863913316647;5;0;true
BR06760T;gid://shopify/ProductVariant/47863821992231;5;0;true
BR06761T;gid://shopify/ProductVariant/47863822057767;5;0;true
BR06762T;gid://shopify/ProductVariant/47863822090535;5;0;true
BR06763T;gid://shopify/ProductVariant/47863822123303;5;0;true
BR06764T;gid://shopify/ProductVariant/47863822156071;5;0;true
BR06765T;gid://shopify/ProductVariant/47863822188839;5;0;true
BR06766T;gid://shopify/ProductVariant/47863822221607;5;0;true
BR06767T;gid://shopify/ProductVariant/47863822254375;5;0;true
BR06768T;gid://shopify/ProductVariant/47863822287143;5;0;true
BR06769T;gid://shopify/ProductVariant/47863822319911;5;0;true
BR06770T;gid://shopify/ProductVariant/47863822352679;5;0;true
BR06771T;gid://shopify/ProductVariant/47863822385447;5;0;true
BR06772T;gid://shopify/ProductVariant/47863822418215;5;0;true
BR06773T;gid://shopify/ProductVariant/47863822450983;5;0;true
BR06774T;gid://shopify/ProductVariant/47863822483751;5;0;true
BR06775T;gid://shopify/ProductVariant/47863822516519;5;0;true
BR06776T;gid://shopify/ProductVariant/47863822549287;5;0;true
BR06777T;gid://shopify/ProductVariant/47863822582055;5;0;true
BR06778T;gid://shopify/ProductVariant/47863822614823;5;0;true
BR06779T;gid://shopify/ProductVariant/47863822647591;5;0;true
BR06780T;gid://shopify/ProductVariant/47863822680359;5;0;true
BR06781T;gid://shopify/ProductVariant/47863822713127;5;0;true
BR06783T;gid://shopify/ProductVariant/47863822778663;5;0;true
BR06784T;gid://shopify/ProductVariant/47863822811431;5;0;true
BR06785T;gid://shopify/ProductVariant/47863822844199;5;0;true
BR06797T;gid://shopify/ProductVariant/47864052187431;5;0;true
BR06819T;gid://shopify/ProductVariant/47863784341799;5;0;true
BR06820T;gid://shopify/ProductVariant/47863784374567;5;0;true
BR06821T;gid://shopify/ProductVariant/47863784407335;5;0;true
BR06822T;gid://shopify/ProductVariant/47863784440103;5;0;true
BR06823T;gid://shopify/ProductVariant/47863784472871;5;0;true
BR06824T;gid://shopify/ProductVariant/47863784505639;5;0;true
BR06825T;gid://shopify/ProductVariant/47863784538407;5;0;true
BR06826T;gid://shopify/ProductVariant/47863784571175;5;0;true
BR06827T;gid://shopify/ProductVariant/47863784603943;5;0;true
BR06828T;gid://shopify/ProductVariant/47863784636711;5;0;true
BR06829T;gid://shopify/ProductVariant/47863784669479;5;0;true
BR06830T;gid://shopify/ProductVariant/47863784702247;5;0;true
BR06831T;gid://shopify/ProductVariant/47863784735015;5;0;true
BR06832T;gid://shopify/ProductVariant/47863784767783;5;0;true
BR06833T;gid://shopify/ProductVariant/47863784800551;5;0;true
BR06834T;gid://shopify/ProductVariant/47863784833319;5;0;true
BR06835T;gid://shopify/ProductVariant/47863784866087;5;0;true
BR06836T;gid://shopify/ProductVariant/47863784898855;5;0;true
BR06837T;gid://shopify/ProductVariant/47863784964391;5;0;true
BR06838T;gid://shopify/ProductVariant/47863785029927;5;0;true
BR06839T;gid://shopify/ProductVariant/47863785128231;5;0;true
BR06840T;gid://shopify/ProductVariant/47863785193767;5;0;true
BR06841T;gid://shopify/ProductVariant/47863785259303;5;0;true
BR06842T;gid://shopify/ProductVariant/47863785324839;5;0;true
BR06843T;gid://shopify/ProductVariant/47863785357607;5;0;true
BR06844T;gid://shopify/ProductVariant/47863785390375;5;0;true
BR06845T;gid://shopify/ProductVariant/47863822745895;5;0;true
BR06859T;gid://shopify/ProductVariant/48186383434023;0;5;true
BR06860T;gid://shopify/ProductVariant/48186388185383;0;5;true
CL00016;gid://shopify/ProductVariant/46336255263015;5;0;true
CL00098;gid://shopify/ProductVariant/46336537854247;5;0;true
CL00330;gid://shopify/ProductVariant/46336546799911;5;0;true
CL00331;gid://shopify/ProductVariant/46336536477991;5;0;true
CL00332;gid://shopify/ProductVariant/46336542605607;5;0;true
CL00730;gid://shopify/ProductVariant/46336540541223;5;0;true
CL00737;gid://shopify/ProductVariant/46355415073063;0;0;false
CL00774;gid://shopify/ProductVariant/46496813121831;0;0;false
CL00999;gid://shopify/ProductVariant/46336253985063;5;0;true
CL01000;gid://shopify/ProductVariant/46336250675495;5;0;true
CL01040;gid://shopify/ProductVariant/46355414941991;5;0;true
CL01042;gid://shopify/ProductVariant/46336251560231;5;0;true
CL01100;gid://shopify/ProductVariant/46336252641575;0;0;false
CL01116;gid://shopify/ProductVariant/46356887142695;0;5;true
CL01124;gid://shopify/ProductVariant/46512701243687;5;0;true
CL01125;gid://shopify/ProductVariant/46512701341991;5;0;true
CL01131;gid://shopify/ProductVariant/46512701374759;5;0;true
CL01132;gid://shopify/ProductVariant/46512701407527;5;0;true
CL01133;gid://shopify/ProductVariant/46356885307687;5;0;true
CL01134;gid://shopify/ProductVariant/46356883669287;5;0;true
CL01285;gid://shopify/ProductVariant/46336573833511;5;0;true
CL01286;gid://shopify/ProductVariant/46336574161191;5;0;true
CL01318;gid://shopify/ProductVariant/46355372966183;0;5;true
CL01373;gid://shopify/ProductVariant/46965897789735;5;0;true
CL01407;gid://shopify/ProductVariant/46496816169255;0;0;false
CL01438;gid://shopify/ProductVariant/46336140837159;5;0;true
CL01440;gid://shopify/ProductVariant/46965622997287;0;0;false
CL01442;gid://shopify/ProductVariant/46336129794343;5;0;true
CL01443;gid://shopify/ProductVariant/46336121569575;5;0;true
CL01446;gid://shopify/ProductVariant/46336144146727;5;0;true
CL01447;gid://shopify/ProductVariant/46336133431591;0;0;false
CL01448;gid://shopify/ProductVariant/46336149192999;5;0;true
CL01449;gid://shopify/ProductVariant/46336136773927;5;0;true
CL01450;gid://shopify/ProductVariant/46336123502887;5;0;true
CL01451;gid://shopify/ProductVariant/46336139165991;5;0;true
CL01452;gid://shopify/ProductVariant/46336152437031;5;0;true
CL01514;gid://shopify/ProductVariant/46965623226663;5;0;true
CL02027;gid://shopify/ProductVariant/46496813908263;0;0;false
CL02030;gid://shopify/ProductVariant/46496814367015;0;0;false
CL03641;gid://shopify/ProductVariant/46336139264295;5;0;true
CL03642;gid://shopify/ProductVariant/46336139493671;5;0;true
CL03643;gid://shopify/ProductVariant/46336139559207;5;0;true
CL03645;gid://shopify/ProductVariant/46336139657511;5;0;true
CL03693;gid://shopify/ProductVariant/46336667812135;5;0;true
CL03712;gid://shopify/ProductVariant/46336673612071;5;0;true
CL03716;gid://shopify/ProductVariant/46336675283239;5;0;true
CL03749;gid://shopify/ProductVariant/46496815612199;5;0;true
CL03832;gid://shopify/ProductVariant/46355454099751;5;0;true
CL03837;gid://shopify/ProductVariant/46355453640999;5;0;true
CL03838;gid://shopify/ProductVariant/46355453772071;5;0;true
CL03879;gid://shopify/ProductVariant/46355437584679;0;5;true
CL03882;gid://shopify/ProductVariant/46496814596391;0;0;false
CL03883;gid://shopify/ProductVariant/46965626077479;0;0;false
CL03884;gid://shopify/ProductVariant/46512701112615;0;0;false
CL04022;gid://shopify/ProductVariant/46332404007207;5;0;true
CL04023;gid://shopify/ProductVariant/46332394570023;5;0;true
CL04024;gid://shopify/ProductVariant/46332407382311;5;0;true
CL04025;gid://shopify/ProductVariant/46332398502183;5;0;true
CL04100;gid://shopify/ProductVariant/46496811778343;0;0;false
CL04141;gid://shopify/ProductVariant/46965897888039;0;0;false
CL04151;gid://shopify/ProductVariant/46497004847399;0;0;false
CL04154;gid://shopify/ProductVariant/46496812794151;0;0;false
CL04175;gid://shopify/ProductVariant/46965898182951;0;0;false
CL04178;gid://shopify/ProductVariant/46335247352103;0;5;true
CL04179;gid://shopify/ProductVariant/46335255904551;0;0;false
CL04182;gid://shopify/ProductVariant/46335251644711;0;5;true
CL04197;gid://shopify/ProductVariant/46355394429223;5;0;true
CL04198;gid://shopify/ProductVariant/46355394789671;5;0;true
CL04199;gid://shopify/ProductVariant/46355394625831;0;0;false
CL04200;gid://shopify/ProductVariant/46512701440295;5;0;true
CL04201;gid://shopify/ProductVariant/46512701505831;5;0;true
CL04202;gid://shopify/ProductVariant/46512701571367;5;0;true
CL04259;gid://shopify/ProductVariant/46965900837159;0;0;false
CL04260;gid://shopify/ProductVariant/46355491062055;0;0;false
CL04279;gid://shopify/ProductVariant/46336190873895;0;0;false
CL04282;gid://shopify/ProductVariant/46965897199911;0;0;false
CL04288;gid://shopify/ProductVariant/46336188449063;0;0;false
CL04313;gid://shopify/ProductVariant/46356154155303;0;5;true
CL04314;gid://shopify/ProductVariant/46356154351911;0;5;true
CL04318;gid://shopify/ProductVariant/46336408682791;0;0;false
CL04328;gid://shopify/ProductVariant/46336427295015;0;0;false
CL04336;gid://shopify/ProductVariant/46355517899047;0;5;true
CL04429;gid://shopify/ProductVariant/46355511148839;0;5;true
CL04430;gid://shopify/ProductVariant/46355511312679;0;0;false
CL04438;gid://shopify/ProductVariant/46496818135335;0;0;false
CL04441;gid://shopify/ProductVariant/46336409796903;5;0;true
CL04442;gid://shopify/ProductVariant/46336410583335;0;0;false
CL04443;gid://shopify/ProductVariant/46336411205927;5;0;true
CL04471;gid://shopify/ProductVariant/46496812335399;0;0;false
CL04478;gid://shopify/ProductVariant/46358793257255;0;5;true
CL04479;gid://shopify/ProductVariant/46358793290023;0;5;true
CL04480;gid://shopify/ProductVariant/46336646447399;0;5;true
CL04482;gid://shopify/ProductVariant/46496814989607;0;0;false
CL04490;gid://shopify/ProductVariant/46358793322791;0;5;true
CL04525;gid://shopify/ProductVariant/46356781859111;0;5;true
CL04542;gid://shopify/ProductVariant/46497111245095;0;0;false
CL04548;gid://shopify/ProductVariant/46358729228583;0;0;false
CL04549;gid://shopify/ProductVariant/46358729261351;0;0;false
CL04550;gid://shopify/ProductVariant/46358729294119;0;0;false
CL04551;gid://shopify/ProductVariant/46334672273703;0;0;false
CL04554;gid://shopify/ProductVariant/46497111408935;0;0;false
CL04566;gid://shopify/ProductVariant/46497111507239;0;0;false
CL04567;gid://shopify/ProductVariant/46497112031527;0;0;false
CL04574;gid://shopify/ProductVariant/46496811942183;5;0;true
CL04575;gid://shopify/ProductVariant/46355414057255;0;0;false
CL04577;gid://shopify/ProductVariant/46497254015271;0;0;false
CL04586;gid://shopify/ProductVariant/46497112228135;0;0;false
CL04587;gid://shopify/ProductVariant/46965626274087;0;0;false
CL04599;gid://shopify/ProductVariant/46496812138791;5;0;true
CL04601;gid://shopify/ProductVariant/46496812499239;5;0;true
CL04604;gid://shopify/ProductVariant/46965628600615;0;5;true
CL04606;gid://shopify/ProductVariant/46496815120679;0;0;false
CL04608;gid://shopify/ProductVariant/46497112817959;0;0;false
CL04609;gid://shopify/ProductVariant/46497005044007;0;0;false
CL04612;gid://shopify/ProductVariant/46496812695847;5;0;true
CL04619;gid://shopify/ProductVariant/46355636191527;0;5;true
CL04621;gid://shopify/ProductVariant/46355636224295;0;5;true
CL04622;gid://shopify/ProductVariant/46355638059303;0;5;true
CL04631;gid://shopify/ProductVariant/46355641073959;0;5;true
CL04645;gid://shopify/ProductVariant/46965623423271;0;0;false
CL04651;gid://shopify/ProductVariant/46512703275303;0;0;false
CL04655;gid://shopify/ProductVariant/46965622571303;0;5;true
CL04658;gid://shopify/ProductVariant/46965626765607;0;0;false
CL04666;gid://shopify/ProductVariant/46965630304551;0;0;false
CL04668;gid://shopify/ProductVariant/46579542982951;0;0;false
CL04669;gid://shopify/ProductVariant/46579543834919;0;0;false
CL04671;gid://shopify/ProductVariant/46965627158823;0;0;false
CL04673;gid://shopify/ProductVariant/46965627453735;0;0;false
CL04674;gid://shopify/ProductVariant/46965627552039;0;0;false
CL04676;gid://shopify/ProductVariant/46965627650343;5;0;true
CL04677;gid://shopify/ProductVariant/46965627912487;0;0;false
CL04706;gid://shopify/ProductVariant/48186394247463;0;5;true
CL06391;gid://shopify/ProductVariant/46497112490279;0;0;false
CL06397;gid://shopify/ProductVariant/46336489390375;0;0;false
CO00012;gid://shopify/ProductVariant/46496821805351;0;0;false
CO00021;gid://shopify/ProductVariant/46496823574823;5;0;true
CO00023;gid://shopify/ProductVariant/46336260899111;5;0;true
CO01277;gid://shopify/ProductVariant/46336261521703;5;0;true
CO01278;gid://shopify/ProductVariant/46355607814439;0;5;true
CO01279;gid://shopify/ProductVariant/46355607912743;0;5;true
CO01280;gid://shopify/ProductVariant/46355608142119;0;5;true
CO01281;gid://shopify/ProductVariant/46355608273191;0;5;true
CO01282;gid://shopify/ProductVariant/46355608404263;0;5;true
CO01285;gid://shopify/ProductVariant/46512702882087;0;5;true
CO01292;gid://shopify/ProductVariant/46496821412135;5;0;true
CO01297;gid://shopify/ProductVariant/46496822853927;5;0;true
CO01305;gid://shopify/ProductVariant/46356154417447;0;5;true
CO01308;gid://shopify/ProductVariant/46356154482983;0;5;true
CO01312;gid://shopify/ProductVariant/46336259391783;5;0;true
CO01313;gid://shopify/ProductVariant/46336263815463;5;0;true
CO01314;gid://shopify/ProductVariant/46336256606503;5;0;true
CO01315;gid://shopify/ProductVariant/46336262603047;5;0;true
CO01316;gid://shopify/ProductVariant/46336259981607;5;0;true
CO01317;gid://shopify/ProductVariant/46336265126183;5;0;true
CO01318;gid://shopify/ProductVariant/46336258277671;5;0;true
CO01319;gid://shopify/ProductVariant/46496823836967;5;0;true
CO01320;gid://shopify/ProductVariant/46496823214375;5;0;true
CO01321;gid://shopify/ProductVariant/46496824131879;5;0;true
CO01322;gid://shopify/ProductVariant/46496823017767;5;0;true
CO01326;gid://shopify/ProductVariant/47846929629479;5;0;true
CO01328;gid://shopify/ProductVariant/46355691897127;5;0;true
CO01329;gid://shopify/ProductVariant/46355691143463;5;0;true
CO01330;gid://shopify/ProductVariant/46355693273383;5;0;true
CO01331;gid://shopify/ProductVariant/46355691208999;5;0;true
CO01335;gid://shopify/ProductVariant/47846935363879;5;0;true
CO01336;gid://shopify/ProductVariant/47846948307239;5;0;true
CO0746;gid://shopify/ProductVariant/46496823410983;0;0;false
CO0857;gid://shopify/ProductVariant/46336545063207;5;0;true
CO0866;gid://shopify/ProductVariant/46336537592103;5;0;true
CO0934B;gid://shopify/ProductVariant/46357420736807;5;0;true
CO0935A;gid://shopify/ProductVariant/46357420278055;5;0;true
CO0935B;gid://shopify/ProductVariant/46357420769575;5;0;true
CO0936B;gid://shopify/ProductVariant/46357420802343;5;0;true
CO0937A;gid://shopify/ProductVariant/46357420310823;5;0;true
CO0937B;gid://shopify/ProductVariant/46357420835111;5;0;true
CO0938B;gid://shopify/ProductVariant/46357420867879;5;0;true
CO0939B;gid://shopify/ProductVariant/46357420900647;5;0;true
CO0939R;gid://shopify/ProductVariant/46357419032871;0;0;false
CO0940B;gid://shopify/ProductVariant/46357420933415;5;0;true
CO0941B;gid://shopify/ProductVariant/46357420966183;5;0;true
CO0942A;gid://shopify/ProductVariant/46357420343591;5;0;true
CO0942B;gid://shopify/ProductVariant/46357420998951;5;0;true
CO0942R;gid://shopify/ProductVariant/46357419065639;0;0;false
CO0943B;gid://shopify/ProductVariant/46357421064487;5;0;true
CO0944B;gid://shopify/ProductVariant/46357421097255;5;0;true
CO0945B;gid://shopify/ProductVariant/46357421130023;5;0;true
CO0946B;gid://shopify/ProductVariant/46357421162791;5;0;true
CO0947B;gid://shopify/ProductVariant/46357421195559;5;0;true
CO0948B;gid://shopify/ProductVariant/46357421228327;5;0;true
CO0949B;gid://shopify/ProductVariant/46357421261095;5;0;true
CO0950A;gid://shopify/ProductVariant/46357420376359;5;0;true
CO0950B;gid://shopify/ProductVariant/46357421293863;5;0;true
CO0950R;gid://shopify/ProductVariant/46357419098407;0;0;false
CO0951B;gid://shopify/ProductVariant/46357421326631;5;0;true
CO0954A;gid://shopify/ProductVariant/46357420409127;5;0;true
CO0954B;gid://shopify/ProductVariant/46357421359399;5;0;true
CO0954R;gid://shopify/ProductVariant/46357419131175;0;0;false
CO0956A;gid://shopify/ProductVariant/46357420441895;5;0;true
CO0956B;gid://shopify/ProductVariant/46357421392167;5;0;true
CO0956R;gid://shopify/ProductVariant/46357419163943;0;0;false
CO0957A;gid://shopify/ProductVariant/46357420474663;5;0;true
CO0957B;gid://shopify/ProductVariant/46357421424935;5;0;true
CO0957R;gid://shopify/ProductVariant/46357419196711;0;0;false
CO0958A;gid://shopify/ProductVariant/46357420507431;5;0;true
CO0958B;gid://shopify/ProductVariant/46357421457703;5;0;true
CO0958R;gid://shopify/ProductVariant/46357419229479;0;0;false
CO0959B;gid://shopify/ProductVariant/46357421490471;5;0;true
CO0959R;gid://shopify/ProductVariant/46357419262247;0;0;false
CO0993;gid://shopify/ProductVariant/46355415236903;5;0;true
PI01062;gid://shopify/ProductVariant/46336597393703;5;0;true
PI01063;gid://shopify/ProductVariant/46336599720231;5;0;true
PI01064;gid://shopify/ProductVariant/46336588054823;5;0;true
PI01065;gid://shopify/ProductVariant/46336590315815;5;0;true
PI01066;gid://shopify/ProductVariant/46336592675111;5;0;true
PI01067;gid://shopify/ProductVariant/46336594510119;5;0;true
PI01071;gid://shopify/ProductVariant/46390856548647;0;0;false
PI01072;gid://shopify/ProductVariant/46358393225511;0;5;true
PI01073;gid://shopify/ProductVariant/46358393258279;0;5;true
PI01074;gid://shopify/ProductVariant/46358393291047;0;5;true
PI01075;gid://shopify/ProductVariant/46358393323815;0;5;true
PI01076;gid://shopify/ProductVariant/46358393356583;0;5;true
PI01077;gid://shopify/ProductVariant/46358393389351;0;5;true
PI01078;gid://shopify/ProductVariant/46358393422119;0;5;true
PI01079;gid://shopify/ProductVariant/46358393454887;0;5;true
PI01080;gid://shopify/ProductVariant/46358393487655;0;5;true
PI01081;gid://shopify/ProductVariant/46358393520423;0;5;true
PI01082;gid://shopify/ProductVariant/46358393553191;0;5;true
PI01083;gid://shopify/ProductVariant/46358393585959;0;5;true
PI01084;gid://shopify/ProductVariant/46358393618727;0;5;true
PI01085;gid://shopify/ProductVariant/46358393651495;0;5;true
PI01086;gid://shopify/ProductVariant/46358393684263;0;5;true
PI01087;gid://shopify/ProductVariant/46358393717031;0;5;true
PI01088;gid://shopify/ProductVariant/46358393749799;0;5;true
PI01089;gid://shopify/ProductVariant/46358393782567;0;5;true
PI01090;gid://shopify/ProductVariant/46358393848103;0;5;true
PI01091;gid://shopify/ProductVariant/46358393880871;0;5;true
PI01092;gid://shopify/ProductVariant/46358393913639;0;5;true
PI01093;gid://shopify/ProductVariant/46358393946407;0;5;true
PI01094;gid://shopify/ProductVariant/46358393979175;0;5;true
PI01095;gid://shopify/ProductVariant/46358394011943;0;5;true
PI01096;gid://shopify/ProductVariant/46358394044711;0;5;true
PI01097;gid://shopify/ProductVariant/46358394077479;0;5;true
PI01098;gid://shopify/ProductVariant/46358389227815;0;5;true
PI01099;gid://shopify/ProductVariant/46358389260583;0;5;true
PI01100;gid://shopify/ProductVariant/46358389293351;0;5;true
PI01101;gid://shopify/ProductVariant/46358389326119;0;5;true
PI01102;gid://shopify/ProductVariant/46358389358887;0;5;true
PI01103;gid://shopify/ProductVariant/46358389391655;0;5;true
PI01104;gid://shopify/ProductVariant/46358389424423;0;5;true
PI01105;gid://shopify/ProductVariant/46358389457191;0;5;true
PI01106;gid://shopify/ProductVariant/46358389489959;0;5;true
PI01107;gid://shopify/ProductVariant/46358389522727;0;5;true
PI01108;gid://shopify/ProductVariant/46358389555495;0;5;true
PI01109;gid://shopify/ProductVariant/46358389588263;0;5;true
PI01110;gid://shopify/ProductVariant/46358389621031;0;5;true
PI01111;gid://shopify/ProductVariant/46358389653799;0;5;true
PI01112;gid://shopify/ProductVariant/46358389686567;0;5;true
PI01113;gid://shopify/ProductVariant/46358389719335;0;5;true
PI01114;gid://shopify/ProductVariant/46358389752103;0;5;true
PI01115;gid://shopify/ProductVariant/46358389784871;0;5;true
PI01116;gid://shopify/ProductVariant/46358389817639;0;5;true
PI01117;gid://shopify/ProductVariant/46358389850407;0;5;true
PI01118;gid://shopify/ProductVariant/46358389883175;0;5;true
PI01119;gid://shopify/ProductVariant/46358389915943;0;5;true
PI01120;gid://shopify/ProductVariant/46358389948711;0;5;true
PI01121;gid://shopify/ProductVariant/46358389981479;0;5;true
PI01122;gid://shopify/ProductVariant/46358390014247;0;5;true
PI01123;gid://shopify/ProductVariant/46358390047015;0;5;true
PI01125;gid://shopify/ProductVariant/46390856712487;0;0;false
PI01127;gid://shopify/ProductVariant/46390856843559;0;0;false
PI01128;gid://shopify/ProductVariant/46390856909095;0;5;true
PI01132;gid://shopify/ProductVariant/46390856941863;0;0;false
PI01133;gid://shopify/ProductVariant/46390856974631;0;0;false
PI01134;gid://shopify/ProductVariant/46390857072935;0;0;false
PI01136;gid://shopify/ProductVariant/46390858055975;0;0;false
PI01138;gid://shopify/ProductVariant/46390858350887;0;0;false
PI01139;gid://shopify/ProductVariant/46390860906791;0;0;false
PI01141;gid://shopify/ProductVariant/46390861005095;0;5;true
PI01144;gid://shopify/ProductVariant/46965630075175;0;0;false
PI01145;gid://shopify/ProductVariant/46390876242215;0;0;false
PI01149;gid://shopify/ProductVariant/46358387949863;0;5;true
PI01150;gid://shopify/ProductVariant/46358387982631;0;5;true
PI01151;gid://shopify/ProductVariant/46358388015399;0;5;true
PI01152;gid://shopify/ProductVariant/46358388048167;0;5;true
PI01153;gid://shopify/ProductVariant/46358388080935;0;5;true
PI01154;gid://shopify/ProductVariant/46358388113703;0;5;true
PI01155;gid://shopify/ProductVariant/46358388146471;0;5;true
PI01156;gid://shopify/ProductVariant/46358388179239;0;5;true
PI01157;gid://shopify/ProductVariant/46358388212007;0;5;true
PI01158;gid://shopify/ProductVariant/46358388244775;0;5;true
PI01159;gid://shopify/ProductVariant/46358388277543;0;5;true
PI01160;gid://shopify/ProductVariant/46358388310311;0;5;true
PI01161;gid://shopify/ProductVariant/46358388343079;0;5;true
PI01162;gid://shopify/ProductVariant/46358388375847;0;5;true
PI01163;gid://shopify/ProductVariant/46358388408615;0;5;true
PI01164;gid://shopify/ProductVariant/46358388441383;0;5;true
PI01165;gid://shopify/ProductVariant/46358388474151;0;5;true
PI01166;gid://shopify/ProductVariant/46358388506919;0;5;true
PI01167;gid://shopify/ProductVariant/46358388539687;0;5;true
PI01168;gid://shopify/ProductVariant/46358388572455;0;5;true
PI01169;gid://shopify/ProductVariant/46358388605223;0;5;true
PI01170;gid://shopify/ProductVariant/46358388637991;0;5;true
PI01171;gid://shopify/ProductVariant/46358388670759;0;5;true
PI01172;gid://shopify/ProductVariant/46358388703527;0;5;true
PI01173;gid://shopify/ProductVariant/46358388736295;0;5;true
PI01174;gid://shopify/ProductVariant/46358388769063;0;5;true
PI01296;gid://shopify/ProductVariant/46390876602663;0;5;true
PI01315;gid://shopify/ProductVariant/46356159562023;0;5;true
PI01318;gid://shopify/ProductVariant/46356161265959;0;5;true
PI01319;gid://shopify/ProductVariant/46356163035431;0;0;false
PI01320;gid://shopify/ProductVariant/46356157727015;0;5;true
PI01321;gid://shopify/ProductVariant/46356154614055;0;5;true
PI01330;gid://shopify/ProductVariant/46356154712359;0;5;true
PI01331;gid://shopify/ProductVariant/46356164804903;0;5;true
PI01333;gid://shopify/ProductVariant/46356165984551;0;5;true
PI01341;gid://shopify/ProductVariant/46355511607591;0;0;false
PI01342;gid://shopify/ProductVariant/46355513737511;0;0;false
PI01345;gid://shopify/ProductVariant/46355513213223;0;0;false
PI01346;gid://shopify/ProductVariant/46355513901351;0;0;false
PI01350;gid://shopify/ProductVariant/46355513573671;0;0;false
PI01351;gid://shopify/ProductVariant/46355514261799;0;0;false
PI01364;gid://shopify/ProductVariant/46355505807655;5;0;true
PI01365;gid://shopify/ProductVariant/46355506004263;0;0;false
PI01380;gid://shopify/ProductVariant/46356804993319;0;5;true
PI01383;gid://shopify/ProductVariant/46356783464743;0;5;true
PI01387;gid://shopify/ProductVariant/46356784415015;0;0;false
PI01388;gid://shopify/ProductVariant/46356785791271;0;0;false
PI01389;gid://shopify/ProductVariant/46356787200295;0;0;false
PI01390;gid://shopify/ProductVariant/46356787626279;0;5;true
PI01391;gid://shopify/ProductVariant/46356788019495;0;0;false
PI01392;gid://shopify/ProductVariant/46356788117799;0;0;false
PI01393;gid://shopify/ProductVariant/46356788871463;0;0;false
PI01394;gid://shopify/ProductVariant/46356789297447;0;0;false
PI01395;gid://shopify/ProductVariant/46356790083879;0;0;false
PI01396;gid://shopify/ProductVariant/46356791263527;0;0;false
PI01397;gid://shopify/ProductVariant/46356792869159;0;5;true
PI01398;gid://shopify/ProductVariant/46356794474791;0;5;true
PI01405;gid://shopify/ProductVariant/46496827506983;0;0;false
PI01414;gid://shopify/ProductVariant/46496827703591;0;0;false
PI01428;gid://shopify/ProductVariant/46358265463079;0;5;true
PI01429;gid://shopify/ProductVariant/46358265495847;0;5;true
PI01430;gid://shopify/ProductVariant/46358265528615;0;5;true
PI01431;gid://shopify/ProductVariant/46358265561383;0;5;true
PI01432;gid://shopify/ProductVariant/46358265594151;0;5;true
PI01433;gid://shopify/ProductVariant/46358265626919;0;5;true
PI01434;gid://shopify/ProductVariant/46358265659687;0;5;true
PI01435;gid://shopify/ProductVariant/46358265692455;0;5;true
PI01436;gid://shopify/ProductVariant/46358265725223;0;5;true
PI01437;gid://shopify/ProductVariant/46358265757991;0;5;true
PI01438;gid://shopify/ProductVariant/46358265790759;0;5;true
PI01439;gid://shopify/ProductVariant/46358265823527;0;5;true
PI01440;gid://shopify/ProductVariant/46358265856295;0;5;true
PI01441;gid://shopify/ProductVariant/46358265889063;0;5;true
PI01442;gid://shopify/ProductVariant/46358265921831;0;5;true
PI01443;gid://shopify/ProductVariant/46358265954599;0;5;true
PI01444;gid://shopify/ProductVariant/46358265987367;0;5;true
PI01445;gid://shopify/ProductVariant/46358266020135;0;5;true
PI01446;gid://shopify/ProductVariant/46358266052903;0;5;true
PI01447;gid://shopify/ProductVariant/46358266085671;0;5;true
PI01448;gid://shopify/ProductVariant/46358266118439;0;5;true
PI01449;gid://shopify/ProductVariant/46358266151207;0;5;true
PI01450;gid://shopify/ProductVariant/46358266183975;0;5;true
PI01451;gid://shopify/ProductVariant/46358266216743;0;5;true
PI01452;gid://shopify/ProductVariant/46358266249511;0;5;true
PI01453;gid://shopify/ProductVariant/46358266282279;0;5;true
PI01457;gid://shopify/ProductVariant/46355505873191;5;0;true
PI01458;gid://shopify/ProductVariant/46496829341991;0;0;false
PI01459;gid://shopify/ProductVariant/46496830161191;0;0;false
PI01460;gid://shopify/ProductVariant/46356795621671;0;0;false
PI01461;gid://shopify/ProductVariant/46356797718823;0;0;false
PI01462;gid://shopify/ProductVariant/46356799652135;0;0;false
PI01463;gid://shopify/ProductVariant/46356800930087;0;0;false
PI01464;gid://shopify/ProductVariant/46356876001575;0;0;false
PI01465;gid://shopify/ProductVariant/46335125422375;0;0;false
PI01466;gid://shopify/ProductVariant/46356802502951;0;0;false
PI01467;gid://shopify/ProductVariant/46356803649831;0;0;false
PI01468;gid://shopify/ProductVariant/46496824918311;0;0;false
PI01473;gid://shopify/ProductVariant/46355694420263;5;0;true
PI01474;gid://shopify/ProductVariant/46355695042855;5;0;true
PI01475;gid://shopify/ProductVariant/46355696353575;5;0;true
PI01476;gid://shopify/ProductVariant/46355697565991;5;0;true
PI01477;gid://shopify/ProductVariant/46355750125863;5;0;true
PI01478;gid://shopify/ProductVariant/46355792429351;5;0;true
PI01479;gid://shopify/ProductVariant/46355699237159;5;0;true
PI01480;gid://shopify/ProductVariant/46355700482343;5;0;true
PI01481;gid://shopify/ProductVariant/46355751239975;5;0;true
PI01482;gid://shopify/ProductVariant/46355701694759;5;0;true
PI01483;gid://shopify/ProductVariant/46965625061671;0;0;false
PI01484;gid://shopify/ProductVariant/46355752517927;5;0;true
PI01486;gid://shopify/ProductVariant/46355702841639;5;0;true
PI01495;gid://shopify/ProductVariant/46355645202727;0;5;true
PI01496;gid://shopify/ProductVariant/46355669713191;0;5;true
PI01504;gid://shopify/ProductVariant/46965634924839;5;0;true
PI01520;gid://shopify/ProductVariant/47846571082023;5;0;true
PI01521;gid://shopify/ProductVariant/47846571147559;5;0;true
PI01522;gid://shopify/ProductVariant/47846571213095;5;0;true
PI01523;gid://shopify/ProductVariant/47846571278631;5;0;true
PI01524;gid://shopify/ProductVariant/47846571344167;5;0;true
PI01525;gid://shopify/ProductVariant/47846571409703;5;0;true
PI01526;gid://shopify/ProductVariant/47846571475239;5;0;true
PI01527;gid://shopify/ProductVariant/47846571540775;5;0;true
PI01528;gid://shopify/ProductVariant/47846571606311;5;0;true
PI01529;gid://shopify/ProductVariant/47846571671847;5;0;true
PI01530;gid://shopify/ProductVariant/47846571737383;5;0;true
PI01531;gid://shopify/ProductVariant/47846571802919;5;0;true
PI01532;gid://shopify/ProductVariant/47846571868455;5;0;true
PI01533;gid://shopify/ProductVariant/47846571933991;5;0;true
PI01534;gid://shopify/ProductVariant/47846571999527;5;0;true
PI01535;gid://shopify/ProductVariant/47846572065063;5;0;true
PI01536;gid://shopify/ProductVariant/47846572130599;5;0;true
PI01537;gid://shopify/ProductVariant/47846572196135;5;0;true
PI01538;gid://shopify/ProductVariant/47846572261671;5;0;true
PI01539;gid://shopify/ProductVariant/47846572327207;5;0;true
PI01540;gid://shopify/ProductVariant/47846572392743;5;0;true
PI01541;gid://shopify/ProductVariant/47846572458279;5;0;true
PI01542;gid://shopify/ProductVariant/47846572523815;5;0;true
PI01543;gid://shopify/ProductVariant/47846572589351;5;0;true
PI01544;gid://shopify/ProductVariant/47846572654887;5;0;true
PI01545;gid://shopify/ProductVariant/47846572720423;5;0;true
PI01546;gid://shopify/ProductVariant/47846527205671;5;0;true
PI01547;gid://shopify/ProductVariant/47846527271207;5;0;true
PI01548;gid://shopify/ProductVariant/47846527336743;5;0;true
PI01549;gid://shopify/ProductVariant/47846527402279;5;0;true
PI01550;gid://shopify/ProductVariant/47846527467815;5;0;true
PI01551;gid://shopify/ProductVariant/47846527533351;5;0;true
PI01552;gid://shopify/ProductVariant/47846527598887;5;0;true
PI01553;gid://shopify/ProductVariant/47846527664423;5;0;true
PI01554;gid://shopify/ProductVariant/47846527729959;5;0;true
PI01555;gid://shopify/ProductVariant/47846527795495;5;0;true
PI01556;gid://shopify/ProductVariant/47846527861031;5;0;true
PI01557;gid://shopify/ProductVariant/47846527926567;5;0;true
PI01558;gid://shopify/ProductVariant/47846527992103;5;0;true
PI01559;gid://shopify/ProductVariant/47846528057639;5;0;true
PI01560;gid://shopify/ProductVariant/47846528123175;5;0;true
PI01561;gid://shopify/ProductVariant/47846528188711;5;0;true
PI01562;gid://shopify/ProductVariant/47846528254247;5;0;true
PI01563;gid://shopify/ProductVariant/47846528319783;5;0;true
PI01564;gid://shopify/ProductVariant/47846528385319;5;0;true
PI01565;gid://shopify/ProductVariant/47846528450855;5;0;true
PI01566;gid://shopify/ProductVariant/47846528516391;5;0;true
PI01567;gid://shopify/ProductVariant/47846528581927;5;0;true
PI01568;gid://shopify/ProductVariant/47846528647463;5;0;true
PI01569;gid://shopify/ProductVariant/47846528778535;5;0;true
PI01570;gid://shopify/ProductVariant/47846528844071;5;0;true
PI01571;gid://shopify/ProductVariant/47846779912487;5;0;true
PI01572;gid://shopify/ProductVariant/47846779978023;5;0;true
PI01573;gid://shopify/ProductVariant/47846780043559;5;0;true
PI01574;gid://shopify/ProductVariant/47846780109095;5;0;true
PI01575;gid://shopify/ProductVariant/47846780174631;5;0;true
PI01576;gid://shopify/ProductVariant/47846780240167;5;0;true
PI01577;gid://shopify/ProductVariant/47846780305703;5;0;true
PI01578;gid://shopify/ProductVariant/47846780371239;5;0;true
PI01579;gid://shopify/ProductVariant/47846780436775;5;0;true
PI01580;gid://shopify/ProductVariant/47846780502311;5;0;true
PI01581;gid://shopify/ProductVariant/47846780567847;5;0;true
PI01582;gid://shopify/ProductVariant/47846780633383;5;0;true
PI01583;gid://shopify/ProductVariant/47846780698919;5;0;true
PI01584;gid://shopify/ProductVariant/47846780764455;5;0;true
PI01585;gid://shopify/ProductVariant/47846780829991;5;0;true
PI01586;gid://shopify/ProductVariant/47846780895527;5;0;true
PI01587;gid://shopify/ProductVariant/47846780961063;5;0;true
PI01588;gid://shopify/ProductVariant/47846781026599;5;0;true
PI01589;gid://shopify/ProductVariant/47846781092135;5;0;true
PI01590;gid://shopify/ProductVariant/47846781157671;5;0;true
PI01591;gid://shopify/ProductVariant/47846781223207;5;0;true
PI01592;gid://shopify/ProductVariant/47846781288743;5;0;true
PI01593;gid://shopify/ProductVariant/47846781354279;5;0;true
PI01594;gid://shopify/ProductVariant/47846781419815;5;0;true
PI01595;gid://shopify/ProductVariant/47846781485351;5;0;true
PI01596;gid://shopify/ProductVariant/47846781550887;5;0;true
PI01597;gid://shopify/ProductVariant/47846825263399;5;0;true
PI01598;gid://shopify/ProductVariant/47846825328935;5;0;true
PI01599;gid://shopify/ProductVariant/47846825394471;5;0;true
PI01600;gid://shopify/ProductVariant/47846825460007;5;0;true
PI01601;gid://shopify/ProductVariant/47846825525543;5;0;true
PI01602;gid://shopify/ProductVariant/47846825591079;5;0;true
PI01603;gid://shopify/ProductVariant/47846825656615;5;0;true
PI01604;gid://shopify/ProductVariant/47846825722151;5;0;true
PI01605;gid://shopify/ProductVariant/47846825787687;5;0;true
PI01606;gid://shopify/ProductVariant/47846825853223;5;0;true
PI01607;gid://shopify/ProductVariant/47846825918759;5;0;true
PI01608;gid://shopify/ProductVariant/47846825984295;5;0;true
PI01609;gid://shopify/ProductVariant/47846826049831;5;0;true
PI01610;gid://shopify/ProductVariant/47846826115367;5;0;true
PI01611;gid://shopify/ProductVariant/47846826180903;5;0;true
PI01612;gid://shopify/ProductVariant/47846826246439;5;0;true
PI01613;gid://shopify/ProductVariant/47846826311975;5;0;true
PI01614;gid://shopify/ProductVariant/47846826377511;5;0;true
PI01615;gid://shopify/ProductVariant/47846826443047;5;0;true
PI01616;gid://shopify/ProductVariant/47846826508583;5;0;true
PI01617;gid://shopify/ProductVariant/47846826574119;5;0;true
PI01618;gid://shopify/ProductVariant/47846826639655;5;0;true
PI01619;gid://shopify/ProductVariant/47846826705191;5;0;true
PI01620;gid://shopify/ProductVariant/47846826770727;5;0;true
PI01621;gid://shopify/ProductVariant/47846826836263;5;0;true
PI01622;gid://shopify/ProductVariant/47846826901799;5;0;true
PI01623;gid://shopify/ProductVariant/48017035002151;0;0;false
PI01624;gid://shopify/ProductVariant/48016751034663;5;0;true
PI01625;gid://shopify/ProductVariant/47846528712999;5;0;true
PI01626;gid://shopify/ProductVariant/47837848076583;0;0;false
PI01627;gid://shopify/ProductVariant/47838515757351;5;0;true
PI01628;gid://shopify/ProductVariant/47847258095911;5;0;true
PI01629;gid://shopify/ProductVariant/47847272284455;5;0;true
PI01630;gid://shopify/ProductVariant/47846904299815;5;0;true
PI01631;gid://shopify/ProductVariant/47846904365351;5;0;true
PI01632;gid://shopify/ProductVariant/47846904430887;5;0;true
PI01633;gid://shopify/ProductVariant/47846904496423;5;0;true
PI01634;gid://shopify/ProductVariant/47846904561959;5;0;true
PI01635;gid://shopify/ProductVariant/47846904627495;5;0;true
PI01636;gid://shopify/ProductVariant/47846904693031;5;0;true
PI01637;gid://shopify/ProductVariant/47846904758567;5;0;true
PI01638;gid://shopify/ProductVariant/47846904824103;5;0;true
PI01639;gid://shopify/ProductVariant/47846904889639;5;0;true
PI01640;gid://shopify/ProductVariant/47846904955175;5;0;true
PI01641;gid://shopify/ProductVariant/47846905020711;5;0;true
PI01642;gid://shopify/ProductVariant/47846905086247;5;0;true
PI01643;gid://shopify/ProductVariant/47846905151783;5;0;true
PI01644;gid://shopify/ProductVariant/47846905217319;5;0;true
PI01645;gid://shopify/ProductVariant/47846905282855;5;0;true
PI01646;gid://shopify/ProductVariant/47846905348391;5;0;true
PI01647;gid://shopify/ProductVariant/47846905413927;5;0;true
PI01648;gid://shopify/ProductVariant/47846905479463;5;0;true
PI01649;gid://shopify/ProductVariant/47846905544999;5;0;true
PI01650;gid://shopify/ProductVariant/47846905610535;5;0;true
PI01651;gid://shopify/ProductVariant/47846905676071;5;0;true
PI01652;gid://shopify/ProductVariant/47846905741607;5;0;true
PI01653;gid://shopify/ProductVariant/47846905807143;5;0;true
PI01654;gid://shopify/ProductVariant/47846905872679;5;0;true
PI01655;gid://shopify/ProductVariant/47846905938215;5;0;true
PI01656;gid://shopify/ProductVariant/47832747049255;5;0;true
PI01657;gid://shopify/ProductVariant/47832747114791;5;0;true
PI01658;gid://shopify/ProductVariant/47832747180327;5;0;true
PI01659;gid://shopify/ProductVariant/47832747245863;5;0;true
PI01660;gid://shopify/ProductVariant/47832747311399;5;0;true
PI01661;gid://shopify/ProductVariant/47832747376935;5;0;true
PI01662;gid://shopify/ProductVariant/47832747442471;5;0;true
PI01663;gid://shopify/ProductVariant/47832747508007;5;0;true
PI01664;gid://shopify/ProductVariant/47832747573543;5;0;true
PI01665;gid://shopify/ProductVariant/47832747639079;5;0;true
PI01666;gid://shopify/ProductVariant/47832747704615;5;0;true
PI01667;gid://shopify/ProductVariant/47832747770151;5;0;true
PI01668;gid://shopify/ProductVariant/47832747835687;5;0;true
PI01669;gid://shopify/ProductVariant/47832747901223;5;0;true
PI01670;gid://shopify/ProductVariant/47832747966759;5;0;true
PI01671;gid://shopify/ProductVariant/47832748032295;5;0;true
PI01672;gid://shopify/ProductVariant/47832748097831;5;0;true
PI01673;gid://shopify/ProductVariant/47832748163367;5;0;true
PI01674;gid://shopify/ProductVariant/47832748228903;5;0;true
PI01675;gid://shopify/ProductVariant/47832748294439;5;0;true
PI01676;gid://shopify/ProductVariant/47832748359975;5;0;true
PI01677;gid://shopify/ProductVariant/47832748425511;5;0;true
PI01678;gid://shopify/ProductVariant/47832748491047;5;0;true
PI01679;gid://shopify/ProductVariant/47832748556583;5;0;true
PI01680;gid://shopify/ProductVariant/47832748622119;5;0;true
PI01681;gid://shopify/ProductVariant/47832748687655;5;0;true
PI01682;gid://shopify/ProductVariant/48017050665255;0;0;false
PI01683;gid://shopify/ProductVariant/48016758702375;5;0;true
PI01684;gid://shopify/ProductVariant/48009696084263;5;0;true
PI01685;gid://shopify/ProductVariant/48009696149799;5;0;true
PI01686;gid://shopify/ProductVariant/48009696215335;5;0;true
PI01687;gid://shopify/ProductVariant/48009696280871;5;0;true
PI01688;gid://shopify/ProductVariant/48009696411943;5;0;true
PI01689;gid://shopify/ProductVariant/48009696543015;5;0;true
PI01690;gid://shopify/ProductVariant/48009696674087;5;0;true
PI01691;gid://shopify/ProductVariant/48009696837927;5;0;true
PI01692;gid://shopify/ProductVariant/48009696936231;5;0;true
PI01693;gid://shopify/ProductVariant/48009697001767;5;0;true
PI01694;gid://shopify/ProductVariant/48009697067303;5;0;true
PI01695;gid://shopify/ProductVariant/48009697132839;5;0;true
PI01696;gid://shopify/ProductVariant/48009697198375;5;0;true
PI01697;gid://shopify/ProductVariant/48009697263911;5;0;true
PI01698;gid://shopify/ProductVariant/48009697329447;5;0;true
PI01699;gid://shopify/ProductVariant/48009697394983;5;0;true
PI01700;gid://shopify/ProductVariant/48009697460519;5;0;true
PI01701;gid://shopify/ProductVariant/48009697526055;5;0;true
PI01702;gid://shopify/ProductVariant/48009697591591;5;0;true
PI01703;gid://shopify/ProductVariant/48009697657127;5;0;true
PI01704;gid://shopify/ProductVariant/48009697722663;5;0;true
PI01705;gid://shopify/ProductVariant/48009697788199;5;0;true
PI01706;gid://shopify/ProductVariant/48009697853735;5;0;true
PI01707;gid://shopify/ProductVariant/48009697919271;5;0;true
PI01708;gid://shopify/ProductVariant/48009697984807;5;0;true
PI01709;gid://shopify/ProductVariant/48009698050343;5;0;true
PI01710;gid://shopify/ProductVariant/48009807495463;5;0;true
PI01711;gid://shopify/ProductVariant/48009807692071;5;0;true
PI01712;gid://shopify/ProductVariant/48009807790375;5;0;true
PI01713;gid://shopify/ProductVariant/48009807855911;5;0;true
PI01714;gid://shopify/ProductVariant/48009807921447;5;0;true
PI01715;gid://shopify/ProductVariant/48009808019751;5;0;true
PI01716;gid://shopify/ProductVariant/48009808085287;5;0;true
PI01717;gid://shopify/ProductVariant/48009808150823;5;0;true
PI01718;gid://shopify/ProductVariant/48009808216359;5;0;true
PI01719;gid://shopify/ProductVariant/48009808281895;5;0;true
PI01720;gid://shopify/ProductVariant/48009808347431;5;0;true
PI01721;gid://shopify/ProductVariant/48009808412967;5;0;true
PI01722;gid://shopify/ProductVariant/48009808478503;5;0;true
PI01723;gid://shopify/ProductVariant/48009808544039;5;0;true
PI01724;gid://shopify/ProductVariant/48009808609575;5;0;true
PI01725;gid://shopify/ProductVariant/48009808675111;5;0;true
PI01726;gid://shopify/ProductVariant/48009808740647;5;0;true
PI01727;gid://shopify/ProductVariant/48009808806183;5;0;true
PI01728;gid://shopify/ProductVariant/48009808871719;5;0;true
PI01729;gid://shopify/ProductVariant/48009808937255;5;0;true
PI01730;gid://shopify/ProductVariant/48009809002791;5;0;true
PI01731;gid://shopify/ProductVariant/48009809199399;5;0;true
PI01732;gid://shopify/ProductVariant/48009809264935;5;0;true
PI01733;gid://shopify/ProductVariant/48009809330471;5;0;true
PI01734;gid://shopify/ProductVariant/48009809396007;5;0;true
PI01735;gid://shopify/ProductVariant/48009809461543;5;0;true
PI01736;gid://shopify/ProductVariant/48009159868711;5;0;true
PI01737;gid://shopify/ProductVariant/48009159934247;5;0;true
PI01738;gid://shopify/ProductVariant/48009159999783;5;0;true
PI01739;gid://shopify/ProductVariant/48009160065319;5;0;true
PI01740;gid://shopify/ProductVariant/48009160130855;5;0;true
PI01741;gid://shopify/ProductVariant/48009160196391;5;0;true
PI01742;gid://shopify/ProductVariant/48009160261927;5;0;true
PI01743;gid://shopify/ProductVariant/48009160327463;5;0;true
PI01744;gid://shopify/ProductVariant/48009160392999;5;0;true
PI01745;gid://shopify/ProductVariant/48009160458535;5;0;true
PI01746;gid://shopify/ProductVariant/48009160524071;5;0;true
PI01747;gid://shopify/ProductVariant/48009160589607;5;0;true
PI01748;gid://shopify/ProductVariant/48009160687911;5;0;true
PI01749;gid://shopify/ProductVariant/48009160753447;5;0;true
PI01750;gid://shopify/ProductVariant/48009160818983;5;0;true
PI01751;gid://shopify/ProductVariant/48009160884519;5;0;true
PI01752;gid://shopify/ProductVariant/48009160950055;5;0;true
PI01753;gid://shopify/ProductVariant/48009161015591;5;0;true
PI01754;gid://shopify/ProductVariant/48009161081127;5;0;true
PI01755;gid://shopify/ProductVariant/48009161146663;5;0;true
PI01756;gid://shopify/ProductVariant/48009161310503;5;0;true
PI01757;gid://shopify/ProductVariant/48009161474343;5;0;true
PI01758;gid://shopify/ProductVariant/48009161539879;5;0;true
PI01759;gid://shopify/ProductVariant/48009161703719;5;0;true
PI01760;gid://shopify/ProductVariant/48009161867559;5;0;true
PI01761;gid://shopify/ProductVariant/48009161998631;5;0;true
PI01762;gid://shopify/ProductVariant/48009293922599;5;0;true
PI01763;gid://shopify/ProductVariant/48009293988135;5;0;true
PI01764;gid://shopify/ProductVariant/48009294086439;5;0;true
PI01765;gid://shopify/ProductVariant/48009294151975;5;0;true
PI01766;gid://shopify/ProductVariant/48009294217511;5;0;true
PI01767;gid://shopify/ProductVariant/48009294283047;5;0;true
PI01768;gid://shopify/ProductVariant/48009294348583;5;0;true
PI01769;gid://shopify/ProductVariant/48009294414119;5;0;true
PI01770;gid://shopify/ProductVariant/48009294479655;5;0;true
PI01771;gid://shopify/ProductVariant/48009294545191;5;0;true
PI01772;gid://shopify/ProductVariant/48009294610727;5;0;true
PI01773;gid://shopify/ProductVariant/48009294676263;5;0;true
PI01774;gid://shopify/ProductVariant/48009294741799;5;0;true
PI01775;gid://shopify/ProductVariant/48009294807335;5;0;true
PI01776;gid://shopify/ProductVariant/48009294872871;5;0;true
PI01777;gid://shopify/ProductVariant/48009294938407;5;0;true
PI01778;gid://shopify/ProductVariant/48009295003943;5;0;true
PI01779;gid://shopify/ProductVariant/48009295069479;5;0;true
PI01780;gid://shopify/ProductVariant/48009295135015;5;0;true
PI01781;gid://shopify/ProductVariant/48009295200551;5;0;true
PI01782;gid://shopify/ProductVariant/48009295266087;5;0;true
PI01783;gid://shopify/ProductVariant/48009295331623;5;0;true
PI01784;gid://shopify/ProductVariant/48009295397159;5;0;true
PI01785;gid://shopify/ProductVariant/48009295462695;5;0;true
PI01786;gid://shopify/ProductVariant/48009295528231;5;0;true
PI01787;gid://shopify/ProductVariant/48009295593767;5;0;true
PI01788;gid://shopify/ProductVariant/48008695021863;5;0;true
PI01789;gid://shopify/ProductVariant/48008695087399;5;0;true
PI01790;gid://shopify/ProductVariant/48008695152935;5;0;true
PI01791;gid://shopify/ProductVariant/48008695218471;5;0;true
PI01792;gid://shopify/ProductVariant/48008695284007;5;0;true
PI01793;gid://shopify/ProductVariant/48008695349543;5;0;true
PI01794;gid://shopify/ProductVariant/48008695447847;5;0;true
PI01795;gid://shopify/ProductVariant/48008695513383;5;0;true
PI01796;gid://shopify/ProductVariant/48008695578919;5;0;true
PI01797;gid://shopify/ProductVariant/48008695644455;5;0;true
PI01798;gid://shopify/ProductVariant/48008695709991;5;0;true
PI01799;gid://shopify/ProductVariant/48008695775527;5;0;true
PI01800;gid://shopify/ProductVariant/48008695841063;5;0;true
PI01801;gid://shopify/ProductVariant/48008695906599;5;0;true
PI01802;gid://shopify/ProductVariant/48008695972135;5;0;true
PI01803;gid://shopify/ProductVariant/48008696037671;5;0;true
PI01804;gid://shopify/ProductVariant/48008696103207;5;0;true
PI01805;gid://shopify/ProductVariant/48008696168743;5;0;true
PI01806;gid://shopify/ProductVariant/48008696234279;5;0;true
PI01807;gid://shopify/ProductVariant/48008696299815;5;0;true
PI01808;gid://shopify/ProductVariant/48008696365351;5;0;true
PI01809;gid://shopify/ProductVariant/48008696430887;5;0;true
PI01810;gid://shopify/ProductVariant/48008696496423;5;0;true
PI01811;gid://shopify/ProductVariant/48008696561959;5;0;true
PI01812;gid://shopify/ProductVariant/48008696627495;5;0;true
PI01813;gid://shopify/ProductVariant/48008696693031;5;0;true
PI01814;gid://shopify/ProductVariant/48009909174567;5;0;true
PI01815;gid://shopify/ProductVariant/48009909240103;5;0;true
PI01816;gid://shopify/ProductVariant/48009909305639;5;0;true
PI01817;gid://shopify/ProductVariant/48009909371175;5;0;true
PI01818;gid://shopify/ProductVariant/48009909436711;5;0;true
PI01819;gid://shopify/ProductVariant/48009909502247;5;0;true
PI01820;gid://shopify/ProductVariant/48009909567783;5;0;true
PI01821;gid://shopify/ProductVariant/48009909633319;5;0;true
PI01822;gid://shopify/ProductVariant/48009909698855;5;0;true
PI01823;gid://shopify/ProductVariant/48009909764391;5;0;true
PI01824;gid://shopify/ProductVariant/48009909829927;5;0;true
PI01825;gid://shopify/ProductVariant/48009909895463;5;0;true
PI01826;gid://shopify/ProductVariant/48009909960999;5;0;true
PI01827;gid://shopify/ProductVariant/48009910026535;5;0;true
PI01828;gid://shopify/ProductVariant/48009910092071;5;0;true
PI01829;gid://shopify/ProductVariant/48009910157607;5;0;true
PI01830;gid://shopify/ProductVariant/48009910223143;5;0;true
PI01831;gid://shopify/ProductVariant/48009910288679;5;0;true
PI01832;gid://shopify/ProductVariant/48009910354215;5;0;true
PI01833;gid://shopify/ProductVariant/48009910419751;5;0;true
PI01834;gid://shopify/ProductVariant/48009910485287;5;0;true
PI01835;gid://shopify/ProductVariant/48009910550823;5;0;true
PI01836;gid://shopify/ProductVariant/48009910616359;5;0;true
PI01837;gid://shopify/ProductVariant/48009910681895;5;0;true
PI01838;gid://shopify/ProductVariant/48009910747431;5;0;true
PI01839;gid://shopify/ProductVariant/48009910812967;5;0;true
PI01840;gid://shopify/ProductVariant/47837079732519;5;0;true
PI01841;gid://shopify/ProductVariant/47837214769447;5;0;true
PI01842;gid://shopify/ProductVariant/47837350592807;5;0;true
PI01843;gid://shopify/ProductVariant/47837390602535;5;0;true
PI01844;gid://shopify/ProductVariant/47837422911783;5;0;true
PI01845;gid://shopify/ProductVariant/47837456990503;5;0;true
PI01846;gid://shopify/ProductVariant/47837471637799;5;0;true
PI01847;gid://shopify/ProductVariant/47837520724263;5;0;true
PI01848;gid://shopify/ProductVariant/47837560668455;5;0;true
PI01849;gid://shopify/ProductVariant/47837574070567;5;0;true
PI01850;gid://shopify/ProductVariant/47837600973095;5;0;true
PI01851;gid://shopify/ProductVariant/47837638132007;5;0;true
PI01852;gid://shopify/ProductVariant/47837731324199;5;0;true
PI01853;gid://shopify/ProductVariant/47837745938727;5;0;true
PI01856;gid://shopify/ProductVariant/47837840900391;5;0;true
PI01857;gid://shopify/ProductVariant/47837864591655;5;0;true
PU01003;gid://shopify/ProductVariant/46496834191655;0;0;false
PU01074T;gid://shopify/ProductVariant/46336274202919;5;0;true
PU01081T;gid://shopify/ProductVariant/46336270631207;5;0;true
PU01082T;gid://shopify/ProductVariant/46336268632359;5;0;true
PU01212T;gid://shopify/ProductVariant/46496833405223;5;0;true
PU01260T;gid://shopify/ProductVariant/46496833208615;5;0;true
PU01278T;gid://shopify/ProductVariant/46336269353255;5;0;true
PU01293T;gid://shopify/ProductVariant/46336269386023;5;0;true
PU01314T;gid://shopify/ProductVariant/46336269943079;5;0;true
PU01320T;gid://shopify/ProductVariant/46497006682407;5;0;true
PU01323T;gid://shopify/ProductVariant/46496834879783;5;0;true
PU01333T;gid://shopify/ProductVariant/46336551715111;5;0;true
PU01334T;gid://shopify/ProductVariant/46336553550119;5;0;true
PU01335T;gid://shopify/ProductVariant/46336548995367;5;0;true
PU01336T;gid://shopify/ProductVariant/46336549552423;5;0;true
PU01409T;gid://shopify/ProductVariant/46965624144167;0;0;false
PU01422T;gid://shopify/ProductVariant/46336272269607;5;0;true
PU01435T;gid://shopify/ProductVariant/46496835469607;0;0;false
PU01537T;gid://shopify/ProductVariant/46497006780711;5;0;true
PU01552T;gid://shopify/ProductVariant/46336276201767;5;0;true
PU01568T;gid://shopify/ProductVariant/46497005666599;0;0;false
PU01626T;gid://shopify/ProductVariant/46496835764519;5;0;true
PU01654T;gid://shopify/ProductVariant/46496838549799;0;5;true
PU01655T;gid://shopify/ProductVariant/46355374276903;0;5;true
PU01661T;gid://shopify/ProductVariant/46355373031719;0;5;true
PU01703T;gid://shopify/ProductVariant/46358798106919;5;0;true
PU01704T;gid://shopify/ProductVariant/46355454394663;5;0;true
PU01705T;gid://shopify/ProductVariant/46355455148327;5;0;true
PU01712T;gid://shopify/ProductVariant/46358798074151;5;0;true
PU01713T;gid://shopify/ProductVariant/46358798139687;5;0;true
PU01714T;gid://shopify/ProductVariant/46358796632359;5;0;true
PU01715T;gid://shopify/ProductVariant/46358796665127;5;0;true
PU01716T;gid://shopify/ProductVariant/46358797156647;5;0;true
PU01717T;gid://shopify/ProductVariant/46358797189415;5;0;true
PU01729T;gid://shopify/ProductVariant/46358771466535;0;5;true
PU01730T;gid://shopify/ProductVariant/46358771499303;0;5;true
PU01731T;gid://shopify/ProductVariant/46358771532071;0;5;true
PU01735T;gid://shopify/ProductVariant/46358773203239;0;5;true
PU01736T;gid://shopify/ProductVariant/46358773268775;0;5;true
PU01737T;gid://shopify/ProductVariant/46358773301543;0;5;true
PU01753T;gid://shopify/ProductVariant/46497005764903;5;0;true
PU01764T;gid://shopify/ProductVariant/46497007304999;0;0;false
PU01767T;gid://shopify/ProductVariant/46355369427239;0;0;false
PU01768T;gid://shopify/ProductVariant/46355369361703;0;0;false
PU01769T;gid://shopify/ProductVariant/46497006420263;5;0;true
PU01770T;gid://shopify/ProductVariant/46512694526247;5;0;true
PU01791T;gid://shopify/ProductVariant/46335263408423;0;5;true
PU01792T;gid://shopify/ProductVariant/46335277662503;0;0;false
PU01801T;gid://shopify/ProductVariant/46489567822119;0;5;true
PU01802T;gid://shopify/ProductVariant/46489801228583;0;0;false
PU01803T;gid://shopify/ProductVariant/46489567854887;0;5;true
PU01804T;gid://shopify/ProductVariant/46489801261351;0;0;false
PU01805T;gid://shopify/ProductVariant/46335274320167;0;5;true
PU01806T;gid://shopify/ProductVariant/46335289983271;0;0;false
PU01808T;gid://shopify/ProductVariant/46355394920743;5;0;true
PU01852T;gid://shopify/ProductVariant/46356170703143;0;5;true
PU01853T;gid://shopify/ProductVariant/46356167262503;0;5;true
PU01854T;gid://shopify/ProductVariant/46551335305511;0;5;true
PU01855T;gid://shopify/ProductVariant/46356210614567;0;5;true
PU01856T;gid://shopify/ProductVariant/46550402236711;0;5;true
PU01857T;gid://shopify/ProductVariant/46550402269479;0;5;true
PU01858T;gid://shopify/ProductVariant/46356211204391;0;5;true
PU01859T;gid://shopify/ProductVariant/46549908390183;0;5;true
PU01860T;gid://shopify/ProductVariant/46549908422951;0;5;true
PU01862T;gid://shopify/ProductVariant/46356181352743;0;0;false
PU01868T;gid://shopify/ProductVariant/46356183122215;0;5;true
PU01869T;gid://shopify/ProductVariant/46550714188071;0;0;false
PU01873T;gid://shopify/ProductVariant/46356188561703;0;0;false
PU01874T;gid://shopify/ProductVariant/46549948203303;0;0;false
PU01875T;gid://shopify/ProductVariant/46550771106087;0;5;true
PU01876T;gid://shopify/ProductVariant/46550644457767;0;5;true
PU01877T;gid://shopify/ProductVariant/46549915468071;0;5;true
PU01881T;gid://shopify/ProductVariant/46550714220839;0;0;false
PU01884T;gid://shopify/ProductVariant/46551266885927;0;0;false
PU01885T;gid://shopify/ProductVariant/46356299809063;0;0;false
PU01886T;gid://shopify/ProductVariant/46551281271079;0;0;false
PU01887T;gid://shopify/ProductVariant/46551620223271;0;0;false
PU01888T;gid://shopify/ProductVariant/46551392354599;0;0;false
PU01889T;gid://shopify/ProductVariant/46551651156263;0;0;false
PU01890T;gid://shopify/ProductVariant/46356303970599;0;0;false
PU01891T;gid://shopify/ProductVariant/46551643914535;0;0;false
PU01892T;gid://shopify/ProductVariant/46356305084711;0;5;true
PU01893T;gid://shopify/ProductVariant/46356306788647;0;0;false
PU01900T;gid://shopify/ProductVariant/46356289356071;0;5;true
PU01901T;gid://shopify/ProductVariant/46551161766183;0;5;true
PU01902T;gid://shopify/ProductVariant/46551161798951;0;5;true
PU01903T;gid://shopify/ProductVariant/46551313973543;0;5;true
PU01904T;gid://shopify/ProductVariant/46356295876903;0;5;true
PU01905T;gid://shopify/ProductVariant/46550040117543;0;5;true
PU01906T;gid://shopify/ProductVariant/46550040150311;0;5;true
PU01907T;gid://shopify/ProductVariant/46550178922791;0;5;true
PU01908T;gid://shopify/ProductVariant/46551306993959;0;5;true
PU01909T;gid://shopify/ProductVariant/46356311638311;0;5;true
PU01910T;gid://shopify/ProductVariant/46551161045287;0;5;true
PU01911T;gid://shopify/ProductVariant/46551569531175;0;5;true
PU01915T;gid://shopify/ProductVariant/46355517931815;0;5;true
PU01916T;gid://shopify/ProductVariant/46965900509479;0;0;false
PU01936T;gid://shopify/ProductVariant/46336269123879;0;0;false
PU01937T;gid://shopify/ProductVariant/46358778642727;0;5;true
PU01938T;gid://shopify/ProductVariant/46358779953447;0;0;false
PU01945T;gid://shopify/ProductVariant/46358778675495;0;5;true
PU01946T;gid://shopify/ProductVariant/46358779986215;0;0;false
PU01965T;gid://shopify/ProductVariant/46358793847079;0;5;true
PU01966T;gid://shopify/ProductVariant/46358793879847;0;5;true
PU01967T;gid://shopify/ProductVariant/46358793912615;0;5;true
PU01979T;gid://shopify/ProductVariant/46529087242535;0;5;true
PU01986T;gid://shopify/ProductVariant/46496837271847;0;0;false
PU01988T;gid://shopify/ProductVariant/46445192118567;5;0;true
PU01989T;gid://shopify/ProductVariant/46445688946983;5;0;true
PU01990T;gid://shopify/ProductVariant/46445220823335;5;0;true
PU01992T;gid://shopify/ProductVariant/46496833700135;5;0;true
PU01993T;gid://shopify/ProductVariant/46445647659303;5;0;true
PU01994T;gid://shopify/ProductVariant/46445757923623;5;0;true
PU01997T;gid://shopify/ProductVariant/46355527827751;5;0;true
PU01998T;gid://shopify/ProductVariant/46445688979751;5;0;true
PU01999T;gid://shopify/ProductVariant/46355523174695;5;0;true
PU02000T;gid://shopify/ProductVariant/46445757956391;5;0;true
PU02001T;gid://shopify/ProductVariant/46355523895591;5;0;true
PU02002T;gid://shopify/ProductVariant/46445647692071;5;0;true
PU02003T;gid://shopify/ProductVariant/46355524452647;5;0;true
PU02004T;gid://shopify/ProductVariant/46445192184103;5;0;true
PU02006T;gid://shopify/ProductVariant/46355525271847;5;0;true
PU02007T;gid://shopify/ProductVariant/46356815282471;0;5;true
PU02008T;gid://shopify/ProductVariant/46563155837223;0;5;true
PU02009T;gid://shopify/ProductVariant/46563155869991;0;5;true
PU02014T;gid://shopify/ProductVariant/46356807024935;0;5;true
PU02015T;gid://shopify/ProductVariant/46563132866855;0;5;true
PU02016T;gid://shopify/ProductVariant/46563132899623;0;5;true
PU02025T;gid://shopify/ProductVariant/46965628240167;0;0;false
PU02034T;gid://shopify/ProductVariant/46496833863975;5;0;true
PU02036T;gid://shopify/ProductVariant/46358730408231;0;0;false
PU02038T;gid://shopify/ProductVariant/46358730440999;0;0;false
PU02039T;gid://shopify/ProductVariant/46358730375463;0;0;false
PU02047T;gid://shopify/ProductVariant/46496836682023;0;0;false
PU02048T;gid://shopify/ProductVariant/46496836911399;0;0;false
PU02059T;gid://shopify/ProductVariant/46336312607015;0;0;false
PU02061T;gid://shopify/ProductVariant/46497006944551;0;0;false
PU02062T;gid://shopify/ProductVariant/46496834027815;5;0;true
PU02064T;gid://shopify/ProductVariant/46496837501223;0;0;false
PU02067T;gid://shopify/ProductVariant/46356811415847;0;5;true
PU02068T;gid://shopify/ProductVariant/46432287621415;0;5;true
PU02069T;gid://shopify/ProductVariant/46432287654183;0;5;true
PU02070T;gid://shopify/ProductVariant/46497007075623;0;0;false
PU02071T;gid://shopify/ProductVariant/46496837599527;0;0;false
PU02072T;gid://shopify/ProductVariant/46496837992743;0;0;false
PU02073T;gid://shopify/ProductVariant/46965624242471;0;0;false
PU02075T;gid://shopify/ProductVariant/46358760882471;0;5;true
PU02076T;gid://shopify/ProductVariant/46358753444135;0;5;true
PU02077T;gid://shopify/ProductVariant/46358760849703;0;5;true
PU02078T;gid://shopify/ProductVariant/46358760915239;0;5;true
PU02079T;gid://shopify/ProductVariant/46358753476903;0;5;true
PU02080T;gid://shopify/ProductVariant/46358753411367;0;5;true
PU02096T;gid://shopify/ProductVariant/46579544850727;0;0;false
PU02097T;gid://shopify/ProductVariant/46579545112871;5;0;true
PU02098T;gid://shopify/ProductVariant/46579545768231;5;0;true
PU02103T;gid://shopify/ProductVariant/46829999227175;5;0;true
PU02105T;gid://shopify/ProductVariant/46829999259943;5;0;true
PU02106T;gid://shopify/ProductVariant/46829992640807;5;0;true
PU02107T;gid://shopify/ProductVariant/46829992673575;5;0;true
PU02110T;gid://shopify/ProductVariant/48315247362343;5;0;true
PU02127T;gid://shopify/ProductVariant/47837716185383;5;0;true
PU02130T;gid://shopify/ProductVariant/47837716218151;5;0;true
PU02131T;gid://shopify/ProductVariant/47837737779495;5;0;true
PU02133T;gid://shopify/ProductVariant/47837737812263;5;0;true
PU02137T;gid://shopify/ProductVariant/47837774414119;5;0;true
PU02138T;gid://shopify/ProductVariant/47837774446887;5;0;true
PU02139T;gid://shopify/ProductVariant/48186420068647;0;5;true
PU02140T;gid://shopify/ProductVariant/48186420101415;0;5;true
PU02141T;gid://shopify/ProductVariant/48186420134183;0;5;true
PU03422T;gid://shopify/ProductVariant/46355525501223;5;0;true
PU03423T;gid://shopify/ProductVariant/46445220856103;5;0;true
PU06193T;gid://shopify/ProductVariant/46445729546535;5;0;true
PU06194T;gid://shopify/ProductVariant/46445729579303;5;0;true
TO00002;gid://shopify/ProductVariant/47855879848231;5;0;true
TO00003;gid://shopify/ProductVariant/47855911600423;5;0;true
TO00005;gid://shopify/ProductVariant/47838376395047;5;0;true
TO00007;gid://shopify/ProductVariant/47838344741159;5;0;true
TO00011;gid://shopify/ProductVariant/47855918219559;5;0;true
TO00012;gid://shopify/ProductVariant/47838388584743;5;0;true
a0249750-3ce0-44b9-b0e9-9840302df676;gid://shopify/ProductVariant/46804975714599;0;0;false
abc31587-53d3-48b6-ae63-fa2fa8872ef6;gid://shopify/ProductVariant/46804975452455;0;0;false
c2e7b053-0f89-4f59-9fa8-2fcc44bf115e;gid://shopify/ProductVariant/46804975255847;0;0;false
c3b393a9-cf5c-4a0a-b5cc-8ff3244cac38;gid://shopify/ProductVariant/46804975649063;0;0;false
c9ef75d8-b583-41f2-b198-d6dd81180e25;gid://shopify/ProductVariant/46804975223079;0;0;false
d121991f-9ede-48b2-b77f-a6085385a4c6;gid://shopify/ProductVariant/46804975550759;0;0;false
e8992b7c-4457-4388-95ba-c761f7dc7cc3;gid://shopify/ProductVariant/46804975321383;0;0;false
teste;gid://shopify/ProductVariant/46775448305959;0;0;false
